 index x y invsurf surf boundary
           1   12.500000000000000        12.500000000000000        1.6000000000000001E-003   625.00000000000000      T
           2   37.500000000000000        12.500000000000000        1.6000000000000001E-003   625.00000000000000      T
           3   62.500000000000000        12.500000000000000        1.6000000000000001E-003   625.00000000000000      T
           4   87.500000000000000        12.500000000000000        1.6000000000000001E-003   625.00000000000000      T
           5   112.50000000000000        12.500000000000000        1.6000000000000001E-003   625.00000000000000      T
           6   137.50000000000000        12.500000000000000        1.6000000000000001E-003   625.00000000000000      T
           7   162.50000000000000        12.500000000000000        1.6000000000000001E-003   625.00000000000000      T
           8   187.50000000000000        12.500000000000000        1.6000000000000001E-003   625.00000000000000      T
           9   212.50000000000000        12.500000000000000        1.6000000000000001E-003   625.00000000000000      T
          10   237.50000000000000        12.500000000000000        1.6000000000000001E-003   625.00000000000000      T
          11   262.50000000000000        12.500000000000000        1.6000000000000001E-003   625.00000000000000      T
          12   287.50000000000000        12.500000000000000        1.6000000000000001E-003   625.00000000000000      T
          13   312.50000000000000        12.500000000000000        1.6000000000000001E-003   625.00000000000000      T
          14   337.50000000000000        12.500000000000000        1.6000000000000001E-003   625.00000000000000      T
          15   362.50000000000000        12.500000000000000        1.6000000000000001E-003   625.00000000000000      T
          16   387.50000000000000        12.500000000000000        1.6000000000000001E-003   625.00000000000000      T
          17   412.50000000000000        12.500000000000000        1.6000000000000001E-003   625.00000000000000      T
          18   437.50000000000000        12.500000000000000        1.6000000000000001E-003   625.00000000000000      T
          19   462.50000000000000        12.500000000000000        1.6000000000000001E-003   625.00000000000000      T
          20   487.50000000000000        12.500000000000000        1.6000000000000001E-003   625.00000000000000      T
          21   512.50000000000000        12.500000000000000        1.6000000000000001E-003   625.00000000000000      T
          22   537.50000000000000        12.500000000000000        1.6000000000000001E-003   625.00000000000000      T
          23   562.50000000000000        12.500000000000000        1.6000000000000001E-003   625.00000000000000      T
          24   587.50000000000000        12.500000000000000        1.6000000000000001E-003   625.00000000000000      T
          25   612.50000000000000        12.500000000000000        1.6000000000000001E-003   625.00000000000000      T
          26   637.50000000000000        12.500000000000000        1.6000000000000001E-003   625.00000000000000      T
          27   662.50000000000000        12.500000000000000        1.6000000000000001E-003   625.00000000000000      T
          28   687.50000000000000        12.500000000000000        1.6000000000000001E-003   625.00000000000000      T
          29   712.50000000000000        12.500000000000000        1.6000000000000001E-003   625.00000000000000      T
          30   737.50000000000000        12.500000000000000        1.6000000000000001E-003   625.00000000000000      T
          31   762.50000000000000        12.500000000000000        1.6000000000000001E-003   625.00000000000000      T
          32   787.50000000000000        12.500000000000000        1.6000000000000001E-003   625.00000000000000      T
          33   812.50000000000000        12.500000000000000        1.6000000000000001E-003   625.00000000000000      T
          34   837.50000000000000        12.500000000000000        1.6000000000000001E-003   625.00000000000000      T
          35   862.50000000000000        12.500000000000000        1.6000000000000001E-003   625.00000000000000      T
          36   887.50000000000000        12.500000000000000        1.6000000000000001E-003   625.00000000000000      T
          37   912.50000000000000        12.500000000000000        1.6000000000000001E-003   625.00000000000000      T
          38   937.50000000000000        12.500000000000000        1.6000000000000001E-003   625.00000000000000      T
          39   962.50000000000000        12.500000000000000        1.6000000000000001E-003   625.00000000000000      T
          40   987.50000000000000        12.500000000000000        1.6000000000000001E-003   625.00000000000000      T
          41   12.500000000000000        37.500000000000000        1.6000000000000001E-003   625.00000000000000      T
          42   37.500000000000000        37.500000000000000        1.6000000000000001E-003   625.00000000000000      F
          43   62.500000000000000        37.500000000000000        1.6000000000000001E-003   625.00000000000000      F
          44   87.500000000000000        37.500000000000000        1.6000000000000001E-003   625.00000000000000      F
          45   112.50000000000000        37.500000000000000        1.6000000000000001E-003   625.00000000000000      F
          46   137.50000000000000        37.500000000000000        1.6000000000000001E-003   625.00000000000000      F
          47   162.50000000000000        37.500000000000000        1.6000000000000001E-003   625.00000000000000      F
          48   187.50000000000000        37.500000000000000        1.6000000000000001E-003   625.00000000000000      F
          49   212.50000000000000        37.500000000000000        1.6000000000000001E-003   625.00000000000000      F
          50   237.50000000000000        37.500000000000000        1.6000000000000001E-003   625.00000000000000      F
          51   262.50000000000000        37.500000000000000        1.6000000000000001E-003   625.00000000000000      F
          52   287.50000000000000        37.500000000000000        1.6000000000000001E-003   625.00000000000000      F
          53   312.50000000000000        37.500000000000000        1.6000000000000001E-003   625.00000000000000      F
          54   337.50000000000000        37.500000000000000        1.6000000000000001E-003   625.00000000000000      F
          55   362.50000000000000        37.500000000000000        1.6000000000000001E-003   625.00000000000000      F
          56   387.50000000000000        37.500000000000000        1.6000000000000001E-003   625.00000000000000      F
          57   412.50000000000000        37.500000000000000        1.6000000000000001E-003   625.00000000000000      F
          58   437.50000000000000        37.500000000000000        1.6000000000000001E-003   625.00000000000000      F
          59   462.50000000000000        37.500000000000000        1.6000000000000001E-003   625.00000000000000      F
          60   487.50000000000000        37.500000000000000        1.6000000000000001E-003   625.00000000000000      F
          61   512.50000000000000        37.500000000000000        1.6000000000000001E-003   625.00000000000000      F
          62   537.50000000000000        37.500000000000000        1.6000000000000001E-003   625.00000000000000      F
          63   562.50000000000000        37.500000000000000        1.6000000000000001E-003   625.00000000000000      F
          64   587.50000000000000        37.500000000000000        1.6000000000000001E-003   625.00000000000000      F
          65   612.50000000000000        37.500000000000000        1.6000000000000001E-003   625.00000000000000      F
          66   637.50000000000000        37.500000000000000        1.6000000000000001E-003   625.00000000000000      F
          67   662.50000000000000        37.500000000000000        1.6000000000000001E-003   625.00000000000000      F
          68   687.50000000000000        37.500000000000000        1.6000000000000001E-003   625.00000000000000      F
          69   712.50000000000000        37.500000000000000        1.6000000000000001E-003   625.00000000000000      F
          70   737.50000000000000        37.500000000000000        1.6000000000000001E-003   625.00000000000000      F
          71   762.50000000000000        37.500000000000000        1.6000000000000001E-003   625.00000000000000      F
          72   787.50000000000000        37.500000000000000        1.6000000000000001E-003   625.00000000000000      F
          73   812.50000000000000        37.500000000000000        1.6000000000000001E-003   625.00000000000000      F
          74   837.50000000000000        37.500000000000000        1.6000000000000001E-003   625.00000000000000      F
          75   862.50000000000000        37.500000000000000        1.6000000000000001E-003   625.00000000000000      F
          76   887.50000000000000        37.500000000000000        1.6000000000000001E-003   625.00000000000000      F
          77   912.50000000000000        37.500000000000000        1.6000000000000001E-003   625.00000000000000      F
          78   937.50000000000000        37.500000000000000        1.6000000000000001E-003   625.00000000000000      F
          79   962.50000000000000        37.500000000000000        1.6000000000000001E-003   625.00000000000000      F
          80   987.50000000000000        37.500000000000000        1.6000000000000001E-003   625.00000000000000      T
          81   12.500000000000000        62.500000000000000        1.6000000000000001E-003   625.00000000000000      T
          82   37.500000000000000        62.500000000000000        1.6000000000000001E-003   625.00000000000000      F
          83   62.500000000000000        62.500000000000000        1.6000000000000001E-003   625.00000000000000      F
          84   87.500000000000000        62.500000000000000        1.6000000000000001E-003   625.00000000000000      F
          85   112.50000000000000        62.500000000000000        1.6000000000000001E-003   625.00000000000000      F
          86   137.50000000000000        62.500000000000000        1.6000000000000001E-003   625.00000000000000      F
          87   162.50000000000000        62.500000000000000        1.6000000000000001E-003   625.00000000000000      F
          88   187.50000000000000        62.500000000000000        1.6000000000000001E-003   625.00000000000000      F
          89   212.50000000000000        62.500000000000000        1.6000000000000001E-003   625.00000000000000      F
          90   237.50000000000000        62.500000000000000        1.6000000000000001E-003   625.00000000000000      F
          91   262.50000000000000        62.500000000000000        1.6000000000000001E-003   625.00000000000000      F
          92   287.50000000000000        62.500000000000000        1.6000000000000001E-003   625.00000000000000      F
          93   312.50000000000000        62.500000000000000        1.6000000000000001E-003   625.00000000000000      F
          94   337.50000000000000        62.500000000000000        1.6000000000000001E-003   625.00000000000000      F
          95   362.50000000000000        62.500000000000000        1.6000000000000001E-003   625.00000000000000      F
          96   387.50000000000000        62.500000000000000        1.6000000000000001E-003   625.00000000000000      F
          97   412.50000000000000        62.500000000000000        1.6000000000000001E-003   625.00000000000000      F
          98   437.50000000000000        62.500000000000000        1.6000000000000001E-003   625.00000000000000      F
          99   462.50000000000000        62.500000000000000        1.6000000000000001E-003   625.00000000000000      F
         100   487.50000000000000        62.500000000000000        1.6000000000000001E-003   625.00000000000000      F
         101   512.50000000000000        62.500000000000000        1.6000000000000001E-003   625.00000000000000      F
         102   537.50000000000000        62.500000000000000        1.6000000000000001E-003   625.00000000000000      F
         103   562.50000000000000        62.500000000000000        1.6000000000000001E-003   625.00000000000000      F
         104   587.50000000000000        62.500000000000000        1.6000000000000001E-003   625.00000000000000      F
         105   612.50000000000000        62.500000000000000        1.6000000000000001E-003   625.00000000000000      F
         106   637.50000000000000        62.500000000000000        1.6000000000000001E-003   625.00000000000000      F
         107   662.50000000000000        62.500000000000000        1.6000000000000001E-003   625.00000000000000      F
         108   687.50000000000000        62.500000000000000        1.6000000000000001E-003   625.00000000000000      F
         109   712.50000000000000        62.500000000000000        1.6000000000000001E-003   625.00000000000000      F
         110   737.50000000000000        62.500000000000000        1.6000000000000001E-003   625.00000000000000      F
         111   762.50000000000000        62.500000000000000        1.6000000000000001E-003   625.00000000000000      F
         112   787.50000000000000        62.500000000000000        1.6000000000000001E-003   625.00000000000000      F
         113   812.50000000000000        62.500000000000000        1.6000000000000001E-003   625.00000000000000      F
         114   837.50000000000000        62.500000000000000        1.6000000000000001E-003   625.00000000000000      F
         115   862.50000000000000        62.500000000000000        1.6000000000000001E-003   625.00000000000000      F
         116   887.50000000000000        62.500000000000000        1.6000000000000001E-003   625.00000000000000      F
         117   912.50000000000000        62.500000000000000        1.6000000000000001E-003   625.00000000000000      F
         118   937.50000000000000        62.500000000000000        1.6000000000000001E-003   625.00000000000000      F
         119   962.50000000000000        62.500000000000000        1.6000000000000001E-003   625.00000000000000      F
         120   987.50000000000000        62.500000000000000        1.6000000000000001E-003   625.00000000000000      T
         121   12.500000000000000        87.500000000000000        1.6000000000000001E-003   625.00000000000000      T
         122   37.500000000000000        87.500000000000000        1.6000000000000001E-003   625.00000000000000      F
         123   62.500000000000000        87.500000000000000        1.6000000000000001E-003   625.00000000000000      F
         124   87.500000000000000        87.500000000000000        1.6000000000000001E-003   625.00000000000000      F
         125   112.50000000000000        87.500000000000000        1.6000000000000001E-003   625.00000000000000      F
         126   137.50000000000000        87.500000000000000        1.6000000000000001E-003   625.00000000000000      F
         127   162.50000000000000        87.500000000000000        1.6000000000000001E-003   625.00000000000000      F
         128   187.50000000000000        87.500000000000000        1.6000000000000001E-003   625.00000000000000      F
         129   212.50000000000000        87.500000000000000        1.6000000000000001E-003   625.00000000000000      F
         130   237.50000000000000        87.500000000000000        1.6000000000000001E-003   625.00000000000000      F
         131   262.50000000000000        87.500000000000000        1.6000000000000001E-003   625.00000000000000      F
         132   287.50000000000000        87.500000000000000        1.6000000000000001E-003   625.00000000000000      F
         133   312.50000000000000        87.500000000000000        1.6000000000000001E-003   625.00000000000000      F
         134   337.50000000000000        87.500000000000000        1.6000000000000001E-003   625.00000000000000      F
         135   362.50000000000000        87.500000000000000        1.6000000000000001E-003   625.00000000000000      F
         136   387.50000000000000        87.500000000000000        1.6000000000000001E-003   625.00000000000000      F
         137   412.50000000000000        87.500000000000000        1.6000000000000001E-003   625.00000000000000      F
         138   437.50000000000000        87.500000000000000        1.6000000000000001E-003   625.00000000000000      F
         139   462.50000000000000        87.500000000000000        1.6000000000000001E-003   625.00000000000000      F
         140   487.50000000000000        87.500000000000000        1.6000000000000001E-003   625.00000000000000      F
         141   512.50000000000000        87.500000000000000        1.6000000000000001E-003   625.00000000000000      F
         142   537.50000000000000        87.500000000000000        1.6000000000000001E-003   625.00000000000000      F
         143   562.50000000000000        87.500000000000000        1.6000000000000001E-003   625.00000000000000      F
         144   587.50000000000000        87.500000000000000        1.6000000000000001E-003   625.00000000000000      F
         145   612.50000000000000        87.500000000000000        1.6000000000000001E-003   625.00000000000000      F
         146   637.50000000000000        87.500000000000000        1.6000000000000001E-003   625.00000000000000      F
         147   662.50000000000000        87.500000000000000        1.6000000000000001E-003   625.00000000000000      F
         148   687.50000000000000        87.500000000000000        1.6000000000000001E-003   625.00000000000000      F
         149   712.50000000000000        87.500000000000000        1.6000000000000001E-003   625.00000000000000      F
         150   737.50000000000000        87.500000000000000        1.6000000000000001E-003   625.00000000000000      F
         151   762.50000000000000        87.500000000000000        1.6000000000000001E-003   625.00000000000000      F
         152   787.50000000000000        87.500000000000000        1.6000000000000001E-003   625.00000000000000      F
         153   812.50000000000000        87.500000000000000        1.6000000000000001E-003   625.00000000000000      F
         154   837.50000000000000        87.500000000000000        1.6000000000000001E-003   625.00000000000000      F
         155   862.50000000000000        87.500000000000000        1.6000000000000001E-003   625.00000000000000      F
         156   887.50000000000000        87.500000000000000        1.6000000000000001E-003   625.00000000000000      F
         157   912.50000000000000        87.500000000000000        1.6000000000000001E-003   625.00000000000000      F
         158   937.50000000000000        87.500000000000000        1.6000000000000001E-003   625.00000000000000      F
         159   962.50000000000000        87.500000000000000        1.6000000000000001E-003   625.00000000000000      F
         160   987.50000000000000        87.500000000000000        1.6000000000000001E-003   625.00000000000000      T
         161   12.500000000000000        112.50000000000000        1.6000000000000001E-003   625.00000000000000      T
         162   37.500000000000000        112.50000000000000        1.6000000000000001E-003   625.00000000000000      F
         163   62.500000000000000        112.50000000000000        1.6000000000000001E-003   625.00000000000000      F
         164   87.500000000000000        112.50000000000000        1.6000000000000001E-003   625.00000000000000      F
         165   112.50000000000000        112.50000000000000        1.6000000000000001E-003   625.00000000000000      F
         166   137.50000000000000        112.50000000000000        1.6000000000000001E-003   625.00000000000000      F
         167   162.50000000000000        112.50000000000000        1.6000000000000001E-003   625.00000000000000      F
         168   187.50000000000000        112.50000000000000        1.6000000000000001E-003   625.00000000000000      F
         169   212.50000000000000        112.50000000000000        1.6000000000000001E-003   625.00000000000000      F
         170   237.50000000000000        112.50000000000000        1.6000000000000001E-003   625.00000000000000      F
         171   262.50000000000000        112.50000000000000        1.6000000000000001E-003   625.00000000000000      F
         172   287.50000000000000        112.50000000000000        1.6000000000000001E-003   625.00000000000000      F
         173   312.50000000000000        112.50000000000000        1.6000000000000001E-003   625.00000000000000      F
         174   337.50000000000000        112.50000000000000        1.6000000000000001E-003   625.00000000000000      F
         175   362.50000000000000        112.50000000000000        1.6000000000000001E-003   625.00000000000000      F
         176   387.50000000000000        112.50000000000000        1.6000000000000001E-003   625.00000000000000      F
         177   412.50000000000000        112.50000000000000        1.6000000000000001E-003   625.00000000000000      F
         178   437.50000000000000        112.50000000000000        1.6000000000000001E-003   625.00000000000000      F
         179   462.50000000000000        112.50000000000000        1.6000000000000001E-003   625.00000000000000      F
         180   487.50000000000000        112.50000000000000        1.6000000000000001E-003   625.00000000000000      F
         181   512.50000000000000        112.50000000000000        1.6000000000000001E-003   625.00000000000000      F
         182   537.50000000000000        112.50000000000000        1.6000000000000001E-003   625.00000000000000      F
         183   562.50000000000000        112.50000000000000        1.6000000000000001E-003   625.00000000000000      F
         184   587.50000000000000        112.50000000000000        1.6000000000000001E-003   625.00000000000000      F
         185   612.50000000000000        112.50000000000000        1.6000000000000001E-003   625.00000000000000      F
         186   637.50000000000000        112.50000000000000        1.6000000000000001E-003   625.00000000000000      F
         187   662.50000000000000        112.50000000000000        1.6000000000000001E-003   625.00000000000000      F
         188   687.50000000000000        112.50000000000000        1.6000000000000001E-003   625.00000000000000      F
         189   712.50000000000000        112.50000000000000        1.6000000000000001E-003   625.00000000000000      F
         190   737.50000000000000        112.50000000000000        1.6000000000000001E-003   625.00000000000000      F
         191   762.50000000000000        112.50000000000000        1.6000000000000001E-003   625.00000000000000      F
         192   787.50000000000000        112.50000000000000        1.6000000000000001E-003   625.00000000000000      F
         193   812.50000000000000        112.50000000000000        1.6000000000000001E-003   625.00000000000000      F
         194   837.50000000000000        112.50000000000000        1.6000000000000001E-003   625.00000000000000      F
         195   862.50000000000000        112.50000000000000        1.6000000000000001E-003   625.00000000000000      F
         196   887.50000000000000        112.50000000000000        1.6000000000000001E-003   625.00000000000000      F
         197   912.50000000000000        112.50000000000000        1.6000000000000001E-003   625.00000000000000      F
         198   937.50000000000000        112.50000000000000        1.6000000000000001E-003   625.00000000000000      F
         199   962.50000000000000        112.50000000000000        1.6000000000000001E-003   625.00000000000000      F
         200   987.50000000000000        112.50000000000000        1.6000000000000001E-003   625.00000000000000      T
         201   12.500000000000000        137.50000000000000        1.6000000000000001E-003   625.00000000000000      T
         202   37.500000000000000        137.50000000000000        1.6000000000000001E-003   625.00000000000000      F
         203   62.500000000000000        137.50000000000000        1.6000000000000001E-003   625.00000000000000      F
         204   87.500000000000000        137.50000000000000        1.6000000000000001E-003   625.00000000000000      F
         205   112.50000000000000        137.50000000000000        1.6000000000000001E-003   625.00000000000000      F
         206   137.50000000000000        137.50000000000000        1.6000000000000001E-003   625.00000000000000      F
         207   162.50000000000000        137.50000000000000        1.6000000000000001E-003   625.00000000000000      F
         208   187.50000000000000        137.50000000000000        1.6000000000000001E-003   625.00000000000000      F
         209   212.50000000000000        137.50000000000000        1.6000000000000001E-003   625.00000000000000      F
         210   237.50000000000000        137.50000000000000        1.6000000000000001E-003   625.00000000000000      F
         211   262.50000000000000        137.50000000000000        1.6000000000000001E-003   625.00000000000000      F
         212   287.50000000000000        137.50000000000000        1.6000000000000001E-003   625.00000000000000      F
         213   312.50000000000000        137.50000000000000        1.6000000000000001E-003   625.00000000000000      F
         214   337.50000000000000        137.50000000000000        1.6000000000000001E-003   625.00000000000000      F
         215   362.50000000000000        137.50000000000000        1.6000000000000001E-003   625.00000000000000      F
         216   387.50000000000000        137.50000000000000        1.6000000000000001E-003   625.00000000000000      F
         217   412.50000000000000        137.50000000000000        1.6000000000000001E-003   625.00000000000000      F
         218   437.50000000000000        137.50000000000000        1.6000000000000001E-003   625.00000000000000      F
         219   462.50000000000000        137.50000000000000        1.6000000000000001E-003   625.00000000000000      F
         220   487.50000000000000        137.50000000000000        1.6000000000000001E-003   625.00000000000000      F
         221   512.50000000000000        137.50000000000000        1.6000000000000001E-003   625.00000000000000      F
         222   537.50000000000000        137.50000000000000        1.6000000000000001E-003   625.00000000000000      F
         223   562.50000000000000        137.50000000000000        1.6000000000000001E-003   625.00000000000000      F
         224   587.50000000000000        137.50000000000000        1.6000000000000001E-003   625.00000000000000      F
         225   612.50000000000000        137.50000000000000        1.6000000000000001E-003   625.00000000000000      F
         226   637.50000000000000        137.50000000000000        1.6000000000000001E-003   625.00000000000000      F
         227   662.50000000000000        137.50000000000000        1.6000000000000001E-003   625.00000000000000      F
         228   687.50000000000000        137.50000000000000        1.6000000000000001E-003   625.00000000000000      F
         229   712.50000000000000        137.50000000000000        1.6000000000000001E-003   625.00000000000000      F
         230   737.50000000000000        137.50000000000000        1.6000000000000001E-003   625.00000000000000      F
         231   762.50000000000000        137.50000000000000        1.6000000000000001E-003   625.00000000000000      F
         232   787.50000000000000        137.50000000000000        1.6000000000000001E-003   625.00000000000000      F
         233   812.50000000000000        137.50000000000000        1.6000000000000001E-003   625.00000000000000      F
         234   837.50000000000000        137.50000000000000        1.6000000000000001E-003   625.00000000000000      F
         235   862.50000000000000        137.50000000000000        1.6000000000000001E-003   625.00000000000000      F
         236   887.50000000000000        137.50000000000000        1.6000000000000001E-003   625.00000000000000      F
         237   912.50000000000000        137.50000000000000        1.6000000000000001E-003   625.00000000000000      F
         238   937.50000000000000        137.50000000000000        1.6000000000000001E-003   625.00000000000000      F
         239   962.50000000000000        137.50000000000000        1.6000000000000001E-003   625.00000000000000      F
         240   987.50000000000000        137.50000000000000        1.6000000000000001E-003   625.00000000000000      T
         241   12.500000000000000        162.50000000000000        1.6000000000000001E-003   625.00000000000000      T
         242   37.500000000000000        162.50000000000000        1.6000000000000001E-003   625.00000000000000      F
         243   62.500000000000000        162.50000000000000        1.6000000000000001E-003   625.00000000000000      F
         244   87.500000000000000        162.50000000000000        1.6000000000000001E-003   625.00000000000000      F
         245   112.50000000000000        162.50000000000000        1.6000000000000001E-003   625.00000000000000      F
         246   137.50000000000000        162.50000000000000        1.6000000000000001E-003   625.00000000000000      F
         247   162.50000000000000        162.50000000000000        1.6000000000000001E-003   625.00000000000000      F
         248   187.50000000000000        162.50000000000000        1.6000000000000001E-003   625.00000000000000      F
         249   212.50000000000000        162.50000000000000        1.6000000000000001E-003   625.00000000000000      F
         250   237.50000000000000        162.50000000000000        1.6000000000000001E-003   625.00000000000000      F
         251   262.50000000000000        162.50000000000000        1.6000000000000001E-003   625.00000000000000      F
         252   287.50000000000000        162.50000000000000        1.6000000000000001E-003   625.00000000000000      F
         253   312.50000000000000        162.50000000000000        1.6000000000000001E-003   625.00000000000000      F
         254   337.50000000000000        162.50000000000000        1.6000000000000001E-003   625.00000000000000      F
         255   362.50000000000000        162.50000000000000        1.6000000000000001E-003   625.00000000000000      F
         256   387.50000000000000        162.50000000000000        1.6000000000000001E-003   625.00000000000000      F
         257   412.50000000000000        162.50000000000000        1.6000000000000001E-003   625.00000000000000      F
         258   437.50000000000000        162.50000000000000        1.6000000000000001E-003   625.00000000000000      F
         259   462.50000000000000        162.50000000000000        1.6000000000000001E-003   625.00000000000000      F
         260   487.50000000000000        162.50000000000000        1.6000000000000001E-003   625.00000000000000      F
         261   512.50000000000000        162.50000000000000        1.6000000000000001E-003   625.00000000000000      F
         262   537.50000000000000        162.50000000000000        1.6000000000000001E-003   625.00000000000000      F
         263   562.50000000000000        162.50000000000000        1.6000000000000001E-003   625.00000000000000      F
         264   587.50000000000000        162.50000000000000        1.6000000000000001E-003   625.00000000000000      F
         265   612.50000000000000        162.50000000000000        1.6000000000000001E-003   625.00000000000000      F
         266   637.50000000000000        162.50000000000000        1.6000000000000001E-003   625.00000000000000      F
         267   662.50000000000000        162.50000000000000        1.6000000000000001E-003   625.00000000000000      F
         268   687.50000000000000        162.50000000000000        1.6000000000000001E-003   625.00000000000000      F
         269   712.50000000000000        162.50000000000000        1.6000000000000001E-003   625.00000000000000      F
         270   737.50000000000000        162.50000000000000        1.6000000000000001E-003   625.00000000000000      F
         271   762.50000000000000        162.50000000000000        1.6000000000000001E-003   625.00000000000000      F
         272   787.50000000000000        162.50000000000000        1.6000000000000001E-003   625.00000000000000      F
         273   812.50000000000000        162.50000000000000        1.6000000000000001E-003   625.00000000000000      F
         274   837.50000000000000        162.50000000000000        1.6000000000000001E-003   625.00000000000000      F
         275   862.50000000000000        162.50000000000000        1.6000000000000001E-003   625.00000000000000      F
         276   887.50000000000000        162.50000000000000        1.6000000000000001E-003   625.00000000000000      F
         277   912.50000000000000        162.50000000000000        1.6000000000000001E-003   625.00000000000000      F
         278   937.50000000000000        162.50000000000000        1.6000000000000001E-003   625.00000000000000      F
         279   962.50000000000000        162.50000000000000        1.6000000000000001E-003   625.00000000000000      F
         280   987.50000000000000        162.50000000000000        1.6000000000000001E-003   625.00000000000000      T
         281   12.500000000000000        187.50000000000000        1.6000000000000001E-003   625.00000000000000      T
         282   37.500000000000000        187.50000000000000        1.6000000000000001E-003   625.00000000000000      F
         283   62.500000000000000        187.50000000000000        1.6000000000000001E-003   625.00000000000000      F
         284   87.500000000000000        187.50000000000000        1.6000000000000001E-003   625.00000000000000      F
         285   112.50000000000000        187.50000000000000        1.6000000000000001E-003   625.00000000000000      F
         286   137.50000000000000        187.50000000000000        1.6000000000000001E-003   625.00000000000000      F
         287   162.50000000000000        187.50000000000000        1.6000000000000001E-003   625.00000000000000      F
         288   187.50000000000000        187.50000000000000        1.6000000000000001E-003   625.00000000000000      F
         289   212.50000000000000        187.50000000000000        1.6000000000000001E-003   625.00000000000000      F
         290   237.50000000000000        187.50000000000000        1.6000000000000001E-003   625.00000000000000      F
         291   262.50000000000000        187.50000000000000        1.6000000000000001E-003   625.00000000000000      F
         292   287.50000000000000        187.50000000000000        1.6000000000000001E-003   625.00000000000000      F
         293   312.50000000000000        187.50000000000000        1.6000000000000001E-003   625.00000000000000      F
         294   337.50000000000000        187.50000000000000        1.6000000000000001E-003   625.00000000000000      F
         295   362.50000000000000        187.50000000000000        1.6000000000000001E-003   625.00000000000000      F
         296   387.50000000000000        187.50000000000000        1.6000000000000001E-003   625.00000000000000      F
         297   412.50000000000000        187.50000000000000        1.6000000000000001E-003   625.00000000000000      F
         298   437.50000000000000        187.50000000000000        1.6000000000000001E-003   625.00000000000000      F
         299   462.50000000000000        187.50000000000000        1.6000000000000001E-003   625.00000000000000      F
         300   487.50000000000000        187.50000000000000        1.6000000000000001E-003   625.00000000000000      F
         301   512.50000000000000        187.50000000000000        1.6000000000000001E-003   625.00000000000000      F
         302   537.50000000000000        187.50000000000000        1.6000000000000001E-003   625.00000000000000      F
         303   562.50000000000000        187.50000000000000        1.6000000000000001E-003   625.00000000000000      F
         304   587.50000000000000        187.50000000000000        1.6000000000000001E-003   625.00000000000000      F
         305   612.50000000000000        187.50000000000000        1.6000000000000001E-003   625.00000000000000      F
         306   637.50000000000000        187.50000000000000        1.6000000000000001E-003   625.00000000000000      F
         307   662.50000000000000        187.50000000000000        1.6000000000000001E-003   625.00000000000000      F
         308   687.50000000000000        187.50000000000000        1.6000000000000001E-003   625.00000000000000      F
         309   712.50000000000000        187.50000000000000        1.6000000000000001E-003   625.00000000000000      F
         310   737.50000000000000        187.50000000000000        1.6000000000000001E-003   625.00000000000000      F
         311   762.50000000000000        187.50000000000000        1.6000000000000001E-003   625.00000000000000      F
         312   787.50000000000000        187.50000000000000        1.6000000000000001E-003   625.00000000000000      F
         313   812.50000000000000        187.50000000000000        1.6000000000000001E-003   625.00000000000000      F
         314   837.50000000000000        187.50000000000000        1.6000000000000001E-003   625.00000000000000      F
         315   862.50000000000000        187.50000000000000        1.6000000000000001E-003   625.00000000000000      F
         316   887.50000000000000        187.50000000000000        1.6000000000000001E-003   625.00000000000000      F
         317   912.50000000000000        187.50000000000000        1.6000000000000001E-003   625.00000000000000      F
         318   937.50000000000000        187.50000000000000        1.6000000000000001E-003   625.00000000000000      F
         319   962.50000000000000        187.50000000000000        1.6000000000000001E-003   625.00000000000000      F
         320   987.50000000000000        187.50000000000000        1.6000000000000001E-003   625.00000000000000      T
         321   12.500000000000000        212.50000000000000        1.6000000000000001E-003   625.00000000000000      T
         322   37.500000000000000        212.50000000000000        1.6000000000000001E-003   625.00000000000000      F
         323   62.500000000000000        212.50000000000000        1.6000000000000001E-003   625.00000000000000      F
         324   87.500000000000000        212.50000000000000        1.6000000000000001E-003   625.00000000000000      F
         325   112.50000000000000        212.50000000000000        1.6000000000000001E-003   625.00000000000000      F
         326   137.50000000000000        212.50000000000000        1.6000000000000001E-003   625.00000000000000      F
         327   162.50000000000000        212.50000000000000        1.6000000000000001E-003   625.00000000000000      F
         328   187.50000000000000        212.50000000000000        1.6000000000000001E-003   625.00000000000000      F
         329   212.50000000000000        212.50000000000000        1.6000000000000001E-003   625.00000000000000      F
         330   237.50000000000000        212.50000000000000        1.6000000000000001E-003   625.00000000000000      F
         331   262.50000000000000        212.50000000000000        1.6000000000000001E-003   625.00000000000000      F
         332   287.50000000000000        212.50000000000000        1.6000000000000001E-003   625.00000000000000      F
         333   312.50000000000000        212.50000000000000        1.6000000000000001E-003   625.00000000000000      F
         334   337.50000000000000        212.50000000000000        1.6000000000000001E-003   625.00000000000000      F
         335   362.50000000000000        212.50000000000000        1.6000000000000001E-003   625.00000000000000      F
         336   387.50000000000000        212.50000000000000        1.6000000000000001E-003   625.00000000000000      F
         337   412.50000000000000        212.50000000000000        1.6000000000000001E-003   625.00000000000000      F
         338   437.50000000000000        212.50000000000000        1.6000000000000001E-003   625.00000000000000      F
         339   462.50000000000000        212.50000000000000        1.6000000000000001E-003   625.00000000000000      F
         340   487.50000000000000        212.50000000000000        1.6000000000000001E-003   625.00000000000000      F
         341   512.50000000000000        212.50000000000000        1.6000000000000001E-003   625.00000000000000      F
         342   537.50000000000000        212.50000000000000        1.6000000000000001E-003   625.00000000000000      F
         343   562.50000000000000        212.50000000000000        1.6000000000000001E-003   625.00000000000000      F
         344   587.50000000000000        212.50000000000000        1.6000000000000001E-003   625.00000000000000      F
         345   612.50000000000000        212.50000000000000        1.6000000000000001E-003   625.00000000000000      F
         346   637.50000000000000        212.50000000000000        1.6000000000000001E-003   625.00000000000000      F
         347   662.50000000000000        212.50000000000000        1.6000000000000001E-003   625.00000000000000      F
         348   687.50000000000000        212.50000000000000        1.6000000000000001E-003   625.00000000000000      F
         349   712.50000000000000        212.50000000000000        1.6000000000000001E-003   625.00000000000000      F
         350   737.50000000000000        212.50000000000000        1.6000000000000001E-003   625.00000000000000      F
         351   762.50000000000000        212.50000000000000        1.6000000000000001E-003   625.00000000000000      F
         352   787.50000000000000        212.50000000000000        1.6000000000000001E-003   625.00000000000000      F
         353   812.50000000000000        212.50000000000000        1.6000000000000001E-003   625.00000000000000      F
         354   837.50000000000000        212.50000000000000        1.6000000000000001E-003   625.00000000000000      F
         355   862.50000000000000        212.50000000000000        1.6000000000000001E-003   625.00000000000000      F
         356   887.50000000000000        212.50000000000000        1.6000000000000001E-003   625.00000000000000      F
         357   912.50000000000000        212.50000000000000        1.6000000000000001E-003   625.00000000000000      F
         358   937.50000000000000        212.50000000000000        1.6000000000000001E-003   625.00000000000000      F
         359   962.50000000000000        212.50000000000000        1.6000000000000001E-003   625.00000000000000      F
         360   987.50000000000000        212.50000000000000        1.6000000000000001E-003   625.00000000000000      T
         361   12.500000000000000        237.50000000000000        1.6000000000000001E-003   625.00000000000000      T
         362   37.500000000000000        237.50000000000000        1.6000000000000001E-003   625.00000000000000      F
         363   62.500000000000000        237.50000000000000        1.6000000000000001E-003   625.00000000000000      F
         364   87.500000000000000        237.50000000000000        1.6000000000000001E-003   625.00000000000000      F
         365   112.50000000000000        237.50000000000000        1.6000000000000001E-003   625.00000000000000      F
         366   137.50000000000000        237.50000000000000        1.6000000000000001E-003   625.00000000000000      F
         367   162.50000000000000        237.50000000000000        1.6000000000000001E-003   625.00000000000000      F
         368   187.50000000000000        237.50000000000000        1.6000000000000001E-003   625.00000000000000      F
         369   212.50000000000000        237.50000000000000        1.6000000000000001E-003   625.00000000000000      F
         370   237.50000000000000        237.50000000000000        1.6000000000000001E-003   625.00000000000000      F
         371   262.50000000000000        237.50000000000000        1.6000000000000001E-003   625.00000000000000      F
         372   287.50000000000000        237.50000000000000        1.6000000000000001E-003   625.00000000000000      F
         373   312.50000000000000        237.50000000000000        1.6000000000000001E-003   625.00000000000000      F
         374   337.50000000000000        237.50000000000000        1.6000000000000001E-003   625.00000000000000      F
         375   362.50000000000000        237.50000000000000        1.6000000000000001E-003   625.00000000000000      F
         376   387.50000000000000        237.50000000000000        1.6000000000000001E-003   625.00000000000000      F
         377   412.50000000000000        237.50000000000000        1.6000000000000001E-003   625.00000000000000      F
         378   437.50000000000000        237.50000000000000        1.6000000000000001E-003   625.00000000000000      F
         379   462.50000000000000        237.50000000000000        1.6000000000000001E-003   625.00000000000000      F
         380   487.50000000000000        237.50000000000000        1.6000000000000001E-003   625.00000000000000      F
         381   512.50000000000000        237.50000000000000        1.6000000000000001E-003   625.00000000000000      F
         382   537.50000000000000        237.50000000000000        1.6000000000000001E-003   625.00000000000000      F
         383   562.50000000000000        237.50000000000000        1.6000000000000001E-003   625.00000000000000      F
         384   587.50000000000000        237.50000000000000        1.6000000000000001E-003   625.00000000000000      F
         385   612.50000000000000        237.50000000000000        1.6000000000000001E-003   625.00000000000000      F
         386   637.50000000000000        237.50000000000000        1.6000000000000001E-003   625.00000000000000      F
         387   662.50000000000000        237.50000000000000        1.6000000000000001E-003   625.00000000000000      F
         388   687.50000000000000        237.50000000000000        1.6000000000000001E-003   625.00000000000000      F
         389   712.50000000000000        237.50000000000000        1.6000000000000001E-003   625.00000000000000      F
         390   737.50000000000000        237.50000000000000        1.6000000000000001E-003   625.00000000000000      F
         391   762.50000000000000        237.50000000000000        1.6000000000000001E-003   625.00000000000000      F
         392   787.50000000000000        237.50000000000000        1.6000000000000001E-003   625.00000000000000      F
         393   812.50000000000000        237.50000000000000        1.6000000000000001E-003   625.00000000000000      F
         394   837.50000000000000        237.50000000000000        1.6000000000000001E-003   625.00000000000000      F
         395   862.50000000000000        237.50000000000000        1.6000000000000001E-003   625.00000000000000      F
         396   887.50000000000000        237.50000000000000        1.6000000000000001E-003   625.00000000000000      F
         397   912.50000000000000        237.50000000000000        1.6000000000000001E-003   625.00000000000000      F
         398   937.50000000000000        237.50000000000000        1.6000000000000001E-003   625.00000000000000      F
         399   962.50000000000000        237.50000000000000        1.6000000000000001E-003   625.00000000000000      F
         400   987.50000000000000        237.50000000000000        1.6000000000000001E-003   625.00000000000000      T
         401   12.500000000000000        262.50000000000000        1.6000000000000001E-003   625.00000000000000      T
         402   37.500000000000000        262.50000000000000        1.6000000000000001E-003   625.00000000000000      F
         403   62.500000000000000        262.50000000000000        1.6000000000000001E-003   625.00000000000000      F
         404   87.500000000000000        262.50000000000000        1.6000000000000001E-003   625.00000000000000      F
         405   112.50000000000000        262.50000000000000        1.6000000000000001E-003   625.00000000000000      F
         406   137.50000000000000        262.50000000000000        1.6000000000000001E-003   625.00000000000000      F
         407   162.50000000000000        262.50000000000000        1.6000000000000001E-003   625.00000000000000      F
         408   187.50000000000000        262.50000000000000        1.6000000000000001E-003   625.00000000000000      F
         409   212.50000000000000        262.50000000000000        1.6000000000000001E-003   625.00000000000000      F
         410   237.50000000000000        262.50000000000000        1.6000000000000001E-003   625.00000000000000      F
         411   262.50000000000000        262.50000000000000        1.6000000000000001E-003   625.00000000000000      F
         412   287.50000000000000        262.50000000000000        1.6000000000000001E-003   625.00000000000000      F
         413   312.50000000000000        262.50000000000000        1.6000000000000001E-003   625.00000000000000      F
         414   337.50000000000000        262.50000000000000        1.6000000000000001E-003   625.00000000000000      F
         415   362.50000000000000        262.50000000000000        1.6000000000000001E-003   625.00000000000000      F
         416   387.50000000000000        262.50000000000000        1.6000000000000001E-003   625.00000000000000      F
         417   412.50000000000000        262.50000000000000        1.6000000000000001E-003   625.00000000000000      F
         418   437.50000000000000        262.50000000000000        1.6000000000000001E-003   625.00000000000000      F
         419   462.50000000000000        262.50000000000000        1.6000000000000001E-003   625.00000000000000      F
         420   487.50000000000000        262.50000000000000        1.6000000000000001E-003   625.00000000000000      F
         421   512.50000000000000        262.50000000000000        1.6000000000000001E-003   625.00000000000000      F
         422   537.50000000000000        262.50000000000000        1.6000000000000001E-003   625.00000000000000      F
         423   562.50000000000000        262.50000000000000        1.6000000000000001E-003   625.00000000000000      F
         424   587.50000000000000        262.50000000000000        1.6000000000000001E-003   625.00000000000000      F
         425   612.50000000000000        262.50000000000000        1.6000000000000001E-003   625.00000000000000      F
         426   637.50000000000000        262.50000000000000        1.6000000000000001E-003   625.00000000000000      F
         427   662.50000000000000        262.50000000000000        1.6000000000000001E-003   625.00000000000000      F
         428   687.50000000000000        262.50000000000000        1.6000000000000001E-003   625.00000000000000      F
         429   712.50000000000000        262.50000000000000        1.6000000000000001E-003   625.00000000000000      F
         430   737.50000000000000        262.50000000000000        1.6000000000000001E-003   625.00000000000000      F
         431   762.50000000000000        262.50000000000000        1.6000000000000001E-003   625.00000000000000      F
         432   787.50000000000000        262.50000000000000        1.6000000000000001E-003   625.00000000000000      F
         433   812.50000000000000        262.50000000000000        1.6000000000000001E-003   625.00000000000000      F
         434   837.50000000000000        262.50000000000000        1.6000000000000001E-003   625.00000000000000      F
         435   862.50000000000000        262.50000000000000        1.6000000000000001E-003   625.00000000000000      F
         436   887.50000000000000        262.50000000000000        1.6000000000000001E-003   625.00000000000000      F
         437   912.50000000000000        262.50000000000000        1.6000000000000001E-003   625.00000000000000      F
         438   937.50000000000000        262.50000000000000        1.6000000000000001E-003   625.00000000000000      F
         439   962.50000000000000        262.50000000000000        1.6000000000000001E-003   625.00000000000000      F
         440   987.50000000000000        262.50000000000000        1.6000000000000001E-003   625.00000000000000      T
         441   12.500000000000000        287.50000000000000        1.6000000000000001E-003   625.00000000000000      T
         442   37.500000000000000        287.50000000000000        1.6000000000000001E-003   625.00000000000000      F
         443   62.500000000000000        287.50000000000000        1.6000000000000001E-003   625.00000000000000      F
         444   87.500000000000000        287.50000000000000        1.6000000000000001E-003   625.00000000000000      F
         445   112.50000000000000        287.50000000000000        1.6000000000000001E-003   625.00000000000000      F
         446   137.50000000000000        287.50000000000000        1.6000000000000001E-003   625.00000000000000      F
         447   162.50000000000000        287.50000000000000        1.6000000000000001E-003   625.00000000000000      F
         448   187.50000000000000        287.50000000000000        1.6000000000000001E-003   625.00000000000000      F
         449   212.50000000000000        287.50000000000000        1.6000000000000001E-003   625.00000000000000      F
         450   237.50000000000000        287.50000000000000        1.6000000000000001E-003   625.00000000000000      F
         451   262.50000000000000        287.50000000000000        1.6000000000000001E-003   625.00000000000000      F
         452   287.50000000000000        287.50000000000000        1.6000000000000001E-003   625.00000000000000      F
         453   312.50000000000000        287.50000000000000        1.6000000000000001E-003   625.00000000000000      F
         454   337.50000000000000        287.50000000000000        1.6000000000000001E-003   625.00000000000000      F
         455   362.50000000000000        287.50000000000000        1.6000000000000001E-003   625.00000000000000      F
         456   387.50000000000000        287.50000000000000        1.6000000000000001E-003   625.00000000000000      F
         457   412.50000000000000        287.50000000000000        1.6000000000000001E-003   625.00000000000000      F
         458   437.50000000000000        287.50000000000000        1.6000000000000001E-003   625.00000000000000      F
         459   462.50000000000000        287.50000000000000        1.6000000000000001E-003   625.00000000000000      F
         460   487.50000000000000        287.50000000000000        1.6000000000000001E-003   625.00000000000000      F
         461   512.50000000000000        287.50000000000000        1.6000000000000001E-003   625.00000000000000      F
         462   537.50000000000000        287.50000000000000        1.6000000000000001E-003   625.00000000000000      F
         463   562.50000000000000        287.50000000000000        1.6000000000000001E-003   625.00000000000000      F
         464   587.50000000000000        287.50000000000000        1.6000000000000001E-003   625.00000000000000      F
         465   612.50000000000000        287.50000000000000        1.6000000000000001E-003   625.00000000000000      F
         466   637.50000000000000        287.50000000000000        1.6000000000000001E-003   625.00000000000000      F
         467   662.50000000000000        287.50000000000000        1.6000000000000001E-003   625.00000000000000      F
         468   687.50000000000000        287.50000000000000        1.6000000000000001E-003   625.00000000000000      F
         469   712.50000000000000        287.50000000000000        1.6000000000000001E-003   625.00000000000000      F
         470   737.50000000000000        287.50000000000000        1.6000000000000001E-003   625.00000000000000      F
         471   762.50000000000000        287.50000000000000        1.6000000000000001E-003   625.00000000000000      F
         472   787.50000000000000        287.50000000000000        1.6000000000000001E-003   625.00000000000000      F
         473   812.50000000000000        287.50000000000000        1.6000000000000001E-003   625.00000000000000      F
         474   837.50000000000000        287.50000000000000        1.6000000000000001E-003   625.00000000000000      F
         475   862.50000000000000        287.50000000000000        1.6000000000000001E-003   625.00000000000000      F
         476   887.50000000000000        287.50000000000000        1.6000000000000001E-003   625.00000000000000      F
         477   912.50000000000000        287.50000000000000        1.6000000000000001E-003   625.00000000000000      F
         478   937.50000000000000        287.50000000000000        1.6000000000000001E-003   625.00000000000000      F
         479   962.50000000000000        287.50000000000000        1.6000000000000001E-003   625.00000000000000      F
         480   987.50000000000000        287.50000000000000        1.6000000000000001E-003   625.00000000000000      T
         481   12.500000000000000        312.50000000000000        1.6000000000000001E-003   625.00000000000000      T
         482   37.500000000000000        312.50000000000000        1.6000000000000001E-003   625.00000000000000      F
         483   62.500000000000000        312.50000000000000        1.6000000000000001E-003   625.00000000000000      F
         484   87.500000000000000        312.50000000000000        1.6000000000000001E-003   625.00000000000000      F
         485   112.50000000000000        312.50000000000000        1.6000000000000001E-003   625.00000000000000      F
         486   137.50000000000000        312.50000000000000        1.6000000000000001E-003   625.00000000000000      F
         487   162.50000000000000        312.50000000000000        1.6000000000000001E-003   625.00000000000000      F
         488   187.50000000000000        312.50000000000000        1.6000000000000001E-003   625.00000000000000      F
         489   212.50000000000000        312.50000000000000        1.6000000000000001E-003   625.00000000000000      F
         490   237.50000000000000        312.50000000000000        1.6000000000000001E-003   625.00000000000000      F
         491   262.50000000000000        312.50000000000000        1.6000000000000001E-003   625.00000000000000      F
         492   287.50000000000000        312.50000000000000        1.6000000000000001E-003   625.00000000000000      F
         493   312.50000000000000        312.50000000000000        1.6000000000000001E-003   625.00000000000000      F
         494   337.50000000000000        312.50000000000000        1.6000000000000001E-003   625.00000000000000      F
         495   362.50000000000000        312.50000000000000        1.6000000000000001E-003   625.00000000000000      F
         496   387.50000000000000        312.50000000000000        1.6000000000000001E-003   625.00000000000000      F
         497   412.50000000000000        312.50000000000000        1.6000000000000001E-003   625.00000000000000      F
         498   437.50000000000000        312.50000000000000        1.6000000000000001E-003   625.00000000000000      F
         499   462.50000000000000        312.50000000000000        1.6000000000000001E-003   625.00000000000000      F
         500   487.50000000000000        312.50000000000000        1.6000000000000001E-003   625.00000000000000      F
         501   512.50000000000000        312.50000000000000        1.6000000000000001E-003   625.00000000000000      F
         502   537.50000000000000        312.50000000000000        1.6000000000000001E-003   625.00000000000000      F
         503   562.50000000000000        312.50000000000000        1.6000000000000001E-003   625.00000000000000      F
         504   587.50000000000000        312.50000000000000        1.6000000000000001E-003   625.00000000000000      F
         505   612.50000000000000        312.50000000000000        1.6000000000000001E-003   625.00000000000000      F
         506   637.50000000000000        312.50000000000000        1.6000000000000001E-003   625.00000000000000      F
         507   662.50000000000000        312.50000000000000        1.6000000000000001E-003   625.00000000000000      F
         508   687.50000000000000        312.50000000000000        1.6000000000000001E-003   625.00000000000000      F
         509   712.50000000000000        312.50000000000000        1.6000000000000001E-003   625.00000000000000      F
         510   737.50000000000000        312.50000000000000        1.6000000000000001E-003   625.00000000000000      F
         511   762.50000000000000        312.50000000000000        1.6000000000000001E-003   625.00000000000000      F
         512   787.50000000000000        312.50000000000000        1.6000000000000001E-003   625.00000000000000      F
         513   812.50000000000000        312.50000000000000        1.6000000000000001E-003   625.00000000000000      F
         514   837.50000000000000        312.50000000000000        1.6000000000000001E-003   625.00000000000000      F
         515   862.50000000000000        312.50000000000000        1.6000000000000001E-003   625.00000000000000      F
         516   887.50000000000000        312.50000000000000        1.6000000000000001E-003   625.00000000000000      F
         517   912.50000000000000        312.50000000000000        1.6000000000000001E-003   625.00000000000000      F
         518   937.50000000000000        312.50000000000000        1.6000000000000001E-003   625.00000000000000      F
         519   962.50000000000000        312.50000000000000        1.6000000000000001E-003   625.00000000000000      F
         520   987.50000000000000        312.50000000000000        1.6000000000000001E-003   625.00000000000000      T
         521   12.500000000000000        337.50000000000000        1.6000000000000001E-003   625.00000000000000      T
         522   37.500000000000000        337.50000000000000        1.6000000000000001E-003   625.00000000000000      F
         523   62.500000000000000        337.50000000000000        1.6000000000000001E-003   625.00000000000000      F
         524   87.500000000000000        337.50000000000000        1.6000000000000001E-003   625.00000000000000      F
         525   112.50000000000000        337.50000000000000        1.6000000000000001E-003   625.00000000000000      F
         526   137.50000000000000        337.50000000000000        1.6000000000000001E-003   625.00000000000000      F
         527   162.50000000000000        337.50000000000000        1.6000000000000001E-003   625.00000000000000      F
         528   187.50000000000000        337.50000000000000        1.6000000000000001E-003   625.00000000000000      F
         529   212.50000000000000        337.50000000000000        1.6000000000000001E-003   625.00000000000000      F
         530   237.50000000000000        337.50000000000000        1.6000000000000001E-003   625.00000000000000      F
         531   262.50000000000000        337.50000000000000        1.6000000000000001E-003   625.00000000000000      F
         532   287.50000000000000        337.50000000000000        1.6000000000000001E-003   625.00000000000000      F
         533   312.50000000000000        337.50000000000000        1.6000000000000001E-003   625.00000000000000      F
         534   337.50000000000000        337.50000000000000        1.6000000000000001E-003   625.00000000000000      F
         535   362.50000000000000        337.50000000000000        1.6000000000000001E-003   625.00000000000000      F
         536   387.50000000000000        337.50000000000000        1.6000000000000001E-003   625.00000000000000      F
         537   412.50000000000000        337.50000000000000        1.6000000000000001E-003   625.00000000000000      F
         538   437.50000000000000        337.50000000000000        1.6000000000000001E-003   625.00000000000000      F
         539   462.50000000000000        337.50000000000000        1.6000000000000001E-003   625.00000000000000      F
         540   487.50000000000000        337.50000000000000        1.6000000000000001E-003   625.00000000000000      F
         541   512.50000000000000        337.50000000000000        1.6000000000000001E-003   625.00000000000000      F
         542   537.50000000000000        337.50000000000000        1.6000000000000001E-003   625.00000000000000      F
         543   562.50000000000000        337.50000000000000        1.6000000000000001E-003   625.00000000000000      F
         544   587.50000000000000        337.50000000000000        1.6000000000000001E-003   625.00000000000000      F
         545   612.50000000000000        337.50000000000000        1.6000000000000001E-003   625.00000000000000      F
         546   637.50000000000000        337.50000000000000        1.6000000000000001E-003   625.00000000000000      F
         547   662.50000000000000        337.50000000000000        1.6000000000000001E-003   625.00000000000000      F
         548   687.50000000000000        337.50000000000000        1.6000000000000001E-003   625.00000000000000      F
         549   712.50000000000000        337.50000000000000        1.6000000000000001E-003   625.00000000000000      F
         550   737.50000000000000        337.50000000000000        1.6000000000000001E-003   625.00000000000000      F
         551   762.50000000000000        337.50000000000000        1.6000000000000001E-003   625.00000000000000      F
         552   787.50000000000000        337.50000000000000        1.6000000000000001E-003   625.00000000000000      F
         553   812.50000000000000        337.50000000000000        1.6000000000000001E-003   625.00000000000000      F
         554   837.50000000000000        337.50000000000000        1.6000000000000001E-003   625.00000000000000      F
         555   862.50000000000000        337.50000000000000        1.6000000000000001E-003   625.00000000000000      F
         556   887.50000000000000        337.50000000000000        1.6000000000000001E-003   625.00000000000000      F
         557   912.50000000000000        337.50000000000000        1.6000000000000001E-003   625.00000000000000      F
         558   937.50000000000000        337.50000000000000        1.6000000000000001E-003   625.00000000000000      F
         559   962.50000000000000        337.50000000000000        1.6000000000000001E-003   625.00000000000000      F
         560   987.50000000000000        337.50000000000000        1.6000000000000001E-003   625.00000000000000      T
         561   12.500000000000000        362.50000000000000        1.6000000000000001E-003   625.00000000000000      T
         562   37.500000000000000        362.50000000000000        1.6000000000000001E-003   625.00000000000000      F
         563   62.500000000000000        362.50000000000000        1.6000000000000001E-003   625.00000000000000      F
         564   87.500000000000000        362.50000000000000        1.6000000000000001E-003   625.00000000000000      F
         565   112.50000000000000        362.50000000000000        1.6000000000000001E-003   625.00000000000000      F
         566   137.50000000000000        362.50000000000000        1.6000000000000001E-003   625.00000000000000      F
         567   162.50000000000000        362.50000000000000        1.6000000000000001E-003   625.00000000000000      F
         568   187.50000000000000        362.50000000000000        1.6000000000000001E-003   625.00000000000000      F
         569   212.50000000000000        362.50000000000000        1.6000000000000001E-003   625.00000000000000      F
         570   237.50000000000000        362.50000000000000        1.6000000000000001E-003   625.00000000000000      F
         571   262.50000000000000        362.50000000000000        1.6000000000000001E-003   625.00000000000000      F
         572   287.50000000000000        362.50000000000000        1.6000000000000001E-003   625.00000000000000      F
         573   312.50000000000000        362.50000000000000        1.6000000000000001E-003   625.00000000000000      F
         574   337.50000000000000        362.50000000000000        1.6000000000000001E-003   625.00000000000000      F
         575   362.50000000000000        362.50000000000000        1.6000000000000001E-003   625.00000000000000      F
         576   387.50000000000000        362.50000000000000        1.6000000000000001E-003   625.00000000000000      F
         577   412.50000000000000        362.50000000000000        1.6000000000000001E-003   625.00000000000000      F
         578   437.50000000000000        362.50000000000000        1.6000000000000001E-003   625.00000000000000      F
         579   462.50000000000000        362.50000000000000        1.6000000000000001E-003   625.00000000000000      F
         580   487.50000000000000        362.50000000000000        1.6000000000000001E-003   625.00000000000000      F
         581   512.50000000000000        362.50000000000000        1.6000000000000001E-003   625.00000000000000      F
         582   537.50000000000000        362.50000000000000        1.6000000000000001E-003   625.00000000000000      F
         583   562.50000000000000        362.50000000000000        1.6000000000000001E-003   625.00000000000000      F
         584   587.50000000000000        362.50000000000000        1.6000000000000001E-003   625.00000000000000      F
         585   612.50000000000000        362.50000000000000        1.6000000000000001E-003   625.00000000000000      F
         586   637.50000000000000        362.50000000000000        1.6000000000000001E-003   625.00000000000000      F
         587   662.50000000000000        362.50000000000000        1.6000000000000001E-003   625.00000000000000      F
         588   687.50000000000000        362.50000000000000        1.6000000000000001E-003   625.00000000000000      F
         589   712.50000000000000        362.50000000000000        1.6000000000000001E-003   625.00000000000000      F
         590   737.50000000000000        362.50000000000000        1.6000000000000001E-003   625.00000000000000      F
         591   762.50000000000000        362.50000000000000        1.6000000000000001E-003   625.00000000000000      F
         592   787.50000000000000        362.50000000000000        1.6000000000000001E-003   625.00000000000000      F
         593   812.50000000000000        362.50000000000000        1.6000000000000001E-003   625.00000000000000      F
         594   837.50000000000000        362.50000000000000        1.6000000000000001E-003   625.00000000000000      F
         595   862.50000000000000        362.50000000000000        1.6000000000000001E-003   625.00000000000000      F
         596   887.50000000000000        362.50000000000000        1.6000000000000001E-003   625.00000000000000      F
         597   912.50000000000000        362.50000000000000        1.6000000000000001E-003   625.00000000000000      F
         598   937.50000000000000        362.50000000000000        1.6000000000000001E-003   625.00000000000000      F
         599   962.50000000000000        362.50000000000000        1.6000000000000001E-003   625.00000000000000      F
         600   987.50000000000000        362.50000000000000        1.6000000000000001E-003   625.00000000000000      T
         601   12.500000000000000        387.50000000000000        1.6000000000000001E-003   625.00000000000000      T
         602   37.500000000000000        387.50000000000000        1.6000000000000001E-003   625.00000000000000      F
         603   62.500000000000000        387.50000000000000        1.6000000000000001E-003   625.00000000000000      F
         604   87.500000000000000        387.50000000000000        1.6000000000000001E-003   625.00000000000000      F
         605   112.50000000000000        387.50000000000000        1.6000000000000001E-003   625.00000000000000      F
         606   137.50000000000000        387.50000000000000        1.6000000000000001E-003   625.00000000000000      F
         607   162.50000000000000        387.50000000000000        1.6000000000000001E-003   625.00000000000000      F
         608   187.50000000000000        387.50000000000000        1.6000000000000001E-003   625.00000000000000      F
         609   212.50000000000000        387.50000000000000        1.6000000000000001E-003   625.00000000000000      F
         610   237.50000000000000        387.50000000000000        1.6000000000000001E-003   625.00000000000000      F
         611   262.50000000000000        387.50000000000000        1.6000000000000001E-003   625.00000000000000      F
         612   287.50000000000000        387.50000000000000        1.6000000000000001E-003   625.00000000000000      F
         613   312.50000000000000        387.50000000000000        1.6000000000000001E-003   625.00000000000000      F
         614   337.50000000000000        387.50000000000000        1.6000000000000001E-003   625.00000000000000      F
         615   362.50000000000000        387.50000000000000        1.6000000000000001E-003   625.00000000000000      F
         616   387.50000000000000        387.50000000000000        1.6000000000000001E-003   625.00000000000000      F
         617   412.50000000000000        387.50000000000000        1.6000000000000001E-003   625.00000000000000      F
         618   437.50000000000000        387.50000000000000        1.6000000000000001E-003   625.00000000000000      F
         619   462.50000000000000        387.50000000000000        1.6000000000000001E-003   625.00000000000000      F
         620   487.50000000000000        387.50000000000000        1.6000000000000001E-003   625.00000000000000      F
         621   512.50000000000000        387.50000000000000        1.6000000000000001E-003   625.00000000000000      F
         622   537.50000000000000        387.50000000000000        1.6000000000000001E-003   625.00000000000000      F
         623   562.50000000000000        387.50000000000000        1.6000000000000001E-003   625.00000000000000      F
         624   587.50000000000000        387.50000000000000        1.6000000000000001E-003   625.00000000000000      F
         625   612.50000000000000        387.50000000000000        1.6000000000000001E-003   625.00000000000000      F
         626   637.50000000000000        387.50000000000000        1.6000000000000001E-003   625.00000000000000      F
         627   662.50000000000000        387.50000000000000        1.6000000000000001E-003   625.00000000000000      F
         628   687.50000000000000        387.50000000000000        1.6000000000000001E-003   625.00000000000000      F
         629   712.50000000000000        387.50000000000000        1.6000000000000001E-003   625.00000000000000      F
         630   737.50000000000000        387.50000000000000        1.6000000000000001E-003   625.00000000000000      F
         631   762.50000000000000        387.50000000000000        1.6000000000000001E-003   625.00000000000000      F
         632   787.50000000000000        387.50000000000000        1.6000000000000001E-003   625.00000000000000      F
         633   812.50000000000000        387.50000000000000        1.6000000000000001E-003   625.00000000000000      F
         634   837.50000000000000        387.50000000000000        1.6000000000000001E-003   625.00000000000000      F
         635   862.50000000000000        387.50000000000000        1.6000000000000001E-003   625.00000000000000      F
         636   887.50000000000000        387.50000000000000        1.6000000000000001E-003   625.00000000000000      F
         637   912.50000000000000        387.50000000000000        1.6000000000000001E-003   625.00000000000000      F
         638   937.50000000000000        387.50000000000000        1.6000000000000001E-003   625.00000000000000      F
         639   962.50000000000000        387.50000000000000        1.6000000000000001E-003   625.00000000000000      F
         640   987.50000000000000        387.50000000000000        1.6000000000000001E-003   625.00000000000000      T
         641   12.500000000000000        412.50000000000000        1.6000000000000001E-003   625.00000000000000      T
         642   37.500000000000000        412.50000000000000        1.6000000000000001E-003   625.00000000000000      F
         643   62.500000000000000        412.50000000000000        1.6000000000000001E-003   625.00000000000000      F
         644   87.500000000000000        412.50000000000000        1.6000000000000001E-003   625.00000000000000      F
         645   112.50000000000000        412.50000000000000        1.6000000000000001E-003   625.00000000000000      F
         646   137.50000000000000        412.50000000000000        1.6000000000000001E-003   625.00000000000000      F
         647   162.50000000000000        412.50000000000000        1.6000000000000001E-003   625.00000000000000      F
         648   187.50000000000000        412.50000000000000        1.6000000000000001E-003   625.00000000000000      F
         649   212.50000000000000        412.50000000000000        1.6000000000000001E-003   625.00000000000000      F
         650   237.50000000000000        412.50000000000000        1.6000000000000001E-003   625.00000000000000      F
         651   262.50000000000000        412.50000000000000        1.6000000000000001E-003   625.00000000000000      F
         652   287.50000000000000        412.50000000000000        1.6000000000000001E-003   625.00000000000000      F
         653   312.50000000000000        412.50000000000000        1.6000000000000001E-003   625.00000000000000      F
         654   337.50000000000000        412.50000000000000        1.6000000000000001E-003   625.00000000000000      F
         655   362.50000000000000        412.50000000000000        1.6000000000000001E-003   625.00000000000000      F
         656   387.50000000000000        412.50000000000000        1.6000000000000001E-003   625.00000000000000      F
         657   412.50000000000000        412.50000000000000        1.6000000000000001E-003   625.00000000000000      F
         658   437.50000000000000        412.50000000000000        1.6000000000000001E-003   625.00000000000000      F
         659   462.50000000000000        412.50000000000000        1.6000000000000001E-003   625.00000000000000      F
         660   487.50000000000000        412.50000000000000        1.6000000000000001E-003   625.00000000000000      F
         661   512.50000000000000        412.50000000000000        1.6000000000000001E-003   625.00000000000000      F
         662   537.50000000000000        412.50000000000000        1.6000000000000001E-003   625.00000000000000      F
         663   562.50000000000000        412.50000000000000        1.6000000000000001E-003   625.00000000000000      F
         664   587.50000000000000        412.50000000000000        1.6000000000000001E-003   625.00000000000000      F
         665   612.50000000000000        412.50000000000000        1.6000000000000001E-003   625.00000000000000      F
         666   637.50000000000000        412.50000000000000        1.6000000000000001E-003   625.00000000000000      F
         667   662.50000000000000        412.50000000000000        1.6000000000000001E-003   625.00000000000000      F
         668   687.50000000000000        412.50000000000000        1.6000000000000001E-003   625.00000000000000      F
         669   712.50000000000000        412.50000000000000        1.6000000000000001E-003   625.00000000000000      F
         670   737.50000000000000        412.50000000000000        1.6000000000000001E-003   625.00000000000000      F
         671   762.50000000000000        412.50000000000000        1.6000000000000001E-003   625.00000000000000      F
         672   787.50000000000000        412.50000000000000        1.6000000000000001E-003   625.00000000000000      F
         673   812.50000000000000        412.50000000000000        1.6000000000000001E-003   625.00000000000000      F
         674   837.50000000000000        412.50000000000000        1.6000000000000001E-003   625.00000000000000      F
         675   862.50000000000000        412.50000000000000        1.6000000000000001E-003   625.00000000000000      F
         676   887.50000000000000        412.50000000000000        1.6000000000000001E-003   625.00000000000000      F
         677   912.50000000000000        412.50000000000000        1.6000000000000001E-003   625.00000000000000      F
         678   937.50000000000000        412.50000000000000        1.6000000000000001E-003   625.00000000000000      F
         679   962.50000000000000        412.50000000000000        1.6000000000000001E-003   625.00000000000000      F
         680   987.50000000000000        412.50000000000000        1.6000000000000001E-003   625.00000000000000      T
         681   12.500000000000000        437.50000000000000        1.6000000000000001E-003   625.00000000000000      T
         682   37.500000000000000        437.50000000000000        1.6000000000000001E-003   625.00000000000000      F
         683   62.500000000000000        437.50000000000000        1.6000000000000001E-003   625.00000000000000      F
         684   87.500000000000000        437.50000000000000        1.6000000000000001E-003   625.00000000000000      F
         685   112.50000000000000        437.50000000000000        1.6000000000000001E-003   625.00000000000000      F
         686   137.50000000000000        437.50000000000000        1.6000000000000001E-003   625.00000000000000      F
         687   162.50000000000000        437.50000000000000        1.6000000000000001E-003   625.00000000000000      F
         688   187.50000000000000        437.50000000000000        1.6000000000000001E-003   625.00000000000000      F
         689   212.50000000000000        437.50000000000000        1.6000000000000001E-003   625.00000000000000      F
         690   237.50000000000000        437.50000000000000        1.6000000000000001E-003   625.00000000000000      F
         691   262.50000000000000        437.50000000000000        1.6000000000000001E-003   625.00000000000000      F
         692   287.50000000000000        437.50000000000000        1.6000000000000001E-003   625.00000000000000      F
         693   312.50000000000000        437.50000000000000        1.6000000000000001E-003   625.00000000000000      F
         694   337.50000000000000        437.50000000000000        1.6000000000000001E-003   625.00000000000000      F
         695   362.50000000000000        437.50000000000000        1.6000000000000001E-003   625.00000000000000      F
         696   387.50000000000000        437.50000000000000        1.6000000000000001E-003   625.00000000000000      F
         697   412.50000000000000        437.50000000000000        1.6000000000000001E-003   625.00000000000000      F
         698   437.50000000000000        437.50000000000000        1.6000000000000001E-003   625.00000000000000      F
         699   462.50000000000000        437.50000000000000        1.6000000000000001E-003   625.00000000000000      F
         700   487.50000000000000        437.50000000000000        1.6000000000000001E-003   625.00000000000000      F
         701   512.50000000000000        437.50000000000000        1.6000000000000001E-003   625.00000000000000      F
         702   537.50000000000000        437.50000000000000        1.6000000000000001E-003   625.00000000000000      F
         703   562.50000000000000        437.50000000000000        1.6000000000000001E-003   625.00000000000000      F
         704   587.50000000000000        437.50000000000000        1.6000000000000001E-003   625.00000000000000      F
         705   612.50000000000000        437.50000000000000        1.6000000000000001E-003   625.00000000000000      F
         706   637.50000000000000        437.50000000000000        1.6000000000000001E-003   625.00000000000000      F
         707   662.50000000000000        437.50000000000000        1.6000000000000001E-003   625.00000000000000      F
         708   687.50000000000000        437.50000000000000        1.6000000000000001E-003   625.00000000000000      F
         709   712.50000000000000        437.50000000000000        1.6000000000000001E-003   625.00000000000000      F
         710   737.50000000000000        437.50000000000000        1.6000000000000001E-003   625.00000000000000      F
         711   762.50000000000000        437.50000000000000        1.6000000000000001E-003   625.00000000000000      F
         712   787.50000000000000        437.50000000000000        1.6000000000000001E-003   625.00000000000000      F
         713   812.50000000000000        437.50000000000000        1.6000000000000001E-003   625.00000000000000      F
         714   837.50000000000000        437.50000000000000        1.6000000000000001E-003   625.00000000000000      F
         715   862.50000000000000        437.50000000000000        1.6000000000000001E-003   625.00000000000000      F
         716   887.50000000000000        437.50000000000000        1.6000000000000001E-003   625.00000000000000      F
         717   912.50000000000000        437.50000000000000        1.6000000000000001E-003   625.00000000000000      F
         718   937.50000000000000        437.50000000000000        1.6000000000000001E-003   625.00000000000000      F
         719   962.50000000000000        437.50000000000000        1.6000000000000001E-003   625.00000000000000      F
         720   987.50000000000000        437.50000000000000        1.6000000000000001E-003   625.00000000000000      T
         721   12.500000000000000        462.50000000000000        1.6000000000000001E-003   625.00000000000000      T
         722   37.500000000000000        462.50000000000000        1.6000000000000001E-003   625.00000000000000      F
         723   62.500000000000000        462.50000000000000        1.6000000000000001E-003   625.00000000000000      F
         724   87.500000000000000        462.50000000000000        1.6000000000000001E-003   625.00000000000000      F
         725   112.50000000000000        462.50000000000000        1.6000000000000001E-003   625.00000000000000      F
         726   137.50000000000000        462.50000000000000        1.6000000000000001E-003   625.00000000000000      F
         727   162.50000000000000        462.50000000000000        1.6000000000000001E-003   625.00000000000000      F
         728   187.50000000000000        462.50000000000000        1.6000000000000001E-003   625.00000000000000      F
         729   212.50000000000000        462.50000000000000        1.6000000000000001E-003   625.00000000000000      F
         730   237.50000000000000        462.50000000000000        1.6000000000000001E-003   625.00000000000000      F
         731   262.50000000000000        462.50000000000000        1.6000000000000001E-003   625.00000000000000      F
         732   287.50000000000000        462.50000000000000        1.6000000000000001E-003   625.00000000000000      F
         733   312.50000000000000        462.50000000000000        1.6000000000000001E-003   625.00000000000000      F
         734   337.50000000000000        462.50000000000000        1.6000000000000001E-003   625.00000000000000      F
         735   362.50000000000000        462.50000000000000        1.6000000000000001E-003   625.00000000000000      F
         736   387.50000000000000        462.50000000000000        1.6000000000000001E-003   625.00000000000000      F
         737   412.50000000000000        462.50000000000000        1.6000000000000001E-003   625.00000000000000      F
         738   437.50000000000000        462.50000000000000        1.6000000000000001E-003   625.00000000000000      F
         739   462.50000000000000        462.50000000000000        1.6000000000000001E-003   625.00000000000000      F
         740   487.50000000000000        462.50000000000000        1.6000000000000001E-003   625.00000000000000      F
         741   512.50000000000000        462.50000000000000        1.6000000000000001E-003   625.00000000000000      F
         742   537.50000000000000        462.50000000000000        1.6000000000000001E-003   625.00000000000000      F
         743   562.50000000000000        462.50000000000000        1.6000000000000001E-003   625.00000000000000      F
         744   587.50000000000000        462.50000000000000        1.6000000000000001E-003   625.00000000000000      F
         745   612.50000000000000        462.50000000000000        1.6000000000000001E-003   625.00000000000000      F
         746   637.50000000000000        462.50000000000000        1.6000000000000001E-003   625.00000000000000      F
         747   662.50000000000000        462.50000000000000        1.6000000000000001E-003   625.00000000000000      F
         748   687.50000000000000        462.50000000000000        1.6000000000000001E-003   625.00000000000000      F
         749   712.50000000000000        462.50000000000000        1.6000000000000001E-003   625.00000000000000      F
         750   737.50000000000000        462.50000000000000        1.6000000000000001E-003   625.00000000000000      F
         751   762.50000000000000        462.50000000000000        1.6000000000000001E-003   625.00000000000000      F
         752   787.50000000000000        462.50000000000000        1.6000000000000001E-003   625.00000000000000      F
         753   812.50000000000000        462.50000000000000        1.6000000000000001E-003   625.00000000000000      F
         754   837.50000000000000        462.50000000000000        1.6000000000000001E-003   625.00000000000000      F
         755   862.50000000000000        462.50000000000000        1.6000000000000001E-003   625.00000000000000      F
         756   887.50000000000000        462.50000000000000        1.6000000000000001E-003   625.00000000000000      F
         757   912.50000000000000        462.50000000000000        1.6000000000000001E-003   625.00000000000000      F
         758   937.50000000000000        462.50000000000000        1.6000000000000001E-003   625.00000000000000      F
         759   962.50000000000000        462.50000000000000        1.6000000000000001E-003   625.00000000000000      F
         760   987.50000000000000        462.50000000000000        1.6000000000000001E-003   625.00000000000000      T
         761   12.500000000000000        487.50000000000000        1.6000000000000001E-003   625.00000000000000      T
         762   37.500000000000000        487.50000000000000        1.6000000000000001E-003   625.00000000000000      F
         763   62.500000000000000        487.50000000000000        1.6000000000000001E-003   625.00000000000000      F
         764   87.500000000000000        487.50000000000000        1.6000000000000001E-003   625.00000000000000      F
         765   112.50000000000000        487.50000000000000        1.6000000000000001E-003   625.00000000000000      F
         766   137.50000000000000        487.50000000000000        1.6000000000000001E-003   625.00000000000000      F
         767   162.50000000000000        487.50000000000000        1.6000000000000001E-003   625.00000000000000      F
         768   187.50000000000000        487.50000000000000        1.6000000000000001E-003   625.00000000000000      F
         769   212.50000000000000        487.50000000000000        1.6000000000000001E-003   625.00000000000000      F
         770   237.50000000000000        487.50000000000000        1.6000000000000001E-003   625.00000000000000      F
         771   262.50000000000000        487.50000000000000        1.6000000000000001E-003   625.00000000000000      F
         772   287.50000000000000        487.50000000000000        1.6000000000000001E-003   625.00000000000000      F
         773   312.50000000000000        487.50000000000000        1.6000000000000001E-003   625.00000000000000      F
         774   337.50000000000000        487.50000000000000        1.6000000000000001E-003   625.00000000000000      F
         775   362.50000000000000        487.50000000000000        1.6000000000000001E-003   625.00000000000000      F
         776   387.50000000000000        487.50000000000000        1.6000000000000001E-003   625.00000000000000      F
         777   412.50000000000000        487.50000000000000        1.6000000000000001E-003   625.00000000000000      F
         778   437.50000000000000        487.50000000000000        1.6000000000000001E-003   625.00000000000000      F
         779   462.50000000000000        487.50000000000000        1.6000000000000001E-003   625.00000000000000      F
         780   487.50000000000000        487.50000000000000        1.6000000000000001E-003   625.00000000000000      F
         781   512.50000000000000        487.50000000000000        1.6000000000000001E-003   625.00000000000000      F
         782   537.50000000000000        487.50000000000000        1.6000000000000001E-003   625.00000000000000      F
         783   562.50000000000000        487.50000000000000        1.6000000000000001E-003   625.00000000000000      F
         784   587.50000000000000        487.50000000000000        1.6000000000000001E-003   625.00000000000000      F
         785   612.50000000000000        487.50000000000000        1.6000000000000001E-003   625.00000000000000      F
         786   637.50000000000000        487.50000000000000        1.6000000000000001E-003   625.00000000000000      F
         787   662.50000000000000        487.50000000000000        1.6000000000000001E-003   625.00000000000000      F
         788   687.50000000000000        487.50000000000000        1.6000000000000001E-003   625.00000000000000      F
         789   712.50000000000000        487.50000000000000        1.6000000000000001E-003   625.00000000000000      F
         790   737.50000000000000        487.50000000000000        1.6000000000000001E-003   625.00000000000000      F
         791   762.50000000000000        487.50000000000000        1.6000000000000001E-003   625.00000000000000      F
         792   787.50000000000000        487.50000000000000        1.6000000000000001E-003   625.00000000000000      F
         793   812.50000000000000        487.50000000000000        1.6000000000000001E-003   625.00000000000000      F
         794   837.50000000000000        487.50000000000000        1.6000000000000001E-003   625.00000000000000      F
         795   862.50000000000000        487.50000000000000        1.6000000000000001E-003   625.00000000000000      F
         796   887.50000000000000        487.50000000000000        1.6000000000000001E-003   625.00000000000000      F
         797   912.50000000000000        487.50000000000000        1.6000000000000001E-003   625.00000000000000      F
         798   937.50000000000000        487.50000000000000        1.6000000000000001E-003   625.00000000000000      F
         799   962.50000000000000        487.50000000000000        1.6000000000000001E-003   625.00000000000000      F
         800   987.50000000000000        487.50000000000000        1.6000000000000001E-003   625.00000000000000      T
         801   12.500000000000000        512.50000000000000        1.6000000000000001E-003   625.00000000000000      T
         802   37.500000000000000        512.50000000000000        1.6000000000000001E-003   625.00000000000000      F
         803   62.500000000000000        512.50000000000000        1.6000000000000001E-003   625.00000000000000      F
         804   87.500000000000000        512.50000000000000        1.6000000000000001E-003   625.00000000000000      F
         805   112.50000000000000        512.50000000000000        1.6000000000000001E-003   625.00000000000000      F
         806   137.50000000000000        512.50000000000000        1.6000000000000001E-003   625.00000000000000      F
         807   162.50000000000000        512.50000000000000        1.6000000000000001E-003   625.00000000000000      F
         808   187.50000000000000        512.50000000000000        1.6000000000000001E-003   625.00000000000000      F
         809   212.50000000000000        512.50000000000000        1.6000000000000001E-003   625.00000000000000      F
         810   237.50000000000000        512.50000000000000        1.6000000000000001E-003   625.00000000000000      F
         811   262.50000000000000        512.50000000000000        1.6000000000000001E-003   625.00000000000000      F
         812   287.50000000000000        512.50000000000000        1.6000000000000001E-003   625.00000000000000      F
         813   312.50000000000000        512.50000000000000        1.6000000000000001E-003   625.00000000000000      F
         814   337.50000000000000        512.50000000000000        1.6000000000000001E-003   625.00000000000000      F
         815   362.50000000000000        512.50000000000000        1.6000000000000001E-003   625.00000000000000      F
         816   387.50000000000000        512.50000000000000        1.6000000000000001E-003   625.00000000000000      F
         817   412.50000000000000        512.50000000000000        1.6000000000000001E-003   625.00000000000000      F
         818   437.50000000000000        512.50000000000000        1.6000000000000001E-003   625.00000000000000      F
         819   462.50000000000000        512.50000000000000        1.6000000000000001E-003   625.00000000000000      F
         820   487.50000000000000        512.50000000000000        1.6000000000000001E-003   625.00000000000000      F
         821   512.50000000000000        512.50000000000000        1.6000000000000001E-003   625.00000000000000      F
         822   537.50000000000000        512.50000000000000        1.6000000000000001E-003   625.00000000000000      F
         823   562.50000000000000        512.50000000000000        1.6000000000000001E-003   625.00000000000000      F
         824   587.50000000000000        512.50000000000000        1.6000000000000001E-003   625.00000000000000      F
         825   612.50000000000000        512.50000000000000        1.6000000000000001E-003   625.00000000000000      F
         826   637.50000000000000        512.50000000000000        1.6000000000000001E-003   625.00000000000000      F
         827   662.50000000000000        512.50000000000000        1.6000000000000001E-003   625.00000000000000      F
         828   687.50000000000000        512.50000000000000        1.6000000000000001E-003   625.00000000000000      F
         829   712.50000000000000        512.50000000000000        1.6000000000000001E-003   625.00000000000000      F
         830   737.50000000000000        512.50000000000000        1.6000000000000001E-003   625.00000000000000      F
         831   762.50000000000000        512.50000000000000        1.6000000000000001E-003   625.00000000000000      F
         832   787.50000000000000        512.50000000000000        1.6000000000000001E-003   625.00000000000000      F
         833   812.50000000000000        512.50000000000000        1.6000000000000001E-003   625.00000000000000      F
         834   837.50000000000000        512.50000000000000        1.6000000000000001E-003   625.00000000000000      F
         835   862.50000000000000        512.50000000000000        1.6000000000000001E-003   625.00000000000000      F
         836   887.50000000000000        512.50000000000000        1.6000000000000001E-003   625.00000000000000      F
         837   912.50000000000000        512.50000000000000        1.6000000000000001E-003   625.00000000000000      F
         838   937.50000000000000        512.50000000000000        1.6000000000000001E-003   625.00000000000000      F
         839   962.50000000000000        512.50000000000000        1.6000000000000001E-003   625.00000000000000      F
         840   987.50000000000000        512.50000000000000        1.6000000000000001E-003   625.00000000000000      T
         841   12.500000000000000        537.50000000000000        1.6000000000000001E-003   625.00000000000000      T
         842   37.500000000000000        537.50000000000000        1.6000000000000001E-003   625.00000000000000      F
         843   62.500000000000000        537.50000000000000        1.6000000000000001E-003   625.00000000000000      F
         844   87.500000000000000        537.50000000000000        1.6000000000000001E-003   625.00000000000000      F
         845   112.50000000000000        537.50000000000000        1.6000000000000001E-003   625.00000000000000      F
         846   137.50000000000000        537.50000000000000        1.6000000000000001E-003   625.00000000000000      F
         847   162.50000000000000        537.50000000000000        1.6000000000000001E-003   625.00000000000000      F
         848   187.50000000000000        537.50000000000000        1.6000000000000001E-003   625.00000000000000      F
         849   212.50000000000000        537.50000000000000        1.6000000000000001E-003   625.00000000000000      F
         850   237.50000000000000        537.50000000000000        1.6000000000000001E-003   625.00000000000000      F
         851   262.50000000000000        537.50000000000000        1.6000000000000001E-003   625.00000000000000      F
         852   287.50000000000000        537.50000000000000        1.6000000000000001E-003   625.00000000000000      F
         853   312.50000000000000        537.50000000000000        1.6000000000000001E-003   625.00000000000000      F
         854   337.50000000000000        537.50000000000000        1.6000000000000001E-003   625.00000000000000      F
         855   362.50000000000000        537.50000000000000        1.6000000000000001E-003   625.00000000000000      F
         856   387.50000000000000        537.50000000000000        1.6000000000000001E-003   625.00000000000000      F
         857   412.50000000000000        537.50000000000000        1.6000000000000001E-003   625.00000000000000      F
         858   437.50000000000000        537.50000000000000        1.6000000000000001E-003   625.00000000000000      F
         859   462.50000000000000        537.50000000000000        1.6000000000000001E-003   625.00000000000000      F
         860   487.50000000000000        537.50000000000000        1.6000000000000001E-003   625.00000000000000      F
         861   512.50000000000000        537.50000000000000        1.6000000000000001E-003   625.00000000000000      F
         862   537.50000000000000        537.50000000000000        1.6000000000000001E-003   625.00000000000000      F
         863   562.50000000000000        537.50000000000000        1.6000000000000001E-003   625.00000000000000      F
         864   587.50000000000000        537.50000000000000        1.6000000000000001E-003   625.00000000000000      F
         865   612.50000000000000        537.50000000000000        1.6000000000000001E-003   625.00000000000000      F
         866   637.50000000000000        537.50000000000000        1.6000000000000001E-003   625.00000000000000      F
         867   662.50000000000000        537.50000000000000        1.6000000000000001E-003   625.00000000000000      F
         868   687.50000000000000        537.50000000000000        1.6000000000000001E-003   625.00000000000000      F
         869   712.50000000000000        537.50000000000000        1.6000000000000001E-003   625.00000000000000      F
         870   737.50000000000000        537.50000000000000        1.6000000000000001E-003   625.00000000000000      F
         871   762.50000000000000        537.50000000000000        1.6000000000000001E-003   625.00000000000000      F
         872   787.50000000000000        537.50000000000000        1.6000000000000001E-003   625.00000000000000      F
         873   812.50000000000000        537.50000000000000        1.6000000000000001E-003   625.00000000000000      F
         874   837.50000000000000        537.50000000000000        1.6000000000000001E-003   625.00000000000000      F
         875   862.50000000000000        537.50000000000000        1.6000000000000001E-003   625.00000000000000      F
         876   887.50000000000000        537.50000000000000        1.6000000000000001E-003   625.00000000000000      F
         877   912.50000000000000        537.50000000000000        1.6000000000000001E-003   625.00000000000000      F
         878   937.50000000000000        537.50000000000000        1.6000000000000001E-003   625.00000000000000      F
         879   962.50000000000000        537.50000000000000        1.6000000000000001E-003   625.00000000000000      F
         880   987.50000000000000        537.50000000000000        1.6000000000000001E-003   625.00000000000000      T
         881   12.500000000000000        562.50000000000000        1.6000000000000001E-003   625.00000000000000      T
         882   37.500000000000000        562.50000000000000        1.6000000000000001E-003   625.00000000000000      F
         883   62.500000000000000        562.50000000000000        1.6000000000000001E-003   625.00000000000000      F
         884   87.500000000000000        562.50000000000000        1.6000000000000001E-003   625.00000000000000      F
         885   112.50000000000000        562.50000000000000        1.6000000000000001E-003   625.00000000000000      F
         886   137.50000000000000        562.50000000000000        1.6000000000000001E-003   625.00000000000000      F
         887   162.50000000000000        562.50000000000000        1.6000000000000001E-003   625.00000000000000      F
         888   187.50000000000000        562.50000000000000        1.6000000000000001E-003   625.00000000000000      F
         889   212.50000000000000        562.50000000000000        1.6000000000000001E-003   625.00000000000000      F
         890   237.50000000000000        562.50000000000000        1.6000000000000001E-003   625.00000000000000      F
         891   262.50000000000000        562.50000000000000        1.6000000000000001E-003   625.00000000000000      F
         892   287.50000000000000        562.50000000000000        1.6000000000000001E-003   625.00000000000000      F
         893   312.50000000000000        562.50000000000000        1.6000000000000001E-003   625.00000000000000      F
         894   337.50000000000000        562.50000000000000        1.6000000000000001E-003   625.00000000000000      F
         895   362.50000000000000        562.50000000000000        1.6000000000000001E-003   625.00000000000000      F
         896   387.50000000000000        562.50000000000000        1.6000000000000001E-003   625.00000000000000      F
         897   412.50000000000000        562.50000000000000        1.6000000000000001E-003   625.00000000000000      F
         898   437.50000000000000        562.50000000000000        1.6000000000000001E-003   625.00000000000000      F
         899   462.50000000000000        562.50000000000000        1.6000000000000001E-003   625.00000000000000      F
         900   487.50000000000000        562.50000000000000        1.6000000000000001E-003   625.00000000000000      F
         901   512.50000000000000        562.50000000000000        1.6000000000000001E-003   625.00000000000000      F
         902   537.50000000000000        562.50000000000000        1.6000000000000001E-003   625.00000000000000      F
         903   562.50000000000000        562.50000000000000        1.6000000000000001E-003   625.00000000000000      F
         904   587.50000000000000        562.50000000000000        1.6000000000000001E-003   625.00000000000000      F
         905   612.50000000000000        562.50000000000000        1.6000000000000001E-003   625.00000000000000      F
         906   637.50000000000000        562.50000000000000        1.6000000000000001E-003   625.00000000000000      F
         907   662.50000000000000        562.50000000000000        1.6000000000000001E-003   625.00000000000000      F
         908   687.50000000000000        562.50000000000000        1.6000000000000001E-003   625.00000000000000      F
         909   712.50000000000000        562.50000000000000        1.6000000000000001E-003   625.00000000000000      F
         910   737.50000000000000        562.50000000000000        1.6000000000000001E-003   625.00000000000000      F
         911   762.50000000000000        562.50000000000000        1.6000000000000001E-003   625.00000000000000      F
         912   787.50000000000000        562.50000000000000        1.6000000000000001E-003   625.00000000000000      F
         913   812.50000000000000        562.50000000000000        1.6000000000000001E-003   625.00000000000000      F
         914   837.50000000000000        562.50000000000000        1.6000000000000001E-003   625.00000000000000      F
         915   862.50000000000000        562.50000000000000        1.6000000000000001E-003   625.00000000000000      F
         916   887.50000000000000        562.50000000000000        1.6000000000000001E-003   625.00000000000000      F
         917   912.50000000000000        562.50000000000000        1.6000000000000001E-003   625.00000000000000      F
         918   937.50000000000000        562.50000000000000        1.6000000000000001E-003   625.00000000000000      F
         919   962.50000000000000        562.50000000000000        1.6000000000000001E-003   625.00000000000000      F
         920   987.50000000000000        562.50000000000000        1.6000000000000001E-003   625.00000000000000      T
         921   12.500000000000000        587.50000000000000        1.6000000000000001E-003   625.00000000000000      T
         922   37.500000000000000        587.50000000000000        1.6000000000000001E-003   625.00000000000000      F
         923   62.500000000000000        587.50000000000000        1.6000000000000001E-003   625.00000000000000      F
         924   87.500000000000000        587.50000000000000        1.6000000000000001E-003   625.00000000000000      F
         925   112.50000000000000        587.50000000000000        1.6000000000000001E-003   625.00000000000000      F
         926   137.50000000000000        587.50000000000000        1.6000000000000001E-003   625.00000000000000      F
         927   162.50000000000000        587.50000000000000        1.6000000000000001E-003   625.00000000000000      F
         928   187.50000000000000        587.50000000000000        1.6000000000000001E-003   625.00000000000000      F
         929   212.50000000000000        587.50000000000000        1.6000000000000001E-003   625.00000000000000      F
         930   237.50000000000000        587.50000000000000        1.6000000000000001E-003   625.00000000000000      F
         931   262.50000000000000        587.50000000000000        1.6000000000000001E-003   625.00000000000000      F
         932   287.50000000000000        587.50000000000000        1.6000000000000001E-003   625.00000000000000      F
         933   312.50000000000000        587.50000000000000        1.6000000000000001E-003   625.00000000000000      F
         934   337.50000000000000        587.50000000000000        1.6000000000000001E-003   625.00000000000000      F
         935   362.50000000000000        587.50000000000000        1.6000000000000001E-003   625.00000000000000      F
         936   387.50000000000000        587.50000000000000        1.6000000000000001E-003   625.00000000000000      F
         937   412.50000000000000        587.50000000000000        1.6000000000000001E-003   625.00000000000000      F
         938   437.50000000000000        587.50000000000000        1.6000000000000001E-003   625.00000000000000      F
         939   462.50000000000000        587.50000000000000        1.6000000000000001E-003   625.00000000000000      F
         940   487.50000000000000        587.50000000000000        1.6000000000000001E-003   625.00000000000000      F
         941   512.50000000000000        587.50000000000000        1.6000000000000001E-003   625.00000000000000      F
         942   537.50000000000000        587.50000000000000        1.6000000000000001E-003   625.00000000000000      F
         943   562.50000000000000        587.50000000000000        1.6000000000000001E-003   625.00000000000000      F
         944   587.50000000000000        587.50000000000000        1.6000000000000001E-003   625.00000000000000      F
         945   612.50000000000000        587.50000000000000        1.6000000000000001E-003   625.00000000000000      F
         946   637.50000000000000        587.50000000000000        1.6000000000000001E-003   625.00000000000000      F
         947   662.50000000000000        587.50000000000000        1.6000000000000001E-003   625.00000000000000      F
         948   687.50000000000000        587.50000000000000        1.6000000000000001E-003   625.00000000000000      F
         949   712.50000000000000        587.50000000000000        1.6000000000000001E-003   625.00000000000000      F
         950   737.50000000000000        587.50000000000000        1.6000000000000001E-003   625.00000000000000      F
         951   762.50000000000000        587.50000000000000        1.6000000000000001E-003   625.00000000000000      F
         952   787.50000000000000        587.50000000000000        1.6000000000000001E-003   625.00000000000000      F
         953   812.50000000000000        587.50000000000000        1.6000000000000001E-003   625.00000000000000      F
         954   837.50000000000000        587.50000000000000        1.6000000000000001E-003   625.00000000000000      F
         955   862.50000000000000        587.50000000000000        1.6000000000000001E-003   625.00000000000000      F
         956   887.50000000000000        587.50000000000000        1.6000000000000001E-003   625.00000000000000      F
         957   912.50000000000000        587.50000000000000        1.6000000000000001E-003   625.00000000000000      F
         958   937.50000000000000        587.50000000000000        1.6000000000000001E-003   625.00000000000000      F
         959   962.50000000000000        587.50000000000000        1.6000000000000001E-003   625.00000000000000      F
         960   987.50000000000000        587.50000000000000        1.6000000000000001E-003   625.00000000000000      T
         961   12.500000000000000        612.50000000000000        1.6000000000000001E-003   625.00000000000000      T
         962   37.500000000000000        612.50000000000000        1.6000000000000001E-003   625.00000000000000      F
         963   62.500000000000000        612.50000000000000        1.6000000000000001E-003   625.00000000000000      F
         964   87.500000000000000        612.50000000000000        1.6000000000000001E-003   625.00000000000000      F
         965   112.50000000000000        612.50000000000000        1.6000000000000001E-003   625.00000000000000      F
         966   137.50000000000000        612.50000000000000        1.6000000000000001E-003   625.00000000000000      F
         967   162.50000000000000        612.50000000000000        1.6000000000000001E-003   625.00000000000000      F
         968   187.50000000000000        612.50000000000000        1.6000000000000001E-003   625.00000000000000      F
         969   212.50000000000000        612.50000000000000        1.6000000000000001E-003   625.00000000000000      F
         970   237.50000000000000        612.50000000000000        1.6000000000000001E-003   625.00000000000000      F
         971   262.50000000000000        612.50000000000000        1.6000000000000001E-003   625.00000000000000      F
         972   287.50000000000000        612.50000000000000        1.6000000000000001E-003   625.00000000000000      F
         973   312.50000000000000        612.50000000000000        1.6000000000000001E-003   625.00000000000000      F
         974   337.50000000000000        612.50000000000000        1.6000000000000001E-003   625.00000000000000      F
         975   362.50000000000000        612.50000000000000        1.6000000000000001E-003   625.00000000000000      F
         976   387.50000000000000        612.50000000000000        1.6000000000000001E-003   625.00000000000000      F
         977   412.50000000000000        612.50000000000000        1.6000000000000001E-003   625.00000000000000      F
         978   437.50000000000000        612.50000000000000        1.6000000000000001E-003   625.00000000000000      F
         979   462.50000000000000        612.50000000000000        1.6000000000000001E-003   625.00000000000000      F
         980   487.50000000000000        612.50000000000000        1.6000000000000001E-003   625.00000000000000      F
         981   512.50000000000000        612.50000000000000        1.6000000000000001E-003   625.00000000000000      F
         982   537.50000000000000        612.50000000000000        1.6000000000000001E-003   625.00000000000000      F
         983   562.50000000000000        612.50000000000000        1.6000000000000001E-003   625.00000000000000      F
         984   587.50000000000000        612.50000000000000        1.6000000000000001E-003   625.00000000000000      F
         985   612.50000000000000        612.50000000000000        1.6000000000000001E-003   625.00000000000000      F
         986   637.50000000000000        612.50000000000000        1.6000000000000001E-003   625.00000000000000      F
         987   662.50000000000000        612.50000000000000        1.6000000000000001E-003   625.00000000000000      F
         988   687.50000000000000        612.50000000000000        1.6000000000000001E-003   625.00000000000000      F
         989   712.50000000000000        612.50000000000000        1.6000000000000001E-003   625.00000000000000      F
         990   737.50000000000000        612.50000000000000        1.6000000000000001E-003   625.00000000000000      F
         991   762.50000000000000        612.50000000000000        1.6000000000000001E-003   625.00000000000000      F
         992   787.50000000000000        612.50000000000000        1.6000000000000001E-003   625.00000000000000      F
         993   812.50000000000000        612.50000000000000        1.6000000000000001E-003   625.00000000000000      F
         994   837.50000000000000        612.50000000000000        1.6000000000000001E-003   625.00000000000000      F
         995   862.50000000000000        612.50000000000000        1.6000000000000001E-003   625.00000000000000      F
         996   887.50000000000000        612.50000000000000        1.6000000000000001E-003   625.00000000000000      F
         997   912.50000000000000        612.50000000000000        1.6000000000000001E-003   625.00000000000000      F
         998   937.50000000000000        612.50000000000000        1.6000000000000001E-003   625.00000000000000      F
         999   962.50000000000000        612.50000000000000        1.6000000000000001E-003   625.00000000000000      F
        1000   987.50000000000000        612.50000000000000        1.6000000000000001E-003   625.00000000000000      T
        1001   12.500000000000000        637.50000000000000        1.6000000000000001E-003   625.00000000000000      T
        1002   37.500000000000000        637.50000000000000        1.6000000000000001E-003   625.00000000000000      F
        1003   62.500000000000000        637.50000000000000        1.6000000000000001E-003   625.00000000000000      F
        1004   87.500000000000000        637.50000000000000        1.6000000000000001E-003   625.00000000000000      F
        1005   112.50000000000000        637.50000000000000        1.6000000000000001E-003   625.00000000000000      F
        1006   137.50000000000000        637.50000000000000        1.6000000000000001E-003   625.00000000000000      F
        1007   162.50000000000000        637.50000000000000        1.6000000000000001E-003   625.00000000000000      F
        1008   187.50000000000000        637.50000000000000        1.6000000000000001E-003   625.00000000000000      F
        1009   212.50000000000000        637.50000000000000        1.6000000000000001E-003   625.00000000000000      F
        1010   237.50000000000000        637.50000000000000        1.6000000000000001E-003   625.00000000000000      F
        1011   262.50000000000000        637.50000000000000        1.6000000000000001E-003   625.00000000000000      F
        1012   287.50000000000000        637.50000000000000        1.6000000000000001E-003   625.00000000000000      F
        1013   312.50000000000000        637.50000000000000        1.6000000000000001E-003   625.00000000000000      F
        1014   337.50000000000000        637.50000000000000        1.6000000000000001E-003   625.00000000000000      F
        1015   362.50000000000000        637.50000000000000        1.6000000000000001E-003   625.00000000000000      F
        1016   387.50000000000000        637.50000000000000        1.6000000000000001E-003   625.00000000000000      F
        1017   412.50000000000000        637.50000000000000        1.6000000000000001E-003   625.00000000000000      F
        1018   437.50000000000000        637.50000000000000        1.6000000000000001E-003   625.00000000000000      F
        1019   462.50000000000000        637.50000000000000        1.6000000000000001E-003   625.00000000000000      F
        1020   487.50000000000000        637.50000000000000        1.6000000000000001E-003   625.00000000000000      F
        1021   512.50000000000000        637.50000000000000        1.6000000000000001E-003   625.00000000000000      F
        1022   537.50000000000000        637.50000000000000        1.6000000000000001E-003   625.00000000000000      F
        1023   562.50000000000000        637.50000000000000        1.6000000000000001E-003   625.00000000000000      F
        1024   587.50000000000000        637.50000000000000        1.6000000000000001E-003   625.00000000000000      F
        1025   612.50000000000000        637.50000000000000        1.6000000000000001E-003   625.00000000000000      F
        1026   637.50000000000000        637.50000000000000        1.6000000000000001E-003   625.00000000000000      F
        1027   662.50000000000000        637.50000000000000        1.6000000000000001E-003   625.00000000000000      F
        1028   687.50000000000000        637.50000000000000        1.6000000000000001E-003   625.00000000000000      F
        1029   712.50000000000000        637.50000000000000        1.6000000000000001E-003   625.00000000000000      F
        1030   737.50000000000000        637.50000000000000        1.6000000000000001E-003   625.00000000000000      F
        1031   762.50000000000000        637.50000000000000        1.6000000000000001E-003   625.00000000000000      F
        1032   787.50000000000000        637.50000000000000        1.6000000000000001E-003   625.00000000000000      F
        1033   812.50000000000000        637.50000000000000        1.6000000000000001E-003   625.00000000000000      F
        1034   837.50000000000000        637.50000000000000        1.6000000000000001E-003   625.00000000000000      F
        1035   862.50000000000000        637.50000000000000        1.6000000000000001E-003   625.00000000000000      F
        1036   887.50000000000000        637.50000000000000        1.6000000000000001E-003   625.00000000000000      F
        1037   912.50000000000000        637.50000000000000        1.6000000000000001E-003   625.00000000000000      F
        1038   937.50000000000000        637.50000000000000        1.6000000000000001E-003   625.00000000000000      F
        1039   962.50000000000000        637.50000000000000        1.6000000000000001E-003   625.00000000000000      F
        1040   987.50000000000000        637.50000000000000        1.6000000000000001E-003   625.00000000000000      T
        1041   12.500000000000000        662.50000000000000        1.6000000000000001E-003   625.00000000000000      T
        1042   37.500000000000000        662.50000000000000        1.6000000000000001E-003   625.00000000000000      F
        1043   62.500000000000000        662.50000000000000        1.6000000000000001E-003   625.00000000000000      F
        1044   87.500000000000000        662.50000000000000        1.6000000000000001E-003   625.00000000000000      F
        1045   112.50000000000000        662.50000000000000        1.6000000000000001E-003   625.00000000000000      F
        1046   137.50000000000000        662.50000000000000        1.6000000000000001E-003   625.00000000000000      F
        1047   162.50000000000000        662.50000000000000        1.6000000000000001E-003   625.00000000000000      F
        1048   187.50000000000000        662.50000000000000        1.6000000000000001E-003   625.00000000000000      F
        1049   212.50000000000000        662.50000000000000        1.6000000000000001E-003   625.00000000000000      F
        1050   237.50000000000000        662.50000000000000        1.6000000000000001E-003   625.00000000000000      F
        1051   262.50000000000000        662.50000000000000        1.6000000000000001E-003   625.00000000000000      F
        1052   287.50000000000000        662.50000000000000        1.6000000000000001E-003   625.00000000000000      F
        1053   312.50000000000000        662.50000000000000        1.6000000000000001E-003   625.00000000000000      F
        1054   337.50000000000000        662.50000000000000        1.6000000000000001E-003   625.00000000000000      F
        1055   362.50000000000000        662.50000000000000        1.6000000000000001E-003   625.00000000000000      F
        1056   387.50000000000000        662.50000000000000        1.6000000000000001E-003   625.00000000000000      F
        1057   412.50000000000000        662.50000000000000        1.6000000000000001E-003   625.00000000000000      F
        1058   437.50000000000000        662.50000000000000        1.6000000000000001E-003   625.00000000000000      F
        1059   462.50000000000000        662.50000000000000        1.6000000000000001E-003   625.00000000000000      F
        1060   487.50000000000000        662.50000000000000        1.6000000000000001E-003   625.00000000000000      F
        1061   512.50000000000000        662.50000000000000        1.6000000000000001E-003   625.00000000000000      F
        1062   537.50000000000000        662.50000000000000        1.6000000000000001E-003   625.00000000000000      F
        1063   562.50000000000000        662.50000000000000        1.6000000000000001E-003   625.00000000000000      F
        1064   587.50000000000000        662.50000000000000        1.6000000000000001E-003   625.00000000000000      F
        1065   612.50000000000000        662.50000000000000        1.6000000000000001E-003   625.00000000000000      F
        1066   637.50000000000000        662.50000000000000        1.6000000000000001E-003   625.00000000000000      F
        1067   662.50000000000000        662.50000000000000        1.6000000000000001E-003   625.00000000000000      F
        1068   687.50000000000000        662.50000000000000        1.6000000000000001E-003   625.00000000000000      F
        1069   712.50000000000000        662.50000000000000        1.6000000000000001E-003   625.00000000000000      F
        1070   737.50000000000000        662.50000000000000        1.6000000000000001E-003   625.00000000000000      F
        1071   762.50000000000000        662.50000000000000        1.6000000000000001E-003   625.00000000000000      F
        1072   787.50000000000000        662.50000000000000        1.6000000000000001E-003   625.00000000000000      F
        1073   812.50000000000000        662.50000000000000        1.6000000000000001E-003   625.00000000000000      F
        1074   837.50000000000000        662.50000000000000        1.6000000000000001E-003   625.00000000000000      F
        1075   862.50000000000000        662.50000000000000        1.6000000000000001E-003   625.00000000000000      F
        1076   887.50000000000000        662.50000000000000        1.6000000000000001E-003   625.00000000000000      F
        1077   912.50000000000000        662.50000000000000        1.6000000000000001E-003   625.00000000000000      F
        1078   937.50000000000000        662.50000000000000        1.6000000000000001E-003   625.00000000000000      F
        1079   962.50000000000000        662.50000000000000        1.6000000000000001E-003   625.00000000000000      F
        1080   987.50000000000000        662.50000000000000        1.6000000000000001E-003   625.00000000000000      T
        1081   12.500000000000000        687.50000000000000        1.6000000000000001E-003   625.00000000000000      T
        1082   37.500000000000000        687.50000000000000        1.6000000000000001E-003   625.00000000000000      F
        1083   62.500000000000000        687.50000000000000        1.6000000000000001E-003   625.00000000000000      F
        1084   87.500000000000000        687.50000000000000        1.6000000000000001E-003   625.00000000000000      F
        1085   112.50000000000000        687.50000000000000        1.6000000000000001E-003   625.00000000000000      F
        1086   137.50000000000000        687.50000000000000        1.6000000000000001E-003   625.00000000000000      F
        1087   162.50000000000000        687.50000000000000        1.6000000000000001E-003   625.00000000000000      F
        1088   187.50000000000000        687.50000000000000        1.6000000000000001E-003   625.00000000000000      F
        1089   212.50000000000000        687.50000000000000        1.6000000000000001E-003   625.00000000000000      F
        1090   237.50000000000000        687.50000000000000        1.6000000000000001E-003   625.00000000000000      F
        1091   262.50000000000000        687.50000000000000        1.6000000000000001E-003   625.00000000000000      F
        1092   287.50000000000000        687.50000000000000        1.6000000000000001E-003   625.00000000000000      F
        1093   312.50000000000000        687.50000000000000        1.6000000000000001E-003   625.00000000000000      F
        1094   337.50000000000000        687.50000000000000        1.6000000000000001E-003   625.00000000000000      F
        1095   362.50000000000000        687.50000000000000        1.6000000000000001E-003   625.00000000000000      F
        1096   387.50000000000000        687.50000000000000        1.6000000000000001E-003   625.00000000000000      F
        1097   412.50000000000000        687.50000000000000        1.6000000000000001E-003   625.00000000000000      F
        1098   437.50000000000000        687.50000000000000        1.6000000000000001E-003   625.00000000000000      F
        1099   462.50000000000000        687.50000000000000        1.6000000000000001E-003   625.00000000000000      F
        1100   487.50000000000000        687.50000000000000        1.6000000000000001E-003   625.00000000000000      F
        1101   512.50000000000000        687.50000000000000        1.6000000000000001E-003   625.00000000000000      F
        1102   537.50000000000000        687.50000000000000        1.6000000000000001E-003   625.00000000000000      F
        1103   562.50000000000000        687.50000000000000        1.6000000000000001E-003   625.00000000000000      F
        1104   587.50000000000000        687.50000000000000        1.6000000000000001E-003   625.00000000000000      F
        1105   612.50000000000000        687.50000000000000        1.6000000000000001E-003   625.00000000000000      F
        1106   637.50000000000000        687.50000000000000        1.6000000000000001E-003   625.00000000000000      F
        1107   662.50000000000000        687.50000000000000        1.6000000000000001E-003   625.00000000000000      F
        1108   687.50000000000000        687.50000000000000        1.6000000000000001E-003   625.00000000000000      F
        1109   712.50000000000000        687.50000000000000        1.6000000000000001E-003   625.00000000000000      F
        1110   737.50000000000000        687.50000000000000        1.6000000000000001E-003   625.00000000000000      F
        1111   762.50000000000000        687.50000000000000        1.6000000000000001E-003   625.00000000000000      F
        1112   787.50000000000000        687.50000000000000        1.6000000000000001E-003   625.00000000000000      F
        1113   812.50000000000000        687.50000000000000        1.6000000000000001E-003   625.00000000000000      F
        1114   837.50000000000000        687.50000000000000        1.6000000000000001E-003   625.00000000000000      F
        1115   862.50000000000000        687.50000000000000        1.6000000000000001E-003   625.00000000000000      F
        1116   887.50000000000000        687.50000000000000        1.6000000000000001E-003   625.00000000000000      F
        1117   912.50000000000000        687.50000000000000        1.6000000000000001E-003   625.00000000000000      F
        1118   937.50000000000000        687.50000000000000        1.6000000000000001E-003   625.00000000000000      F
        1119   962.50000000000000        687.50000000000000        1.6000000000000001E-003   625.00000000000000      F
        1120   987.50000000000000        687.50000000000000        1.6000000000000001E-003   625.00000000000000      T
        1121   12.500000000000000        712.50000000000000        1.6000000000000001E-003   625.00000000000000      T
        1122   37.500000000000000        712.50000000000000        1.6000000000000001E-003   625.00000000000000      F
        1123   62.500000000000000        712.50000000000000        1.6000000000000001E-003   625.00000000000000      F
        1124   87.500000000000000        712.50000000000000        1.6000000000000001E-003   625.00000000000000      F
        1125   112.50000000000000        712.50000000000000        1.6000000000000001E-003   625.00000000000000      F
        1126   137.50000000000000        712.50000000000000        1.6000000000000001E-003   625.00000000000000      F
        1127   162.50000000000000        712.50000000000000        1.6000000000000001E-003   625.00000000000000      F
        1128   187.50000000000000        712.50000000000000        1.6000000000000001E-003   625.00000000000000      F
        1129   212.50000000000000        712.50000000000000        1.6000000000000001E-003   625.00000000000000      F
        1130   237.50000000000000        712.50000000000000        1.6000000000000001E-003   625.00000000000000      F
        1131   262.50000000000000        712.50000000000000        1.6000000000000001E-003   625.00000000000000      F
        1132   287.50000000000000        712.50000000000000        1.6000000000000001E-003   625.00000000000000      F
        1133   312.50000000000000        712.50000000000000        1.6000000000000001E-003   625.00000000000000      F
        1134   337.50000000000000        712.50000000000000        1.6000000000000001E-003   625.00000000000000      F
        1135   362.50000000000000        712.50000000000000        1.6000000000000001E-003   625.00000000000000      F
        1136   387.50000000000000        712.50000000000000        1.6000000000000001E-003   625.00000000000000      F
        1137   412.50000000000000        712.50000000000000        1.6000000000000001E-003   625.00000000000000      F
        1138   437.50000000000000        712.50000000000000        1.6000000000000001E-003   625.00000000000000      F
        1139   462.50000000000000        712.50000000000000        1.6000000000000001E-003   625.00000000000000      F
        1140   487.50000000000000        712.50000000000000        1.6000000000000001E-003   625.00000000000000      F
        1141   512.50000000000000        712.50000000000000        1.6000000000000001E-003   625.00000000000000      F
        1142   537.50000000000000        712.50000000000000        1.6000000000000001E-003   625.00000000000000      F
        1143   562.50000000000000        712.50000000000000        1.6000000000000001E-003   625.00000000000000      F
        1144   587.50000000000000        712.50000000000000        1.6000000000000001E-003   625.00000000000000      F
        1145   612.50000000000000        712.50000000000000        1.6000000000000001E-003   625.00000000000000      F
        1146   637.50000000000000        712.50000000000000        1.6000000000000001E-003   625.00000000000000      F
        1147   662.50000000000000        712.50000000000000        1.6000000000000001E-003   625.00000000000000      F
        1148   687.50000000000000        712.50000000000000        1.6000000000000001E-003   625.00000000000000      F
        1149   712.50000000000000        712.50000000000000        1.6000000000000001E-003   625.00000000000000      F
        1150   737.50000000000000        712.50000000000000        1.6000000000000001E-003   625.00000000000000      F
        1151   762.50000000000000        712.50000000000000        1.6000000000000001E-003   625.00000000000000      F
        1152   787.50000000000000        712.50000000000000        1.6000000000000001E-003   625.00000000000000      F
        1153   812.50000000000000        712.50000000000000        1.6000000000000001E-003   625.00000000000000      F
        1154   837.50000000000000        712.50000000000000        1.6000000000000001E-003   625.00000000000000      F
        1155   862.50000000000000        712.50000000000000        1.6000000000000001E-003   625.00000000000000      F
        1156   887.50000000000000        712.50000000000000        1.6000000000000001E-003   625.00000000000000      F
        1157   912.50000000000000        712.50000000000000        1.6000000000000001E-003   625.00000000000000      F
        1158   937.50000000000000        712.50000000000000        1.6000000000000001E-003   625.00000000000000      F
        1159   962.50000000000000        712.50000000000000        1.6000000000000001E-003   625.00000000000000      F
        1160   987.50000000000000        712.50000000000000        1.6000000000000001E-003   625.00000000000000      T
        1161   12.500000000000000        737.50000000000000        1.6000000000000001E-003   625.00000000000000      T
        1162   37.500000000000000        737.50000000000000        1.6000000000000001E-003   625.00000000000000      F
        1163   62.500000000000000        737.50000000000000        1.6000000000000001E-003   625.00000000000000      F
        1164   87.500000000000000        737.50000000000000        1.6000000000000001E-003   625.00000000000000      F
        1165   112.50000000000000        737.50000000000000        1.6000000000000001E-003   625.00000000000000      F
        1166   137.50000000000000        737.50000000000000        1.6000000000000001E-003   625.00000000000000      F
        1167   162.50000000000000        737.50000000000000        1.6000000000000001E-003   625.00000000000000      F
        1168   187.50000000000000        737.50000000000000        1.6000000000000001E-003   625.00000000000000      F
        1169   212.50000000000000        737.50000000000000        1.6000000000000001E-003   625.00000000000000      F
        1170   237.50000000000000        737.50000000000000        1.6000000000000001E-003   625.00000000000000      F
        1171   262.50000000000000        737.50000000000000        1.6000000000000001E-003   625.00000000000000      F
        1172   287.50000000000000        737.50000000000000        1.6000000000000001E-003   625.00000000000000      F
        1173   312.50000000000000        737.50000000000000        1.6000000000000001E-003   625.00000000000000      F
        1174   337.50000000000000        737.50000000000000        1.6000000000000001E-003   625.00000000000000      F
        1175   362.50000000000000        737.50000000000000        1.6000000000000001E-003   625.00000000000000      F
        1176   387.50000000000000        737.50000000000000        1.6000000000000001E-003   625.00000000000000      F
        1177   412.50000000000000        737.50000000000000        1.6000000000000001E-003   625.00000000000000      F
        1178   437.50000000000000        737.50000000000000        1.6000000000000001E-003   625.00000000000000      F
        1179   462.50000000000000        737.50000000000000        1.6000000000000001E-003   625.00000000000000      F
        1180   487.50000000000000        737.50000000000000        1.6000000000000001E-003   625.00000000000000      F
        1181   512.50000000000000        737.50000000000000        1.6000000000000001E-003   625.00000000000000      F
        1182   537.50000000000000        737.50000000000000        1.6000000000000001E-003   625.00000000000000      F
        1183   562.50000000000000        737.50000000000000        1.6000000000000001E-003   625.00000000000000      F
        1184   587.50000000000000        737.50000000000000        1.6000000000000001E-003   625.00000000000000      F
        1185   612.50000000000000        737.50000000000000        1.6000000000000001E-003   625.00000000000000      F
        1186   637.50000000000000        737.50000000000000        1.6000000000000001E-003   625.00000000000000      F
        1187   662.50000000000000        737.50000000000000        1.6000000000000001E-003   625.00000000000000      F
        1188   687.50000000000000        737.50000000000000        1.6000000000000001E-003   625.00000000000000      F
        1189   712.50000000000000        737.50000000000000        1.6000000000000001E-003   625.00000000000000      F
        1190   737.50000000000000        737.50000000000000        1.6000000000000001E-003   625.00000000000000      F
        1191   762.50000000000000        737.50000000000000        1.6000000000000001E-003   625.00000000000000      F
        1192   787.50000000000000        737.50000000000000        1.6000000000000001E-003   625.00000000000000      F
        1193   812.50000000000000        737.50000000000000        1.6000000000000001E-003   625.00000000000000      F
        1194   837.50000000000000        737.50000000000000        1.6000000000000001E-003   625.00000000000000      F
        1195   862.50000000000000        737.50000000000000        1.6000000000000001E-003   625.00000000000000      F
        1196   887.50000000000000        737.50000000000000        1.6000000000000001E-003   625.00000000000000      F
        1197   912.50000000000000        737.50000000000000        1.6000000000000001E-003   625.00000000000000      F
        1198   937.50000000000000        737.50000000000000        1.6000000000000001E-003   625.00000000000000      F
        1199   962.50000000000000        737.50000000000000        1.6000000000000001E-003   625.00000000000000      F
        1200   987.50000000000000        737.50000000000000        1.6000000000000001E-003   625.00000000000000      T
        1201   12.500000000000000        762.50000000000000        1.6000000000000001E-003   625.00000000000000      T
        1202   37.500000000000000        762.50000000000000        1.6000000000000001E-003   625.00000000000000      F
        1203   62.500000000000000        762.50000000000000        1.6000000000000001E-003   625.00000000000000      F
        1204   87.500000000000000        762.50000000000000        1.6000000000000001E-003   625.00000000000000      F
        1205   112.50000000000000        762.50000000000000        1.6000000000000001E-003   625.00000000000000      F
        1206   137.50000000000000        762.50000000000000        1.6000000000000001E-003   625.00000000000000      F
        1207   162.50000000000000        762.50000000000000        1.6000000000000001E-003   625.00000000000000      F
        1208   187.50000000000000        762.50000000000000        1.6000000000000001E-003   625.00000000000000      F
        1209   212.50000000000000        762.50000000000000        1.6000000000000001E-003   625.00000000000000      F
        1210   237.50000000000000        762.50000000000000        1.6000000000000001E-003   625.00000000000000      F
        1211   262.50000000000000        762.50000000000000        1.6000000000000001E-003   625.00000000000000      F
        1212   287.50000000000000        762.50000000000000        1.6000000000000001E-003   625.00000000000000      F
        1213   312.50000000000000        762.50000000000000        1.6000000000000001E-003   625.00000000000000      F
        1214   337.50000000000000        762.50000000000000        1.6000000000000001E-003   625.00000000000000      F
        1215   362.50000000000000        762.50000000000000        1.6000000000000001E-003   625.00000000000000      F
        1216   387.50000000000000        762.50000000000000        1.6000000000000001E-003   625.00000000000000      F
        1217   412.50000000000000        762.50000000000000        1.6000000000000001E-003   625.00000000000000      F
        1218   437.50000000000000        762.50000000000000        1.6000000000000001E-003   625.00000000000000      F
        1219   462.50000000000000        762.50000000000000        1.6000000000000001E-003   625.00000000000000      F
        1220   487.50000000000000        762.50000000000000        1.6000000000000001E-003   625.00000000000000      F
        1221   512.50000000000000        762.50000000000000        1.6000000000000001E-003   625.00000000000000      F
        1222   537.50000000000000        762.50000000000000        1.6000000000000001E-003   625.00000000000000      F
        1223   562.50000000000000        762.50000000000000        1.6000000000000001E-003   625.00000000000000      F
        1224   587.50000000000000        762.50000000000000        1.6000000000000001E-003   625.00000000000000      F
        1225   612.50000000000000        762.50000000000000        1.6000000000000001E-003   625.00000000000000      F
        1226   637.50000000000000        762.50000000000000        1.6000000000000001E-003   625.00000000000000      F
        1227   662.50000000000000        762.50000000000000        1.6000000000000001E-003   625.00000000000000      F
        1228   687.50000000000000        762.50000000000000        1.6000000000000001E-003   625.00000000000000      F
        1229   712.50000000000000        762.50000000000000        1.6000000000000001E-003   625.00000000000000      F
        1230   737.50000000000000        762.50000000000000        1.6000000000000001E-003   625.00000000000000      F
        1231   762.50000000000000        762.50000000000000        1.6000000000000001E-003   625.00000000000000      F
        1232   787.50000000000000        762.50000000000000        1.6000000000000001E-003   625.00000000000000      F
        1233   812.50000000000000        762.50000000000000        1.6000000000000001E-003   625.00000000000000      F
        1234   837.50000000000000        762.50000000000000        1.6000000000000001E-003   625.00000000000000      F
        1235   862.50000000000000        762.50000000000000        1.6000000000000001E-003   625.00000000000000      F
        1236   887.50000000000000        762.50000000000000        1.6000000000000001E-003   625.00000000000000      F
        1237   912.50000000000000        762.50000000000000        1.6000000000000001E-003   625.00000000000000      F
        1238   937.50000000000000        762.50000000000000        1.6000000000000001E-003   625.00000000000000      F
        1239   962.50000000000000        762.50000000000000        1.6000000000000001E-003   625.00000000000000      F
        1240   987.50000000000000        762.50000000000000        1.6000000000000001E-003   625.00000000000000      T
        1241   12.500000000000000        787.50000000000000        1.6000000000000001E-003   625.00000000000000      T
        1242   37.500000000000000        787.50000000000000        1.6000000000000001E-003   625.00000000000000      F
        1243   62.500000000000000        787.50000000000000        1.6000000000000001E-003   625.00000000000000      F
        1244   87.500000000000000        787.50000000000000        1.6000000000000001E-003   625.00000000000000      F
        1245   112.50000000000000        787.50000000000000        1.6000000000000001E-003   625.00000000000000      F
        1246   137.50000000000000        787.50000000000000        1.6000000000000001E-003   625.00000000000000      F
        1247   162.50000000000000        787.50000000000000        1.6000000000000001E-003   625.00000000000000      F
        1248   187.50000000000000        787.50000000000000        1.6000000000000001E-003   625.00000000000000      F
        1249   212.50000000000000        787.50000000000000        1.6000000000000001E-003   625.00000000000000      F
        1250   237.50000000000000        787.50000000000000        1.6000000000000001E-003   625.00000000000000      F
        1251   262.50000000000000        787.50000000000000        1.6000000000000001E-003   625.00000000000000      F
        1252   287.50000000000000        787.50000000000000        1.6000000000000001E-003   625.00000000000000      F
        1253   312.50000000000000        787.50000000000000        1.6000000000000001E-003   625.00000000000000      F
        1254   337.50000000000000        787.50000000000000        1.6000000000000001E-003   625.00000000000000      F
        1255   362.50000000000000        787.50000000000000        1.6000000000000001E-003   625.00000000000000      F
        1256   387.50000000000000        787.50000000000000        1.6000000000000001E-003   625.00000000000000      F
        1257   412.50000000000000        787.50000000000000        1.6000000000000001E-003   625.00000000000000      F
        1258   437.50000000000000        787.50000000000000        1.6000000000000001E-003   625.00000000000000      F
        1259   462.50000000000000        787.50000000000000        1.6000000000000001E-003   625.00000000000000      F
        1260   487.50000000000000        787.50000000000000        1.6000000000000001E-003   625.00000000000000      F
        1261   512.50000000000000        787.50000000000000        1.6000000000000001E-003   625.00000000000000      F
        1262   537.50000000000000        787.50000000000000        1.6000000000000001E-003   625.00000000000000      F
        1263   562.50000000000000        787.50000000000000        1.6000000000000001E-003   625.00000000000000      F
        1264   587.50000000000000        787.50000000000000        1.6000000000000001E-003   625.00000000000000      F
        1265   612.50000000000000        787.50000000000000        1.6000000000000001E-003   625.00000000000000      F
        1266   637.50000000000000        787.50000000000000        1.6000000000000001E-003   625.00000000000000      F
        1267   662.50000000000000        787.50000000000000        1.6000000000000001E-003   625.00000000000000      F
        1268   687.50000000000000        787.50000000000000        1.6000000000000001E-003   625.00000000000000      F
        1269   712.50000000000000        787.50000000000000        1.6000000000000001E-003   625.00000000000000      F
        1270   737.50000000000000        787.50000000000000        1.6000000000000001E-003   625.00000000000000      F
        1271   762.50000000000000        787.50000000000000        1.6000000000000001E-003   625.00000000000000      F
        1272   787.50000000000000        787.50000000000000        1.6000000000000001E-003   625.00000000000000      F
        1273   812.50000000000000        787.50000000000000        1.6000000000000001E-003   625.00000000000000      F
        1274   837.50000000000000        787.50000000000000        1.6000000000000001E-003   625.00000000000000      F
        1275   862.50000000000000        787.50000000000000        1.6000000000000001E-003   625.00000000000000      F
        1276   887.50000000000000        787.50000000000000        1.6000000000000001E-003   625.00000000000000      F
        1277   912.50000000000000        787.50000000000000        1.6000000000000001E-003   625.00000000000000      F
        1278   937.50000000000000        787.50000000000000        1.6000000000000001E-003   625.00000000000000      F
        1279   962.50000000000000        787.50000000000000        1.6000000000000001E-003   625.00000000000000      F
        1280   987.50000000000000        787.50000000000000        1.6000000000000001E-003   625.00000000000000      T
        1281   12.500000000000000        812.50000000000000        1.6000000000000001E-003   625.00000000000000      T
        1282   37.500000000000000        812.50000000000000        1.6000000000000001E-003   625.00000000000000      F
        1283   62.500000000000000        812.50000000000000        1.6000000000000001E-003   625.00000000000000      F
        1284   87.500000000000000        812.50000000000000        1.6000000000000001E-003   625.00000000000000      F
        1285   112.50000000000000        812.50000000000000        1.6000000000000001E-003   625.00000000000000      F
        1286   137.50000000000000        812.50000000000000        1.6000000000000001E-003   625.00000000000000      F
        1287   162.50000000000000        812.50000000000000        1.6000000000000001E-003   625.00000000000000      F
        1288   187.50000000000000        812.50000000000000        1.6000000000000001E-003   625.00000000000000      F
        1289   212.50000000000000        812.50000000000000        1.6000000000000001E-003   625.00000000000000      F
        1290   237.50000000000000        812.50000000000000        1.6000000000000001E-003   625.00000000000000      F
        1291   262.50000000000000        812.50000000000000        1.6000000000000001E-003   625.00000000000000      F
        1292   287.50000000000000        812.50000000000000        1.6000000000000001E-003   625.00000000000000      F
        1293   312.50000000000000        812.50000000000000        1.6000000000000001E-003   625.00000000000000      F
        1294   337.50000000000000        812.50000000000000        1.6000000000000001E-003   625.00000000000000      F
        1295   362.50000000000000        812.50000000000000        1.6000000000000001E-003   625.00000000000000      F
        1296   387.50000000000000        812.50000000000000        1.6000000000000001E-003   625.00000000000000      F
        1297   412.50000000000000        812.50000000000000        1.6000000000000001E-003   625.00000000000000      F
        1298   437.50000000000000        812.50000000000000        1.6000000000000001E-003   625.00000000000000      F
        1299   462.50000000000000        812.50000000000000        1.6000000000000001E-003   625.00000000000000      F
        1300   487.50000000000000        812.50000000000000        1.6000000000000001E-003   625.00000000000000      F
        1301   512.50000000000000        812.50000000000000        1.6000000000000001E-003   625.00000000000000      F
        1302   537.50000000000000        812.50000000000000        1.6000000000000001E-003   625.00000000000000      F
        1303   562.50000000000000        812.50000000000000        1.6000000000000001E-003   625.00000000000000      F
        1304   587.50000000000000        812.50000000000000        1.6000000000000001E-003   625.00000000000000      F
        1305   612.50000000000000        812.50000000000000        1.6000000000000001E-003   625.00000000000000      F
        1306   637.50000000000000        812.50000000000000        1.6000000000000001E-003   625.00000000000000      F
        1307   662.50000000000000        812.50000000000000        1.6000000000000001E-003   625.00000000000000      F
        1308   687.50000000000000        812.50000000000000        1.6000000000000001E-003   625.00000000000000      F
        1309   712.50000000000000        812.50000000000000        1.6000000000000001E-003   625.00000000000000      F
        1310   737.50000000000000        812.50000000000000        1.6000000000000001E-003   625.00000000000000      F
        1311   762.50000000000000        812.50000000000000        1.6000000000000001E-003   625.00000000000000      F
        1312   787.50000000000000        812.50000000000000        1.6000000000000001E-003   625.00000000000000      F
        1313   812.50000000000000        812.50000000000000        1.6000000000000001E-003   625.00000000000000      F
        1314   837.50000000000000        812.50000000000000        1.6000000000000001E-003   625.00000000000000      F
        1315   862.50000000000000        812.50000000000000        1.6000000000000001E-003   625.00000000000000      F
        1316   887.50000000000000        812.50000000000000        1.6000000000000001E-003   625.00000000000000      F
        1317   912.50000000000000        812.50000000000000        1.6000000000000001E-003   625.00000000000000      F
        1318   937.50000000000000        812.50000000000000        1.6000000000000001E-003   625.00000000000000      F
        1319   962.50000000000000        812.50000000000000        1.6000000000000001E-003   625.00000000000000      F
        1320   987.50000000000000        812.50000000000000        1.6000000000000001E-003   625.00000000000000      T
        1321   12.500000000000000        837.50000000000000        1.6000000000000001E-003   625.00000000000000      T
        1322   37.500000000000000        837.50000000000000        1.6000000000000001E-003   625.00000000000000      F
        1323   62.500000000000000        837.50000000000000        1.6000000000000001E-003   625.00000000000000      F
        1324   87.500000000000000        837.50000000000000        1.6000000000000001E-003   625.00000000000000      F
        1325   112.50000000000000        837.50000000000000        1.6000000000000001E-003   625.00000000000000      F
        1326   137.50000000000000        837.50000000000000        1.6000000000000001E-003   625.00000000000000      F
        1327   162.50000000000000        837.50000000000000        1.6000000000000001E-003   625.00000000000000      F
        1328   187.50000000000000        837.50000000000000        1.6000000000000001E-003   625.00000000000000      F
        1329   212.50000000000000        837.50000000000000        1.6000000000000001E-003   625.00000000000000      F
        1330   237.50000000000000        837.50000000000000        1.6000000000000001E-003   625.00000000000000      F
        1331   262.50000000000000        837.50000000000000        1.6000000000000001E-003   625.00000000000000      F
        1332   287.50000000000000        837.50000000000000        1.6000000000000001E-003   625.00000000000000      F
        1333   312.50000000000000        837.50000000000000        1.6000000000000001E-003   625.00000000000000      F
        1334   337.50000000000000        837.50000000000000        1.6000000000000001E-003   625.00000000000000      F
        1335   362.50000000000000        837.50000000000000        1.6000000000000001E-003   625.00000000000000      F
        1336   387.50000000000000        837.50000000000000        1.6000000000000001E-003   625.00000000000000      F
        1337   412.50000000000000        837.50000000000000        1.6000000000000001E-003   625.00000000000000      F
        1338   437.50000000000000        837.50000000000000        1.6000000000000001E-003   625.00000000000000      F
        1339   462.50000000000000        837.50000000000000        1.6000000000000001E-003   625.00000000000000      F
        1340   487.50000000000000        837.50000000000000        1.6000000000000001E-003   625.00000000000000      F
        1341   512.50000000000000        837.50000000000000        1.6000000000000001E-003   625.00000000000000      F
        1342   537.50000000000000        837.50000000000000        1.6000000000000001E-003   625.00000000000000      F
        1343   562.50000000000000        837.50000000000000        1.6000000000000001E-003   625.00000000000000      F
        1344   587.50000000000000        837.50000000000000        1.6000000000000001E-003   625.00000000000000      F
        1345   612.50000000000000        837.50000000000000        1.6000000000000001E-003   625.00000000000000      F
        1346   637.50000000000000        837.50000000000000        1.6000000000000001E-003   625.00000000000000      F
        1347   662.50000000000000        837.50000000000000        1.6000000000000001E-003   625.00000000000000      F
        1348   687.50000000000000        837.50000000000000        1.6000000000000001E-003   625.00000000000000      F
        1349   712.50000000000000        837.50000000000000        1.6000000000000001E-003   625.00000000000000      F
        1350   737.50000000000000        837.50000000000000        1.6000000000000001E-003   625.00000000000000      F
        1351   762.50000000000000        837.50000000000000        1.6000000000000001E-003   625.00000000000000      F
        1352   787.50000000000000        837.50000000000000        1.6000000000000001E-003   625.00000000000000      F
        1353   812.50000000000000        837.50000000000000        1.6000000000000001E-003   625.00000000000000      F
        1354   837.50000000000000        837.50000000000000        1.6000000000000001E-003   625.00000000000000      F
        1355   862.50000000000000        837.50000000000000        1.6000000000000001E-003   625.00000000000000      F
        1356   887.50000000000000        837.50000000000000        1.6000000000000001E-003   625.00000000000000      F
        1357   912.50000000000000        837.50000000000000        1.6000000000000001E-003   625.00000000000000      F
        1358   937.50000000000000        837.50000000000000        1.6000000000000001E-003   625.00000000000000      F
        1359   962.50000000000000        837.50000000000000        1.6000000000000001E-003   625.00000000000000      F
        1360   987.50000000000000        837.50000000000000        1.6000000000000001E-003   625.00000000000000      T
        1361   12.500000000000000        862.50000000000000        1.6000000000000001E-003   625.00000000000000      T
        1362   37.500000000000000        862.50000000000000        1.6000000000000001E-003   625.00000000000000      F
        1363   62.500000000000000        862.50000000000000        1.6000000000000001E-003   625.00000000000000      F
        1364   87.500000000000000        862.50000000000000        1.6000000000000001E-003   625.00000000000000      F
        1365   112.50000000000000        862.50000000000000        1.6000000000000001E-003   625.00000000000000      F
        1366   137.50000000000000        862.50000000000000        1.6000000000000001E-003   625.00000000000000      F
        1367   162.50000000000000        862.50000000000000        1.6000000000000001E-003   625.00000000000000      F
        1368   187.50000000000000        862.50000000000000        1.6000000000000001E-003   625.00000000000000      F
        1369   212.50000000000000        862.50000000000000        1.6000000000000001E-003   625.00000000000000      F
        1370   237.50000000000000        862.50000000000000        1.6000000000000001E-003   625.00000000000000      F
        1371   262.50000000000000        862.50000000000000        1.6000000000000001E-003   625.00000000000000      F
        1372   287.50000000000000        862.50000000000000        1.6000000000000001E-003   625.00000000000000      F
        1373   312.50000000000000        862.50000000000000        1.6000000000000001E-003   625.00000000000000      F
        1374   337.50000000000000        862.50000000000000        1.6000000000000001E-003   625.00000000000000      F
        1375   362.50000000000000        862.50000000000000        1.6000000000000001E-003   625.00000000000000      F
        1376   387.50000000000000        862.50000000000000        1.6000000000000001E-003   625.00000000000000      F
        1377   412.50000000000000        862.50000000000000        1.6000000000000001E-003   625.00000000000000      F
        1378   437.50000000000000        862.50000000000000        1.6000000000000001E-003   625.00000000000000      F
        1379   462.50000000000000        862.50000000000000        1.6000000000000001E-003   625.00000000000000      F
        1380   487.50000000000000        862.50000000000000        1.6000000000000001E-003   625.00000000000000      F
        1381   512.50000000000000        862.50000000000000        1.6000000000000001E-003   625.00000000000000      F
        1382   537.50000000000000        862.50000000000000        1.6000000000000001E-003   625.00000000000000      F
        1383   562.50000000000000        862.50000000000000        1.6000000000000001E-003   625.00000000000000      F
        1384   587.50000000000000        862.50000000000000        1.6000000000000001E-003   625.00000000000000      F
        1385   612.50000000000000        862.50000000000000        1.6000000000000001E-003   625.00000000000000      F
        1386   637.50000000000000        862.50000000000000        1.6000000000000001E-003   625.00000000000000      F
        1387   662.50000000000000        862.50000000000000        1.6000000000000001E-003   625.00000000000000      F
        1388   687.50000000000000        862.50000000000000        1.6000000000000001E-003   625.00000000000000      F
        1389   712.50000000000000        862.50000000000000        1.6000000000000001E-003   625.00000000000000      F
        1390   737.50000000000000        862.50000000000000        1.6000000000000001E-003   625.00000000000000      F
        1391   762.50000000000000        862.50000000000000        1.6000000000000001E-003   625.00000000000000      F
        1392   787.50000000000000        862.50000000000000        1.6000000000000001E-003   625.00000000000000      F
        1393   812.50000000000000        862.50000000000000        1.6000000000000001E-003   625.00000000000000      F
        1394   837.50000000000000        862.50000000000000        1.6000000000000001E-003   625.00000000000000      F
        1395   862.50000000000000        862.50000000000000        1.6000000000000001E-003   625.00000000000000      F
        1396   887.50000000000000        862.50000000000000        1.6000000000000001E-003   625.00000000000000      F
        1397   912.50000000000000        862.50000000000000        1.6000000000000001E-003   625.00000000000000      F
        1398   937.50000000000000        862.50000000000000        1.6000000000000001E-003   625.00000000000000      F
        1399   962.50000000000000        862.50000000000000        1.6000000000000001E-003   625.00000000000000      F
        1400   987.50000000000000        862.50000000000000        1.6000000000000001E-003   625.00000000000000      T
        1401   12.500000000000000        887.50000000000000        1.6000000000000001E-003   625.00000000000000      T
        1402   37.500000000000000        887.50000000000000        1.6000000000000001E-003   625.00000000000000      F
        1403   62.500000000000000        887.50000000000000        1.6000000000000001E-003   625.00000000000000      F
        1404   87.500000000000000        887.50000000000000        1.6000000000000001E-003   625.00000000000000      F
        1405   112.50000000000000        887.50000000000000        1.6000000000000001E-003   625.00000000000000      F
        1406   137.50000000000000        887.50000000000000        1.6000000000000001E-003   625.00000000000000      F
        1407   162.50000000000000        887.50000000000000        1.6000000000000001E-003   625.00000000000000      F
        1408   187.50000000000000        887.50000000000000        1.6000000000000001E-003   625.00000000000000      F
        1409   212.50000000000000        887.50000000000000        1.6000000000000001E-003   625.00000000000000      F
        1410   237.50000000000000        887.50000000000000        1.6000000000000001E-003   625.00000000000000      F
        1411   262.50000000000000        887.50000000000000        1.6000000000000001E-003   625.00000000000000      F
        1412   287.50000000000000        887.50000000000000        1.6000000000000001E-003   625.00000000000000      F
        1413   312.50000000000000        887.50000000000000        1.6000000000000001E-003   625.00000000000000      F
        1414   337.50000000000000        887.50000000000000        1.6000000000000001E-003   625.00000000000000      F
        1415   362.50000000000000        887.50000000000000        1.6000000000000001E-003   625.00000000000000      F
        1416   387.50000000000000        887.50000000000000        1.6000000000000001E-003   625.00000000000000      F
        1417   412.50000000000000        887.50000000000000        1.6000000000000001E-003   625.00000000000000      F
        1418   437.50000000000000        887.50000000000000        1.6000000000000001E-003   625.00000000000000      F
        1419   462.50000000000000        887.50000000000000        1.6000000000000001E-003   625.00000000000000      F
        1420   487.50000000000000        887.50000000000000        1.6000000000000001E-003   625.00000000000000      F
        1421   512.50000000000000        887.50000000000000        1.6000000000000001E-003   625.00000000000000      F
        1422   537.50000000000000        887.50000000000000        1.6000000000000001E-003   625.00000000000000      F
        1423   562.50000000000000        887.50000000000000        1.6000000000000001E-003   625.00000000000000      F
        1424   587.50000000000000        887.50000000000000        1.6000000000000001E-003   625.00000000000000      F
        1425   612.50000000000000        887.50000000000000        1.6000000000000001E-003   625.00000000000000      F
        1426   637.50000000000000        887.50000000000000        1.6000000000000001E-003   625.00000000000000      F
        1427   662.50000000000000        887.50000000000000        1.6000000000000001E-003   625.00000000000000      F
        1428   687.50000000000000        887.50000000000000        1.6000000000000001E-003   625.00000000000000      F
        1429   712.50000000000000        887.50000000000000        1.6000000000000001E-003   625.00000000000000      F
        1430   737.50000000000000        887.50000000000000        1.6000000000000001E-003   625.00000000000000      F
        1431   762.50000000000000        887.50000000000000        1.6000000000000001E-003   625.00000000000000      F
        1432   787.50000000000000        887.50000000000000        1.6000000000000001E-003   625.00000000000000      F
        1433   812.50000000000000        887.50000000000000        1.6000000000000001E-003   625.00000000000000      F
        1434   837.50000000000000        887.50000000000000        1.6000000000000001E-003   625.00000000000000      F
        1435   862.50000000000000        887.50000000000000        1.6000000000000001E-003   625.00000000000000      F
        1436   887.50000000000000        887.50000000000000        1.6000000000000001E-003   625.00000000000000      F
        1437   912.50000000000000        887.50000000000000        1.6000000000000001E-003   625.00000000000000      F
        1438   937.50000000000000        887.50000000000000        1.6000000000000001E-003   625.00000000000000      F
        1439   962.50000000000000        887.50000000000000        1.6000000000000001E-003   625.00000000000000      F
        1440   987.50000000000000        887.50000000000000        1.6000000000000001E-003   625.00000000000000      T
        1441   12.500000000000000        912.50000000000000        1.6000000000000001E-003   625.00000000000000      T
        1442   37.500000000000000        912.50000000000000        1.6000000000000001E-003   625.00000000000000      F
        1443   62.500000000000000        912.50000000000000        1.6000000000000001E-003   625.00000000000000      F
        1444   87.500000000000000        912.50000000000000        1.6000000000000001E-003   625.00000000000000      F
        1445   112.50000000000000        912.50000000000000        1.6000000000000001E-003   625.00000000000000      F
        1446   137.50000000000000        912.50000000000000        1.6000000000000001E-003   625.00000000000000      F
        1447   162.50000000000000        912.50000000000000        1.6000000000000001E-003   625.00000000000000      F
        1448   187.50000000000000        912.50000000000000        1.6000000000000001E-003   625.00000000000000      F
        1449   212.50000000000000        912.50000000000000        1.6000000000000001E-003   625.00000000000000      F
        1450   237.50000000000000        912.50000000000000        1.6000000000000001E-003   625.00000000000000      F
        1451   262.50000000000000        912.50000000000000        1.6000000000000001E-003   625.00000000000000      F
        1452   287.50000000000000        912.50000000000000        1.6000000000000001E-003   625.00000000000000      F
        1453   312.50000000000000        912.50000000000000        1.6000000000000001E-003   625.00000000000000      F
        1454   337.50000000000000        912.50000000000000        1.6000000000000001E-003   625.00000000000000      F
        1455   362.50000000000000        912.50000000000000        1.6000000000000001E-003   625.00000000000000      F
        1456   387.50000000000000        912.50000000000000        1.6000000000000001E-003   625.00000000000000      F
        1457   412.50000000000000        912.50000000000000        1.6000000000000001E-003   625.00000000000000      F
        1458   437.50000000000000        912.50000000000000        1.6000000000000001E-003   625.00000000000000      F
        1459   462.50000000000000        912.50000000000000        1.6000000000000001E-003   625.00000000000000      F
        1460   487.50000000000000        912.50000000000000        1.6000000000000001E-003   625.00000000000000      F
        1461   512.50000000000000        912.50000000000000        1.6000000000000001E-003   625.00000000000000      F
        1462   537.50000000000000        912.50000000000000        1.6000000000000001E-003   625.00000000000000      F
        1463   562.50000000000000        912.50000000000000        1.6000000000000001E-003   625.00000000000000      F
        1464   587.50000000000000        912.50000000000000        1.6000000000000001E-003   625.00000000000000      F
        1465   612.50000000000000        912.50000000000000        1.6000000000000001E-003   625.00000000000000      F
        1466   637.50000000000000        912.50000000000000        1.6000000000000001E-003   625.00000000000000      F
        1467   662.50000000000000        912.50000000000000        1.6000000000000001E-003   625.00000000000000      F
        1468   687.50000000000000        912.50000000000000        1.6000000000000001E-003   625.00000000000000      F
        1469   712.50000000000000        912.50000000000000        1.6000000000000001E-003   625.00000000000000      F
        1470   737.50000000000000        912.50000000000000        1.6000000000000001E-003   625.00000000000000      F
        1471   762.50000000000000        912.50000000000000        1.6000000000000001E-003   625.00000000000000      F
        1472   787.50000000000000        912.50000000000000        1.6000000000000001E-003   625.00000000000000      F
        1473   812.50000000000000        912.50000000000000        1.6000000000000001E-003   625.00000000000000      F
        1474   837.50000000000000        912.50000000000000        1.6000000000000001E-003   625.00000000000000      F
        1475   862.50000000000000        912.50000000000000        1.6000000000000001E-003   625.00000000000000      F
        1476   887.50000000000000        912.50000000000000        1.6000000000000001E-003   625.00000000000000      F
        1477   912.50000000000000        912.50000000000000        1.6000000000000001E-003   625.00000000000000      F
        1478   937.50000000000000        912.50000000000000        1.6000000000000001E-003   625.00000000000000      F
        1479   962.50000000000000        912.50000000000000        1.6000000000000001E-003   625.00000000000000      F
        1480   987.50000000000000        912.50000000000000        1.6000000000000001E-003   625.00000000000000      T
        1481   12.500000000000000        937.50000000000000        1.6000000000000001E-003   625.00000000000000      T
        1482   37.500000000000000        937.50000000000000        1.6000000000000001E-003   625.00000000000000      F
        1483   62.500000000000000        937.50000000000000        1.6000000000000001E-003   625.00000000000000      F
        1484   87.500000000000000        937.50000000000000        1.6000000000000001E-003   625.00000000000000      F
        1485   112.50000000000000        937.50000000000000        1.6000000000000001E-003   625.00000000000000      F
        1486   137.50000000000000        937.50000000000000        1.6000000000000001E-003   625.00000000000000      F
        1487   162.50000000000000        937.50000000000000        1.6000000000000001E-003   625.00000000000000      F
        1488   187.50000000000000        937.50000000000000        1.6000000000000001E-003   625.00000000000000      F
        1489   212.50000000000000        937.50000000000000        1.6000000000000001E-003   625.00000000000000      F
        1490   237.50000000000000        937.50000000000000        1.6000000000000001E-003   625.00000000000000      F
        1491   262.50000000000000        937.50000000000000        1.6000000000000001E-003   625.00000000000000      F
        1492   287.50000000000000        937.50000000000000        1.6000000000000001E-003   625.00000000000000      F
        1493   312.50000000000000        937.50000000000000        1.6000000000000001E-003   625.00000000000000      F
        1494   337.50000000000000        937.50000000000000        1.6000000000000001E-003   625.00000000000000      F
        1495   362.50000000000000        937.50000000000000        1.6000000000000001E-003   625.00000000000000      F
        1496   387.50000000000000        937.50000000000000        1.6000000000000001E-003   625.00000000000000      F
        1497   412.50000000000000        937.50000000000000        1.6000000000000001E-003   625.00000000000000      F
        1498   437.50000000000000        937.50000000000000        1.6000000000000001E-003   625.00000000000000      F
        1499   462.50000000000000        937.50000000000000        1.6000000000000001E-003   625.00000000000000      F
        1500   487.50000000000000        937.50000000000000        1.6000000000000001E-003   625.00000000000000      F
        1501   512.50000000000000        937.50000000000000        1.6000000000000001E-003   625.00000000000000      F
        1502   537.50000000000000        937.50000000000000        1.6000000000000001E-003   625.00000000000000      F
        1503   562.50000000000000        937.50000000000000        1.6000000000000001E-003   625.00000000000000      F
        1504   587.50000000000000        937.50000000000000        1.6000000000000001E-003   625.00000000000000      F
        1505   612.50000000000000        937.50000000000000        1.6000000000000001E-003   625.00000000000000      F
        1506   637.50000000000000        937.50000000000000        1.6000000000000001E-003   625.00000000000000      F
        1507   662.50000000000000        937.50000000000000        1.6000000000000001E-003   625.00000000000000      F
        1508   687.50000000000000        937.50000000000000        1.6000000000000001E-003   625.00000000000000      F
        1509   712.50000000000000        937.50000000000000        1.6000000000000001E-003   625.00000000000000      F
        1510   737.50000000000000        937.50000000000000        1.6000000000000001E-003   625.00000000000000      F
        1511   762.50000000000000        937.50000000000000        1.6000000000000001E-003   625.00000000000000      F
        1512   787.50000000000000        937.50000000000000        1.6000000000000001E-003   625.00000000000000      F
        1513   812.50000000000000        937.50000000000000        1.6000000000000001E-003   625.00000000000000      F
        1514   837.50000000000000        937.50000000000000        1.6000000000000001E-003   625.00000000000000      F
        1515   862.50000000000000        937.50000000000000        1.6000000000000001E-003   625.00000000000000      F
        1516   887.50000000000000        937.50000000000000        1.6000000000000001E-003   625.00000000000000      F
        1517   912.50000000000000        937.50000000000000        1.6000000000000001E-003   625.00000000000000      F
        1518   937.50000000000000        937.50000000000000        1.6000000000000001E-003   625.00000000000000      F
        1519   962.50000000000000        937.50000000000000        1.6000000000000001E-003   625.00000000000000      F
        1520   987.50000000000000        937.50000000000000        1.6000000000000001E-003   625.00000000000000      T
        1521   12.500000000000000        962.50000000000000        1.6000000000000001E-003   625.00000000000000      T
        1522   37.500000000000000        962.50000000000000        1.6000000000000001E-003   625.00000000000000      F
        1523   62.500000000000000        962.50000000000000        1.6000000000000001E-003   625.00000000000000      F
        1524   87.500000000000000        962.50000000000000        1.6000000000000001E-003   625.00000000000000      F
        1525   112.50000000000000        962.50000000000000        1.6000000000000001E-003   625.00000000000000      F
        1526   137.50000000000000        962.50000000000000        1.6000000000000001E-003   625.00000000000000      F
        1527   162.50000000000000        962.50000000000000        1.6000000000000001E-003   625.00000000000000      F
        1528   187.50000000000000        962.50000000000000        1.6000000000000001E-003   625.00000000000000      F
        1529   212.50000000000000        962.50000000000000        1.6000000000000001E-003   625.00000000000000      F
        1530   237.50000000000000        962.50000000000000        1.6000000000000001E-003   625.00000000000000      F
        1531   262.50000000000000        962.50000000000000        1.6000000000000001E-003   625.00000000000000      F
        1532   287.50000000000000        962.50000000000000        1.6000000000000001E-003   625.00000000000000      F
        1533   312.50000000000000        962.50000000000000        1.6000000000000001E-003   625.00000000000000      F
        1534   337.50000000000000        962.50000000000000        1.6000000000000001E-003   625.00000000000000      F
        1535   362.50000000000000        962.50000000000000        1.6000000000000001E-003   625.00000000000000      F
        1536   387.50000000000000        962.50000000000000        1.6000000000000001E-003   625.00000000000000      F
        1537   412.50000000000000        962.50000000000000        1.6000000000000001E-003   625.00000000000000      F
        1538   437.50000000000000        962.50000000000000        1.6000000000000001E-003   625.00000000000000      F
        1539   462.50000000000000        962.50000000000000        1.6000000000000001E-003   625.00000000000000      F
        1540   487.50000000000000        962.50000000000000        1.6000000000000001E-003   625.00000000000000      F
        1541   512.50000000000000        962.50000000000000        1.6000000000000001E-003   625.00000000000000      F
        1542   537.50000000000000        962.50000000000000        1.6000000000000001E-003   625.00000000000000      F
        1543   562.50000000000000        962.50000000000000        1.6000000000000001E-003   625.00000000000000      F
        1544   587.50000000000000        962.50000000000000        1.6000000000000001E-003   625.00000000000000      F
        1545   612.50000000000000        962.50000000000000        1.6000000000000001E-003   625.00000000000000      F
        1546   637.50000000000000        962.50000000000000        1.6000000000000001E-003   625.00000000000000      F
        1547   662.50000000000000        962.50000000000000        1.6000000000000001E-003   625.00000000000000      F
        1548   687.50000000000000        962.50000000000000        1.6000000000000001E-003   625.00000000000000      F
        1549   712.50000000000000        962.50000000000000        1.6000000000000001E-003   625.00000000000000      F
        1550   737.50000000000000        962.50000000000000        1.6000000000000001E-003   625.00000000000000      F
        1551   762.50000000000000        962.50000000000000        1.6000000000000001E-003   625.00000000000000      F
        1552   787.50000000000000        962.50000000000000        1.6000000000000001E-003   625.00000000000000      F
        1553   812.50000000000000        962.50000000000000        1.6000000000000001E-003   625.00000000000000      F
        1554   837.50000000000000        962.50000000000000        1.6000000000000001E-003   625.00000000000000      F
        1555   862.50000000000000        962.50000000000000        1.6000000000000001E-003   625.00000000000000      F
        1556   887.50000000000000        962.50000000000000        1.6000000000000001E-003   625.00000000000000      F
        1557   912.50000000000000        962.50000000000000        1.6000000000000001E-003   625.00000000000000      F
        1558   937.50000000000000        962.50000000000000        1.6000000000000001E-003   625.00000000000000      F
        1559   962.50000000000000        962.50000000000000        1.6000000000000001E-003   625.00000000000000      F
        1560   987.50000000000000        962.50000000000000        1.6000000000000001E-003   625.00000000000000      T
        1561   12.500000000000000        987.50000000000000        1.6000000000000001E-003   625.00000000000000      T
        1562   37.500000000000000        987.50000000000000        1.6000000000000001E-003   625.00000000000000      T
        1563   62.500000000000000        987.50000000000000        1.6000000000000001E-003   625.00000000000000      T
        1564   87.500000000000000        987.50000000000000        1.6000000000000001E-003   625.00000000000000      T
        1565   112.50000000000000        987.50000000000000        1.6000000000000001E-003   625.00000000000000      T
        1566   137.50000000000000        987.50000000000000        1.6000000000000001E-003   625.00000000000000      T
        1567   162.50000000000000        987.50000000000000        1.6000000000000001E-003   625.00000000000000      T
        1568   187.50000000000000        987.50000000000000        1.6000000000000001E-003   625.00000000000000      T
        1569   212.50000000000000        987.50000000000000        1.6000000000000001E-003   625.00000000000000      T
        1570   237.50000000000000        987.50000000000000        1.6000000000000001E-003   625.00000000000000      T
        1571   262.50000000000000        987.50000000000000        1.6000000000000001E-003   625.00000000000000      T
        1572   287.50000000000000        987.50000000000000        1.6000000000000001E-003   625.00000000000000      T
        1573   312.50000000000000        987.50000000000000        1.6000000000000001E-003   625.00000000000000      T
        1574   337.50000000000000        987.50000000000000        1.6000000000000001E-003   625.00000000000000      T
        1575   362.50000000000000        987.50000000000000        1.6000000000000001E-003   625.00000000000000      T
        1576   387.50000000000000        987.50000000000000        1.6000000000000001E-003   625.00000000000000      T
        1577   412.50000000000000        987.50000000000000        1.6000000000000001E-003   625.00000000000000      T
        1578   437.50000000000000        987.50000000000000        1.6000000000000001E-003   625.00000000000000      T
        1579   462.50000000000000        987.50000000000000        1.6000000000000001E-003   625.00000000000000      T
        1580   487.50000000000000        987.50000000000000        1.6000000000000001E-003   625.00000000000000      T
        1581   512.50000000000000        987.50000000000000        1.6000000000000001E-003   625.00000000000000      T
        1582   537.50000000000000        987.50000000000000        1.6000000000000001E-003   625.00000000000000      T
        1583   562.50000000000000        987.50000000000000        1.6000000000000001E-003   625.00000000000000      T
        1584   587.50000000000000        987.50000000000000        1.6000000000000001E-003   625.00000000000000      T
        1585   612.50000000000000        987.50000000000000        1.6000000000000001E-003   625.00000000000000      T
        1586   637.50000000000000        987.50000000000000        1.6000000000000001E-003   625.00000000000000      T
        1587   662.50000000000000        987.50000000000000        1.6000000000000001E-003   625.00000000000000      T
        1588   687.50000000000000        987.50000000000000        1.6000000000000001E-003   625.00000000000000      T
        1589   712.50000000000000        987.50000000000000        1.6000000000000001E-003   625.00000000000000      T
        1590   737.50000000000000        987.50000000000000        1.6000000000000001E-003   625.00000000000000      T
        1591   762.50000000000000        987.50000000000000        1.6000000000000001E-003   625.00000000000000      T
        1592   787.50000000000000        987.50000000000000        1.6000000000000001E-003   625.00000000000000      T
        1593   812.50000000000000        987.50000000000000        1.6000000000000001E-003   625.00000000000000      T
        1594   837.50000000000000        987.50000000000000        1.6000000000000001E-003   625.00000000000000      T
        1595   862.50000000000000        987.50000000000000        1.6000000000000001E-003   625.00000000000000      T
        1596   887.50000000000000        987.50000000000000        1.6000000000000001E-003   625.00000000000000      T
        1597   912.50000000000000        987.50000000000000        1.6000000000000001E-003   625.00000000000000      T
        1598   937.50000000000000        987.50000000000000        1.6000000000000001E-003   625.00000000000000      T
        1599   962.50000000000000        987.50000000000000        1.6000000000000001E-003   625.00000000000000      T
        1600   987.50000000000000        987.50000000000000        1.6000000000000001E-003   625.00000000000000      T
