 # Gnuplot DataFile Version
 # i x y bathy h zs Manning u v
       1  1.25000000E+01  1.25000000E+01  4.46335605E-01  5.42031230E-01  9.88366836E-01  2.50000000E-02 -2.36607978E-13  1.69937868E-14 
       2  3.75000000E+01  1.25000000E+01 -6.05345608E-03  9.94420292E-01  9.88366836E-01  2.50000000E-02 -3.64821612E-13 -8.77402921E-14 
       3  6.25000000E+01  1.25000000E+01 -5.49514821E-01  1.53788166E+00  9.88366836E-01  2.50000000E-02 -5.15265495E-13 -6.71492474E-15 
       4  8.75000000E+01  1.25000000E+01  7.91149585E-01  1.97217250E-01  9.88366836E-01  2.50000000E-02 -4.20599015E-12  8.83359703E-13 
       5  1.12500000E+02  1.25000000E+01  6.13669961E-02  9.26999840E-01  9.88366836E-01  2.50000000E-02 -4.38301769E-12  1.30607936E-15 
       6  1.37500000E+02  1.25000000E+01  6.27517616E-01  3.60849220E-01  9.88366836E-01  2.50000000E-02 -1.47162335E-13 -4.02264912E-12 
       7  1.62500000E+02  1.25000000E+01  2.46381453E-01  7.41985383E-01  9.88366836E-01  2.50000000E-02  2.37600854E-12 -6.76588108E-14 
       8  1.87500000E+02  1.25000000E+01  3.71292612E-01  6.17074224E-01  9.88366836E-01  2.50000000E-02  1.74524769E-12  8.71893257E-13 
       9  2.12500000E+02  1.25000000E+01  9.46004258E-01  4.23625780E-02  9.88366836E-01  2.50000000E-02 -6.76853462E-12 -1.38053004E-13 
      10  2.37500000E+02  1.25000000E+01  5.74937168E-01  4.13429667E-01  9.88366836E-01  2.50000000E-02 -3.53314737E-12  9.11828587E-13 
      11  2.62500000E+02  1.25000000E+01  4.39255120E-02  9.44441324E-01  9.88366836E-01  2.50000000E-02 -1.04789400E-12 -6.23697369E-13 
      12  2.87500000E+02  1.25000000E+01 -4.09949661E-02  1.02936180E+00  9.88366836E-01  2.50000000E-02 -1.22847043E-13 -4.34485836E-13 
      13  3.12500000E+02  1.25000000E+01  4.38687919E-01  5.49678917E-01  9.88366836E-01  2.50000000E-02  1.34454119E-13  6.42378209E-14 
      14  3.37500000E+02  1.25000000E+01 -7.91228831E-02  1.06748972E+00  9.88366836E-01  2.50000000E-02  1.33957172E-12 -9.64403867E-13 
      15  3.62500000E+02  1.25000000E+01  2.44044062E-01  7.44322773E-01  9.88366836E-01  2.50000000E-02  2.29714552E-12 -1.21878712E-13 
      16  3.87500000E+02  1.25000000E+01 -6.85643526E-01  1.67401036E+00  9.88366836E-01  2.50000000E-02  2.72217242E-12 -4.27821075E-13 
      17  4.12500000E+02  1.25000000E+01  2.59727577E-02  9.62394078E-01  9.88366836E-01  2.50000000E-02  4.52515606E-12 -1.61881160E-12 
      18  4.37500000E+02  1.25000000E+01 -5.16011811E-01  1.50437865E+00  9.88366836E-01  2.50000000E-02  5.36119527E-12 -6.91985611E-13 
      19  4.62500000E+02  1.25000000E+01 -9.20531819E-01  1.90889865E+00  9.88366836E-01  2.50000000E-02  6.49208326E-12 -1.00804362E-13 
      20  4.87500000E+02  1.25000000E+01  2.92289694E-01  6.96077142E-01  9.88366836E-01  2.50000000E-02  1.14944266E-11 -3.79688200E-13 
      21  5.12500000E+02  1.25000000E+01 -6.29697380E-01  1.61806422E+00  9.88366836E-01  2.50000000E-02  1.08590566E-11 -1.96632372E-13 
      22  5.37500000E+02  1.25000000E+01  1.38086539E-01  8.50280297E-01  9.88366836E-01  2.50000000E-02  9.39548797E-12  5.96547468E-13 
      23  5.62500000E+02  1.25000000E+01 -7.46759496E-01  1.73512633E+00  9.88366836E-01  2.50000000E-02  1.03922866E-11  5.72732933E-13 
      24  5.87500000E+02  1.25000000E+01  7.38600993E-01  2.49765843E-01  9.88366836E-01  2.50000000E-02  1.97916874E-11  8.28223687E-13 
      25  6.12500000E+02  1.25000000E+01 -7.02905248E-01  1.69127208E+00  9.88366836E-01  2.50000000E-02  1.89051089E-11  2.91367646E-13 
      26  6.37500000E+02  1.25000000E+01  8.08237824E-01  1.80129012E-01  9.88366836E-01  2.50000000E-02  1.80579229E-11  2.86299573E-13 
      27  6.62500000E+02  1.25000000E+01  2.71836042E-01  7.16530794E-01  9.88366836E-01  2.50000000E-02  8.61752608E-12 -1.78272191E-12 
      28  6.87500000E+02  1.25000000E+01  1.36223681E-01  8.52143155E-01  9.88366836E-01  2.50000000E-02  8.20447168E-12 -1.32496156E-12 
      29  7.12500000E+02  1.25000000E+01 -3.85249797E-01  1.37361663E+00  9.88366836E-01  2.50000000E-02  7.26330522E-12 -2.42719540E-13 
      30  7.37500000E+02  1.25000000E+01 -2.31877380E-01  1.22024422E+00  9.88366836E-01  2.50000000E-02  6.21697083E-12  9.99556684E-13 
      31  7.62500000E+02  1.25000000E+01  1.13778251E-01  8.74588585E-01  9.88366836E-01  2.50000000E-02  5.44458301E-12  3.13498655E-13 
      32  7.87500000E+02  1.25000000E+01 -2.03716185E-01  1.19208302E+00  9.88366836E-01  2.50000000E-02  3.96901309E-12  7.25137346E-14 
      33  8.12500000E+02  1.25000000E+01 -8.01970376E-01  1.79033721E+00  9.88366836E-01  2.50000000E-02  2.96391552E-12  1.37292226E-13 
      34  8.37500000E+02  1.25000000E+01 -2.45458514E-01  1.23382535E+00  9.88366836E-01  2.50000000E-02  2.70180210E-12  7.75445838E-13 
      35  8.62500000E+02  1.25000000E+01  6.55172082E-01  3.33194753E-01  9.88366836E-01  2.50000000E-02  2.66322049E-12  2.48987153E-13 
      36  8.87500000E+02  1.25000000E+01 -7.59466771E-01  1.74783361E+00  9.88366836E-01  2.50000000E-02  9.23920743E-13 -1.18970111E-13 
      37  9.12500000E+02  1.25000000E+01 -1.48571111E-01  1.13693795E+00  9.88366836E-01  2.50000000E-02  7.12926401E-13 -7.82856923E-14 
      38  9.37500000E+02  1.25000000E+01 -9.38289085E-01  1.92665592E+00  9.88366836E-01  2.50000000E-02  7.57647146E-13  1.37841112E-14 
      39  9.62500000E+02  1.25000000E+01  6.10300161E-01  3.78066674E-01  9.88366836E-01  2.50000000E-02  9.13482675E-13 -8.56101697E-14 
      40  9.87500000E+02  1.25000000E+01 -2.47851854E-01  1.23621869E+00  9.88366836E-01  2.50000000E-02  9.94580288E-14  9.50466770E-15 
      41  1.25000000E+01  3.75000000E+01 -5.98248598E-03  9.94349322E-01  9.88366836E-01  2.50000000E-02 -1.45537926E-14 -1.27049193E-13 
      42  3.75000000E+01  3.75000000E+01 -2.67561176E-01  1.25592801E+00  9.88366836E-01  2.50000000E-02  1.57061213E-13 -4.48004463E-13 
      43  6.25000000E+01  3.75000000E+01 -5.60496726E-01  1.54886356E+00  9.88366836E-01  2.50000000E-02  3.48523814E-13 -4.16266908E-14 
      44  8.75000000E+01  3.75000000E+01  6.36443375E-01  3.51923461E-01  9.88366836E-01  2.50000000E-02  7.44940786E-13  1.33408539E-12 
      45  1.12500000E+02  3.75000000E+01  9.86166516E-01  2.20032007E-03  9.88366836E-01  2.50000000E-02 -3.62762237E-11 -2.14535081E-11 
      46  1.37500000E+02  3.75000000E+01 -5.10431734E-01  1.49879857E+00  9.88366836E-01  2.50000000E-02  5.75272709E-12 -1.23422241E-11 
      47  1.62500000E+02  3.75000000E+01 -4.55747954E-01  1.44411479E+00  9.88366836E-01  2.50000000E-02  4.63954385E-12  1.42482933E-12 
      48  1.87500000E+02  3.75000000E+01 -9.26617771E-01  1.91498461E+00  9.88366836E-01  2.50000000E-02  1.83678973E-12  3.08974520E-12 
      49  2.12500000E+02  3.75000000E+01 -6.05654847E-01  1.59402168E+00  9.88366836E-01  2.50000000E-02 -2.78698407E-13  3.04299300E-12 
      50  2.37500000E+02  3.75000000E+01 -4.45395756E-01  1.43376259E+00  9.88366836E-01  2.50000000E-02 -1.36850780E-12  2.03738759E-12 
      51  2.62500000E+02  3.75000000E+01  6.78131645E-01  3.10235191E-01  9.88366836E-01  2.50000000E-02 -2.91656729E-12 -5.80358218E-12 
      52  2.87500000E+02  3.75000000E+01  4.31827320E-01  5.56539516E-01  9.88366836E-01  2.50000000E-02 -1.35880752E-12 -2.16193866E-12 
      53  3.12500000E+02  3.75000000E+01  9.58920598E-01  2.94462374E-02  9.88366836E-01  2.50000000E-02 -4.01286536E-12  7.31571564E-12 
      54  3.37500000E+02  3.75000000E+01 -1.43604037E-01  1.13197087E+00  9.88366836E-01  2.50000000E-02  4.89093805E-14 -2.15128041E-12 
      55  3.62500000E+02  3.75000000E+01 -7.98346345E-01  1.78671318E+00  9.88366836E-01  2.50000000E-02 -6.29226869E-13  6.02045339E-13 
      56  3.87500000E+02  3.75000000E+01 -7.61416868E-01  1.74978370E+00  9.88366836E-01  2.50000000E-02 -1.27830096E-12 -8.55006173E-13 
      57  4.12500000E+02  3.75000000E+01 -7.32299337E-01  1.72066617E+00  9.88366836E-01  2.50000000E-02 -9.26363166E-13 -4.27658702E-12 
      58  4.37500000E+02  3.75000000E+01  4.06542981E-03  9.84301406E-01  9.88366836E-01  2.50000000E-02  5.77662058E-13 -2.00733813E-12 
      59  4.62500000E+02  3.75000000E+01  5.23048454E-01  4.65318382E-01  9.88366836E-01  2.50000000E-02  1.68969252E-12 -2.28026762E-12 
      60  4.87500000E+02  3.75000000E+01  8.70015014E-01  1.18351822E-01  9.88366836E-01  2.50000000E-02  1.07005662E-11 -8.04780252E-12 
      61  5.12500000E+02  3.75000000E+01  6.95774785E-02  9.18789357E-01  9.88366836E-01  2.50000000E-02  4.42660311E-12 -2.04465628E-12 
      62  5.37500000E+02  3.75000000E+01 -2.62874281E-01  1.25124112E+00  9.88366836E-01  2.50000000E-02  4.18312196E-12  1.28621085E-12 
      63  5.62500000E+02  3.75000000E+01  2.57640648E-02  9.62602771E-01  9.88366836E-01  2.50000000E-02  5.98148699E-12  2.15378722E-12 
      64  5.87500000E+02  3.75000000E+01  5.75245284E-01  4.13121552E-01  9.88366836E-01  2.50000000E-02  1.06906915E-11  2.63334505E-12 
      65  6.12500000E+02  3.75000000E+01 -6.05455565E-01  1.59382240E+00  9.88366836E-01  2.50000000E-02  5.73124327E-12 -8.71023548E-13 
      66  6.37500000E+02  3.75000000E+01 -6.78783371E-01  1.66715021E+00  9.88366836E-01  2.50000000E-02  5.41765292E-12 -1.61068202E-12 
      67  6.62500000E+02  3.75000000E+01 -9.13459003E-01  1.90182584E+00  9.88366836E-01  2.50000000E-02  5.30231799E-12 -3.44937806E-12 
      68  6.87500000E+02  3.75000000E+01 -6.50455217E-01  1.63882205E+00  9.88366836E-01  2.50000000E-02  5.63246009E-12 -2.60097996E-12 
      69  7.12500000E+02  3.75000000E+01  2.69543656E-01  7.18823180E-01  9.88366836E-01  2.50000000E-02  7.20373080E-12 -5.20130553E-13 
      70  7.37500000E+02  3.75000000E+01 -3.48170109E-01  1.33653695E+00  9.88366836E-01  2.50000000E-02  4.47709379E-12  1.82735344E-12 
      71  7.62500000E+02  3.75000000E+01 -8.77683744E-01  1.86605058E+00  9.88366836E-01  2.50000000E-02  3.26990212E-12  3.33559648E-13 
      72  7.87500000E+02  3.75000000E+01 -6.64986548E-01  1.65335338E+00  9.88366836E-01  2.50000000E-02  2.83617893E-12  2.62837697E-13 
      73  8.12500000E+02  3.75000000E+01 -8.83911452E-01  1.87227829E+00  9.88366836E-01  2.50000000E-02  2.69083513E-12  4.31908714E-13 
      74  8.37500000E+02  3.75000000E+01 -4.05378689E-01  1.39374552E+00  9.88366836E-01  2.50000000E-02  2.50718941E-12  1.61915846E-12 
      75  8.62500000E+02  3.75000000E+01 -9.46473242E-01  1.93484008E+00  9.88366836E-01  2.50000000E-02  2.08537076E-12  6.53289410E-13 
      76  8.87500000E+02  3.75000000E+01 -4.51688796E-02  1.03353572E+00  9.88366836E-01  2.50000000E-02  1.68157297E-12 -2.08122743E-13 
      77  9.12500000E+02  3.75000000E+01  1.61625845E-01  8.26740991E-01  9.88366836E-01  2.50000000E-02  1.60024307E-12  2.05713778E-13 
      78  9.37500000E+02  3.75000000E+01  8.80252354E-01  1.08114482E-01  9.88366836E-01  2.50000000E-02  2.28243862E-12  8.17007346E-13 
      79  9.62500000E+02  3.75000000E+01 -4.78569655E-01  1.46693649E+00  9.88366836E-01  2.50000000E-02  1.93601728E-13 -5.12614242E-13 
      80  9.87500000E+02  3.75000000E+01 -4.41479578E-01  1.42984641E+00  9.88366836E-01  2.50000000E-02  8.42413896E-14  2.44230856E-14 
      81  1.25000000E+01  6.25000000E+01 -2.22133777E-01  1.21050061E+00  9.88366836E-01  2.50000000E-02 -2.13904612E-13 -5.80258605E-14 
      82  3.75000000E+01  6.25000000E+01 -9.22805164E-01  1.91117200E+00  9.88366836E-01  2.50000000E-02 -5.48069534E-13 -7.42405618E-13 
      83  6.25000000E+01  6.25000000E+01  8.67690341E-01  1.20676495E-01  9.88366836E-01  2.50000000E-02 -6.35142011E-12 -3.05126986E-13 
      84  8.75000000E+01  6.25000000E+01  5.96017279E-01  3.92349557E-01  9.88366836E-01  2.50000000E-02 -8.81396654E-12  3.58454123E-12 
      85  1.12500000E+02  6.25000000E+01  6.44978475E-01  3.43388361E-01  9.88366836E-01  2.50000000E-02 -5.77444153E-12 -7.30786919E-12 
      86  1.37500000E+02  6.25000000E+01  1.31753819E-01  8.56613016E-01  9.88366836E-01  2.50000000E-02  4.71062061E-13 -1.48051771E-11 
      87  1.62500000E+02  6.25000000E+01 -4.55407585E-01  1.44377442E+00  9.88366836E-01  2.50000000E-02  5.97562630E-13  2.44511221E-12 
      88  1.87500000E+02  6.25000000E+01 -5.64947174E-01  1.55331401E+00  9.88366836E-01  2.50000000E-02  1.45899757E-13  4.33258700E-12 
      89  2.12500000E+02  6.25000000E+01  3.81153889E-01  6.07212947E-01  9.88366836E-01  2.50000000E-02 -6.66610612E-13  3.06364019E-12 
      90  2.37500000E+02  6.25000000E+01  8.45212841E-01  1.43153994E-01  9.88366836E-01  2.50000000E-02 -4.09318104E-12  2.84552947E-12 
      91  2.62500000E+02  6.25000000E+01 -2.37008896E-01  1.22537573E+00  9.88366836E-01  2.50000000E-02 -6.67724653E-13 -1.04958301E-11 
      92  2.87500000E+02  6.25000000E+01 -1.01501098E-01  1.08986793E+00  9.88366836E-01  2.50000000E-02  3.07045133E-14 -2.65121778E-12 
      93  3.12500000E+02  6.25000000E+01 -3.41664032E-01  1.33003087E+00  9.88366836E-01  2.50000000E-02 -2.14769821E-12  4.60304561E-12 
      94  3.37500000E+02  6.25000000E+01 -5.72670355E-01  1.56103719E+00  9.88366836E-01  2.50000000E-02 -3.16057929E-12 -2.97447167E-12 
      95  3.62500000E+02  6.25000000E+01 -7.40812302E-01  1.72917914E+00  9.88366836E-01  2.50000000E-02 -2.55295321E-12  4.89724070E-13 
      96  3.87500000E+02  6.25000000E+01  1.39403546E-01  8.48963290E-01  9.88366836E-01  2.50000000E-02 -2.68264425E-12 -1.22411833E-12 
      97  4.12500000E+02  6.25000000E+01 -3.42636639E-01  1.33100347E+00  9.88366836E-01  2.50000000E-02 -1.84247829E-12 -6.62027807E-12 
      98  4.37500000E+02  6.25000000E+01 -8.09230132E-01  1.79759697E+00  9.88366836E-01  2.50000000E-02 -1.52697331E-12 -2.18408152E-12 
      99  4.62500000E+02  6.25000000E+01  8.36185138E-01  1.52181698E-01  9.88366836E-01  2.50000000E-02  2.93533395E-12 -1.44339281E-11 
     100  4.87500000E+02  6.25000000E+01 -7.66004509E-01  1.75437134E+00  9.88366836E-01  2.50000000E-02  4.21468771E-12 -1.19459240E-11 
     101  5.12500000E+02  6.25000000E+01 -8.56193929E-01  1.84456076E+00  9.88366836E-01  2.50000000E-02  4.40650518E-12 -9.54127018E-13 
     102  5.37500000E+02  6.25000000E+01  7.96759260E-01  1.91607576E-01  9.88366836E-01  2.50000000E-02  1.28583152E-11  4.05800510E-12 
     103  5.62500000E+02  6.25000000E+01  9.10743014E-01  7.76238222E-02  9.88366836E-01  2.50000000E-02  1.57986365E-11  1.01682811E-11 
     104  5.87500000E+02  6.25000000E+01  4.33256348E-01  5.55110488E-01  9.88366836E-01  2.50000000E-02  2.77674432E-12  2.30279006E-12 
     105  6.12500000E+02  6.25000000E+01 -2.25020687E-01  1.21338752E+00  9.88366836E-01  2.50000000E-02  3.14962715E-12 -3.60567232E-12 
     106  6.37500000E+02  6.25000000E+01  4.75225974E-01  5.13140862E-01  9.88366836E-01  2.50000000E-02  4.19190702E-12 -2.20903051E-12 
     107  6.62500000E+02  6.25000000E+01  4.58719477E-01  5.29647359E-01  9.88366836E-01  2.50000000E-02  4.22578290E-12 -1.81210014E-12 
     108  6.87500000E+02  6.25000000E+01  9.60961101E-01  2.74057347E-02  9.88366836E-01  2.50000000E-02  1.11552185E-11  4.29989990E-12 
     109  7.12500000E+02  6.25000000E+01 -4.20474387E-01  1.40884122E+00  9.88366836E-01  2.50000000E-02  7.29650041E-13 -8.25699321E-13 
     110  7.37500000E+02  6.25000000E+01 -3.14378457E-01  1.30274529E+00  9.88366836E-01  2.50000000E-02  5.13492439E-13  1.81888705E-12 
     111  7.62500000E+02  6.25000000E+01 -1.11089879E-01  1.09945671E+00  9.88366836E-01  2.50000000E-02  3.32905077E-13 -3.28369652E-14 
     112  7.87500000E+02  6.25000000E+01 -7.61144773E-01  1.74951161E+00  9.88366836E-01  2.50000000E-02  3.49570250E-13  2.94939484E-13 
     113  8.12500000E+02  6.25000000E+01 -3.67239481E-02  1.02509078E+00  9.88366836E-01  2.50000000E-02  3.05959345E-13  7.82210386E-13 
     114  8.37500000E+02  6.25000000E+01 -9.98738683E-01  1.98710552E+00  9.88366836E-01  2.50000000E-02  3.10752118E-13  1.68279643E-12 
     115  8.62500000E+02  6.25000000E+01 -8.80356106E-01  1.86872294E+00  9.88366836E-01  2.50000000E-02  4.18617744E-13  7.00693955E-13 
     116  8.87500000E+02  6.25000000E+01 -6.14383111E-01  1.60274995E+00  9.88366836E-01  2.50000000E-02  6.68213606E-13 -4.63981509E-14 
     117  9.12500000E+02  6.25000000E+01  3.58235454E-01  6.30131382E-01  9.88366836E-01  2.50000000E-02  1.30611653E-12  6.76549979E-13 
     118  9.37500000E+02  6.25000000E+01  6.03469246E-01  3.84897590E-01  9.88366836E-01  2.50000000E-02  1.56200037E-12 -7.35913525E-14 
     119  9.62500000E+02  6.25000000E+01  4.41048308E-01  5.47318528E-01  9.88366836E-01  2.50000000E-02  1.46966489E-12 -7.85048584E-13 
     120  9.87500000E+02  6.25000000E+01  9.11711479E-01  7.66553565E-02  9.88366836E-01  2.50000000E-02  9.79133062E-13 -1.94803529E-13 
     121  1.25000000E+01  8.75000000E+01  1.08678609E-01  8.79688227E-01  9.88366836E-01  2.50000000E-02 -1.12284462E-12  1.09101347E-12 
     122  3.75000000E+01  8.75000000E+01 -2.28846589E-01  1.21721342E+00  9.88366836E-01  2.50000000E-02 -2.99575308E-12 -3.05114138E-14 
     123  6.25000000E+01  8.75000000E+01 -3.58835185E-01  1.34720202E+00  9.88366836E-01  2.50000000E-02 -3.89664735E-12  2.91808106E-12 
     124  8.75000000E+01  8.75000000E+01 -2.64391871E-01  1.25275871E+00  9.88366836E-01  2.50000000E-02 -5.45016475E-12  6.24792566E-12 
     125  1.12500000E+02  8.75000000E+01 -7.25763198E-02  1.06094316E+00  9.88366836E-01  2.50000000E-02 -5.12249026E-12 -6.31260610E-12 
     126  1.37500000E+02  8.75000000E+01 -1.54400161E-01  1.14276700E+00  9.88366836E-01  2.50000000E-02 -9.46751950E-13 -1.61161632E-11 
     127  1.62500000E+02  8.75000000E+01 -5.69328360E-02  1.04529967E+00  9.88366836E-01  2.50000000E-02  1.17081406E-12  3.56757231E-12 
     128  1.87500000E+02  8.75000000E+01  9.24570212E-02  8.95909815E-01  9.88366836E-01  2.50000000E-02  6.79261375E-14  7.65824840E-12 
     129  2.12500000E+02  8.75000000E+01 -4.43656183E-01  1.43202302E+00  9.88366836E-01  2.50000000E-02 -9.80708478E-13  2.14481063E-12 
     130  2.37500000E+02  8.75000000E+01 -5.57667035E-01  1.54603387E+00  9.88366836E-01  2.50000000E-02 -1.41814382E-12 -2.08060562E-14 
     131  2.62500000E+02  8.75000000E+01  8.18492517E-01  1.69874319E-01  9.88366836E-01  2.50000000E-02 -4.00477328E-12 -2.09721201E-11 
     132  2.87500000E+02  8.75000000E+01 -5.73086483E-01  1.56145332E+00  9.88366836E-01  2.50000000E-02  9.25161219E-13 -3.03623423E-12 
     133  3.12500000E+02  8.75000000E+01 -8.05166683E-01  1.79353352E+00  9.88366836E-01  2.50000000E-02  4.74918550E-13  6.35340935E-12 
     134  3.37500000E+02  8.75000000E+01 -3.46934284E-01  1.33530112E+00  9.88366836E-01  2.50000000E-02  2.97065255E-13 -3.98576587E-12 
     135  3.62500000E+02  8.75000000E+01 -3.61523406E-01  1.34989024E+00  9.88366836E-01  2.50000000E-02  7.17901643E-13 -7.82821959E-14 
     136  3.87500000E+02  8.75000000E+01 -3.84854875E-01  1.37322171E+00  9.88366836E-01  2.50000000E-02  9.43622640E-13 -1.66560626E-12 
     137  4.12500000E+02  8.75000000E+01  6.99363783E-01  2.89003053E-01  9.88366836E-01  2.50000000E-02  1.30051328E-11 -3.33768868E-11 
     138  4.37500000E+02  8.75000000E+01 -8.75640272E-01  1.86400711E+00  9.88366836E-01  2.50000000E-02  2.25520407E-11 -3.09573330E-12 
     139  4.62500000E+02  8.75000000E+01  6.10751907E-01  3.77614929E-01  9.88366836E-01  2.50000000E-02  2.85699274E-11 -2.06661334E-11 
     140  4.87500000E+02  8.75000000E+01  3.56843358E-01  6.31523477E-01  9.88366836E-01  2.50000000E-02  2.81225697E-11 -1.67603028E-11 
     141  5.12500000E+02  8.75000000E+01  1.64731033E-01  8.23635803E-01  9.88366836E-01  2.50000000E-02  2.30950090E-11  1.42512930E-12 
     142  5.37500000E+02  8.75000000E+01 -7.42538812E-01  1.73090565E+00  9.88366836E-01  2.50000000E-02  1.55864337E-11 -3.09877294E-12 
     143  5.62500000E+02  8.75000000E+01 -9.48118006E-01  1.93648484E+00  9.88366836E-01  2.50000000E-02  1.34407475E-11  6.15169496E-12 
     144  5.87500000E+02  8.75000000E+01 -3.36867799E-01  1.32523463E+00  9.88366836E-01  2.50000000E-02  1.21804102E-11  2.76865786E-12 
     145  6.12500000E+02  8.75000000E+01 -8.26321860E-01  1.81468870E+00  9.88366836E-01  2.50000000E-02  1.24451760E-11 -2.10164989E-12 
     146  6.37500000E+02  8.75000000E+01  4.72054294E-01  5.16312541E-01  9.88366836E-01  2.50000000E-02  1.82705093E-11 -2.80279762E-12 
     147  6.62500000E+02  8.75000000E+01  3.81361642E-01  6.07005194E-01  9.88366836E-01  2.50000000E-02  1.72370987E-11 -8.42046689E-13 
     148  6.87500000E+02  8.75000000E+01  2.08037102E-01  7.80329734E-01  9.88366836E-01  2.50000000E-02  1.63809041E-11  6.64027612E-12 
     149  7.12500000E+02  8.75000000E+01  7.21356006E-01  2.67010830E-01  9.88366836E-01  2.50000000E-02  1.59100483E-11 -3.35377833E-12 
     150  7.37500000E+02  8.75000000E+01 -6.36567943E-01  1.62493478E+00  9.88366836E-01  2.50000000E-02  1.01108375E-11  1.96890082E-12 
     151  7.62500000E+02  8.75000000E+01  2.81442429E-01  7.06924406E-01  9.88366836E-01  2.50000000E-02  8.62482681E-12 -3.33315964E-13 
     152  7.87500000E+02  8.75000000E+01 -8.69344436E-01  1.85771127E+00  9.88366836E-01  2.50000000E-02  7.80269656E-12  3.84436638E-13 
     153  8.12500000E+02  8.75000000E+01  2.54507633E-01  7.33859202E-01  9.88366836E-01  2.50000000E-02  6.87214661E-12  1.02023267E-12 
     154  8.37500000E+02  8.75000000E+01 -1.03986893E-01  1.09235373E+00  9.88366836E-01  2.50000000E-02  5.75922122E-12  1.72892934E-12 
     155  8.62500000E+02  8.75000000E+01  1.39175414E-01  8.49191421E-01  9.88366836E-01  2.50000000E-02  4.85298258E-12  1.02357659E-12 
     156  8.87500000E+02  8.75000000E+01 -8.52254150E-01  1.84062099E+00  9.88366836E-01  2.50000000E-02  4.08180047E-12 -1.36172992E-14 
     157  9.12500000E+02  8.75000000E+01  9.24882240E-02  8.95878612E-01  9.88366836E-01  2.50000000E-02  3.52367154E-12  1.00691349E-12 
     158  9.37500000E+02  8.75000000E+01  2.11924596E-01  7.76442240E-01  9.88366836E-01  2.50000000E-02  3.38160152E-12  1.42090934E-12 
     159  9.62500000E+02  8.75000000E+01  7.91661204E-01  1.96705632E-01  9.88366836E-01  2.50000000E-02  2.82797422E-12 -7.64712271E-13 
     160  9.87500000E+02  8.75000000E+01 -7.84772235E-01  1.77313907E+00  9.88366836E-01  2.50000000E-02  6.60377775E-14  3.20347039E-14 
     161  1.25000000E+01  1.12500000E+02 -1.38517810E-01  1.12688465E+00  9.88366836E-01  2.50000000E-02 -7.19127217E-13  3.50744853E-12 
     162  3.75000000E+01  1.12500000E+02 -5.15752501E-01  1.50411934E+00  9.88366836E-01  2.50000000E-02 -2.47145136E-12  1.36584807E-12 
     163  6.25000000E+01  1.12500000E+02  6.79722152E-01  3.08644684E-01  9.88366836E-01  2.50000000E-02 -1.34437923E-11  6.80417330E-12 
     164  8.75000000E+01  1.12500000E+02  3.93778443E-01  5.94588393E-01  9.88366836E-01  2.50000000E-02 -1.87539408E-11  1.15421352E-11 
     165  1.12500000E+02  1.12500000E+02 -7.51376039E-01  1.73974287E+00  9.88366836E-01  2.50000000E-02 -1.93885708E-11 -5.27454880E-12 
     166  1.37500000E+02  1.12500000E+02  9.94759526E-01  4.37959287E-08  9.94759569E-01  2.50000000E-02  1.91175114E-12  2.32247066E-12 
     167  1.62500000E+02  1.12500000E+02 -5.96844762E-03  9.94335283E-01  9.88366836E-01  2.50000000E-02  1.30844725E-11  8.80385197E-12 
     168  1.87500000E+02  1.12500000E+02  2.73210245E-01  7.15156591E-01  9.88366836E-01  2.50000000E-02  9.40443310E-12  1.29262481E-11 
     169  2.12500000E+02  1.12500000E+02 -7.97240036E-01  1.78560687E+00  9.88366836E-01  2.50000000E-02  1.98353398E-12  2.62489220E-12 
     170  2.37500000E+02  1.12500000E+02 -5.90233836E-01  1.57860067E+00  9.88366836E-01  2.50000000E-02 -4.14043995E-14  1.06670369E-12 
     171  2.62500000E+02  1.12500000E+02  4.42065805E-01  5.46301030E-01  9.88366836E-01  2.50000000E-02  3.83359046E-13 -1.88796337E-11 
     172  2.87500000E+02  1.12500000E+02 -3.93244859E-01  1.38161169E+00  9.88366836E-01  2.50000000E-02  3.75169350E-12 -3.06802126E-12 
     173  3.12500000E+02  1.12500000E+02  3.09424066E-01  6.78942770E-01  9.88366836E-01  2.50000000E-02 -1.10076003E-12  1.48413633E-11 
     174  3.37500000E+02  1.12500000E+02 -9.66486511E-01  1.95485335E+00  9.88366836E-01  2.50000000E-02 -5.13315768E-12 -4.36665216E-12 
     175  3.62500000E+02  1.12500000E+02 -3.44924414E-01  1.33329125E+00  9.88366836E-01  2.50000000E-02 -6.23275682E-12  4.40519771E-15 
     176  3.87500000E+02  1.12500000E+02  3.36817882E-02  9.54685048E-01  9.88366836E-01  2.50000000E-02 -1.01442687E-11 -2.42505842E-12 
     177  4.12500000E+02  1.12500000E+02  5.63483232E-01  4.24883604E-01  9.88366836E-01  2.50000000E-02 -1.02771311E-11 -4.33593100E-11 
     178  4.37500000E+02  1.12500000E+02 -4.61520794E-01  1.44988763E+00  9.88366836E-01  2.50000000E-02 -5.74141546E-12 -2.36989790E-12 
     179  4.62500000E+02  1.12500000E+02 -8.93975861E-02  1.07776442E+00  9.88366836E-01  2.50000000E-02 -4.19620201E-12 -1.69316488E-11 
     180  4.87500000E+02  1.12500000E+02  5.86560371E-01  4.01806465E-01  9.88366836E-01  2.50000000E-02  7.55206143E-12 -2.64923731E-11 
     181  5.12500000E+02  1.12500000E+02  8.29051939E-01  1.59314897E-01  9.88366836E-01  2.50000000E-02  1.60290940E-11 -6.54448127E-12 
     182  5.37500000E+02  1.12500000E+02 -2.66416548E-01  1.25478338E+00  9.88366836E-01  2.50000000E-02  2.69371986E-12 -3.85447358E-12 
     183  5.62500000E+02  1.12500000E+02 -5.82060613E-02  1.04657290E+00  9.88366836E-01  2.50000000E-02  3.54555202E-12  6.32921409E-12 
     184  5.87500000E+02  1.12500000E+02 -2.17671230E-01  1.20603807E+00  9.88366836E-01  2.50000000E-02  5.19682170E-12  3.06326233E-12 
     185  6.12500000E+02  1.12500000E+02 -1.44100279E-01  1.13246711E+00  9.88366836E-01  2.50000000E-02  5.87820141E-12  1.15708387E-13 
     186  6.37500000E+02  1.12500000E+02  1.79934253E-01  8.08432583E-01  9.88366836E-01  2.50000000E-02  6.99703496E-12 -3.24781425E-12 
     187  6.62500000E+02  1.12500000E+02  3.46347084E-01  6.42019752E-01  9.88366836E-01  2.50000000E-02  6.09895217E-12 -5.60818944E-13 
     188  6.87500000E+02  1.12500000E+02  1.33810219E-02  9.74985814E-01  9.88366836E-01  2.50000000E-02  4.64680856E-12  6.69372494E-12 
     189  7.12500000E+02  1.12500000E+02  4.88346163E-01  5.00020672E-01  9.88366836E-01  2.50000000E-02  3.69601887E-12  1.12868384E-13 
     190  7.37500000E+02  1.12500000E+02  9.85545454E-01  2.82138204E-03  9.88366836E-01  2.50000000E-02  3.18965007E-11 -3.66895950E-12 
     191  7.62500000E+02  1.12500000E+02  8.44931991E-01  1.43434844E-01  9.88366836E-01  2.50000000E-02  3.60808777E-13 -1.24062839E-12 
     192  7.87500000E+02  1.12500000E+02 -2.61429806E-01  1.24979664E+00  9.88366836E-01  2.50000000E-02  5.45895484E-14  4.98960705E-13 
     193  8.12500000E+02  1.12500000E+02 -4.19086636E-01  1.40745347E+00  9.88366836E-01  2.50000000E-02 -1.08170006E-14  9.76277756E-13 
     194  8.37500000E+02  1.12500000E+02 -6.24126360E-01  1.61249320E+00  9.88366836E-01  2.50000000E-02  3.26129301E-14  1.70964682E-12 
     195  8.62500000E+02  1.12500000E+02 -1.03208890E-01  1.09157573E+00  9.88366836E-01  2.50000000E-02  1.83331875E-13  9.87446230E-13 
     196  8.87500000E+02  1.12500000E+02  8.56216663E-01  1.32150173E-01  9.88366836E-01  2.50000000E-02  1.67999000E-13  1.22528719E-12 
     197  9.12500000E+02  1.12500000E+02  5.22711667E-01  4.65655169E-01  9.88366836E-01  2.50000000E-02 -6.32852764E-14  1.53145290E-12 
     198  9.37500000E+02  1.12500000E+02 -9.57883280E-01  1.94625012E+00  9.88366836E-01  2.50000000E-02 -3.00983529E-13  1.26900630E-12 
     199  9.62500000E+02  1.12500000E+02 -8.96224899E-01  1.88459174E+00  9.88366836E-01  2.50000000E-02 -1.70921915E-13 -5.17646670E-13 
     200  9.87500000E+02  1.12500000E+02 -8.69716605E-01  1.85808344E+00  9.88366836E-01  2.50000000E-02 -1.64194984E-15 -2.27139482E-14 
     201  1.25000000E+01  1.37500000E+02  7.23899730E-01  2.64467106E-01  9.88366836E-01  2.50000000E-02  3.51111694E-13  1.13653034E-11 
     202  3.75000000E+01  1.37500000E+02  8.12980265E-01  1.75386571E-01  9.88366836E-01  2.50000000E-02  1.10109839E-12  1.11155682E-11 
     203  6.25000000E+01  1.37500000E+02 -3.66884301E-01  1.35525114E+00  9.88366836E-01  2.50000000E-02  1.45273408E-12  1.74970376E-12 
     204  8.75000000E+01  1.37500000E+02 -5.83269168E-01  1.57163600E+00  9.88366836E-01  2.50000000E-02  7.36857496E-13  1.02987706E-11 
     205  1.12500000E+02  1.37500000E+02  7.75219159E-01  2.13147676E-01  9.88366836E-01  2.50000000E-02 -1.13416236E-11  5.58990706E-12 
     206  1.37500000E+02  1.37500000E+02 -4.95104883E-01  1.48347172E+00  9.88366836E-01  2.50000000E-02 -8.02975217E-12  1.82033426E-11 
     207  1.62500000E+02  1.37500000E+02 -3.69251004E-01  1.35761784E+00  9.88366836E-01  2.50000000E-02 -6.31260081E-12  1.63644743E-11 
     208  1.87500000E+02  1.37500000E+02 -8.84234157E-01  1.87260099E+00  9.88366836E-01  2.50000000E-02 -4.02589521E-12  2.02848132E-11 
     209  2.12500000E+02  1.37500000E+02 -6.39689322E-01  1.62805616E+00  9.88366836E-01  2.50000000E-02 -3.29766870E-12  3.58313517E-12 
     210  2.37500000E+02  1.37500000E+02  3.91397575E-02  9.49227078E-01  9.88366836E-01  2.50000000E-02 -3.90632235E-12  4.23686203E-12 
     211  2.62500000E+02  1.37500000E+02 -8.48776607E-01  1.83714344E+00  9.88366836E-01  2.50000000E-02  3.58199894E-12 -1.56610044E-11 
     212  2.87500000E+02  1.37500000E+02 -9.42180406E-01  1.93054724E+00  9.88366836E-01  2.50000000E-02  6.72226966E-12 -1.60860299E-12 
     213  3.12500000E+02  1.37500000E+02 -3.69058054E-01  1.35742489E+00  9.88366836E-01  2.50000000E-02  3.99361049E-12  2.21347940E-11 
     214  3.37500000E+02  1.37500000E+02  3.15102034E-01  6.73264802E-01  9.88366836E-01  2.50000000E-02 -6.61215979E-12 -1.51138946E-12 
     215  3.62500000E+02  1.37500000E+02 -1.07956865E-01  1.09632370E+00  9.88366836E-01  2.50000000E-02 -1.40102192E-11  1.22183899E-12 
     216  3.87500000E+02  1.37500000E+02  7.69074484E-01  2.19292352E-01  9.88366836E-01  2.50000000E-02 -4.01882528E-11  1.39126732E-11 
     217  4.12500000E+02  1.37500000E+02  9.99470287E-01  4.35172556E-08  9.99470331E-01  2.50000000E-02  1.31015301E-12 -2.66886078E-12 
     218  4.37500000E+02  1.37500000E+02 -7.43699164E-01  1.73206600E+00  9.88366836E-01  2.50000000E-02  1.14146916E-11  2.12521409E-13 
     219  4.62500000E+02  1.37500000E+02 -4.07240404E-01  1.39560724E+00  9.88366836E-01  2.50000000E-02  1.43901920E-11 -1.61015477E-11 
     220  4.87500000E+02  1.37500000E+02  1.67925225E-01  8.20441611E-01  9.88366836E-01  2.50000000E-02  2.29335436E-11 -2.75049831E-11 
     221  5.12500000E+02  1.37500000E+02  6.80805707E-01  3.07561129E-01  9.88366836E-01  2.50000000E-02  3.26638525E-11 -1.28318239E-11 
     222  5.37500000E+02  1.37500000E+02  2.17428979E-02  9.66623938E-01  9.88366836E-01  2.50000000E-02  2.86714309E-11 -3.43401541E-12 
     223  5.62500000E+02  1.37500000E+02  6.58877397E-01  3.29489439E-01  9.88366836E-01  2.50000000E-02  2.15789431E-11  9.52337520E-12 
     224  5.87500000E+02  1.37500000E+02 -3.39958281E-02  1.02236266E+00  9.88366836E-01  2.50000000E-02  1.53204213E-11  3.78503626E-12 
     225  6.12500000E+02  1.37500000E+02  4.87976919E-01  5.00389917E-01  9.88366836E-01  2.50000000E-02  1.38964052E-11  3.08363197E-12 
     226  6.37500000E+02  1.37500000E+02  8.01521395E-01  1.86845441E-01  9.88366836E-01  2.50000000E-02  1.52677713E-11 -1.53835513E-12 
     227  6.62500000E+02  1.37500000E+02 -8.98507145E-01  1.88687398E+00  9.88366836E-01  2.50000000E-02  4.84105527E-12 -8.62299268E-13 
     228  6.87500000E+02  1.37500000E+02  7.01774916E-03  9.81349087E-01  9.88366836E-01  2.50000000E-02  4.81925838E-12  6.72879499E-12 
     229  7.12500000E+02  1.37500000E+02  3.74468801E-01  6.13898035E-01  9.88366836E-01  2.50000000E-02  7.40683317E-12  1.41145094E-12 
     230  7.37500000E+02  1.37500000E+02  5.87595617E-01  4.00771219E-01  9.88366836E-01  2.50000000E-02  8.79314825E-12  1.26844778E-12 
     231  7.62500000E+02  1.37500000E+02  3.25762240E-01  6.62604595E-01  9.88366836E-01  2.50000000E-02  6.86648940E-12 -2.51253494E-12 
     232  7.87500000E+02  1.37500000E+02 -6.78944753E-01  1.66731159E+00  9.88366836E-01  2.50000000E-02  5.19679707E-12  6.56848886E-14 
     233  8.12500000E+02  1.37500000E+02 -5.91976095E-02  1.04756445E+00  9.88366836E-01  2.50000000E-02  4.64876525E-12  1.10014348E-12 
     234  8.37500000E+02  1.37500000E+02  1.04583311E-01  8.83783525E-01  9.88366836E-01  2.50000000E-02  4.58461557E-12  1.65557553E-12 
     235  8.62500000E+02  1.37500000E+02 -9.53455028E-01  1.94182186E+00  9.88366836E-01  2.50000000E-02  4.22436996E-12  8.34900100E-13 
     236  8.87500000E+02  1.37500000E+02  2.42194233E-01  7.46172603E-01  9.88366836E-01  2.50000000E-02  3.66801982E-12  1.99038234E-12 
     237  9.12500000E+02  1.37500000E+02  5.61472783E-01  4.26894053E-01  9.88366836E-01  2.50000000E-02  2.45343982E-12  1.54781499E-12 
     238  9.37500000E+02  1.37500000E+02 -8.09283821E-01  1.79765066E+00  9.88366836E-01  2.50000000E-02  7.80012936E-13  1.00738642E-12 
     239  9.62500000E+02  1.37500000E+02 -8.07533917E-01  1.79590075E+00  9.88366836E-01  2.50000000E-02  5.88608583E-13 -5.15828308E-13 
     240  9.87500000E+02  1.37500000E+02  3.82521626E-02  9.50114673E-01  9.88366836E-01  2.50000000E-02  2.15278173E-13 -1.51731112E-13 
     241  1.25000000E+01  1.62500000E+02  8.35147174E-02  9.04852118E-01  9.88366836E-01  2.50000000E-02 -1.80882397E-12  7.00402526E-12 
     242  3.75000000E+01  1.62500000E+02 -4.14718301E-01  1.40308514E+00  9.88366836E-01  2.50000000E-02 -4.79415817E-12  8.08865840E-12 
     243  6.25000000E+01  1.62500000E+02 -9.45091518E-01  1.93345835E+00  9.88366836E-01  2.50000000E-02 -4.42747260E-12  9.54123594E-13 
     244  8.75000000E+01  1.62500000E+02 -9.93943173E-01  1.98231001E+00  9.88366836E-01  2.50000000E-02 -3.83256041E-12  8.33791572E-12 
     245  1.12500000E+02  1.62500000E+02  9.48005754E-01  4.03610817E-02  9.88366836E-01  2.50000000E-02 -6.83928932E-12  1.87564300E-11 
     246  1.37500000E+02  1.62500000E+02 -5.04923905E-01  1.49329074E+00  9.88366836E-01  2.50000000E-02  1.24160283E-11  1.70176382E-11 
     247  1.62500000E+02  1.62500000E+02  7.85674229E-01  2.02692607E-01  9.88366836E-01  2.50000000E-02  2.44066957E-12  5.65975537E-11 
     248  1.87500000E+02  1.62500000E+02  6.65479012E-01  3.22887824E-01  9.88366836E-01  2.50000000E-02 -1.40845423E-11  3.59252021E-11 
     249  2.12500000E+02  1.62500000E+02  7.59975092E-01  2.28391744E-01  9.88366836E-01  2.50000000E-02 -1.82340951E-11  1.24901376E-11 
     250  2.37500000E+02  1.62500000E+02 -4.00673773E-01  1.38904061E+00  9.88366836E-01  2.50000000E-02 -1.02551933E-11  8.18485722E-12 
     251  2.62500000E+02  1.62500000E+02 -7.55400846E-01  1.74376768E+00  9.88366836E-01  2.50000000E-02 -6.53754536E-12 -1.74124632E-11 
     252  2.87500000E+02  1.62500000E+02 -5.99398565E-01  1.58776540E+00  9.88366836E-01  2.50000000E-02 -3.86278209E-12 -1.70551077E-12 
     253  3.12500000E+02  1.62500000E+02 -1.85486079E-02  1.00691544E+00  9.88366836E-01  2.50000000E-02 -5.00492461E-12  2.53277017E-11 
     254  3.37500000E+02  1.62500000E+02 -9.00384404E-01  1.88875124E+00  9.88366836E-01  2.50000000E-02 -6.48105336E-12 -1.76053307E-12 
     255  3.62500000E+02  1.62500000E+02  7.23953227E-01  2.64413609E-01  9.88366836E-01  2.50000000E-02 -1.06924311E-11  1.24244233E-11 
     256  3.87500000E+02  1.62500000E+02 -4.26425104E-01  1.41479194E+00  9.88366836E-01  2.50000000E-02 -1.87225032E-11  2.39422885E-11 
     257  4.12500000E+02  1.62500000E+02 -4.08711126E-01  1.39707796E+00  9.88366836E-01  2.50000000E-02 -2.08618707E-11  2.42104672E-11 
     258  4.37500000E+02  1.62500000E+02  6.49783679E-01  3.38583157E-01  9.88366836E-01  2.50000000E-02 -3.52985430E-11  1.62388207E-11 
     259  4.62500000E+02  1.62500000E+02  9.96707638E-01  4.33886634E-08  9.96707682E-01  2.50000000E-02  2.92456179E-12 -4.36868764E-13 
     260  4.87500000E+02  1.62500000E+02  8.78262420E-01  1.10104415E-01  9.88366836E-01  2.50000000E-02  1.16700194E-10 -4.39764670E-12 
     261  5.12500000E+02  1.62500000E+02  8.69145546E-01  1.19221289E-01  9.88366836E-01  2.50000000E-02  9.63056595E-11 -6.39165597E-12 
     262  5.37500000E+02  1.62500000E+02  2.82105952E-01  7.06260884E-01  9.88366836E-01  2.50000000E-02  2.05424297E-11 -4.34569593E-12 
     263  5.62500000E+02  1.62500000E+02 -1.76678378E-01  1.16504521E+00  9.88366836E-01  2.50000000E-02  1.63398240E-11  1.07533241E-11 
     264  5.87500000E+02  1.62500000E+02  5.52505683E-01  4.35861153E-01  9.88366836E-01  2.50000000E-02  1.43313976E-11  7.73315988E-12 
     265  6.12500000E+02  1.62500000E+02 -2.66796525E-01  1.25516336E+00  9.88366836E-01  2.50000000E-02  1.00876563E-11  3.78486680E-12 
     266  6.37500000E+02  1.62500000E+02  4.53008486E-01  5.35358349E-01  9.88366836E-01  2.50000000E-02  7.30343792E-12  1.07946735E-12 
     267  6.62500000E+02  1.62500000E+02 -7.65433764E-01  1.75380060E+00  9.88366836E-01  2.50000000E-02  3.18575590E-12 -1.01399997E-12 
     268  6.87500000E+02  1.62500000E+02 -6.92202912E-02  1.05758713E+00  9.88366836E-01  2.50000000E-02  2.12257281E-12  7.10352757E-12 
     269  7.12500000E+02  1.62500000E+02  8.76503252E-01  1.11863584E-01  9.88366836E-01  2.50000000E-02  5.96267074E-12  1.21569130E-12 
     270  7.37500000E+02  1.62500000E+02 -5.37976910E-01  1.52634375E+00  9.88366836E-01  2.50000000E-02  1.07788087E-12  6.78291977E-13 
     271  7.62500000E+02  1.62500000E+02 -7.99079871E-04  9.89165916E-01  9.88366836E-01  2.50000000E-02  1.16342113E-12 -2.51440065E-12 
     272  7.87500000E+02  1.62500000E+02 -6.09372242E-01  1.59773908E+00  9.88366836E-01  2.50000000E-02  1.34601949E-12 -1.64103948E-13 
     273  8.12500000E+02  1.62500000E+02  2.42801476E-01  7.45565360E-01  9.88366836E-01  2.50000000E-02  1.03661103E-12  1.60536579E-12 
     274  8.37500000E+02  1.62500000E+02 -4.07254055E-01  1.39562089E+00  9.88366836E-01  2.50000000E-02  6.48226310E-13  1.43704056E-12 
     275  8.62500000E+02  1.62500000E+02 -9.32943653E-01  1.92131049E+00  9.88366836E-01  2.50000000E-02  6.93300679E-13  8.74618610E-13 
     276  8.87500000E+02  1.62500000E+02 -8.73369498E-01  1.86173633E+00  9.88366836E-01  2.50000000E-02  8.25072189E-13  2.14027054E-12 
     277  9.12500000E+02  1.62500000E+02  3.87206214E-01  6.01160622E-01  9.88366836E-01  2.50000000E-02  8.92646947E-13  1.45887081E-12 
     278  9.37500000E+02  1.62500000E+02 -4.53648108E-01  1.44201494E+00  9.88366836E-01  2.50000000E-02  5.93663081E-13  8.41555166E-13 
     279  9.62500000E+02  1.62500000E+02  1.48897342E-01  8.39469494E-01  9.88366836E-01  2.50000000E-02  5.26043827E-13 -4.86178811E-13 
     280  9.87500000E+02  1.62500000E+02  6.70755937E-01  3.17610899E-01  9.88366836E-01  2.50000000E-02  2.84232871E-13 -8.20485495E-14 
     281  1.25000000E+01  1.87500000E+02 -1.66476527E-01  1.15484336E+00  9.88366836E-01  2.50000000E-02 -9.45897998E-14  7.01457172E-12 
     282  3.75000000E+01  1.87500000E+02  2.37551903E-01  7.50814932E-01  9.88366836E-01  2.50000000E-02 -5.89328373E-13  7.99033488E-12 
     283  6.25000000E+01  1.87500000E+02  8.86512986E-01  1.01853850E-01  9.88366836E-01  2.50000000E-02 -1.12430936E-11  1.00403027E-11 
     284  8.75000000E+01  1.87500000E+02  7.99757613E-02  9.08391074E-01  9.88366836E-01  2.50000000E-02 -7.94471596E-12  9.99633748E-12 
     285  1.12500000E+02  1.87500000E+02 -3.21040265E-01  1.30940710E+00  9.88366836E-01  2.50000000E-02 -9.92894862E-12  1.86989056E-11 
     286  1.37500000E+02  1.87500000E+02 -7.68747739E-01  1.75711457E+00  9.88366836E-01  2.50000000E-02 -8.28415189E-12  1.61335851E-11 
     287  1.62500000E+02  1.87500000E+02  6.97657624E-01  2.90709212E-01  9.88366836E-01  2.50000000E-02  1.87595217E-11  5.85532024E-11 
     288  1.87500000E+02  1.87500000E+02 -7.86922382E-01  1.77528922E+00  9.88366836E-01  2.50000000E-02  8.29898324E-12  1.54741150E-11 
     289  2.12500000E+02  1.87500000E+02  8.79619040E-01  1.08747796E-01  9.88366836E-01  2.50000000E-02 -3.11449944E-11  1.56901504E-11 
     290  2.37500000E+02  1.87500000E+02 -5.35190590E-01  1.52355743E+00  9.88366836E-01  2.50000000E-02 -4.35806776E-12  1.23495595E-11 
     291  2.62500000E+02  1.87500000E+02 -9.78600396E-01  1.96696723E+00  9.88366836E-01  2.50000000E-02 -2.72231478E-12 -2.28469505E-11 
     292  2.87500000E+02  1.87500000E+02  3.11980387E-01  6.76386449E-01  9.88366836E-01  2.50000000E-02  4.57469642E-12 -7.97873422E-12 
     293  3.12500000E+02  1.87500000E+02 -1.53058204E-02  1.00367266E+00  9.88366836E-01  2.50000000E-02  6.48088444E-12  2.62585620E-11 
     294  3.37500000E+02  1.87500000E+02 -5.46319126E-01  1.53468596E+00  9.88366836E-01  2.50000000E-02  6.33223746E-12 -4.09992774E-12 
     295  3.62500000E+02  1.87500000E+02 -2.35273906E-01  1.22364074E+00  9.88366836E-01  2.50000000E-02  3.83144105E-12  9.53820732E-12 
     296  3.87500000E+02  1.87500000E+02 -3.51627214E-01  1.33999405E+00  9.88366836E-01  2.50000000E-02  1.17956327E-12  2.29236062E-11 
     297  4.12500000E+02  1.87500000E+02  8.13906002E-01  1.74460833E-01  9.88366836E-01  2.50000000E-02  8.19304361E-12  2.10948285E-11 
     298  4.37500000E+02  1.87500000E+02  4.28358932E-01  5.60007904E-01  9.88366836E-01  2.50000000E-02  9.67951263E-12  2.17846962E-11 
     299  4.62500000E+02  1.87500000E+02 -1.51875673E-01  1.14024251E+00  9.88366836E-01  2.50000000E-02  1.34431892E-11  1.06240162E-11 
     300  4.87500000E+02  1.87500000E+02  2.23783840E-01  7.64582996E-01  9.88366836E-01  2.50000000E-02  1.55537045E-11  4.21616489E-12 
     301  5.12500000E+02  1.87500000E+02 -5.94372845E-01  1.58273968E+00  9.88366836E-01  2.50000000E-02  1.67700032E-11  1.08739985E-12 
     302  5.37500000E+02  1.87500000E+02  4.10290570E-01  5.78076266E-01  9.88366836E-01  2.50000000E-02  1.56583821E-11 -6.19448712E-12 
     303  5.62500000E+02  1.87500000E+02  2.14724687E-01  7.73642149E-01  9.88366836E-01  2.50000000E-02  1.01509044E-11  1.07959645E-11 
     304  5.87500000E+02  1.87500000E+02 -9.92053210E-01  1.98042005E+00  9.88366836E-01  2.50000000E-02  3.05832151E-12  6.58894937E-12 
     305  6.12500000E+02  1.87500000E+02 -9.90360644E-01  1.97872748E+00  9.88366836E-01  2.50000000E-02  2.18865128E-12  3.33463130E-12 
     306  6.37500000E+02  1.87500000E+02 -5.38917583E-02  1.04225859E+00  9.88366836E-01  2.50000000E-02  4.07140610E-12  4.28562945E-13 
     307  6.62500000E+02  1.87500000E+02  1.33030385E-01  8.55336450E-01  9.88366836E-01  2.50000000E-02  4.34746879E-12 -8.79296044E-13 
     308  6.87500000E+02  1.87500000E+02 -4.04030470E-01  1.39239731E+00  9.88366836E-01  2.50000000E-02  3.50617760E-12  6.44015627E-12 
     309  7.12500000E+02  1.87500000E+02 -8.13372492E-01  1.80173933E+00  9.88366836E-01  2.50000000E-02  3.91642714E-12  8.12712176E-13 
     310  7.37500000E+02  1.87500000E+02  5.26055641E-01  4.62311194E-01  9.88366836E-01  2.50000000E-02  6.70904139E-12  1.69494497E-13 
     311  7.62500000E+02  1.87500000E+02 -1.21979092E-01  1.11034593E+00  9.88366836E-01  2.50000000E-02  6.56968285E-12 -2.49268625E-12 
     312  7.87500000E+02  1.87500000E+02  9.51504665E-01  3.68621712E-02  9.88366836E-01  2.50000000E-02  4.00102225E-12  5.55084153E-13 
     313  8.12500000E+02  1.87500000E+02  1.21368449E-02  9.76229991E-01  9.88366836E-01  2.50000000E-02 -5.59218296E-13  1.58537579E-12 
     314  8.37500000E+02  1.87500000E+02  5.57994914E-02  9.32567344E-01  9.88366836E-01  2.50000000E-02 -3.53310230E-13  1.25129349E-12 
     315  8.62500000E+02  1.87500000E+02  3.00266358E-01  6.88100477E-01  9.88366836E-01  2.50000000E-02  6.14979719E-16  8.46871982E-13 
     316  8.87500000E+02  1.87500000E+02  1.38933373E-02  9.74473499E-01  9.88366836E-01  2.50000000E-02  7.98632863E-14  2.03744626E-12 
     317  9.12500000E+02  1.87500000E+02 -7.75471231E-01  1.76383807E+00  9.88366836E-01  2.50000000E-02  2.14160746E-13  1.27554015E-12 
     318  9.37500000E+02  1.87500000E+02 -8.13535488E-01  1.80190232E+00  9.88366836E-01  2.50000000E-02  2.57004501E-13  7.72510915E-13 
     319  9.62500000E+02  1.87500000E+02 -3.31835338E-01  1.32020217E+00  9.88366836E-01  2.50000000E-02  2.48538060E-13 -4.59908205E-13 
     320  9.87500000E+02  1.87500000E+02 -3.84744574E-01  1.37311141E+00  9.88366836E-01  2.50000000E-02  1.13115751E-13 -1.32506514E-13 
     321  1.25000000E+01  2.12500000E+02  2.44844554E-01  7.43522282E-01  9.88366836E-01  2.50000000E-02 -5.27094805E-14  8.26744525E-12 
     322  3.75000000E+01  2.12500000E+02 -8.38942158E-01  1.82730899E+00  9.88366836E-01  2.50000000E-02  2.71925473E-14  8.35627084E-12 
     323  6.25000000E+01  2.12500000E+02  8.76437427E-01  1.11929408E-01  9.88366836E-01  2.50000000E-02  1.83931267E-12  1.18216777E-11 
     324  8.75000000E+01  2.12500000E+02 -9.82525714E-01  1.97089255E+00  9.88366836E-01  2.50000000E-02  7.09714991E-12  1.22468701E-11 
     325  1.12500000E+02  2.12500000E+02  5.51450105E-01  4.36916731E-01  9.88366836E-01  2.50000000E-02  9.63494022E-12  1.90447036E-11 
     326  1.37500000E+02  2.12500000E+02  9.23851166E-01  6.45156697E-02  9.88366836E-01  2.50000000E-02  5.48138279E-11  3.27265051E-11 
     327  1.62500000E+02  2.12500000E+02  7.21559825E-01  2.66807011E-01  9.88366836E-01  2.50000000E-02  6.69241494E-11  5.27207808E-11 
     328  1.87500000E+02  2.12500000E+02 -5.98162436E-01  1.58652927E+00  9.88366836E-01  2.50000000E-02  4.00931994E-11  6.15009471E-12 
     329  2.12500000E+02  2.12500000E+02 -2.67355377E-01  1.25572221E+00  9.88366836E-01  2.50000000E-02  4.69848848E-11 -1.02286653E-11 
     330  2.37500000E+02  2.12500000E+02  9.29246853E-01  5.91199825E-02  9.88366836E-01  2.50000000E-02  1.33981451E-09 -8.13381208E-11 
     331  2.62500000E+02  2.12500000E+02 -5.41489150E-01  1.52985599E+00  9.88366836E-01  2.50000000E-02  2.70795720E-09 -1.78561984E-11 
     332  2.87500000E+02  2.12500000E+02  9.61606288E-01  2.67605473E-02  9.88366836E-01  2.50000000E-02  1.49851758E-09  3.51633200E-11 
     333  3.12500000E+02  2.12500000E+02 -9.96976256E-01  1.98534309E+00  9.88366836E-01  2.50000000E-02  1.28025836E-10  3.30826227E-11 
     334  3.37500000E+02  2.12500000E+02  7.03037147E-01  2.85329689E-01  9.88366836E-01  2.50000000E-02  7.30780686E-11 -1.37785116E-11 
     335  3.62500000E+02  2.12500000E+02 -9.91669405E-01  1.98003624E+00  9.88366836E-01  2.50000000E-02  6.93940406E-12  1.25293373E-11 
     336  3.87500000E+02  2.12500000E+02 -7.82311094E-01  1.77067793E+00  9.88366836E-01  2.50000000E-02  4.69444216E-12  2.78301044E-11 
     337  4.12500000E+02  2.12500000E+02  6.48352156E-01  3.40014679E-01  9.88366836E-01  2.50000000E-02  1.09885689E-11  1.97059937E-11 
     338  4.37500000E+02  2.12500000E+02  6.96944532E-01  2.91422304E-01  9.88366836E-01  2.50000000E-02  6.39083886E-12  1.61829566E-11 
     339  4.62500000E+02  2.12500000E+02 -8.76132359E-01  1.86449919E+00  9.88366836E-01  2.50000000E-02  5.63995956E-12  1.08727946E-11 
     340  4.87500000E+02  2.12500000E+02 -5.73095536E-01  1.56146237E+00  9.88366836E-01  2.50000000E-02  5.30945591E-12  4.64518067E-12 
     341  5.12500000E+02  2.12500000E+02 -9.01463864E-01  1.88983070E+00  9.88366836E-01  2.50000000E-02  5.64601853E-12  2.31759944E-12 
     342  5.37500000E+02  2.12500000E+02  7.33343231E-01  2.55023605E-01  9.88366836E-01  2.50000000E-02  1.20361585E-11 -3.66577686E-13 
     343  5.62500000E+02  2.12500000E+02 -1.68227038E-01  1.15659387E+00  9.88366836E-01  2.50000000E-02  8.11684988E-12  1.11673737E-11 
     344  5.87500000E+02  2.12500000E+02 -1.82784566E-01  1.17115140E+00  9.88366836E-01  2.50000000E-02  6.88513110E-12  7.69737057E-12 
     345  6.12500000E+02  2.12500000E+02 -7.99218124E-03  9.96359017E-01  9.88366836E-01  2.50000000E-02  5.40356158E-12  4.91421912E-12 
     346  6.37500000E+02  2.12500000E+02  2.75438084E-01  7.12928752E-01  9.88366836E-01  2.50000000E-02  5.49042949E-12  1.91171324E-12 
     347  6.62500000E+02  2.12500000E+02  9.24385959E-01  6.39808773E-02  9.88366836E-01  2.50000000E-02  7.93492360E-12  7.52995021E-13 
     348  6.87500000E+02  2.12500000E+02 -1.36616828E-01  1.12498366E+00  9.88366836E-01  2.50000000E-02  5.97020227E-13  5.33224048E-12 
     349  7.12500000E+02  2.12500000E+02 -5.19049607E-01  1.50741644E+00  9.88366836E-01  2.50000000E-02  7.63659154E-13  9.72848036E-13 
     350  7.37500000E+02  2.12500000E+02  8.47420159E-01  1.40946677E-01  9.88366836E-01  2.50000000E-02  5.69226692E-12  1.44457647E-12 
     351  7.62500000E+02  2.12500000E+02  9.79561948E-01  8.80488763E-03  9.88366836E-01  2.50000000E-02  8.64010061E-12  1.83307934E-12 
     352  7.87500000E+02  2.12500000E+02  3.08941214E-01  6.79425622E-01  9.88366836E-01  2.50000000E-02 -1.26140030E-13 -1.98067680E-13 
     353  8.12500000E+02  2.12500000E+02 -3.97161530E-01  1.38552837E+00  9.88366836E-01  2.50000000E-02 -1.72469670E-13  1.24662107E-12 
     354  8.37500000E+02  2.12500000E+02  7.58434357E-01  2.29932479E-01  9.88366836E-01  2.50000000E-02 -4.08623243E-13  1.08502890E-12 
     355  8.62500000E+02  2.12500000E+02 -5.78647185E-01  1.56701402E+00  9.88366836E-01  2.50000000E-02 -3.41052992E-13  3.66157361E-13 
     356  8.87500000E+02  2.12500000E+02  4.66734109E-02  9.41693425E-01  9.88366836E-01  2.50000000E-02 -3.14812617E-13  1.59274687E-12 
     357  9.12500000E+02  2.12500000E+02  8.68719284E-01  1.19647552E-01  9.88366836E-01  2.50000000E-02 -9.20862019E-14  7.07407639E-13 
     358  9.37500000E+02  2.12500000E+02 -2.26269460E-01  1.21463630E+00  9.88366836E-01  2.50000000E-02  5.10379770E-13  7.90396951E-13 
     359  9.62500000E+02  2.12500000E+02 -7.63339254E-01  1.75170609E+00  9.88366836E-01  2.50000000E-02  5.45360000E-13 -4.44571134E-13 
     360  9.87500000E+02  2.12500000E+02  9.44908009E-01  4.34588272E-02  9.88366836E-01  2.50000000E-02  1.09402183E-12 -1.22426672E-12 
     361  1.25000000E+01  2.37500000E+02  3.55041820E-01  6.33325016E-01  9.88366836E-01  2.50000000E-02 -8.79237079E-13  9.56591277E-12 
     362  3.75000000E+01  2.37500000E+02  3.41509921E-01  6.46856915E-01  9.88366836E-01  2.50000000E-02 -2.33758317E-12  8.98667399E-12 
     363  6.25000000E+01  2.37500000E+02 -5.68093173E-01  1.55646001E+00  9.88366836E-01  2.50000000E-02 -4.60547441E-12  9.66385540E-12 
     364  8.75000000E+01  2.37500000E+02  2.68487339E-01  7.19879496E-01  9.88366836E-01  2.50000000E-02 -5.28021388E-12  1.04624111E-11 
     365  1.12500000E+02  2.37500000E+02 -7.27306446E-01  1.71567328E+00  9.88366836E-01  2.50000000E-02 -2.49639305E-12  1.96605485E-11 
     366  1.37500000E+02  2.37500000E+02  5.67759217E-01  4.20607619E-01  9.88366836E-01  2.50000000E-02  2.03709246E-12  1.92833108E-11 
     367  1.62500000E+02  2.37500000E+02  9.79894557E-01  8.47227885E-03  9.88366836E-01  2.50000000E-02  5.66573194E-12  1.36499487E-11 
     368  1.87500000E+02  2.37500000E+02  1.12566056E-02  9.77110230E-01  9.88366836E-01  2.50000000E-02 -6.45019474E-12 -5.82741789E-12 
     369  2.12500000E+02  2.37500000E+02  1.03523423E-01  8.84843413E-01  9.88366836E-01  2.50000000E-02 -8.30900606E-12 -1.03672051E-11 
     370  2.37500000E+02  2.37500000E+02  3.41537357E-01  6.46829479E-01  9.88366836E-01  2.50000000E-02 -1.49155160E-11 -2.24264387E-10 
     371  2.62500000E+02  2.37500000E+02  3.30516002E-01  6.57850834E-01  9.88366836E-01  2.50000000E-02 -1.79967562E-11  1.36750778E-11 
     372  2.87500000E+02  2.37500000E+02  4.31850495E-01  5.56516340E-01  9.88366836E-01  2.50000000E-02 -1.59664458E-11  1.93995989E-11 
     373  3.12500000E+02  2.37500000E+02  3.44948787E-01  6.43418049E-01  9.88366836E-01  2.50000000E-02 -1.53425666E-11  4.20056916E-11 
     374  3.37500000E+02  2.37500000E+02  8.99211308E-01  8.91555278E-02  9.88366836E-01  2.50000000E-02 -1.95965357E-11  3.56678033E-11 
     375  3.62500000E+02  2.37500000E+02 -2.08322164E-01  1.19668900E+00  9.88366836E-01  2.50000000E-02 -3.50665917E-12  1.67178454E-11 
     376  3.87500000E+02  2.37500000E+02  1.34885945E-01  8.53480891E-01  9.88366836E-01  2.50000000E-02 -3.89277584E-12  3.73831100E-11 
     377  4.12500000E+02  2.37500000E+02  6.77860891E-01  3.10505945E-01  9.88366836E-01  2.50000000E-02 -7.11390280E-12  1.93068902E-11 
     378  4.37500000E+02  2.37500000E+02  5.42106827E-01  4.46260009E-01  9.88366836E-01  2.50000000E-02 -1.62463262E-12  1.72404541E-11 
     379  4.62500000E+02  2.37500000E+02  5.81020619E-01  4.07346217E-01  9.88366836E-01  2.50000000E-02  5.00963767E-12  1.36732921E-11 
     380  4.87500000E+02  2.37500000E+02  8.48891551E-01  1.39475285E-01  9.88366836E-01  2.50000000E-02  1.72438944E-11  2.46077489E-11 
     381  5.12500000E+02  2.37500000E+02  6.13149962E-01  3.75216874E-01  9.88366836E-01  2.50000000E-02  1.21883947E-11  1.44996924E-11 
     382  5.37500000E+02  2.37500000E+02  7.83830333E-01  2.04536502E-01  9.88366836E-01  2.50000000E-02  1.05468471E-11  6.10350156E-12 
     383  5.62500000E+02  2.37500000E+02  9.08825902E-01  7.95409338E-02  9.88366836E-01  2.50000000E-02  7.65056722E-12  1.61385073E-11 
     384  5.87500000E+02  2.37500000E+02 -1.34468632E-01  1.12283547E+00  9.88366836E-01  2.50000000E-02  2.19152607E-12  1.04551105E-11 
     385  6.12500000E+02  2.37500000E+02  3.34650640E-01  6.53716196E-01  9.88366836E-01  2.50000000E-02  1.98324086E-12  7.52176933E-12 
     386  6.37500000E+02  2.37500000E+02  4.15609584E-01  5.72757252E-01  9.88366836E-01  2.50000000E-02  1.96351466E-12  4.49904324E-12 
     387  6.62500000E+02  2.37500000E+02 -9.77713809E-01  1.96608064E+00  9.88366836E-01  2.50000000E-02  1.22844664E-13  9.57872348E-13 
     388  6.87500000E+02  2.37500000E+02 -1.11305828E-01  1.09967266E+00  9.88366836E-01  2.50000000E-02 -3.37793557E-13  4.61273730E-12 
     389  7.12500000E+02  2.37500000E+02  8.58179792E-01  1.30187044E-01  9.88366836E-01  2.50000000E-02  6.05497670E-12  5.26188811E-12 
     390  7.37500000E+02  2.37500000E+02  4.32972426E-01  5.55394409E-01  9.88366836E-01  2.50000000E-02  6.61609080E-12  1.70278911E-12 
     391  7.62500000E+02  2.37500000E+02  9.65989899E-01  2.23769365E-02  9.88366836E-01  2.50000000E-02  3.10408642E-12 -4.73709915E-12 
     392  7.87500000E+02  2.37500000E+02  1.24913734E-01  8.63453102E-01  9.88366836E-01  2.50000000E-02 -4.82336264E-13 -5.96517470E-14 
     393  8.12500000E+02  2.37500000E+02 -2.80744632E-01  1.26911147E+00  9.88366836E-01  2.50000000E-02 -3.46334835E-13  1.05192443E-12 
     394  8.37500000E+02  2.37500000E+02 -2.61851218E-01  1.25021805E+00  9.88366836E-01  2.50000000E-02 -3.31237745E-13  8.77172428E-14 
     395  8.62500000E+02  2.37500000E+02 -7.91797223E-01  1.78016406E+00  9.88366836E-01  2.50000000E-02 -3.48109046E-13  2.74479843E-13 
     396  8.87500000E+02  2.37500000E+02 -5.79944574E-01  1.56831141E+00  9.88366836E-01  2.50000000E-02 -2.03122040E-13  1.20106962E-12 
     397  9.12500000E+02  2.37500000E+02 -3.91335675E-01  1.37970251E+00  9.88366836E-01  2.50000000E-02 -6.34557078E-14 -2.90641261E-13 
     398  9.37500000E+02  2.37500000E+02  9.45837524E-01  4.25293121E-02  9.88366836E-01  2.50000000E-02 -4.14988718E-13 -7.59898980E-13 
     399  9.62500000E+02  2.37500000E+02  3.37232494E-01  6.51134342E-01  9.88366836E-01  2.50000000E-02 -4.77930594E-13 -4.22081355E-13 
     400  9.87500000E+02  2.37500000E+02  1.21210509E-01  8.67156326E-01  9.88366836E-01  2.50000000E-02 -1.82445786E-13 -7.86305585E-13 
     401  1.25000000E+01  2.62500000E+02 -9.34840164E-01  1.92320700E+00  9.88366836E-01  2.50000000E-02  1.08284066E-12  1.06259844E-11 
     402  3.75000000E+01  2.62500000E+02 -9.55515730E-01  1.94388257E+00  9.88366836E-01  2.50000000E-02  1.68297000E-12  6.48752810E-12 
     403  6.25000000E+01  2.62500000E+02  6.26565141E-01  3.61801695E-01  9.88366836E-01  2.50000000E-02 -5.84588585E-12  1.07449779E-11 
     404  8.75000000E+01  2.62500000E+02 -7.22820953E-01  1.71118779E+00  9.88366836E-01  2.50000000E-02 -4.59578449E-12  1.05243580E-11 
     405  1.12500000E+02  2.62500000E+02  7.85906675E-01  2.02460160E-01  9.88366836E-01  2.50000000E-02  4.50872406E-12  1.81727801E-11 
     406  1.37500000E+02  2.62500000E+02  8.95852159E-01  9.25146764E-02  9.88366836E-01  2.50000000E-02  1.27792303E-11  1.68580480E-11 
     407  1.62500000E+02  2.62500000E+02 -5.06916641E-01  1.49528348E+00  9.88366836E-01  2.50000000E-02  5.18447972E-12 -4.33153854E-12 
     408  1.87500000E+02  2.62500000E+02 -5.87829816E-01  1.57619665E+00  9.88366836E-01  2.50000000E-02  5.10581696E-12 -1.83074228E-12 
     409  2.12500000E+02  2.62500000E+02 -1.34708598E-01  1.12307543E+00  9.88366836E-01  2.50000000E-02  5.89434284E-12 -7.75350689E-12 
     410  2.37500000E+02  2.62500000E+02  8.47734741E-01  1.40632095E-01  9.88366836E-01  2.50000000E-02 -9.58070483E-12 -1.24002285E-10 
     411  2.62500000E+02  2.62500000E+02  4.76887218E-01  5.11479618E-01  9.88366836E-01  2.50000000E-02 -1.70573559E-11  1.40603429E-11 
     412  2.87500000E+02  2.62500000E+02  2.00159583E-01  7.88207253E-01  9.88366836E-01  2.50000000E-02 -1.02946421E-11  1.22503865E-11 
     413  3.12500000E+02  2.62500000E+02 -4.78297783E-01  1.46666462E+00  9.88366836E-01  2.50000000E-02 -6.92901508E-12  3.49858262E-11 
     414  3.37500000E+02  2.62500000E+02  3.56056858E-01  6.32309978E-01  9.88366836E-01  2.50000000E-02 -4.42446268E-12  4.39853255E-12 
     415  3.62500000E+02  2.62500000E+02 -4.05332105E-01  1.39369894E+00  9.88366836E-01  2.50000000E-02  3.52417147E-12  1.81191354E-11 
     416  3.87500000E+02  2.62500000E+02 -3.03954547E-01  1.29232138E+00  9.88366836E-01  2.50000000E-02  3.80412775E-12  3.17598049E-11 
     417  4.12500000E+02  2.62500000E+02 -8.01330835E-01  1.78969767E+00  9.88366836E-01  2.50000000E-02  1.42584248E-12  1.21081056E-11 
     418  4.37500000E+02  2.62500000E+02  9.54547333E-01  3.38195025E-02  9.88366836E-01  2.50000000E-02  2.23831850E-12  3.78725855E-11 
     419  4.62500000E+02  2.62500000E+02  8.90316133E-01  9.80507031E-02  9.88366836E-01  2.50000000E-02  6.51014159E-12  2.37039726E-11 
     420  4.87500000E+02  2.62500000E+02  7.08974002E-01  2.79392834E-01  9.88366836E-01  2.50000000E-02 -3.58384480E-12  2.21419410E-11 
     421  5.12500000E+02  2.62500000E+02  6.65835253E-01  3.22531583E-01  9.88366836E-01  2.50000000E-02 -2.26063846E-12  1.62902910E-11 
     422  5.37500000E+02  2.62500000E+02 -7.56810450E-01  1.74517729E+00  9.88366836E-01  2.50000000E-02  1.49356699E-12  9.77537598E-12 
     423  5.62500000E+02  2.62500000E+02  2.22872355E-01  7.65494481E-01  9.88366836E-01  2.50000000E-02  2.37945916E-13  7.00818901E-12 
     424  5.87500000E+02  2.62500000E+02  1.94286672E-01  7.94080164E-01  9.88366836E-01  2.50000000E-02 -1.84264998E-12  1.23966718E-11 
     425  6.12500000E+02  2.62500000E+02  3.02195158E-01  6.86171677E-01  9.88366836E-01  2.50000000E-02 -2.25537425E-12  6.87775023E-12 
     426  6.37500000E+02  2.62500000E+02 -1.01702793E-01  1.09006963E+00  9.88366836E-01  2.50000000E-02 -6.10235700E-13  4.55003373E-12 
     427  6.62500000E+02  2.62500000E+02 -8.44736268E-01  1.83310310E+00  9.88366836E-01  2.50000000E-02 -4.31610224E-13  1.33816763E-12 
     428  6.87500000E+02  2.62500000E+02 -1.13311707E-02  9.99698006E-01  9.88366836E-01  2.50000000E-02 -2.63805932E-13  4.33629535E-12 
     429  7.12500000E+02  2.62500000E+02  6.77916363E-01  3.10450473E-01  9.88366836E-01  2.50000000E-02  3.73474190E-12  3.17525594E-12 
     430  7.37500000E+02  2.62500000E+02 -5.21512721E-01  1.50987956E+00  9.88366836E-01  2.50000000E-02  2.35849305E-12  1.39310050E-12 
     431  7.62500000E+02  2.62500000E+02  4.69066451E-01  5.19300385E-01  9.88366836E-01  2.50000000E-02  1.67813455E-12 -7.90349760E-13 
     432  7.87500000E+02  2.62500000E+02 -8.56823764E-01  1.84519060E+00  9.88366836E-01  2.50000000E-02  8.76354471E-13  4.24839755E-14 
     433  8.12500000E+02  2.62500000E+02  8.59767371E-02  9.02390099E-01  9.88366836E-01  2.50000000E-02  5.17472068E-13  1.05851621E-12 
     434  8.37500000E+02  2.62500000E+02 -1.82638404E-01  1.17100524E+00  9.88366836E-01  2.50000000E-02  2.92896322E-13  6.02904893E-14 
     435  8.62500000E+02  2.62500000E+02  2.06930704E-01  7.81436132E-01  9.88366836E-01  2.50000000E-02  6.98620088E-14  2.69525060E-13 
     436  8.87500000E+02  2.62500000E+02  4.00383273E-01  5.87983562E-01  9.88366836E-01  2.50000000E-02 -2.54739967E-14  7.91118725E-13 
     437  9.12500000E+02  2.62500000E+02 -2.58413072E-01  1.24677991E+00  9.88366836E-01  2.50000000E-02 -2.60682524E-13 -3.27314798E-13 
     438  9.37500000E+02  2.62500000E+02 -7.37106387E-01  1.72547322E+00  9.88366836E-01  2.50000000E-02 -9.44636913E-14 -1.15526496E-12 
     439  9.62500000E+02  2.62500000E+02 -8.13081408E-01  1.80144824E+00  9.88366836E-01  2.50000000E-02 -3.68550078E-14 -4.77875461E-13 
     440  9.87500000E+02  2.62500000E+02 -5.16564687E-01  1.50493152E+00  9.88366836E-01  2.50000000E-02 -7.52414651E-14 -7.72919379E-13 
     441  1.25000000E+01  2.87500000E+02  8.33477417E-01  1.54889419E-01  9.88366836E-01  2.50000000E-02  1.15191373E-12  1.39883612E-11 
     442  3.75000000E+01  2.87500000E+02 -9.98707575E-01  1.98707441E+00  9.88366836E-01  2.50000000E-02  1.84853229E-12  5.83027293E-12 
     443  6.25000000E+01  2.87500000E+02 -3.28974606E-01  1.31734144E+00  9.88366836E-01  2.50000000E-02  1.79025367E-12  9.98161504E-12 
     444  8.75000000E+01  2.87500000E+02  7.84918661E-01  2.03448175E-01  9.88366836E-01  2.50000000E-02  2.40357566E-12  1.52447242E-11 
     445  1.12500000E+02  2.87500000E+02 -9.03909283E-02  1.07875776E+00  9.88366836E-01  2.50000000E-02 -2.42838712E-15  4.68517715E-12 
     446  1.37500000E+02  2.87500000E+02  4.75391453E-02  9.40827690E-01  9.88366836E-01  2.50000000E-02 -5.55355335E-13  6.85285411E-12 
     447  1.62500000E+02  2.87500000E+02 -8.47335720E-01  1.83570256E+00  9.88366836E-01  2.50000000E-02 -2.18725235E-12 -4.55176452E-12 
     448  1.87500000E+02  2.87500000E+02 -4.00822679E-01  1.38918952E+00  9.88366836E-01  2.50000000E-02 -4.07226399E-12 -1.12446260E-12 
     449  2.12500000E+02  2.87500000E+02  2.14785155E-02  9.66888320E-01  9.88366836E-01  2.50000000E-02 -8.11597677E-12 -6.42732228E-12 
     450  2.37500000E+02  2.87500000E+02 -5.47241463E-01  1.53560830E+00  9.88366836E-01  2.50000000E-02 -8.51242228E-12 -1.15183193E-11 
     451  2.62500000E+02  2.87500000E+02 -2.74508318E-01  1.26287515E+00  9.88366836E-01  2.50000000E-02 -8.67501852E-12  1.05005444E-11 
     452  2.87500000E+02  2.87500000E+02  1.64184089E-01  8.24182747E-01  9.88366836E-01  2.50000000E-02 -1.03643359E-11  7.57014698E-12 
     453  3.12500000E+02  2.87500000E+02  3.72539936E-01  6.15826900E-01  9.88366836E-01  2.50000000E-02 -6.57885989E-12  2.98205312E-11 
     454  3.37500000E+02  2.87500000E+02 -6.12205178E-01  1.60057201E+00  9.88366836E-01  2.50000000E-02 -4.65198584E-12  1.39127917E-12 
     455  3.62500000E+02  2.87500000E+02  5.38933411E-01  4.49433424E-01  9.88366836E-01  2.50000000E-02 -2.58566021E-12  1.89068585E-11 
     456  3.87500000E+02  2.87500000E+02 -6.94758963E-01  1.68312580E+00  9.88366836E-01  2.50000000E-02  2.58793672E-12  2.72881039E-11 
     457  4.12500000E+02  2.87500000E+02  2.53964569E-01  7.34402267E-01  9.88366836E-01  2.50000000E-02  8.72264019E-12  1.01974684E-11 
     458  4.37500000E+02  2.87500000E+02 -4.05095158E-01  1.39346199E+00  9.88366836E-01  2.50000000E-02  1.29078574E-11  5.71743063E-12 
     459  4.62500000E+02  2.87500000E+02  4.50713467E-01  5.37653369E-01  9.88366836E-01  2.50000000E-02  1.12685874E-11  5.41424484E-12 
     460  4.87500000E+02  2.87500000E+02  4.34032856E-01  5.54333980E-01  9.88366836E-01  2.50000000E-02  1.02074607E-11  1.92658985E-11 
     461  5.12500000E+02  2.87500000E+02  8.53116490E-01  1.35250346E-01  9.88366836E-01  2.50000000E-02  6.50054097E-12  2.19906481E-11 
     462  5.37500000E+02  2.87500000E+02  9.51742552E-01  3.66242840E-02  9.88366836E-01  2.50000000E-02  6.69534403E-12  1.18066455E-11 
     463  5.62500000E+02  2.87500000E+02  4.66086404E-01  5.22280432E-01  9.88366836E-01  2.50000000E-02  7.06062604E-13  6.07505590E-12 
     464  5.87500000E+02  2.87500000E+02 -6.44614476E-01  1.63298131E+00  9.88366836E-01  2.50000000E-02  1.23689983E-13  1.19273101E-11 
     465  6.12500000E+02  2.87500000E+02 -3.96191500E-01  1.38455834E+00  9.88366836E-01  2.50000000E-02  1.59944906E-14  3.78500760E-12 
     466  6.37500000E+02  2.87500000E+02  9.33081605E-01  5.52852306E-02  9.88366836E-01  2.50000000E-02  1.46586788E-12  1.11523003E-11 
     467  6.62500000E+02  2.87500000E+02 -3.17314769E-01  1.30568160E+00  9.88366836E-01  2.50000000E-02  3.48329561E-12  1.66827384E-12 
     468  6.87500000E+02  2.87500000E+02  7.96572196E-01  1.91794640E-01  9.88366836E-01  2.50000000E-02  4.58616608E-12  6.55667598E-12 
     469  7.12500000E+02  2.87500000E+02  8.09256149E-01  1.79110686E-01  9.88366836E-01  2.50000000E-02  5.40043699E-12  2.22456613E-12 
     470  7.37500000E+02  2.87500000E+02  4.17497295E-01  5.70869541E-01  9.88366836E-01  2.50000000E-02  4.35013867E-12  1.14939459E-12 
     471  7.62500000E+02  2.87500000E+02  7.71770057E-01  2.16596779E-01  9.88366836E-01  2.50000000E-02  3.79030931E-12  2.16597617E-14 
     472  7.87500000E+02  2.87500000E+02  9.31914994E-01  5.64518422E-02  9.88366836E-01  2.50000000E-02  2.92403837E-12 -1.15703586E-13 
     473  8.12500000E+02  2.87500000E+02 -3.74138657E-01  1.36250549E+00  9.88366836E-01  2.50000000E-02  2.33896136E-13  9.33455000E-13 
     474  8.37500000E+02  2.87500000E+02 -8.49988818E-01  1.83835565E+00  9.88366836E-01  2.50000000E-02  2.26229570E-13  8.46839904E-14 
     475  8.62500000E+02  2.87500000E+02  7.00082609E-01  2.88284227E-01  9.88366836E-01  2.50000000E-02  7.31982141E-14  4.87995274E-14 
     476  8.87500000E+02  2.87500000E+02 -9.10670425E-01  1.89903726E+00  9.88366836E-01  2.50000000E-02  2.35174145E-13  3.86128448E-13 
     477  9.12500000E+02  2.87500000E+02  6.07538114E-01  3.80828722E-01  9.88366836E-01  2.50000000E-02  2.83786660E-13 -6.94534330E-13 
     478  9.37500000E+02  2.87500000E+02  2.30521661E-01  7.57845175E-01  9.88366836E-01  2.50000000E-02  2.83000523E-13 -1.34126410E-12 
     479  9.62500000E+02  2.87500000E+02  7.48881598E-01  2.39485238E-01  9.88366836E-01  2.50000000E-02  4.23583896E-13 -1.16519171E-12 
     480  9.87500000E+02  2.87500000E+02 -4.58150855E-01  1.44651769E+00  9.88366836E-01  2.50000000E-02  1.99595118E-14 -1.08442713E-12 
     481  1.25000000E+01  3.12500000E+02  8.89455632E-01  9.89112037E-02  9.88366836E-01  2.50000000E-02  1.47413932E-12  1.23030570E-11 
     482  3.75000000E+01  3.12500000E+02 -6.31376517E-01  1.61974335E+00  9.88366836E-01  2.50000000E-02  3.86964466E-12  5.01155630E-12 
     483  6.25000000E+01  3.12500000E+02  3.05552792E-01  6.82814044E-01  9.88366836E-01  2.50000000E-02  4.64544020E-12  8.27864724E-12 
     484  8.75000000E+01  3.12500000E+02  1.01249800E-01  8.87117036E-01  9.88366836E-01  2.50000000E-02  3.79138607E-12  5.12488592E-12 
     485  1.12500000E+02  3.12500000E+02 -6.71278176E-01  1.65964501E+00  9.88366836E-01  2.50000000E-02  2.88260614E-12  3.35207032E-12 
     486  1.37500000E+02  3.12500000E+02  7.13473855E-01  2.74892981E-01  9.88366836E-01  2.50000000E-02  4.47818614E-12  4.18347339E-12 
     487  1.62500000E+02  3.12500000E+02  3.81535222E-01  6.06831614E-01  9.88366836E-01  2.50000000E-02  4.97547002E-12 -4.88172871E-12 
     488  1.87500000E+02  3.12500000E+02  9.56451482E-01  3.19153538E-02  9.88366836E-01  2.50000000E-02 -6.97481520E-12 -4.95278953E-12 
     489  2.12500000E+02  3.12500000E+02  7.75383494E-01  2.12983342E-01  9.88366836E-01  2.50000000E-02 -1.11160650E-11 -5.22894978E-12 
     490  2.37500000E+02  3.12500000E+02 -7.42396327E-01  1.73076316E+00  9.88366836E-01  2.50000000E-02 -1.42696968E-11 -8.87272378E-12 
     491  2.62500000E+02  3.12500000E+02  1.02374976E-01  8.85991859E-01  9.88366836E-01  2.50000000E-02 -1.37998738E-11  8.07973827E-12 
     492  2.87500000E+02  3.12500000E+02 -7.45134914E-01  1.73350175E+00  9.88366836E-01  2.50000000E-02 -7.42384960E-12  5.49709599E-12 
     493  3.12500000E+02  3.12500000E+02 -9.64563739E-01  1.95293057E+00  9.88366836E-01  2.50000000E-02 -2.83518753E-12  2.81689276E-11 
     494  3.37500000E+02  3.12500000E+02 -5.81170204E-01  1.56953704E+00  9.88366836E-01  2.50000000E-02 -9.91487686E-14  1.32790689E-12 
     495  3.62500000E+02  3.12500000E+02 -7.55561457E-01  1.74392829E+00  9.88366836E-01  2.50000000E-02 -1.81132471E-12  9.22188800E-12 
     496  3.87500000E+02  3.12500000E+02 -3.49295018E-01  1.33766185E+00  9.88366836E-01  2.50000000E-02 -3.71775232E-12  2.37188567E-11 
     497  4.12500000E+02  3.12500000E+02  9.88179630E-01  1.87206027E-04  9.88366836E-01  2.50000000E-02  5.04897681E-12  2.56749009E-10 
     498  4.37500000E+02  3.12500000E+02  1.76495243E-01  8.11871593E-01  9.88366836E-01  2.50000000E-02 -1.34336168E-12  5.97563600E-12 
     499  4.62500000E+02  3.12500000E+02 -6.12133846E-02  1.04958022E+00  9.88366836E-01  2.50000000E-02 -1.62100066E-12  3.16183014E-12 
     500  4.87500000E+02  3.12500000E+02 -1.10749767E-01  1.09911660E+00  9.88366836E-01  2.50000000E-02 -2.05596212E-12  1.81496505E-11 
     501  5.12500000E+02  3.12500000E+02  1.54185328E-01  8.34181507E-01  9.88366836E-01  2.50000000E-02 -1.33402539E-12  2.30385468E-11 
     502  5.37500000E+02  3.12500000E+02  1.54441631E-03  9.86822419E-01  9.88366836E-01  2.50000000E-02 -1.04421164E-12  1.78821618E-12 
     503  5.62500000E+02  3.12500000E+02 -2.09939076E-01  1.19830591E+00  9.88366836E-01  2.50000000E-02 -9.18897518E-13  5.93147473E-12 
     504  5.87500000E+02  3.12500000E+02  8.37053587E-02  9.04661477E-01  9.88366836E-01  2.50000000E-02  2.20290271E-13  1.08138079E-11 
     505  6.12500000E+02  3.12500000E+02 -9.84763029E-01  1.97312987E+00  9.88366836E-01  2.50000000E-02  1.07950570E-12  2.30159915E-12 
     506  6.37500000E+02  3.12500000E+02  4.72295481E-01  5.16071355E-01  9.88366836E-01  2.50000000E-02  1.65246127E-12  2.12903580E-12 
     507  6.62500000E+02  3.12500000E+02 -6.67066766E-01  1.65543360E+00  9.88366836E-01  2.50000000E-02  1.26398024E-12  5.75604947E-13 
     508  6.87500000E+02  3.12500000E+02 -4.64834171E-01  1.45320101E+00  9.88366836E-01  2.50000000E-02  1.24153479E-12  1.54234497E-12 
     509  7.12500000E+02  3.12500000E+02 -2.73507669E-01  1.26187451E+00  9.88366836E-01  2.50000000E-02  1.10618005E-12  2.45615100E-13 
     510  7.37500000E+02  3.12500000E+02 -9.70003133E-01  1.95836997E+00  9.88366836E-01  2.50000000E-02  9.91605547E-13  7.22666911E-13 
     511  7.62500000E+02  3.12500000E+02  2.81929733E-01  7.06437103E-01  9.88366836E-01  2.50000000E-02  6.22146683E-13  2.45424494E-13 
     512  7.87500000E+02  3.12500000E+02  2.41078169E-01  7.47288666E-01  9.88366836E-01  2.50000000E-02  3.68677009E-13 -8.87714900E-14 
     513  8.12500000E+02  3.12500000E+02  3.95770170E-01  5.92596666E-01  9.88366836E-01  2.50000000E-02  1.99411049E-13  5.80206872E-13 
     514  8.37500000E+02  3.12500000E+02 -6.42047305E-02  1.05257157E+00  9.88366836E-01  2.50000000E-02  7.07339672E-14  4.98390185E-14 
     515  8.62500000E+02  3.12500000E+02  6.23029571E-01  3.65337264E-01  9.88366836E-01  2.50000000E-02 -2.92382326E-13 -4.00495131E-13 
     516  8.87500000E+02  3.12500000E+02  7.02108725E-01  2.86258111E-01  9.88366836E-01  2.50000000E-02 -3.39445676E-13 -8.50412936E-13 
     517  9.12500000E+02  3.12500000E+02 -3.55302842E-03  9.91919864E-01  9.88366836E-01  2.50000000E-02 -3.45157721E-14 -7.80954295E-13 
     518  9.37500000E+02  3.12500000E+02 -9.62513231E-01  1.95088007E+00  9.88366836E-01  2.50000000E-02 -7.88226437E-14 -1.83502375E-12 
     519  9.62500000E+02  3.12500000E+02 -6.76846554E-01  1.66521339E+00  9.88366836E-01  2.50000000E-02 -1.85887442E-13 -1.89028002E-12 
     520  9.87500000E+02  3.12500000E+02  5.26013183E-01  4.62353653E-01  9.88366836E-01  2.50000000E-02 -3.62611913E-13 -3.40092853E-12 
     521  1.25000000E+01  3.37500000E+02 -4.61756070E-01  1.45012291E+00  9.88366836E-01  2.50000000E-02 -7.63424610E-13  2.14467030E-12 
     522  3.75000000E+01  3.37500000E+02 -5.57306245E-01  1.54567308E+00  9.88366836E-01  2.50000000E-02 -2.27024521E-13  4.47597166E-12 
     523  6.25000000E+01  3.37500000E+02 -8.43123585E-01  1.83149042E+00  9.88366836E-01  2.50000000E-02  7.08661830E-13  5.01200662E-12 
     524  8.75000000E+01  3.37500000E+02 -6.36874693E-01  1.62524153E+00  9.88366836E-01  2.50000000E-02  5.87720109E-13  4.53940259E-12 
     525  1.12500000E+02  3.37500000E+02 -8.62173038E-01  1.85053987E+00  9.88366836E-01  2.50000000E-02  1.27613043E-12  3.37031234E-12 
     526  1.37500000E+02  3.37500000E+02 -9.98801574E-01  1.98716841E+00  9.88366836E-01  2.50000000E-02  1.66517236E-12  1.77014585E-12 
     527  1.62500000E+02  3.37500000E+02  4.97561888E-01  4.90804948E-01  9.88366836E-01  2.50000000E-02 -6.49147684E-14 -3.34332517E-12 
     528  1.87500000E+02  3.37500000E+02  5.55506505E-01  4.32860331E-01  9.88366836E-01  2.50000000E-02 -2.28033013E-12  9.83293403E-13 
     529  2.12500000E+02  3.37500000E+02 -5.14768477E-01  1.50313531E+00  9.88366836E-01  2.50000000E-02 -4.19374616E-12  4.15266841E-13 
     530  2.37500000E+02  3.37500000E+02  4.49690095E-01  5.38676741E-01  9.88366836E-01  2.50000000E-02 -6.71536942E-12 -5.57786484E-12 
     531  2.62500000E+02  3.37500000E+02  2.08834336E-01  7.79532500E-01  9.88366836E-01  2.50000000E-02 -8.43428242E-12  7.29307016E-12 
     532  2.87500000E+02  3.37500000E+02  8.80607532E-01  1.07759304E-01  9.88366836E-01  2.50000000E-02 -5.91995103E-12  1.36872053E-11 
     533  3.12500000E+02  3.37500000E+02  7.62143809E-01  2.26223027E-01  9.88366836E-01  2.50000000E-02  2.23076474E-12  2.76114918E-11 
     534  3.37500000E+02  3.37500000E+02  1.91182312E-01  7.97184524E-01  9.88366836E-01  2.50000000E-02  1.85843887E-12  2.10102980E-12 
     535  3.62500000E+02  3.37500000E+02 -4.39467332E-01  1.42783417E+00  9.88366836E-01  2.50000000E-02  2.06641311E-12  7.82922040E-12 
     536  3.87500000E+02  3.37500000E+02 -6.68779376E-01  1.65714621E+00  9.88366836E-01  2.50000000E-02  2.70945029E-12  1.91012019E-11 
     537  4.12500000E+02  3.37500000E+02 -5.55079330E-01  1.54344617E+00  9.88366836E-01  2.50000000E-02  2.26326425E-12  6.63760508E-12 
     538  4.37500000E+02  3.37500000E+02 -1.77210822E-01  1.16557766E+00  9.88366836E-01  2.50000000E-02  3.83509863E-13  5.91765537E-12 
     539  4.62500000E+02  3.37500000E+02 -3.32755791E-01  1.32112263E+00  9.88366836E-01  2.50000000E-02 -3.34717093E-13  2.30608399E-12 
     540  4.87500000E+02  3.37500000E+02  4.02397733E-01  5.85969103E-01  9.88366836E-01  2.50000000E-02 -5.31291797E-13  1.71142021E-11 
     541  5.12500000E+02  3.37500000E+02  9.35292297E-01  5.30745393E-02  9.88366836E-01  2.50000000E-02  1.29789047E-12  1.63934547E-11 
     542  5.37500000E+02  3.37500000E+02  9.15586516E-02  8.96808184E-01  9.88366836E-01  2.50000000E-02  7.43184329E-13  1.65767754E-12 
     543  5.62500000E+02  3.37500000E+02  8.15716200E-01  1.72650636E-01  9.88366836E-01  2.50000000E-02  8.10920469E-13  5.76482679E-12 
     544  5.87500000E+02  3.37500000E+02 -5.03468074E-01  1.49183491E+00  9.88366836E-01  2.50000000E-02  3.28215121E-12  1.01312560E-11 
     545  6.12500000E+02  3.37500000E+02 -6.69021962E-01  1.65738880E+00  9.88366836E-01  2.50000000E-02  3.97619495E-12  1.87855792E-12 
     546  6.37500000E+02  3.37500000E+02 -6.42252231E-01  1.63061907E+00  9.88366836E-01  2.50000000E-02  3.87091104E-12  2.48407744E-12 
     547  6.62500000E+02  3.37500000E+02 -9.15931343E-01  1.90429818E+00  9.88366836E-01  2.50000000E-02  3.51288302E-12  3.04177124E-13 
     548  6.87500000E+02  3.37500000E+02 -3.57765820E-02  1.02414342E+00  9.88366836E-01  2.50000000E-02  3.92795201E-12  1.43632155E-12 
     549  7.12500000E+02  3.37500000E+02  1.43321703E-02  9.74034665E-01  9.88366836E-01  2.50000000E-02  3.47375869E-12  3.01801812E-13 
     550  7.37500000E+02  3.37500000E+02 -8.25790495E-01  1.81415733E+00  9.88366836E-01  2.50000000E-02  2.52479137E-12  5.98238427E-13 
     551  7.62500000E+02  3.37500000E+02 -5.13702550E-01  1.50206939E+00  9.88366836E-01  2.50000000E-02  2.20795363E-12  5.74829638E-13 
     552  7.87500000E+02  3.37500000E+02  6.87706151E-02  9.19596221E-01  9.88366836E-01  2.50000000E-02  2.10237412E-12  1.00207337E-13 
     553  8.12500000E+02  3.37500000E+02  1.57189289E-01  8.31177547E-01  9.88366836E-01  2.50000000E-02  1.73632659E-12  3.66226246E-13 
     554  8.37500000E+02  3.37500000E+02 -3.94510543E-01  1.38287738E+00  9.88366836E-01  2.50000000E-02  1.43423424E-12  1.46168420E-13 
     555  8.62500000E+02  3.37500000E+02  3.74971382E-01  6.13395454E-01  9.88366836E-01  2.50000000E-02  9.01991373E-13 -5.05177940E-13 
     556  8.87500000E+02  3.37500000E+02 -3.79816420E-01  1.36818326E+00  9.88366836E-01  2.50000000E-02  1.09866861E-12 -1.08748685E-12 
     557  9.12500000E+02  3.37500000E+02  1.94168431E-01  7.94198405E-01  9.88366836E-01  2.50000000E-02  1.13398687E-12 -7.46619482E-13 
     558  9.37500000E+02  3.37500000E+02  4.57312719E-01  5.31054117E-01  9.88366836E-01  2.50000000E-02  4.80506441E-13 -2.29125196E-12 
     559  9.62500000E+02  3.37500000E+02  8.05780058E-01  1.82586778E-01  9.88366836E-01  2.50000000E-02 -7.46091516E-13 -2.32671430E-12 
     560  9.87500000E+02  3.37500000E+02  3.18677521E-01  6.69689315E-01  9.88366836E-01  2.50000000E-02 -1.92547662E-13 -3.72199425E-12 
     561  1.25000000E+01  3.62500000E+02 -9.66060666E-01  1.95442750E+00  9.88366836E-01  2.50000000E-02 -2.97223014E-14  2.42343758E-12 
     562  3.75000000E+01  3.62500000E+02  5.15856432E-01  4.72510404E-01  9.88366836E-01  2.50000000E-02  2.02193829E-13  4.91828556E-12 
     563  6.25000000E+01  3.62500000E+02 -3.34530843E-01  1.32289768E+00  9.88366836E-01  2.50000000E-02  1.33600685E-12  3.75576733E-12 
     564  8.75000000E+01  3.62500000E+02  3.69791417E-01  6.18575419E-01  9.88366836E-01  2.50000000E-02  1.52651137E-12  5.13723583E-12 
     565  1.12500000E+02  3.62500000E+02  3.35961265E-01  6.52405571E-01  9.88366836E-01  2.50000000E-02  1.52166198E-12  4.54158935E-12 
     566  1.37500000E+02  3.62500000E+02 -9.76369505E-01  1.96473634E+00  9.88366836E-01  2.50000000E-02  1.97973175E-12  1.75229162E-12 
     567  1.62500000E+02  3.62500000E+02 -7.03027348E-01  1.69139418E+00  9.88366836E-01  2.50000000E-02  1.85979969E-12 -1.38886463E-12 
     568  1.87500000E+02  3.62500000E+02 -3.95054195E-01  1.38342103E+00  9.88366836E-01  2.50000000E-02  1.36855843E-12  9.83557982E-13 
     569  2.12500000E+02  3.62500000E+02 -6.06662382E-01  1.59502922E+00  9.88366836E-01  2.50000000E-02  1.08585008E-12  7.46166637E-13 
     570  2.37500000E+02  3.62500000E+02  1.31333254E-01  8.57033582E-01  9.88366836E-01  2.50000000E-02  3.77322554E-13 -1.91958405E-12 
     571  2.62500000E+02  3.62500000E+02  6.78557906E-01  3.09808929E-01  9.88366836E-01  2.50000000E-02 -3.27815141E-12  5.64318984E-12 
     572  2.87500000E+02  3.62500000E+02  8.98066731E-01  9.03001048E-02  9.88366836E-01  2.50000000E-02 -8.96415959E-12  1.12182290E-11 
     573  3.12500000E+02  3.62500000E+02  6.28986818E-01  3.59380018E-01  9.88366836E-01  2.50000000E-02 -8.02167636E-12  2.10881431E-11 
     574  3.37500000E+02  3.62500000E+02 -5.61567362E-01  1.54993420E+00  9.88366836E-01  2.50000000E-02 -6.96003625E-12  4.60784944E-12 
     575  3.62500000E+02  3.62500000E+02 -2.10584714E-01  1.19895155E+00  9.88366836E-01  2.50000000E-02 -7.55766541E-12  8.22186795E-12 
     576  3.87500000E+02  3.62500000E+02 -6.15901412E-01  1.60426825E+00  9.88366836E-01  2.50000000E-02 -6.73213011E-12  1.76125421E-11 
     577  4.12500000E+02  3.62500000E+02  4.92716108E-01  4.95650728E-01  9.88366836E-01  2.50000000E-02 -1.33062248E-12  6.83554985E-12 
     578  4.37500000E+02  3.62500000E+02 -3.55685850E-01  1.34405269E+00  9.88366836E-01  2.50000000E-02 -4.43590269E-13  6.09244599E-12 
     579  4.62500000E+02  3.62500000E+02 -9.76551710E-01  1.96491855E+00  9.88366836E-01  2.50000000E-02  3.99565967E-13  2.13178022E-12 
     580  4.87500000E+02  3.62500000E+02 -8.66758993E-01  1.85512583E+00  9.88366836E-01  2.50000000E-02  8.00660047E-13  1.63044483E-11 
     581  5.12500000E+02  3.62500000E+02  5.96923364E-01  3.91443472E-01  9.88366836E-01  2.50000000E-02  1.23359203E-12  2.09068768E-12 
     582  5.37500000E+02  3.62500000E+02 -8.49782317E-01  1.83814915E+00  9.88366836E-01  2.50000000E-02  5.60261939E-13  1.44516913E-12 
     583  5.62500000E+02  3.62500000E+02 -4.39410726E-01  1.42777756E+00  9.88366836E-01  2.50000000E-02  1.99962572E-13  1.49423420E-12 
     584  5.87500000E+02  3.62500000E+02  5.24814540E-01  4.63552296E-01  9.88366836E-01  2.50000000E-02 -1.35593515E-12  8.39808044E-12 
     585  6.12500000E+02  3.62500000E+02  9.17688554E-01  7.06782817E-02  9.88366836E-01  2.50000000E-02 -1.36767519E-13  5.33353100E-12 
     586  6.37500000E+02  3.62500000E+02 -7.46181453E-02  1.06298498E+00  9.88366836E-01  2.50000000E-02 -8.58452596E-13  2.98901955E-12 
     587  6.62500000E+02  3.62500000E+02  3.43220318E-01  6.45146518E-01  9.88366836E-01  2.50000000E-02 -5.36393817E-13  1.47515044E-12 
     588  6.87500000E+02  3.62500000E+02  4.11170400E-02  9.47249796E-01  9.88366836E-01  2.50000000E-02 -1.92257914E-13  1.53427170E-12 
     589  7.12500000E+02  3.62500000E+02  1.37093551E-01  8.51273285E-01  9.88366836E-01  2.50000000E-02 -1.86942728E-13  4.63081773E-13 
     590  7.37500000E+02  3.62500000E+02 -5.61127821E-01  1.54949466E+00  9.88366836E-01  2.50000000E-02 -1.50405419E-13  5.82744633E-13 
     591  7.62500000E+02  3.62500000E+02 -6.32209528E-01  1.62057636E+00  9.88366836E-01  2.50000000E-02 -1.18662362E-13  5.90788486E-13 
     592  7.87500000E+02  3.62500000E+02  1.59330829E-01  8.29036007E-01  9.88366836E-01  2.50000000E-02 -1.75083267E-13  2.02908706E-13 
     593  8.12500000E+02  3.62500000E+02 -8.43544998E-01  1.83191183E+00  9.88366836E-01  2.50000000E-02 -1.99333024E-13  2.12078188E-13 
     594  8.37500000E+02  3.62500000E+02 -7.98577645E-01  1.78694448E+00  9.88366836E-01  2.50000000E-02 -1.87259335E-13  1.95279486E-13 
     595  8.62500000E+02  3.62500000E+02  8.70439201E-01  1.17927635E-01  9.88366836E-01  2.50000000E-02 -1.39754541E-12 -7.54178739E-13 
     596  8.87500000E+02  3.62500000E+02 -5.89937129E-01  1.57830397E+00  9.88366836E-01  2.50000000E-02 -2.17774303E-12 -1.52032524E-12 
     597  9.12500000E+02  3.62500000E+02  9.76380787E-01  1.19860487E-02  9.88366836E-01  2.50000000E-02 -4.33280504E-12 -4.04350939E-12 
     598  9.37500000E+02  3.62500000E+02  3.75203281E-01  6.13163555E-01  9.88366836E-01  2.50000000E-02 -9.82678729E-13 -1.85381072E-12 
     599  9.62500000E+02  3.62500000E+02  9.65871543E-03  9.78708120E-01  9.88366836E-01  2.50000000E-02 -7.68456845E-13 -7.74677329E-13 
     600  9.87500000E+02  3.62500000E+02  1.09596903E-01  8.78769933E-01  9.88366836E-01  2.50000000E-02 -3.28131941E-13 -3.59986925E-12 
     601  1.25000000E+01  3.87500000E+02  1.55109543E-01  8.33257293E-01  9.88366836E-01  2.50000000E-02 -6.82284631E-13  3.90323246E-12 
     602  3.75000000E+01  3.87500000E+02 -7.71215314E-01  1.75958215E+00  9.88366836E-01  2.50000000E-02 -1.41371004E-12  2.99225115E-12 
     603  6.25000000E+01  3.87500000E+02 -6.58958607E-01  1.64732544E+00  9.88366836E-01  2.50000000E-02 -1.22722584E-12  2.87400573E-12 
     604  8.75000000E+01  3.87500000E+02 -5.58975465E-02  1.04426438E+00  9.88366836E-01  2.50000000E-02 -9.27772761E-13  5.07351181E-12 
     605  1.12500000E+02  3.87500000E+02  5.28193489E-01  4.60173347E-01  9.88366836E-01  2.50000000E-02 -1.12225276E-12  5.00093311E-12 
     606  1.37500000E+02  3.87500000E+02  6.72831520E-01  3.15535315E-01  9.88366836E-01  2.50000000E-02 -1.09262638E-12  2.41202608E-12 
     607  1.62500000E+02  3.87500000E+02  4.06350372E-01  5.82016464E-01  9.88366836E-01  2.50000000E-02 -2.04718963E-12 -3.34985318E-14 
     608  1.87500000E+02  3.87500000E+02  3.95698919E-02  9.48796944E-01  9.88366836E-01  2.50000000E-02 -1.93285835E-12  1.00799630E-12 
     609  2.12500000E+02  3.87500000E+02 -1.17352384E-02  1.00010207E+00  9.88366836E-01  2.50000000E-02 -1.80397095E-12  1.16730391E-12 
     610  2.37500000E+02  3.87500000E+02 -5.69130758E-01  1.55749759E+00  9.88366836E-01  2.50000000E-02 -2.56817782E-12 -4.33029397E-13 
     611  2.62500000E+02  3.87500000E+02  3.82325208E-01  6.06041628E-01  9.88366836E-01  2.50000000E-02 -4.82627392E-12  2.12242648E-12 
     612  2.87500000E+02  3.87500000E+02  8.00741049E-01  1.87625787E-01  9.88366836E-01  2.50000000E-02 -1.07273274E-11  7.91602442E-12 
     613  3.12500000E+02  3.87500000E+02 -4.36175349E-01  1.42454219E+00  9.88366836E-01  2.50000000E-02 -1.43507274E-11  1.41034778E-11 
     614  3.37500000E+02  3.87500000E+02 -1.47161939E-02  1.00308303E+00  9.88366836E-01  2.50000000E-02 -1.33907937E-11  7.14826579E-12 
     615  3.62500000E+02  3.87500000E+02 -7.06845146E-01  1.69521198E+00  9.88366836E-01  2.50000000E-02 -1.29858871E-11  7.36302377E-12 
     616  3.87500000E+02  3.87500000E+02  4.85538138E-02  9.39813022E-01  9.88366836E-01  2.50000000E-02 -9.62091958E-12  1.98189378E-11 
     617  4.12500000E+02  3.87500000E+02 -7.71735505E-01  1.76010234E+00  9.88366836E-01  2.50000000E-02 -5.66457799E-12  7.59148565E-12 
     618  4.37500000E+02  3.87500000E+02  1.87056193E-01  8.01310643E-01  9.88366836E-01  2.50000000E-02 -5.70966475E-12  6.88803446E-12 
     619  4.62500000E+02  3.87500000E+02  8.80330275E-01  1.08036561E-01  9.88366836E-01  2.50000000E-02 -2.84173951E-12  7.08552053E-12 
     620  4.87500000E+02  3.87500000E+02  3.42345162E-01  6.46021674E-01  9.88366836E-01  2.50000000E-02  8.33492488E-13  1.49399374E-11 
     621  5.12500000E+02  3.87500000E+02 -8.72640495E-01  1.86100733E+00  9.88366836E-01  2.50000000E-02  8.05872479E-13  6.27900146E-13 
     622  5.37500000E+02  3.87500000E+02  2.94931678E-01  6.93435158E-01  9.88366836E-01  2.50000000E-02  8.65088767E-13  1.24581196E-12 
     623  5.62500000E+02  3.87500000E+02 -6.37404482E-01  1.62577132E+00  9.88366836E-01  2.50000000E-02  1.13687942E-12  1.42227561E-12 
     624  5.87500000E+02  3.87500000E+02 -4.38549149E-01  1.42691598E+00  9.88366836E-01  2.50000000E-02  1.09563924E-12  4.89504693E-12 
     625  6.12500000E+02  3.87500000E+02  3.51708111E-01  6.36658725E-01  9.88366836E-01  2.50000000E-02  6.43303004E-13  9.48708392E-13 
     626  6.37500000E+02  3.87500000E+02  6.49206713E-02  9.23446164E-01  9.88366836E-01  2.50000000E-02  2.69047840E-13  3.33282782E-12 
     627  6.62500000E+02  3.87500000E+02  9.18175539E-01  7.01912966E-02  9.88366836E-01  2.50000000E-02 -5.90936512E-13  2.57727333E-12 
     628  6.87500000E+02  3.87500000E+02 -9.20605568E-01  1.90897240E+00  9.88366836E-01  2.50000000E-02  9.25205485E-13  1.51290711E-12 
     629  7.12500000E+02  3.87500000E+02  4.03094956E-01  5.85271879E-01  9.88366836E-01  2.50000000E-02  8.84788229E-13  3.67113120E-13 
     630  7.37500000E+02  3.87500000E+02  1.94257328E-01  7.94109507E-01  9.88366836E-01  2.50000000E-02  4.23461342E-13  7.81154324E-13 
     631  7.62500000E+02  3.87500000E+02 -4.74625661E-01  1.46299250E+00  9.88366836E-01  2.50000000E-02  3.23322261E-13  4.83129076E-13 
     632  7.87500000E+02  3.87500000E+02 -3.33009062E-01  1.32137590E+00  9.88366836E-01  2.50000000E-02  2.91468837E-13  2.26224981E-13 
     633  8.12500000E+02  3.87500000E+02 -1.39707627E-01  1.12807446E+00  9.88366836E-01  2.50000000E-02  1.76339050E-13  1.15163702E-13 
     634  8.37500000E+02  3.87500000E+02  8.25223234E-01  1.63143602E-01  9.88366836E-01  2.50000000E-02 -3.95134039E-14 -1.58067213E-12 
     635  8.62500000E+02  3.87500000E+02  9.51776039E-01  3.65907971E-02  9.88366836E-01  2.50000000E-02 -1.89859246E-12 -4.77873631E-12 
     636  8.87500000E+02  3.87500000E+02  3.19834321E-01  6.68532514E-01  9.88366836E-01  2.50000000E-02  3.80745543E-13 -3.24533826E-12 
     637  9.12500000E+02  3.87500000E+02  8.76020387E-01  1.12346448E-01  9.88366836E-01  2.50000000E-02  7.46176494E-13 -2.74726505E-12 
     638  9.37500000E+02  3.87500000E+02 -3.08319958E-01  1.29668679E+00  9.88366836E-01  2.50000000E-02  3.24371077E-13 -1.28009549E-12 
     639  9.62500000E+02  3.87500000E+02 -6.58719114E-01  1.64708595E+00  9.88366836E-01  2.50000000E-02  2.23367612E-13 -8.29634041E-13 
     640  9.87500000E+02  3.87500000E+02 -2.55844584E-01  1.24421142E+00  9.88366836E-01  2.50000000E-02  5.94540892E-14 -4.12360599E-12 
     641  1.25000000E+01  4.12500000E+02 -1.14667748E-01  1.10303458E+00  9.88366836E-01  2.50000000E-02 -1.15348782E-12  5.04260735E-12 
     642  3.75000000E+01  4.12500000E+02 -1.19798821E-01  1.10816566E+00  9.88366836E-01  2.50000000E-02 -2.10392791E-12  3.19315212E-12 
     643  6.25000000E+01  4.12500000E+02 -1.99528805E-01  1.18789564E+00  9.88366836E-01  2.50000000E-02 -1.57286458E-12  2.40022763E-12 
     644  8.75000000E+01  4.12500000E+02  4.43166795E-01  5.45200041E-01  9.88366836E-01  2.50000000E-02 -1.13013278E-12  5.07247886E-12 
     645  1.12500000E+02  4.12500000E+02  6.67500279E-01  3.20866556E-01  9.88366836E-01  2.50000000E-02 -2.42291799E-12  6.12349070E-12 
     646  1.37500000E+02  4.12500000E+02  6.79524660E-01  3.08842176E-01  9.88366836E-01  2.50000000E-02 -3.37530862E-12  2.86121097E-12 
     647  1.62500000E+02  4.12500000E+02  7.83519136E-01  2.04847700E-01  9.88366836E-01  2.50000000E-02 -7.56808362E-12  4.15587269E-12 
     648  1.87500000E+02  4.12500000E+02  5.42671422E-02  9.34099694E-01  9.88366836E-01  2.50000000E-02 -7.31724457E-12  3.29665608E-12 
     649  2.12500000E+02  4.12500000E+02 -9.57887589E-02  1.08415559E+00  9.88366836E-01  2.50000000E-02 -7.88740387E-12  2.34026136E-12 
     650  2.37500000E+02  4.12500000E+02 -7.04305250E-01  1.69267209E+00  9.88366836E-01  2.50000000E-02 -9.21586001E-12  1.50215030E-12 
     651  2.62500000E+02  4.12500000E+02 -5.88823646E-01  1.57719048E+00  9.88366836E-01  2.50000000E-02 -1.00339840E-11  1.64179010E-12 
     652  2.87500000E+02  4.12500000E+02 -5.23053373E-01  1.51142021E+00  9.88366836E-01  2.50000000E-02 -1.17387619E-11  3.48548940E-12 
     653  3.12500000E+02  4.12500000E+02 -8.25401872E-01  1.81376871E+00  9.88366836E-01  2.50000000E-02 -1.26328425E-11  1.37435858E-11 
     654  3.37500000E+02  4.12500000E+02  5.25067566E-01  4.63299270E-01  9.88366836E-01  2.50000000E-02 -1.07784563E-11  8.72668266E-12 
     655  3.62500000E+02  4.12500000E+02 -7.83024329E-01  1.77139117E+00  9.88366836E-01  2.50000000E-02 -8.43540245E-12  7.26018010E-12 
     656  3.87500000E+02  4.12500000E+02  5.73640254E-01  4.14726582E-01  9.88366836E-01  2.50000000E-02 -4.13517330E-12  2.11900347E-11 
     657  4.12500000E+02  4.12500000E+02  6.58338337E-01  3.30028498E-01  9.88366836E-01  2.50000000E-02 -2.73390032E-12  7.93227025E-12 
     658  4.37500000E+02  4.12500000E+02  8.36372757E-01  1.51994078E-01  9.88366836E-01  2.50000000E-02 -3.56335249E-12  4.54267517E-12 
     659  4.62500000E+02  4.12500000E+02 -5.76557963E-01  1.56492480E+00  9.88366836E-01  2.50000000E-02 -1.35879123E-12  8.98906492E-12 
     660  4.87500000E+02  4.12500000E+02 -5.98355215E-01  1.58672205E+00  9.88366836E-01  2.50000000E-02 -7.07756032E-13  1.36188615E-11 
     661  5.12500000E+02  4.12500000E+02 -4.70305079E-01  1.45867191E+00  9.88366836E-01  2.50000000E-02 -3.02700557E-14  5.21885833E-13 
     662  5.37500000E+02  4.12500000E+02  9.68222219E-01  2.01446164E-02  9.88366836E-01  2.50000000E-02  6.53848375E-13  5.28724234E-12 
     663  5.62500000E+02  4.12500000E+02  4.24524568E-01  5.63842268E-01  9.88366836E-01  2.50000000E-02  4.72723101E-13  1.74675241E-12 
     664  5.87500000E+02  4.12500000E+02 -1.70848611E-02  1.00545170E+00  9.88366836E-01  2.50000000E-02  1.27705819E-12  3.80842792E-12 
     665  6.12500000E+02  4.12500000E+02 -3.59020408E-01  1.34738724E+00  9.88366836E-01  2.50000000E-02  1.49033307E-12  1.04376710E-12 
     666  6.37500000E+02  4.12500000E+02 -5.20579146E-02  1.04042475E+00  9.88366836E-01  2.50000000E-02  1.75319116E-12  3.75078646E-12 
     667  6.62500000E+02  4.12500000E+02 -3.64641074E-01  1.35300791E+00  9.88366836E-01  2.50000000E-02  2.11389059E-12  1.50879631E-12 
     668  6.87500000E+02  4.12500000E+02  8.98391509E-01  8.99753268E-02  9.88366836E-01  2.50000000E-02 -2.86370228E-13  5.07191545E-12 
     669  7.12500000E+02  4.12500000E+02  6.22015577E-01  3.66351258E-01  9.88366836E-01  2.50000000E-02 -1.33207219E-12  4.12861157E-13 
     670  7.37500000E+02  4.12500000E+02 -1.48513640E-01  1.13688048E+00  9.88366836E-01  2.50000000E-02 -1.41825729E-12  8.75186550E-13 
     671  7.62500000E+02  4.12500000E+02  8.27164934E-01  1.61201902E-01  9.88366836E-01  2.50000000E-02 -2.45746304E-12  5.40032991E-13 
     672  7.87500000E+02  4.12500000E+02  6.44029528E-01  3.44337308E-01  9.88366836E-01  2.50000000E-02 -2.98850100E-12  9.69189964E-13 
     673  8.12500000E+02  4.12500000E+02 -6.87756908E-01  1.67612374E+00  9.88366836E-01  2.50000000E-02 -2.64860849E-12  2.93468039E-13 
     674  8.37500000E+02  4.12500000E+02  2.82743241E-01  7.05623595E-01  9.88366836E-01  2.50000000E-02 -2.21068172E-12 -2.14079227E-12 
     675  8.62500000E+02  4.12500000E+02 -3.05489254E-02  1.01891576E+00  9.88366836E-01  2.50000000E-02 -1.71037408E-12 -6.33747437E-12 
     676  8.87500000E+02  4.12500000E+02  2.06506390E-01  7.81860446E-01  9.88366836E-01  2.50000000E-02 -9.26695041E-13 -4.17236419E-12 
     677  9.12500000E+02  4.12500000E+02 -5.37229149E-01  1.52559599E+00  9.88366836E-01  2.50000000E-02  4.33789811E-13 -1.55861632E-12 
     678  9.37500000E+02  4.12500000E+02 -5.68518548E-01  1.55688538E+00  9.88366836E-01  2.50000000E-02  6.67537165E-13 -1.28486148E-12 
     679  9.62500000E+02  4.12500000E+02  8.97037579E-01  9.13292566E-02  9.88366836E-01  2.50000000E-02 -6.82104572E-13 -9.23229003E-12 
     680  9.87500000E+02  4.12500000E+02  3.11866661E-01  6.76500175E-01  9.88366836E-01  2.50000000E-02  2.38098345E-14 -4.99100652E-12 
     681  1.25000000E+01  4.37500000E+02 -5.21525428E-01  1.50989226E+00  9.88366836E-01  2.50000000E-02 -1.27619259E-14  5.69346987E-12 
     682  3.75000000E+01  4.37500000E+02  5.82371908E-01  4.05994928E-01  9.88366836E-01  2.50000000E-02 -2.74506364E-13  5.43593906E-12 
     683  6.25000000E+01  4.37500000E+02  8.74393557E-01  1.13973279E-01  9.88366836E-01  2.50000000E-02 -1.82948804E-12  5.48721557E-12 
     684  8.75000000E+01  4.37500000E+02 -3.58850876E-01  1.34721771E+00  9.88366836E-01  2.50000000E-02 -1.32402753E-12  5.38185764E-12 
     685  1.12500000E+02  4.37500000E+02  8.06857612E-01  1.81509223E-01  9.88366836E-01  2.50000000E-02 -1.63095170E-12  8.15357064E-12 
     686  1.37500000E+02  4.37500000E+02  8.47045990E-01  1.41320846E-01  9.88366836E-01  2.50000000E-02 -3.65187624E-12  4.78525046E-12 
     687  1.62500000E+02  4.37500000E+02 -3.74242936E-01  1.36260977E+00  9.88366836E-01  2.50000000E-02 -7.48688717E-12  6.98355922E-12 
     688  1.87500000E+02  4.37500000E+02 -2.19686907E-01  1.20805374E+00  9.88366836E-01  2.50000000E-02 -6.55724953E-12  5.74316025E-12 
     689  2.12500000E+02  4.37500000E+02 -9.39235959E-01  1.92760279E+00  9.88366836E-01  2.50000000E-02 -4.59003186E-12  3.57278756E-12 
     690  2.37500000E+02  4.37500000E+02 -6.61510006E-01  1.64987684E+00  9.88366836E-01  2.50000000E-02 -4.26151192E-12  3.14952967E-12 
     691  2.62500000E+02  4.37500000E+02  5.06867385E-01  4.81499451E-01  9.88366836E-01  2.50000000E-02 -5.87955217E-12  2.32623349E-12 
     692  2.87500000E+02  4.37500000E+02 -4.21473287E-01  1.40984012E+00  9.88366836E-01  2.50000000E-02 -5.26390050E-12  3.64071468E-12 
     693  3.12500000E+02  4.37500000E+02  7.66276348E-01  2.22090488E-01  9.88366836E-01  2.50000000E-02 -3.55859480E-12  1.90313818E-11 
     694  3.37500000E+02  4.37500000E+02 -8.48013906E-01  1.83638074E+00  9.88366836E-01  2.50000000E-02 -5.43542331E-12  5.98950726E-12 
     695  3.62500000E+02  4.37500000E+02  1.49155181E-01  8.39211655E-01  9.88366836E-01  2.50000000E-02 -4.26626653E-12  9.69789426E-12 
     696  3.87500000E+02  4.37500000E+02 -1.48167384E-01  1.13653422E+00  9.88366836E-01  2.50000000E-02 -4.42497883E-12  1.15970947E-11 
     697  4.12500000E+02  4.37500000E+02 -8.19904568E-01  1.80827140E+00  9.88366836E-01  2.50000000E-02 -5.55877107E-12  4.71919874E-12 
     698  4.37500000E+02  4.37500000E+02 -1.08633900E-01  1.09700074E+00  9.88366836E-01  2.50000000E-02 -5.91161521E-12 -3.71670427E-12 
     699  4.62500000E+02  4.37500000E+02  7.80516317E-01  2.07850519E-01  9.88366836E-01  2.50000000E-02 -4.93987569E-12  1.02493203E-11 
     700  4.87500000E+02  4.37500000E+02  4.72469267E-01  5.15897569E-01  9.88366836E-01  2.50000000E-02  1.12015714E-12  1.15169558E-11 
     701  5.12500000E+02  4.37500000E+02  4.65935691E-01  5.22431145E-01  9.88366836E-01  2.50000000E-02  2.20918601E-12  2.93929469E-13 
     702  5.37500000E+02  4.37500000E+02  5.45168541E-01  4.43198295E-01  9.88366836E-01  2.50000000E-02  2.30743379E-12  1.81809446E-12 
     703  5.62500000E+02  4.37500000E+02  8.40862699E-01  1.47504136E-01  9.88366836E-01  2.50000000E-02  4.04681606E-13  2.20987745E-12 
     704  5.87500000E+02  4.37500000E+02  2.23931685E-01  7.64435151E-01  9.88366836E-01  2.50000000E-02  3.49070088E-12  3.67697123E-12 
     705  6.12500000E+02  4.37500000E+02  7.57971950E-01  2.30394886E-01  9.88366836E-01  2.50000000E-02  4.34227232E-12  2.51201850E-12 
     706  6.37500000E+02  4.37500000E+02  6.26097992E-01  3.62268843E-01  9.88366836E-01  2.50000000E-02  1.81369495E-12  5.80511243E-12 
     707  6.62500000E+02  4.37500000E+02 -3.11012525E-01  1.29937936E+00  9.88366836E-01  2.50000000E-02  9.97439982E-13  1.37290119E-12 
     708  6.87500000E+02  4.37500000E+02  4.87651479E-01  5.00715357E-01  9.88366836E-01  2.50000000E-02 -3.51387041E-13  3.30097261E-12 
     709  7.12500000E+02  4.37500000E+02  1.48012393E-01  8.40354442E-01  9.88366836E-01  2.50000000E-02 -1.73203307E-12 -4.30438899E-13 
     710  7.37500000E+02  4.37500000E+02  8.30803344E-01  1.57563492E-01  9.88366836E-01  2.50000000E-02 -2.45677424E-12  1.29189113E-12 
     711  7.62500000E+02  4.37500000E+02  1.16134439E-03  9.87205491E-01  9.88366836E-01  2.50000000E-02 -1.59404809E-12  4.54011558E-13 
     712  7.87500000E+02  4.37500000E+02  2.39835834E-01  7.48531002E-01  9.88366836E-01  2.50000000E-02 -1.65208448E-12  1.39733561E-12 
     713  8.12500000E+02  4.37500000E+02 -5.16214511E-01  1.50458135E+00  9.88366836E-01  2.50000000E-02 -1.73784811E-12  3.23141704E-13 
     714  8.37500000E+02  4.37500000E+02  4.95133606E-01  4.93233230E-01  9.88366836E-01  2.50000000E-02 -1.55298037E-12 -2.94770813E-12 
     715  8.62500000E+02  4.37500000E+02  8.93104765E-01  9.52620711E-02  9.88366836E-01  2.50000000E-02 -1.81933929E-12 -7.67348293E-12 
     716  8.87500000E+02  4.37500000E+02 -9.15906093E-02  1.07995745E+00  9.88366836E-01  2.50000000E-02 -8.06256722E-13 -5.64232657E-12 
     717  9.12500000E+02  4.37500000E+02 -2.09695417E-01  1.19806225E+00  9.88366836E-01  2.50000000E-02 -9.32676909E-13 -2.22555004E-12 
     718  9.37500000E+02  4.37500000E+02  8.32850438E-01  1.55516397E-01  9.88366836E-01  2.50000000E-02 -3.87027330E-12 -4.07734009E-12 
     719  9.62500000E+02  4.37500000E+02  1.17914853E-01  8.70451983E-01  9.88366836E-01  2.50000000E-02  2.85947193E-13 -9.99877688E-12 
     720  9.87500000E+02  4.37500000E+02 -4.81887803E-01  1.47025464E+00  9.88366836E-01  2.50000000E-02  1.91345707E-13 -3.96725301E-12 
     721  1.25000000E+01  4.62500000E+02  2.30331549E-02  9.65333681E-01  9.88366836E-01  2.50000000E-02 -1.03957831E-14  5.88770384E-12 
     722  3.75000000E+01  4.62500000E+02 -3.31036185E-01  1.31940302E+00  9.88366836E-01  2.50000000E-02  5.16544523E-13  5.39699670E-12 
     723  6.25000000E+01  4.62500000E+02 -9.54557258E-02  1.08382256E+00  9.88366836E-01  2.50000000E-02  7.25391816E-13  1.74078658E-12 
     724  8.75000000E+01  4.62500000E+02  5.41319075E-01  4.47047761E-01  9.88366836E-01  2.50000000E-02  3.55898065E-14  5.11352091E-12 
     725  1.12500000E+02  4.62500000E+02  4.97923663E-01  4.90443173E-01  9.88366836E-01  2.50000000E-02 -9.72148859E-13  5.53855777E-12 
     726  1.37500000E+02  4.62500000E+02  1.37524556E-01  8.50842279E-01  9.88366836E-01  2.50000000E-02 -2.90209788E-12  2.77396426E-12 
     727  1.62500000E+02  4.62500000E+02 -6.05547264E-01  1.59391410E+00  9.88366836E-01  2.50000000E-02 -3.82266919E-12  6.77395821E-12 
     728  1.87500000E+02  4.62500000E+02  6.21008015E-01  3.67358820E-01  9.88366836E-01  2.50000000E-02 -5.90037855E-12  6.38271358E-12 
     729  2.12500000E+02  4.62500000E+02  9.48864050E-02  8.93480431E-01  9.88366836E-01  2.50000000E-02 -5.03051339E-12  4.32691806E-12 
     730  2.37500000E+02  4.62500000E+02  6.95596543E-01  2.92770293E-01  9.88366836E-01  2.50000000E-02 -4.49123252E-12  4.20646839E-12 
     731  2.62500000E+02  4.62500000E+02 -2.82454880E-01  1.27082172E+00  9.88366836E-01  2.50000000E-02 -3.95905992E-12  2.21916516E-12 
     732  2.87500000E+02  4.62500000E+02  5.94399696E-01  3.93967140E-01  9.88366836E-01  2.50000000E-02 -3.42312514E-12  5.96793525E-12 
     733  3.12500000E+02  4.62500000E+02 -9.60996431E-02  1.08446648E+00  9.88366836E-01  2.50000000E-02 -6.34482812E-12  1.62622071E-11 
     734  3.37500000E+02  4.62500000E+02 -3.82105376E-01  1.37047221E+00  9.88366836E-01  2.50000000E-02 -6.79159740E-12  4.84620297E-12 
     735  3.62500000E+02  4.62500000E+02  4.41596235E-01  5.46770601E-01  9.88366836E-01  2.50000000E-02 -5.66596010E-12  8.95256588E-12 
     736  3.87500000E+02  4.62500000E+02 -8.80956593E-01  1.86932343E+00  9.88366836E-01  2.50000000E-02 -4.53459755E-12  9.28281880E-12 
     737  4.12500000E+02  4.62500000E+02  3.44103553E-01  6.44263283E-01  9.88366836E-01  2.50000000E-02 -3.88059636E-12  3.22979050E-12 
     738  4.37500000E+02  4.62500000E+02 -6.67223646E-01  1.65559048E+00  9.88366836E-01  2.50000000E-02 -3.54247441E-12 -4.41703827E-12 
     739  4.62500000E+02  4.62500000E+02  9.47055340E-01  4.13114958E-02  9.88366836E-01  2.50000000E-02 -6.12515645E-12  1.12587332E-11 
     740  4.87500000E+02  4.62500000E+02 -3.31682521E-01  1.32004936E+00  9.88366836E-01  2.50000000E-02 -2.38375217E-12  6.81015718E-12 
     741  5.12500000E+02  4.62500000E+02 -7.27119042E-01  1.71548588E+00  9.88366836E-01  2.50000000E-02 -2.30658164E-12 -1.32211319E-12 
     742  5.37500000E+02  4.62500000E+02  4.57750880E-01  5.30615956E-01  9.88366836E-01  2.50000000E-02 -1.98656566E-12  1.28382812E-12 
     743  5.62500000E+02  4.62500000E+02 -9.99289089E-01  1.98765592E+00  9.88366836E-01  2.50000000E-02 -2.02231765E-12 -3.10154849E-13 
     744  5.87500000E+02  4.62500000E+02  8.67866651E-01  1.20500185E-01  9.88366836E-01  2.50000000E-02 -3.18896177E-12  7.99501773E-12 
     745  6.12500000E+02  4.62500000E+02 -7.98927735E-02  1.06825961E+00  9.88366836E-01  2.50000000E-02 -3.12717880E-12  2.18447455E-12 
     746  6.37500000E+02  4.62500000E+02  2.82823129E-01  7.05543707E-01  9.88366836E-01  2.50000000E-02 -3.78078040E-12  4.60570611E-12 
     747  6.62500000E+02  4.62500000E+02 -7.17620941E-01  1.70598778E+00  9.88366836E-01  2.50000000E-02 -2.62254159E-12  1.71164968E-12 
     748  6.87500000E+02  4.62500000E+02 -7.01660539E-01  1.69002737E+00  9.88366836E-01  2.50000000E-02 -2.48062528E-12  3.66567447E-12 
     749  7.12500000E+02  4.62500000E+02 -4.17054967E-01  1.40542180E+00  9.88366836E-01  2.50000000E-02 -3.00522998E-12 -8.51848280E-13 
     750  7.37500000E+02  4.62500000E+02 -1.97769449E-01  1.18613628E+00  9.88366836E-01  2.50000000E-02 -3.11700296E-12  9.58775463E-13 
     751  7.62500000E+02  4.62500000E+02 -8.30364190E-01  1.81873103E+00  9.88366836E-01  2.50000000E-02 -3.55208896E-12 -4.23186319E-13 
     752  7.87500000E+02  4.62500000E+02  5.93635457E-01  3.94731379E-01  9.88366836E-01  2.50000000E-02 -6.74074736E-12  1.32066057E-12 
     753  8.12500000E+02  4.62500000E+02  7.04729898E-01  2.83636937E-01  9.88366836E-01  2.50000000E-02 -8.87674970E-12 -9.37325331E-13 
     754  8.37500000E+02  4.62500000E+02 -7.00610497E-02  1.05842789E+00  9.88366836E-01  2.50000000E-02 -5.49820667E-12 -5.21698445E-13 
     755  8.62500000E+02  4.62500000E+02 -8.14516724E-01  1.80288356E+00  9.88366836E-01  2.50000000E-02 -4.90021585E-12 -2.73528541E-12 
     756  8.87500000E+02  4.62500000E+02  6.34207618E-01  3.54159218E-01  9.88366836E-01  2.50000000E-02 -4.42138289E-12 -9.32927329E-12 
     757  9.12500000E+02  4.62500000E+02  5.73517688E-01  4.14849148E-01  9.88366836E-01  2.50000000E-02 -4.16481082E-12 -5.80945681E-12 
     758  9.37500000E+02  4.62500000E+02 -7.90801234E-01  1.77916807E+00  9.88366836E-01  2.50000000E-02 -3.03776181E-12 -1.39842495E-12 
     759  9.62500000E+02  4.62500000E+02  7.31669728E-01  2.56697108E-01  9.88366836E-01  2.50000000E-02 -3.11193585E-13 -1.08329362E-11 
     760  9.87500000E+02  4.62500000E+02  2.14049060E-02  9.66961930E-01  9.88366836E-01  2.50000000E-02  5.52659174E-14 -3.34626121E-12 
     761  1.25000000E+01  4.87500000E+02 -8.92157871E-01  1.88052471E+00  9.88366836E-01  2.50000000E-02 -1.06671897E-14  5.06827568E-12 
     762  3.75000000E+01  4.87500000E+02  8.47139597E-01  1.41227239E-01  9.88366836E-01  2.50000000E-02 -3.16078291E-15  4.48155027E-12 
     763  6.25000000E+01  4.87500000E+02  9.07970650E-02  8.97569771E-01  9.88366836E-01  2.50000000E-02  5.12144095E-13  1.25158702E-12 
     764  8.75000000E+01  4.87500000E+02 -4.59866617E-01  1.44823345E+00  9.88366836E-01  2.50000000E-02  4.62136641E-13  2.60485558E-12 
     765  1.12500000E+02  4.87500000E+02  5.16185763E-01  4.72181073E-01  9.88366836E-01  2.50000000E-02  8.16439815E-13  4.91389471E-12 
     766  1.37500000E+02  4.87500000E+02 -7.13203339E-01  1.70157017E+00  9.88366836E-01  2.50000000E-02  8.53252044E-13  2.04944091E-12 
     767  1.62500000E+02  4.87500000E+02 -3.39224994E-01  1.32759183E+00  9.88366836E-01  2.50000000E-02  1.40961948E-12  6.79949801E-12 
     768  1.87500000E+02  4.87500000E+02 -4.02609231E-01  1.39097607E+00  9.88366836E-01  2.50000000E-02  2.12994562E-12  4.22851298E-12 
     769  2.12500000E+02  4.87500000E+02  7.36295286E-01  2.52071550E-01  9.88366836E-01  2.50000000E-02  3.78936630E-12  7.59921187E-12 
     770  2.37500000E+02  4.87500000E+02  2.15175153E-01  7.73191683E-01  9.88366836E-01  2.50000000E-02  4.36784442E-12  3.34604468E-12 
     771  2.62500000E+02  4.87500000E+02  9.58307377E-01  3.00594587E-02  9.88366836E-01  2.50000000E-02 -2.64577219E-12  9.18332305E-12 
     772  2.87500000E+02  4.87500000E+02  4.14549800E-01  5.73817035E-01  9.88366836E-01  2.50000000E-02 -2.51193656E-12  6.07477169E-12 
     773  3.12500000E+02  4.87500000E+02  3.57400243E-01  6.30966593E-01  9.88366836E-01  2.50000000E-02 -2.88657689E-12  1.59543118E-11 
     774  3.37500000E+02  4.87500000E+02  6.72171383E-02  9.21149698E-01  9.88366836E-01  2.50000000E-02 -2.54305741E-12  3.52142445E-12 
     775  3.62500000E+02  4.87500000E+02 -4.36419991E-02  1.03200883E+00  9.88366836E-01  2.50000000E-02 -2.58444387E-12  6.35666870E-12 
     776  3.87500000E+02  4.87500000E+02 -2.97094604E-01  1.28546144E+00  9.88366836E-01  2.50000000E-02 -2.98227855E-12  8.62032341E-12 
     777  4.12500000E+02  4.87500000E+02  3.84800043E-01  6.03566793E-01  9.88366836E-01  2.50000000E-02 -3.00269262E-12  2.74266033E-12 
     778  4.37500000E+02  4.87500000E+02 -4.43349061E-01  1.43171590E+00  9.88366836E-01  2.50000000E-02 -4.17773797E-12 -4.96258914E-12 
     779  4.62500000E+02  4.87500000E+02  1.00492587E-01  8.87874249E-01  9.88366836E-01  2.50000000E-02 -4.99914583E-12  3.14058783E-12 
     780  4.87500000E+02  4.87500000E+02 -2.99439289E-01  1.28780612E+00  9.88366836E-01  2.50000000E-02 -2.97182356E-12  6.37773051E-12 
     781  5.12500000E+02  4.87500000E+02 -4.52742072E-01  1.44110891E+00  9.88366836E-01  2.50000000E-02 -1.53061031E-12 -1.81493089E-12 
     782  5.37500000E+02  4.87500000E+02 -6.59007674E-01  1.64737451E+00  9.88366836E-01  2.50000000E-02 -1.35675530E-12  4.46414178E-13 
     783  5.62500000E+02  4.87500000E+02 -5.76309235E-01  1.56467607E+00  9.88366836E-01  2.50000000E-02 -1.40053268E-12 -4.00770186E-13 
     784  5.87500000E+02  4.87500000E+02 -8.12551513E-01  1.80091835E+00  9.88366836E-01  2.50000000E-02 -1.39046926E-12  5.83353948E-12 
     785  6.12500000E+02  4.87500000E+02 -8.28069798E-01  1.81643663E+00  9.88366836E-01  2.50000000E-02 -1.33465920E-12  1.73039678E-12 
     786  6.37500000E+02  4.87500000E+02 -8.90927969E-01  1.87929480E+00  9.88366836E-01  2.50000000E-02 -1.50271627E-12  3.60421371E-12 
     787  6.62500000E+02  4.87500000E+02  4.97326608E-01  4.91040227E-01  9.88366836E-01  2.50000000E-02 -3.07714375E-12  3.67539707E-12 
     788  6.87500000E+02  4.87500000E+02  5.52784999E-01  4.35581837E-01  9.88366836E-01  2.50000000E-02 -3.88524555E-12  4.40452012E-12 
     789  7.12500000E+02  4.87500000E+02 -5.92100234E-01  1.58046707E+00  9.88366836E-01  2.50000000E-02 -4.41282394E-12 -1.55286112E-12 
     790  7.37500000E+02  4.87500000E+02  9.56743792E-01  3.16230438E-02  9.88366836E-01  2.50000000E-02 -1.13942699E-11 -2.31666107E-12 
     791  7.62500000E+02  4.87500000E+02 -1.85259607E-01  1.17362644E+00  9.88366836E-01  2.50000000E-02 -3.50898705E-12  3.44566393E-13 
     792  7.87500000E+02  4.87500000E+02 -6.28813263E-01  1.61718010E+00  9.88366836E-01  2.50000000E-02 -4.46462090E-12  2.17909910E-12 
     793  8.12500000E+02  4.87500000E+02 -4.54073316E-01  1.44244015E+00  9.88366836E-01  2.50000000E-02 -5.74608578E-12 -1.14175360E-12 
     794  8.37500000E+02  4.87500000E+02 -4.02023641E-02  1.02856920E+00  9.88366836E-01  2.50000000E-02 -6.55368058E-12  5.58893298E-13 
     795  8.62500000E+02  4.87500000E+02 -9.55158516E-01  1.94352535E+00  9.88366836E-01  2.50000000E-02 -5.10601801E-12 -2.12789981E-12 
     796  8.87500000E+02  4.87500000E+02 -8.69613158E-01  1.85797999E+00  9.88366836E-01  2.50000000E-02 -3.02847930E-12 -6.34786246E-12 
     797  9.12500000E+02  4.87500000E+02 -6.95422540E-01  1.68378938E+00  9.88366836E-01  2.50000000E-02 -4.91159403E-13 -4.95213494E-12 
     798  9.37500000E+02  4.87500000E+02 -7.92456884E-01  1.78082372E+00  9.88366836E-01  2.50000000E-02  2.70293546E-13 -1.77196545E-12 
     799  9.62500000E+02  4.87500000E+02 -4.15251851E-01  1.40361869E+00  9.88366836E-01  2.50000000E-02  7.36218507E-13 -1.23687180E-11 
     800  9.87500000E+02  4.87500000E+02 -7.79383764E-01  1.76775060E+00  9.88366836E-01  2.50000000E-02  5.04357228E-13 -3.83024503E-12 
     801  1.25000000E+01  5.12500000E+02 -1.98694032E-01  1.18706087E+00  9.88366836E-01  2.50000000E-02  3.72261740E-14  4.68874063E-12 
     802  3.75000000E+01  5.12500000E+02 -4.78622974E-01  1.46698981E+00  9.88366836E-01  2.50000000E-02 -2.94680633E-13  1.31698688E-12 
     803  6.25000000E+01  5.12500000E+02 -9.58897534E-01  1.94726437E+00  9.88366836E-01  2.50000000E-02 -8.09752679E-13  6.65356114E-13 
     804  8.75000000E+01  5.12500000E+02 -5.07965653E-02  1.03916340E+00  9.88366836E-01  2.50000000E-02 -1.07908751E-12  2.17581745E-12 
     805  1.12500000E+02  5.12500000E+02  6.52596013E-01  3.35770823E-01  9.88366836E-01  2.50000000E-02 -3.24305391E-13  4.52569261E-12 
     806  1.37500000E+02  5.12500000E+02 -1.17375780E-02  1.00010441E+00  9.88366836E-01  2.50000000E-02  1.07434017E-13  1.88920920E-12 
     807  1.62500000E+02  5.12500000E+02  7.45253151E-02  9.13841521E-01  9.88366836E-01  2.50000000E-02 -3.84068632E-15  7.38188270E-12 
     808  1.87500000E+02  5.12500000E+02 -6.49563682E-02  1.05332320E+00  9.88366836E-01  2.50000000E-02 -1.11817542E-13  3.95221772E-12 
     809  2.12500000E+02  5.12500000E+02  8.08191733E-01  1.80175102E-01  9.88366836E-01  2.50000000E-02  8.47776719E-13  6.85348847E-12 
     810  2.37500000E+02  5.12500000E+02  2.21052568E-01  7.67314268E-01  9.88366836E-01  2.50000000E-02 -1.28564469E-13  3.02333388E-12 
     811  2.62500000E+02  5.12500000E+02  8.05511088E-01  1.82855748E-01  9.88366836E-01  2.50000000E-02 -2.06882381E-12  2.74524726E-12 
     812  2.87500000E+02  5.12500000E+02  4.40774896E-02  9.44289346E-01  9.88366836E-01  2.50000000E-02 -3.46501246E-13  6.79610281E-12 
     813  3.12500000E+02  5.12500000E+02 -1.61642956E-01  1.15000979E+00  9.88366836E-01  2.50000000E-02 -6.18828580E-13  1.67378192E-11 
     814  3.37500000E+02  5.12500000E+02 -9.76898104E-01  1.96526494E+00  9.88366836E-01  2.50000000E-02 -4.23417779E-13  3.61132677E-12 
     815  3.62500000E+02  5.12500000E+02  8.27916857E-02  9.05575150E-01  9.88366836E-01  2.50000000E-02  6.83748666E-13  5.62422588E-12 
     816  3.87500000E+02  5.12500000E+02 -1.61012357E-01  1.14937919E+00  9.88366836E-01  2.50000000E-02  1.03499967E-12  8.50281915E-12 
     817  4.12500000E+02  5.12500000E+02  5.20549297E-01  4.67817539E-01  9.88366836E-01  2.50000000E-02  1.17390900E-12  2.67902140E-12 
     818  4.37500000E+02  5.12500000E+02  2.25939986E-01  7.62426850E-01  9.88366836E-01  2.50000000E-02  9.38538356E-13 -5.60395323E-12 
     819  4.62500000E+02  5.12500000E+02  8.43436565E-01  1.44930271E-01  9.88366836E-01  2.50000000E-02 -4.13898908E-13  2.61693311E-12 
     820  4.87500000E+02  5.12500000E+02  2.73522224E-01  7.14844612E-01  9.88366836E-01  2.50000000E-02  2.41183980E-13  6.78375866E-12 
     821  5.12500000E+02  5.12500000E+02 -3.70256768E-01  1.35862360E+00  9.88366836E-01  2.50000000E-02  1.03570280E-13 -2.47328689E-12 
     822  5.37500000E+02  5.12500000E+02 -1.86799403E-01  1.17516624E+00  9.88366836E-01  2.50000000E-02  1.40724424E-14  3.17832431E-13 
     823  5.62500000E+02  5.12500000E+02 -8.19173114E-01  1.80753995E+00  9.88366836E-01  2.50000000E-02 -6.46226270E-14 -3.88828104E-13 
     824  5.87500000E+02  5.12500000E+02  8.27341694E-01  1.61025142E-01  9.88366836E-01  2.50000000E-02 -2.99073960E-12  4.73525928E-12 
     825  6.12500000E+02  5.12500000E+02 -3.74597517E-01  1.36296435E+00  9.88366836E-01  2.50000000E-02 -3.82911067E-12  1.92491804E-12 
     826  6.37500000E+02  5.12500000E+02  4.44141516E-01  5.44225320E-01  9.88366836E-01  2.50000000E-02 -4.28752478E-12  3.11260166E-12 
     827  6.62500000E+02  5.12500000E+02 -9.92785098E-01  1.98115193E+00  9.88366836E-01  2.50000000E-02 -4.57639305E-12  4.38665473E-12 
     828  6.87500000E+02  5.12500000E+02 -1.45848634E-02  1.00295170E+00  9.88366836E-01  2.50000000E-02 -5.29974314E-12  4.14547834E-12 
     829  7.12500000E+02  5.12500000E+02 -4.48516774E-01  1.43688361E+00  9.88366836E-01  2.50000000E-02 -5.84779111E-12 -2.28100174E-12 
     830  7.37500000E+02  5.12500000E+02 -9.41310020E-01  1.92967686E+00  9.88366836E-01  2.50000000E-02 -4.75987217E-12 -9.82337464E-13 
     831  7.62500000E+02  5.12500000E+02 -6.99160594E-01  1.68752743E+00  9.88366836E-01  2.50000000E-02 -3.98606808E-12  1.38563621E-12 
     832  7.87500000E+02  5.12500000E+02 -9.23100187E-01  1.91146702E+00  9.88366836E-01  2.50000000E-02 -3.99530343E-12  1.61439458E-12 
     833  8.12500000E+02  5.12500000E+02 -3.81021602E-02  1.02646900E+00  9.88366836E-01  2.50000000E-02 -4.40427023E-12 -2.59969512E-12 
     834  8.37500000E+02  5.12500000E+02  7.64165111E-01  2.24201724E-01  9.88366836E-01  2.50000000E-02 -6.72917855E-12 -7.53880235E-13 
     835  8.62500000E+02  5.12500000E+02 -9.54580350E-01  1.94294719E+00  9.88366836E-01  2.50000000E-02 -2.69639087E-12 -1.69586608E-12 
     836  8.87500000E+02  5.12500000E+02 -6.71656305E-01  1.66002314E+00  9.88366836E-01  2.50000000E-02 -2.43600517E-12 -7.33098743E-12 
     837  9.12500000E+02  5.12500000E+02 -1.39158553E-01  1.12752539E+00  9.88366836E-01  2.50000000E-02 -2.48036194E-12 -5.66912457E-12 
     838  9.37500000E+02  5.12500000E+02  6.36652324E-01  3.51714512E-01  9.88366836E-01  2.50000000E-02 -1.73250999E-12 -9.33358228E-12 
     839  9.62500000E+02  5.12500000E+02  6.13608273E-01  3.74758563E-01  9.88366836E-01  2.50000000E-02  2.56944042E-13 -1.27704625E-11 
     840  9.87500000E+02  5.12500000E+02  7.10892811E-01  2.77474025E-01  9.88366836E-01  2.50000000E-02  1.14065069E-13 -6.88391290E-12 
     841  1.25000000E+01  5.37500000E+02 -5.58057742E-02  1.04417261E+00  9.88366836E-01  2.50000000E-02  1.64554132E-14  4.72171988E-12 
     842  3.75000000E+01  5.37500000E+02  7.54977705E-02  9.12869065E-01  9.88366836E-01  2.50000000E-02  4.88568451E-14  1.23907432E-12 
     843  6.25000000E+01  5.37500000E+02 -7.54745601E-01  1.74311244E+00  9.88366836E-01  2.50000000E-02  1.84967453E-13  6.49105501E-13 
     844  8.75000000E+01  5.37500000E+02  8.38551358E-01  1.49815477E-01  9.88366836E-01  2.50000000E-02  2.69856835E-12  5.07123787E-12 
     845  1.12500000E+02  5.37500000E+02 -7.14267579E-01  1.70263441E+00  9.88366836E-01  2.50000000E-02  1.44483181E-12  1.51505016E-12 
     846  1.37500000E+02  5.37500000E+02  7.66191250E-01  2.22175585E-01  9.88366836E-01  2.50000000E-02 -6.35214614E-15  4.58386788E-12 
     847  1.62500000E+02  5.37500000E+02 -1.51205253E-02  1.00348736E+00  9.88366836E-01  2.50000000E-02  2.01185594E-14  6.88210981E-12 
     848  1.87500000E+02  5.37500000E+02  1.73922527E-01  8.14444309E-01  9.88366836E-01  2.50000000E-02  4.93238085E-13  3.63381119E-12 
     849  2.12500000E+02  5.37500000E+02  5.53943166E-01  4.34423669E-01  9.88366836E-01  2.50000000E-02  1.10160283E-12  3.69616197E-12 
     850  2.37500000E+02  5.37500000E+02 -8.89105826E-01  1.87747266E+00  9.88366836E-01  2.50000000E-02  7.43409526E-13  2.51770102E-12 
     851  2.62500000E+02  5.37500000E+02 -5.81463339E-01  1.56983018E+00  9.88366836E-01  2.50000000E-02  5.81709438E-13  1.20751094E-12 
     852  2.87500000E+02  5.37500000E+02  6.79526210E-01  3.08840626E-01  9.88366836E-01  2.50000000E-02 -1.52236803E-12  8.44511435E-12 
     853  3.12500000E+02  5.37500000E+02  3.42334854E-01  6.46031981E-01  9.88366836E-01  2.50000000E-02 -1.82923329E-12  1.69759795E-11 
     854  3.37500000E+02  5.37500000E+02  7.51277662E-01  2.37089173E-01  9.88366836E-01  2.50000000E-02 -7.61248153E-13  5.80285843E-12 
     855  3.62500000E+02  5.37500000E+02  2.00360265E-01  7.88006571E-01  9.88366836E-01  2.50000000E-02  2.78865209E-12  5.81235330E-12 
     856  3.87500000E+02  5.37500000E+02 -3.85167497E-01  1.37353433E+00  9.88366836E-01  2.50000000E-02  3.83832738E-12  9.14344202E-12 
     857  4.12500000E+02  5.37500000E+02  2.99418132E-01  6.88948704E-01  9.88366836E-01  2.50000000E-02  4.28911907E-12  2.26749110E-12 
     858  4.37500000E+02  5.37500000E+02 -5.27998769E-01  1.51636560E+00  9.88366836E-01  2.50000000E-02  3.90409064E-12 -4.98359959E-12 
     859  4.62500000E+02  5.37500000E+02  8.96312519E-01  9.20543165E-02  9.88366836E-01  2.50000000E-02  2.06123835E-12  3.18069256E-12 
     860  4.87500000E+02  5.37500000E+02 -9.42534601E-01  1.93090144E+00  9.88366836E-01  2.50000000E-02  3.82276079E-12  6.58556714E-12 
     861  5.12500000E+02  5.37500000E+02  1.67468620E-01  8.20898216E-01  9.88366836E-01  2.50000000E-02  3.94584051E-12 -3.33760515E-12 
     862  5.37500000E+02  5.37500000E+02  9.81067012E-01  7.29982350E-03  9.88366836E-01  2.50000000E-02  2.98061846E-12  2.15754979E-12 
     863  5.62500000E+02  5.37500000E+02 -4.50558862E-01  1.43892570E+00  9.88366836E-01  2.50000000E-02 -1.19667243E-12  1.46082875E-13 
     864  5.87500000E+02  5.37500000E+02 -4.81840688E-01  1.47020752E+00  9.88366836E-01  2.50000000E-02 -1.83375389E-12  2.85671508E-12 
     865  6.12500000E+02  5.37500000E+02 -5.85625669E-01  1.57399250E+00  9.88366836E-01  2.50000000E-02 -2.44192084E-12  2.57122844E-12 
     866  6.37500000E+02  5.37500000E+02 -3.44327821E-01  1.33269466E+00  9.88366836E-01  2.50000000E-02 -2.61153924E-12  3.34219874E-12 
     867  6.62500000E+02  5.37500000E+02  2.66264540E-01  7.22102295E-01  9.88366836E-01  2.50000000E-02 -3.20161994E-12  4.76316135E-12 
     868  6.87500000E+02  5.37500000E+02  1.56224060E-01  8.32142776E-01  9.88366836E-01  2.50000000E-02 -4.07102979E-12  3.84195610E-12 
     869  7.12500000E+02  5.37500000E+02  5.76540307E-01  4.11826529E-01  9.88366836E-01  2.50000000E-02 -5.55856665E-12 -3.59217034E-12 
     870  7.37500000E+02  5.37500000E+02 -8.37868197E-01  1.82623503E+00  9.88366836E-01  2.50000000E-02 -3.08107818E-12 -5.70558339E-13 
     871  7.62500000E+02  5.37500000E+02 -5.81607387E-01  1.56997422E+00  9.88366836E-01  2.50000000E-02 -3.21224510E-12  1.26568198E-12 
     872  7.87500000E+02  5.37500000E+02 -3.57814128E-01  1.34618096E+00  9.88366836E-01  2.50000000E-02 -4.03466759E-12  6.55986220E-13 
     873  8.12500000E+02  5.37500000E+02  7.91384558E-02  9.09228380E-01  9.88366836E-01  2.50000000E-02 -4.59423497E-12 -4.39558701E-12 
     874  8.37500000E+02  5.37500000E+02 -5.08739061E-01  1.49710590E+00  9.88366836E-01  2.50000000E-02 -5.08126810E-12 -4.64820700E-12 
     875  8.62500000E+02  5.37500000E+02  8.16107980E-01  1.72258855E-01  9.88366836E-01  2.50000000E-02 -1.00810125E-11 -4.06640205E-12 
     876  8.87500000E+02  5.37500000E+02 -2.94850547E-01  1.28321738E+00  9.88366836E-01  2.50000000E-02 -4.03089761E-12 -8.62795122E-12 
     877  9.12500000E+02  5.37500000E+02 -8.81591531E-03  9.97182751E-01  9.88366836E-01  2.50000000E-02 -5.07845096E-12 -6.53384833E-12 
     878  9.37500000E+02  5.37500000E+02 -8.78229413E-01  1.86659625E+00  9.88366836E-01  2.50000000E-02 -3.81806161E-12 -7.79607019E-12 
     879  9.62500000E+02  5.37500000E+02 -3.85030554E-01  1.37339739E+00  9.88366836E-01  2.50000000E-02 -1.21218899E-12 -6.81857356E-12 
     880  9.87500000E+02  5.37500000E+02 -8.45353893E-02  1.07290223E+00  9.88366836E-01  2.50000000E-02  5.24097159E-14 -2.58066306E-12 
     881  1.25000000E+01  5.62500000E+02 -1.14584640E-01  1.10295148E+00  9.88366836E-01  2.50000000E-02  4.63769549E-13  5.35120148E-12 
     882  3.75000000E+01  5.62500000E+02  3.38627184E-01  6.49739652E-01  9.88366836E-01  2.50000000E-02  1.78204645E-12  1.75097725E-12 
     883  6.25000000E+01  5.62500000E+02  8.27180828E-01  1.61186008E-01  9.88366836E-01  2.50000000E-02  4.27202419E-12  4.02408582E-12 
     884  8.75000000E+01  5.62500000E+02  9.65357012E-01  2.30098237E-02  9.88366836E-01  2.50000000E-02  2.45302595E-12  1.00755967E-11 
     885  1.12500000E+02  5.62500000E+02 -3.42052154E-01  1.33041899E+00  9.88366836E-01  2.50000000E-02  4.36374143E-14  1.44248505E-12 
     886  1.37500000E+02  5.62500000E+02 -1.87288199E-01  1.17565504E+00  9.88366836E-01  2.50000000E-02 -6.16470766E-14  5.03243424E-12 
     887  1.62500000E+02  5.62500000E+02 -2.76577068E-01  1.26494390E+00  9.88366836E-01  2.50000000E-02  3.43164938E-13  6.44215437E-12 
     888  1.87500000E+02  5.62500000E+02 -2.84951969E-01  1.27331880E+00  9.88366836E-01  2.50000000E-02  8.48541903E-13  2.37051166E-12 
     889  2.12500000E+02  5.62500000E+02  1.47953431E-01  8.40413405E-01  9.88366836E-01  2.50000000E-02  8.23549056E-13  3.13401391E-12 
     890  2.37500000E+02  5.62500000E+02  3.50708082E-01  6.37658754E-01  9.88366836E-01  2.50000000E-02  9.04920356E-13  1.92585428E-12 
     891  2.62500000E+02  5.62500000E+02 -8.82151087E-01  1.87051792E+00  9.88366836E-01  2.50000000E-02  7.23535983E-13  1.33298800E-12 
     892  2.87500000E+02  5.62500000E+02 -7.49584553E-01  1.73795139E+00  9.88366836E-01  2.50000000E-02  4.40472845E-13  6.31146440E-12 
     893  3.12500000E+02  5.62500000E+02 -3.56986072E-02  1.02406544E+00  9.88366836E-01  2.50000000E-02  1.05433847E-14  1.60033939E-11 
     894  3.37500000E+02  5.62500000E+02  9.40667345E-01  4.76994908E-02  9.88366836E-01  2.50000000E-02 -1.73825028E-12  7.22291048E-12 
     895  3.62500000E+02  5.62500000E+02  7.28689455E-01  2.59677381E-01  9.88366836E-01  2.50000000E-02 -1.94084670E-13  6.29848513E-12 
     896  3.87500000E+02  5.62500000E+02  1.15865431E-01  8.72501405E-01  9.88366836E-01  2.50000000E-02  2.72324412E-13  9.79521528E-12 
     897  4.12500000E+02  5.62500000E+02 -4.70598467E-01  1.45896530E+00  9.88366836E-01  2.50000000E-02  8.11550852E-13  2.28369367E-12 
     898  4.37500000E+02  5.62500000E+02  4.88022134E-01  5.00344702E-01  9.88366836E-01  2.50000000E-02  1.95420738E-12 -4.30990019E-12 
     899  4.62500000E+02  5.62500000E+02 -7.43963884E-01  1.73233072E+00  9.88366836E-01  2.50000000E-02  1.86448007E-12  1.36640003E-12 
     900  4.87500000E+02  5.62500000E+02  8.86257588E-01  1.02109248E-01  9.88366836E-01  2.50000000E-02  7.49120780E-13  1.00254739E-11 
     901  5.12500000E+02  5.62500000E+02  9.75623130E-01  1.27437059E-02  9.88366836E-01  2.50000000E-02 -3.07243338E-12  4.95765913E-12 
     902  5.37500000E+02  5.62500000E+02 -6.54186395E-02  1.05378548E+00  9.88366836E-01  2.50000000E-02 -1.13660404E-12  7.84401713E-13 
     903  5.62500000E+02  5.62500000E+02 -7.77567727E-01  1.76593456E+00  9.88366836E-01  2.50000000E-02 -1.18581393E-12  5.20986540E-13 
     904  5.87500000E+02  5.62500000E+02  9.45151334E-02  8.93851702E-01  9.88366836E-01  2.50000000E-02 -1.30465747E-12  2.61620718E-12 
     905  6.12500000E+02  5.62500000E+02  9.22893731E-02  8.96077463E-01  9.88366836E-01  2.50000000E-02 -1.50373765E-12  2.44331652E-12 
     906  6.37500000E+02  5.62500000E+02  8.11235559E-01  1.77131277E-01  9.88366836E-01  2.50000000E-02 -3.67389752E-12  2.96593839E-12 
     907  6.62500000E+02  5.62500000E+02 -8.91170747E-02  1.07748391E+00  9.88366836E-01  2.50000000E-02 -3.04909212E-12  5.06249983E-12 
     908  6.87500000E+02  5.62500000E+02 -2.66929104E-01  1.25529594E+00  9.88366836E-01  2.50000000E-02 -3.17907787E-12  4.12226070E-12 
     909  7.12500000E+02  5.62500000E+02  2.93419202E-01  6.94947633E-01  9.88366836E-01  2.50000000E-02 -2.82965709E-12 -4.22120972E-12 
     910  7.37500000E+02  5.62500000E+02 -2.95420456E-01  1.28378729E+00  9.88366836E-01  2.50000000E-02 -1.27688715E-12 -6.90288627E-14 
     911  7.62500000E+02  5.62500000E+02 -8.01096706E-01  1.78946354E+00  9.88366836E-01  2.50000000E-02 -1.09842223E-12  1.08749643E-12 
     912  7.87500000E+02  5.62500000E+02  8.40895920E-01  1.47470916E-01  9.88366836E-01  2.50000000E-02 -4.89620444E-12 -2.10049835E-12 
     913  8.12500000E+02  5.62500000E+02 -6.60223018E-01  1.64858985E+00  9.88366836E-01  2.50000000E-02 -4.51560665E-12 -4.22509055E-12 
     914  8.37500000E+02  5.62500000E+02  3.75355603E-01  6.13011232E-01  9.88366836E-01  2.50000000E-02 -4.63523422E-12 -5.22002483E-12 
     915  8.62500000E+02  5.62500000E+02 -4.03301253E-01  1.39166809E+00  9.88366836E-01  2.50000000E-02 -1.32540637E-12 -2.68663593E-12 
     916  8.87500000E+02  5.62500000E+02 -8.82689989E-01  1.87105682E+00  9.88366836E-01  2.50000000E-02 -6.80164030E-13 -9.92782093E-12 
     917  9.12500000E+02  5.62500000E+02  3.13189889E-01  6.75176947E-01  9.88366836E-01  2.50000000E-02 -2.78016907E-12 -6.63440088E-12 
     918  9.37500000E+02  5.62500000E+02 -1.32217871E-01  1.12058471E+00  9.88366836E-01  2.50000000E-02 -1.10612388E-12 -8.41638882E-12 
     919  9.62500000E+02  5.62500000E+02 -7.36039310E-01  1.72440615E+00  9.88366836E-01  2.50000000E-02  1.90624550E-13 -7.13612484E-12 
     920  9.87500000E+02  5.62500000E+02 -9.14987545E-01  1.90335438E+00  9.88366836E-01  2.50000000E-02  1.00786331E-13 -2.55138496E-12 
     921  1.25000000E+01  5.87500000E+02  5.48764479E-01  4.39602357E-01  9.88366836E-01  2.50000000E-02  1.97290040E-13  7.65829756E-12 
     922  3.75000000E+01  5.87500000E+02  8.40809812E-01  1.47557023E-01  9.88366836E-01  2.50000000E-02  1.21816517E-12  5.18988531E-12 
     923  6.25000000E+01  5.87500000E+02 -7.42145942E-02  1.06258143E+00  9.88366836E-01  2.50000000E-02 -4.70508699E-13  1.44002938E-12 
     924  8.75000000E+01  5.87500000E+02 -2.39418201E-01  1.22778504E+00  9.88366836E-01  2.50000000E-02 -9.44197587E-13  3.55439178E-13 
     925  1.12500000E+02  5.87500000E+02  5.81542128E-01  4.06824708E-01  9.88366836E-01  2.50000000E-02 -2.74361809E-12  3.00800796E-12 
     926  1.37500000E+02  5.87500000E+02  8.15503331E-01  1.72863505E-01  9.88366836E-01  2.50000000E-02 -3.35644565E-12  5.12532798E-12 
     927  1.62500000E+02  5.87500000E+02  2.34071098E-01  7.54295738E-01  9.88366836E-01  2.50000000E-02  3.53758722E-13  6.91476953E-12 
     928  1.87500000E+02  5.87500000E+02 -5.13579934E-01  1.50194677E+00  9.88366836E-01  2.50000000E-02  1.09514505E-12  2.16002236E-12 
     929  2.12500000E+02  5.87500000E+02  5.64850116E-01  4.23516720E-01  9.88366836E-01  2.50000000E-02  1.60352353E-12  3.60516535E-12 
     930  2.37500000E+02  5.87500000E+02  6.95866772E-01  2.92500064E-01  9.88366836E-01  2.50000000E-02  7.35674662E-13  2.07643296E-12 
     931  2.62500000E+02  5.87500000E+02  4.21055040E-01  5.67311796E-01  9.88366836E-01  2.50000000E-02 -9.14776479E-13  2.71964460E-12 
     932  2.87500000E+02  5.87500000E+02  3.90903367E-01  5.97463469E-01  9.88366836E-01  2.50000000E-02 -1.32806662E-12  5.37400633E-12 
     933  3.12500000E+02  5.87500000E+02  2.90985599E-01  6.97381237E-01  9.88366836E-01  2.50000000E-02 -8.39890865E-13  1.48304531E-11 
     934  3.37500000E+02  5.87500000E+02  1.88690182E-01  7.99676653E-01  9.88366836E-01  2.50000000E-02 -1.01710872E-12  8.20224186E-13 
     935  3.62500000E+02  5.87500000E+02  4.67830686E-01  5.20536150E-01  9.88366836E-01  2.50000000E-02 -1.98658523E-12  3.44858429E-12 
     936  3.87500000E+02  5.87500000E+02 -2.62553830E-02  1.01462222E+00  9.88366836E-01  2.50000000E-02 -2.37097569E-12  8.26828218E-12 
     937  4.12500000E+02  5.87500000E+02  8.77213955E-01  1.11152881E-01  9.88366836E-01  2.50000000E-02 -5.20802252E-12  4.50515863E-12 
     938  4.37500000E+02  5.87500000E+02 -6.36819589E-01  1.62518642E+00  9.88366836E-01  2.50000000E-02 -4.07195199E-12 -3.62994403E-12 
     939  4.62500000E+02  5.87500000E+02  2.32506691E-01  7.55860145E-01  9.88366836E-01  2.50000000E-02 -4.42596361E-12  1.60753136E-12 
     940  4.87500000E+02  5.87500000E+02 -2.48784872E-01  1.23715171E+00  9.88366836E-01  2.50000000E-02 -4.41343973E-12  1.07920359E-11 
     941  5.12500000E+02  5.87500000E+02 -5.22370654E-01  1.51073749E+00  9.88366836E-01  2.50000000E-02 -4.47970581E-12  1.12426656E-12 
     942  5.37500000E+02  5.87500000E+02 -6.24177793E-01  1.61254463E+00  9.88366836E-01  2.50000000E-02 -4.56829725E-12  8.00301850E-13 
     943  5.62500000E+02  5.87500000E+02 -5.12936838E-01  1.50130367E+00  9.88366836E-01  2.50000000E-02 -4.44976134E-12  2.01963412E-13 
     944  5.87500000E+02  5.87500000E+02 -3.91293652E-01  1.37966049E+00  9.88366836E-01  2.50000000E-02 -4.31575294E-12  2.49785729E-12 
     945  6.12500000E+02  5.87500000E+02 -2.39706493E-01  1.22807333E+00  9.88366836E-01  2.50000000E-02 -3.68190907E-12  1.93139225E-12 
     946  6.37500000E+02  5.87500000E+02 -2.70095115E-01  1.25846195E+00  9.88366836E-01  2.50000000E-02 -3.45220043E-12  5.03744643E-13 
     947  6.62500000E+02  5.87500000E+02 -1.52645767E-01  1.14101260E+00  9.88366836E-01  2.50000000E-02 -3.95973406E-12  3.97701401E-12 
     948  6.87500000E+02  5.87500000E+02  6.09920179E-01  3.78446656E-01  9.88366836E-01  2.50000000E-02 -5.89571775E-12  5.78357164E-12 
     949  7.12500000E+02  5.87500000E+02  2.96242300E-01  6.92124536E-01  9.88366836E-01  2.50000000E-02 -4.42988609E-12 -4.40639693E-12 
     950  7.37500000E+02  5.87500000E+02 -7.63312843E-01  1.75167968E+00  9.88366836E-01  2.50000000E-02 -2.16119442E-12 -9.65317666E-14 
     951  7.62500000E+02  5.87500000E+02 -8.61664926E-01  1.85003176E+00  9.88366836E-01  2.50000000E-02 -1.97980428E-12  6.99392903E-13 
     952  7.87500000E+02  5.87500000E+02  7.90965086E-01  1.97401750E-01  9.88366836E-01  2.50000000E-02 -7.44939799E-12 -2.18250412E-12 
     953  8.12500000E+02  5.87500000E+02  3.82152086E-01  6.06214750E-01  9.88366836E-01  2.50000000E-02 -7.13350846E-12 -1.86175111E-12 
     954  8.37500000E+02  5.87500000E+02 -4.09702057E-01  1.39806889E+00  9.88366836E-01  2.50000000E-02 -5.10220262E-12 -1.89526982E-12 
     955  8.62500000E+02  5.87500000E+02 -3.98703818E-01  1.38707065E+00  9.88366836E-01  2.50000000E-02 -5.38525402E-12 -4.06424183E-12 
     956  8.87500000E+02  5.87500000E+02  8.83761814E-01  1.04605022E-01  9.88366836E-01  2.50000000E-02 -3.77662928E-13 -9.30462107E-11 
     957  9.12500000E+02  5.87500000E+02  6.21648804E-01  3.66718032E-01  9.88366836E-01  2.50000000E-02  1.23316609E-11 -5.98151735E-12 
     958  9.37500000E+02  5.87500000E+02 -6.34674977E-01  1.62304181E+00  9.88366836E-01  2.50000000E-02  6.27111601E-12 -9.76115500E-12 
     959  9.62500000E+02  5.87500000E+02  6.58150002E-02  9.22551836E-01  9.88366836E-01  2.50000000E-02  5.51043309E-12 -8.90054040E-12 
     960  9.87500000E+02  5.87500000E+02  6.34963127E-01  3.53403708E-01  9.88366836E-01  2.50000000E-02  1.83115283E-12 -4.09862819E-12 
     961  1.25000000E+01  6.12500000E+02  3.03453320E-01  6.84913516E-01  9.88366836E-01  2.50000000E-02  3.83204435E-14  5.19070392E-12 
     962  3.75000000E+01  6.12500000E+02 -5.37321985E-02  1.04209903E+00  9.88366836E-01  2.50000000E-02 -1.53060834E-13  1.35002832E-12 
     963  6.25000000E+01  6.12500000E+02 -3.05673691E-01  1.29404053E+00  9.88366836E-01  2.50000000E-02 -5.79786539E-14  1.19954668E-12 
     964  8.75000000E+01  6.12500000E+02 -2.61743157E-01  1.25010999E+00  9.88366836E-01  2.50000000E-02 -1.56131214E-14  4.54771555E-13 
     965  1.12500000E+02  6.12500000E+02  8.15419797E-01  1.72947039E-01  9.88366836E-01  2.50000000E-02 -3.01483913E-12  2.87632291E-12 
     966  1.37500000E+02  6.12500000E+02 -7.44647963E-01  1.73301480E+00  9.88366836E-01  2.50000000E-02 -5.52262197E-12  1.71075670E-12 
     967  1.62500000E+02  6.12500000E+02  5.29176109E-01  4.59190726E-01  9.88366836E-01  2.50000000E-02 -4.92344016E-12  6.42157619E-12 
     968  1.87500000E+02  6.12500000E+02  1.64077824E-01  8.24289012E-01  9.88366836E-01  2.50000000E-02 -1.33437162E-12  2.52088471E-12 
     969  2.12500000E+02  6.12500000E+02 -5.50158379E-01  1.53852522E+00  9.88366836E-01  2.50000000E-02 -1.60424953E-13  3.53328122E-12 
     970  2.37500000E+02  6.12500000E+02 -9.02006140E-01  1.89037298E+00  9.88366836E-01  2.50000000E-02 -1.81365065E-13  7.39127722E-13 
     971  2.62500000E+02  6.12500000E+02  2.99165750E-01  6.89201086E-01  9.88366836E-01  2.50000000E-02 -9.01688119E-13  3.36476059E-12 
     972  2.87500000E+02  6.12500000E+02 -8.96736737E-01  1.88510357E+00  9.88366836E-01  2.50000000E-02 -2.20983698E-12  3.58172795E-12 
     973  3.12500000E+02  6.12500000E+02  1.61556385E-02  9.72211197E-01  9.88366836E-01  2.50000000E-02 -3.15717022E-12  1.22880155E-11 
     974  3.37500000E+02  6.12500000E+02 -2.51029848E-03  9.90877134E-01  9.88366836E-01  2.50000000E-02 -3.44799457E-12  7.56514384E-13 
     975  3.62500000E+02  6.12500000E+02 -1.47085750E-01  1.13545259E+00  9.88366836E-01  2.50000000E-02 -3.03728225E-12  1.41932673E-12 
     976  3.87500000E+02  6.12500000E+02 -5.05318059E-01  1.49368490E+00  9.88366836E-01  2.50000000E-02 -3.20965152E-12  5.41150154E-12 
     977  4.12500000E+02  6.12500000E+02  5.62001394E-01  4.26365441E-01  9.88366836E-01  2.50000000E-02 -5.79406939E-12  1.05539517E-12 
     978  4.37500000E+02  6.12500000E+02  7.35463960E-01  2.52902876E-01  9.88366836E-01  2.50000000E-02 -9.00260491E-12 -4.63065456E-13 
     979  4.62500000E+02  6.12500000E+02 -4.48297505E-01  1.43666434E+00  9.88366836E-01  2.50000000E-02 -1.13125700E-11  1.15119267E-12 
     980  4.87500000E+02  6.12500000E+02  7.97431476E-01  1.90935360E-01  9.88366836E-01  2.50000000E-02 -1.24806633E-11  9.94560319E-12 
     981  5.12500000E+02  6.12500000E+02 -6.28015485E-01  1.61638232E+00  9.88366836E-01  2.50000000E-02 -1.20343041E-11  6.89840112E-13 
     982  5.37500000E+02  6.12500000E+02  8.77500396E-01  1.10866440E-01  9.88366836E-01  2.50000000E-02 -1.05149239E-11 -9.35020829E-13 
     983  5.62500000E+02  6.12500000E+02 -2.13074037E-01  1.20144087E+00  9.88366836E-01  2.50000000E-02 -5.11925949E-12  6.28011343E-14 
     984  5.87500000E+02  6.12500000E+02  6.01599391E-01  3.86767445E-01  9.88366836E-01  2.50000000E-02 -4.80966210E-12  1.58192640E-12 
     985  6.12500000E+02  6.12500000E+02  7.52456020E-01  2.35910816E-01  9.88366836E-01  2.50000000E-02 -5.49233047E-12  1.08235423E-12 
     986  6.37500000E+02  6.12500000E+02 -6.78948890E-01  1.66731573E+00  9.88366836E-01  2.50000000E-02 -3.46255521E-12  1.46729656E-12 
     987  6.62500000E+02  6.12500000E+02 -3.99877109E-01  1.38824394E+00  9.88366836E-01  2.50000000E-02 -3.33760607E-12  2.77157730E-12 
     988  6.87500000E+02  6.12500000E+02  4.94103848E-01  4.94262988E-01  9.88366836E-01  2.50000000E-02 -4.46851110E-12  6.19871057E-12 
     989  7.12500000E+02  6.12500000E+02 -8.35357542E-01  1.82372438E+00  9.88366836E-01  2.50000000E-02 -3.59236274E-12 -4.03290115E-12 
     990  7.37500000E+02  6.12500000E+02 -1.75286905E-01  1.16365374E+00  9.88366836E-01  2.50000000E-02 -3.48313897E-12 -7.12774830E-13 
     991  7.62500000E+02  6.12500000E+02  8.28031203E-01  1.60335632E-01  9.88366836E-01  2.50000000E-02 -1.40000566E-11 -2.60955179E-12 
     992  7.87500000E+02  6.12500000E+02  5.71861485E-01  4.16505351E-01  9.88366836E-01  2.50000000E-02 -1.36484445E-11  3.75344783E-12 
     993  8.12500000E+02  6.12500000E+02 -4.06956404E-01  1.39532324E+00  9.88366836E-01  2.50000000E-02 -9.87994182E-12  6.01886917E-12 
     994  8.37500000E+02  6.12500000E+02 -9.24495417E-01  1.91286225E+00  9.88366836E-01  2.50000000E-02 -1.21249779E-11 -1.66681612E-12 
     995  8.62500000E+02  6.12500000E+02  6.60746527E-01  3.27620308E-01  9.88366836E-01  2.50000000E-02 -3.64718337E-11 -6.21746631E-12 
     996  8.87500000E+02  6.12500000E+02  9.95587154E-01  4.37910562E-08  9.95587198E-01  2.50000000E-02 -2.50121503E-12 -1.66999845E-12 
     997  9.12500000E+02  6.12500000E+02 -7.59677557E-01  1.74804439E+00  9.88366836E-01  2.50000000E-02  6.96403156E-12  4.19186527E-12 
     998  9.37500000E+02  6.12500000E+02 -4.27104154E-01  1.41547099E+00  9.88366836E-01  2.50000000E-02  6.74028249E-12 -8.81374229E-12 
     999  9.62500000E+02  6.12500000E+02  4.11357170E-01  5.77009666E-01  9.88366836E-01  2.50000000E-02  4.09309316E-12 -6.44473823E-12 
    1000  9.87500000E+02  6.12500000E+02 -6.48242668E-01  1.63660950E+00  9.88366836E-01  2.50000000E-02  3.96671612E-13 -2.92134394E-13 
    1001  1.25000000E+01  6.37500000E+02 -9.40392861E-01  1.92875970E+00  9.88366836E-01  2.50000000E-02  2.45800417E-13  4.56695336E-12 
    1002  3.75000000E+01  6.37500000E+02  2.92199058E-01  6.96167777E-01  9.88366836E-01  2.50000000E-02  1.31439076E-12  1.24238630E-12 
    1003  6.25000000E+01  6.37500000E+02  4.03752741E-01  5.84614095E-01  9.88366836E-01  2.50000000E-02  1.21679639E-12  1.15236328E-12 
    1004  8.75000000E+01  6.37500000E+02 -9.40355357E-01  1.92872219E+00  9.88366836E-01  2.50000000E-02  5.13051490E-13  6.11330570E-13 
    1005  1.12500000E+02  6.37500000E+02 -6.69036089E-01  1.65740292E+00  9.88366836E-01  2.50000000E-02  2.77570870E-13  8.34280189E-13 
    1006  1.37500000E+02  6.37500000E+02 -6.30592728E-01  1.61895956E+00  9.88366836E-01  2.50000000E-02  2.64799710E-13  1.52462415E-12 
    1007  1.62500000E+02  6.37500000E+02 -5.73665813E-01  1.56203265E+00  9.88366836E-01  2.50000000E-02  3.46089120E-13  2.29073061E-12 
    1008  1.87500000E+02  6.37500000E+02  9.74206108E-01  1.41607277E-02  9.88366836E-01  2.50000000E-02 -1.13331523E-11  1.28139097E-11 
    1009  2.12500000E+02  6.37500000E+02  5.58623786E-01  4.29743049E-01  9.88366836E-01  2.50000000E-02 -3.69431799E-12  4.45378924E-12 
    1010  2.37500000E+02  6.37500000E+02  1.43151761E-01  8.45215074E-01  9.88366836E-01  2.50000000E-02 -3.67980444E-12  1.40242854E-12 
    1011  2.62500000E+02  6.37500000E+02 -2.12071154E-01  1.20043799E+00  9.88366836E-01  2.50000000E-02 -4.62642537E-12  4.04401969E-12 
    1012  2.87500000E+02  6.37500000E+02 -4.21580013E-01  1.40994685E+00  9.88366836E-01  2.50000000E-02 -5.53291872E-12  3.48156457E-12 
    1013  3.12500000E+02  6.37500000E+02 -2.69652413E-01  1.25801925E+00  9.88366836E-01  2.50000000E-02 -5.84612210E-12  1.10863212E-11 
    1014  3.37500000E+02  6.37500000E+02  9.34500156E-01  5.38666796E-02  9.88366836E-01  2.50000000E-02 -3.81587356E-12 -3.32823358E-13 
    1015  3.62500000E+02  6.37500000E+02 -8.15144883E-01  1.80351172E+00  9.88366836E-01  2.50000000E-02 -7.72797117E-13  1.44708052E-12 
    1016  3.87500000E+02  6.37500000E+02 -4.06610623E-01  1.39497746E+00  9.88366836E-01  2.50000000E-02 -4.94613920E-13  4.51075840E-12 
    1017  4.12500000E+02  6.37500000E+02  3.49140391E-01  6.39226445E-01  9.88366836E-01  2.50000000E-02 -1.56592033E-13  8.37064859E-13 
    1018  4.37500000E+02  6.37500000E+02 -2.34497289E-01  1.22286412E+00  9.88366836E-01  2.50000000E-02 -6.85182999E-13  3.64643558E-13 
    1019  4.62500000E+02  6.37500000E+02 -6.23537321E-01  1.61190416E+00  9.88366836E-01  2.50000000E-02 -8.92137302E-13  6.67555507E-13 
    1020  4.87500000E+02  6.37500000E+02  6.91516761E-01  2.96850074E-01  9.88366836E-01  2.50000000E-02 -2.77299596E-12  6.58810836E-12 
    1021  5.12500000E+02  6.37500000E+02 -6.90845646E-01  1.67921248E+00  9.88366836E-01  2.50000000E-02 -1.69493875E-12  7.55030177E-13 
    1022  5.37500000E+02  6.37500000E+02 -6.34222063E-01  1.62258890E+00  9.88366836E-01  2.50000000E-02 -1.56880134E-12 -2.73199077E-12 
    1023  5.62500000E+02  6.37500000E+02  4.58383699E-01  5.29983137E-01  9.88366836E-01  2.50000000E-02 -1.52488235E-12  5.98379058E-13 
    1024  5.87500000E+02  6.37500000E+02 -3.65768581E-01  1.35413542E+00  9.88366836E-01  2.50000000E-02 -1.01844732E-12  1.15973968E-12 
    1025  6.12500000E+02  6.37500000E+02 -6.90980806E-01  1.67934764E+00  9.88366836E-01  2.50000000E-02 -8.61828757E-13  4.81227488E-14 
    1026  6.37500000E+02  6.37500000E+02 -6.60668753E-01  1.64903559E+00  9.88366836E-01  2.50000000E-02 -9.46415682E-13  2.24315188E-12 
    1027  6.62500000E+02  6.37500000E+02  9.10784558E-01  7.75822781E-02  9.88366836E-01  2.50000000E-02 -1.46575047E-11  2.08450646E-12 
    1028  6.87500000E+02  6.37500000E+02 -3.34732112E-01  1.32309895E+00  9.88366836E-01  2.50000000E-02 -1.80084317E-11  1.05723447E-11 
    1029  7.12500000E+02  6.37500000E+02  2.61776502E-01  7.26590334E-01  9.88366836E-01  2.50000000E-02 -1.87241710E-11 -2.97639930E-12 
    1030  7.37500000E+02  6.37500000E+02 -2.93455060E-01  1.28182190E+00  9.88366836E-01  2.50000000E-02 -2.08354819E-11 -1.73504507E-12 
    1031  7.62500000E+02  6.37500000E+02  3.10672546E-01  6.77694289E-01  9.88366836E-01  2.50000000E-02 -2.19495578E-11 -1.43241831E-12 
    1032  7.87500000E+02  6.37500000E+02  2.80939941E-01  7.07426895E-01  9.88366836E-01  2.50000000E-02 -2.16218940E-11  3.35683207E-12 
    1033  8.12500000E+02  6.37500000E+02  3.32255791E-01  6.56111045E-01  9.88366836E-01  2.50000000E-02 -2.31064462E-11  9.86599856E-12 
    1034  8.37500000E+02  6.37500000E+02  6.39458614E-01  3.48908222E-01  9.88366836E-01  2.50000000E-02 -2.47967376E-11 -1.04572344E-11 
    1035  8.62500000E+02  6.37500000E+02  6.53592954E-01  3.34773882E-01  9.88366836E-01  2.50000000E-02 -1.66776460E-11 -2.05818893E-12 
    1036  8.87500000E+02  6.37500000E+02 -7.00726285E-01  1.68909312E+00  9.88366836E-01  2.50000000E-02 -5.25306697E-13  1.02913722E-11 
    1037  9.12500000E+02  6.37500000E+02 -4.87372950E-01  1.47573979E+00  9.88366836E-01  2.50000000E-02  6.52807178E-13  5.11099572E-12 
    1038  9.37500000E+02  6.37500000E+02 -5.92334440E-02  1.04760028E+00  9.88366836E-01  2.50000000E-02  5.42351542E-13 -7.15195195E-12 
    1039  9.62500000E+02  6.37500000E+02 -7.99537434E-01  1.78790427E+00  9.88366836E-01  2.50000000E-02  2.42901077E-13 -3.91452389E-12 
    1040  9.87500000E+02  6.37500000E+02 -5.07206554E-02  1.03908749E+00  9.88366836E-01  2.50000000E-02  9.44415038E-14  1.47229082E-13 
    1041  1.25000000E+01  6.62500000E+02  7.21507143E-01  2.66859693E-01  9.88366836E-01  2.50000000E-02  2.61525210E-14  5.70184227E-12 
    1042  3.75000000E+01  6.62500000E+02  5.28989000E-01  4.59377836E-01  9.88366836E-01  2.50000000E-02 -2.81547573E-13  1.52414886E-12 
    1043  6.25000000E+01  6.62500000E+02  6.53154362E-01  3.35212474E-01  9.88366836E-01  2.50000000E-02 -5.87231577E-13  9.55601301E-13 
    1044  8.75000000E+01  6.62500000E+02  1.68424251E-01  8.19942585E-01  9.88366836E-01  2.50000000E-02 -9.61460965E-13  9.21294224E-13 
    1045  1.12500000E+02  6.62500000E+02  1.44999953E-01  8.43366883E-01  9.88366836E-01  2.50000000E-02 -1.10115886E-12  5.81205362E-13 
    1046  1.37500000E+02  6.62500000E+02 -5.02182718E-01  1.49054955E+00  9.88366836E-01  2.50000000E-02 -9.31082287E-13  1.42814493E-12 
    1047  1.62500000E+02  6.62500000E+02 -5.26667734E-01  1.51503457E+00  9.88366836E-01  2.50000000E-02 -8.36538656E-13  1.44932278E-12 
    1048  1.87500000E+02  6.62500000E+02  9.41039388E-01  4.73274482E-02  9.88366836E-01  2.50000000E-02 -3.52443386E-12  3.12151969E-12 
    1049  2.12500000E+02  6.62500000E+02  1.10856106E-01  8.77510730E-01  9.88366836E-01  2.50000000E-02 -3.20090429E-12  4.68840621E-12 
    1050  2.37500000E+02  6.62500000E+02  3.92237814E-01  5.96129022E-01  9.88366836E-01  2.50000000E-02 -3.09047025E-12  2.68302733E-12 
    1051  2.62500000E+02  6.62500000E+02 -2.56877494E-01  1.24524433E+00  9.88366836E-01  2.50000000E-02 -2.39049886E-12  4.50837158E-12 
    1052  2.87500000E+02  6.62500000E+02 -8.93025048E-01  1.88139188E+00  9.88366836E-01  2.50000000E-02 -2.17410901E-12  3.70030525E-12 
    1053  3.12500000E+02  6.62500000E+02  7.04383125E-01  2.83983711E-01  9.88366836E-01  2.50000000E-02 -1.63599245E-12  1.04654270E-11 
    1054  3.37500000E+02  6.62500000E+02 -6.20474723E-01  1.60884156E+00  9.88366836E-01  2.50000000E-02 -1.96732045E-13 -4.10715093E-13 
    1055  3.62500000E+02  6.62500000E+02  2.15328870E-01  7.73037966E-01  9.88366836E-01  2.50000000E-02  3.58932517E-14  2.00886921E-12 
    1056  3.87500000E+02  6.62500000E+02  1.03280951E-01  8.85085884E-01  9.88366836E-01  2.50000000E-02  3.33921558E-13  4.64644637E-12 
    1057  4.12500000E+02  6.62500000E+02 -9.20204754E-01  1.90857159E+00  9.88366836E-01  2.50000000E-02  4.67261561E-13  8.83060967E-13 
    1058  4.37500000E+02  6.62500000E+02  8.34153607E-01  1.54213229E-01  9.88366836E-01  2.50000000E-02 -1.72709937E-12  1.59739595E-12 
    1059  4.62500000E+02  6.62500000E+02 -6.17011257E-01  1.60537809E+00  9.88366836E-01  2.50000000E-02 -1.62264144E-12  8.43101502E-13 
    1060  4.87500000E+02  6.62500000E+02 -1.11500883E-01  1.09986772E+00  9.88366836E-01  2.50000000E-02 -2.26200617E-12  3.01506755E-12 
    1061  5.12500000E+02  6.62500000E+02 -4.38547116E-01  1.42691395E+00  9.88366836E-01  2.50000000E-02 -2.74072236E-12  1.17124194E-12 
    1062  5.37500000E+02  6.62500000E+02  1.24881031E-01  8.63485805E-01  9.88366836E-01  2.50000000E-02 -2.49480622E-12 -3.81801388E-12 
    1063  5.62500000E+02  6.62500000E+02  8.88143054E-01  1.00223782E-01  9.88366836E-01  2.50000000E-02 -4.28079399E-12 -3.45692941E-13 
    1064  5.87500000E+02  6.62500000E+02  7.56693025E-01  2.31673811E-01  9.88366836E-01  2.50000000E-02 -3.03289667E-12  1.83367550E-12 
    1065  6.12500000E+02  6.62500000E+02 -5.59181623E-01  1.54754846E+00  9.88366836E-01  2.50000000E-02 -1.19361410E-12  1.76619455E-13 
    1066  6.37500000E+02  6.62500000E+02 -2.36502072E-01  1.22486891E+00  9.88366836E-01  2.50000000E-02 -1.17012375E-12  2.53096612E-12 
    1067  6.62500000E+02  6.62500000E+02  7.69975015E-01  2.18391821E-01  9.88366836E-01  2.50000000E-02 -2.66724768E-12  1.26051925E-12 
    1068  6.87500000E+02  6.62500000E+02 -2.62419045E-01  1.25078588E+00  9.88366836E-01  2.50000000E-02 -3.86223085E-13  1.18082392E-11 
    1069  7.12500000E+02  6.62500000E+02 -7.47798696E-01  1.73616553E+00  9.88366836E-01  2.50000000E-02 -4.55693610E-13 -2.70403936E-12 
    1070  7.37500000E+02  6.62500000E+02  7.17758291E-01  2.70608545E-01  9.88366836E-01  2.50000000E-02 -3.18450523E-12 -3.94208278E-12 
    1071  7.62500000E+02  6.62500000E+02 -2.70231324E-01  1.25859816E+00  9.88366836E-01  2.50000000E-02 -1.44877993E-12 -7.28932107E-13 
    1072  7.87500000E+02  6.62500000E+02 -6.08207114E-01  1.59657395E+00  9.88366836E-01  2.50000000E-02 -1.83945722E-12  1.46082230E-12 
    1073  8.12500000E+02  6.62500000E+02  6.27633483E-01  3.60733353E-01  9.88366836E-01  2.50000000E-02 -7.00091228E-12  7.36046512E-12 
    1074  8.37500000E+02  6.62500000E+02  3.77482458E-01  6.10884378E-01  9.88366836E-01  2.50000000E-02 -6.30343094E-12 -1.37729885E-11 
    1075  8.62500000E+02  6.62500000E+02 -7.49113139E-01  1.73747997E+00  9.88366836E-01  2.50000000E-02  2.11507862E-12 -7.18474353E-12 
    1076  8.87500000E+02  6.62500000E+02 -4.20707946E-01  1.40907478E+00  9.88366836E-01  2.50000000E-02  5.69551669E-12  1.11929266E-11 
    1077  9.12500000E+02  6.62500000E+02 -5.96752387E-01  1.58511922E+00  9.88366836E-01  2.50000000E-02  7.27968161E-12  5.61445729E-12 
    1078  9.37500000E+02  6.62500000E+02 -6.47407324E-01  1.63577416E+00  9.88366836E-01  2.50000000E-02  6.77849378E-12 -6.62494493E-12 
    1079  9.62500000E+02  6.62500000E+02  1.30377829E-01  8.57989007E-01  9.88366836E-01  2.50000000E-02  3.45846709E-12 -3.00224575E-12 
    1080  9.87500000E+02  6.62500000E+02 -1.42309912E-01  1.13067675E+00  9.88366836E-01  2.50000000E-02  6.77021025E-13  7.06498439E-13 
    1081  1.25000000E+01  6.87500000E+02 -3.07977107E-01  1.29634394E+00  9.88366836E-01  2.50000000E-02 -4.00154092E-13  3.17395521E-12 
    1082  3.75000000E+01  6.87500000E+02 -5.64544706E-02  1.04482131E+00  9.88366836E-01  2.50000000E-02 -1.30312732E-12  7.95164884E-13 
    1083  6.25000000E+01  6.87500000E+02  5.18945662E-01  4.69421173E-01  9.88366836E-01  2.50000000E-02 -2.59478569E-12  7.06686123E-13 
    1084  8.75000000E+01  6.87500000E+02 -6.36454859E-01  1.62482170E+00  9.88366836E-01  2.50000000E-02 -2.22776940E-12  2.23726161E-12 
    1085  1.12500000E+02  6.87500000E+02 -6.85283209E-01  1.67365004E+00  9.88366836E-01  2.50000000E-02 -2.45958543E-12  7.07292976E-13 
    1086  1.37500000E+02  6.87500000E+02 -9.97720077E-01  1.98608691E+00  9.88366836E-01  2.50000000E-02 -2.97698636E-12  1.50742979E-12 
    1087  1.62500000E+02  6.87500000E+02 -3.34496651E-01  1.32286349E+00  9.88366836E-01  2.50000000E-02 -3.25589843E-12  1.07361837E-12 
    1088  1.87500000E+02  6.87500000E+02 -1.78130384E-01  1.16649722E+00  9.88366836E-01  2.50000000E-02 -3.89768643E-12  1.91596173E-12 
    1089  2.12500000E+02  6.87500000E+02 -9.12266154E-01  1.90063299E+00  9.88366836E-01  2.50000000E-02 -4.40579082E-12  4.07649723E-12 
    1090  2.37500000E+02  6.87500000E+02 -5.41857218E-01  1.53022405E+00  9.88366836E-01  2.50000000E-02 -4.72265595E-12  1.39170855E-12 
    1091  2.62500000E+02  6.87500000E+02 -3.64935538E-01  1.35330237E+00  9.88366836E-01  2.50000000E-02 -5.75795552E-12  3.91742917E-12 
    1092  2.87500000E+02  6.87500000E+02  1.14057330E-01  8.74309506E-01  9.88366836E-01  2.50000000E-02 -6.74190247E-12  3.33227822E-12 
    1093  3.12500000E+02  6.87500000E+02  5.99342883E-02  9.28432548E-01  9.88366836E-01  2.50000000E-02 -6.58461226E-12  8.50907439E-12 
    1094  3.37500000E+02  6.87500000E+02 -6.29059867E-01  1.61742670E+00  9.88366836E-01  2.50000000E-02 -5.45137615E-12  4.45598678E-14 
    1095  3.62500000E+02  6.87500000E+02 -5.54513131E-01  1.54287997E+00  9.88366836E-01  2.50000000E-02 -5.47386023E-12  1.10797620E-12 
    1096  3.87500000E+02  6.87500000E+02 -2.96395410E-01  1.28476225E+00  9.88366836E-01  2.50000000E-02 -5.67721171E-12  4.42186192E-12 
    1097  4.12500000E+02  6.87500000E+02 -1.48470216E-01  1.13683705E+00  9.88366836E-01  2.50000000E-02 -5.33599562E-12  8.78725538E-13 
    1098  4.37500000E+02  6.87500000E+02  7.59800929E-03  9.80768826E-01  9.88366836E-01  2.50000000E-02 -5.93181931E-12  1.46146757E-12 
    1099  4.62500000E+02  6.87500000E+02 -6.08590634E-01  1.59695747E+00  9.88366836E-01  2.50000000E-02 -5.73448084E-12  1.45617837E-12 
    1100  4.87500000E+02  6.87500000E+02 -3.69620645E-01  1.35798748E+00  9.88366836E-01  2.50000000E-02 -6.26966142E-12  1.61151246E-12 
    1101  5.12500000E+02  6.87500000E+02  3.46211414E-01  6.42155422E-01  9.88366836E-01  2.50000000E-02 -9.05927050E-12  8.03518043E-13 
    1102  5.37500000E+02  6.87500000E+02 -2.26452086E-01  1.21481892E+00  9.88366836E-01  2.50000000E-02 -7.91301175E-12 -4.07852711E-12 
    1103  5.62500000E+02  6.87500000E+02 -5.15429995E-02  1.03990984E+00  9.88366836E-01  2.50000000E-02 -7.62627258E-12 -1.62996214E-12 
    1104  5.87500000E+02  6.87500000E+02  2.08717471E-01  7.79649365E-01  9.88366836E-01  2.50000000E-02 -8.62355135E-12  1.32373549E-12 
    1105  6.12500000E+02  6.87500000E+02 -4.30792963E-01  1.41915980E+00  9.88366836E-01  2.50000000E-02 -9.62879812E-12 -6.58792237E-15 
    1106  6.37500000E+02  6.87500000E+02  4.02911505E-01  5.85455331E-01  9.88366836E-01  2.50000000E-02 -1.08433689E-11  3.43948768E-12 
    1107  6.62500000E+02  6.87500000E+02  1.26154343E-01  8.62212493E-01  9.88366836E-01  2.50000000E-02 -1.00526799E-11  1.42572699E-12 
    1108  6.87500000E+02  6.87500000E+02 -1.71976768E-01  1.16034360E+00  9.88366836E-01  2.50000000E-02 -9.85684494E-12  1.05198374E-11 
    1109  7.12500000E+02  6.87500000E+02  5.64254654E-01  4.24112182E-01  9.88366836E-01  2.50000000E-02 -1.12289789E-11 -4.49322848E-12 
    1110  7.37500000E+02  6.87500000E+02 -1.49038884E-01  1.13740572E+00  9.88366836E-01  2.50000000E-02 -6.17005968E-12 -1.10472456E-12 
    1111  7.62500000E+02  6.87500000E+02 -3.60254336E-01  1.34862117E+00  9.88366836E-01  2.50000000E-02 -4.69494415E-12 -4.40540980E-13 
    1112  7.87500000E+02  6.87500000E+02 -7.85771987E-01  1.77413882E+00  9.88366836E-01  2.50000000E-02 -4.78614736E-12  7.90739413E-13 
    1113  8.12500000E+02  6.87500000E+02  4.57362621E-01  5.31004215E-01  9.88366836E-01  2.50000000E-02 -7.72765285E-12  6.55577418E-12 
    1114  8.37500000E+02  6.87500000E+02  6.66470773E-01  3.21896063E-01  9.88366836E-01  2.50000000E-02 -1.14824888E-11 -1.88079965E-11 
    1115  8.62500000E+02  6.87500000E+02 -7.72833755E-01  1.76120059E+00  9.88366836E-01  2.50000000E-02  9.35759113E-14 -7.08695600E-12 
    1116  8.87500000E+02  6.87500000E+02  2.32845507E-01  7.55521328E-01  9.88366836E-01  2.50000000E-02  3.57061837E-12  1.32675572E-11 
    1117  9.12500000E+02  6.87500000E+02  2.12036995E-01  7.76329841E-01  9.88366836E-01  2.50000000E-02  3.88990025E-12  8.02999247E-12 
    1118  9.37500000E+02  6.87500000E+02  7.93162657E-01  1.95204178E-01  9.88366836E-01  2.50000000E-02  3.38174415E-12  3.97246042E-14 
    1119  9.62500000E+02  6.87500000E+02  7.35826877E-01  2.52539959E-01  9.88366836E-01  2.50000000E-02 -4.75257623E-13  1.78454146E-13 
    1120  9.87500000E+02  6.87500000E+02 -1.15334343E-01  1.10370118E+00  9.88366836E-01  2.50000000E-02 -1.49541613E-13  1.41059458E-12 
    1121  1.25000000E+01  7.12500000E+02  2.12525782E-01  7.75841053E-01  9.88366836E-01  2.50000000E-02 -2.18114994E-14  2.62426501E-12 
    1122  3.75000000E+01  7.12500000E+02 -1.04713308E-02  9.98838167E-01  9.88366836E-01  2.50000000E-02 -4.07772875E-14  4.38920168E-13 
    1123  6.25000000E+01  7.12500000E+02  9.76343073E-01  1.20237626E-02  9.88366836E-01  2.50000000E-02 -3.69473088E-12  2.91716487E-12 
    1124  8.75000000E+01  7.12500000E+02  5.34586808E-02  9.34908155E-01  9.88366836E-01  2.50000000E-02 -1.29623902E-12  3.57756207E-12 
    1125  1.12500000E+02  7.12500000E+02 -8.52450590E-01  1.84081743E+00  9.88366836E-01  2.50000000E-02 -1.29442899E-12  8.95183835E-13 
    1126  1.37500000E+02  7.12500000E+02 -9.64945501E-03  9.98016291E-01  9.88366836E-01  2.50000000E-02 -1.35039903E-12  1.69558958E-12 
    1127  1.62500000E+02  7.12500000E+02  7.74196494E-01  2.14170341E-01  9.88366836E-01  2.50000000E-02 -2.41311694E-12  2.21819041E-12 
    1128  1.87500000E+02  7.12500000E+02  2.29713840E-01  7.58652995E-01  9.88366836E-01  2.50000000E-02 -2.40315585E-12  2.83421194E-12 
    1129  2.12500000E+02  7.12500000E+02 -2.32188020E-01  1.22055486E+00  9.88366836E-01  2.50000000E-02 -1.84626581E-12  3.94336853E-12 
    1130  2.37500000E+02  7.12500000E+02 -9.98114426E-01  1.98648126E+00  9.88366836E-01  2.50000000E-02 -1.47820639E-12  1.54143167E-12 
    1131  2.62500000E+02  7.12500000E+02 -9.56243896E-01  1.94461073E+00  9.88366836E-01  2.50000000E-02 -1.28153693E-12  3.30740235E-12 
    1132  2.87500000E+02  7.12500000E+02 -2.02079740E-01  1.19044658E+00  9.88366836E-01  2.50000000E-02 -1.10077304E-12  2.61542752E-12 
    1133  3.12500000E+02  7.12500000E+02  6.56841777E-01  3.31525058E-01  9.88366836E-01  2.50000000E-02 -1.22537328E-12  6.84684931E-12 
    1134  3.37500000E+02  7.12500000E+02 -4.28067939E-01  1.41643477E+00  9.88366836E-01  2.50000000E-02 -3.56438676E-14  6.22837290E-13 
    1135  3.62500000E+02  7.12500000E+02 -5.78451388E-01  1.56681822E+00  9.88366836E-01  2.50000000E-02  1.96127420E-14  9.58464627E-13 
    1136  3.87500000E+02  7.12500000E+02  6.96919818E-01  2.91447018E-01  9.88366836E-01  2.50000000E-02 -3.72323440E-13  4.93611575E-12 
    1137  4.12500000E+02  7.12500000E+02  6.88016199E-01  3.00350637E-01  9.88366836E-01  2.50000000E-02 -8.98323539E-13  1.09210215E-12 
    1138  4.37500000E+02  7.12500000E+02  4.50937987E-01  5.37428849E-01  9.88366836E-01  2.50000000E-02 -1.53570302E-12  1.63062864E-12 
    1139  4.62500000E+02  7.12500000E+02 -8.72638106E-01  1.86100494E+00  9.88366836E-01  2.50000000E-02 -9.00534347E-13  1.90049487E-12 
    1140  4.87500000E+02  7.12500000E+02 -4.72261166E-01  1.46062800E+00  9.88366836E-01  2.50000000E-02 -1.00524935E-12  7.59019968E-13 
    1141  5.12500000E+02  7.12500000E+02  7.11608422E-01  2.76758413E-01  9.88366836E-01  2.50000000E-02 -4.95297456E-12  1.38190856E-12 
    1142  5.37500000E+02  7.12500000E+02  1.36578061E-01  8.51788774E-01  9.88366836E-01  2.50000000E-02 -5.54736836E-12 -2.97730853E-12 
    1143  5.62500000E+02  7.12500000E+02 -3.27990276E-01  1.31635711E+00  9.88366836E-01  2.50000000E-02 -5.79916795E-12 -1.57903268E-12 
    1144  5.87500000E+02  7.12500000E+02 -1.35230552E-01  1.12359739E+00  9.88366836E-01  2.50000000E-02 -6.94138112E-12  3.82610679E-13 
    1145  6.12500000E+02  7.12500000E+02  4.61645272E-01  5.26721564E-01  9.88366836E-01  2.50000000E-02 -1.02308565E-11 -1.50480791E-12 
    1146  6.37500000E+02  7.12500000E+02 -7.21591945E-01  1.70995878E+00  9.88366836E-01  2.50000000E-02 -8.32887832E-12  7.75128172E-12 
    1147  6.62500000E+02  7.12500000E+02 -6.19559136E-01  1.60792597E+00  9.88366836E-01  2.50000000E-02 -8.35739005E-12  2.02545658E-12 
    1148  6.87500000E+02  7.12500000E+02 -9.67050839E-01  1.95541767E+00  9.88366836E-01  2.50000000E-02 -9.18698381E-12  9.04109184E-12 
    1149  7.12500000E+02  7.12500000E+02  7.15133262E-01  2.73233574E-01  9.88366836E-01  2.50000000E-02 -1.70224923E-11 -4.63745813E-12 
    1150  7.37500000E+02  7.12500000E+02  2.54938944E-01  7.33427892E-01  9.88366836E-01  2.50000000E-02 -1.53933999E-11  3.03236687E-12 
    1151  7.62500000E+02  7.12500000E+02 -4.88733671E-01  1.47710051E+00  9.88366836E-01  2.50000000E-02 -1.76102034E-11 -6.71765990E-13 
    1152  7.87500000E+02  7.12500000E+02  5.88489260E-01  3.99877576E-01  9.88366836E-01  2.50000000E-02 -2.81082029E-11  3.12666693E-14 
    1153  8.12500000E+02  7.12500000E+02  1.42788505E-01  8.45578331E-01  9.88366836E-01  2.50000000E-02 -3.92734136E-11  4.51810461E-12 
    1154  8.37500000E+02  7.12500000E+02  9.09849421E-01  7.85174152E-02  9.88366836E-01  2.50000000E-02 -1.35343765E-10 -3.61760460E-12 
    1155  8.62500000E+02  7.12500000E+02  9.96609287E-01  4.36945805E-08  9.96609331E-01  2.50000000E-02 -2.29201060E-12  1.92841979E-12 
    1156  8.87500000E+02  7.12500000E+02 -7.20531090E-01  1.70889793E+00  9.88366836E-01  2.50000000E-02  1.06899042E-11  1.20556404E-11 
    1157  9.12500000E+02  7.12500000E+02  1.83987736E-01  8.04379100E-01  9.88366836E-01  2.50000000E-02  1.04981762E-11  8.80648850E-12 
    1158  9.37500000E+02  7.12500000E+02 -3.67840359E-01  1.35620719E+00  9.88366836E-01  2.50000000E-02  9.37346660E-12  4.00588015E-12 
    1159  9.62500000E+02  7.12500000E+02  5.24402463E-01  4.63964373E-01  9.88366836E-01  2.50000000E-02  7.01035662E-12  4.08112762E-12 
    1160  9.87500000E+02  7.12500000E+02  8.48327636E-01  1.40039199E-01  9.88366836E-01  2.50000000E-02  2.97363557E-12  7.46656932E-12 
    1161  1.25000000E+01  7.37500000E+02 -7.88650651E-01  1.77701749E+00  9.88366836E-01  2.50000000E-02 -1.74657848E-13  2.20638163E-12 
    1162  3.75000000E+01  7.37500000E+02 -4.78120813E-01  1.46648765E+00  9.88366836E-01  2.50000000E-02 -4.69185561E-13  2.02241835E-13 
    1163  6.25000000E+01  7.37500000E+02 -6.38564569E-01  1.62693140E+00  9.88366836E-01  2.50000000E-02 -5.76628629E-13 -6.52158244E-14 
    1164  8.75000000E+01  7.37500000E+02 -7.36592694E-01  1.72495953E+00  9.88366836E-01  2.50000000E-02 -6.13946737E-13  3.93934467E-12 
    1165  1.12500000E+02  7.37500000E+02 -2.36763111E-02  1.01204315E+00  9.88366836E-01  2.50000000E-02 -6.55101693E-13  8.36639672E-13 
    1166  1.37500000E+02  7.37500000E+02  7.75144578E-01  2.13222258E-01  9.88366836E-01  2.50000000E-02 -1.37814538E-12  1.93344402E-12 
    1167  1.62500000E+02  7.37500000E+02  2.58238609E-01  7.30128226E-01  9.88366836E-01  2.50000000E-02 -9.01572850E-13  2.42717992E-12 
    1168  1.87500000E+02  7.37500000E+02  4.67752723E-01  5.20614112E-01  9.88366836E-01  2.50000000E-02 -1.22104486E-12  4.73245468E-12 
    1169  2.12500000E+02  7.37500000E+02 -2.07987256E-01  1.19635409E+00  9.88366836E-01  2.50000000E-02 -8.80869695E-13  3.71453835E-12 
    1170  2.37500000E+02  7.37500000E+02  1.81088697E-02  9.70257966E-01  9.88366836E-01  2.50000000E-02 -7.65770780E-13  2.35958676E-12 
    1171  2.62500000E+02  7.37500000E+02  2.37743781E-01  7.50623055E-01  9.88366836E-01  2.50000000E-02 -6.30239810E-13  3.44844246E-12 
    1172  2.87500000E+02  7.37500000E+02  7.38630632E-02  9.14503773E-01  9.88366836E-01  2.50000000E-02  1.73405816E-13  1.65430875E-12 
    1173  3.12500000E+02  7.37500000E+02 -6.92625819E-01  1.68099265E+00  9.88366836E-01  2.50000000E-02  3.97927074E-13  3.91693176E-12 
    1174  3.37500000E+02  7.37500000E+02  9.10884101E-01  7.74827350E-02  9.88366836E-01  2.50000000E-02 -1.98456746E-12  2.96763488E-12 
    1175  3.62500000E+02  7.37500000E+02 -8.89535876E-02  1.07732042E+00  9.88366836E-01  2.50000000E-02 -1.31234206E-12  1.38442511E-12 
    1176  3.87500000E+02  7.37500000E+02  1.79161911E-01  8.09204925E-01  9.88366836E-01  2.50000000E-02 -1.32185629E-12  3.95559347E-12 
    1177  4.12500000E+02  7.37500000E+02 -5.20105070E-01  1.50847191E+00  9.88366836E-01  2.50000000E-02 -1.63340890E-12  9.21534149E-13 
    1178  4.37500000E+02  7.37500000E+02  1.44048664E-01  8.44318172E-01  9.88366836E-01  2.50000000E-02 -2.17252215E-12  1.62116922E-12 
    1179  4.62500000E+02  7.37500000E+02 -2.93262894E-01  1.28162973E+00  9.88366836E-01  2.50000000E-02 -2.06502425E-12  2.14120831E-12 
    1180  4.87500000E+02  7.37500000E+02 -8.74837871E-01  1.86320471E+00  9.88366836E-01  2.50000000E-02 -1.76984815E-12  6.82276148E-13 
    1181  5.12500000E+02  7.37500000E+02  1.28077772E-02  9.75559059E-01  9.88366836E-01  2.50000000E-02 -1.75936183E-12 -7.80597711E-13 
    1182  5.37500000E+02  7.37500000E+02  8.63247758E-01  1.25119078E-01  9.88366836E-01  2.50000000E-02 -5.29717652E-12  9.44969554E-13 
    1183  5.62500000E+02  7.37500000E+02  9.08072132E-01  8.02947038E-02  9.88366836E-01  2.50000000E-02 -9.02946804E-12  4.90208751E-13 
    1184  5.87500000E+02  7.37500000E+02  5.53396221E-01  4.34970614E-01  9.88366836E-01  2.50000000E-02 -4.34855523E-12 -9.79705903E-13 
    1185  6.12500000E+02  7.37500000E+02  2.10395785E-01  7.77971051E-01  9.88366836E-01  2.50000000E-02 -2.99298023E-12 -1.05100332E-12 
    1186  6.37500000E+02  7.37500000E+02  4.84775283E-02  9.39889307E-01  9.88366836E-01  2.50000000E-02 -2.54833878E-12  9.75309122E-12 
    1187  6.62500000E+02  7.37500000E+02 -4.85448113E-02  1.03691165E+00  9.88366836E-01  2.50000000E-02 -2.50443842E-12  1.98603535E-12 
    1188  6.87500000E+02  7.37500000E+02  9.81100052E-01  7.26678423E-03  9.88366836E-01  2.50000000E-02 -1.83151402E-11  1.61895097E-12 
    1189  7.12500000E+02  7.37500000E+02  2.79590471E-01  7.08776364E-01  9.88366836E-01  2.50000000E-02 -2.02978547E-12 -2.13910867E-13 
    1190  7.37500000E+02  7.37500000E+02 -1.65822439E-01  1.15418927E+00  9.88366836E-01  2.50000000E-02 -2.06820894E-12  6.23835190E-12 
    1191  7.62500000E+02  7.37500000E+02 -6.23547884E-01  1.61191472E+00  9.88366836E-01  2.50000000E-02 -2.07506318E-12 -7.78285277E-13 
    1192  7.87500000E+02  7.37500000E+02 -7.41045783E-01  1.72941262E+00  9.88366836E-01  2.50000000E-02 -2.37123652E-12 -5.72860115E-14 
    1193  8.12500000E+02  7.37500000E+02  6.28917049E-01  3.59449786E-01  9.88366836E-01  2.50000000E-02 -6.37965637E-12  3.40076582E-12 
    1194  8.37500000E+02  7.37500000E+02 -1.29294933E-01  1.11766177E+00  9.88366836E-01  2.50000000E-02 -1.13889544E-11  5.98410597E-12 
    1195  8.62500000E+02  7.37500000E+02  6.99776301E-01  2.88590535E-01  9.88366836E-01  2.50000000E-02 -9.02939069E-12  4.97891960E-11 
    1196  8.87500000E+02  7.37500000E+02 -7.91778566E-01  1.78014540E+00  9.88366836E-01  2.50000000E-02  1.76654818E-12  1.08409744E-11 
    1197  9.12500000E+02  7.37500000E+02 -3.81969586E-01  1.37033642E+00  9.88366836E-01  2.50000000E-02  1.61731488E-12  6.82960256E-12 
    1198  9.37500000E+02  7.37500000E+02 -2.37369274E-01  1.22573611E+00  9.88366836E-01  2.50000000E-02  1.13161850E-12  4.06668670E-12 
    1199  9.62500000E+02  7.37500000E+02 -1.28648872E-01  1.11701571E+00  9.88366836E-01  2.50000000E-02  2.00528748E-12  5.50327571E-12 
    1200  9.87500000E+02  7.37500000E+02 -9.95164348E-01  1.98353118E+00  9.88366836E-01  2.50000000E-02  8.44013639E-13  3.55174742E-12 
    1201  1.25000000E+01  7.62500000E+02 -1.29155342E-01  1.11752218E+00  9.88366836E-01  2.50000000E-02  1.85472367E-13  2.34057537E-12 
    1202  3.75000000E+01  7.62500000E+02 -5.83351884E-01  1.57171872E+00  9.88366836E-01  2.50000000E-02  3.32749455E-13  1.39336024E-13 
    1203  6.25000000E+01  7.62500000E+02  2.15780788E-01  7.72586048E-01  9.88366836E-01  2.50000000E-02  1.35937666E-13 -8.96280774E-14 
    1204  8.75000000E+01  7.62500000E+02  1.67498107E-01  8.20868728E-01  9.88366836E-01  2.50000000E-02 -2.75210513E-14  3.70509661E-12 
    1205  1.12500000E+02  7.62500000E+02 -4.84599483E-01  1.47296632E+00  9.88366836E-01  2.50000000E-02 -4.43872287E-14  3.16059138E-13 
    1206  1.37500000E+02  7.62500000E+02  6.08456202E-01  3.79910634E-01  9.88366836E-01  2.50000000E-02 -1.74049710E-13  9.57914801E-13 
    1207  1.62500000E+02  7.62500000E+02  9.15172981E-01  7.31938543E-02  9.88366836E-01  2.50000000E-02 -2.85652045E-12  3.79293709E-12 
    1208  1.87500000E+02  7.62500000E+02 -9.82501712E-01  1.97086855E+00  9.88366836E-01  2.50000000E-02 -2.01840986E-12  6.47707106E-12 
    1209  2.12500000E+02  7.62500000E+02 -9.44664556E-01  1.93303139E+00  9.88366836E-01  2.50000000E-02 -1.68436554E-12  3.48291601E-12 
    1210  2.37500000E+02  7.62500000E+02 -3.23494052E-01  1.31186089E+00  9.88366836E-01  2.50000000E-02 -1.22191081E-12  2.48055860E-12 
    1211  2.62500000E+02  7.62500000E+02  4.96707116E-01  4.91659719E-01  9.88366836E-01  2.50000000E-02 -1.62899531E-12  3.06739585E-12 
    1212  2.87500000E+02  7.62500000E+02 -2.92645816E-01  1.28101265E+00  9.88366836E-01  2.50000000E-02 -6.80658245E-13  1.28228243E-12 
    1213  3.12500000E+02  7.62500000E+02  2.98231197E-01  6.90135639E-01  9.88366836E-01  2.50000000E-02 -6.07687398E-14  2.92783660E-12 
    1214  3.37500000E+02  7.62500000E+02 -9.59836919E-01  1.94820375E+00  9.88366836E-01  2.50000000E-02 -5.82922625E-13  1.20248675E-12 
    1215  3.62500000E+02  7.62500000E+02 -6.97700009E-01  1.68606684E+00  9.88366836E-01  2.50000000E-02 -8.47096092E-13  9.16255019E-13 
    1216  3.87500000E+02  7.62500000E+02  6.40197572E-01  3.48169263E-01  9.88366836E-01  2.50000000E-02 -1.46007352E-12  2.99647553E-12 
    1217  4.12500000E+02  7.62500000E+02  3.51639594E-01  6.36727242E-01  9.88366836E-01  2.50000000E-02 -8.25879701E-13  7.98822698E-13 
    1218  4.37500000E+02  7.62500000E+02 -2.59690226E-01  1.24805706E+00  9.88366836E-01  2.50000000E-02 -8.28790546E-13  1.36727261E-12 
    1219  4.62500000E+02  7.62500000E+02 -4.54942193E-01  1.44330903E+00  9.88366836E-01  2.50000000E-02 -8.63394380E-13  1.56527385E-12 
    1220  4.87500000E+02  7.62500000E+02  9.69373941E-01  1.89928949E-02  9.88366836E-01  2.50000000E-02 -9.36763253E-12 -2.18976487E-12 
    1221  5.12500000E+02  7.62500000E+02  4.18351814E-01  5.70015022E-01  9.88366836E-01  2.50000000E-02 -1.07662765E-11 -1.53930542E-12 
    1222  5.37500000E+02  7.62500000E+02  8.74381873E-01  1.13984963E-01  9.88366836E-01  2.50000000E-02 -1.11983829E-11  2.93438813E-13 
    1223  5.62500000E+02  7.62500000E+02 -2.27439838E-01  1.21580667E+00  9.88366836E-01  2.50000000E-02 -6.50249971E-12  5.35326616E-12 
    1224  5.87500000E+02  7.62500000E+02  4.74677530E-01  5.13689305E-01  9.88366836E-01  2.50000000E-02 -5.90273063E-12 -5.10953297E-13 
    1225  6.12500000E+02  7.62500000E+02 -7.90045506E-01  1.77841234E+00  9.88366836E-01  2.50000000E-02 -4.03258487E-12 -2.17823907E-13 
    1226  6.37500000E+02  7.62500000E+02 -1.95074996E-01  1.18344183E+00  9.88366836E-01  2.50000000E-02 -4.09400667E-12  9.20017849E-12 
    1227  6.62500000E+02  7.62500000E+02  6.23433476E-01  3.64933360E-01  9.88366836E-01  2.50000000E-02 -8.00666859E-12  6.77676176E-14 
    1228  6.87500000E+02  7.62500000E+02 -4.47466695E-01  1.43583353E+00  9.88366836E-01  2.50000000E-02 -7.90530915E-12  5.70070562E-12 
    1229  7.12500000E+02  7.62500000E+02 -7.85039710E-01  1.77340655E+00  9.88366836E-01  2.50000000E-02 -8.55763074E-12 -1.17007229E-12 
    1230  7.37500000E+02  7.62500000E+02  7.57658276E-02  9.12601008E-01  9.88366836E-01  2.50000000E-02 -9.37712758E-12  6.08409675E-12 
    1231  7.62500000E+02  7.62500000E+02 -6.01492353E-02  1.04851607E+00  9.88366836E-01  2.50000000E-02 -8.40065054E-12 -5.10113615E-13 
    1232  7.87500000E+02  7.62500000E+02 -2.35893939E-01  1.22426077E+00  9.88366836E-01  2.50000000E-02 -7.89634646E-12 -8.02409688E-13 
    1233  8.12500000E+02  7.62500000E+02 -6.03943320E-02  1.04876117E+00  9.88366836E-01  2.50000000E-02 -8.08939588E-12  2.34114585E-12 
    1234  8.37500000E+02  7.62500000E+02 -7.55900906E-01  1.74426774E+00  9.88366836E-01  2.50000000E-02 -8.78895166E-12  4.65977968E-12 
    1235  8.62500000E+02  7.62500000E+02  4.88671498E-01  4.99695338E-01  9.88366836E-01  2.50000000E-02 -1.09272126E-11  3.65188874E-11 
    1236  8.87500000E+02  7.62500000E+02 -6.98894523E-01  1.68726136E+00  9.88366836E-01  2.50000000E-02 -5.11509570E-12  1.00177041E-11 
    1237  9.12500000E+02  7.62500000E+02 -7.87935242E-01  1.77630208E+00  9.88366836E-01  2.50000000E-02 -3.10231247E-12  6.77780603E-12 
    1238  9.37500000E+02  7.62500000E+02 -7.18559022E-01  1.70692586E+00  9.88366836E-01  2.50000000E-02 -2.22607755E-12  4.06649348E-12 
    1239  9.62500000E+02  7.62500000E+02  9.62182206E-01  2.61846295E-02  9.88366836E-01  2.50000000E-02  5.48089025E-12  1.09742779E-11 
    1240  9.87500000E+02  7.62500000E+02 -2.96470198E-01  1.28483703E+00  9.88366836E-01  2.50000000E-02  1.40225220E-14  3.28833675E-12 
    1241  1.25000000E+01  7.87500000E+02  5.12184706E-01  4.76182129E-01  9.88366836E-01  2.50000000E-02 -4.05774002E-13  3.55650271E-12 
    1242  3.75000000E+01  7.87500000E+02 -5.05686300E-01  1.49405314E+00  9.88366836E-01  2.50000000E-02 -5.19035300E-13  1.80816676E-13 
    1243  6.25000000E+01  7.87500000E+02 -6.10630668E-01  1.59899750E+00  9.88366836E-01  2.50000000E-02 -5.15809772E-13 -1.32152888E-13 
    1244  8.75000000E+01  7.87500000E+02 -7.69718752E-01  1.75808559E+00  9.88366836E-01  2.50000000E-02 -3.00952111E-13  3.81277471E-12 
    1245  1.12500000E+02  7.87500000E+02 -3.74472949E-01  1.36283978E+00  9.88366836E-01  2.50000000E-02  1.02724492E-13  1.97139110E-14 
    1246  1.37500000E+02  7.87500000E+02 -3.26369102E-01  1.31473594E+00  9.88366836E-01  2.50000000E-02  1.82205027E-13  4.50178721E-13 
    1247  1.62500000E+02  7.87500000E+02  9.77163706E-01  1.12031295E-02  9.88366836E-01  2.50000000E-02 -3.37447796E-12  3.30804278E-12 
    1248  1.87500000E+02  7.87500000E+02  1.55964062E-01  8.32402774E-01  9.88366836E-01  2.50000000E-02 -1.94895041E-12  7.45504912E-12 
    1249  2.12500000E+02  7.87500000E+02  5.81497036E-01  4.06869799E-01  9.88366836E-01  2.50000000E-02 -6.13201517E-13  3.65824468E-12 
    1250  2.37500000E+02  7.87500000E+02  4.52434962E-01  5.35931874E-01  9.88366836E-01  2.50000000E-02  4.24329960E-13  2.62328706E-12 
    1251  2.62500000E+02  7.87500000E+02 -9.81250213E-01  1.96961705E+00  9.88366836E-01  2.50000000E-02  1.99188521E-13  1.59430645E-12 
    1252  2.87500000E+02  7.87500000E+02  9.24848470E-01  6.35183657E-02  9.88366836E-01  2.50000000E-02 -1.45752529E-12  2.38257480E-12 
    1253  3.12500000E+02  7.87500000E+02 -1.50094150E-01  1.13846099E+00  9.88366836E-01  2.50000000E-02  1.02471367E-12  2.71601628E-12 
    1254  3.37500000E+02  7.87500000E+02 -6.36470323E-02  1.05201387E+00  9.88366836E-01  2.50000000E-02  6.16804160E-13  1.51017125E-12 
    1255  3.62500000E+02  7.87500000E+02 -6.96106355E-01  1.68447319E+00  9.88366836E-01  2.50000000E-02 -6.46056379E-15  6.37152251E-13 
    1256  3.87500000E+02  7.87500000E+02  7.16918299E-01  2.71448536E-01  9.88366836E-01  2.50000000E-02 -1.53738719E-12  2.10917540E-12 
    1257  4.12500000E+02  7.87500000E+02  3.94637213E-01  5.93729623E-01  9.88366836E-01  2.50000000E-02 -2.02918178E-12  1.18567881E-12 
    1258  4.37500000E+02  7.87500000E+02 -5.07367031E-01  1.49573387E+00  9.88366836E-01  2.50000000E-02 -1.79729093E-12  1.93143856E-12 
    1259  4.62500000E+02  7.87500000E+02 -5.70342437E-01  1.55870927E+00  9.88366836E-01  2.50000000E-02 -1.91480617E-12  9.58572443E-13 
    1260  4.87500000E+02  7.87500000E+02  7.32570805E-01  2.55796031E-01  9.88366836E-01  2.50000000E-02 -6.02857563E-12 -1.64347147E-13 
    1261  5.12500000E+02  7.87500000E+02  8.03825180E-01  1.84541656E-01  9.88366836E-01  2.50000000E-02 -1.00524202E-11  2.75109425E-15 
    1262  5.37500000E+02  7.87500000E+02 -2.96755179E-01  1.28512201E+00  9.88366836E-01  2.50000000E-02 -1.36992854E-11  1.87227587E-12 
    1263  5.62500000E+02  7.87500000E+02  7.65708990E-01  2.22657846E-01  9.88366836E-01  2.50000000E-02 -1.43591352E-11  6.33783342E-12 
    1264  5.87500000E+02  7.87500000E+02  5.18666491E-01  4.69700345E-01  9.88366836E-01  2.50000000E-02 -1.07043049E-11  5.54885409E-13 
    1265  6.12500000E+02  7.87500000E+02  1.92842463E-02  9.69082589E-01  9.88366836E-01  2.50000000E-02 -7.76897152E-12  1.02388110E-12 
    1266  6.37500000E+02  7.87500000E+02  1.01460689E-01  8.86906147E-01  9.88366836E-01  2.50000000E-02 -7.10753631E-12  8.74098427E-12 
    1267  6.62500000E+02  7.87500000E+02  7.70351714E-01  2.18015121E-01  9.88366836E-01  2.50000000E-02 -7.31698481E-12 -6.61417999E-13 
    1268  6.87500000E+02  7.87500000E+02 -3.93053304E-01  1.38142014E+00  9.88366836E-01  2.50000000E-02 -2.15742095E-12  6.45152446E-12 
    1269  7.12500000E+02  7.87500000E+02 -4.89428734E-02  1.03730971E+00  9.88366836E-01  2.50000000E-02 -2.41408727E-12 -2.27824554E-12 
    1270  7.37500000E+02  7.87500000E+02  3.05378955E-01  6.82987881E-01  9.88366836E-01  2.50000000E-02 -3.75052963E-12  5.95218339E-12 
    1271  7.62500000E+02  7.87500000E+02  1.15064248E-02  9.76860411E-01  9.88366836E-01  2.50000000E-02 -3.57252540E-12 -9.81914222E-14 
    1272  7.87500000E+02  7.87500000E+02 -6.54236181E-01  1.64260302E+00  9.88366836E-01  2.50000000E-02 -3.03662554E-12 -7.74240058E-13 
    1273  8.12500000E+02  7.87500000E+02 -5.28859316E-01  1.51722615E+00  9.88366836E-01  2.50000000E-02 -3.71121112E-12  1.47969697E-12 
    1274  8.37500000E+02  7.87500000E+02  4.81049763E-01  5.07317073E-01  9.88366836E-01  2.50000000E-02 -9.77373945E-12  4.13218574E-12 
    1275  8.62500000E+02  7.87500000E+02 -1.20181723E-01  1.10854856E+00  9.88366836E-01  2.50000000E-02 -9.35749079E-12  3.13900237E-11 
    1276  8.87500000E+02  7.87500000E+02 -7.05859829E-01  1.69422666E+00  9.88366836E-01  2.50000000E-02 -7.32372823E-12  1.00225645E-11 
    1277  9.12500000E+02  7.87500000E+02  5.00367896E-01  4.87998940E-01  9.88366836E-01  2.50000000E-02 -2.27476601E-12  9.15001833E-12 
    1278  9.37500000E+02  7.87500000E+02  9.34024516E-01  5.43423202E-02  9.88366836E-01  2.50000000E-02 -1.56742302E-12  9.94395941E-12 
    1279  9.62500000E+02  7.87500000E+02  4.22830000E-02  9.46083836E-01  9.88366836E-01  2.50000000E-02  3.21434618E-13 -6.15734725E-13 
    1280  9.87500000E+02  7.87500000E+02 -5.49122951E-01  1.53748979E+00  9.88366836E-01  2.50000000E-02  1.12311522E-13  3.02032993E-12 
    1281  1.25000000E+01  8.12500000E+02 -3.17920717E-01  1.30628755E+00  9.88366836E-01  2.50000000E-02 -1.59591905E-13  3.21829899E-12 
    1282  3.75000000E+01  8.12500000E+02  7.63393325E-01  2.24973511E-01  9.88366836E-01  2.50000000E-02 -3.28727110E-12  1.47167934E-12 
    1283  6.25000000E+01  8.12500000E+02  1.45936860E-02  9.73773150E-01  9.88366836E-01  2.50000000E-02 -4.30535022E-12  5.81924234E-14 
    1284  8.75000000E+01  8.12500000E+02  5.94522513E-01  3.93844323E-01  9.88366836E-01  2.50000000E-02 -4.71017145E-12  4.52804369E-12 
    1285  1.12500000E+02  8.12500000E+02 -2.83011310E-01  1.27137815E+00  9.88366836E-01  2.50000000E-02 -4.66361905E-12  1.73069202E-14 
    1286  1.37500000E+02  8.12500000E+02  3.28146965E-01  6.60219871E-01  9.88366836E-01  2.50000000E-02 -4.65687786E-12  4.52411050E-13 
    1287  1.62500000E+02  8.12500000E+02 -3.15538951E-01  1.30390579E+00  9.88366836E-01  2.50000000E-02 -4.93994171E-12  1.66061691E-12 
    1288  1.87500000E+02  8.12500000E+02 -1.43462335E-01  1.13182917E+00  9.88366836E-01  2.50000000E-02 -4.97773043E-12  7.70996467E-12 
    1289  2.12500000E+02  8.12500000E+02  9.75605087E-01  1.27617492E-02  9.88366836E-01  2.50000000E-02 -4.07175949E-12  6.44609098E-12 
    1290  2.37500000E+02  8.12500000E+02 -4.22574008E-02  1.03062424E+00  9.88366836E-01  2.50000000E-02 -1.63785199E-12  2.59566070E-12 
    1291  2.62500000E+02  8.12500000E+02 -6.21157836E-02  1.05048262E+00  9.88366836E-01  2.50000000E-02 -1.34158389E-12  1.17401472E-12 
    1292  2.87500000E+02  8.12500000E+02 -2.46924589E-01  1.23529143E+00  9.88366836E-01  2.50000000E-02 -1.08536480E-12 -8.89665686E-13 
    1293  3.12500000E+02  8.12500000E+02  9.10505203E-01  7.78616333E-02  9.88366836E-01  2.50000000E-02 -2.46519916E-12  3.00741549E-12 
    1294  3.37500000E+02  8.12500000E+02 -8.91053726E-01  1.87942056E+00  9.88366836E-01  2.50000000E-02 -1.25483374E-12  2.36759383E-12 
    1295  3.62500000E+02  8.12500000E+02 -6.84249296E-01  1.67261613E+00  9.88366836E-01  2.50000000E-02 -1.17935990E-12  7.80312872E-13 
    1296  3.87500000E+02  8.12500000E+02 -9.93029892E-01  1.98139673E+00  9.88366836E-01  2.50000000E-02 -1.28319390E-12 -4.63766815E-14 
    1297  4.12500000E+02  8.12500000E+02  3.01377228E-01  6.86989608E-01  9.88366836E-01  2.50000000E-02 -2.04102838E-12  1.46668184E-12 
    1298  4.37500000E+02  8.12500000E+02  8.46607542E-02  9.03706082E-01  9.88366836E-01  2.50000000E-02 -2.75708252E-12  2.80954690E-12 
    1299  4.62500000E+02  8.12500000E+02  6.76283780E-01  3.12083056E-01  9.88366836E-01  2.50000000E-02 -4.46869305E-12 -7.68068082E-13 
    1300  4.87500000E+02  8.12500000E+02 -5.87960715E-01  1.57632755E+00  9.88366836E-01  2.50000000E-02 -3.43454825E-12  3.56370385E-14 
    1301  5.12500000E+02  8.12500000E+02  4.45607059E-01  5.42759777E-01  9.88366836E-01  2.50000000E-02 -3.46860858E-12  6.41405279E-13 
    1302  5.37500000E+02  8.12500000E+02  5.76082622E-01  4.12284213E-01  9.88366836E-01  2.50000000E-02 -4.76741882E-12  1.22296490E-12 
    1303  5.62500000E+02  8.12500000E+02  8.32685535E-01  1.55681301E-01  9.88366836E-01  2.50000000E-02 -7.32537381E-12  5.09469855E-12 
    1304  5.87500000E+02  8.12500000E+02  1.40966716E-01  8.47400119E-01  9.88366836E-01  2.50000000E-02 -3.87285855E-12  2.58703106E-12 
    1305  6.12500000E+02  8.12500000E+02  1.81870507E-01  8.06496329E-01  9.88366836E-01  2.50000000E-02 -4.01681040E-12  1.31280227E-12 
    1306  6.37500000E+02  8.12500000E+02  7.01653474E-01  2.86713361E-01  9.88366836E-01  2.50000000E-02 -6.85749014E-12  1.02223626E-11 
    1307  6.62500000E+02  8.12500000E+02 -6.77303998E-01  1.66567083E+00  9.88366836E-01  2.50000000E-02 -4.03479229E-12  1.06998875E-12 
    1308  6.87500000E+02  8.12500000E+02 -5.15245579E-02  1.03989139E+00  9.88366836E-01  2.50000000E-02 -3.74730919E-12  7.63013845E-12 
    1309  7.12500000E+02  8.12500000E+02  4.56894185E-01  5.31472651E-01  9.88366836E-01  2.50000000E-02 -4.62230892E-12 -2.96484417E-12 
    1310  7.37500000E+02  8.12500000E+02 -9.74321502E-01  1.96268834E+00  9.88366836E-01  2.50000000E-02 -4.50472001E-12  5.20690241E-12 
    1311  7.62500000E+02  8.12500000E+02 -6.91669106E-02  1.05753375E+00  9.88366836E-01  2.50000000E-02 -4.30172046E-12  1.84604004E-14 
    1312  7.87500000E+02  8.12500000E+02 -3.30246550E-01  1.31861339E+00  9.88366836E-01  2.50000000E-02 -3.76655614E-12 -6.31376855E-13 
    1313  8.12500000E+02  8.12500000E+02 -6.12474222E-01  1.60084106E+00  9.88366836E-01  2.50000000E-02 -3.55462004E-12  1.26451612E-12 
    1314  8.37500000E+02  8.12500000E+02 -3.20882754E-01  1.30924959E+00  9.88366836E-01  2.50000000E-02 -4.37818908E-12  2.92172749E-12 
    1315  8.62500000E+02  8.12500000E+02  3.86736737E-01  6.01630099E-01  9.88366836E-01  2.50000000E-02 -5.01271936E-12  3.00162221E-11 
    1316  8.87500000E+02  8.12500000E+02  1.37639775E-01  8.50727061E-01  9.88366836E-01  2.50000000E-02  2.41291395E-12  9.86160764E-12 
    1317  9.12500000E+02  8.12500000E+02  1.69933067E-01  8.18433769E-01  9.88366836E-01  2.50000000E-02  5.41815961E-12  6.71214604E-12 
    1318  9.37500000E+02  8.12500000E+02  2.45947634E-01  7.42419202E-01  9.88366836E-01  2.50000000E-02  3.25981336E-12  3.56245420E-12 
    1319  9.62500000E+02  8.12500000E+02  3.15965527E-01  6.72401309E-01  9.88366836E-01  2.50000000E-02  1.17343323E-12 -4.25493689E-13 
    1320  9.87500000E+02  8.12500000E+02 -5.10382206E-01  1.49874904E+00  9.88366836E-01  2.50000000E-02  1.73001734E-13  2.96924610E-12 
    1321  1.25000000E+01  8.37500000E+02  2.89857136E-01  6.98509700E-01  9.88366836E-01  2.50000000E-02  9.28476568E-14  2.92144244E-12 
    1322  3.75000000E+01  8.37500000E+02  2.06080072E-01  7.82286764E-01  9.88366836E-01  2.50000000E-02  4.82408655E-15  7.93787126E-13 
    1323  6.25000000E+01  8.37500000E+02  7.25636087E-01  2.62730749E-01  9.88366836E-01  2.50000000E-02 -1.12833638E-12  1.35997485E-12 
    1324  8.75000000E+01  8.37500000E+02  1.75598290E-01  8.12768545E-01  9.88366836E-01  2.50000000E-02 -2.57054562E-12  3.07688297E-12 
    1325  1.12500000E+02  8.37500000E+02  7.44273458E-01  2.44093377E-01  9.88366836E-01  2.50000000E-02 -3.99952738E-12  2.19258203E-12 
    1326  1.37500000E+02  8.37500000E+02  7.08108041E-01  2.80258795E-01  9.88366836E-01  2.50000000E-02 -3.95639189E-12  4.20818405E-13 
    1327  1.62500000E+02  8.37500000E+02 -9.21429355E-01  1.90979619E+00  9.88366836E-01  2.50000000E-02 -3.97227457E-12  1.02421187E-12 
    1328  1.87500000E+02  8.37500000E+02  9.11841196E-01  7.65256401E-02  9.88366836E-01  2.50000000E-02 -4.86087831E-12  5.38422301E-12 
    1329  2.12500000E+02  8.37500000E+02 -2.65279687E-02  1.01489480E+00  9.88366836E-01  2.50000000E-02 -2.25001062E-12  1.60878758E-12 
    1330  2.37500000E+02  8.37500000E+02 -9.89332990E-01  1.97769983E+00  9.88366836E-01  2.50000000E-02 -2.26575730E-12  2.55012540E-12 
    1331  2.62500000E+02  8.37500000E+02  5.03447756E-01  4.84919080E-01  9.88366836E-01  2.50000000E-02 -2.31578186E-12  6.05127235E-13 
    1332  2.87500000E+02  8.37500000E+02 -9.46414540E-01  1.93478138E+00  9.88366836E-01  2.50000000E-02 -1.34328234E-12 -3.54050098E-13 
    1333  3.12500000E+02  8.37500000E+02 -8.69568998E-01  1.85793583E+00  9.88366836E-01  2.50000000E-02 -1.48867279E-12  7.15191416E-14 
    1334  3.37500000E+02  8.37500000E+02 -3.06338779E-01  1.29470561E+00  9.88366836E-01  2.50000000E-02 -2.29997069E-12  2.68707820E-12 
    1335  3.62500000E+02  8.37500000E+02  1.77549684E-01  8.10817152E-01  9.88366836E-01  2.50000000E-02 -3.26554392E-12  1.01600147E-12 
    1336  3.87500000E+02  8.37500000E+02 -3.66924104E-01  1.35529094E+00  9.88366836E-01  2.50000000E-02 -3.19371235E-12  1.77256845E-13 
    1337  4.12500000E+02  8.37500000E+02 -5.20939004E-01  1.50930584E+00  9.88366836E-01  2.50000000E-02 -3.33975799E-12  9.26751490E-13 
    1338  4.37500000E+02  8.37500000E+02 -2.97072474E-01  1.28543931E+00  9.88366836E-01  2.50000000E-02 -3.98340728E-12  2.58809580E-12 
    1339  4.62500000E+02  8.37500000E+02  4.92806270E-01  4.95560566E-01  9.88366836E-01  2.50000000E-02 -5.14400538E-12 -1.66082197E-12 
    1340  4.87500000E+02  8.37500000E+02 -1.33237921E-01  1.12160476E+00  9.88366836E-01  2.50000000E-02 -5.24734276E-12 -5.93234322E-13 
    1341  5.12500000E+02  8.37500000E+02  8.06992906E-01  1.81373930E-01  9.88366836E-01  2.50000000E-02 -7.49414318E-12  1.40144655E-13 
    1342  5.37500000E+02  8.37500000E+02 -3.12502795E-01  1.30086963E+00  9.88366836E-01  2.50000000E-02 -5.45967983E-12  2.10074071E-12 
    1343  5.62500000E+02  8.37500000E+02  7.73404179E-02  9.11026418E-01  9.88366836E-01  2.50000000E-02 -5.91322474E-12  1.97653990E-12 
    1344  5.87500000E+02  8.37500000E+02 -1.35382093E-01  1.12374893E+00  9.88366836E-01  2.50000000E-02 -6.97809939E-12  1.85940954E-12 
    1345  6.12500000E+02  8.37500000E+02  3.02996821E-01  6.85370015E-01  9.88366836E-01  2.50000000E-02 -7.13276624E-12 -4.06370258E-13 
    1346  6.37500000E+02  8.37500000E+02  3.36412781E-01  6.51954055E-01  9.88366836E-01  2.50000000E-02 -7.50984271E-12  8.55926678E-12 
    1347  6.62500000E+02  8.37500000E+02  7.91097063E-01  1.97269772E-01  9.88366836E-01  2.50000000E-02 -1.22413178E-11  3.48092121E-12 
    1348  6.87500000E+02  8.37500000E+02  1.56250412E-01  8.32116424E-01  9.88366836E-01  2.50000000E-02 -6.93430659E-12  9.25728764E-12 
    1349  7.12500000E+02  8.37500000E+02 -4.94733205E-01  1.48310004E+00  9.88366836E-01  2.50000000E-02 -6.17424730E-12 -2.18771655E-12 
    1350  7.37500000E+02  8.37500000E+02 -1.83218777E-01  1.17158561E+00  9.88366836E-01  2.50000000E-02 -5.90775332E-12  5.01309438E-12 
    1351  7.62500000E+02  8.37500000E+02  4.35011613E-01  5.53355223E-01  9.88366836E-01  2.50000000E-02 -5.24767138E-12 -7.60651173E-13 
    1352  7.87500000E+02  8.37500000E+02 -6.86449221E-03  9.95231328E-01  9.88366836E-01  2.50000000E-02 -4.33518209E-12 -8.08493767E-13 
    1353  8.12500000E+02  8.37500000E+02 -3.59093655E-01  1.34746049E+00  9.88366836E-01  2.50000000E-02 -4.41576353E-12  1.39652852E-12 
    1354  8.37500000E+02  8.37500000E+02  9.99038683E-02  8.88462967E-01  9.88366836E-01  2.50000000E-02 -5.36285777E-12  1.55231875E-12 
    1355  8.62500000E+02  8.37500000E+02  3.33395814E-01  6.54971021E-01  9.88366836E-01  2.50000000E-02 -6.16333461E-12  2.38704431E-11 
    1356  8.87500000E+02  8.37500000E+02  9.38366747E-01  5.00000888E-02  9.88366836E-01  2.50000000E-02 -5.97001969E-12  1.56026449E-11 
    1357  9.12500000E+02  8.37500000E+02 -2.65614161E-01  1.25398100E+00  9.88366836E-01  2.50000000E-02  2.06183635E-12  6.25658386E-12 
    1358  9.37500000E+02  8.37500000E+02 -2.86357394E-01  1.27472423E+00  9.88366836E-01  2.50000000E-02  1.43435011E-12  3.81867719E-12 
    1359  9.62500000E+02  8.37500000E+02 -7.96697996E-01  1.78506483E+00  9.88366836E-01  2.50000000E-02  5.48678336E-13 -1.48911007E-13 
    1360  9.87500000E+02  8.37500000E+02 -4.70365245E-01  1.45873208E+00  9.88366836E-01  2.50000000E-02  1.78017134E-13  3.19911355E-12 
    1361  1.25000000E+01  8.62500000E+02  4.07376454E-01  5.80990382E-01  9.88366836E-01  2.50000000E-02  2.03740967E-13  2.84212866E-12 
    1362  3.75000000E+01  8.62500000E+02 -1.21352181E-01  1.10971902E+00  9.88366836E-01  2.50000000E-02  2.41009122E-13  4.00769622E-13 
    1363  6.25000000E+01  8.62500000E+02 -8.73705486E-01  1.86207232E+00  9.88366836E-01  2.50000000E-02  6.03171602E-14  4.42411133E-13 
    1364  8.75000000E+01  8.62500000E+02 -9.98413662E-01  1.98678050E+00  9.88366836E-01  2.50000000E-02 -2.07758217E-14  2.14200646E-12 
    1365  1.12500000E+02  8.62500000E+02  8.33309439E-01  1.55057397E-01  9.88366836E-01  2.50000000E-02 -1.75492534E-12  2.17505806E-12 
    1366  1.37500000E+02  8.62500000E+02 -2.60208690E-01  1.24857553E+00  9.88366836E-01  2.50000000E-02 -8.91741231E-13  3.15258363E-13 
    1367  1.62500000E+02  8.62500000E+02 -9.63215529E-01  1.95158236E+00  9.88366836E-01  2.50000000E-02 -9.54255919E-13  5.99851486E-13 
    1368  1.87500000E+02  8.62500000E+02  4.10194782E-01  5.78172053E-01  9.88366836E-01  2.50000000E-02 -1.90704667E-12  1.26395038E-12 
    1369  2.12500000E+02  8.62500000E+02 -9.43144540E-01  1.93151138E+00  9.88366836E-01  2.50000000E-02 -2.48130757E-12  1.35073919E-12 
    1370  2.37500000E+02  8.62500000E+02  3.95919412E-01  5.92447424E-01  9.88366836E-01  2.50000000E-02 -2.41575607E-12  2.10623045E-12 
    1371  2.62500000E+02  8.62500000E+02 -6.35564967E-01  1.62393180E+00  9.88366836E-01  2.50000000E-02 -1.31980075E-12  4.20134977E-13 
    1372  2.87500000E+02  8.62500000E+02 -9.45198013E-01  1.93356485E+00  9.88366836E-01  2.50000000E-02 -1.13664128E-12 -7.91311394E-14 
    1373  3.12500000E+02  8.62500000E+02 -7.62488102E-01  1.75085494E+00  9.88366836E-01  2.50000000E-02 -1.34360420E-12 -2.00901812E-14 
    1374  3.37500000E+02  8.62500000E+02 -2.63138460E-01  1.25150530E+00  9.88366836E-01  2.50000000E-02 -1.60912192E-12  2.70379024E-12 
    1375  3.62500000E+02  8.62500000E+02 -2.05460750E-01  1.19382759E+00  9.88366836E-01  2.50000000E-02 -1.35269245E-12  1.09020336E-12 
    1376  3.87500000E+02  8.62500000E+02 -4.39778244E-01  1.42814508E+00  9.88366836E-01  2.50000000E-02 -8.95430538E-13  5.00986640E-13 
    1377  4.12500000E+02  8.62500000E+02 -8.44826290E-01  1.83319313E+00  9.88366836E-01  2.50000000E-02 -7.71490166E-13  4.29828759E-13 
    1378  4.37500000E+02  8.62500000E+02  8.75594857E-01  1.12771978E-01  9.88366836E-01  2.50000000E-02 -2.92452772E-12  4.72379455E-13 
    1379  4.62500000E+02  8.62500000E+02 -8.52560820E-01  1.84092766E+00  9.88366836E-01  2.50000000E-02  3.34354152E-13 -1.44287729E-12 
    1380  4.87500000E+02  8.62500000E+02 -9.46925678E-01  1.93529251E+00  9.88366836E-01  2.50000000E-02  3.88626325E-13 -1.17017230E-12 
    1381  5.12500000E+02  8.62500000E+02  9.58028009E-01  3.03388272E-02  9.88366836E-01  2.50000000E-02 -3.17136516E-12  5.00808176E-13 
    1382  5.37500000E+02  8.62500000E+02 -7.76676945E-01  1.76504378E+00  9.88366836E-01  2.50000000E-02 -1.42425277E-12  2.60882014E-12 
    1383  5.62500000E+02  8.62500000E+02  3.62333463E-02  9.52133490E-01  9.88366836E-01  2.50000000E-02 -1.69350410E-12  2.14334410E-12 
    1384  5.87500000E+02  8.62500000E+02 -4.59899185E-01  1.44826602E+00  9.88366836E-01  2.50000000E-02 -1.45607793E-12  1.40467139E-12 
    1385  6.12500000E+02  8.62500000E+02 -8.32465217E-01  1.82083205E+00  9.88366836E-01  2.50000000E-02 -1.26690138E-12 -2.26705188E-12 
    1386  6.37500000E+02  8.62500000E+02  7.96846529E-01  1.91520307E-01  9.88366836E-01  2.50000000E-02 -3.43517817E-12  4.11689703E-12 
    1387  6.62500000E+02  8.62500000E+02 -5.05845840E-01  1.49421268E+00  9.88366836E-01  2.50000000E-02 -2.68951981E-12  1.66839722E-12 
    1388  6.87500000E+02  8.62500000E+02 -4.27833739E-02  1.03115021E+00  9.88366836E-01  2.50000000E-02 -3.13984229E-12  9.04174590E-12 
    1389  7.12500000E+02  8.62500000E+02  7.18106973E-01  2.70259863E-01  9.88366836E-01  2.50000000E-02 -7.91420114E-12  2.51913098E-13 
    1390  7.37500000E+02  8.62500000E+02  7.37711206E-01  2.50655630E-01  9.88366836E-01  2.50000000E-02 -8.75923434E-12  5.02249558E-12 
    1391  7.62500000E+02  8.62500000E+02 -6.70612918E-01  1.65897975E+00  9.88366836E-01  2.50000000E-02 -8.69511692E-12 -2.01551932E-12 
    1392  7.87500000E+02  8.62500000E+02  9.79470914E-01  8.89592193E-03  9.88366836E-01  2.50000000E-02 -1.05831526E-11  4.27856488E-12 
    1393  8.12500000E+02  8.62500000E+02 -3.75857959E-01  1.36422479E+00  9.88366836E-01  2.50000000E-02 -1.92917552E-12  2.17516214E-12 
    1394  8.37500000E+02  8.62500000E+02 -2.83718146E-02  1.01673865E+00  9.88366836E-01  2.50000000E-02 -2.41703742E-12  1.16815029E-12 
    1395  8.62500000E+02  8.62500000E+02  3.16682222E-01  6.71684614E-01  9.88366836E-01  2.50000000E-02 -1.99445761E-12  1.82786584E-11 
    1396  8.87500000E+02  8.62500000E+02 -4.57398628E-02  1.03410670E+00  9.88366836E-01  2.50000000E-02 -7.87720421E-13  3.28741058E-13 
    1397  9.12500000E+02  8.62500000E+02  6.75266436E-01  3.13100400E-01  9.88366836E-01  2.50000000E-02 -5.86108063E-13  5.49496015E-12 
    1398  9.37500000E+02  8.62500000E+02  2.54067837E-03  9.85826157E-01  9.88366836E-01  2.50000000E-02  8.31930026E-14  3.92915588E-12 
    1399  9.62500000E+02  8.62500000E+02  9.73706620E-01  1.46602161E-02  9.88366836E-01  2.50000000E-02 -4.80117606E-12  5.48313736E-12 
    1400  9.87500000E+02  8.62500000E+02 -7.52633511E-01  1.74100035E+00  9.88366836E-01  2.50000000E-02 -7.73227993E-15  3.68330021E-12 
    1401  1.25000000E+01  8.87500000E+02  5.55101610E-01  4.33265226E-01  9.88366836E-01  2.50000000E-02 -5.44785492E-14  2.53390245E-12 
    1402  3.75000000E+01  8.87500000E+02 -4.67493575E-01  1.45586041E+00  9.88366836E-01  2.50000000E-02 -2.19089055E-13  2.62435518E-13 
    1403  6.25000000E+01  8.87500000E+02  1.29263602E-01  8.59103234E-01  9.88366836E-01  2.50000000E-02 -3.92099832E-13  2.97388543E-13 
    1404  8.75000000E+01  8.87500000E+02 -1.04465240E-01  1.09283208E+00  9.88366836E-01  2.50000000E-02 -6.18715982E-13  1.70086419E-12 
    1405  1.12500000E+02  8.87500000E+02  6.51993856E-01  3.36372980E-01  9.88366836E-01  2.50000000E-02 -1.39844652E-12  1.38650320E-12 
    1406  1.37500000E+02  8.87500000E+02 -3.88128403E-01  1.37649524E+00  9.88366836E-01  2.50000000E-02 -6.00051991E-13  3.89199042E-13 
    1407  1.62500000E+02  8.87500000E+02 -5.24665436E-01  1.51303227E+00  9.88366836E-01  2.50000000E-02 -4.60498260E-13  4.52839754E-13 
    1408  1.87500000E+02  8.87500000E+02 -7.19673157E-01  1.70803999E+00  9.88366836E-01  2.50000000E-02 -5.87892006E-13  1.07387079E-12 
    1409  2.12500000E+02  8.87500000E+02 -2.54747273E-01  1.24311411E+00  9.88366836E-01  2.50000000E-02 -6.61414192E-13  8.74579379E-13 
    1410  2.37500000E+02  8.87500000E+02  6.83815792E-02  9.19985257E-01  9.88366836E-01  2.50000000E-02 -5.91311706E-13  1.06611627E-12 
    1411  2.62500000E+02  8.87500000E+02  8.39491579E-01  1.48875257E-01  9.88366836E-01  2.50000000E-02 -1.90285947E-12  1.02375401E-12 
    1412  2.87500000E+02  8.87500000E+02  1.15899667E-01  8.72467169E-01  9.88366836E-01  2.50000000E-02 -1.00280983E-12 -4.31068650E-14 
    1413  3.12500000E+02  8.87500000E+02 -5.96846993E-01  1.58521383E+00  9.88366836E-01  2.50000000E-02 -9.99818403E-13 -9.58749533E-14 
    1414  3.37500000E+02  8.87500000E+02 -4.74669581E-02  1.03583379E+00  9.88366836E-01  2.50000000E-02 -1.05495943E-12  2.77480350E-12 
    1415  3.62500000E+02  8.87500000E+02  9.86726756E-01  1.64007933E-03  9.88366836E-01  2.50000000E-02 -1.63549008E-11 -8.40548799E-13 
    1416  3.87500000E+02  8.87500000E+02  2.24678442E-01  7.63688394E-01  9.88366836E-01  2.50000000E-02 -1.93824098E-12  1.07695456E-12 
    1417  4.12500000E+02  8.87500000E+02 -7.30762253E-01  1.71912909E+00  9.88366836E-01  2.50000000E-02 -2.61408103E-12  1.58247535E-13 
    1418  4.37500000E+02  8.87500000E+02  5.75043059E-01  4.13323777E-01  9.88366836E-01  2.50000000E-02 -5.06877176E-12  7.12829528E-13 
    1419  4.62500000E+02  8.87500000E+02 -6.31575044E-01  1.61994188E+00  9.88366836E-01  2.50000000E-02 -5.46124153E-12 -1.34882938E-12 
    1420  4.87500000E+02  8.87500000E+02  1.30468460E-01  8.57898376E-01  9.88366836E-01  2.50000000E-02 -5.39765625E-12 -1.14965448E-12 
    1421  5.12500000E+02  8.87500000E+02 -8.54843183E-02  1.07385115E+00  9.88366836E-01  2.50000000E-02 -5.69705921E-12  1.27153504E-12 
    1422  5.37500000E+02  8.87500000E+02 -4.66690687E-01  1.45505752E+00  9.88366836E-01  2.50000000E-02 -5.81403825E-12  2.07651622E-12 
    1423  5.62500000E+02  8.87500000E+02  1.98478416E-01  7.89888420E-01  9.88366836E-01  2.50000000E-02 -6.45519811E-12  1.31594478E-12 
    1424  5.87500000E+02  8.87500000E+02  6.91373008E-01  2.96993827E-01  9.88366836E-01  2.50000000E-02 -1.00884405E-11  3.08201123E-12 
    1425  6.12500000E+02  8.87500000E+02  4.36357020E-01  5.52009816E-01  9.88366836E-01  2.50000000E-02 -7.87939972E-12 -3.45671295E-12 
    1426  6.37500000E+02  8.87500000E+02 -3.75622754E-01  1.36398959E+00  9.88366836E-01  2.50000000E-02 -6.20276481E-12  3.62453628E-12 
    1427  6.62500000E+02  8.87500000E+02 -4.53691987E-01  1.44205882E+00  9.88366836E-01  2.50000000E-02 -5.56692005E-12  1.66475941E-12 
    1428  6.87500000E+02  8.87500000E+02 -3.82558556E-01  1.37092539E+00  9.88366836E-01  2.50000000E-02 -5.42932167E-12  6.21820113E-12 
    1429  7.12500000E+02  8.87500000E+02  6.95889476E-01  2.92477360E-01  9.88366836E-01  2.50000000E-02 -9.16101259E-12  3.75087437E-13 
    1430  7.37500000E+02  8.87500000E+02 -3.97057235E-02  1.02807256E+00  9.88366836E-01  2.50000000E-02 -7.34804142E-12  5.08814852E-12 
    1431  7.62500000E+02  8.87500000E+02 -3.21406477E-01  1.30977331E+00  9.88366836E-01  2.50000000E-02 -7.02434102E-12 -2.13603014E-12 
    1432  7.87500000E+02  8.87500000E+02 -1.37715400E-01  1.12608224E+00  9.88366836E-01  2.50000000E-02 -7.35827694E-12  3.89001825E-13 
    1433  8.12500000E+02  8.87500000E+02 -1.24653555E-01  1.11302039E+00  9.88366836E-01  2.50000000E-02 -8.10206352E-12  3.19518184E-12 
    1434  8.37500000E+02  8.87500000E+02 -5.31782411E-02  1.04154508E+00  9.88366836E-01  2.50000000E-02 -8.37987826E-12  1.24735992E-12 
    1435  8.62500000E+02  8.87500000E+02 -6.70792831E-01  1.65915967E+00  9.88366836E-01  2.50000000E-02 -7.46011572E-12  1.33922161E-11 
    1436  8.87500000E+02  8.87500000E+02 -1.94368657E-01  1.18273549E+00  9.88366836E-01  2.50000000E-02 -6.77908238E-12 -3.84139131E-13 
    1437  9.12500000E+02  8.87500000E+02 -6.22169355E-02  1.05058377E+00  9.88366836E-01  2.50000000E-02 -6.43979076E-12  1.70547592E-12 
    1438  9.37500000E+02  8.87500000E+02 -2.82240705E-01  1.27060754E+00  9.88366836E-01  2.50000000E-02 -5.22826913E-12  3.81678556E-12 
    1439  9.62500000E+02  8.87500000E+02  1.64184544E-01  8.24182292E-01  9.88366836E-01  2.50000000E-02 -3.38831960E-12 -1.20259757E-12 
    1440  9.87500000E+02  8.87500000E+02 -3.06219751E-02  1.01898881E+00  9.88366836E-01  2.50000000E-02 -1.22376193E-12  4.24430506E-12 
    1441  1.25000000E+01  9.12500000E+02  3.88405572E-01  5.99961264E-01  9.88366836E-01  2.50000000E-02  5.76187528E-14  2.42561215E-12 
    1442  3.75000000E+01  9.12500000E+02  1.51280795E-01  8.37086041E-01  9.88366836E-01  2.50000000E-02 -1.33296264E-13  2.99190502E-13 
    1443  6.25000000E+01  9.12500000E+02 -3.04139805E-01  1.29250664E+00  9.88366836E-01  2.50000000E-02 -4.10022976E-13  4.30785583E-13 
    1444  8.75000000E+01  9.12500000E+02 -7.90098644E-01  1.77846548E+00  9.88366836E-01  2.50000000E-02 -4.98152058E-13  1.51696896E-12 
    1445  1.12500000E+02  9.12500000E+02  7.07785279E-01  2.80581556E-01  9.88366836E-01  2.50000000E-02 -9.54089719E-13  1.22368006E-12 
    1446  1.37500000E+02  9.12500000E+02  8.57594923E-01  1.30771913E-01  9.88366836E-01  2.50000000E-02 -2.07451065E-12  1.06083219E-12 
    1447  1.62500000E+02  9.12500000E+02 -8.07520116E-01  1.79588695E+00  9.88366836E-01  2.50000000E-02 -9.51615478E-13  5.18786674E-13 
    1448  1.87500000E+02  9.12500000E+02  3.35942190E-01  6.52424646E-01  9.88366836E-01  2.50000000E-02 -1.02282180E-12  1.02803955E-12 
    1449  2.12500000E+02  9.12500000E+02 -2.77486749E-01  1.26585358E+00  9.88366836E-01  2.50000000E-02 -7.06468556E-13  6.54547427E-13 
    1450  2.37500000E+02  9.12500000E+02 -3.12058132E-01  1.30042497E+00  9.88366836E-01  2.50000000E-02 -4.54124641E-13  7.36024678E-13 
    1451  2.62500000E+02  9.12500000E+02 -3.83367170E-01  1.37173401E+00  9.88366836E-01  2.50000000E-02 -4.34750455E-13 -3.47516122E-13 
    1452  2.87500000E+02  9.12500000E+02  8.70565118E-01  1.17801718E-01  9.88366836E-01  2.50000000E-02 -2.75614210E-12  1.38578929E-12 
    1453  3.12500000E+02  9.12500000E+02 -7.50646418E-01  1.73901325E+00  9.88366836E-01  2.50000000E-02 -2.93356419E-12  2.12611901E-13 
    1454  3.37500000E+02  9.12500000E+02  4.16096782E-01  5.72270053E-01  9.88366836E-01  2.50000000E-02 -3.04461895E-12  2.67979695E-12 
    1455  3.62500000E+02  9.12500000E+02 -3.92942277E-01  1.38130911E+00  9.88366836E-01  2.50000000E-02 -2.67426859E-12  4.13206636E-12 
    1456  3.87500000E+02  9.12500000E+02 -9.57833220E-01  1.94620006E+00  9.88366836E-01  2.50000000E-02 -2.49182424E-12  1.81948100E-12 
    1457  4.12500000E+02  9.12500000E+02 -3.25219041E-01  1.31358588E+00  9.88366836E-01  2.50000000E-02 -2.76126153E-12 -1.17530228E-13 
    1458  4.37500000E+02  9.12500000E+02  2.64936649E-01  7.23430187E-01  9.88366836E-01  2.50000000E-02 -4.00913651E-12 -3.48568335E-13 
    1459  4.62500000E+02  9.12500000E+02  6.83520915E-01  3.04845920E-01  9.88366836E-01  2.50000000E-02 -5.77658105E-12 -1.50344615E-12 
    1460  4.87500000E+02  9.12500000E+02 -8.15006038E-02  1.06986744E+00  9.88366836E-01  2.50000000E-02 -3.43172443E-12 -3.55957608E-13 
    1461  5.12500000E+02  9.12500000E+02 -5.83436561E-01  1.57180340E+00  9.88366836E-01  2.50000000E-02 -3.28534793E-12  1.74478229E-12 
    1462  5.37500000E+02  9.12500000E+02 -8.37726170E-01  1.82609301E+00  9.88366836E-01  2.50000000E-02 -3.12859522E-12  1.29528163E-12 
    1463  5.62500000E+02  9.12500000E+02 -5.10982256E-01  1.49934909E+00  9.88366836E-01  2.50000000E-02 -3.32889806E-12 -5.44771817E-13 
    1464  5.87500000E+02  9.12500000E+02  2.44398885E-01  7.43967951E-01  9.88366836E-01  2.50000000E-02 -5.45894350E-12  2.57733188E-12 
    1465  6.12500000E+02  9.12500000E+02 -9.47668472E-01  1.93603531E+00  9.88366836E-01  2.50000000E-02 -4.45824447E-12 -2.72512835E-12 
    1466  6.37500000E+02  9.12500000E+02 -5.51132154E-01  1.53949899E+00  9.88366836E-01  2.50000000E-02 -4.11817732E-12  3.05767299E-12 
    1467  6.62500000E+02  9.12500000E+02  5.83388787E-01  4.04978049E-01  9.88366836E-01  2.50000000E-02 -6.37143957E-12  2.15532143E-12 
    1468  6.87500000E+02  9.12500000E+02  1.67800515E-01  8.20566320E-01  9.88366836E-01  2.50000000E-02 -6.31603178E-12  3.45794198E-12 
    1469  7.12500000E+02  9.12500000E+02  7.84184367E-01  2.04182469E-01  9.88366836E-01  2.50000000E-02 -4.18586318E-12 -1.02276782E-12 
    1470  7.37500000E+02  9.12500000E+02 -4.43871320E-02  1.03275397E+00  9.88366836E-01  2.50000000E-02  6.97258247E-13  4.89333137E-12 
    1471  7.62500000E+02  9.12500000E+02 -2.68744283E-01  1.25711112E+00  9.88366836E-01  2.50000000E-02  1.13295580E-12 -2.13742417E-12 
    1472  7.87500000E+02  9.12500000E+02 -9.53819213E-03  9.97905028E-01  9.88366836E-01  2.50000000E-02  1.16119631E-12  3.19898553E-13 
    1473  8.12500000E+02  9.12500000E+02 -4.55987203E-01  1.44435404E+00  9.88366836E-01  2.50000000E-02  9.59641308E-13  3.18323161E-12 
    1474  8.37500000E+02  9.12500000E+02  7.36070775E-01  2.52296060E-01  9.88366836E-01  2.50000000E-02 -8.60823427E-13  2.33907793E-12 
    1475  8.62500000E+02  9.12500000E+02  7.59808647E-02  9.12385971E-01  9.88366836E-01  2.50000000E-02  2.33206518E-12  1.06574878E-11 
    1476  8.87500000E+02  9.12500000E+02 -9.92158611E-01  1.98052545E+00  9.88366836E-01  2.50000000E-02  2.56340323E-12 -4.60514846E-13 
    1477  9.12500000E+02  9.12500000E+02  3.02283360E-01  6.86083476E-01  9.88366836E-01  2.50000000E-02  2.12475437E-12  1.52729537E-12 
    1478  9.37500000E+02  9.12500000E+02  9.20759821E-01  6.76070151E-02  9.88366836E-01  2.50000000E-02  2.98734732E-12  2.66949681E-12 
    1479  9.62500000E+02  9.12500000E+02 -5.80980122E-01  1.56934696E+00  9.88366836E-01  2.50000000E-02 -1.24903301E-12 -1.15997875E-12 
    1480  9.87500000E+02  9.12500000E+02  5.28786169E-01  4.59580667E-01  9.88366836E-01  2.50000000E-02 -7.15282794E-13  2.93513650E-12 
    1481  1.25000000E+01  9.37500000E+02  7.34919795E-01  2.53447040E-01  9.88366836E-01  2.50000000E-02  2.94258908E-13  2.77529504E-12 
    1482  3.75000000E+01  9.37500000E+02 -8.75809183E-01  1.86417602E+00  9.88366836E-01  2.50000000E-02  1.88755328E-13  1.46446110E-13 
    1483  6.25000000E+01  9.37500000E+02  4.82332735E-01  5.06034101E-01  9.88366836E-01  2.50000000E-02 -5.00527506E-14  7.90052059E-13 
    1484  8.75000000E+01  9.37500000E+02  2.98046826E-01  6.90320009E-01  9.88366836E-01  2.50000000E-02 -1.35410823E-13  1.23526542E-12 
    1485  1.12500000E+02  9.37500000E+02  9.53217469E-01  3.51493673E-02  9.88366836E-01  2.50000000E-02 -1.36136150E-12  1.03514542E-12 
    1486  1.37500000E+02  9.37500000E+02  1.48860910E-01  8.39505926E-01  9.88366836E-01  2.50000000E-02 -8.95328019E-13  3.49606022E-14 
    1487  1.62500000E+02  9.37500000E+02  6.29629172E-01  3.58737664E-01  9.88366836E-01  2.50000000E-02 -9.39436354E-13  1.34465354E-12 
    1488  1.87500000E+02  9.37500000E+02 -3.04770272E-01  1.29313711E+00  9.88366836E-01  2.50000000E-02 -1.21207056E-12  4.50310032E-13 
    1489  2.12500000E+02  9.37500000E+02  8.65550920E-01  1.22815916E-01  9.88366836E-01  2.50000000E-02 -2.29804212E-12  2.00533774E-12 
    1490  2.37500000E+02  9.37500000E+02  8.68394624E-01  1.19972212E-01  9.88366836E-01  2.50000000E-02 -2.84127189E-12  1.24904830E-12 
    1491  2.62500000E+02  9.37500000E+02 -8.26868350E-01  1.81523519E+00  9.88366836E-01  2.50000000E-02 -6.90458259E-13 -1.99297308E-13 
    1492  2.87500000E+02  9.37500000E+02 -9.47225403E-01  1.93559224E+00  9.88366836E-01  2.50000000E-02 -9.71809470E-13  5.62705649E-13 
    1493  3.12500000E+02  9.37500000E+02 -1.30141149E-01  1.11850799E+00  9.88366836E-01  2.50000000E-02 -1.86523150E-12  7.12316479E-13 
    1494  3.37500000E+02  9.37500000E+02  2.38649677E-01  7.49717158E-01  9.88366836E-01  2.50000000E-02 -2.90190341E-12  2.04037232E-12 
    1495  3.62500000E+02  9.37500000E+02  6.68767066E-01  3.19599770E-01  9.88366836E-01  2.50000000E-02 -5.46113528E-12  4.08534113E-12 
    1496  3.87500000E+02  9.37500000E+02  4.87360395E-01  5.01006441E-01  9.88366836E-01  2.50000000E-02 -5.41549210E-12  2.55626140E-12 
    1497  4.12500000E+02  9.37500000E+02  2.94828656E-01  6.93538180E-01  9.88366836E-01  2.50000000E-02 -5.25936421E-12 -9.13095257E-13 
    1498  4.37500000E+02  9.37500000E+02  1.98095948E-01  7.90270888E-01  9.88366836E-01  2.50000000E-02 -5.45957594E-12 -8.60740354E-13 
    1499  4.62500000E+02  9.37500000E+02 -9.78490582E-01  1.96685742E+00  9.88366836E-01  2.50000000E-02 -3.44865854E-12  6.23617305E-15 
    1500  4.87500000E+02  9.37500000E+02 -9.35325731E-01  1.92369257E+00  9.88366836E-01  2.50000000E-02 -2.90954455E-12  3.06587975E-13 
    1501  5.12500000E+02  9.37500000E+02 -9.56784893E-01  1.94515173E+00  9.88366836E-01  2.50000000E-02 -3.34196887E-12  1.81603533E-12 
    1502  5.37500000E+02  9.37500000E+02  2.98263193E-01  6.90103643E-01  9.88366836E-01  2.50000000E-02 -5.33298709E-12  1.24262328E-12 
    1503  5.62500000E+02  9.37500000E+02  3.15803437E-01  6.72563399E-01  9.88366836E-01  2.50000000E-02 -6.16160325E-12 -1.11148510E-12 
    1504  5.87500000E+02  9.37500000E+02 -4.35304940E-01  1.42367178E+00  9.88366836E-01  2.50000000E-02 -7.98864038E-12  2.25101370E-12 
    1505  6.12500000E+02  9.37500000E+02  6.58213495E-01  3.30153341E-01  9.88366836E-01  2.50000000E-02 -1.15410287E-11 -1.88444646E-12 
    1506  6.37500000E+02  9.37500000E+02  2.65929123E-01  7.22437712E-01  9.88366836E-01  2.50000000E-02 -9.09818797E-12  2.82836240E-12 
    1507  6.62500000E+02  9.37500000E+02  2.53591048E-01  7.34775788E-01  9.88366836E-01  2.50000000E-02 -9.24652023E-12  2.14164180E-12 
    1508  6.87500000E+02  9.37500000E+02  4.20484636E-01  5.67882200E-01  9.88366836E-01  2.50000000E-02 -9.96667810E-12  2.47961701E-12 
    1509  7.12500000E+02  9.37500000E+02  9.27306853E-02  8.95636150E-01  9.88366836E-01  2.50000000E-02 -8.46912292E-12 -1.02341607E-12 
    1510  7.37500000E+02  9.37500000E+02  2.49961450E-01  7.38405386E-01  9.88366836E-01  2.50000000E-02 -6.93040851E-12  4.07774500E-12 
    1511  7.62500000E+02  9.37500000E+02 -6.40387268E-01  1.62875410E+00  9.88366836E-01  2.50000000E-02 -4.79892787E-12 -2.00473583E-12 
    1512  7.87500000E+02  9.37500000E+02 -7.41023022E-01  1.72938986E+00  9.88366836E-01  2.50000000E-02 -4.48249676E-12  2.83355684E-13 
    1513  8.12500000E+02  9.37500000E+02 -6.82917758E-01  1.67128459E+00  9.88366836E-01  2.50000000E-02 -4.75597432E-12  3.03507414E-12 
    1514  8.37500000E+02  9.37500000E+02  1.12980395E-01  8.75386441E-01  9.88366836E-01  2.50000000E-02 -5.67080591E-12  2.54384724E-12 
    1515  8.62500000E+02  9.37500000E+02  2.45730310E-01  7.42636526E-01  9.88366836E-01  2.50000000E-02 -4.43784809E-12  7.92412359E-12 
    1516  8.87500000E+02  9.37500000E+02 -2.26569120E-01  1.21493596E+00  9.88366836E-01  2.50000000E-02 -2.16936133E-12 -1.22930966E-13 
    1517  9.12500000E+02  9.37500000E+02 -5.49723705E-01  1.53809054E+00  9.88366836E-01  2.50000000E-02 -1.55475951E-12  1.60168830E-12 
    1518  9.37500000E+02  9.37500000E+02 -2.41878206E-01  1.23024504E+00  9.88366836E-01  2.50000000E-02 -1.18913244E-12 -1.08071024E-12 
    1519  9.62500000E+02  9.37500000E+02  5.59834469E-01  4.28532367E-01  9.88366836E-01  2.50000000E-02 -7.73117509E-13 -1.26276596E-12 
    1520  9.87500000E+02  9.37500000E+02 -6.51116848E-01  1.63948368E+00  9.88366836E-01  2.50000000E-02 -9.56085878E-14  4.52399009E-13 
    1521  1.25000000E+01  9.62500000E+02  8.96722093E-01  9.16447423E-02  9.88366836E-01  2.50000000E-02 -7.14343872E-13  2.51145970E-12 
    1522  3.75000000E+01  9.62500000E+02 -8.42159858E-01  1.83052669E+00  9.88366836E-01  2.50000000E-02 -1.82489759E-12  1.36602193E-13 
    1523  6.25000000E+01  9.62500000E+02  7.35773468E-01  2.52593368E-01  9.88366836E-01  2.50000000E-02 -2.27573370E-12  8.87714092E-13 
    1524  8.75000000E+01  9.62500000E+02 -4.75535013E-01  1.46390185E+00  9.88366836E-01  2.50000000E-02 -2.32021479E-12  1.02940280E-12 
    1525  1.12500000E+02  9.62500000E+02  7.68205346E-01  2.20161490E-01  9.88366836E-01  2.50000000E-02 -2.10876524E-12 -6.82322169E-13 
    1526  1.37500000E+02  9.62500000E+02 -3.04672445E-01  1.29303928E+00  9.88366836E-01  2.50000000E-02 -1.78680171E-12 -6.13158660E-14 
    1527  1.62500000E+02  9.62500000E+02  5.74915790E-01  4.13451046E-01  9.88366836E-01  2.50000000E-02 -1.56992195E-12  7.32541633E-13 
    1528  1.87500000E+02  9.62500000E+02 -3.92427551E-01  1.38079439E+00  9.88366836E-01  2.50000000E-02 -1.03171336E-12  2.88611933E-13 
    1529  2.12500000E+02  9.62500000E+02 -5.88412673E-02  1.04720810E+00  9.88366836E-01  2.50000000E-02 -1.14059320E-12 -6.02883058E-14 
    1530  2.37500000E+02  9.62500000E+02  5.45428619E-01  4.42938217E-01  9.88366836E-01  2.50000000E-02 -2.27239865E-12  6.59726007E-14 
    1531  2.62500000E+02  9.62500000E+02 -7.43832154E-02  1.06275005E+00  9.88366836E-01  2.50000000E-02 -1.77455405E-12  2.30446628E-13 
    1532  2.87500000E+02  9.62500000E+02 -8.95814017E-02  1.07794824E+00  9.88366836E-01  2.50000000E-02 -1.86419874E-12  4.07124423E-13 
    1533  3.12500000E+02  9.62500000E+02  3.83351312E-01  6.05015524E-01  9.88366836E-01  2.50000000E-02 -2.60387693E-12  5.87115349E-13 
    1534  3.37500000E+02  9.62500000E+02  1.64148860E-01  8.24217976E-01  9.88366836E-01  2.50000000E-02 -2.96561855E-12  1.09131198E-12 
    1535  3.62500000E+02  9.62500000E+02  6.71659560E-01  3.16707276E-01  9.88366836E-01  2.50000000E-02 -3.23574707E-12  3.19466994E-12 
    1536  3.87500000E+02  9.62500000E+02  5.99661382E-01  3.88705453E-01  9.88366836E-01  2.50000000E-02 -3.03429526E-12  2.69009092E-12 
    1537  4.12500000E+02  9.62500000E+02  9.46653930E-01  4.17129062E-02  9.88366836E-01  2.50000000E-02 -1.22846775E-11  3.77142779E-12 
    1538  4.37500000E+02  9.62500000E+02  8.56148547E-01  1.32218289E-01  9.88366836E-01  2.50000000E-02 -1.23473181E-11  1.65597957E-12 
    1539  4.62500000E+02  9.62500000E+02 -9.11244148E-01  1.89961098E+00  9.88366836E-01  2.50000000E-02 -8.28217521E-12  1.39071726E-13 
    1540  4.87500000E+02  9.62500000E+02  7.41694063E-01  2.46672773E-01  9.88366836E-01  2.50000000E-02 -7.10477685E-12  4.72573680E-13 
    1541  5.12500000E+02  9.62500000E+02  2.66200869E-01  7.22165967E-01  9.88366836E-01  2.50000000E-02 -7.78136486E-12  8.50782997E-13 
    1542  5.37500000E+02  9.62500000E+02  7.96732860E-01  1.91633975E-01  9.88366836E-01  2.50000000E-02 -8.15822531E-12  2.05187220E-12 
    1543  5.62500000E+02  9.62500000E+02  5.98661757E-01  3.89705078E-01  9.88366836E-01  2.50000000E-02 -6.72246937E-12  1.14582797E-13 
    1544  5.87500000E+02  9.62500000E+02  6.19124027E-01  3.69242809E-01  9.88366836E-01  2.50000000E-02 -5.79221124E-12  1.77560687E-12 
    1545  6.12500000E+02  9.62500000E+02 -4.32051852E-01  1.42041869E+00  9.88366836E-01  2.50000000E-02 -2.40897853E-12 -1.53402893E-12 
    1546  6.37500000E+02  9.62500000E+02 -7.08649779E-01  1.69701661E+00  9.88366836E-01  2.50000000E-02 -2.01594154E-12  2.92630609E-12 
    1547  6.62500000E+02  9.62500000E+02  5.82485926E-01  4.05880910E-01  9.88366836E-01  2.50000000E-02 -2.15444432E-12  1.02508430E-12 
    1548  6.87500000E+02  9.62500000E+02  9.49551748E-01  3.88150875E-02  9.88366836E-01  2.50000000E-02 -7.97844415E-12  5.45205832E-12 
    1549  7.12500000E+02  9.62500000E+02  6.77367560E-01  3.10999275E-01  9.88366836E-01  2.50000000E-02 -3.25487496E-12  2.04016603E-13 
    1550  7.37500000E+02  9.62500000E+02  5.27567504E-01  4.60799332E-01  9.88366836E-01  2.50000000E-02 -1.86168404E-12  2.54888417E-12 
    1551  7.62500000E+02  9.62500000E+02  5.84450674E-01  4.03916162E-01  9.88366836E-01  2.50000000E-02 -1.51149041E-12 -3.85271101E-13 
    1552  7.87500000E+02  9.62500000E+02  1.27239764E-01  8.61127072E-01  9.88366836E-01  2.50000000E-02 -1.79665512E-12  3.18237229E-13 
    1553  8.12500000E+02  9.62500000E+02  4.08184924E-01  5.80181912E-01  9.88366836E-01  2.50000000E-02 -1.71514964E-12  2.40170565E-12 
    1554  8.37500000E+02  9.62500000E+02  9.69415757E-01  1.89510784E-02  9.88366836E-01  2.50000000E-02 -4.90113000E-12  2.85560675E-12 
    1555  8.62500000E+02  9.62500000E+02 -4.55126912E-01  1.44349375E+00  9.88366836E-01  2.50000000E-02  1.70164608E-12  3.92652909E-12 
    1556  8.87500000E+02  9.62500000E+02 -3.50936499E-02  1.02346049E+00  9.88366836E-01  2.50000000E-02  1.74604555E-12 -2.88471627E-14 
    1557  9.12500000E+02  9.62500000E+02  3.37572878E-01  6.50793958E-01  9.88366836E-01  2.50000000E-02  1.82566108E-12  7.30437565E-13 
    1558  9.37500000E+02  9.62500000E+02 -8.75588298E-01  1.86395513E+00  9.88366836E-01  2.50000000E-02  1.68504213E-12 -8.26859285E-13 
    1559  9.62500000E+02  9.62500000E+02  4.93574482E-01  4.94792354E-01  9.88366836E-01  2.50000000E-02  7.56665705E-13 -1.08446679E-12 
    1560  9.87500000E+02  9.62500000E+02 -5.51021495E-01  1.53938833E+00  9.88366836E-01  2.50000000E-02  1.69430210E-14  2.22820916E-13 
    1561  1.25000000E+01  9.87500000E+02  7.80190091E-01  2.08176745E-01  9.88366836E-01  2.50000000E-02 -1.77187872E-13  4.25760133E-13 
    1562  3.75000000E+01  9.87500000E+02 -1.81548055E-02  1.00652164E+00  9.88366836E-01  2.50000000E-02 -3.20175239E-13  1.27942412E-13 
    1563  6.25000000E+01  9.87500000E+02  7.71319893E-01  2.17046943E-01  9.88366836E-01  2.50000000E-02 -5.06105270E-13  4.30530977E-13 
    1564  8.75000000E+01  9.87500000E+02  8.88495144E-01  9.98716920E-02  9.88366836E-01  2.50000000E-02 -1.61213781E-12  8.38690812E-13 
    1565  1.12500000E+02  9.87500000E+02  4.92368360E-01  4.95998476E-01  9.88366836E-01  2.50000000E-02 -1.27042715E-12 -1.55657181E-13 
    1566  1.37500000E+02  9.87500000E+02 -4.30424939E-01  1.41879177E+00  9.88366836E-01  2.50000000E-02 -7.70811059E-13 -4.49940594E-14 
    1567  1.62500000E+02  9.87500000E+02 -5.44610253E-01  1.53297709E+00  9.88366836E-01  2.50000000E-02 -8.50055648E-13  5.16281844E-14 
    1568  1.87500000E+02  9.87500000E+02  1.28043422E-01  8.60323413E-01  9.88366836E-01  2.50000000E-02 -1.41075723E-12  1.93880083E-13 
    1569  2.12500000E+02  9.87500000E+02  4.76008640E-01  5.12358196E-01  9.88366836E-01  2.50000000E-02 -2.20503636E-12 -1.10154042E-13 
    1570  2.37500000E+02  9.87500000E+02 -2.24396448E-01  1.21276328E+00  9.88366836E-01  2.50000000E-02 -2.51187931E-12  2.80325023E-15 
    1571  2.62500000E+02  9.87500000E+02  3.63342812E-01  6.25024024E-01  9.88366836E-01  2.50000000E-02 -2.36325868E-12  3.08548565E-13 
    1572  2.87500000E+02  9.87500000E+02  1.71146563E-01  8.17220273E-01  9.88366836E-01  2.50000000E-02 -1.98239531E-12  1.09574376E-13 
    1573  3.12500000E+02  9.87500000E+02 -2.55419759E-01  1.24378659E+00  9.88366836E-01  2.50000000E-02 -1.38148345E-12  1.16540454E-13 
    1574  3.37500000E+02  9.87500000E+02 -8.66685646E-01  1.85505248E+00  9.88366836E-01  2.50000000E-02 -9.57277956E-13  1.45030389E-13 
    1575  3.62500000E+02  9.87500000E+02 -4.65567840E-01  1.45393468E+00  9.88366836E-01  2.50000000E-02 -6.29707391E-13  2.15099715E-13 
    1576  3.87500000E+02  9.87500000E+02 -4.61431498E-01  1.44979833E+00  9.88366836E-01  2.50000000E-02 -3.39980468E-13  2.09474896E-13 
    1577  4.12500000E+02  9.87500000E+02 -2.80989792E-01  1.26935663E+00  9.88366836E-01  2.50000000E-02 -2.77954361E-13  2.58958237E-14 
    1578  4.37500000E+02  9.87500000E+02  7.01271443E-01  2.87095393E-01  9.88366836E-01  2.50000000E-02 -1.07062766E-12  9.76550122E-13 
    1579  4.62500000E+02  9.87500000E+02  9.85313228E-01  3.05360805E-03  9.88366836E-01  2.50000000E-02 -1.97704023E-11  2.35750741E-11 
    1580  4.87500000E+02  9.87500000E+02 -5.00564128E-01  1.48893096E+00  9.88366836E-01  2.50000000E-02 -3.05114280E-13  1.88559764E-14 
    1581  5.12500000E+02  9.87500000E+02  4.67460687E-02  9.41620767E-01  9.88366836E-01  2.50000000E-02 -2.31258262E-13  2.04434135E-13 
    1582  5.37500000E+02  9.87500000E+02 -3.67814905E-01  1.35618174E+00  9.88366836E-01  2.50000000E-02 -1.36790871E-13  6.71859979E-14 
    1583  5.62500000E+02  9.87500000E+02 -2.25677842E-01  1.21404468E+00  9.88366836E-01  2.50000000E-02 -1.26495256E-13  1.17710243E-13 
    1584  5.87500000E+02  9.87500000E+02  9.68637570E-01  1.97292654E-02  9.88366836E-01  2.50000000E-02 -8.25063462E-12  2.26931965E-12 
    1585  6.12500000E+02  9.87500000E+02  8.61150098E-01  1.27216738E-01  9.88366836E-01  2.50000000E-02 -4.16820906E-12  4.15076340E-14 
    1586  6.37500000E+02  9.87500000E+02  4.40708159E-01  5.47658677E-01  9.88366836E-01  2.50000000E-02 -4.61700225E-13  5.93879487E-13 
    1587  6.62500000E+02  9.87500000E+02 -4.93636618E-01  1.48200345E+00  9.88366836E-01  2.50000000E-02 -2.29288767E-13  7.03235387E-15 
    1588  6.87500000E+02  9.87500000E+02  2.86862288E-02  9.59680607E-01  9.88366836E-01  2.50000000E-02 -4.21564994E-13  2.69508976E-14 
    1589  7.12500000E+02  9.87500000E+02  8.13472892E-01  1.74893944E-01  9.88366836E-01  2.50000000E-02 -2.15606320E-12  7.14422184E-13 
    1590  7.37500000E+02  9.87500000E+02 -1.47160918E-01  1.13552775E+00  9.88366836E-01  2.50000000E-02  4.52516715E-14  3.60754330E-13 
    1591  7.62500000E+02  9.87500000E+02 -4.87373231E-01  1.47574007E+00  9.88366836E-01  2.50000000E-02  4.10417112E-14 -3.29408622E-14 
    1592  7.87500000E+02  9.87500000E+02  1.47170481E-01  8.41196355E-01  9.88366836E-01  2.50000000E-02 -2.17185190E-13  1.54421434E-13 
    1593  8.12500000E+02  9.87500000E+02  7.84715252E-01  2.03651584E-01  9.88366836E-01  2.50000000E-02 -6.05168762E-13  7.24931561E-13 
    1594  8.37500000E+02  9.87500000E+02  8.76695779E-01  1.11671057E-01  9.88366836E-01  2.50000000E-02 -1.65046933E-12  1.52445835E-14 
    1595  8.62500000E+02  9.87500000E+02 -4.94772749E-03  9.93314563E-01  9.88366836E-01  2.50000000E-02  1.74524261E-12  1.22733296E-12 
    1596  8.87500000E+02  9.87500000E+02 -3.80833447E-01  1.36920028E+00  9.88366836E-01  2.50000000E-02  1.55057586E-12  5.93912109E-14 
    1597  9.12500000E+02  9.87500000E+02 -7.36947486E-01  1.72531432E+00  9.88366836E-01  2.50000000E-02  1.21328422E-12  9.52381701E-14 
    1598  9.37500000E+02  9.87500000E+02 -7.00983651E-01  1.68935049E+00  9.88366836E-01  2.50000000E-02  1.16517347E-12 -3.23011235E-13 
    1599  9.62500000E+02  9.87500000E+02  5.93900250E-01  3.94466586E-01  9.88366836E-01  2.50000000E-02  9.10646849E-13 -3.05531174E-13 
    1600  9.87500000E+02  9.87500000E+02  6.22605174E-01  3.65761662E-01  9.88366836E-01  2.50000000E-02  1.40254817E-13  1.84006550E-13 
