 # Gnuplot DataFile Version
 # i x y bathy h zs Manning u v
       1  1.25000000E+01  1.25000000E+01  4.46335605E-01  5.42031230E-01  9.88366836E-01  2.50000000E-02 -1.87120378E-13  3.43604608E-14 
       2  3.75000000E+01  1.25000000E+01 -6.05345608E-03  9.94420292E-01  9.88366836E-01  2.50000000E-02 -3.33235590E-13 -2.68336393E-14 
       3  6.25000000E+01  1.25000000E+01 -5.49514821E-01  1.53788166E+00  9.88366836E-01  2.50000000E-02 -4.83290129E-13 -4.62229605E-15 
       4  8.75000000E+01  1.25000000E+01  7.91149585E-01  1.97217250E-01  9.88366836E-01  2.50000000E-02 -3.29581270E-12  5.09882237E-13 
       5  1.12500000E+02  1.25000000E+01  6.13669961E-02  9.26999840E-01  9.88366836E-01  2.50000000E-02 -3.24049900E-12  1.44494520E-15 
       6  1.37500000E+02  1.25000000E+01  6.27517616E-01  3.60849220E-01  9.88366836E-01  2.50000000E-02 -4.85336320E-13 -2.57747895E-12 
       7  1.62500000E+02  1.25000000E+01  2.46381453E-01  7.41985383E-01  9.88366836E-01  2.50000000E-02  1.37166271E-12 -1.35190615E-13 
       8  1.87500000E+02  1.25000000E+01  3.71292612E-01  6.17074224E-01  9.88366836E-01  2.50000000E-02  1.17978088E-12  3.45775742E-13 
       9  2.12500000E+02  1.25000000E+01  9.46004258E-01  4.23625780E-02  9.88366836E-01  2.50000000E-02  1.69253232E-12 -8.24476398E-13 
      10  2.37500000E+02  1.25000000E+01  5.74937168E-01  4.13429667E-01  9.88366836E-01  2.50000000E-02  1.91697976E-12 -1.14749175E-12 
      11  2.62500000E+02  1.25000000E+01  4.39255120E-02  9.44441324E-01  9.88366836E-01  2.50000000E-02  1.14798862E-12 -1.08239804E-13 
      12  2.87500000E+02  1.25000000E+01 -4.09949661E-02  1.02936180E+00  9.88366836E-01  2.50000000E-02  1.00388274E-12  1.73128307E-14 
      13  3.12500000E+02  1.25000000E+01  4.38687919E-01  5.49678917E-01  9.88366836E-01  2.50000000E-02  9.93165668E-13  3.16563129E-14 
      14  3.37500000E+02  1.25000000E+01 -7.91228831E-02  1.06748972E+00  9.88366836E-01  2.50000000E-02  1.27336780E-12 -4.30069469E-13 
      15  3.62500000E+02  1.25000000E+01  2.44044062E-01  7.44322773E-01  9.88366836E-01  2.50000000E-02  1.16209242E-12  3.17883025E-13 
      16  3.87500000E+02  1.25000000E+01 -6.85643526E-01  1.67401036E+00  9.88366836E-01  2.50000000E-02  8.73382624E-13 -1.62752511E-13 
      17  4.12500000E+02  1.25000000E+01  2.59727577E-02  9.62394078E-01  9.88366836E-01  2.50000000E-02  2.07964518E-12 -1.19773911E-12 
      18  4.37500000E+02  1.25000000E+01 -5.16011811E-01  1.50437865E+00  9.88366836E-01  2.50000000E-02  3.04877081E-12 -5.49897807E-13 
      19  4.62500000E+02  1.25000000E+01 -9.20531819E-01  1.90889865E+00  9.88366836E-01  2.50000000E-02  3.80502587E-12 -3.88980553E-14 
      20  4.87500000E+02  1.25000000E+01  2.92289694E-01  6.96077142E-01  9.88366836E-01  2.50000000E-02  6.63550630E-12 -2.41588434E-13 
      21  5.12500000E+02  1.25000000E+01 -6.29697380E-01  1.61806422E+00  9.88366836E-01  2.50000000E-02  6.33082154E-12 -1.53273714E-13 
      22  5.37500000E+02  1.25000000E+01  1.38086539E-01  8.50280297E-01  9.88366836E-01  2.50000000E-02  5.51295036E-12  3.44209017E-13 
      23  5.62500000E+02  1.25000000E+01 -7.46759496E-01  1.73512633E+00  9.88366836E-01  2.50000000E-02  6.06732016E-12  3.30725927E-13 
      24  5.87500000E+02  1.25000000E+01  7.38600993E-01  2.49765843E-01  9.88366836E-01  2.50000000E-02  1.15279074E-11  4.04721935E-13 
      25  6.12500000E+02  1.25000000E+01 -7.02905248E-01  1.69127208E+00  9.88366836E-01  2.50000000E-02  1.09998864E-11  1.56408924E-13 
      26  6.37500000E+02  1.25000000E+01  8.08237824E-01  1.80129012E-01  9.88366836E-01  2.50000000E-02  1.06191453E-11  6.52140357E-14 
      27  6.62500000E+02  1.25000000E+01  2.71836042E-01  7.16530794E-01  9.88366836E-01  2.50000000E-02  5.13703997E-12 -1.10409618E-12 
      28  6.87500000E+02  1.25000000E+01  1.36223681E-01  8.52143155E-01  9.88366836E-01  2.50000000E-02  4.90575092E-12 -8.06734669E-13 
      29  7.12500000E+02  1.25000000E+01 -3.85249797E-01  1.37361663E+00  9.88366836E-01  2.50000000E-02  4.33117080E-12 -1.46895857E-13 
      30  7.37500000E+02  1.25000000E+01 -2.31877380E-01  1.22024422E+00  9.88366836E-01  2.50000000E-02  3.69423678E-12  5.89026249E-13 
      31  7.62500000E+02  1.25000000E+01  1.13778251E-01  8.74588585E-01  9.88366836E-01  2.50000000E-02  3.20825113E-12  1.87432459E-13 
      32  7.87500000E+02  1.25000000E+01 -2.03716185E-01  1.19208302E+00  9.88366836E-01  2.50000000E-02  2.31693099E-12  3.56364199E-14 
      33  8.12500000E+02  1.25000000E+01 -8.01970376E-01  1.79033721E+00  9.88366836E-01  2.50000000E-02  1.74514271E-12  5.84877656E-14 
      34  8.37500000E+02  1.25000000E+01 -2.45458514E-01  1.23382535E+00  9.88366836E-01  2.50000000E-02  1.62148680E-12  4.41423969E-13 
      35  8.62500000E+02  1.25000000E+01  6.55172082E-01  3.33194753E-01  9.88366836E-01  2.50000000E-02  1.66264249E-12  1.10263568E-13 
      36  8.87500000E+02  1.25000000E+01 -7.59466771E-01  1.74783361E+00  9.88366836E-01  2.50000000E-02  5.88038180E-13 -8.25131725E-14 
      37  9.12500000E+02  1.25000000E+01 -1.48571111E-01  1.13693795E+00  9.88366836E-01  2.50000000E-02  4.63946924E-13 -6.60575052E-14 
      38  9.37500000E+02  1.25000000E+01 -9.38289085E-01  1.92665592E+00  9.88366836E-01  2.50000000E-02  5.00077130E-13  8.43894873E-15 
      39  9.62500000E+02  1.25000000E+01  6.10300161E-01  3.78066674E-01  9.88366836E-01  2.50000000E-02  6.02117430E-13 -8.19140753E-14 
      40  9.87500000E+02  1.25000000E+01 -2.47851854E-01  1.23621869E+00  9.88366836E-01  2.50000000E-02  6.66047180E-14  2.47582943E-15 
      41  1.25000000E+01  3.75000000E+01 -5.98248598E-03  9.94349322E-01  9.88366836E-01  2.50000000E-02 -3.43288303E-14 -2.34487091E-14 
      42  3.75000000E+01  3.75000000E+01 -2.67561176E-01  1.25592801E+00  9.88366836E-01  2.50000000E-02  2.69927651E-14 -2.11851820E-13 
      43  6.25000000E+01  3.75000000E+01 -5.60496726E-01  1.54886356E+00  9.88366836E-01  2.50000000E-02  9.96875246E-14 -2.80794914E-14 
      44  8.75000000E+01  3.75000000E+01  6.36443375E-01  3.51923461E-01  9.88366836E-01  2.50000000E-02  1.31632278E-13  4.85988891E-13 
      45  1.12500000E+02  3.75000000E+01  9.86166516E-01  2.20032010E-03  9.88366836E-01  2.50000000E-02 -1.73726102E-11 -1.23030552E-11 
      46  1.37500000E+02  3.75000000E+01 -5.10431734E-01  1.49879857E+00  9.88366836E-01  2.50000000E-02  4.39313828E-12 -8.84495604E-12 
      47  1.62500000E+02  3.75000000E+01 -4.55747954E-01  1.44411479E+00  9.88366836E-01  2.50000000E-02  4.02483336E-12  2.83070911E-13 
      48  1.87500000E+02  3.75000000E+01 -9.26617771E-01  1.91498461E+00  9.88366836E-01  2.50000000E-02  2.96510676E-12  1.04822074E-12 
      49  2.12500000E+02  3.75000000E+01 -6.05654847E-01  1.59402168E+00  9.88366836E-01  2.50000000E-02  2.03214658E-12  1.90956673E-12 
      50  2.37500000E+02  3.75000000E+01 -4.45395756E-01  1.43376259E+00  9.88366836E-01  2.50000000E-02  1.81405750E-12 -1.75153241E-12 
      51  2.62500000E+02  3.75000000E+01  6.78131645E-01  3.10235191E-01  9.88366836E-01  2.50000000E-02  3.13602794E-12 -5.05228947E-13 
      52  2.87500000E+02  3.75000000E+01  4.31827320E-01  5.56539516E-01  9.88366836E-01  2.50000000E-02  2.71597907E-12  5.76964192E-13 
      53  3.12500000E+02  3.75000000E+01  9.58920598E-01  2.94462374E-02  9.88366836E-01  2.50000000E-02 -8.19046966E-13  4.05619462E-12 
      54  3.37500000E+02  3.75000000E+01 -1.43604037E-01  1.13197087E+00  9.88366836E-01  2.50000000E-02 -7.95922298E-13 -5.71869348E-13 
      55  3.62500000E+02  3.75000000E+01 -7.98346345E-01  1.78671318E+00  9.88366836E-01  2.50000000E-02 -1.61451546E-12  1.50057947E-12 
      56  3.87500000E+02  3.75000000E+01 -7.61416868E-01  1.74978370E+00  9.88366836E-01  2.50000000E-02 -2.24977495E-12 -2.60647884E-13 
      57  4.12500000E+02  3.75000000E+01 -7.32299337E-01  1.72066617E+00  9.88366836E-01  2.50000000E-02 -2.05555680E-12 -3.50750691E-12 
      58  4.37500000E+02  3.75000000E+01  4.06542981E-03  9.84301406E-01  9.88366836E-01  2.50000000E-02 -1.00224627E-12 -2.09538691E-12 
      59  4.62500000E+02  3.75000000E+01  5.23048454E-01  4.65318382E-01  9.88366836E-01  2.50000000E-02 -8.18466789E-14 -1.42368421E-12 
      60  4.87500000E+02  3.75000000E+01  8.70015014E-01  1.18351822E-01  9.88366836E-01  2.50000000E-02  5.14354800E-12 -5.55060295E-12 
      61  5.12500000E+02  3.75000000E+01  6.95774785E-02  9.18789357E-01  9.88366836E-01  2.50000000E-02  2.65292143E-12 -1.43536695E-12 
      62  5.37500000E+02  3.75000000E+01 -2.62874281E-01  1.25124112E+00  9.88366836E-01  2.50000000E-02  2.53350647E-12  7.33381194E-13 
      63  5.62500000E+02  3.75000000E+01  2.57640648E-02  9.62602771E-01  9.88366836E-01  2.50000000E-02  3.57261332E-12  1.24382326E-12 
      64  5.87500000E+02  3.75000000E+01  5.75245284E-01  4.13121552E-01  9.88366836E-01  2.50000000E-02  6.36854336E-12  1.31365619E-12 
      65  6.12500000E+02  3.75000000E+01 -6.05455565E-01  1.59382240E+00  9.88366836E-01  2.50000000E-02  3.45360755E-12 -5.79534636E-13 
      66  6.37500000E+02  3.75000000E+01 -6.78783371E-01  1.66715021E+00  9.88366836E-01  2.50000000E-02  3.27617864E-12 -1.16661990E-12 
      67  6.62500000E+02  3.75000000E+01 -9.13459003E-01  1.90182584E+00  9.88366836E-01  2.50000000E-02  3.22197941E-12 -2.17903115E-12 
      68  6.87500000E+02  3.75000000E+01 -6.50455217E-01  1.63882205E+00  9.88366836E-01  2.50000000E-02  3.42686939E-12 -1.58486395E-12 
      69  7.12500000E+02  3.75000000E+01  2.69543656E-01  7.18823180E-01  9.88366836E-01  2.50000000E-02  4.35746161E-12 -3.20722253E-13 
      70  7.37500000E+02  3.75000000E+01 -3.48170109E-01  1.33653695E+00  9.88366836E-01  2.50000000E-02  2.69483211E-12  1.06974835E-12 
      71  7.62500000E+02  3.75000000E+01 -8.77683744E-01  1.86605058E+00  9.88366836E-01  2.50000000E-02  1.95433275E-12  2.02213114E-13 
      72  7.87500000E+02  3.75000000E+01 -6.64986548E-01  1.65335338E+00  9.88366836E-01  2.50000000E-02  1.68931435E-12  1.31722968E-13 
      73  8.12500000E+02  3.75000000E+01 -8.83911452E-01  1.87227829E+00  9.88366836E-01  2.50000000E-02  1.61832491E-12  1.78890084E-13 
      74  8.37500000E+02  3.75000000E+01 -4.05378689E-01  1.39374552E+00  9.88366836E-01  2.50000000E-02  1.53910097E-12  9.02524556E-13 
      75  8.62500000E+02  3.75000000E+01 -9.46473242E-01  1.93484008E+00  9.88366836E-01  2.50000000E-02  1.31479815E-12  3.48935017E-13 
      76  8.87500000E+02  3.75000000E+01 -4.51688796E-02  1.03353572E+00  9.88366836E-01  2.50000000E-02  1.09001476E-12 -1.58115243E-13 
      77  9.12500000E+02  3.75000000E+01  1.61625845E-01  8.26740991E-01  9.88366836E-01  2.50000000E-02  1.03674271E-12  7.48233422E-14 
      78  9.37500000E+02  3.75000000E+01  8.80252354E-01  1.08114482E-01  9.88366836E-01  2.50000000E-02  1.50026044E-12  4.25117587E-13 
      79  9.62500000E+02  3.75000000E+01 -4.78569655E-01  1.46693649E+00  9.88366836E-01  2.50000000E-02  1.38138860E-13 -4.12663161E-13 
      80  9.87500000E+02  3.75000000E+01 -4.41479578E-01  1.42984641E+00  9.88366836E-01  2.50000000E-02  6.10137328E-14  7.40747664E-15 
      81  1.25000000E+01  6.25000000E+01 -2.22133777E-01  1.21050061E+00  9.88366836E-01  2.50000000E-02 -1.30478305E-13  1.33836550E-14 
      82  3.75000000E+01  6.25000000E+01 -9.22805164E-01  1.91117200E+00  9.88366836E-01  2.50000000E-02 -3.33137022E-13 -3.94984153E-13 
      83  6.25000000E+01  6.25000000E+01  8.67690341E-01  1.20676495E-01  9.88366836E-01  2.50000000E-02 -3.83640605E-12 -3.73353735E-13 
      84  8.75000000E+01  6.25000000E+01  5.96017279E-01  3.92349557E-01  9.88366836E-01  2.50000000E-02 -5.07056214E-12  1.58187160E-12 
      85  1.12500000E+02  6.25000000E+01  6.44978475E-01  3.43388361E-01  9.88366836E-01  2.50000000E-02 -2.87754015E-12 -5.11709666E-12 
      86  1.37500000E+02  6.25000000E+01  1.31753819E-01  8.56613016E-01  9.88366836E-01  2.50000000E-02  9.57243371E-13 -1.07654128E-11 
      87  1.62500000E+02  6.25000000E+01 -4.55407585E-01  1.44377442E+00  9.88366836E-01  2.50000000E-02  9.89292214E-13  4.99258916E-13 
      88  1.87500000E+02  6.25000000E+01 -5.64947174E-01  1.55331401E+00  9.88366836E-01  2.50000000E-02  8.39468307E-13  1.54273258E-12 
      89  2.12500000E+02  6.25000000E+01  3.81153889E-01  6.07212947E-01  9.88366836E-01  2.50000000E-02  1.01069993E-12  2.10418517E-12 
      90  2.37500000E+02  6.25000000E+01  8.45212841E-01  1.43153994E-01  9.88366836E-01  2.50000000E-02  1.25410373E-12  7.46150003E-13 
      91  2.62500000E+02  6.25000000E+01 -2.37008896E-01  1.22537573E+00  9.88366836E-01  2.50000000E-02 -1.31970755E-13 -1.79583448E-13 
      92  2.87500000E+02  6.25000000E+01 -1.01501098E-01  1.08986793E+00  9.88366836E-01  2.50000000E-02 -4.27046116E-13  9.58108425E-13 
      93  3.12500000E+02  6.25000000E+01 -3.41664032E-01  1.33003087E+00  9.88366836E-01  2.50000000E-02 -2.01389131E-12  2.46150613E-12 
      94  3.37500000E+02  6.25000000E+01 -5.72670355E-01  1.56103719E+00  9.88366836E-01  2.50000000E-02 -2.55983259E-12 -5.80267261E-13 
      95  3.62500000E+02  6.25000000E+01 -7.40812302E-01  1.72917914E+00  9.88366836E-01  2.50000000E-02 -2.47523270E-12  1.65836050E-12 
      96  3.87500000E+02  6.25000000E+01  1.39403546E-01  8.48963290E-01  9.88366836E-01  2.50000000E-02 -3.20057566E-12 -1.12781496E-13 
      97  4.12500000E+02  6.25000000E+01 -3.42636639E-01  1.33100347E+00  9.88366836E-01  2.50000000E-02 -2.88400706E-12 -5.37351909E-12 
      98  4.37500000E+02  6.25000000E+01 -8.09230132E-01  1.79759697E+00  9.88366836E-01  2.50000000E-02 -2.67576495E-12 -3.10808468E-12 
      99  4.62500000E+02  6.25000000E+01  8.36185138E-01  1.52181698E-01  9.88366836E-01  2.50000000E-02  5.78694839E-13 -1.04876009E-11 
     100  4.87500000E+02  6.25000000E+01 -7.66004509E-01  1.75437134E+00  9.88366836E-01  2.50000000E-02  2.62066924E-12 -8.00710461E-12 
     101  5.12500000E+02  6.25000000E+01 -8.56193929E-01  1.84456076E+00  9.88366836E-01  2.50000000E-02  2.76983186E-12 -8.31927846E-13 
     102  5.37500000E+02  6.25000000E+01  7.96759260E-01  1.91607576E-01  9.88366836E-01  2.50000000E-02  8.09151182E-12  2.34625251E-12 
     103  5.62500000E+02  6.25000000E+01  9.10743014E-01  7.76238222E-02  9.88366836E-01  2.50000000E-02  9.67993379E-12  5.85755228E-12 
     104  5.87500000E+02  6.25000000E+01  4.33256348E-01  5.55110488E-01  9.88366836E-01  2.50000000E-02  1.77419441E-12  1.03257272E-12 
     105  6.12500000E+02  6.25000000E+01 -2.25020687E-01  1.21338752E+00  9.88366836E-01  2.50000000E-02  1.98825696E-12 -2.25280918E-12 
     106  6.37500000E+02  6.25000000E+01  4.75225974E-01  5.13140862E-01  9.88366836E-01  2.50000000E-02  2.56906728E-12 -1.51739824E-12 
     107  6.62500000E+02  6.25000000E+01  4.58719477E-01  5.29647359E-01  9.88366836E-01  2.50000000E-02  2.56088821E-12 -1.28399181E-12 
     108  6.87500000E+02  6.25000000E+01  9.60961101E-01  2.74057347E-02  9.88366836E-01  2.50000000E-02  6.90520932E-12  1.85703349E-12 
     109  7.12500000E+02  6.25000000E+01 -4.20474387E-01  1.40884122E+00  9.88366836E-01  2.50000000E-02  4.38276222E-13 -5.25770799E-13 
     110  7.37500000E+02  6.25000000E+01 -3.14378457E-01  1.30274529E+00  9.88366836E-01  2.50000000E-02  3.11530328E-13  1.04646319E-12 
     111  7.62500000E+02  6.25000000E+01 -1.11089879E-01  1.09945671E+00  9.88366836E-01  2.50000000E-02  2.03293269E-13 -2.14505620E-14 
     112  7.87500000E+02  6.25000000E+01 -7.61144773E-01  1.74951161E+00  9.88366836E-01  2.50000000E-02  2.17972883E-13  1.31445300E-13 
     113  8.12500000E+02  6.25000000E+01 -3.67239481E-02  1.02509078E+00  9.88366836E-01  2.50000000E-02  2.35635795E-13  2.43717226E-13 
     114  8.37500000E+02  6.25000000E+01 -9.98738683E-01  1.98710552E+00  9.88366836E-01  2.50000000E-02  2.67437273E-13  8.80342159E-13 
     115  8.62500000E+02  6.25000000E+01 -8.80356106E-01  1.86872294E+00  9.88366836E-01  2.50000000E-02  3.32923718E-13  3.64117580E-13 
     116  8.87500000E+02  6.25000000E+01 -6.14383111E-01  1.60274995E+00  9.88366836E-01  2.50000000E-02  4.95772279E-13 -4.05349852E-14 
     117  9.12500000E+02  6.25000000E+01  3.58235454E-01  6.30131382E-01  9.88366836E-01  2.50000000E-02  9.38307806E-13  3.44964166E-13 
     118  9.37500000E+02  6.25000000E+01  6.03469246E-01  3.84897590E-01  9.88366836E-01  2.50000000E-02  1.14460819E-12 -1.71542938E-13 
     119  9.62500000E+02  6.25000000E+01  4.41048308E-01  5.47318528E-01  9.88366836E-01  2.50000000E-02  1.09934452E-12 -6.05709568E-13 
     120  9.87500000E+02  6.25000000E+01  9.11711479E-01  7.66553565E-02  9.88366836E-01  2.50000000E-02  6.96814150E-13 -2.43025053E-13 
     121  1.25000000E+01  8.75000000E+01  1.08678609E-01  8.79688227E-01  9.88366836E-01  2.50000000E-02 -6.66135091E-13  6.74765394E-13 
     122  3.75000000E+01  8.75000000E+01 -2.28846589E-01  1.21721342E+00  9.88366836E-01  2.50000000E-02 -1.77114207E-12  1.79729218E-15 
     123  6.25000000E+01  8.75000000E+01 -3.58835185E-01  1.34720202E+00  9.88366836E-01  2.50000000E-02 -2.28569080E-12  1.41618581E-12 
     124  8.75000000E+01  8.75000000E+01 -2.64391871E-01  1.25275871E+00  9.88366836E-01  2.50000000E-02 -3.10361338E-12  2.94519016E-12 
     125  1.12500000E+02  8.75000000E+01 -7.25763198E-02  1.06094316E+00  9.88366836E-01  2.50000000E-02 -2.52751731E-12 -4.55417127E-12 
     126  1.37500000E+02  8.75000000E+01 -1.54400161E-01  1.14276700E+00  9.88366836E-01  2.50000000E-02  3.23343479E-13 -1.16933832E-11 
     127  1.62500000E+02  8.75000000E+01 -5.69328360E-02  1.04529967E+00  9.88366836E-01  2.50000000E-02  1.92032010E-12  5.53057600E-13 
     128  1.87500000E+02  8.75000000E+01  9.24570212E-02  8.95909815E-01  9.88366836E-01  2.50000000E-02  1.73441822E-12  2.87517940E-12 
     129  2.12500000E+02  8.75000000E+01 -4.43656183E-01  1.43202302E+00  9.88366836E-01  2.50000000E-02  9.39537348E-13  1.35685497E-12 
     130  2.37500000E+02  8.75000000E+01 -5.57667035E-01  1.54603387E+00  9.88366836E-01  2.50000000E-02  6.81352175E-13  4.37894061E-13 
     131  2.62500000E+02  8.75000000E+01  8.18492517E-01  1.69874319E-01  9.88366836E-01  2.50000000E-02  7.27839763E-13  2.52929606E-13 
     132  2.87500000E+02  8.75000000E+01 -5.73086483E-01  1.56145332E+00  9.88366836E-01  2.50000000E-02 -1.70321920E-13  8.71206062E-13 
     133  3.12500000E+02  8.75000000E+01 -8.05166683E-01  1.79353352E+00  9.88366836E-01  2.50000000E-02 -3.83818379E-13  3.23362013E-12 
     134  3.37500000E+02  8.75000000E+01 -3.46934284E-01  1.33530112E+00  9.88366836E-01  2.50000000E-02 -3.63592600E-13 -1.12285090E-12 
     135  3.62500000E+02  8.75000000E+01 -3.61523406E-01  1.34989024E+00  9.88366836E-01  2.50000000E-02 -1.96384215E-13  1.58347556E-12 
     136  3.87500000E+02  8.75000000E+01 -3.84854875E-01  1.37322171E+00  9.88366836E-01  2.50000000E-02 -2.91663155E-13 -4.16891913E-13 
     137  4.12500000E+02  8.75000000E+01  6.99363783E-01  2.89003053E-01  9.88366836E-01  2.50000000E-02  6.06036549E-12 -2.36434712E-11 
     138  4.37500000E+02  8.75000000E+01 -8.75640272E-01  1.86400711E+00  9.88366836E-01  2.50000000E-02  1.20874942E-11 -3.95204463E-12 
     139  4.62500000E+02  8.75000000E+01  6.10751907E-01  3.77614929E-01  9.88366836E-01  2.50000000E-02  1.59721609E-11 -1.42327357E-11 
     140  4.87500000E+02  8.75000000E+01  3.56843358E-01  6.31523478E-01  9.88366836E-01  2.50000000E-02  1.62146731E-11 -1.09805980E-11 
     141  5.12500000E+02  8.75000000E+01  1.64731033E-01  8.23635803E-01  9.88366836E-01  2.50000000E-02  1.33205153E-11  5.77551695E-13 
     142  5.37500000E+02  8.75000000E+01 -7.42538812E-01  1.73090565E+00  9.88366836E-01  2.50000000E-02  8.95420614E-12 -1.71882518E-12 
     143  5.62500000E+02  8.75000000E+01 -9.48118006E-01  1.93648484E+00  9.88366836E-01  2.50000000E-02  7.68916264E-12  3.52970562E-12 
     144  5.87500000E+02  8.75000000E+01 -3.36867799E-01  1.32523463E+00  9.88366836E-01  2.50000000E-02  6.97282708E-12  1.32913183E-12 
     145  6.12500000E+02  8.75000000E+01 -8.26321860E-01  1.81468870E+00  9.88366836E-01  2.50000000E-02  7.13809366E-12 -1.41341891E-12 
     146  6.37500000E+02  8.75000000E+01  4.72054294E-01  5.16312541E-01  9.88366836E-01  2.50000000E-02  1.03724852E-11 -1.82111933E-12 
     147  6.62500000E+02  8.75000000E+01  3.81361642E-01  6.07005194E-01  9.88366836E-01  2.50000000E-02  9.67875804E-12 -6.76683797E-13 
     148  6.87500000E+02  8.75000000E+01  2.08037102E-01  7.80329734E-01  9.88366836E-01  2.50000000E-02  9.24538272E-12  3.48639685E-12 
     149  7.12500000E+02  8.75000000E+01  7.21356006E-01  2.67010830E-01  9.88366836E-01  2.50000000E-02  9.26093154E-12 -2.17773635E-12 
     150  7.37500000E+02  8.75000000E+01 -6.36567943E-01  1.62493478E+00  9.88366836E-01  2.50000000E-02  5.79956310E-12  1.12321893E-12 
     151  7.62500000E+02  8.75000000E+01  2.81442429E-01  7.06924406E-01  9.88366836E-01  2.50000000E-02  4.91064567E-12 -2.26220334E-13 
     152  7.87500000E+02  8.75000000E+01 -8.69344436E-01  1.85771127E+00  9.88366836E-01  2.50000000E-02  4.41060702E-12  1.56839847E-13 
     153  8.12500000E+02  8.75000000E+01  2.54507633E-01  7.33859202E-01  9.88366836E-01  2.50000000E-02  3.93564148E-12  1.78161470E-13 
     154  8.37500000E+02  8.75000000E+01 -1.03986893E-01  1.09235373E+00  9.88366836E-01  2.50000000E-02  3.38072269E-12  8.13802674E-13 
     155  8.62500000E+02  8.75000000E+01  1.39175414E-01  8.49191421E-01  9.88366836E-01  2.50000000E-02  2.89281501E-12  4.68834351E-13 
     156  8.87500000E+02  8.75000000E+01 -8.52254150E-01  1.84062099E+00  9.88366836E-01  2.50000000E-02  2.45484212E-12 -1.83730559E-14 
     157  9.12500000E+02  8.75000000E+01  9.24882240E-02  8.95878612E-01  9.88366836E-01  2.50000000E-02  2.12024437E-12  5.00478821E-13 
     158  9.37500000E+02  8.75000000E+01  2.11924596E-01  7.76442240E-01  9.88366836E-01  2.50000000E-02  2.03283483E-12  7.45883545E-13 
     159  9.62500000E+02  8.75000000E+01  7.91661204E-01  1.96705632E-01  9.88366836E-01  2.50000000E-02  1.67789080E-12 -6.48273229E-13 
     160  9.87500000E+02  8.75000000E+01 -7.84772235E-01  1.77313907E+00  9.88366836E-01  2.50000000E-02  3.77240602E-14 -1.07988683E-14 
     161  1.25000000E+01  1.12500000E+02 -1.38517810E-01  1.12688465E+00  9.88366836E-01  2.50000000E-02 -4.94714401E-13  2.16856820E-12 
     162  3.75000000E+01  1.12500000E+02 -5.15752501E-01  1.50411934E+00  9.88366836E-01  2.50000000E-02 -1.69554645E-12  8.45753850E-13 
     163  6.25000000E+01  1.12500000E+02  6.79722152E-01  3.08644684E-01  9.88366836E-01  2.50000000E-02 -9.23448332E-12  4.06523944E-12 
     164  8.75000000E+01  1.12500000E+02  3.93778443E-01  5.94588393E-01  9.88366836E-01  2.50000000E-02 -1.27542823E-11  6.40184791E-12 
     165  1.12500000E+02  1.12500000E+02 -7.51376039E-01  1.73974287E+00  9.88366836E-01  2.50000000E-02 -1.31236664E-11 -3.79831656E-12 
     166  1.37500000E+02  1.12500000E+02  9.94759526E-01  3.45528747E-08  9.94759560E-01  2.50000000E-02  1.23787898E-12  1.50382420E-12 
     167  1.62500000E+02  1.12500000E+02 -5.96844762E-03  9.94335283E-01  9.88366836E-01  2.50000000E-02  1.15417226E-11  3.10765446E-12 
     168  1.87500000E+02  1.12500000E+02  2.73210245E-01  7.15156591E-01  9.88366836E-01  2.50000000E-02  9.56638861E-12  5.29755293E-12 
     169  2.12500000E+02  1.12500000E+02 -7.97240036E-01  1.78560687E+00  9.88366836E-01  2.50000000E-02  4.27311520E-12  1.08330525E-12 
     170  2.37500000E+02  1.12500000E+02 -5.90233836E-01  1.57860067E+00  9.88366836E-01  2.50000000E-02  3.37406934E-12  1.48960138E-12 
     171  2.62500000E+02  1.12500000E+02  4.42065805E-01  5.46301031E-01  9.88366836E-01  2.50000000E-02  2.92844236E-12  1.57022128E-12 
     172  2.87500000E+02  1.12500000E+02 -3.93244859E-01  1.38161169E+00  9.88366836E-01  2.50000000E-02  7.49759503E-13  1.18801844E-12 
     173  3.12500000E+02  1.12500000E+02  3.09424066E-01  6.78942770E-01  9.88366836E-01  2.50000000E-02 -2.04473881E-12  7.20679564E-12 
     174  3.37500000E+02  1.12500000E+02 -9.66486511E-01  1.95485335E+00  9.88366836E-01  2.50000000E-02 -3.81452881E-12 -9.99175149E-13 
     175  3.62500000E+02  1.12500000E+02 -3.44924414E-01  1.33329125E+00  9.88366836E-01  2.50000000E-02 -4.55318161E-12  1.96513256E-12 
     176  3.87500000E+02  1.12500000E+02  3.36817882E-02  9.54685048E-01  9.88366836E-01  2.50000000E-02 -7.51329357E-12 -9.74529750E-13 
     177  4.12500000E+02  1.12500000E+02  5.63483232E-01  4.24883604E-01  9.88366836E-01  2.50000000E-02 -7.80630122E-12 -3.02719011E-11 
     178  4.37500000E+02  1.12500000E+02 -4.61520794E-01  1.44988763E+00  9.88366836E-01  2.50000000E-02 -4.20203489E-12 -3.56450321E-12 
     179  4.62500000E+02  1.12500000E+02 -8.93975861E-02  1.07776442E+00  9.88366836E-01  2.50000000E-02 -3.15506990E-12 -1.15196253E-11 
     180  4.87500000E+02  1.12500000E+02  5.86560371E-01  4.01806465E-01  9.88366836E-01  2.50000000E-02  4.31854002E-12 -1.71596547E-11 
     181  5.12500000E+02  1.12500000E+02  8.29051939E-01  1.59314897E-01  9.88366836E-01  2.50000000E-02  9.71047210E-12 -5.32422846E-12 
     182  5.37500000E+02  1.12500000E+02 -2.66416548E-01  1.25478338E+00  9.88366836E-01  2.50000000E-02  1.78927091E-12 -2.20302614E-12 
     183  5.62500000E+02  1.12500000E+02 -5.82060613E-02  1.04657290E+00  9.88366836E-01  2.50000000E-02  2.24156606E-12  3.62358005E-12 
     184  5.87500000E+02  1.12500000E+02 -2.17671230E-01  1.20603807E+00  9.88366836E-01  2.50000000E-02  3.17967681E-12  1.48513246E-12 
     185  6.12500000E+02  1.12500000E+02 -1.44100279E-01  1.13246711E+00  9.88366836E-01  2.50000000E-02  3.55141393E-12 -1.82848359E-13 
     186  6.37500000E+02  1.12500000E+02  1.79934253E-01  8.08432583E-01  9.88366836E-01  2.50000000E-02  4.12615550E-12 -2.04019619E-12 
     187  6.62500000E+02  1.12500000E+02  3.46347084E-01  6.42019752E-01  9.88366836E-01  2.50000000E-02  3.52215334E-12 -4.78987561E-13 
     188  6.87500000E+02  1.12500000E+02  1.33810219E-02  9.74985814E-01  9.88366836E-01  2.50000000E-02  2.71443196E-12  3.50074683E-12 
     189  7.12500000E+02  1.12500000E+02  4.88346163E-01  5.00020672E-01  9.88366836E-01  2.50000000E-02  2.25039197E-12 -1.02920119E-13 
     190  7.37500000E+02  1.12500000E+02  9.85545454E-01  2.82138206E-03  9.88366836E-01  2.50000000E-02  1.92753376E-11 -2.89191728E-12 
     191  7.62500000E+02  1.12500000E+02  8.44931991E-01  1.43434844E-01  9.88366836E-01  2.50000000E-02  7.82468054E-14 -9.52588122E-13 
     192  7.87500000E+02  1.12500000E+02 -2.61429806E-01  1.24979664E+00  9.88366836E-01  2.50000000E-02 -3.47626441E-14  2.12312691E-13 
     193  8.12500000E+02  1.12500000E+02 -4.19086636E-01  1.40745347E+00  9.88366836E-01  2.50000000E-02 -6.83840042E-15  4.92867892E-14 
     194  8.37500000E+02  1.12500000E+02 -6.24126360E-01  1.61249320E+00  9.88366836E-01  2.50000000E-02  6.13923782E-14  7.54975445E-13 
     195  8.62500000E+02  1.12500000E+02 -1.03208890E-01  1.09157573E+00  9.88366836E-01  2.50000000E-02  1.36396068E-13  4.26693063E-13 
     196  8.87500000E+02  1.12500000E+02  8.56216663E-01  1.32150173E-01  9.88366836E-01  2.50000000E-02  1.99037599E-13  3.39514625E-13 
     197  9.12500000E+02  1.12500000E+02  5.22711667E-01  4.65655169E-01  9.88366836E-01  2.50000000E-02 -3.48204272E-14  7.58107564E-13 
     198  9.37500000E+02  1.12500000E+02 -9.57883280E-01  1.94625012E+00  9.88366836E-01  2.50000000E-02 -1.92973864E-13  7.02633513E-13 
     199  9.62500000E+02  1.12500000E+02 -8.96224899E-01  1.88459174E+00  9.88366836E-01  2.50000000E-02 -9.66820109E-14 -3.92629917E-13 
     200  9.87500000E+02  1.12500000E+02 -8.69716605E-01  1.85808344E+00  9.88366836E-01  2.50000000E-02  1.10363483E-14 -4.33594828E-14 
     201  1.25000000E+01  1.37500000E+02  7.23899730E-01  2.64467106E-01  9.88366836E-01  2.50000000E-02  1.72245439E-13  7.27428672E-12 
     202  3.75000000E+01  1.37500000E+02  8.12980265E-01  1.75386571E-01  9.88366836E-01  2.50000000E-02  4.64261688E-13  7.19648886E-12 
     203  6.25000000E+01  1.37500000E+02 -3.66884301E-01  1.35525114E+00  9.88366836E-01  2.50000000E-02  7.09760939E-13  1.23526467E-12 
     204  8.75000000E+01  1.37500000E+02 -5.83269168E-01  1.57163600E+00  9.88366836E-01  2.50000000E-02  3.58445330E-13  5.84710365E-12 
     205  1.12500000E+02  1.37500000E+02  7.75219159E-01  2.13147676E-01  9.88366836E-01  2.50000000E-02 -5.35397372E-12  4.24144845E-12 
     206  1.37500000E+02  1.37500000E+02 -4.95104883E-01  1.48347172E+00  9.88366836E-01  2.50000000E-02 -2.57928016E-12  1.03953935E-11 
     207  1.62500000E+02  1.37500000E+02 -3.69251004E-01  1.35761784E+00  9.88366836E-01  2.50000000E-02 -1.57750586E-12  6.47418672E-12 
     208  1.87500000E+02  1.37500000E+02 -8.84234157E-01  1.87260099E+00  9.88366836E-01  2.50000000E-02 -3.39093525E-13  8.38446922E-12 
     209  2.12500000E+02  1.37500000E+02 -6.39689322E-01  1.62805616E+00  9.88366836E-01  2.50000000E-02  4.20040046E-14  1.29290445E-12 
     210  2.37500000E+02  1.37500000E+02  3.91397575E-02  9.49227078E-01  9.88366836E-01  2.50000000E-02 -2.91256298E-13  4.09778973E-12 
     211  2.62500000E+02  1.37500000E+02 -8.48776607E-01  1.83714344E+00  9.88366836E-01  2.50000000E-02 -1.15662385E-12  1.46614039E-12 
     212  2.87500000E+02  1.37500000E+02 -9.42180406E-01  1.93054724E+00  9.88366836E-01  2.50000000E-02 -1.54996653E-12  1.46257114E-12 
     213  3.12500000E+02  1.37500000E+02 -3.69058054E-01  1.35742489E+00  9.88366836E-01  2.50000000E-02 -3.82650449E-12  9.30000728E-12 
     214  3.37500000E+02  1.37500000E+02  3.15102034E-01  6.73264802E-01  9.88366836E-01  2.50000000E-02 -1.07138182E-11  1.67915048E-12 
     215  3.62500000E+02  1.37500000E+02 -1.07956865E-01  1.09632370E+00  9.88366836E-01  2.50000000E-02 -1.53632318E-11  2.66444186E-12 
     216  3.87500000E+02  1.37500000E+02  7.69074484E-01  2.19292352E-01  9.88366836E-01  2.50000000E-02 -3.21623923E-11  9.95614924E-12 
     217  4.12500000E+02  1.37500000E+02  9.99470287E-01  3.43574862E-08  9.99470322E-01  2.50000000E-02  8.49446879E-13 -1.73037458E-12 
     218  4.37500000E+02  1.37500000E+02 -7.43699164E-01  1.73206600E+00  9.88366836E-01  2.50000000E-02  6.55585478E-12 -1.86140181E-12 
     219  4.62500000E+02  1.37500000E+02 -4.07240404E-01  1.39560724E+00  9.88366836E-01  2.50000000E-02  8.47332776E-12 -1.09442668E-11 
     220  4.87500000E+02  1.37500000E+02  1.67925225E-01  8.20441611E-01  9.88366836E-01  2.50000000E-02  1.38387025E-11 -1.82100139E-11 
     221  5.12500000E+02  1.37500000E+02  6.80805707E-01  3.07561129E-01  9.88366836E-01  2.50000000E-02  1.95633015E-11 -9.93928876E-12 
     222  5.37500000E+02  1.37500000E+02  2.17428979E-02  9.66623938E-01  9.88366836E-01  2.50000000E-02  1.72402245E-11 -2.02061266E-12 
     223  5.62500000E+02  1.37500000E+02  6.58877397E-01  3.29489439E-01  9.88366836E-01  2.50000000E-02  1.29766034E-11  5.43188244E-12 
     224  5.87500000E+02  1.37500000E+02 -3.39958281E-02  1.02236266E+00  9.88366836E-01  2.50000000E-02  9.07618201E-12  1.78176259E-12 
     225  6.12500000E+02  1.37500000E+02  4.87976919E-01  5.00389917E-01  9.88366836E-01  2.50000000E-02  8.17609557E-12  1.39543374E-12 
     226  6.37500000E+02  1.37500000E+02  8.01521395E-01  1.86845441E-01  9.88366836E-01  2.50000000E-02  9.00568514E-12 -1.06406018E-12 
     227  6.62500000E+02  1.37500000E+02 -8.98507145E-01  1.88687398E+00  9.88366836E-01  2.50000000E-02  2.92596137E-12 -6.35661744E-13 
     228  6.87500000E+02  1.37500000E+02  7.01774916E-03  9.81349087E-01  9.88366836E-01  2.50000000E-02  2.95968670E-12  3.47335577E-12 
     229  7.12500000E+02  1.37500000E+02  3.74468801E-01  6.13898035E-01  9.88366836E-01  2.50000000E-02  4.52907950E-12  6.83693702E-13 
     230  7.37500000E+02  1.37500000E+02  5.87595617E-01  4.00771219E-01  9.88366836E-01  2.50000000E-02  5.26622791E-12  7.06023315E-13 
     231  7.62500000E+02  1.37500000E+02  3.25762240E-01  6.62604595E-01  9.88366836E-01  2.50000000E-02  4.10686222E-12 -1.62551625E-12 
     232  7.87500000E+02  1.37500000E+02 -6.78944753E-01  1.66731159E+00  9.88366836E-01  2.50000000E-02  3.07297891E-12 -9.68390374E-15 
     233  8.12500000E+02  1.37500000E+02 -5.91976095E-02  1.04756445E+00  9.88366836E-01  2.50000000E-02  2.69863141E-12  4.48181311E-14 
     234  8.37500000E+02  1.37500000E+02  1.04583311E-01  8.83783525E-01  9.88366836E-01  2.50000000E-02  2.60554742E-12  7.08919022E-13 
     235  8.62500000E+02  1.37500000E+02 -9.53455028E-01  1.94182186E+00  9.88366836E-01  2.50000000E-02  2.37102499E-12  3.75137449E-13 
     236  8.87500000E+02  1.37500000E+02  2.42194233E-01  7.46172603E-01  9.88366836E-01  2.50000000E-02  2.12231835E-12  8.37052740E-13 
     237  9.12500000E+02  1.37500000E+02  5.61472783E-01  4.26894053E-01  9.88366836E-01  2.50000000E-02  1.55856219E-12  7.42647582E-13 
     238  9.37500000E+02  1.37500000E+02 -8.09283821E-01  1.79765066E+00  9.88366836E-01  2.50000000E-02  4.83310047E-13  5.48191404E-13 
     239  9.62500000E+02  1.37500000E+02 -8.07533917E-01  1.79590075E+00  9.88366836E-01  2.50000000E-02  3.64252893E-13 -4.14760728E-13 
     240  9.87500000E+02  1.37500000E+02  3.82521626E-02  9.50114673E-01  9.88366836E-01  2.50000000E-02  1.36830942E-13 -1.40993732E-13 
     241  1.25000000E+01  1.62500000E+02  8.35147174E-02  9.04852118E-01  9.88366836E-01  2.50000000E-02 -1.16439996E-12  4.49440295E-12 
     242  3.75000000E+01  1.62500000E+02 -4.14718301E-01  1.40308514E+00  9.88366836E-01  2.50000000E-02 -3.10642939E-12  5.27712272E-12 
     243  6.25000000E+01  1.62500000E+02 -9.45091518E-01  1.93345835E+00  9.88366836E-01  2.50000000E-02 -2.81811392E-12  7.46928318E-13 
     244  8.75000000E+01  1.62500000E+02 -9.93943173E-01  1.98231001E+00  9.88366836E-01  2.50000000E-02 -2.39631145E-12  4.49101278E-12 
     245  1.12500000E+02  1.62500000E+02  9.48005754E-01  4.03610817E-02  9.88366836E-01  2.50000000E-02 -5.03517438E-12  1.19764162E-11 
     246  1.37500000E+02  1.62500000E+02 -5.04923905E-01  1.49329074E+00  9.88366836E-01  2.50000000E-02  5.38828011E-12  9.79230893E-12 
     247  1.62500000E+02  1.62500000E+02  7.85674229E-01  2.02692607E-01  9.88366836E-01  2.50000000E-02  3.62942708E-12  1.78752549E-11 
     248  1.87500000E+02  1.62500000E+02  6.65479012E-01  3.22887824E-01  9.88366836E-01  2.50000000E-02 -2.91193942E-13  1.28940532E-11 
     249  2.12500000E+02  1.62500000E+02  7.59975092E-01  2.28391744E-01  9.88366836E-01  2.50000000E-02 -1.73599052E-12  7.35606023E-12 
     250  2.37500000E+02  1.62500000E+02 -4.00673773E-01  1.38904061E+00  9.88366836E-01  2.50000000E-02 -1.89535317E-12  4.49928597E-12 
     251  2.62500000E+02  1.62500000E+02 -7.55400846E-01  1.74376768E+00  9.88366836E-01  2.50000000E-02 -1.56482338E-12  1.21152660E-12 
     252  2.87500000E+02  1.62500000E+02 -5.99398565E-01  1.58776540E+00  9.88366836E-01  2.50000000E-02 -1.07569585E-12  1.29751962E-12 
     253  3.12500000E+02  1.62500000E+02 -1.85486079E-02  1.00691544E+00  9.88366836E-01  2.50000000E-02 -1.29238396E-12  1.00522729E-11 
     254  3.37500000E+02  1.62500000E+02 -9.00384404E-01  1.88875124E+00  9.88366836E-01  2.50000000E-02 -2.46704061E-12  1.47684880E-12 
     255  3.62500000E+02  1.62500000E+02  7.23953227E-01  2.64413609E-01  9.88366836E-01  2.50000000E-02 -8.05222385E-12  6.46200725E-12 
     256  3.87500000E+02  1.62500000E+02 -4.26425104E-01  1.41479194E+00  9.88366836E-01  2.50000000E-02 -1.44538952E-11  1.76807792E-11 
     257  4.12500000E+02  1.62500000E+02 -4.08711126E-01  1.39707796E+00  9.88366836E-01  2.50000000E-02 -1.59624401E-11  6.43714320E-12 
     258  4.37500000E+02  1.62500000E+02  6.49783679E-01  3.38583157E-01  9.88366836E-01  2.50000000E-02 -2.55485811E-11  8.55088003E-12 
     259  4.62500000E+02  1.62500000E+02  9.96707638E-01  3.42672547E-08  9.96707673E-01  2.50000000E-02  1.89730652E-12 -2.83418171E-13 
     260  4.87500000E+02  1.62500000E+02  8.78262420E-01  1.10104415E-01  9.88366836E-01  2.50000000E-02  8.11105562E-11 -3.61892787E-12 
     261  5.12500000E+02  1.62500000E+02  8.69145546E-01  1.19221289E-01  9.88366836E-01  2.50000000E-02  6.64800567E-11 -5.10652067E-12 
     262  5.37500000E+02  1.62500000E+02  2.82105952E-01  7.06260884E-01  9.88366836E-01  2.50000000E-02  1.39359058E-11 -2.68251373E-12 
     263  5.62500000E+02  1.62500000E+02 -1.76678378E-01  1.16504521E+00  9.88366836E-01  2.50000000E-02  1.10683433E-11  6.61184893E-12 
     264  5.87500000E+02  1.62500000E+02  5.52505683E-01  4.35861153E-01  9.88366836E-01  2.50000000E-02  9.76739331E-12  3.89049434E-12 
     265  6.12500000E+02  1.62500000E+02 -2.66796525E-01  1.25516336E+00  9.88366836E-01  2.50000000E-02  7.03841601E-12  1.95746611E-12 
     266  6.37500000E+02  1.62500000E+02  4.53008486E-01  5.35358349E-01  9.88366836E-01  2.50000000E-02  5.13007190E-12  8.03276833E-13 
     267  6.62500000E+02  1.62500000E+02 -7.65433764E-01  1.75380060E+00  9.88366836E-01  2.50000000E-02  2.19177582E-12 -7.19886974E-13 
     268  6.87500000E+02  1.62500000E+02 -6.92202912E-02  1.05758713E+00  9.88366836E-01  2.50000000E-02  1.45737763E-12  3.74091420E-12 
     269  7.12500000E+02  1.62500000E+02  8.76503252E-01  1.11863584E-01  9.88366836E-01  2.50000000E-02  3.91974438E-12  4.82806639E-13 
     270  7.37500000E+02  1.62500000E+02 -5.37976910E-01  1.52634375E+00  9.88366836E-01  2.50000000E-02  6.71793932E-13  3.33012655E-13 
     271  7.62500000E+02  1.62500000E+02 -7.99079871E-04  9.89165916E-01  9.88366836E-01  2.50000000E-02  7.25439862E-13 -1.61956803E-12 
     272  7.87500000E+02  1.62500000E+02 -6.09372242E-01  1.59773908E+00  9.88366836E-01  2.50000000E-02  8.09549252E-13 -1.31876255E-13 
     273  8.12500000E+02  1.62500000E+02  2.42801476E-01  7.45565360E-01  9.88366836E-01  2.50000000E-02  6.00387928E-13  1.79935790E-13 
     274  8.37500000E+02  1.62500000E+02 -4.07254055E-01  1.39562089E+00  9.88366836E-01  2.50000000E-02  3.76125624E-13  5.94773642E-13 
     275  8.62500000E+02  1.62500000E+02 -9.32943653E-01  1.92131049E+00  9.88366836E-01  2.50000000E-02  3.63692109E-13  3.94828598E-13 
     276  8.87500000E+02  1.62500000E+02 -8.73369498E-01  1.86173633E+00  9.88366836E-01  2.50000000E-02  4.34268133E-13  8.86198859E-13 
     277  9.12500000E+02  1.62500000E+02  3.87206214E-01  6.01160622E-01  9.88366836E-01  2.50000000E-02  5.30547246E-13  6.99098491E-13 
     278  9.37500000E+02  1.62500000E+02 -4.53648108E-01  1.44201494E+00  9.88366836E-01  2.50000000E-02  3.12061004E-13  4.41848937E-13 
     279  9.62500000E+02  1.62500000E+02  1.48897342E-01  8.39469494E-01  9.88366836E-01  2.50000000E-02  2.64858628E-13 -5.30265553E-13 
     280  9.87500000E+02  1.62500000E+02  6.70755937E-01  3.17610899E-01  9.88366836E-01  2.50000000E-02  1.68418860E-13 -2.31084730E-13 
     281  1.25000000E+01  1.87500000E+02 -1.66476527E-01  1.15484336E+00  9.88366836E-01  2.50000000E-02 -8.01546342E-14  4.51756675E-12 
     282  3.75000000E+01  1.87500000E+02  2.37551903E-01  7.50814932E-01  9.88366836E-01  2.50000000E-02 -4.79170557E-13  5.24393338E-12 
     283  6.25000000E+01  1.87500000E+02  8.86512986E-01  1.01853850E-01  9.88366836E-01  2.50000000E-02 -8.47660345E-12  6.61679089E-12 
     284  8.75000000E+01  1.87500000E+02  7.99757613E-02  9.08391074E-01  9.88366836E-01  2.50000000E-02 -5.84725789E-12  5.54039052E-12 
     285  1.12500000E+02  1.87500000E+02 -3.21040265E-01  1.30940710E+00  9.88366836E-01  2.50000000E-02 -7.40349650E-12  1.41101104E-11 
     286  1.37500000E+02  1.87500000E+02 -7.68747739E-01  1.75711457E+00  9.88366836E-01  2.50000000E-02 -7.30530680E-12  9.33551657E-12 
     287  1.62500000E+02  1.87500000E+02  6.97657624E-01  2.90709212E-01  9.88366836E-01  2.50000000E-02  4.18702567E-12  1.58615965E-11 
     288  1.87500000E+02  1.87500000E+02 -7.86922382E-01  1.77528922E+00  9.88366836E-01  2.50000000E-02  2.62301259E-12  4.83454334E-12 
     289  2.12500000E+02  1.87500000E+02  8.79619040E-01  1.08747796E-01  9.88366836E-01  2.50000000E-02 -7.33855400E-12  1.11487042E-11 
     290  2.37500000E+02  1.87500000E+02 -5.35190590E-01  1.52355743E+00  9.88366836E-01  2.50000000E-02  1.55333957E-12  4.85443169E-12 
     291  2.62500000E+02  1.87500000E+02 -9.78600396E-01  1.96696723E+00  9.88366836E-01  2.50000000E-02  2.11153653E-12  1.11323314E-12 
     292  2.87500000E+02  1.87500000E+02  3.11980387E-01  6.76386449E-01  9.88366836E-01  2.50000000E-02  4.41092829E-12  6.44033549E-13 
     293  3.12500000E+02  1.87500000E+02 -1.53058204E-02  1.00367266E+00  9.88366836E-01  2.50000000E-02  4.10920966E-12  1.06942499E-11 
     294  3.37500000E+02  1.87500000E+02 -5.46319126E-01  1.53468596E+00  9.88366836E-01  2.50000000E-02  3.84653294E-12  8.57263746E-13 
     295  3.62500000E+02  1.87500000E+02 -2.35273906E-01  1.22364074E+00  9.88366836E-01  2.50000000E-02  2.70063215E-12  4.87500138E-12 
     296  3.87500000E+02  1.87500000E+02 -3.51627214E-01  1.33999405E+00  9.88366836E-01  2.50000000E-02  1.43024893E-12  1.74317695E-11 
     297  4.12500000E+02  1.87500000E+02  8.13906002E-01  1.74460834E-01  9.88366836E-01  2.50000000E-02  4.97280251E-12  5.86728655E-12 
     298  4.37500000E+02  1.87500000E+02  4.28358932E-01  5.60007904E-01  9.88366836E-01  2.50000000E-02  5.30349122E-12  1.26469471E-11 
     299  4.62500000E+02  1.87500000E+02 -1.51875673E-01  1.14024251E+00  9.88366836E-01  2.50000000E-02  8.02571400E-12  7.64017973E-12 
     300  4.87500000E+02  1.87500000E+02  2.23783840E-01  7.64582996E-01  9.88366836E-01  2.50000000E-02  9.57983843E-12  2.87446843E-12 
     301  5.12500000E+02  1.87500000E+02 -5.94372845E-01  1.58273968E+00  9.88366836E-01  2.50000000E-02  1.03841603E-11  6.43322897E-13 
     302  5.37500000E+02  1.87500000E+02  4.10290570E-01  5.78076266E-01  9.88366836E-01  2.50000000E-02  9.76411882E-12 -3.94178311E-12 
     303  5.62500000E+02  1.87500000E+02  2.14724687E-01  7.73642149E-01  9.88366836E-01  2.50000000E-02  6.38430839E-12  6.71846329E-12 
     304  5.87500000E+02  1.87500000E+02 -9.92053210E-01  1.98042005E+00  9.88366836E-01  2.50000000E-02  2.17418202E-12  3.26793562E-12 
     305  6.12500000E+02  1.87500000E+02 -9.90360644E-01  1.97872748E+00  9.88366836E-01  2.50000000E-02  1.69942819E-12  1.78948005E-12 
     306  6.37500000E+02  1.87500000E+02 -5.38917583E-02  1.04225859E+00  9.88366836E-01  2.50000000E-02  2.91571430E-12  5.08411696E-13 
     307  6.62500000E+02  1.87500000E+02  1.33030385E-01  8.55336450E-01  9.88366836E-01  2.50000000E-02  3.01203974E-12 -6.42069544E-13 
     308  6.87500000E+02  1.87500000E+02 -4.04030470E-01  1.39239731E+00  9.88366836E-01  2.50000000E-02  2.39010836E-12  3.37616625E-12 
     309  7.12500000E+02  1.87500000E+02 -8.13372492E-01  1.80173933E+00  9.88366836E-01  2.50000000E-02  2.63695684E-12  5.59057974E-13 
     310  7.37500000E+02  1.87500000E+02  5.26055641E-01  4.62311194E-01  9.88366836E-01  2.50000000E-02  4.40939118E-12 -8.38016156E-15 
     311  7.62500000E+02  1.87500000E+02 -1.21979092E-01  1.11034593E+00  9.88366836E-01  2.50000000E-02  4.29149053E-12 -1.61006860E-12 
     312  7.87500000E+02  1.87500000E+02  9.51504665E-01  3.68621713E-02  9.88366836E-01  2.50000000E-02  2.78293981E-12  3.94085153E-14 
     313  8.12500000E+02  1.87500000E+02  1.21368449E-02  9.76229991E-01  9.88366836E-01  2.50000000E-02 -2.30317551E-15  3.65130429E-14 
     314  8.37500000E+02  1.87500000E+02  5.57994914E-02  9.32567344E-01  9.88366836E-01  2.50000000E-02  7.70885092E-14  4.73111033E-13 
     315  8.62500000E+02  1.87500000E+02  3.00266358E-01  6.88100477E-01  9.88366836E-01  2.50000000E-02  2.14047842E-13  2.90969058E-13 
     316  8.87500000E+02  1.87500000E+02  1.38933373E-02  9.74473499E-01  9.88366836E-01  2.50000000E-02  2.37954774E-13  7.54647524E-13 
     317  9.12500000E+02  1.87500000E+02 -7.75471231E-01  1.76383807E+00  9.88366836E-01  2.50000000E-02  2.17371959E-13  5.83231926E-13 
     318  9.37500000E+02  1.87500000E+02 -8.13535488E-01  1.80190232E+00  9.88366836E-01  2.50000000E-02  1.85921310E-13  4.24560478E-13 
     319  9.62500000E+02  1.87500000E+02 -3.31835338E-01  1.32020217E+00  9.88366836E-01  2.50000000E-02  1.78674480E-13 -5.42106387E-13 
     320  9.87500000E+02  1.87500000E+02 -3.84744574E-01  1.37311141E+00  9.88366836E-01  2.50000000E-02  9.60533287E-14 -3.21693156E-13 
     321  1.25000000E+01  2.12500000E+02  2.44844554E-01  7.43522282E-01  9.88366836E-01  2.50000000E-02 -1.14647988E-13  5.42529662E-12 
     322  3.75000000E+01  2.12500000E+02 -8.38942158E-01  1.82730899E+00  9.88366836E-01  2.50000000E-02 -2.46423971E-13  5.58114841E-12 
     323  6.25000000E+01  2.12500000E+02  8.76437427E-01  1.11929408E-01  9.88366836E-01  2.50000000E-02 -1.53117834E-12  8.70848722E-12 
     324  8.75000000E+01  2.12500000E+02 -9.82525714E-01  1.97089255E+00  9.88366836E-01  2.50000000E-02  1.45250732E-12  7.70369761E-12 
     325  1.12500000E+02  2.12500000E+02  5.51450105E-01  4.36916731E-01  9.88366836E-01  2.50000000E-02  2.39690319E-12  1.41875739E-11 
     326  1.37500000E+02  2.12500000E+02  9.23851166E-01  6.45156698E-02  9.88366836E-01  2.50000000E-02  1.12236106E-11  2.17528811E-11 
     327  1.62500000E+02  2.12500000E+02  7.21559825E-01  2.66807011E-01  9.88366836E-01  2.50000000E-02  1.43449678E-11  1.31101359E-11 
     328  1.87500000E+02  2.12500000E+02 -5.98162436E-01  1.58652927E+00  9.88366836E-01  2.50000000E-02  8.03653289E-12  3.01181967E-12 
     329  2.12500000E+02  2.12500000E+02 -2.67355377E-01  1.25572221E+00  9.88366836E-01  2.50000000E-02  8.54243667E-12  3.70862317E-12 
     330  2.37500000E+02  2.12500000E+02  9.29246853E-01  5.91199826E-02  9.88366836E-01  2.50000000E-02  1.65081012E-10  5.56384425E-13 
     331  2.62500000E+02  2.12500000E+02 -5.41489150E-01  1.52985599E+00  9.88366836E-01  2.50000000E-02  3.45187159E-10  3.49271688E-12 
     332  2.87500000E+02  2.12500000E+02  9.61606288E-01  2.67605473E-02  9.88366836E-01  2.50000000E-02  1.92681760E-10  1.47739713E-11 
     333  3.12500000E+02  2.12500000E+02 -9.96976256E-01  1.98534309E+00  9.88366836E-01  2.50000000E-02  1.49307424E-11  1.31358593E-11 
     334  3.37500000E+02  2.12500000E+02  7.03037147E-01  2.85329689E-01  9.88366836E-01  2.50000000E-02  7.38770975E-12  1.17106946E-12 
     335  3.62500000E+02  2.12500000E+02 -9.91669405E-01  1.98003624E+00  9.88366836E-01  2.50000000E-02 -1.62966868E-12  6.52451757E-12 
     336  3.87500000E+02  2.12500000E+02 -7.82311094E-01  1.77067793E+00  9.88366836E-01  2.50000000E-02 -1.68558058E-12  1.91982662E-11 
     337  4.12500000E+02  2.12500000E+02  6.48352156E-01  3.40014679E-01  9.88366836E-01  2.50000000E-02  9.81667695E-13  5.71123334E-12 
     338  4.37500000E+02  2.12500000E+02  6.96944532E-01  2.91422304E-01  9.88366836E-01  2.50000000E-02 -1.68997789E-14  8.57765915E-12 
     339  4.62500000E+02  2.12500000E+02 -8.76132359E-01  1.86449919E+00  9.88366836E-01  2.50000000E-02  3.10501629E-12  7.84399448E-12 
     340  4.87500000E+02  2.12500000E+02 -5.73095536E-01  1.56146237E+00  9.88366836E-01  2.50000000E-02  3.16903871E-12  3.03337553E-12 
     341  5.12500000E+02  2.12500000E+02 -9.01463864E-01  1.88983070E+00  9.88366836E-01  2.50000000E-02  3.42317351E-12  1.35524984E-12 
     342  5.37500000E+02  2.12500000E+02  7.33343231E-01  2.55023605E-01  9.88366836E-01  2.50000000E-02  7.36268413E-12 -5.30975406E-13 
     343  5.62500000E+02  2.12500000E+02 -1.68227038E-01  1.15659387E+00  9.88366836E-01  2.50000000E-02  5.00006728E-12  6.87899426E-12 
     344  5.87500000E+02  2.12500000E+02 -1.82784566E-01  1.17115140E+00  9.88366836E-01  2.50000000E-02  4.26843654E-12  3.91951008E-12 
     345  6.12500000E+02  2.12500000E+02 -7.99218124E-03  9.96359017E-01  9.88366836E-01  2.50000000E-02  3.37184234E-12  2.79122078E-12 
     346  6.37500000E+02  2.12500000E+02  2.75438084E-01  7.12928752E-01  9.88366836E-01  2.50000000E-02  3.41002682E-12  1.46698638E-12 
     347  6.62500000E+02  2.12500000E+02  9.24385959E-01  6.39808773E-02  9.88366836E-01  2.50000000E-02  4.85033631E-12  2.33497002E-13 
     348  6.87500000E+02  2.12500000E+02 -1.36616828E-01  1.12498366E+00  9.88366836E-01  2.50000000E-02  2.92987439E-13  2.69422217E-12 
     349  7.12500000E+02  2.12500000E+02 -5.19049607E-01  1.50741644E+00  9.88366836E-01  2.50000000E-02  4.01747317E-13  6.59527005E-13 
     350  7.37500000E+02  2.12500000E+02  8.47420159E-01  1.40946677E-01  9.88366836E-01  2.50000000E-02  3.55651717E-12  5.93287175E-13 
     351  7.62500000E+02  2.12500000E+02  9.79561948E-01  8.80488766E-03  9.88366836E-01  2.50000000E-02  4.79409356E-12  5.73169479E-13 
     352  7.87500000E+02  2.12500000E+02  3.08941214E-01  6.79425622E-01  9.88366836E-01  2.50000000E-02 -2.41620056E-13 -4.26338387E-14 
     353  8.12500000E+02  2.12500000E+02 -3.97161530E-01  1.38552837E+00  9.88366836E-01  2.50000000E-02 -2.31141957E-13 -1.60631180E-13 
     354  8.37500000E+02  2.12500000E+02  7.58434357E-01  2.29932479E-01  9.88366836E-01  2.50000000E-02 -1.94663416E-13  1.46476843E-13 
     355  8.62500000E+02  2.12500000E+02 -5.78647185E-01  1.56701402E+00  9.88366836E-01  2.50000000E-02 -9.64543895E-14  2.74570964E-14 
     356  8.87500000E+02  2.12500000E+02  4.66734109E-02  9.41693425E-01  9.88366836E-01  2.50000000E-02 -6.27737149E-14  4.71062689E-13 
     357  9.12500000E+02  2.12500000E+02  8.68719284E-01  1.19647552E-01  9.88366836E-01  2.50000000E-02  2.27853203E-13  2.97622673E-14 
     358  9.37500000E+02  2.12500000E+02 -2.26269460E-01  1.21463630E+00  9.88366836E-01  2.50000000E-02  3.25813512E-13  4.53747672E-13 
     359  9.62500000E+02  2.12500000E+02 -7.63339254E-01  1.75170609E+00  9.88366836E-01  2.50000000E-02  3.40329700E-13 -5.95735051E-13 
     360  9.87500000E+02  2.12500000E+02  9.44908009E-01  4.34588272E-02  9.88366836E-01  2.50000000E-02  6.50272186E-13 -1.50278627E-12 
     361  1.25000000E+01  2.37500000E+02  3.55041820E-01  6.33325016E-01  9.88366836E-01  2.50000000E-02 -6.76918777E-13  6.46380892E-12 
     362  3.75000000E+01  2.37500000E+02  3.41509921E-01  6.46856915E-01  9.88366836E-01  2.50000000E-02 -1.84452015E-12  6.18911784E-12 
     363  6.25000000E+01  2.37500000E+02 -5.68093173E-01  1.55646001E+00  9.88366836E-01  2.50000000E-02 -3.58575054E-12  7.52350633E-12 
     364  8.75000000E+01  2.37500000E+02  2.68487339E-01  7.19879496E-01  9.88366836E-01  2.50000000E-02 -4.14980535E-12  7.18587605E-12 
     365  1.12500000E+02  2.37500000E+02 -7.27306446E-01  1.71567328E+00  9.88366836E-01  2.50000000E-02 -2.24091264E-12  1.44455217E-11 
     366  1.37500000E+02  2.37500000E+02  5.67759217E-01  4.20607619E-01  9.88366836E-01  2.50000000E-02  9.10699260E-13  1.69801211E-11 
     367  1.62500000E+02  2.37500000E+02  9.79894557E-01  8.47227888E-03  9.88366836E-01  2.50000000E-02  1.57058045E-12  1.73267217E-11 
     368  1.87500000E+02  2.37500000E+02  1.12566056E-02  9.77110230E-01  9.88366836E-01  2.50000000E-02 -1.43592794E-12  1.42322327E-12 
     369  2.12500000E+02  2.37500000E+02  1.03523423E-01  8.84843413E-01  9.88366836E-01  2.50000000E-02 -1.76885363E-12  3.47313302E-12 
     370  2.37500000E+02  2.37500000E+02  3.41537357E-01  6.46829479E-01  9.88366836E-01  2.50000000E-02 -3.03940994E-12 -2.10737282E-11 
     371  2.62500000E+02  2.37500000E+02  3.30516002E-01  6.57850834E-01  9.88366836E-01  2.50000000E-02 -3.21192900E-12  1.18837936E-11 
     372  2.87500000E+02  2.37500000E+02  4.31850495E-01  5.56516340E-01  9.88366836E-01  2.50000000E-02 -2.84272947E-12  3.93483711E-12 
     373  3.12500000E+02  2.37500000E+02  3.44948787E-01  6.43418049E-01  9.88366836E-01  2.50000000E-02 -3.39821604E-12  1.67645427E-11 
     374  3.37500000E+02  2.37500000E+02  8.99211308E-01  8.91555278E-02  9.88366836E-01  2.50000000E-02 -6.03360427E-12  1.22696808E-11 
     375  3.62500000E+02  2.37500000E+02 -2.08322164E-01  1.19668900E+00  9.88366836E-01  2.50000000E-02 -1.85106621E-12  8.91155106E-12 
     376  3.87500000E+02  2.37500000E+02  1.34885945E-01  8.53480891E-01  9.88366836E-01  2.50000000E-02 -2.03220228E-12  2.19881205E-11 
     377  4.12500000E+02  2.37500000E+02  6.77860891E-01  3.10505945E-01  9.88366836E-01  2.50000000E-02 -4.12898670E-12  6.23494260E-12 
     378  4.37500000E+02  2.37500000E+02  5.42106827E-01  4.46260009E-01  9.88366836E-01  2.50000000E-02 -2.25021891E-12  8.20956929E-12 
     379  4.62500000E+02  2.37500000E+02  5.81020619E-01  4.07346217E-01  9.88366836E-01  2.50000000E-02  1.39072157E-12  9.68864477E-12 
     380  4.87500000E+02  2.37500000E+02  8.48891551E-01  1.39475285E-01  9.88366836E-01  2.50000000E-02  9.43173600E-12  1.46686467E-11 
     381  5.12500000E+02  2.37500000E+02  6.13149962E-01  3.75216874E-01  9.88366836E-01  2.50000000E-02  6.98494310E-12  8.36384089E-12 
     382  5.37500000E+02  2.37500000E+02  7.83830333E-01  2.04536502E-01  9.88366836E-01  2.50000000E-02  6.19446649E-12  3.24340832E-12 
     383  5.62500000E+02  2.37500000E+02  9.08825902E-01  7.95409338E-02  9.88366836E-01  2.50000000E-02  4.49230940E-12  9.21285774E-12 
     384  5.87500000E+02  2.37500000E+02 -1.34468632E-01  1.12283547E+00  9.88366836E-01  2.50000000E-02  1.20525507E-12  5.46734962E-12 
     385  6.12500000E+02  2.37500000E+02  3.34650640E-01  6.53716196E-01  9.88366836E-01  2.50000000E-02  1.10657337E-12  4.27995437E-12 
     386  6.37500000E+02  2.37500000E+02  4.15609584E-01  5.72757252E-01  9.88366836E-01  2.50000000E-02  1.13712790E-12  3.06649904E-12 
     387  6.62500000E+02  2.37500000E+02 -9.77713809E-01  1.96608064E+00  9.88366836E-01  2.50000000E-02  1.06214081E-13  5.03813238E-13 
     388  6.87500000E+02  2.37500000E+02 -1.11305828E-01  1.09967266E+00  9.88366836E-01  2.50000000E-02 -1.47277031E-13  2.27103753E-12 
     389  7.12500000E+02  2.37500000E+02  8.58179792E-01  1.30187044E-01  9.88366836E-01  2.50000000E-02  3.60742626E-12  3.04132074E-12 
     390  7.37500000E+02  2.37500000E+02  4.32972426E-01  5.55394410E-01  9.88366836E-01  2.50000000E-02  3.94055303E-12  8.60157535E-13 
     391  7.62500000E+02  2.37500000E+02  9.65989899E-01  2.23769366E-02  9.88366836E-01  2.50000000E-02  1.86233991E-12 -3.91971009E-12 
     392  7.87500000E+02  2.37500000E+02  1.24913734E-01  8.63453102E-01  9.88366836E-01  2.50000000E-02 -3.39959309E-13  4.34783668E-14 
     393  8.12500000E+02  2.37500000E+02 -2.80744632E-01  1.26911147E+00  9.88366836E-01  2.50000000E-02 -3.47067048E-13 -2.96209298E-13 
     394  8.37500000E+02  2.37500000E+02 -2.61851218E-01  1.25021805E+00  9.88366836E-01  2.50000000E-02 -3.03694627E-13 -2.80157136E-13 
     395  8.62500000E+02  2.37500000E+02 -7.91797223E-01  1.78016406E+00  9.88366836E-01  2.50000000E-02 -2.61984526E-13 -4.01530602E-14 
     396  8.87500000E+02  2.37500000E+02 -5.79944574E-01  1.56831141E+00  9.88366836E-01  2.50000000E-02 -2.39873820E-13  2.11747007E-13 
     397  9.12500000E+02  2.37500000E+02 -3.91335675E-01  1.37970251E+00  9.88366836E-01  2.50000000E-02 -2.05694173E-13 -4.21321976E-13 
     398  9.37500000E+02  2.37500000E+02  9.45837524E-01  4.25293122E-02  9.88366836E-01  2.50000000E-02 -5.68954492E-13 -1.46011725E-12 
     399  9.62500000E+02  2.37500000E+02  3.37232494E-01  6.51134342E-01  9.88366836E-01  2.50000000E-02 -4.24700137E-13 -7.56266810E-13 
     400  9.87500000E+02  2.37500000E+02  1.21210509E-01  8.67156326E-01  9.88366836E-01  2.50000000E-02 -1.61811356E-13 -6.65208198E-13 
     401  1.25000000E+01  2.62500000E+02 -9.34840164E-01  1.92320700E+00  9.88366836E-01  2.50000000E-02  7.31836927E-13  7.28314908E-12 
     402  3.75000000E+01  2.62500000E+02 -9.55515730E-01  1.94388257E+00  9.88366836E-01  2.50000000E-02  1.09080911E-12  4.57323655E-12 
     403  6.25000000E+01  2.62500000E+02  6.26565141E-01  3.61801695E-01  9.88366836E-01  2.50000000E-02 -4.73233455E-12  8.33587643E-12 
     404  8.75000000E+01  2.62500000E+02 -7.22820953E-01  1.71118779E+00  9.88366836E-01  2.50000000E-02 -4.31736701E-12  7.28798985E-12 
     405  1.12500000E+02  2.62500000E+02  7.85906675E-01  2.02460160E-01  9.88366836E-01  2.50000000E-02  7.43207723E-13  1.35430525E-11 
     406  1.37500000E+02  2.62500000E+02  8.95852159E-01  9.25146764E-02  9.88366836E-01  2.50000000E-02  4.37889142E-12  1.41881749E-11 
     407  1.62500000E+02  2.62500000E+02 -5.06916641E-01  1.49528348E+00  9.88366836E-01  2.50000000E-02 -3.11663393E-13  6.32569794E-13 
     408  1.87500000E+02  2.62500000E+02 -5.87829816E-01  1.57619665E+00  9.88366836E-01  2.50000000E-02 -4.08241767E-13  1.48842444E-12 
     409  2.12500000E+02  2.62500000E+02 -1.34708598E-01  1.12307543E+00  9.88366836E-01  2.50000000E-02 -3.78377037E-13  2.90543461E-12 
     410  2.37500000E+02  2.62500000E+02  8.47734741E-01  1.40632095E-01  9.88366836E-01  2.50000000E-02 -2.14642202E-12 -1.07286227E-11 
     411  2.62500000E+02  2.62500000E+02  4.76887218E-01  5.11479618E-01  9.88366836E-01  2.50000000E-02 -1.63897361E-12  1.21015263E-11 
     412  2.87500000E+02  2.62500000E+02  2.00159583E-01  7.88207253E-01  9.88366836E-01  2.50000000E-02 -8.89676218E-13  2.60828255E-12 
     413  3.12500000E+02  2.62500000E+02 -4.78297783E-01  1.46666462E+00  9.88366836E-01  2.50000000E-02 -1.17389626E-13  1.50775676E-11 
     414  3.37500000E+02  2.62500000E+02  3.56056858E-01  6.32309978E-01  9.88366836E-01  2.50000000E-02  3.90314498E-13  2.48343712E-12 
     415  3.62500000E+02  2.62500000E+02 -4.05332105E-01  1.39369894E+00  9.88366836E-01  2.50000000E-02  3.21683941E-12  9.74876747E-12 
     416  3.87500000E+02  2.62500000E+02 -3.03954547E-01  1.29232138E+00  9.88366836E-01  2.50000000E-02  2.85090630E-12  1.86940621E-11 
     417  4.12500000E+02  2.62500000E+02 -8.01330835E-01  1.78969767E+00  9.88366836E-01  2.50000000E-02  1.38707352E-12  5.27556151E-12 
     418  4.37500000E+02  2.62500000E+02  9.54547333E-01  3.38195025E-02  9.88366836E-01  2.50000000E-02  4.13338681E-12  1.93970347E-11 
     419  4.62500000E+02  2.62500000E+02  8.90316133E-01  9.80507031E-02  9.88366836E-01  2.50000000E-02  5.54201018E-12  1.43987376E-11 
     420  4.87500000E+02  2.62500000E+02  7.08974002E-01  2.79392834E-01  9.88366836E-01  2.50000000E-02 -1.13350374E-12  1.26980713E-11 
     421  5.12500000E+02  2.62500000E+02  6.65835253E-01  3.22531583E-01  9.88366836E-01  2.50000000E-02 -5.41511770E-13  9.06357326E-12 
     422  5.37500000E+02  2.62500000E+02 -7.56810450E-01  1.74517729E+00  9.88366836E-01  2.50000000E-02  1.24336464E-12  5.17547373E-12 
     423  5.62500000E+02  2.62500000E+02  2.22872355E-01  7.65494481E-01  9.88366836E-01  2.50000000E-02  5.47199504E-13  3.54003782E-12 
     424  5.87500000E+02  2.62500000E+02  1.94286672E-01  7.94080164E-01  9.88366836E-01  2.50000000E-02 -4.88552380E-13  6.45577342E-12 
     425  6.12500000E+02  2.62500000E+02  3.02195158E-01  6.86171677E-01  9.88366836E-01  2.50000000E-02 -6.77037616E-13  3.81823243E-12 
     426  6.37500000E+02  2.62500000E+02 -1.01702793E-01  1.09006963E+00  9.88366836E-01  2.50000000E-02  2.57682185E-13  3.05227163E-12 
     427  6.62500000E+02  2.62500000E+02 -8.44736268E-01  1.83310310E+00  9.88366836E-01  2.50000000E-02  3.38400594E-13  7.30269901E-13 
     428  6.87500000E+02  2.62500000E+02 -1.13311707E-02  9.99698007E-01  9.88366836E-01  2.50000000E-02  4.22331680E-13  2.10652517E-12 
     429  7.12500000E+02  2.62500000E+02  6.77916363E-01  3.10450473E-01  9.88366836E-01  2.50000000E-02  2.69569870E-12  1.68052965E-12 
     430  7.37500000E+02  2.62500000E+02 -5.21512721E-01  1.50987956E+00  9.88366836E-01  2.50000000E-02  1.72264235E-12  6.78173427E-13 
     431  7.62500000E+02  2.62500000E+02  4.69066451E-01  5.19300385E-01  9.88366836E-01  2.50000000E-02  1.25443108E-12 -7.29710028E-13 
     432  7.87500000E+02  2.62500000E+02 -8.56823764E-01  1.84519060E+00  9.88366836E-01  2.50000000E-02  7.33825806E-13  1.00388426E-13 
     433  8.12500000E+02  2.62500000E+02  8.59767371E-02  9.02390099E-01  9.88366836E-01  2.50000000E-02  4.87122652E-13 -3.95580989E-13 
     434  8.37500000E+02  2.62500000E+02 -1.82638404E-01  1.17100524E+00  9.88366836E-01  2.50000000E-02  3.53357825E-13 -2.89561749E-13 
     435  8.62500000E+02  2.62500000E+02  2.06930704E-01  7.81436132E-01  9.88366836E-01  2.50000000E-02  1.81365912E-13 -1.36007325E-13 
     436  8.87500000E+02  2.62500000E+02  4.00383273E-01  5.87983562E-01  9.88366836E-01  2.50000000E-02 -6.78264907E-15 -9.97990239E-14 
     437  9.12500000E+02  2.62500000E+02 -2.58413072E-01  1.24677991E+00  9.88366836E-01  2.50000000E-02 -3.03737301E-13 -4.48012722E-13 
     438  9.37500000E+02  2.62500000E+02 -7.37106387E-01  1.72547322E+00  9.88366836E-01  2.50000000E-02 -1.03640084E-13 -1.18831489E-12 
     439  9.62500000E+02  2.62500000E+02 -8.13081408E-01  1.80144824E+00  9.88366836E-01  2.50000000E-02 -3.17278675E-14 -8.04583270E-13 
     440  9.87500000E+02  2.62500000E+02 -5.16564687E-01  1.50493152E+00  9.88366836E-01  2.50000000E-02 -7.81497521E-14 -6.55630945E-13 
     441  1.25000000E+01  2.87500000E+02  8.33477417E-01  1.54889419E-01  9.88366836E-01  2.50000000E-02  7.68320940E-13  9.82964012E-12 
     442  3.75000000E+01  2.87500000E+02 -9.98707575E-01  1.98707441E+00  9.88366836E-01  2.50000000E-02  1.26101540E-12  4.13393047E-12 
     443  6.25000000E+01  2.87500000E+02 -3.28974606E-01  1.31734144E+00  9.88366836E-01  2.50000000E-02  1.18786807E-12  7.71439959E-12 
     444  8.75000000E+01  2.87500000E+02  7.84918661E-01  2.03448175E-01  9.88366836E-01  2.50000000E-02  7.86678228E-13  1.10304826E-11 
     445  1.12500000E+02  2.87500000E+02 -9.03909283E-02  1.07875776E+00  9.88366836E-01  2.50000000E-02 -1.30481545E-12  4.36710193E-12 
     446  1.37500000E+02  2.87500000E+02  4.75391453E-02  9.40827690E-01  9.88366836E-01  2.50000000E-02 -1.73297264E-12  6.18449890E-12 
     447  1.62500000E+02  2.87500000E+02 -8.47335720E-01  1.83570256E+00  9.88366836E-01  2.50000000E-02 -1.62092298E-12  8.49612316E-13 
     448  1.87500000E+02  2.87500000E+02 -4.00822679E-01  1.38918952E+00  9.88366836E-01  2.50000000E-02 -1.19199518E-12  1.21406613E-12 
     449  2.12500000E+02  2.87500000E+02  2.14785155E-02  9.66888320E-01  9.88366836E-01  2.50000000E-02  8.11352317E-14  2.42232744E-12 
     450  2.37500000E+02  2.87500000E+02 -5.47241463E-01  1.53560830E+00  9.88366836E-01  2.50000000E-02  1.01263450E-12 -1.40962355E-12 
     451  2.62500000E+02  2.87500000E+02 -2.74508318E-01  1.26287515E+00  9.88366836E-01  2.50000000E-02  7.01769607E-13  9.32107804E-12 
     452  2.87500000E+02  2.87500000E+02  1.64184089E-01  8.24182747E-01  9.88366836E-01  2.50000000E-02  3.97738741E-13  1.56396159E-12 
     453  3.12500000E+02  2.87500000E+02  3.72539936E-01  6.15826900E-01  9.88366836E-01  2.50000000E-02  2.19786663E-12  1.31352215E-11 
     454  3.37500000E+02  2.87500000E+02 -6.12205178E-01  1.60057201E+00  9.88366836E-01  2.50000000E-02  3.17891371E-12  1.32414304E-12 
     455  3.62500000E+02  2.87500000E+02  5.38933411E-01  4.49433424E-01  9.88366836E-01  2.50000000E-02  4.16466192E-12  1.05214516E-11 
     456  3.87500000E+02  2.87500000E+02 -6.94758963E-01  1.68312580E+00  9.88366836E-01  2.50000000E-02  6.04736471E-12  1.58595135E-11 
     457  4.12500000E+02  2.87500000E+02  2.53964569E-01  7.34402267E-01  9.88366836E-01  2.50000000E-02  8.68087888E-12  4.87445863E-12 
     458  4.37500000E+02  2.87500000E+02 -4.05095158E-01  1.39346199E+00  9.88366836E-01  2.50000000E-02  1.05378838E-11  3.96649825E-12 
     459  4.62500000E+02  2.87500000E+02  4.50713467E-01  5.37653369E-01  9.88366836E-01  2.50000000E-02  9.30208553E-12  3.51774536E-12 
     460  4.87500000E+02  2.87500000E+02  4.34032856E-01  5.54333980E-01  9.88366836E-01  2.50000000E-02  8.52834965E-12  1.22404827E-11 
     461  5.12500000E+02  2.87500000E+02  8.53116490E-01  1.35250346E-01  9.88366836E-01  2.50000000E-02  7.04806738E-12  1.26896023E-11 
     462  5.37500000E+02  2.87500000E+02  9.51742552E-01  3.66242840E-02  9.88366836E-01  2.50000000E-02  7.05369085E-12  5.89188298E-12 
     463  5.62500000E+02  2.87500000E+02  4.66086404E-01  5.22280432E-01  9.88366836E-01  2.50000000E-02  5.79436523E-13  2.97641405E-12 
     464  5.87500000E+02  2.87500000E+02 -6.44614476E-01  1.63298131E+00  9.88366836E-01  2.50000000E-02  1.38175073E-13  6.18908577E-12 
     465  6.12500000E+02  2.87500000E+02 -3.96191500E-01  1.38455834E+00  9.88366836E-01  2.50000000E-02  6.35044571E-14  2.07669425E-12 
     466  6.37500000E+02  2.87500000E+02  9.33081605E-01  5.52852307E-02  9.88366836E-01  2.50000000E-02  1.41967061E-12  6.17663968E-12 
     467  6.62500000E+02  2.87500000E+02 -3.17314769E-01  1.30568160E+00  9.88366836E-01  2.50000000E-02  2.45760290E-12  9.00396909E-13 
     468  6.87500000E+02  2.87500000E+02  7.96572196E-01  1.91794640E-01  9.88366836E-01  2.50000000E-02  2.99774268E-12  3.55690536E-12 
     469  7.12500000E+02  2.87500000E+02  8.09256149E-01  1.79110686E-01  9.88366836E-01  2.50000000E-02  3.39417702E-12  1.02732638E-12 
     470  7.37500000E+02  2.87500000E+02  4.17497295E-01  5.70869541E-01  9.88366836E-01  2.50000000E-02  2.72076332E-12  5.06590987E-13 
     471  7.62500000E+02  2.87500000E+02  7.71770057E-01  2.16596779E-01  9.88366836E-01  2.50000000E-02  2.35151650E-12 -2.47243199E-13 
     472  7.87500000E+02  2.87500000E+02  9.31914994E-01  5.64518422E-02  9.88366836E-01  2.50000000E-02  1.79734493E-12 -3.22394541E-13 
     473  8.12500000E+02  2.87500000E+02 -3.74138657E-01  1.36250549E+00  9.88366836E-01  2.50000000E-02 -4.70381623E-14 -5.26345184E-13 
     474  8.37500000E+02  2.87500000E+02 -8.49988818E-01  1.83835565E+00  9.88366836E-01  2.50000000E-02 -6.60496856E-14 -3.87276284E-13 
     475  8.62500000E+02  2.87500000E+02  7.00082609E-01  2.88284227E-01  9.88366836E-01  2.50000000E-02 -2.93148191E-13 -4.26222007E-13 
     476  8.87500000E+02  2.87500000E+02 -9.10670425E-01  1.89903726E+00  9.88366836E-01  2.50000000E-02 -3.48194307E-13 -3.87312644E-13 
     477  9.12500000E+02  2.87500000E+02  6.07538114E-01  3.80828722E-01  9.88366836E-01  2.50000000E-02 -4.10950626E-13 -7.59324756E-13 
     478  9.37500000E+02  2.87500000E+02  2.30521661E-01  7.57845175E-01  9.88366836E-01  2.50000000E-02 -3.30071585E-13 -1.40266898E-12 
     479  9.62500000E+02  2.87500000E+02  7.48881598E-01  2.39485238E-01  9.88366836E-01  2.50000000E-02  4.08180629E-14 -1.56294937E-12 
     480  9.87500000E+02  2.87500000E+02 -4.58150855E-01  1.44651769E+00  9.88366836E-01  2.50000000E-02  5.00884309E-15 -9.27222632E-13 
     481  1.25000000E+01  3.12500000E+02  8.89455632E-01  9.89112037E-02  9.88366836E-01  2.50000000E-02  8.67668420E-13  8.92630897E-12 
     482  3.75000000E+01  3.12500000E+02 -6.31376517E-01  1.61974335E+00  9.88366836E-01  2.50000000E-02  2.40325704E-12  3.63435419E-12 
     483  6.25000000E+01  3.12500000E+02  3.05552792E-01  6.82814044E-01  9.88366836E-01  2.50000000E-02  2.94478885E-12  6.44173830E-12 
     484  8.75000000E+01  3.12500000E+02  1.01249800E-01  8.87117036E-01  9.88366836E-01  2.50000000E-02  2.18220049E-12  4.08695796E-12 
     485  1.12500000E+02  3.12500000E+02 -6.71278176E-01  1.65964501E+00  9.88366836E-01  2.50000000E-02  1.27059471E-12  3.17731875E-12 
     486  1.37500000E+02  3.12500000E+02  7.13473855E-01  2.74892981E-01  9.88366836E-01  2.50000000E-02  1.36312916E-12  4.11476499E-12 
     487  1.62500000E+02  3.12500000E+02  3.81535222E-01  6.06831614E-01  9.88366836E-01  2.50000000E-02  1.70767737E-12  2.15584127E-12 
     488  1.87500000E+02  3.12500000E+02  9.56451482E-01  3.19153539E-02  9.88366836E-01  2.50000000E-02 -2.79621950E-12  4.47816995E-12 
     489  2.12500000E+02  3.12500000E+02  7.75383494E-01  2.12983342E-01  9.88366836E-01  2.50000000E-02 -2.72874588E-12  3.31048157E-12 
     490  2.37500000E+02  3.12500000E+02 -7.42396327E-01  1.73076316E+00  9.88366836E-01  2.50000000E-02 -3.40295006E-12 -8.50814923E-13 
     491  2.62500000E+02  3.12500000E+02  1.02374976E-01  8.85991859E-01  9.88366836E-01  2.50000000E-02 -3.20102393E-12  8.35848331E-12 
     492  2.87500000E+02  3.12500000E+02 -7.45134914E-01  1.73350175E+00  9.88366836E-01  2.50000000E-02 -1.85759592E-12  1.20223563E-12 
     493  3.12500000E+02  3.12500000E+02 -9.64563739E-01  1.95293057E+00  9.88366836E-01  2.50000000E-02 -3.91432185E-13  1.24226770E-11 
     494  3.37500000E+02  3.12500000E+02 -5.81170204E-01  1.56953704E+00  9.88366836E-01  2.50000000E-02  7.89012576E-13  1.45265464E-12 
     495  3.62500000E+02  3.12500000E+02 -7.55561457E-01  1.74392829E+00  9.88366836E-01  2.50000000E-02 -3.24278340E-13  5.72291304E-12 
     496  3.87500000E+02  3.12500000E+02 -3.49295018E-01  1.33766185E+00  9.88366836E-01  2.50000000E-02 -1.64645885E-12  1.37655618E-11 
     497  4.12500000E+02  3.12500000E+02  9.88179630E-01  1.87206056E-04  9.88366836E-01  2.50000000E-02  3.88084938E-11  1.22172153E-10 
     498  4.37500000E+02  3.12500000E+02  1.76495243E-01  8.11871593E-01  9.88366836E-01  2.50000000E-02  1.55961310E-13  3.65541940E-12 
     499  4.62500000E+02  3.12500000E+02 -6.12133846E-02  1.04958022E+00  9.88366836E-01  2.50000000E-02  3.90361014E-14  1.86342016E-12 
     500  4.87500000E+02  3.12500000E+02 -1.10749767E-01  1.09911660E+00  9.88366836E-01  2.50000000E-02 -6.04850392E-14  1.19656816E-11 
     501  5.12500000E+02  3.12500000E+02  1.54185328E-01  8.34181507E-01  9.88366836E-01  2.50000000E-02  5.71407071E-13  1.39830938E-11 
     502  5.37500000E+02  3.12500000E+02  1.54441631E-03  9.86822419E-01  9.88366836E-01  2.50000000E-02  7.13504480E-13  8.86970058E-13 
     503  5.62500000E+02  3.12500000E+02 -2.09939076E-01  1.19830591E+00  9.88366836E-01  2.50000000E-02  6.58887649E-13  2.88171851E-12 
     504  5.87500000E+02  3.12500000E+02  8.37053587E-02  9.04661477E-01  9.88366836E-01  2.50000000E-02  1.13641967E-12  5.65419893E-12 
     505  6.12500000E+02  3.12500000E+02 -9.84763029E-01  1.97312987E+00  9.88366836E-01  2.50000000E-02  1.53697433E-12  1.36682868E-12 
     506  6.37500000E+02  3.12500000E+02  4.72295481E-01  5.16071355E-01  9.88366836E-01  2.50000000E-02  1.81799560E-12  1.17215447E-12 
     507  6.62500000E+02  3.12500000E+02 -6.67066766E-01  1.65543360E+00  9.88366836E-01  2.50000000E-02  1.16944198E-12  2.06861028E-13 
     508  6.87500000E+02  3.12500000E+02 -4.64834171E-01  1.45320101E+00  9.88366836E-01  2.50000000E-02  1.06445778E-12  8.95026178E-13 
     509  7.12500000E+02  3.12500000E+02 -2.73507669E-01  1.26187451E+00  9.88366836E-01  2.50000000E-02  9.97994414E-13 -3.09443072E-14 
     510  7.37500000E+02  3.12500000E+02 -9.70003133E-01  1.95836997E+00  9.88366836E-01  2.50000000E-02  9.73200439E-13  4.12590138E-13 
     511  7.62500000E+02  3.12500000E+02  2.81929733E-01  7.06437103E-01  9.88366836E-01  2.50000000E-02  7.90269555E-13  5.52880396E-15 
     512  7.87500000E+02  3.12500000E+02  2.41078169E-01  7.47288666E-01  9.88366836E-01  2.50000000E-02  6.67022104E-13 -1.28003908E-13 
     513  8.12500000E+02  3.12500000E+02  3.95770170E-01  5.92596666E-01  9.88366836E-01  2.50000000E-02  5.55447803E-13 -8.01879367E-13 
     514  8.37500000E+02  3.12500000E+02 -6.42047305E-02  1.05257157E+00  9.88366836E-01  2.50000000E-02  4.20876442E-13 -4.92496576E-13 
     515  8.62500000E+02  3.12500000E+02  6.23029571E-01  3.65337264E-01  9.88366836E-01  2.50000000E-02  1.68069294E-13 -6.44213100E-13 
     516  8.87500000E+02  3.12500000E+02  7.02108725E-01  2.86258111E-01  9.88366836E-01  2.50000000E-02  5.59377919E-15 -1.25398784E-12 
     517  9.12500000E+02  3.12500000E+02 -3.55302842E-03  9.91919864E-01  9.88366836E-01  2.50000000E-02  2.09639932E-14 -7.17412119E-13 
     518  9.37500000E+02  3.12500000E+02 -9.62513231E-01  1.95088007E+00  9.88366836E-01  2.50000000E-02 -4.66715049E-14 -1.91011456E-12 
     519  9.62500000E+02  3.12500000E+02 -6.76846554E-01  1.66521339E+00  9.88366836E-01  2.50000000E-02 -1.48317419E-13 -2.21055287E-12 
     520  9.87500000E+02  3.12500000E+02  5.26013183E-01  4.62353653E-01  9.88366836E-01  2.50000000E-02 -3.15328599E-13 -2.88866603E-12 
     521  1.25000000E+01  3.37500000E+02 -4.61756070E-01  1.45012291E+00  9.88366836E-01  2.50000000E-02 -6.09673536E-13  1.69229416E-12 
     522  3.75000000E+01  3.37500000E+02 -5.57306245E-01  1.54567308E+00  9.88366836E-01  2.50000000E-02 -2.55340812E-13  3.33898932E-12 
     523  6.25000000E+01  3.37500000E+02 -8.43123585E-01  1.83149042E+00  9.88366836E-01  2.50000000E-02  4.15339697E-13  3.99412101E-12 
     524  8.75000000E+01  3.37500000E+02 -6.36874693E-01  1.62524153E+00  9.88366836E-01  2.50000000E-02  3.22063741E-13  3.69887028E-12 
     525  1.12500000E+02  3.37500000E+02 -8.62173038E-01  1.85053987E+00  9.88366836E-01  2.50000000E-02  9.74158602E-13  3.11466929E-12 
     526  1.37500000E+02  3.37500000E+02 -9.98801574E-01  1.98716841E+00  9.88366836E-01  2.50000000E-02  1.30311739E-12  1.73391161E-12 
     527  1.62500000E+02  3.37500000E+02  4.97561888E-01  4.90804948E-01  9.88366836E-01  2.50000000E-02 -3.24466000E-13  3.29163622E-12 
     528  1.87500000E+02  3.37500000E+02  5.55506505E-01  4.32860331E-01  9.88366836E-01  2.50000000E-02 -2.53138548E-12  2.72440219E-12 
     529  2.12500000E+02  3.37500000E+02 -5.14768477E-01  1.50313531E+00  9.88366836E-01  2.50000000E-02 -5.25178639E-12  1.64231774E-12 
     530  2.37500000E+02  3.37500000E+02  4.49690095E-01  5.38676741E-01  9.88366836E-01  2.50000000E-02 -7.15513748E-12  1.71412411E-12 
     531  2.62500000E+02  3.37500000E+02  2.08834336E-01  7.79532500E-01  9.88366836E-01  2.50000000E-02 -7.77951954E-12  8.44495329E-12 
     532  2.87500000E+02  3.37500000E+02  8.80607532E-01  1.07759304E-01  9.88366836E-01  2.50000000E-02 -3.48881346E-12  4.65178088E-12 
     533  3.12500000E+02  3.37500000E+02  7.62143809E-01  2.26223027E-01  9.88366836E-01  2.50000000E-02  6.27052141E-13  1.25560626E-11 
     534  3.37500000E+02  3.37500000E+02  1.91182312E-01  7.97184524E-01  9.88366836E-01  2.50000000E-02  1.03049534E-12  2.00159907E-12 
     535  3.62500000E+02  3.37500000E+02 -4.39467332E-01  1.42783417E+00  9.88366836E-01  2.50000000E-02  1.30283216E-12  4.97998022E-12 
     536  3.87500000E+02  3.37500000E+02 -6.68779376E-01  1.65714621E+00  9.88366836E-01  2.50000000E-02  1.72972905E-12  1.12529403E-11 
     537  4.12500000E+02  3.37500000E+02 -5.55079330E-01  1.54344617E+00  9.88366836E-01  2.50000000E-02  1.53333881E-12  3.71131445E-12 
     538  4.37500000E+02  3.37500000E+02 -1.77210822E-01  1.16557766E+00  9.88366836E-01  2.50000000E-02  5.74850454E-13  3.07217504E-12 
     539  4.62500000E+02  3.37500000E+02 -3.32755791E-01  1.32112263E+00  9.88366836E-01  2.50000000E-02  2.47577211E-13  1.33686019E-12 
     540  4.87500000E+02  3.37500000E+02  4.02397733E-01  5.85969103E-01  9.88366836E-01  2.50000000E-02  1.80020710E-13  1.14135965E-11 
     541  5.12500000E+02  3.37500000E+02  9.35292297E-01  5.30745393E-02  9.88366836E-01  2.50000000E-02  2.30647449E-12  9.49134512E-12 
     542  5.37500000E+02  3.37500000E+02  9.15586516E-02  8.96808184E-01  9.88366836E-01  2.50000000E-02  1.23617539E-12  7.78525707E-13 
     543  5.62500000E+02  3.37500000E+02  8.15716200E-01  1.72650636E-01  9.88366836E-01  2.50000000E-02  9.64081238E-13  2.97254621E-12 
     544  5.87500000E+02  3.37500000E+02 -5.03468074E-01  1.49183491E+00  9.88366836E-01  2.50000000E-02  1.82093705E-12  5.29796266E-12 
     545  6.12500000E+02  3.37500000E+02 -6.69021962E-01  1.65738880E+00  9.88366836E-01  2.50000000E-02  2.26855506E-12  1.21425042E-12 
     546  6.37500000E+02  3.37500000E+02 -6.42252231E-01  1.63061907E+00  9.88366836E-01  2.50000000E-02  2.31499142E-12  1.26943543E-12 
     547  6.62500000E+02  3.37500000E+02 -9.15931343E-01  1.90429818E+00  9.88366836E-01  2.50000000E-02  2.12710397E-12  2.66157194E-14 
     548  6.87500000E+02  3.37500000E+02 -3.57765820E-02  1.02414342E+00  9.88366836E-01  2.50000000E-02  2.28013209E-12  8.60431246E-13 
     549  7.12500000E+02  3.37500000E+02  1.43321703E-02  9.74034666E-01  9.88366836E-01  2.50000000E-02  1.99303586E-12 -7.46130366E-15 
     550  7.37500000E+02  3.37500000E+02 -8.25790495E-01  1.81415733E+00  9.88366836E-01  2.50000000E-02  1.43324755E-12  3.71510520E-13 
     551  7.62500000E+02  3.37500000E+02 -5.13702550E-01  1.50206939E+00  9.88366836E-01  2.50000000E-02  1.24240509E-12  2.45909806E-13 
     552  7.87500000E+02  3.37500000E+02  6.87706151E-02  9.19596221E-01  9.88366836E-01  2.50000000E-02  1.17688845E-12 -3.26723241E-14 
     553  8.12500000E+02  3.37500000E+02  1.57189289E-01  8.31177547E-01  9.88366836E-01  2.50000000E-02  1.00430996E-12 -7.66800434E-13 
     554  8.37500000E+02  3.37500000E+02 -3.94510543E-01  1.38287738E+00  9.88366836E-01  2.50000000E-02  8.82039139E-13 -3.57016112E-13 
     555  8.62500000E+02  3.37500000E+02  3.74971382E-01  6.13395454E-01  9.88366836E-01  2.50000000E-02  5.23058668E-13 -6.70890498E-13 
     556  8.87500000E+02  3.37500000E+02 -3.79816420E-01  1.36818326E+00  9.88366836E-01  2.50000000E-02  7.33327784E-13 -9.96175169E-13 
     557  9.12500000E+02  3.37500000E+02  1.94168431E-01  7.94198405E-01  9.88366836E-01  2.50000000E-02  7.78065810E-13 -6.57431544E-13 
     558  9.37500000E+02  3.37500000E+02  4.57312719E-01  5.31054117E-01  9.88366836E-01  2.50000000E-02  2.10819000E-13 -2.37036594E-12 
     559  9.62500000E+02  3.37500000E+02  8.05780058E-01  1.82586778E-01  9.88366836E-01  2.50000000E-02 -7.68047315E-13 -2.38854819E-12 
     560  9.87500000E+02  3.37500000E+02  3.18677521E-01  6.69689315E-01  9.88366836E-01  2.50000000E-02 -1.77410227E-13 -3.12420975E-12 
     561  1.25000000E+01  3.62500000E+02 -9.66060666E-01  1.95442750E+00  9.88366836E-01  2.50000000E-02 -1.56271647E-14  1.91568333E-12 
     562  3.75000000E+01  3.62500000E+02  5.15856432E-01  4.72510404E-01  9.88366836E-01  2.50000000E-02  2.39278281E-13  3.71079948E-12 
     563  6.25000000E+01  3.62500000E+02 -3.34530843E-01  1.32289768E+00  9.88366836E-01  2.50000000E-02  1.17019391E-12  3.01053352E-12 
     564  8.75000000E+01  3.62500000E+02  3.69791417E-01  6.18575419E-01  9.88366836E-01  2.50000000E-02  1.38762732E-12  4.15349768E-12 
     565  1.12500000E+02  3.62500000E+02  3.35961265E-01  6.52405571E-01  9.88366836E-01  2.50000000E-02  1.50678945E-12  4.25451013E-12 
     566  1.37500000E+02  3.62500000E+02 -9.76369505E-01  1.96473634E+00  9.88366836E-01  2.50000000E-02  1.98705355E-12  1.69162054E-12 
     567  1.62500000E+02  3.62500000E+02 -7.03027348E-01  1.69139418E+00  9.88366836E-01  2.50000000E-02  1.97927020E-12  4.12287598E-12 
     568  1.87500000E+02  3.62500000E+02 -3.95054195E-01  1.38342103E+00  9.88366836E-01  2.50000000E-02  1.46849513E-12  2.37778656E-12 
     569  2.12500000E+02  3.62500000E+02 -6.06662382E-01  1.59502922E+00  9.88366836E-01  2.50000000E-02  1.19355239E-12  1.79639531E-12 
     570  2.37500000E+02  3.62500000E+02  1.31333254E-01  8.57033582E-01  9.88366836E-01  2.50000000E-02  1.06119467E-12  2.97232455E-12 
     571  2.62500000E+02  3.62500000E+02  6.78557906E-01  3.09808929E-01  9.88366836E-01  2.50000000E-02 -1.10204927E-12  7.79309244E-12 
     572  2.87500000E+02  3.62500000E+02  8.98066731E-01  9.03001049E-02  9.88366836E-01  2.50000000E-02 -3.72951099E-12  3.95607962E-12 
     573  3.12500000E+02  3.62500000E+02  6.28986818E-01  3.59380018E-01  9.88366836E-01  2.50000000E-02 -4.51111749E-12  9.75395933E-12 
     574  3.37500000E+02  3.62500000E+02 -5.61567362E-01  1.54993420E+00  9.88366836E-01  2.50000000E-02 -3.90768901E-12  3.13662658E-12 
     575  3.62500000E+02  3.62500000E+02 -2.10584714E-01  1.19895155E+00  9.88366836E-01  2.50000000E-02 -4.25535858E-12  5.17611612E-12 
     576  3.87500000E+02  3.62500000E+02 -6.15901412E-01  1.60426825E+00  9.88366836E-01  2.50000000E-02 -3.73270934E-12  1.03404312E-11 
     577  4.12500000E+02  3.62500000E+02  4.92716108E-01  4.95650728E-01  9.88366836E-01  2.50000000E-02 -4.02013894E-13  3.79367940E-12 
     578  4.37500000E+02  3.62500000E+02 -3.55685850E-01  1.34405269E+00  9.88366836E-01  2.50000000E-02  5.12867103E-14  2.96793047E-12 
     579  4.62500000E+02  3.62500000E+02 -9.76551710E-01  1.96491855E+00  9.88366836E-01  2.50000000E-02  4.88099218E-13  1.31502392E-12 
     580  4.87500000E+02  3.62500000E+02 -8.66758993E-01  1.85512583E+00  9.88366836E-01  2.50000000E-02  7.24538371E-13  1.11671719E-11 
     581  5.12500000E+02  3.62500000E+02  5.96923364E-01  3.91443472E-01  9.88366836E-01  2.50000000E-02  1.25694753E-12  1.04957678E-12 
     582  5.37500000E+02  3.62500000E+02 -8.49782317E-01  1.83814915E+00  9.88366836E-01  2.50000000E-02  5.30533505E-13  5.77967260E-13 
     583  5.62500000E+02  3.62500000E+02 -4.39410726E-01  1.42777756E+00  9.88366836E-01  2.50000000E-02  2.93548787E-13  8.53015354E-13 
     584  5.87500000E+02  3.62500000E+02  5.24814540E-01  4.63552296E-01  9.88366836E-01  2.50000000E-02 -4.65836270E-13  4.27739418E-12 
     585  6.12500000E+02  3.62500000E+02  9.17688554E-01  7.06782817E-02  9.88366836E-01  2.50000000E-02  4.56029618E-13  2.94297220E-12 
     586  6.37500000E+02  3.62500000E+02 -7.46181453E-02  1.06298498E+00  9.88366836E-01  2.50000000E-02 -1.46075594E-13  1.40229287E-12 
     587  6.62500000E+02  3.62500000E+02  3.43220318E-01  6.45146518E-01  9.88366836E-01  2.50000000E-02 -3.32939896E-14  6.85619673E-13 
     588  6.87500000E+02  3.62500000E+02  4.11170400E-02  9.47249796E-01  9.88366836E-01  2.50000000E-02  7.42874899E-14  9.05067590E-13 
     589  7.12500000E+02  3.62500000E+02  1.37093551E-01  8.51273285E-01  9.88366836E-01  2.50000000E-02  6.15477316E-14  1.06203023E-16 
     590  7.37500000E+02  3.62500000E+02 -5.61127821E-01  1.54949466E+00  9.88366836E-01  2.50000000E-02  6.48491669E-14  3.34923548E-13 
     591  7.62500000E+02  3.62500000E+02 -6.32209528E-01  1.62057636E+00  9.88366836E-01  2.50000000E-02  9.33862856E-14  2.68972194E-13 
     592  7.87500000E+02  3.62500000E+02  1.59330829E-01  8.29036007E-01  9.88366836E-01  2.50000000E-02  1.37407780E-13 -4.03296661E-14 
     593  8.12500000E+02  3.62500000E+02 -8.43544998E-01  1.83191183E+00  9.88366836E-01  2.50000000E-02  1.50576894E-13 -7.86459803E-13 
     594  8.37500000E+02  3.62500000E+02 -7.98577645E-01  1.78694448E+00  9.88366836E-01  2.50000000E-02  1.56868074E-13 -3.16049036E-13 
     595  8.62500000E+02  3.62500000E+02  8.70439201E-01  1.17927635E-01  9.88366836E-01  2.50000000E-02 -7.10398873E-13 -1.14660103E-12 
     596  8.87500000E+02  3.62500000E+02 -5.89937129E-01  1.57830397E+00  9.88366836E-01  2.50000000E-02 -1.27159636E-12 -1.31173207E-12 
     597  9.12500000E+02  3.62500000E+02  9.76380787E-01  1.19860487E-02  9.88366836E-01  2.50000000E-02 -3.64770206E-12 -3.71915305E-12 
     598  9.37500000E+02  3.62500000E+02  3.75203281E-01  6.13163555E-01  9.88366836E-01  2.50000000E-02 -8.03808383E-13 -1.98659886E-12 
     599  9.62500000E+02  3.62500000E+02  9.65871543E-03  9.78708120E-01  9.88366836E-01  2.50000000E-02 -6.15019914E-13 -7.27951611E-13 
     600  9.87500000E+02  3.62500000E+02  1.09596903E-01  8.78769933E-01  9.88366836E-01  2.50000000E-02 -2.57561697E-13 -2.97297696E-12 
     601  1.25000000E+01  3.87500000E+02  1.55109543E-01  8.33257293E-01  9.88366836E-01  2.50000000E-02 -4.76506042E-13  3.02871208E-12 
     602  3.75000000E+01  3.87500000E+02 -7.71215314E-01  1.75958215E+00  9.88366836E-01  2.50000000E-02 -9.68603822E-13  2.18842075E-12 
     603  6.25000000E+01  3.87500000E+02 -6.58958607E-01  1.64732544E+00  9.88366836E-01  2.50000000E-02 -7.66840423E-13  2.30042872E-12 
     604  8.75000000E+01  3.87500000E+02 -5.58975465E-02  1.04426438E+00  9.88366836E-01  2.50000000E-02 -3.23585626E-13  4.04727200E-12 
     605  1.12500000E+02  3.87500000E+02  5.28193489E-01  4.60173347E-01  9.88366836E-01  2.50000000E-02  2.38740558E-13  4.63471928E-12 
     606  1.37500000E+02  3.87500000E+02  6.72831520E-01  3.15535315E-01  9.88366836E-01  2.50000000E-02  1.12661155E-12  2.04562694E-12 
     607  1.62500000E+02  3.87500000E+02  4.06350372E-01  5.82016464E-01  9.88366836E-01  2.50000000E-02  2.16357664E-12  4.69172527E-12 
     608  1.87500000E+02  3.87500000E+02  3.95698919E-02  9.48796944E-01  9.88366836E-01  2.50000000E-02  2.12557248E-12  2.02615383E-12 
     609  2.12500000E+02  3.87500000E+02 -1.17352384E-02  1.00010207E+00  9.88366836E-01  2.50000000E-02  1.92842379E-12  2.15525952E-12 
     610  2.37500000E+02  3.87500000E+02 -5.69130758E-01  1.55749759E+00  9.88366836E-01  2.50000000E-02  1.39133855E-12  2.91821751E-12 
     611  2.62500000E+02  3.87500000E+02  3.82325208E-01  6.06041628E-01  9.88366836E-01  2.50000000E-02 -1.37003180E-13  5.24247366E-12 
     612  2.87500000E+02  3.87500000E+02  8.00741049E-01  1.87625787E-01  9.88366836E-01  2.50000000E-02 -3.70712517E-12  4.16150054E-12 
     613  3.12500000E+02  3.87500000E+02 -4.36175349E-01  1.42454219E+00  9.88366836E-01  2.50000000E-02 -6.74091853E-12  6.73218709E-12 
     614  3.37500000E+02  3.87500000E+02 -1.47161939E-02  1.00308303E+00  9.88366836E-01  2.50000000E-02 -6.18053485E-12  4.52360016E-12 
     615  3.62500000E+02  3.87500000E+02 -7.06845146E-01  1.69521198E+00  9.88366836E-01  2.50000000E-02 -5.99546872E-12  4.69901645E-12 
     616  3.87500000E+02  3.87500000E+02  4.85538138E-02  9.39813022E-01  9.88366836E-01  2.50000000E-02 -4.20242142E-12  1.17045111E-11 
     617  4.12500000E+02  3.87500000E+02 -7.71735505E-01  1.76010234E+00  9.88366836E-01  2.50000000E-02 -1.99061375E-12  4.38991332E-12 
     618  4.37500000E+02  3.87500000E+02  1.87056193E-01  8.01310643E-01  9.88366836E-01  2.50000000E-02 -2.02838542E-12  3.22101260E-12 
     619  4.62500000E+02  3.87500000E+02  8.80330275E-01  1.08036561E-01  9.88366836E-01  2.50000000E-02  2.04690376E-13  4.49204242E-12 
     620  4.87500000E+02  3.87500000E+02  3.42345162E-01  6.46021674E-01  9.88366836E-01  2.50000000E-02  1.22096058E-12  1.02241648E-11 
     621  5.12500000E+02  3.87500000E+02 -8.72640495E-01  1.86100733E+00  9.88366836E-01  2.50000000E-02  1.21730438E-12  2.16883277E-13 
     622  5.37500000E+02  3.87500000E+02  2.94931678E-01  6.93435158E-01  9.88366836E-01  2.50000000E-02  1.13493826E-12  4.00156692E-13 
     623  5.62500000E+02  3.87500000E+02 -6.37404482E-01  1.62577132E+00  9.88366836E-01  2.50000000E-02  9.49519692E-13  8.06730109E-13 
     624  5.87500000E+02  3.87500000E+02 -4.38549149E-01  1.42691598E+00  9.88366836E-01  2.50000000E-02  8.89498946E-13  2.60937060E-12 
     625  6.12500000E+02  3.87500000E+02  3.51708111E-01  6.36658725E-01  9.88366836E-01  2.50000000E-02  6.83994558E-13  4.78859950E-13 
     626  6.37500000E+02  3.87500000E+02  6.49206713E-02  9.23446165E-01  9.88366836E-01  2.50000000E-02  4.69122025E-13  1.51647763E-12 
     627  6.62500000E+02  3.87500000E+02  9.18175539E-01  7.01912966E-02  9.88366836E-01  2.50000000E-02  2.20056622E-13  7.89490431E-13 
     628  6.87500000E+02  3.87500000E+02 -9.20605568E-01  1.90897240E+00  9.88366836E-01  2.50000000E-02  5.87633593E-13  8.64534411E-13 
     629  7.12500000E+02  3.87500000E+02  4.03094956E-01  5.85271879E-01  9.88366836E-01  2.50000000E-02  5.46785157E-13 -2.50827098E-13 
     630  7.37500000E+02  3.87500000E+02  1.94257328E-01  7.94109507E-01  9.88366836E-01  2.50000000E-02  2.95520478E-13  3.31233681E-13 
     631  7.62500000E+02  3.87500000E+02 -4.74625661E-01  1.46299250E+00  9.88366836E-01  2.50000000E-02  2.22133838E-13  1.90650541E-13 
     632  7.87500000E+02  3.87500000E+02 -3.33009062E-01  1.32137590E+00  9.88366836E-01  2.50000000E-02  1.81566753E-13 -1.39003085E-13 
     633  8.12500000E+02  3.87500000E+02 -1.39707627E-01  1.12807446E+00  9.88366836E-01  2.50000000E-02  8.81292554E-14 -8.37684658E-13 
     634  8.37500000E+02  3.87500000E+02  8.25223234E-01  1.63143602E-01  9.88366836E-01  2.50000000E-02 -3.29243044E-13 -2.01648525E-12 
     635  8.62500000E+02  3.87500000E+02  9.51776039E-01  3.65907972E-02  9.88366836E-01  2.50000000E-02 -1.65314193E-12 -4.78368640E-12 
     636  8.87500000E+02  3.87500000E+02  3.19834321E-01  6.68532514E-01  9.88366836E-01  2.50000000E-02  3.84567355E-14 -2.63583263E-12 
     637  9.12500000E+02  3.87500000E+02  8.76020387E-01  1.12346448E-01  9.88366836E-01  2.50000000E-02  3.72307608E-13 -2.14238135E-12 
     638  9.37500000E+02  3.87500000E+02 -3.08319958E-01  1.29668679E+00  9.88366836E-01  2.50000000E-02  3.53260108E-13 -1.36199738E-12 
     639  9.62500000E+02  3.87500000E+02 -6.58719114E-01  1.64708595E+00  9.88366836E-01  2.50000000E-02  2.49940438E-13 -7.36003908E-13 
     640  9.87500000E+02  3.87500000E+02 -2.55844584E-01  1.24421142E+00  9.88366836E-01  2.50000000E-02  6.80931668E-14 -3.32927643E-12 
     641  1.25000000E+01  4.12500000E+02 -1.14667748E-01  1.10303458E+00  9.88366836E-01  2.50000000E-02 -8.57584682E-13  3.84353151E-12 
     642  3.75000000E+01  4.12500000E+02 -1.19798821E-01  1.10816566E+00  9.88366836E-01  2.50000000E-02 -1.57056233E-12  2.31083081E-12 
     643  6.25000000E+01  4.12500000E+02 -1.99528805E-01  1.18789564E+00  9.88366836E-01  2.50000000E-02 -1.11002939E-12  1.91078837E-12 
     644  8.75000000E+01  4.12500000E+02  4.43166795E-01  5.45200041E-01  9.88366836E-01  2.50000000E-02 -4.32154360E-13  3.94208968E-12 
     645  1.12500000E+02  4.12500000E+02  6.67500279E-01  3.20866556E-01  9.88366836E-01  2.50000000E-02 -8.01038042E-13  5.33775912E-12 
     646  1.37500000E+02  4.12500000E+02  6.79524660E-01  3.08842176E-01  9.88366836E-01  2.50000000E-02 -9.44750783E-13  2.09726275E-12 
     647  1.62500000E+02  4.12500000E+02  7.83519136E-01  2.04847700E-01  9.88366836E-01  2.50000000E-02 -2.74399335E-12  7.03760250E-12 
     648  1.87500000E+02  4.12500000E+02  5.42671422E-02  9.34099694E-01  9.88366836E-01  2.50000000E-02 -3.08667336E-12  2.74048794E-12 
     649  2.12500000E+02  4.12500000E+02 -9.57887589E-02  1.08415559E+00  9.88366836E-01  2.50000000E-02 -3.37020052E-12  2.43067904E-12 
     650  2.37500000E+02  4.12500000E+02 -7.04305250E-01  1.69267209E+00  9.88366836E-01  2.50000000E-02 -4.01775867E-12  3.50929017E-12 
     651  2.62500000E+02  4.12500000E+02 -5.88823646E-01  1.57719048E+00  9.88366836E-01  2.50000000E-02 -4.22057319E-12  4.57974537E-12 
     652  2.87500000E+02  4.12500000E+02 -5.23053373E-01  1.51142021E+00  9.88366836E-01  2.50000000E-02 -5.02936041E-12  2.22264318E-12 
     653  3.12500000E+02  4.12500000E+02 -8.25401872E-01  1.81376871E+00  9.88366836E-01  2.50000000E-02 -5.66095157E-12  6.63436206E-12 
     654  3.37500000E+02  4.12500000E+02  5.25067566E-01  4.63299270E-01  9.88366836E-01  2.50000000E-02 -4.66007607E-12  5.51194599E-12 
     655  3.62500000E+02  4.12500000E+02 -7.83024329E-01  1.77139117E+00  9.88366836E-01  2.50000000E-02 -3.17221166E-12  4.76044607E-12 
     656  3.87500000E+02  4.12500000E+02  5.73640254E-01  4.14726582E-01  9.88366836E-01  2.50000000E-02 -6.22120310E-13  1.29320039E-11 
     657  4.12500000E+02  4.12500000E+02  6.58338337E-01  3.30028498E-01  9.88366836E-01  2.50000000E-02  1.59208226E-13  5.38516928E-12 
     658  4.37500000E+02  4.12500000E+02  8.36372757E-01  1.51994078E-01  9.88366836E-01  2.50000000E-02 -6.86146290E-13  3.28234847E-12 
     659  4.62500000E+02  4.12500000E+02 -5.76557963E-01  1.56492480E+00  9.88366836E-01  2.50000000E-02 -7.03847806E-13  5.61785841E-12 
     660  4.87500000E+02  4.12500000E+02 -5.98355215E-01  1.58672205E+00  9.88366836E-01  2.50000000E-02 -3.03806364E-13  9.22704336E-12 
     661  5.12500000E+02  4.12500000E+02 -4.70305079E-01  1.45867191E+00  9.88366836E-01  2.50000000E-02  1.44907303E-13  1.73605005E-13 
     662  5.37500000E+02  4.12500000E+02  9.68222219E-01  2.01446164E-02  9.88366836E-01  2.50000000E-02  9.55528433E-13  2.46790248E-12 
     663  5.62500000E+02  4.12500000E+02  4.24524568E-01  5.63842268E-01  9.88366836E-01  2.50000000E-02  1.61113857E-13  9.26848244E-13 
     664  5.87500000E+02  4.12500000E+02 -1.70848611E-02  1.00545170E+00  9.88366836E-01  2.50000000E-02  5.90846037E-13  2.09030492E-12 
     665  6.12500000E+02  4.12500000E+02 -3.59020408E-01  1.34738724E+00  9.88366836E-01  2.50000000E-02  6.79418258E-13  5.38411276E-13 
     666  6.37500000E+02  4.12500000E+02 -5.20579146E-02  1.04042475E+00  9.88366836E-01  2.50000000E-02  7.36402849E-13  1.77997035E-12 
     667  6.62500000E+02  4.12500000E+02 -3.64641074E-01  1.35300791E+00  9.88366836E-01  2.50000000E-02  8.77703545E-13  5.14717309E-13 
     668  6.87500000E+02  4.12500000E+02  8.98391509E-01  8.99753268E-02  9.88366836E-01  2.50000000E-02 -1.48048818E-13  2.53372192E-12 
     669  7.12500000E+02  4.12500000E+02  6.22015577E-01  3.66351259E-01  9.88366836E-01  2.50000000E-02 -7.31175631E-13 -4.89095778E-13 
     670  7.37500000E+02  4.12500000E+02 -1.48513640E-01  1.13688048E+00  9.88366836E-01  2.50000000E-02 -8.53297808E-13  3.13737188E-13 
     671  7.62500000E+02  4.12500000E+02  8.27164934E-01  1.61201902E-01  9.88366836E-01  2.50000000E-02 -1.68662930E-12 -5.07112725E-13 
     672  7.87500000E+02  4.12500000E+02  6.44029528E-01  3.44337308E-01  9.88366836E-01  2.50000000E-02 -1.95045427E-12  7.49395851E-14 
     673  8.12500000E+02  4.12500000E+02 -6.87756908E-01  1.67612374E+00  9.88366836E-01  2.50000000E-02 -1.75402605E-12 -5.70509049E-13 
     674  8.37500000E+02  4.12500000E+02  2.82743241E-01  7.05623595E-01  9.88366836E-01  2.50000000E-02 -1.33500616E-12 -2.25530281E-12 
     675  8.62500000E+02  4.12500000E+02 -3.05489254E-02  1.01891576E+00  9.88366836E-01  2.50000000E-02 -8.40420786E-13 -5.76506477E-12 
     676  8.87500000E+02  4.12500000E+02  2.06506390E-01  7.81860446E-01  9.88366836E-01  2.50000000E-02 -2.83842645E-13 -3.24241387E-12 
     677  9.12500000E+02  4.12500000E+02 -5.37229149E-01  1.52559599E+00  9.88366836E-01  2.50000000E-02  6.34106097E-13 -1.28438383E-12 
     678  9.37500000E+02  4.12500000E+02 -5.68518548E-01  1.55688538E+00  9.88366836E-01  2.50000000E-02  7.84451523E-13 -1.32388806E-12 
     679  9.62500000E+02  4.12500000E+02  8.97037579E-01  9.13292567E-02  9.88366836E-01  2.50000000E-02 -3.79581419E-13 -6.91296467E-12 
     680  9.87500000E+02  4.12500000E+02  3.11866661E-01  6.76500175E-01  9.88366836E-01  2.50000000E-02  2.21448308E-14 -3.94866658E-12 
     681  1.25000000E+01  4.37500000E+02 -5.21525428E-01  1.50989226E+00  9.88366836E-01  2.50000000E-02 -1.89856736E-14  4.34858619E-12 
     682  3.75000000E+01  4.37500000E+02  5.82371908E-01  4.05994928E-01  9.88366836E-01  2.50000000E-02 -3.43171729E-13  4.00638328E-12 
     683  6.25000000E+01  4.37500000E+02  8.74393557E-01  1.13973279E-01  9.88366836E-01  2.50000000E-02 -1.97338395E-12  4.27032089E-12 
     684  8.75000000E+01  4.37500000E+02 -3.58850876E-01  1.34721771E+00  9.88366836E-01  2.50000000E-02 -1.77479151E-12  4.19324533E-12 
     685  1.12500000E+02  4.37500000E+02  8.06857612E-01  1.81509223E-01  9.88366836E-01  2.50000000E-02 -2.06943340E-12  6.71097466E-12 
     686  1.37500000E+02  4.37500000E+02  8.47045990E-01  1.41320846E-01  9.88366836E-01  2.50000000E-02 -3.81427950E-12  3.67777822E-12 
     687  1.62500000E+02  4.37500000E+02 -3.74242936E-01  1.36260977E+00  9.88366836E-01  2.50000000E-02 -7.19788519E-12  7.07855092E-12 
     688  1.87500000E+02  4.37500000E+02 -2.19686907E-01  1.20805374E+00  9.88366836E-01  2.50000000E-02 -6.61846749E-12  3.88088750E-12 
     689  2.12500000E+02  4.37500000E+02 -9.39235959E-01  1.92760279E+00  9.88366836E-01  2.50000000E-02 -5.04281185E-12  3.07379462E-12 
     690  2.37500000E+02  4.37500000E+02 -6.61510006E-01  1.64987684E+00  9.88366836E-01  2.50000000E-02 -4.48099108E-12  4.22000748E-12 
     691  2.62500000E+02  4.37500000E+02  5.06867385E-01  4.81499451E-01  9.88366836E-01  2.50000000E-02 -3.93680483E-12  4.00719559E-12 
     692  2.87500000E+02  4.37500000E+02 -4.21473287E-01  1.40984012E+00  9.88366836E-01  2.50000000E-02 -2.86448318E-12  2.34406056E-12 
     693  3.12500000E+02  4.37500000E+02  7.66276348E-01  2.22090488E-01  9.88366836E-01  2.50000000E-02 -1.44539968E-12  1.01845522E-11 
     694  3.37500000E+02  4.37500000E+02 -8.48013906E-01  1.83638074E+00  9.88366836E-01  2.50000000E-02 -2.44394483E-12  3.35903907E-12 
     695  3.62500000E+02  4.37500000E+02  1.49155181E-01  8.39211655E-01  9.88366836E-01  2.50000000E-02 -1.61844689E-12  6.46334905E-12 
     696  3.87500000E+02  4.37500000E+02 -1.48167384E-01  1.13653422E+00  9.88366836E-01  2.50000000E-02 -1.69021531E-12  7.05588082E-12 
     697  4.12500000E+02  4.37500000E+02 -8.19904568E-01  1.80827140E+00  9.88366836E-01  2.50000000E-02 -2.44650498E-12  3.55839471E-12 
     698  4.37500000E+02  4.37500000E+02 -1.08633900E-01  1.09700074E+00  9.88366836E-01  2.50000000E-02 -2.68020068E-12 -1.40105765E-12 
     699  4.62500000E+02  4.37500000E+02  7.80516317E-01  2.07850519E-01  9.88366836E-01  2.50000000E-02 -2.14162560E-12  6.35425990E-12 
     700  4.87500000E+02  4.37500000E+02  4.72469267E-01  5.15897569E-01  9.88366836E-01  2.50000000E-02  1.34588242E-12  7.80445030E-12 
     701  5.12500000E+02  4.37500000E+02  4.65935691E-01  5.22431145E-01  9.88366836E-01  2.50000000E-02  1.97411753E-12  1.17012102E-13 
     702  5.37500000E+02  4.37500000E+02  5.45168541E-01  4.43198295E-01  9.88366836E-01  2.50000000E-02  2.08607172E-12  1.36575669E-12 
     703  5.62500000E+02  4.37500000E+02  8.40862699E-01  1.47504136E-01  9.88366836E-01  2.50000000E-02  1.02366020E-12  1.19715757E-12 
     704  5.87500000E+02  4.37500000E+02  2.23931685E-01  7.64435151E-01  9.88366836E-01  2.50000000E-02  2.38668994E-12  2.02769069E-12 
     705  6.12500000E+02  4.37500000E+02  7.57971950E-01  2.30394886E-01  9.88366836E-01  2.50000000E-02  2.65632091E-12  1.36439503E-12 
     706  6.37500000E+02  4.37500000E+02  6.26097992E-01  3.62268843E-01  9.88366836E-01  2.50000000E-02  1.08165885E-12  2.79776768E-12 
     707  6.62500000E+02  4.37500000E+02 -3.11012525E-01  1.29937936E+00  9.88366836E-01  2.50000000E-02  5.57126452E-13  4.39272053E-13 
     708  6.87500000E+02  4.37500000E+02  4.87651479E-01  5.00715357E-01  9.88366836E-01  2.50000000E-02 -2.44261101E-13  1.73864032E-12 
     709  7.12500000E+02  4.37500000E+02  1.48012393E-01  8.40354442E-01  9.88366836E-01  2.50000000E-02 -9.51370594E-13 -8.31550443E-13 
     710  7.37500000E+02  4.37500000E+02  8.30803344E-01  1.57563492E-01  9.88366836E-01  2.50000000E-02 -7.13722554E-13 -2.74933489E-14 
     711  7.62500000E+02  4.37500000E+02  1.16134439E-03  9.87205491E-01  9.88366836E-01  2.50000000E-02  2.99153012E-13 -7.44141058E-13 
     712  7.87500000E+02  4.37500000E+02  2.39835834E-01  7.48531002E-01  9.88366836E-01  2.50000000E-02  2.72831572E-13  3.86509614E-13 
     713  8.12500000E+02  4.37500000E+02 -5.16214511E-01  1.50458135E+00  9.88366836E-01  2.50000000E-02 -5.27452322E-14 -4.91453737E-13 
     714  8.37500000E+02  4.37500000E+02  4.95133606E-01  4.93233230E-01  9.88366836E-01  2.50000000E-02 -3.88560156E-13 -2.54251673E-12 
     715  8.62500000E+02  4.37500000E+02  8.93104765E-01  9.52620711E-02  9.88366836E-01  2.50000000E-02 -4.20783740E-13 -6.22713532E-12 
     716  8.87500000E+02  4.37500000E+02 -9.15906093E-02  1.07995745E+00  9.88366836E-01  2.50000000E-02 -5.40862699E-13 -4.29714897E-12 
     717  9.12500000E+02  4.37500000E+02 -2.09695417E-01  1.19806225E+00  9.88366836E-01  2.50000000E-02 -6.55785095E-13 -1.79522341E-12 
     718  9.37500000E+02  4.37500000E+02  8.32850438E-01  1.55516398E-01  9.88366836E-01  2.50000000E-02 -2.94888206E-12 -3.27331467E-12 
     719  9.62500000E+02  4.37500000E+02  1.17914853E-01  8.70451983E-01  9.88366836E-01  2.50000000E-02  1.81243133E-13 -7.35633035E-12 
     720  9.87500000E+02  4.37500000E+02 -4.81887803E-01  1.47025464E+00  9.88366836E-01  2.50000000E-02  1.33821863E-13 -3.14173770E-12 
     721  1.25000000E+01  4.62500000E+02  2.30331549E-02  9.65333681E-01  9.88366836E-01  2.50000000E-02 -1.72794122E-15  4.52528578E-12 
     722  3.75000000E+01  4.62500000E+02 -3.31036185E-01  1.31940302E+00  9.88366836E-01  2.50000000E-02  4.04904856E-13  4.02775827E-12 
     723  6.25000000E+01  4.62500000E+02 -9.54557258E-02  1.08382256E+00  9.88366836E-01  2.50000000E-02  5.79390384E-13  1.35434451E-12 
     724  8.75000000E+01  4.62500000E+02  5.41319075E-01  4.47047761E-01  9.88366836E-01  2.50000000E-02  1.76779832E-13  4.05324628E-12 
     725  1.12500000E+02  4.62500000E+02  4.97923663E-01  4.90443173E-01  9.88366836E-01  2.50000000E-02 -5.30944877E-13  4.50143868E-12 
     726  1.37500000E+02  4.62500000E+02  1.37524556E-01  8.50842279E-01  9.88366836E-01  2.50000000E-02 -2.05355705E-12  2.16447032E-12 
     727  1.62500000E+02  4.62500000E+02 -6.05547264E-01  1.59391410E+00  9.88366836E-01  2.50000000E-02 -2.66913729E-12  6.82867485E-12 
     728  1.87500000E+02  4.62500000E+02  6.21008015E-01  3.67358820E-01  9.88366836E-01  2.50000000E-02 -3.87670702E-12  4.43988874E-12 
     729  2.12500000E+02  4.62500000E+02  9.48864050E-02  8.93480431E-01  9.88366836E-01  2.50000000E-02 -2.81949524E-12  3.91284516E-12 
     730  2.37500000E+02  4.62500000E+02  6.95596543E-01  2.92770293E-01  9.88366836E-01  2.50000000E-02 -1.60123289E-12  5.17573063E-12 
     731  2.62500000E+02  4.62500000E+02 -2.82454880E-01  1.27082172E+00  9.88366836E-01  2.50000000E-02 -8.44536939E-14  3.40721027E-12 
     732  2.87500000E+02  4.62500000E+02  5.94399696E-01  3.93967140E-01  9.88366836E-01  2.50000000E-02  5.27969428E-13  4.19580610E-12 
     733  3.12500000E+02  4.62500000E+02 -9.60996431E-02  1.08446648E+00  9.88366836E-01  2.50000000E-02 -2.39643518E-12  8.50124631E-12 
     734  3.37500000E+02  4.62500000E+02 -3.82105376E-01  1.37047221E+00  9.88366836E-01  2.50000000E-02 -2.76983868E-12  2.71525743E-12 
     735  3.62500000E+02  4.62500000E+02  4.41596235E-01  5.46770601E-01  9.88366836E-01  2.50000000E-02 -1.91172307E-12  5.97352607E-12 
     736  3.87500000E+02  4.62500000E+02 -8.80956593E-01  1.86932343E+00  9.88366836E-01  2.50000000E-02 -1.41100696E-12  5.60274029E-12 
     737  4.12500000E+02  4.62500000E+02  3.44103553E-01  6.44263283E-01  9.88366836E-01  2.50000000E-02 -1.20764707E-12  2.59319769E-12 
     738  4.37500000E+02  4.62500000E+02 -6.67223646E-01  1.65559048E+00  9.88366836E-01  2.50000000E-02 -1.02837992E-12 -1.68700177E-12 
     739  4.62500000E+02  4.62500000E+02  9.47055340E-01  4.13114958E-02  9.88366836E-01  2.50000000E-02 -2.62218672E-12  7.20471687E-12 
     740  4.87500000E+02  4.62500000E+02 -3.31682521E-01  1.32004936E+00  9.88366836E-01  2.50000000E-02 -1.58751747E-12  4.59655888E-12 
     741  5.12500000E+02  4.62500000E+02 -7.27119042E-01  1.71548588E+00  9.88366836E-01  2.50000000E-02 -1.53930628E-12 -9.14331656E-13 
     742  5.37500000E+02  4.62500000E+02  4.57750880E-01  5.30615956E-01  9.88366836E-01  2.50000000E-02 -1.29469445E-12  9.69142713E-13 
     743  5.62500000E+02  4.62500000E+02 -9.99289089E-01  1.98765592E+00  9.88366836E-01  2.50000000E-02 -1.28582108E-12 -2.33603763E-13 
     744  5.87500000E+02  4.62500000E+02  8.67866651E-01  1.20500185E-01  9.88366836E-01  2.50000000E-02 -2.05623231E-12  4.21377116E-12 
     745  6.12500000E+02  4.62500000E+02 -7.98927735E-02  1.06825961E+00  9.88366836E-01  2.50000000E-02 -2.02505730E-12  1.31034495E-12 
     746  6.37500000E+02  4.62500000E+02  2.82823129E-01  7.05543707E-01  9.88366836E-01  2.50000000E-02 -2.36683757E-12  2.21192191E-12 
     747  6.62500000E+02  4.62500000E+02 -7.17620941E-01  1.70598778E+00  9.88366836E-01  2.50000000E-02 -1.74063157E-12  6.27333501E-13 
     748  6.87500000E+02  4.62500000E+02 -7.01660539E-01  1.69002737E+00  9.88366836E-01  2.50000000E-02 -1.71144621E-12  1.96945494E-12 
     749  7.12500000E+02  4.62500000E+02 -4.17054967E-01  1.40542180E+00  9.88366836E-01  2.50000000E-02 -2.02528558E-12 -9.59975338E-13 
     750  7.37500000E+02  4.62500000E+02 -1.97769449E-01  1.18613628E+00  9.88366836E-01  2.50000000E-02 -2.10954057E-12 -5.29464519E-13 
     751  7.62500000E+02  4.62500000E+02 -8.30364190E-01  1.81873103E+00  9.88366836E-01  2.50000000E-02 -2.44856802E-12 -1.28485420E-12 
     752  7.87500000E+02  4.62500000E+02  5.93635457E-01  3.94731379E-01  9.88366836E-01  2.50000000E-02 -4.59873959E-12  4.25903197E-13 
     753  8.12500000E+02  4.62500000E+02  7.04729898E-01  2.83636937E-01  9.88366836E-01  2.50000000E-02 -6.20480067E-12 -1.64970704E-12 
     754  8.37500000E+02  4.62500000E+02 -7.00610497E-02  1.05842789E+00  9.88366836E-01  2.50000000E-02 -3.83951945E-12 -5.46313692E-13 
     755  8.62500000E+02  4.62500000E+02 -8.14516724E-01  1.80288356E+00  9.88366836E-01  2.50000000E-02 -3.40592502E-12 -1.95379587E-12 
     756  8.87500000E+02  4.62500000E+02  6.34207618E-01  3.54159218E-01  9.88366836E-01  2.50000000E-02 -3.09986917E-12 -6.99176278E-12 
     757  9.12500000E+02  4.62500000E+02  5.73517688E-01  4.14849148E-01  9.88366836E-01  2.50000000E-02 -3.00119474E-12 -4.49875747E-12 
     758  9.37500000E+02  4.62500000E+02 -7.90801234E-01  1.77916807E+00  9.88366836E-01  2.50000000E-02 -2.18536804E-12 -1.05120165E-12 
     759  9.62500000E+02  4.62500000E+02  7.31669728E-01  2.56697108E-01  9.88366836E-01  2.50000000E-02 -1.70382897E-13 -7.92730646E-12 
     760  9.87500000E+02  4.62500000E+02  2.14049060E-02  9.66961930E-01  9.88366836E-01  2.50000000E-02  4.61134456E-14 -2.64944191E-12 
     761  1.25000000E+01  4.87500000E+02 -8.92157871E-01  1.88052471E+00  9.88366836E-01  2.50000000E-02 -8.81894362E-15  3.90908310E-12 
     762  3.75000000E+01  4.87500000E+02  8.47139597E-01  1.41227239E-01  9.88366836E-01  2.50000000E-02 -1.32764760E-14  3.35518903E-12 
     763  6.25000000E+01  4.87500000E+02  9.07970650E-02  8.97569771E-01  9.88366836E-01  2.50000000E-02  4.10746821E-13  9.71417890E-13 
     764  8.75000000E+01  4.87500000E+02 -4.59866617E-01  1.44823345E+00  9.88366836E-01  2.50000000E-02  3.74716627E-13  2.06662473E-12 
     765  1.12500000E+02  4.87500000E+02  5.16185763E-01  4.72181073E-01  9.88366836E-01  2.50000000E-02  6.69234829E-13  3.99852044E-12 
     766  1.37500000E+02  4.87500000E+02 -7.13203339E-01  1.70157017E+00  9.88366836E-01  2.50000000E-02  6.56441189E-13  1.63145899E-12 
     767  1.62500000E+02  4.87500000E+02 -3.39224994E-01  1.32759183E+00  9.88366836E-01  2.50000000E-02  1.24162935E-12  6.92909039E-12 
     768  1.87500000E+02  4.87500000E+02 -4.02609231E-01  1.39097607E+00  9.88366836E-01  2.50000000E-02  2.01486526E-12  3.21613434E-12 
     769  2.12500000E+02  4.87500000E+02  7.36295286E-01  2.52071550E-01  9.88366836E-01  2.50000000E-02  4.04618527E-12  6.90455156E-12 
     770  2.37500000E+02  4.87500000E+02  2.15175153E-01  7.73191683E-01  9.88366836E-01  2.50000000E-02  4.68588176E-12  3.75631418E-12 
     771  2.62500000E+02  4.87500000E+02  9.58307377E-01  3.00594587E-02  9.88366836E-01  2.50000000E-02 -1.79325614E-13  9.39199388E-12 
     772  2.87500000E+02  4.87500000E+02  4.14549800E-01  5.73817035E-01  9.88366836E-01  2.50000000E-02 -1.43887478E-12  4.41397401E-12 
     773  3.12500000E+02  4.87500000E+02  3.57400243E-01  6.30966593E-01  9.88366836E-01  2.50000000E-02 -1.68491022E-12  8.31844950E-12 
     774  3.37500000E+02  4.87500000E+02  6.72171383E-02  9.21149698E-01  9.88366836E-01  2.50000000E-02 -1.44079691E-12  2.11503789E-12 
     775  3.62500000E+02  4.87500000E+02 -4.36419991E-02  1.03200883E+00  9.88366836E-01  2.50000000E-02 -1.42988784E-12  4.19694354E-12 
     776  3.87500000E+02  4.87500000E+02 -2.97094604E-01  1.28546144E+00  9.88366836E-01  2.50000000E-02 -1.63011191E-12  5.21248044E-12 
     777  4.12500000E+02  4.87500000E+02  3.84800043E-01  6.03566793E-01  9.88366836E-01  2.50000000E-02 -1.48259409E-12  2.30418370E-12 
     778  4.37500000E+02  4.87500000E+02 -4.43349061E-01  1.43171590E+00  9.88366836E-01  2.50000000E-02 -1.83278494E-12 -1.83967149E-12 
     779  4.62500000E+02  4.87500000E+02  1.00492587E-01  8.87874249E-01  9.88366836E-01  2.50000000E-02 -2.22829774E-12  2.39083320E-12 
     780  4.87500000E+02  4.87500000E+02 -2.99439289E-01  1.28780612E+00  9.88366836E-01  2.50000000E-02 -1.08403615E-12  4.28827457E-12 
     781  5.12500000E+02  4.87500000E+02 -4.52742072E-01  1.44110891E+00  9.88366836E-01  2.50000000E-02 -2.90183689E-13 -1.22542341E-12 
     782  5.37500000E+02  4.87500000E+02 -6.59007674E-01  1.64737451E+00  9.88366836E-01  2.50000000E-02 -2.71631095E-13  3.61630455E-13 
     783  5.62500000E+02  4.87500000E+02 -5.76309235E-01  1.56467607E+00  9.88366836E-01  2.50000000E-02 -3.74933260E-13 -2.54079687E-13 
     784  5.87500000E+02  4.87500000E+02 -8.12551513E-01  1.80091835E+00  9.88366836E-01  2.50000000E-02 -4.55017998E-13  3.00617076E-12 
     785  6.12500000E+02  4.87500000E+02 -8.28069798E-01  1.81643663E+00  9.88366836E-01  2.50000000E-02 -4.90541409E-13  1.08768800E-12 
     786  6.37500000E+02  4.87500000E+02 -8.90927969E-01  1.87929480E+00  9.88366836E-01  2.50000000E-02 -5.99565403E-13  1.79845996E-12 
     787  6.62500000E+02  4.87500000E+02  4.97326608E-01  4.91040227E-01  9.88366836E-01  2.50000000E-02 -1.41704363E-12  1.77509080E-12 
     788  6.87500000E+02  4.87500000E+02  5.52784999E-01  4.35581837E-01  9.88366836E-01  2.50000000E-02 -2.00695926E-12  2.43883300E-12 
     789  7.12500000E+02  4.87500000E+02 -5.92100234E-01  1.58046707E+00  9.88366836E-01  2.50000000E-02 -2.38407415E-12 -1.31977236E-12 
     790  7.37500000E+02  4.87500000E+02  9.56743792E-01  3.16230438E-02  9.88366836E-01  2.50000000E-02 -7.37958153E-12 -2.51410042E-12 
     791  7.62500000E+02  4.87500000E+02 -1.85259607E-01  1.17362644E+00  9.88366836E-01  2.50000000E-02 -2.58144021E-12 -6.20986122E-13 
     792  7.87500000E+02  4.87500000E+02 -6.28813263E-01  1.61718010E+00  9.88366836E-01  2.50000000E-02 -3.20957711E-12  1.33939169E-12 
     793  8.12500000E+02  4.87500000E+02 -4.54073316E-01  1.44244015E+00  9.88366836E-01  2.50000000E-02 -4.00978382E-12 -1.31602412E-12 
     794  8.37500000E+02  4.87500000E+02 -4.02023641E-02  1.02856920E+00  9.88366836E-01  2.50000000E-02 -4.51049385E-12  2.21261556E-13 
     795  8.62500000E+02  4.87500000E+02 -9.55158516E-01  1.94352535E+00  9.88366836E-01  2.50000000E-02 -3.55603746E-12 -1.51790573E-12 
     796  8.87500000E+02  4.87500000E+02 -8.69613158E-01  1.85797999E+00  9.88366836E-01  2.50000000E-02 -2.07618564E-12 -4.62048673E-12 
     797  9.12500000E+02  4.87500000E+02 -6.95422540E-01  1.68378938E+00  9.88366836E-01  2.50000000E-02 -2.32599652E-13 -3.74121599E-12 
     798  9.37500000E+02  4.87500000E+02 -7.92456884E-01  1.78082372E+00  9.88366836E-01  2.50000000E-02  3.23532180E-13 -1.30955195E-12 
     799  9.62500000E+02  4.87500000E+02 -4.15251851E-01  1.40361869E+00  9.88366836E-01  2.50000000E-02  6.42167900E-13 -8.96276539E-12 
     800  9.87500000E+02  4.87500000E+02 -7.79383764E-01  1.76775060E+00  9.88366836E-01  2.50000000E-02  4.06704840E-13 -2.99390075E-12 
     801  1.25000000E+01  5.12500000E+02 -1.98694032E-01  1.18706087E+00  9.88366836E-01  2.50000000E-02  2.40503322E-14  3.63825191E-12 
     802  3.75000000E+01  5.12500000E+02 -4.78622974E-01  1.46698981E+00  9.88366836E-01  2.50000000E-02 -2.37292020E-13  1.03241307E-12 
     803  6.25000000E+01  5.12500000E+02 -9.58897534E-01  1.94726437E+00  9.88366836E-01  2.50000000E-02 -6.33973066E-13  5.23539185E-13 
     804  8.75000000E+01  5.12500000E+02 -5.07965653E-02  1.03916340E+00  9.88366836E-01  2.50000000E-02 -8.21794652E-13  1.73970791E-12 
     805  1.12500000E+02  5.12500000E+02  6.52596013E-01  3.35770823E-01  9.88366836E-01  2.50000000E-02 -1.06025003E-13  3.74530986E-12 
     806  1.37500000E+02  5.12500000E+02 -1.17375780E-02  1.00010441E+00  9.88366836E-01  2.50000000E-02  2.27380467E-13  1.54177478E-12 
     807  1.62500000E+02  5.12500000E+02  7.45253151E-02  9.13841521E-01  9.88366836E-01  2.50000000E-02  1.79178627E-13  7.50411861E-12 
     808  1.87500000E+02  5.12500000E+02 -6.49563682E-02  1.05332320E+00  9.88366836E-01  2.50000000E-02  1.89373641E-13  3.13286344E-12 
     809  2.12500000E+02  5.12500000E+02  8.08191733E-01  1.80175102E-01  9.88366836E-01  2.50000000E-02  1.54991130E-12  6.32702418E-12 
     810  2.37500000E+02  5.12500000E+02  2.21052568E-01  7.67314268E-01  9.88366836E-01  2.50000000E-02  1.06810451E-12  3.35630581E-12 
     811  2.62500000E+02  5.12500000E+02  8.05511088E-01  1.82855748E-01  9.88366836E-01  2.50000000E-02 -2.64569411E-13  2.56334798E-12 
     812  2.87500000E+02  5.12500000E+02  4.40774896E-02  9.44289346E-01  9.88366836E-01  2.50000000E-02  1.62052711E-13  4.72231915E-12 
     813  3.12500000E+02  5.12500000E+02 -1.61642956E-01  1.15000979E+00  9.88366836E-01  2.50000000E-02 -9.39561297E-14  8.79393234E-12 
     814  3.37500000E+02  5.12500000E+02 -9.76898104E-01  1.96526494E+00  9.88366836E-01  2.50000000E-02 -1.86814653E-14  2.11827619E-12 
     815  3.62500000E+02  5.12500000E+02  8.27916857E-02  9.05575150E-01  9.88366836E-01  2.50000000E-02  6.69426930E-13  3.64238913E-12 
     816  3.87500000E+02  5.12500000E+02 -1.61012357E-01  1.14937919E+00  9.88366836E-01  2.50000000E-02  9.11633448E-13  5.17529119E-12 
     817  4.12500000E+02  5.12500000E+02  5.20549297E-01  4.67817539E-01  9.88366836E-01  2.50000000E-02  1.04140443E-12  2.14609518E-12 
     818  4.37500000E+02  5.12500000E+02  2.25939986E-01  7.62426850E-01  9.88366836E-01  2.50000000E-02  9.31236001E-13 -1.95813583E-12 
     819  4.62500000E+02  5.12500000E+02  8.43436565E-01  1.44930271E-01  9.88366836E-01  2.50000000E-02  1.01079819E-13  2.10145867E-12 
     820  4.87500000E+02  5.12500000E+02  2.73522224E-01  7.14844612E-01  9.88366836E-01  2.50000000E-02  2.73733287E-13  4.50193072E-12 
     821  5.12500000E+02  5.12500000E+02 -3.70256768E-01  1.35862360E+00  9.88366836E-01  2.50000000E-02  1.28986775E-13 -1.64892076E-12 
     822  5.37500000E+02  5.12500000E+02 -1.86799403E-01  1.17516624E+00  9.88366836E-01  2.50000000E-02  8.07279990E-14  2.73139798E-13 
     823  5.62500000E+02  5.12500000E+02 -8.19173114E-01  1.80753995E+00  9.88366836E-01  2.50000000E-02  6.25719610E-14 -1.91341770E-13 
     824  5.87500000E+02  5.12500000E+02  8.27341694E-01  1.61025142E-01  9.88366836E-01  2.50000000E-02 -1.76673728E-12  2.56378765E-12 
     825  6.12500000E+02  5.12500000E+02 -3.74597517E-01  1.36296435E+00  9.88366836E-01  2.50000000E-02 -2.37442987E-12  1.23068150E-12 
     826  6.37500000E+02  5.12500000E+02  4.44141516E-01  5.44225320E-01  9.88366836E-01  2.50000000E-02 -2.69901145E-12  1.72543919E-12 
     827  6.62500000E+02  5.12500000E+02 -9.92785098E-01  1.98115193E+00  9.88366836E-01  2.50000000E-02 -2.89941075E-12  2.33618666E-12 
     828  6.87500000E+02  5.12500000E+02 -1.45848634E-02  1.00295170E+00  9.88366836E-01  2.50000000E-02 -3.35883805E-12  2.41291700E-12 
     829  7.12500000E+02  5.12500000E+02 -4.48516774E-01  1.43688361E+00  9.88366836E-01  2.50000000E-02 -3.80718329E-12 -1.75395111E-12 
     830  7.37500000E+02  5.12500000E+02 -9.41310020E-01  1.92967686E+00  9.88366836E-01  2.50000000E-02 -3.14192284E-12 -6.78265257E-13 
     831  7.62500000E+02  5.12500000E+02 -6.99160594E-01  1.68752743E+00  9.88366836E-01  2.50000000E-02 -2.61870640E-12  2.88724166E-13 
     832  7.87500000E+02  5.12500000E+02 -9.23100187E-01  1.91146702E+00  9.88366836E-01  2.50000000E-02 -2.62313984E-12  1.00434580E-12 
     833  8.12500000E+02  5.12500000E+02 -3.81021602E-02  1.02646900E+00  9.88366836E-01  2.50000000E-02 -2.90942444E-12 -2.24296093E-12 
     834  8.37500000E+02  5.12500000E+02  7.64165111E-01  2.24201724E-01  9.88366836E-01  2.50000000E-02 -4.50098711E-12 -7.96014923E-13 
     835  8.62500000E+02  5.12500000E+02 -9.54580350E-01  1.94294719E+00  9.88366836E-01  2.50000000E-02 -1.86514782E-12 -1.21697998E-12 
     836  8.87500000E+02  5.12500000E+02 -6.71656305E-01  1.66002314E+00  9.88366836E-01  2.50000000E-02 -1.68973859E-12 -5.30299724E-12 
     837  9.12500000E+02  5.12500000E+02 -1.39158553E-01  1.12752539E+00  9.88366836E-01  2.50000000E-02 -1.71788329E-12 -4.22288690E-12 
     838  9.37500000E+02  5.12500000E+02  6.36652324E-01  3.51714512E-01  9.88366836E-01  2.50000000E-02 -1.15828993E-12 -6.69839859E-12 
     839  9.62500000E+02  5.12500000E+02  6.13608273E-01  3.74758563E-01  9.88366836E-01  2.50000000E-02  2.60996236E-13 -9.20003369E-12 
     840  9.87500000E+02  5.12500000E+02  7.10892811E-01  2.77474025E-01  9.88366836E-01  2.50000000E-02  1.18345069E-13 -5.17287676E-12 
     841  1.25000000E+01  5.37500000E+02 -5.58057742E-02  1.04417261E+00  9.88366836E-01  2.50000000E-02  1.42979627E-14  3.68762304E-12 
     842  3.75000000E+01  5.37500000E+02  7.54977705E-02  9.12869065E-01  9.88366836E-01  2.50000000E-02  5.38276385E-14  9.76010066E-13 
     843  6.25000000E+01  5.37500000E+02 -7.54745601E-01  1.74311244E+00  9.88366836E-01  2.50000000E-02  1.89546145E-13  5.14624904E-13 
     844  8.75000000E+01  5.37500000E+02  8.38551358E-01  1.49815477E-01  9.88366836E-01  2.50000000E-02  2.56383143E-12  4.12098370E-12 
     845  1.12500000E+02  5.37500000E+02 -7.14267579E-01  1.70263441E+00  9.88366836E-01  2.50000000E-02  1.72185055E-12  1.24906983E-12 
     846  1.37500000E+02  5.37500000E+02  7.66191250E-01  2.22175585E-01  9.88366836E-01  2.50000000E-02  5.43831873E-13  3.71815135E-12 
     847  1.62500000E+02  5.37500000E+02 -1.51205253E-02  1.00348736E+00  9.88366836E-01  2.50000000E-02  4.36711912E-13  6.90083887E-12 
     848  1.87500000E+02  5.37500000E+02  1.73922527E-01  8.14444309E-01  9.88366836E-01  2.50000000E-02  8.65758638E-13  2.98032459E-12 
     849  2.12500000E+02  5.37500000E+02  5.53943166E-01  4.34423669E-01  9.88366836E-01  2.50000000E-02  1.42165163E-12  3.63414262E-12 
     850  2.37500000E+02  5.37500000E+02 -8.89105826E-01  1.87747266E+00  9.88366836E-01  2.50000000E-02  9.33059871E-13  2.80485057E-12 
     851  2.62500000E+02  5.37500000E+02 -5.81463339E-01  1.56983018E+00  9.88366836E-01  2.50000000E-02  8.23614205E-13  1.19906477E-12 
     852  2.87500000E+02  5.37500000E+02  6.79526210E-01  3.08840626E-01  9.88366836E-01  2.50000000E-02 -4.96391642E-13  5.65973184E-12 
     853  3.12500000E+02  5.37500000E+02  3.42334854E-01  6.46031981E-01  9.88366836E-01  2.50000000E-02 -8.22046529E-13  9.02693292E-12 
     854  3.37500000E+02  5.37500000E+02  7.51277662E-01  2.37089173E-01  9.88366836E-01  2.50000000E-02 -4.28253047E-13  3.45030486E-12 
     855  3.62500000E+02  5.37500000E+02  2.00360265E-01  7.88006571E-01  9.88366836E-01  2.50000000E-02  1.70083906E-12  3.77015135E-12 
     856  3.87500000E+02  5.37500000E+02 -3.85167497E-01  1.37353433E+00  9.88366836E-01  2.50000000E-02  2.28739023E-12  5.64264553E-12 
     857  4.12500000E+02  5.37500000E+02  2.99418132E-01  6.88948704E-01  9.88366836E-01  2.50000000E-02  2.43220139E-12  1.79871310E-12 
     858  4.37500000E+02  5.37500000E+02 -5.27998769E-01  1.51636560E+00  9.88366836E-01  2.50000000E-02  2.16115536E-12 -1.38291144E-12 
     859  4.62500000E+02  5.37500000E+02  8.96312519E-01  9.20543166E-02  9.88366836E-01  2.50000000E-02  1.47815151E-12  2.43421706E-12 
     860  4.87500000E+02  5.37500000E+02 -9.42534601E-01  1.93090144E+00  9.88366836E-01  2.50000000E-02  2.56734276E-12  4.34486830E-12 
     861  5.12500000E+02  5.37500000E+02  1.67468620E-01  8.20898216E-01  9.88366836E-01  2.50000000E-02  2.64490876E-12 -2.22626193E-12 
     862  5.37500000E+02  5.37500000E+02  9.81067012E-01  7.29982353E-03  9.88366836E-01  2.50000000E-02  2.31824687E-12  1.69491238E-12 
     863  5.62500000E+02  5.37500000E+02 -4.50558862E-01  1.43892570E+00  9.88366836E-01  2.50000000E-02 -7.29772279E-13  1.53105611E-13 
     864  5.87500000E+02  5.37500000E+02 -4.81840688E-01  1.47020752E+00  9.88366836E-01  2.50000000E-02 -1.10185554E-12  1.59754172E-12 
     865  6.12500000E+02  5.37500000E+02 -5.85625669E-01  1.57399250E+00  9.88366836E-01  2.50000000E-02 -1.44615041E-12  1.61540986E-12 
     866  6.37500000E+02  5.37500000E+02 -3.44327821E-01  1.33269466E+00  9.88366836E-01  2.50000000E-02 -1.55814725E-12  1.88958902E-12 
     867  6.62500000E+02  5.37500000E+02  2.66264540E-01  7.22102295E-01  9.88366836E-01  2.50000000E-02 -1.99957289E-12  2.64046521E-12 
     868  6.87500000E+02  5.37500000E+02  1.56224060E-01  8.32142776E-01  9.88366836E-01  2.50000000E-02 -2.60509805E-12  2.27346135E-12 
     869  7.12500000E+02  5.37500000E+02  5.76540307E-01  4.11826529E-01  9.88366836E-01  2.50000000E-02 -3.62050282E-12 -2.77116866E-12 
     870  7.37500000E+02  5.37500000E+02 -8.37868197E-01  1.82623503E+00  9.88366836E-01  2.50000000E-02 -2.03874676E-12 -4.03747248E-13 
     871  7.62500000E+02  5.37500000E+02 -5.81607387E-01  1.56997422E+00  9.88366836E-01  2.50000000E-02 -2.16858329E-12  3.06925061E-13 
     872  7.87500000E+02  5.37500000E+02 -3.57814128E-01  1.34618096E+00  9.88366836E-01  2.50000000E-02 -2.79390877E-12  3.64999218E-13 
     873  8.12500000E+02  5.37500000E+02  7.91384558E-02  9.09228380E-01  9.88366836E-01  2.50000000E-02 -3.23510177E-12 -3.45517684E-12 
     874  8.37500000E+02  5.37500000E+02 -5.08739061E-01  1.49710590E+00  9.88366836E-01  2.50000000E-02 -3.57997046E-12 -3.40000613E-12 
     875  8.62500000E+02  5.37500000E+02  8.16107980E-01  1.72258855E-01  9.88366836E-01  2.50000000E-02 -7.04542088E-12 -3.05880652E-12 
     876  8.87500000E+02  5.37500000E+02 -2.94850547E-01  1.28321738E+00  9.88366836E-01  2.50000000E-02 -2.84773298E-12 -6.22430401E-12 
     877  9.12500000E+02  5.37500000E+02 -8.81591531E-03  9.97182751E-01  9.88366836E-01  2.50000000E-02 -3.62222531E-12 -4.84628928E-12 
     878  9.37500000E+02  5.37500000E+02 -8.78229413E-01  1.86659625E+00  9.88366836E-01  2.50000000E-02 -2.74101076E-12 -5.57086623E-12 
     879  9.62500000E+02  5.37500000E+02 -3.85030554E-01  1.37339739E+00  9.88366836E-01  2.50000000E-02 -8.81556228E-13 -4.89406123E-12 
     880  9.87500000E+02  5.37500000E+02 -8.45353893E-02  1.07290223E+00  9.88366836E-01  2.50000000E-02  2.90132884E-14 -1.93162217E-12 
     881  1.25000000E+01  5.62500000E+02 -1.14584640E-01  1.10295148E+00  9.88366836E-01  2.50000000E-02  3.58494558E-13  4.20726966E-12 
     882  3.75000000E+01  5.62500000E+02  3.38627184E-01  6.49739652E-01  9.88366836E-01  2.50000000E-02  1.38218396E-12  1.39021935E-12 
     883  6.25000000E+01  5.62500000E+02  8.27180828E-01  1.61186008E-01  9.88366836E-01  2.50000000E-02  3.35007621E-12  3.28530519E-12 
     884  8.75000000E+01  5.62500000E+02  9.65357012E-01  2.30098237E-02  9.88366836E-01  2.50000000E-02  2.23198067E-12  8.20904236E-12 
     885  1.12500000E+02  5.62500000E+02 -3.42052154E-01  1.33041899E+00  9.88366836E-01  2.50000000E-02  9.99626346E-14  1.17514284E-12 
     886  1.37500000E+02  5.62500000E+02 -1.87288199E-01  1.17565504E+00  9.88366836E-01  2.50000000E-02  2.63323356E-14  4.13287623E-12 
     887  1.62500000E+02  5.62500000E+02 -2.76577068E-01  1.26494390E+00  9.88366836E-01  2.50000000E-02  4.77852584E-13  6.43490352E-12 
     888  1.87500000E+02  5.62500000E+02 -2.84951969E-01  1.27331880E+00  9.88366836E-01  2.50000000E-02  1.00079387E-12  2.04563670E-12 
     889  2.12500000E+02  5.62500000E+02  1.47953431E-01  8.40413405E-01  9.88366836E-01  2.50000000E-02  9.80761955E-13  3.31897026E-12 
     890  2.37500000E+02  5.62500000E+02  3.50708082E-01  6.37658754E-01  9.88366836E-01  2.50000000E-02  1.08963777E-12  2.27194710E-12 
     891  2.62500000E+02  5.62500000E+02 -8.82151087E-01  1.87051792E+00  9.88366836E-01  2.50000000E-02  9.14923760E-13  1.29988569E-12 
     892  2.87500000E+02  5.62500000E+02 -7.49584553E-01  1.73795139E+00  9.88366836E-01  2.50000000E-02  6.87715723E-13  4.57224630E-12 
     893  3.12500000E+02  5.62500000E+02 -3.56986072E-02  1.02406544E+00  9.88366836E-01  2.50000000E-02  4.07766446E-13  8.79461237E-12 
     894  3.37500000E+02  5.62500000E+02  9.40667345E-01  4.76994909E-02  9.88366836E-01  2.50000000E-02 -4.06130655E-13  4.46485226E-12 
     895  3.62500000E+02  5.62500000E+02  7.28689455E-01  2.59677381E-01  9.88366836E-01  2.50000000E-02 -8.19538870E-14  4.24832473E-12 
     896  3.87500000E+02  5.62500000E+02  1.15865431E-01  8.72501405E-01  9.88366836E-01  2.50000000E-02  1.27182214E-13  6.11184934E-12 
     897  4.12500000E+02  5.62500000E+02 -4.70598467E-01  1.45896530E+00  9.88366836E-01  2.50000000E-02  5.45617157E-13  1.79885437E-12 
     898  4.37500000E+02  5.62500000E+02  4.88022134E-01  5.00344702E-01  9.88366836E-01  2.50000000E-02  1.46944390E-12 -7.54340873E-13 
     899  4.62500000E+02  5.62500000E+02 -7.43963884E-01  1.73233072E+00  9.88366836E-01  2.50000000E-02  1.41252975E-12  1.01967195E-12 
     900  4.87500000E+02  5.62500000E+02  8.86257588E-01  1.02109248E-01  9.88366836E-01  2.50000000E-02  6.93773314E-13  6.44159075E-12 
     901  5.12500000E+02  5.62500000E+02  9.75623130E-01  1.27437059E-02  9.88366836E-01  2.50000000E-02 -1.57958628E-12  3.16729039E-12 
     902  5.37500000E+02  5.62500000E+02 -6.54186395E-02  1.05378548E+00  9.88366836E-01  2.50000000E-02 -6.72219373E-13  4.30631362E-13 
     903  5.62500000E+02  5.62500000E+02 -7.77567727E-01  1.76593456E+00  9.88366836E-01  2.50000000E-02 -7.04922583E-13  3.67650942E-13 
     904  5.87500000E+02  5.62500000E+02  9.45151334E-02  8.93851702E-01  9.88366836E-01  2.50000000E-02 -7.87317341E-13  1.45738546E-12 
     905  6.12500000E+02  5.62500000E+02  9.22893731E-02  8.96077463E-01  9.88366836E-01  2.50000000E-02 -9.09963612E-13  1.50591277E-12 
     906  6.37500000E+02  5.62500000E+02  8.11235559E-01  1.77131277E-01  9.88366836E-01  2.50000000E-02 -2.24953275E-12  1.70070182E-12 
     907  6.62500000E+02  5.62500000E+02 -8.91170747E-02  1.07748391E+00  9.88366836E-01  2.50000000E-02 -1.87600153E-12  2.87862068E-12 
     908  6.87500000E+02  5.62500000E+02 -2.66929104E-01  1.25529594E+00  9.88366836E-01  2.50000000E-02 -1.98377353E-12  2.46020724E-12 
     909  7.12500000E+02  5.62500000E+02  2.93419202E-01  6.94947633E-01  9.88366836E-01  2.50000000E-02 -1.75862843E-12 -3.13488416E-12 
     910  7.37500000E+02  5.62500000E+02 -2.95420456E-01  1.28378729E+00  9.88366836E-01  2.50000000E-02 -7.33811081E-13 -8.06604772E-14 
     911  7.62500000E+02  5.62500000E+02 -8.01096706E-01  1.78946354E+00  9.88366836E-01  2.50000000E-02 -6.32702196E-13  2.88852028E-13 
     912  7.87500000E+02  5.62500000E+02  8.40895920E-01  1.47470916E-01  9.88366836E-01  2.50000000E-02 -3.17518105E-12 -1.75036406E-12 
     913  8.12500000E+02  5.62500000E+02 -6.60223018E-01  1.64858985E+00  9.88366836E-01  2.50000000E-02 -3.06019761E-12 -3.39896105E-12 
     914  8.37500000E+02  5.62500000E+02  3.75355603E-01  6.13011232E-01  9.88366836E-01  2.50000000E-02 -3.13684910E-12 -3.81143834E-12 
     915  8.62500000E+02  5.62500000E+02 -4.03301253E-01  1.39166809E+00  9.88366836E-01  2.50000000E-02 -7.11903397E-13 -2.08680445E-12 
     916  8.87500000E+02  5.62500000E+02 -8.82689989E-01  1.87105682E+00  9.88366836E-01  2.50000000E-02 -2.49476360E-13 -7.12312228E-12 
     917  9.12500000E+02  5.62500000E+02  3.13189889E-01  6.75176947E-01  9.88366836E-01  2.50000000E-02 -1.81343223E-12 -4.93341212E-12 
     918  9.37500000E+02  5.62500000E+02 -1.32217871E-01  1.12058471E+00  9.88366836E-01  2.50000000E-02 -7.05550258E-13 -6.00312521E-12 
     919  9.62500000E+02  5.62500000E+02 -7.36039310E-01  1.72440615E+00  9.88366836E-01  2.50000000E-02  1.77933886E-13 -5.10942535E-12 
     920  9.87500000E+02  5.62500000E+02 -9.14987545E-01  1.90335438E+00  9.88366836E-01  2.50000000E-02  8.57042839E-14 -1.89244153E-12 
     921  1.25000000E+01  5.87500000E+02  5.48764479E-01  4.39602357E-01  9.88366836E-01  2.50000000E-02  1.67345794E-13  6.08906240E-12 
     922  3.75000000E+01  5.87500000E+02  8.40809812E-01  1.47557023E-01  9.88366836E-01  2.50000000E-02  1.10367946E-12  4.20140566E-12 
     923  6.25000000E+01  5.87500000E+02 -7.42145942E-02  1.06258143E+00  9.88366836E-01  2.50000000E-02 -2.66194191E-13  1.12456245E-12 
     924  8.75000000E+01  5.87500000E+02 -2.39418201E-01  1.22778504E+00  9.88366836E-01  2.50000000E-02 -6.37207876E-13  3.49305674E-13 
     925  1.12500000E+02  5.87500000E+02  5.81542128E-01  4.06824708E-01  9.88366836E-01  2.50000000E-02 -1.95659549E-12  2.41789922E-12 
     926  1.37500000E+02  5.87500000E+02  8.15503331E-01  1.72863505E-01  9.88366836E-01  2.50000000E-02 -2.05007631E-12  4.12437673E-12 
     927  1.62500000E+02  5.87500000E+02  2.34071098E-01  7.54295738E-01  9.88366836E-01  2.50000000E-02  1.23121052E-12  6.73487186E-12 
     928  1.87500000E+02  5.87500000E+02 -5.13579934E-01  1.50194677E+00  9.88366836E-01  2.50000000E-02  1.98586377E-12  1.98796387E-12 
     929  2.12500000E+02  5.87500000E+02  5.64850116E-01  4.23516720E-01  9.88366836E-01  2.50000000E-02  2.82559918E-12  4.02812067E-12 
     930  2.37500000E+02  5.87500000E+02  6.95866772E-01  2.92500064E-01  9.88366836E-01  2.50000000E-02  2.34509295E-12  2.75036854E-12 
     931  2.62500000E+02  5.87500000E+02  4.21055040E-01  5.67311796E-01  9.88366836E-01  2.50000000E-02  7.89628185E-13  2.19397967E-12 
     932  2.87500000E+02  5.87500000E+02  3.90903367E-01  5.97463469E-01  9.88366836E-01  2.50000000E-02  3.48712597E-13  4.02725575E-12 
     933  3.12500000E+02  5.87500000E+02  2.90985599E-01  6.97381237E-01  9.88366836E-01  2.50000000E-02  5.23757258E-13  8.37269086E-12 
     934  3.37500000E+02  5.87500000E+02  1.88690182E-01  7.99676653E-01  9.88366836E-01  2.50000000E-02  2.93516222E-13  7.23356982E-13 
     935  3.62500000E+02  5.87500000E+02  4.67830686E-01  5.20536150E-01  9.88366836E-01  2.50000000E-02 -4.29429614E-13  2.46850332E-12 
     936  3.87500000E+02  5.87500000E+02 -2.62553830E-02  1.01462222E+00  9.88366836E-01  2.50000000E-02 -7.31295065E-13  5.30762702E-12 
     937  4.12500000E+02  5.87500000E+02  8.77213955E-01  1.11152881E-01  9.88366836E-01  2.50000000E-02 -2.25861730E-12  3.31823113E-12 
     938  4.37500000E+02  5.87500000E+02 -6.36819589E-01  1.62518642E+00  9.88366836E-01  2.50000000E-02 -1.74765719E-12 -3.51424187E-13 
     939  4.62500000E+02  5.87500000E+02  2.32506691E-01  7.55860145E-01  9.88366836E-01  2.50000000E-02 -2.01262194E-12  1.17665352E-12 
     940  4.87500000E+02  5.87500000E+02 -2.48784872E-01  1.23715171E+00  9.88366836E-01  2.50000000E-02 -2.19020401E-12  6.52162116E-12 
     941  5.12500000E+02  5.87500000E+02 -5.22370654E-01  1.51073749E+00  9.88366836E-01  2.50000000E-02 -2.32289259E-12  6.24941124E-13 
     942  5.37500000E+02  5.87500000E+02 -6.24177793E-01  1.61254463E+00  9.88366836E-01  2.50000000E-02 -2.40912915E-12  4.36997853E-13 
     943  5.62500000E+02  5.87500000E+02 -5.12936838E-01  1.50130367E+00  9.88366836E-01  2.50000000E-02 -2.35416449E-12  1.79605520E-13 
     944  5.87500000E+02  5.87500000E+02 -3.91293652E-01  1.37966049E+00  9.88366836E-01  2.50000000E-02 -2.28985441E-12  1.37992873E-12 
     945  6.12500000E+02  5.87500000E+02 -2.39706493E-01  1.22807333E+00  9.88366836E-01  2.50000000E-02 -1.93117871E-12  1.17421342E-12 
     946  6.37500000E+02  5.87500000E+02 -2.70095115E-01  1.25846195E+00  9.88366836E-01  2.50000000E-02 -1.81828986E-12  3.27395946E-13 
     947  6.62500000E+02  5.87500000E+02 -1.52645767E-01  1.14101260E+00  9.88366836E-01  2.50000000E-02 -2.12996902E-12  2.30609899E-12 
     948  6.87500000E+02  5.87500000E+02  6.09920179E-01  3.78446656E-01  9.88366836E-01  2.50000000E-02 -3.25304902E-12  3.51283812E-12 
     949  7.12500000E+02  5.87500000E+02  2.96242300E-01  6.92124536E-01  9.88366836E-01  2.50000000E-02 -2.39903222E-12 -3.31340032E-12 
     950  7.37500000E+02  5.87500000E+02 -7.63312843E-01  1.75167968E+00  9.88366836E-01  2.50000000E-02 -1.07297418E-12 -2.06103375E-13 
     951  7.62500000E+02  5.87500000E+02 -8.61664926E-01  1.85003176E+00  9.88366836E-01  2.50000000E-02 -9.99604926E-13  8.01841233E-14 
     952  7.87500000E+02  5.87500000E+02  7.90965086E-01  1.97401750E-01  9.88366836E-01  2.50000000E-02 -4.99056581E-12 -1.82450066E-12 
     953  8.12500000E+02  5.87500000E+02  3.82152086E-01  6.06214750E-01  9.88366836E-01  2.50000000E-02 -4.81453340E-12 -1.91300666E-12 
     954  8.37500000E+02  5.87500000E+02 -4.09702057E-01  1.39806889E+00  9.88366836E-01  2.50000000E-02 -3.40515608E-12 -1.50569621E-12 
     955  8.62500000E+02  5.87500000E+02 -3.98703818E-01  1.38707065E+00  9.88366836E-01  2.50000000E-02 -3.60268097E-12 -3.05284100E-12 
     956  8.87500000E+02  5.87500000E+02  8.83761814E-01  1.04605022E-01  9.88366836E-01  2.50000000E-02 -1.24737352E-13 -6.53151614E-11 
     957  9.12500000E+02  5.87500000E+02  6.21648804E-01  3.66718032E-01  9.88366836E-01  2.50000000E-02  8.63511315E-12 -4.47579552E-12 
     958  9.37500000E+02  5.87500000E+02 -6.34674977E-01  1.62304181E+00  9.88366836E-01  2.50000000E-02  4.42434822E-12 -6.96042808E-12 
     959  9.62500000E+02  5.87500000E+02  6.58150002E-02  9.22551836E-01  9.88366836E-01  2.50000000E-02  3.89852050E-12 -6.37343277E-12 
     960  9.87500000E+02  5.87500000E+02  6.34963127E-01  3.53403708E-01  9.88366836E-01  2.50000000E-02  1.29264752E-12 -3.00289786E-12 
     961  1.25000000E+01  6.12500000E+02  3.03453320E-01  6.84913516E-01  9.88366836E-01  2.50000000E-02  5.54707632E-14  4.13363340E-12 
     962  3.75000000E+01  6.12500000E+02 -5.37321985E-02  1.04209903E+00  9.88366836E-01  2.50000000E-02 -6.00441044E-14  1.08447358E-12 
     963  6.25000000E+01  6.12500000E+02 -3.05673691E-01  1.29404053E+00  9.88366836E-01  2.50000000E-02  1.61262661E-14  9.28469030E-13 
     964  8.75000000E+01  6.12500000E+02 -2.61743157E-01  1.25010999E+00  9.88366836E-01  2.50000000E-02  5.88884430E-14  4.42981052E-13 
     965  1.12500000E+02  6.12500000E+02  8.15419797E-01  1.72947039E-01  9.88366836E-01  2.50000000E-02 -1.93199704E-12  2.30844652E-12 
     966  1.37500000E+02  6.12500000E+02 -7.44647963E-01  1.73301480E+00  9.88366836E-01  2.50000000E-02 -3.66049272E-12  1.22634794E-12 
     967  1.62500000E+02  6.12500000E+02  5.29176109E-01  4.59190726E-01  9.88366836E-01  2.50000000E-02 -2.98711221E-12  5.94461444E-12 
     968  1.87500000E+02  6.12500000E+02  1.64077824E-01  8.24289012E-01  9.88366836E-01  2.50000000E-02  3.31636086E-14  2.45369288E-12 
     969  2.12500000E+02  6.12500000E+02 -5.50158379E-01  1.53852522E+00  9.88366836E-01  2.50000000E-02  7.01544768E-13  3.90402359E-12 
     970  2.37500000E+02  6.12500000E+02 -9.02006140E-01  1.89037298E+00  9.88366836E-01  2.50000000E-02  6.05631245E-13  1.66790186E-12 
     971  2.62500000E+02  6.12500000E+02  2.99165750E-01  6.89201086E-01  9.88366836E-01  2.50000000E-02  1.71173136E-13  2.44977468E-12 
     972  2.87500000E+02  6.12500000E+02 -8.96736737E-01  1.88510357E+00  9.88366836E-01  2.50000000E-02 -8.18278620E-13  2.58695287E-12 
     973  3.12500000E+02  6.12500000E+02  1.61556385E-02  9.72211197E-01  9.88366836E-01  2.50000000E-02 -1.46569019E-12  6.90440255E-12 
     974  3.37500000E+02  6.12500000E+02 -2.51029848E-03  9.90877134E-01  9.88366836E-01  2.50000000E-02 -1.55024630E-12  6.90095955E-13 
     975  3.62500000E+02  6.12500000E+02 -1.47085750E-01  1.13545259E+00  9.88366836E-01  2.50000000E-02 -1.30495700E-12  1.09298523E-12 
     976  3.87500000E+02  6.12500000E+02 -5.05318059E-01  1.49368490E+00  9.88366836E-01  2.50000000E-02 -1.41310351E-12  3.69033038E-12 
     977  4.12500000E+02  6.12500000E+02  5.62001394E-01  4.26365441E-01  9.88366836E-01  2.50000000E-02 -2.68732285E-12  9.22035844E-13 
     978  4.37500000E+02  6.12500000E+02  7.35463960E-01  2.52902876E-01  9.88366836E-01  2.50000000E-02 -4.35049734E-12  1.37164851E-12 
     979  4.62500000E+02  6.12500000E+02 -4.48297505E-01  1.43666434E+00  9.88366836E-01  2.50000000E-02 -5.57940355E-12  8.70020253E-13 
     980  4.87500000E+02  6.12500000E+02  7.97431476E-01  1.90935360E-01  9.88366836E-01  2.50000000E-02 -6.38424618E-12  5.92326921E-12 
     981  5.12500000E+02  6.12500000E+02 -6.28015485E-01  1.61638232E+00  9.88366836E-01  2.50000000E-02 -6.11060481E-12  3.89836411E-13 
     982  5.37500000E+02  6.12500000E+02  8.77500396E-01  1.10866440E-01  9.88366836E-01  2.50000000E-02 -5.54229887E-12 -6.52254511E-13 
     983  5.62500000E+02  6.12500000E+02 -2.13074037E-01  1.20144087E+00  9.88366836E-01  2.50000000E-02 -2.75472585E-12  1.06677090E-13 
     984  5.87500000E+02  6.12500000E+02  6.01599391E-01  3.86767445E-01  9.88366836E-01  2.50000000E-02 -2.64995637E-12  8.80883102E-13 
     985  6.12500000E+02  6.12500000E+02  7.52456020E-01  2.35910816E-01  9.88366836E-01  2.50000000E-02 -3.15581094E-12  6.41022418E-13 
     986  6.37500000E+02  6.12500000E+02 -6.78948890E-01  1.66731573E+00  9.88366836E-01  2.50000000E-02 -2.08693702E-12  9.14940081E-13 
     987  6.62500000E+02  6.12500000E+02 -3.99877109E-01  1.38824394E+00  9.88366836E-01  2.50000000E-02 -2.03779612E-12  1.62722526E-12 
     988  6.87500000E+02  6.12500000E+02  4.94103848E-01  4.94262988E-01  9.88366836E-01  2.50000000E-02 -2.88510872E-12  3.84075741E-12 
     989  7.12500000E+02  6.12500000E+02 -8.35357542E-01  1.82372438E+00  9.88366836E-01  2.50000000E-02 -2.34691578E-12 -3.13957027E-12 
     990  7.37500000E+02  6.12500000E+02 -1.75286905E-01  1.16365374E+00  9.88366836E-01  2.50000000E-02 -2.29243219E-12 -7.04920491E-13 
     991  7.62500000E+02  6.12500000E+02  8.28031203E-01  1.60335632E-01  9.88366836E-01  2.50000000E-02 -9.58586390E-12 -2.25393415E-12 
     992  7.87500000E+02  6.12500000E+02  5.71861485E-01  4.16505351E-01  9.88366836E-01  2.50000000E-02 -9.36522375E-12  2.35108626E-12 
     993  8.12500000E+02  6.12500000E+02 -4.06956404E-01  1.39532324E+00  9.88366836E-01  2.50000000E-02 -6.78406705E-12  3.51182596E-12 
     994  8.37500000E+02  6.12500000E+02 -9.24495417E-01  1.91286225E+00  9.88366836E-01  2.50000000E-02 -8.37448611E-12 -1.35227307E-12 
     995  8.62500000E+02  6.12500000E+02  6.60746527E-01  3.27620308E-01  9.88366836E-01  2.50000000E-02 -2.54911405E-11 -4.54119988E-12 
     996  8.87500000E+02  6.12500000E+02  9.95587154E-01  3.45494602E-08  9.95587189E-01  2.50000000E-02 -1.61959999E-12 -1.08136623E-12 
     997  9.12500000E+02  6.12500000E+02 -7.59677557E-01  1.74804439E+00  9.88366836E-01  2.50000000E-02  4.95862623E-12  2.78067321E-12 
     998  9.37500000E+02  6.12500000E+02 -4.27104154E-01  1.41547099E+00  9.88366836E-01  2.50000000E-02  4.79790028E-12 -6.28713574E-12 
     999  9.62500000E+02  6.12500000E+02  4.11357170E-01  5.77009666E-01  9.88366836E-01  2.50000000E-02  2.90078390E-12 -4.64493826E-12 
    1000  9.87500000E+02  6.12500000E+02 -6.48242668E-01  1.63660950E+00  9.88366836E-01  2.50000000E-02  2.79317358E-13 -2.56110099E-13 
    1001  1.25000000E+01  6.37500000E+02 -9.40392861E-01  1.92875970E+00  9.88366836E-01  2.50000000E-02  2.04287109E-13  3.62669695E-12 
    1002  3.75000000E+01  6.37500000E+02  2.92199058E-01  6.96167777E-01  9.88366836E-01  2.50000000E-02  1.12486923E-12  9.85499625E-13 
    1003  6.25000000E+01  6.37500000E+02  4.03752741E-01  5.84614095E-01  9.88366836E-01  2.50000000E-02  1.09681810E-12  9.09034965E-13 
    1004  8.75000000E+01  6.37500000E+02 -9.40355357E-01  1.92872219E+00  9.88366836E-01  2.50000000E-02  5.34459292E-13  5.59070839E-13 
    1005  1.12500000E+02  6.37500000E+02 -6.69036089E-01  1.65740292E+00  9.88366836E-01  2.50000000E-02  3.56460597E-13  6.38515805E-13 
    1006  1.37500000E+02  6.37500000E+02 -6.30592728E-01  1.61895956E+00  9.88366836E-01  2.50000000E-02  3.58515923E-13  1.08098041E-12 
    1007  1.62500000E+02  6.37500000E+02 -5.73665813E-01  1.56203265E+00  9.88366836E-01  2.50000000E-02  4.22731314E-13  2.23382584E-12 
    1008  1.87500000E+02  6.37500000E+02  9.74206108E-01  1.41607277E-02  9.88366836E-01  2.50000000E-02 -6.69217325E-12  1.02705183E-11 
    1009  2.12500000E+02  6.37500000E+02  5.58623786E-01  4.29743049E-01  9.88366836E-01  2.50000000E-02 -1.84525135E-12  3.93247749E-12 
    1010  2.37500000E+02  6.37500000E+02  1.43151761E-01  8.45215074E-01  9.88366836E-01  2.50000000E-02 -1.69278613E-12  1.97015622E-12 
    1011  2.62500000E+02  6.37500000E+02 -2.12071154E-01  1.20043799E+00  9.88366836E-01  2.50000000E-02 -2.34066406E-12  2.73237843E-12 
    1012  2.87500000E+02  6.37500000E+02 -4.21580013E-01  1.40994685E+00  9.88366836E-01  2.50000000E-02 -2.97864365E-12  2.43964522E-12 
    1013  3.12500000E+02  6.37500000E+02 -2.69652413E-01  1.25801925E+00  9.88366836E-01  2.50000000E-02 -3.18118388E-12  6.24203476E-12 
    1014  3.37500000E+02  6.37500000E+02  9.34500156E-01  5.38666797E-02  9.88366836E-01  2.50000000E-02 -2.16249716E-12  1.87114462E-13 
    1015  3.62500000E+02  6.37500000E+02 -8.15144883E-01  1.80351172E+00  9.88366836E-01  2.50000000E-02 -4.92572419E-13  1.10789871E-12 
    1016  3.87500000E+02  6.37500000E+02 -4.06610623E-01  1.39497746E+00  9.88366836E-01  2.50000000E-02 -2.86937633E-13  3.18958471E-12 
    1017  4.12500000E+02  6.37500000E+02  3.49140391E-01  6.39226445E-01  9.88366836E-01  2.50000000E-02  2.14295316E-14  7.04656285E-13 
    1018  4.37500000E+02  6.37500000E+02 -2.34497289E-01  1.22286412E+00  9.88366836E-01  2.50000000E-02 -2.59583977E-13  1.68244256E-12 
    1019  4.62500000E+02  6.37500000E+02 -6.23537321E-01  1.61190416E+00  9.88366836E-01  2.50000000E-02 -3.62258196E-13  5.95657336E-13 
    1020  4.87500000E+02  6.37500000E+02  6.91516761E-01  2.96850075E-01  9.88366836E-01  2.50000000E-02 -1.57203166E-12  3.96128381E-12 
    1021  5.12500000E+02  6.37500000E+02 -6.90845646E-01  1.67921248E+00  9.88366836E-01  2.50000000E-02 -1.04865571E-12  4.64430871E-13 
    1022  5.37500000E+02  6.37500000E+02 -6.34222063E-01  1.62258890E+00  9.88366836E-01  2.50000000E-02 -9.75452473E-13 -1.72018776E-12 
    1023  5.62500000E+02  6.37500000E+02  4.58383699E-01  5.29983137E-01  9.88366836E-01  2.50000000E-02 -9.43277698E-13  4.18031823E-13 
    1024  5.87500000E+02  6.37500000E+02 -3.65768581E-01  1.35413542E+00  9.88366836E-01  2.50000000E-02 -6.49934351E-13  6.82759465E-13 
    1025  6.12500000E+02  6.37500000E+02 -6.90980806E-01  1.67934764E+00  9.88366836E-01  2.50000000E-02 -5.45530652E-13 -4.59599747E-15 
    1026  6.37500000E+02  6.37500000E+02 -6.60668753E-01  1.64903559E+00  9.88366836E-01  2.50000000E-02 -5.92556252E-13  1.38566922E-12 
    1027  6.62500000E+02  6.37500000E+02  9.10784558E-01  7.75822782E-02  9.88366836E-01  2.50000000E-02 -9.70777500E-12  1.08685506E-12 
    1028  6.87500000E+02  6.37500000E+02 -3.34732112E-01  1.32309895E+00  9.88366836E-01  2.50000000E-02 -1.18800265E-11  6.85225177E-12 
    1029  7.12500000E+02  6.37500000E+02  2.61776502E-01  7.26590334E-01  9.88366836E-01  2.50000000E-02 -1.23882862E-11 -2.40644960E-12 
    1030  7.37500000E+02  6.37500000E+02 -2.93455060E-01  1.28182190E+00  9.88366836E-01  2.50000000E-02 -1.39237935E-11 -1.37797941E-12 
    1031  7.62500000E+02  6.37500000E+02  3.10672546E-01  6.77694289E-01  9.88366836E-01  2.50000000E-02 -1.47594192E-11 -1.13177359E-12 
    1032  7.87500000E+02  6.37500000E+02  2.80939941E-01  7.07426895E-01  9.88366836E-01  2.50000000E-02 -1.45073736E-11  2.14663533E-12 
    1033  8.12500000E+02  6.37500000E+02  3.32255791E-01  6.56111045E-01  9.88366836E-01  2.50000000E-02 -1.55696659E-11  6.18885342E-12 
    1034  8.37500000E+02  6.37500000E+02  6.39458614E-01  3.48908222E-01  9.88366836E-01  2.50000000E-02 -1.69066104E-11 -7.51687418E-12 
    1035  8.62500000E+02  6.37500000E+02  6.53592954E-01  3.34773882E-01  9.88366836E-01  2.50000000E-02 -1.13491653E-11 -1.51841471E-12 
    1036  8.87500000E+02  6.37500000E+02 -7.00726285E-01  1.68909312E+00  9.88366836E-01  2.50000000E-02 -2.49153702E-13  7.16471211E-12 
    1037  9.12500000E+02  6.37500000E+02 -4.87372950E-01  1.47573979E+00  9.88366836E-01  2.50000000E-02  5.56200080E-13  3.45851279E-12 
    1038  9.37500000E+02  6.37500000E+02 -5.92334440E-02  1.04760028E+00  9.88366836E-01  2.50000000E-02  4.51113510E-13 -5.08376688E-12 
    1039  9.62500000E+02  6.37500000E+02 -7.99537434E-01  1.78790427E+00  9.88366836E-01  2.50000000E-02  2.09925205E-13 -2.80853615E-12 
    1040  9.87500000E+02  6.37500000E+02 -5.07206554E-02  1.03908749E+00  9.88366836E-01  2.50000000E-02  7.99468172E-14  7.86580645E-14 
    1041  1.25000000E+01  6.62500000E+02  7.21507143E-01  2.66859693E-01  9.88366836E-01  2.50000000E-02  4.77503684E-14  4.51525904E-12 
    1042  3.75000000E+01  6.62500000E+02  5.28989000E-01  4.59377836E-01  9.88366836E-01  2.50000000E-02 -1.75780596E-13  1.22879308E-12 
    1043  6.25000000E+01  6.62500000E+02  6.53154362E-01  3.35212474E-01  9.88366836E-01  2.50000000E-02 -4.51093094E-13  8.35969835E-13 
    1044  8.75000000E+01  6.62500000E+02  1.68424251E-01  8.19942585E-01  9.88366836E-01  2.50000000E-02 -7.82994507E-13  7.84196503E-13 
    1045  1.12500000E+02  6.62500000E+02  1.44999953E-01  8.43366883E-01  9.88366836E-01  2.50000000E-02 -9.10096059E-13  4.68330633E-13 
    1046  1.37500000E+02  6.62500000E+02 -5.02182718E-01  1.49054955E+00  9.88366836E-01  2.50000000E-02 -8.13023809E-13  1.04780145E-12 
    1047  1.62500000E+02  6.62500000E+02 -5.26667734E-01  1.51503457E+00  9.88366836E-01  2.50000000E-02 -7.46813037E-13  1.50346828E-12 
    1048  1.87500000E+02  6.62500000E+02  9.41039388E-01  4.73274482E-02  9.88366836E-01  2.50000000E-02 -2.33119886E-12  2.54546265E-12 
    1049  2.12500000E+02  6.62500000E+02  1.10856106E-01  8.77510730E-01  9.88366836E-01  2.50000000E-02 -2.29354371E-12  3.61454399E-12 
    1050  2.37500000E+02  6.62500000E+02  3.92237814E-01  5.96129022E-01  9.88366836E-01  2.50000000E-02 -2.12718508E-12  2.56590641E-12 
    1051  2.62500000E+02  6.62500000E+02 -2.56877494E-01  1.24524433E+00  9.88366836E-01  2.50000000E-02 -1.58127006E-12  2.97788712E-12 
    1052  2.87500000E+02  6.62500000E+02 -8.93025048E-01  1.88139188E+00  9.88366836E-01  2.50000000E-02 -1.42913018E-12  2.56805786E-12 
    1053  3.12500000E+02  6.62500000E+02  7.04383125E-01  2.83983711E-01  9.88366836E-01  2.50000000E-02 -1.04250507E-12  6.09101951E-12 
    1054  3.37500000E+02  6.62500000E+02 -6.20474723E-01  1.60884156E+00  9.88366836E-01  2.50000000E-02 -2.04093262E-13 -2.31085389E-13 
    1055  3.62500000E+02  6.62500000E+02  2.15328870E-01  7.73037966E-01  9.88366836E-01  2.50000000E-02 -5.18227453E-14  1.49685257E-12 
    1056  3.87500000E+02  6.62500000E+02  1.03280951E-01  8.85085884E-01  9.88366836E-01  2.50000000E-02  1.73899059E-13  3.28536430E-12 
    1057  4.12500000E+02  6.62500000E+02 -9.20204754E-01  1.90857159E+00  9.88366836E-01  2.50000000E-02  2.79015254E-13  6.50501574E-13 
    1058  4.37500000E+02  6.62500000E+02  8.34153607E-01  1.54213229E-01  9.88366836E-01  2.50000000E-02 -1.04744835E-12  2.09873776E-12 
    1059  4.62500000E+02  6.62500000E+02 -6.17011257E-01  1.60537809E+00  9.88366836E-01  2.50000000E-02 -9.60546855E-13  7.27511090E-13 
    1060  4.87500000E+02  6.62500000E+02 -1.11500883E-01  1.09986772E+00  9.88366836E-01  2.50000000E-02 -1.36805400E-12  1.83887322E-12 
    1061  5.12500000E+02  6.62500000E+02 -4.38547116E-01  1.42691395E+00  9.88366836E-01  2.50000000E-02 -1.67591828E-12  7.25716658E-13 
    1062  5.37500000E+02  6.62500000E+02  1.24881031E-01  8.63485805E-01  9.88366836E-01  2.50000000E-02 -1.52887853E-12 -2.40477113E-12 
    1063  5.62500000E+02  6.62500000E+02  8.88143054E-01  1.00223782E-01  9.88366836E-01  2.50000000E-02 -2.59721182E-12 -2.21145914E-13 
    1064  5.87500000E+02  6.62500000E+02  7.56693025E-01  2.31673811E-01  9.88366836E-01  2.50000000E-02 -1.89482682E-12  1.09444347E-12 
    1065  6.12500000E+02  6.62500000E+02 -5.59181623E-01  1.54754846E+00  9.88366836E-01  2.50000000E-02 -7.35154958E-13  6.18902941E-14 
    1066  6.37500000E+02  6.62500000E+02 -2.36502072E-01  1.22486891E+00  9.88366836E-01  2.50000000E-02 -7.21890049E-13  1.56576604E-12 
    1067  6.62500000E+02  6.62500000E+02  7.69975015E-01  2.18391821E-01  9.88366836E-01  2.50000000E-02 -1.69412802E-12  6.39943779E-13 
    1068  6.87500000E+02  6.62500000E+02 -2.62419045E-01  1.25078588E+00  9.88366836E-01  2.50000000E-02 -2.02514127E-13  7.66471457E-12 
    1069  7.12500000E+02  6.62500000E+02 -7.47798696E-01  1.73616553E+00  9.88366836E-01  2.50000000E-02 -2.66697100E-13 -2.22632083E-12 
    1070  7.37500000E+02  6.62500000E+02  7.17758291E-01  2.70608545E-01  9.88366836E-01  2.50000000E-02 -2.25548140E-12 -2.98435339E-12 
    1071  7.62500000E+02  6.62500000E+02 -2.70231324E-01  1.25859816E+00  9.88366836E-01  2.50000000E-02 -1.02738898E-12 -5.76689284E-13 
    1072  7.87500000E+02  6.62500000E+02 -6.08207114E-01  1.59657395E+00  9.88366836E-01  2.50000000E-02 -1.28054372E-12  8.97635512E-13 
    1073  8.12500000E+02  6.62500000E+02  6.27633483E-01  3.60733353E-01  9.88366836E-01  2.50000000E-02 -4.80016425E-12  4.51151559E-12 
    1074  8.37500000E+02  6.62500000E+02  3.77482458E-01  6.10884378E-01  9.88366836E-01  2.50000000E-02 -4.33523309E-12 -9.80861904E-12 
    1075  8.62500000E+02  6.62500000E+02 -7.49113139E-01  1.73747997E+00  9.88366836E-01  2.50000000E-02  1.54427642E-12 -5.05230636E-12 
    1076  8.87500000E+02  6.62500000E+02 -4.20707946E-01  1.40907478E+00  9.88366836E-01  2.50000000E-02  4.04698261E-12  7.78664134E-12 
    1077  9.12500000E+02  6.62500000E+02 -5.96752387E-01  1.58511922E+00  9.88366836E-01  2.50000000E-02  5.14205407E-12  3.81588435E-12 
    1078  9.37500000E+02  6.62500000E+02 -6.47407324E-01  1.63577416E+00  9.88366836E-01  2.50000000E-02  4.77426829E-12 -4.69854962E-12 
    1079  9.62500000E+02  6.62500000E+02  1.30377829E-01  8.57989007E-01  9.88366836E-01  2.50000000E-02  2.42674956E-12 -2.15477153E-12 
    1080  9.87500000E+02  6.62500000E+02 -1.42309912E-01  1.13067675E+00  9.88366836E-01  2.50000000E-02  4.72317034E-13  4.81514749E-13 
    1081  1.25000000E+01  6.87500000E+02 -3.07977107E-01  1.29634394E+00  9.88366836E-01  2.50000000E-02 -2.86752032E-13  2.46871753E-12 
    1082  3.75000000E+01  6.87500000E+02 -5.64544706E-02  1.04482131E+00  9.88366836E-01  2.50000000E-02 -9.26577933E-13  6.56827263E-13 
    1083  6.25000000E+01  6.87500000E+02  5.18945662E-01  4.69421173E-01  9.88366836E-01  2.50000000E-02 -1.75317953E-12  7.02932622E-13 
    1084  8.75000000E+01  6.87500000E+02 -6.36454859E-01  1.62482170E+00  9.88366836E-01  2.50000000E-02 -1.46291870E-12  1.69119434E-12 
    1085  1.12500000E+02  6.87500000E+02 -6.85283209E-01  1.67365004E+00  9.88366836E-01  2.50000000E-02 -1.62152078E-12  5.33619152E-13 
    1086  1.37500000E+02  6.87500000E+02 -9.97720077E-01  1.98608691E+00  9.88366836E-01  2.50000000E-02 -1.94441548E-12  1.13532575E-12 
    1087  1.62500000E+02  6.87500000E+02 -3.34496651E-01  1.32286349E+00  9.88366836E-01  2.50000000E-02 -1.92765769E-12  1.20158178E-12 
    1088  1.87500000E+02  6.87500000E+02 -1.78130384E-01  1.16649722E+00  9.88366836E-01  2.50000000E-02 -2.15678369E-12  1.31667978E-12 
    1089  2.12500000E+02  6.87500000E+02 -9.12266154E-01  1.90063299E+00  9.88366836E-01  2.50000000E-02 -2.53226191E-12  3.02554112E-12 
    1090  2.37500000E+02  6.87500000E+02 -5.41857218E-01  1.53022405E+00  9.88366836E-01  2.50000000E-02 -2.78504825E-12  1.33803742E-12 
    1091  2.62500000E+02  6.87500000E+02 -3.64935538E-01  1.35330237E+00  9.88366836E-01  2.50000000E-02 -3.46718382E-12  2.61273802E-12 
    1092  2.87500000E+02  6.87500000E+02  1.14057330E-01  8.74309506E-01  9.88366836E-01  2.50000000E-02 -4.04058925E-12  2.31289946E-12 
    1093  3.12500000E+02  6.87500000E+02  5.99342883E-02  9.28432548E-01  9.88366836E-01  2.50000000E-02 -3.95855192E-12  4.98621583E-12 
    1094  3.37500000E+02  6.87500000E+02 -6.29059867E-01  1.61742670E+00  9.88366836E-01  2.50000000E-02 -3.30870374E-12  4.28487145E-14 
    1095  3.62500000E+02  6.87500000E+02 -5.54513131E-01  1.54287997E+00  9.88366836E-01  2.50000000E-02 -3.35989356E-12  8.72108351E-13 
    1096  3.87500000E+02  6.87500000E+02 -2.96395410E-01  1.28476225E+00  9.88366836E-01  2.50000000E-02 -3.45975164E-12  3.13298494E-12 
    1097  4.12500000E+02  6.87500000E+02 -1.48470216E-01  1.13683705E+00  9.88366836E-01  2.50000000E-02 -3.15481147E-12  6.36687855E-13 
    1098  4.37500000E+02  6.87500000E+02  7.59800929E-03  9.80768827E-01  9.88366836E-01  2.50000000E-02 -3.54584110E-12  1.37782675E-12 
    1099  4.62500000E+02  6.87500000E+02 -6.08590634E-01  1.59695747E+00  9.88366836E-01  2.50000000E-02 -3.48225457E-12  1.08779677E-12 
    1100  4.87500000E+02  6.87500000E+02 -3.69620645E-01  1.35798748E+00  9.88366836E-01  2.50000000E-02 -3.82720783E-12  9.93931729E-13 
    1101  5.12500000E+02  6.87500000E+02  3.46211414E-01  6.42155422E-01  9.88366836E-01  2.50000000E-02 -5.59406146E-12  5.05704716E-13 
    1102  5.37500000E+02  6.87500000E+02 -2.26452086E-01  1.21481892E+00  9.88366836E-01  2.50000000E-02 -4.91795647E-12 -2.57458857E-12 
    1103  5.62500000E+02  6.87500000E+02 -5.15429995E-02  1.03990984E+00  9.88366836E-01  2.50000000E-02 -4.75271421E-12 -1.03045568E-12 
    1104  5.87500000E+02  6.87500000E+02  2.08717471E-01  7.79649365E-01  9.88366836E-01  2.50000000E-02 -5.40223762E-12  8.10612077E-13 
    1105  6.12500000E+02  6.87500000E+02 -4.30792963E-01  1.41915980E+00  9.88366836E-01  2.50000000E-02 -6.08258363E-12 -7.80655287E-14 
    1106  6.37500000E+02  6.87500000E+02  4.02911505E-01  5.85455331E-01  9.88366836E-01  2.50000000E-02 -6.93976896E-12  2.15405477E-12 
    1107  6.62500000E+02  6.87500000E+02  1.26154343E-01  8.62212493E-01  9.88366836E-01  2.50000000E-02 -6.46566482E-12  8.50099563E-13 
    1108  6.87500000E+02  6.87500000E+02 -1.71976768E-01  1.16034360E+00  9.88366836E-01  2.50000000E-02 -6.35385646E-12  6.81532627E-12 
    1109  7.12500000E+02  6.87500000E+02  5.64254654E-01  4.24112182E-01  9.88366836E-01  2.50000000E-02 -7.36814882E-12 -3.47184819E-12 
    1110  7.37500000E+02  6.87500000E+02 -1.49038884E-01  1.13740572E+00  9.88366836E-01  2.50000000E-02 -4.05788664E-12 -9.82323209E-13 
    1111  7.62500000E+02  6.87500000E+02 -3.60254336E-01  1.34862117E+00  9.88366836E-01  2.50000000E-02 -3.07507569E-12 -3.60981724E-13 
    1112  7.87500000E+02  6.87500000E+02 -7.85771987E-01  1.77413882E+00  9.88366836E-01  2.50000000E-02 -3.15118974E-12  4.48409051E-13 
    1113  8.12500000E+02  6.87500000E+02  4.57362621E-01  5.31004215E-01  9.88366836E-01  2.50000000E-02 -5.18196477E-12  4.12195001E-12 
    1114  8.37500000E+02  6.87500000E+02  6.66470773E-01  3.21896063E-01  9.88366836E-01  2.50000000E-02 -7.82748908E-12 -1.33803785E-11 
    1115  8.62500000E+02  6.87500000E+02 -7.72833755E-01  1.76120059E+00  9.88366836E-01  2.50000000E-02  1.23397199E-13 -4.98535907E-12 
    1116  8.87500000E+02  6.87500000E+02  2.32845507E-01  7.55521328E-01  9.88366836E-01  2.50000000E-02  2.53033994E-12  9.21476504E-12 
    1117  9.12500000E+02  6.87500000E+02  2.12036995E-01  7.76329841E-01  9.88366836E-01  2.50000000E-02  2.75546389E-12  5.47753141E-12 
    1118  9.37500000E+02  6.87500000E+02  7.93162657E-01  1.95204178E-01  9.88366836E-01  2.50000000E-02  2.40739236E-12 -6.73701171E-14 
    1119  9.62500000E+02  6.87500000E+02  7.35826877E-01  2.52539959E-01  9.88366836E-01  2.50000000E-02 -3.04372180E-13  2.37539292E-14 
    1120  9.87500000E+02  6.87500000E+02 -1.15334343E-01  1.10370118E+00  9.88366836E-01  2.50000000E-02 -1.02013433E-13  9.70536111E-13 
    1121  1.25000000E+01  7.12500000E+02  2.12525782E-01  7.75841053E-01  9.88366836E-01  2.50000000E-02 -1.16488155E-14  2.03001762E-12 
    1122  3.75000000E+01  7.12500000E+02 -1.04713308E-02  9.98838167E-01  9.88366836E-01  2.50000000E-02 -2.14455356E-14  3.85210118E-13 
    1123  6.25000000E+01  7.12500000E+02  9.76343073E-01  1.20237626E-02  9.88366836E-01  2.50000000E-02 -2.56694428E-12  2.37588245E-12 
    1124  8.75000000E+01  7.12500000E+02  5.34586808E-02  9.34908155E-01  9.88366836E-01  2.50000000E-02 -9.18724220E-13  2.58728707E-12 
    1125  1.12500000E+02  7.12500000E+02 -8.52450590E-01  1.84081743E+00  9.88366836E-01  2.50000000E-02 -9.21701369E-13  6.55952844E-13 
    1126  1.37500000E+02  7.12500000E+02 -9.64945501E-03  9.98016291E-01  9.88366836E-01  2.50000000E-02 -9.53449297E-13  1.26552309E-12 
    1127  1.62500000E+02  7.12500000E+02  7.74196494E-01  2.14170341E-01  9.88366836E-01  2.50000000E-02 -1.54553113E-12  2.26907105E-12 
    1128  1.87500000E+02  7.12500000E+02  2.29713840E-01  7.58652995E-01  9.88366836E-01  2.50000000E-02 -1.58084178E-12  1.93240256E-12 
    1129  2.12500000E+02  7.12500000E+02 -2.32188020E-01  1.22055486E+00  9.88366836E-01  2.50000000E-02 -1.19853846E-12  2.84510964E-12 
    1130  2.37500000E+02  7.12500000E+02 -9.98114426E-01  1.98648126E+00  9.88366836E-01  2.50000000E-02 -8.99878009E-13  1.38396202E-12 
    1131  2.62500000E+02  7.12500000E+02 -9.56243896E-01  1.94461073E+00  9.88366836E-01  2.50000000E-02 -7.42688263E-13  2.25869958E-12 
    1132  2.87500000E+02  7.12500000E+02 -2.02079740E-01  1.19044658E+00  9.88366836E-01  2.50000000E-02 -5.95459475E-13  1.84488652E-12 
    1133  3.12500000E+02  7.12500000E+02  6.56841777E-01  3.31525058E-01  9.88366836E-01  2.50000000E-02 -6.74687724E-13  4.08183453E-12 
    1134  3.37500000E+02  7.12500000E+02 -4.28067939E-01  1.41643477E+00  9.88366836E-01  2.50000000E-02 -3.37353429E-14  3.94814023E-13 
    1135  3.62500000E+02  7.12500000E+02 -5.78451388E-01  1.56681822E+00  9.88366836E-01  2.50000000E-02  1.94850310E-15  7.73606314E-13 
    1136  3.87500000E+02  7.12500000E+02  6.96919818E-01  2.91447018E-01  9.88366836E-01  2.50000000E-02 -1.99017404E-13  3.54363830E-12 
    1137  4.12500000E+02  7.12500000E+02  6.88016199E-01  3.00350637E-01  9.88366836E-01  2.50000000E-02 -5.40678108E-13  8.43192697E-13 
    1138  4.37500000E+02  7.12500000E+02  4.50937987E-01  5.37428849E-01  9.88366836E-01  2.50000000E-02 -9.44431120E-13  1.38445497E-12 
    1139  4.62500000E+02  7.12500000E+02 -8.72638106E-01  1.86100494E+00  9.88366836E-01  2.50000000E-02 -5.31089056E-13  1.35614929E-12 
    1140  4.87500000E+02  7.12500000E+02 -4.72261166E-01  1.46062800E+00  9.88366836E-01  2.50000000E-02 -5.95962614E-13  4.90216233E-13 
    1141  5.12500000E+02  7.12500000E+02  7.11608422E-01  2.76758413E-01  9.88366836E-01  2.50000000E-02 -3.13610555E-12  9.16428798E-13 
    1142  5.37500000E+02  7.12500000E+02  1.36578061E-01  8.51788774E-01  9.88366836E-01  2.50000000E-02 -3.56060996E-12 -1.88341072E-12 
    1143  5.62500000E+02  7.12500000E+02 -3.27990276E-01  1.31635711E+00  9.88366836E-01  2.50000000E-02 -3.72542464E-12 -9.94190275E-13 
    1144  5.87500000E+02  7.12500000E+02 -1.35230552E-01  1.12359739E+00  9.88366836E-01  2.50000000E-02 -4.47509858E-12  2.20782995E-13 
    1145  6.12500000E+02  7.12500000E+02  4.61645272E-01  5.26721564E-01  9.88366836E-01  2.50000000E-02 -6.66053735E-12 -1.04613783E-12 
    1146  6.37500000E+02  7.12500000E+02 -7.21591945E-01  1.70995878E+00  9.88366836E-01  2.50000000E-02 -5.45599674E-12  5.01881935E-12 
    1147  6.62500000E+02  7.12500000E+02 -6.19559136E-01  1.60792597E+00  9.88366836E-01  2.50000000E-02 -5.48159818E-12  1.26085508E-12 
    1148  6.87500000E+02  7.12500000E+02 -9.67050839E-01  1.95541767E+00  9.88366836E-01  2.50000000E-02 -6.04674244E-12  5.86701294E-12 
    1149  7.12500000E+02  7.12500000E+02  7.15133262E-01  2.73233574E-01  9.88366836E-01  2.50000000E-02 -1.16176594E-11 -3.45907614E-12 
    1150  7.37500000E+02  7.12500000E+02  2.54938944E-01  7.33427892E-01  9.88366836E-01  2.50000000E-02 -1.06215043E-11  1.89576665E-12 
    1151  7.62500000E+02  7.12500000E+02 -4.88733671E-01  1.47710051E+00  9.88366836E-01  2.50000000E-02 -1.21736852E-11 -5.14548243E-13 
    1152  7.87500000E+02  7.12500000E+02  5.88489260E-01  3.99877576E-01  9.88366836E-01  2.50000000E-02 -1.94668466E-11 -3.95800282E-14 
    1153  8.12500000E+02  7.12500000E+02  1.42788505E-01  8.45578331E-01  9.88366836E-01  2.50000000E-02 -2.72825142E-11  2.79953513E-12 
    1154  8.37500000E+02  7.12500000E+02  9.09849421E-01  7.85174152E-02  9.88366836E-01  2.50000000E-02 -9.46766021E-11 -2.73683548E-12 
    1155  8.62500000E+02  7.12500000E+02  9.96609287E-01  3.44818397E-08  9.96609322E-01  2.50000000E-02 -1.48480549E-12  1.24926486E-12 
    1156  8.87500000E+02  7.12500000E+02 -7.20531090E-01  1.70889793E+00  9.88366836E-01  2.50000000E-02  7.51940561E-12  8.39166523E-12 
    1157  9.12500000E+02  7.12500000E+02  1.83987736E-01  8.04379100E-01  9.88366836E-01  2.50000000E-02  7.37357767E-12  6.04396858E-12 
    1158  9.37500000E+02  7.12500000E+02 -3.67840359E-01  1.35620719E+00  9.88366836E-01  2.50000000E-02  6.57513861E-12  2.78467573E-12 
    1159  9.62500000E+02  7.12500000E+02  5.24402463E-01  4.63964373E-01  9.88366836E-01  2.50000000E-02  4.92582997E-12  2.79238949E-12 
    1160  9.87500000E+02  7.12500000E+02  8.48327636E-01  1.40039199E-01  9.88366836E-01  2.50000000E-02  2.09334649E-12  5.15390025E-12 
    1161  1.25000000E+01  7.37500000E+02 -7.88650651E-01  1.77701749E+00  9.88366836E-01  2.50000000E-02 -1.22283132E-13  1.69962185E-12 
    1162  3.75000000E+01  7.37500000E+02 -4.78120813E-01  1.46648765E+00  9.88366836E-01  2.50000000E-02 -3.26103799E-13  2.04699681E-13 
    1163  6.25000000E+01  7.37500000E+02 -6.38564569E-01  1.62693140E+00  9.88366836E-01  2.50000000E-02 -4.02715035E-13 -2.41506947E-14 
    1164  8.75000000E+01  7.37500000E+02 -7.36592694E-01  1.72495953E+00  9.88366836E-01  2.50000000E-02 -4.24431387E-13  2.84195416E-12 
    1165  1.12500000E+02  7.37500000E+02 -2.36763111E-02  1.01204315E+00  9.88366836E-01  2.50000000E-02 -4.31585183E-13  6.31026106E-13 
    1166  1.37500000E+02  7.37500000E+02  7.75144578E-01  2.13222258E-01  9.88366836E-01  2.50000000E-02 -8.30108878E-13  1.48228899E-12 
    1167  1.62500000E+02  7.37500000E+02  2.58238609E-01  7.30128226E-01  9.88366836E-01  2.50000000E-02 -3.65988381E-13  2.35097010E-12 
    1168  1.87500000E+02  7.37500000E+02  4.67752723E-01  5.20614112E-01  9.88366836E-01  2.50000000E-02 -5.81931806E-13  3.24118058E-12 
    1169  2.12500000E+02  7.37500000E+02 -2.07987256E-01  1.19635409E+00  9.88366836E-01  2.50000000E-02 -4.11084771E-13  2.64579379E-12 
    1170  2.37500000E+02  7.37500000E+02  1.81088697E-02  9.70257966E-01  9.88366836E-01  2.50000000E-02 -3.26899707E-13  1.95045139E-12 
    1171  2.62500000E+02  7.37500000E+02  2.37743781E-01  7.50623055E-01  9.88366836E-01  2.50000000E-02 -2.26453232E-13  2.45181675E-12 
    1172  2.87500000E+02  7.37500000E+02  7.38630632E-02  9.14503773E-01  9.88366836E-01  2.50000000E-02  2.81476875E-13  1.22610665E-12 
    1173  3.12500000E+02  7.37500000E+02 -6.92625819E-01  1.68099265E+00  9.88366836E-01  2.50000000E-02  4.26644171E-13  2.48636085E-12 
    1174  3.37500000E+02  7.37500000E+02  9.10884101E-01  7.74827350E-02  9.88366836E-01  2.50000000E-02 -9.97053698E-13  1.97450580E-12 
    1175  3.62500000E+02  7.37500000E+02 -8.89535876E-02  1.07732042E+00  9.88366836E-01  2.50000000E-02 -7.64526947E-13  1.03587388E-12 
    1176  3.87500000E+02  7.37500000E+02  1.79161911E-01  8.09204925E-01  9.88366836E-01  2.50000000E-02 -7.69847439E-13  2.81856659E-12 
    1177  4.12500000E+02  7.37500000E+02 -5.20105070E-01  1.50847191E+00  9.88366836E-01  2.50000000E-02 -9.77251970E-13  6.76787359E-13 
    1178  4.37500000E+02  7.37500000E+02  1.44048664E-01  8.44318172E-01  9.88366836E-01  2.50000000E-02 -1.34147587E-12  1.27282578E-12 
    1179  4.62500000E+02  7.37500000E+02 -2.93262894E-01  1.28162973E+00  9.88366836E-01  2.50000000E-02 -1.27334559E-12  1.48763649E-12 
    1180  4.87500000E+02  7.37500000E+02 -8.74837871E-01  1.86320471E+00  9.88366836E-01  2.50000000E-02 -1.07307659E-12  4.52344989E-13 
    1181  5.12500000E+02  7.37500000E+02  1.28077772E-02  9.75559059E-01  9.88366836E-01  2.50000000E-02 -1.05261790E-12 -4.16174626E-13 
    1182  5.37500000E+02  7.37500000E+02  8.63247758E-01  1.25119078E-01  9.88366836E-01  2.50000000E-02 -3.28789512E-12  6.71746902E-13 
    1183  5.62500000E+02  7.37500000E+02  9.08072132E-01  8.02947038E-02  9.88366836E-01  2.50000000E-02 -5.75612829E-12  3.65809684E-13 
    1184  5.87500000E+02  7.37500000E+02  5.53396221E-01  4.34970614E-01  9.88366836E-01  2.50000000E-02 -2.82270242E-12 -6.44044305E-13 
    1185  6.12500000E+02  7.37500000E+02  2.10395785E-01  7.77971051E-01  9.88366836E-01  2.50000000E-02 -1.93907893E-12 -7.44682357E-13 
    1186  6.37500000E+02  7.37500000E+02  4.84775283E-02  9.39889308E-01  9.88366836E-01  2.50000000E-02 -1.64809110E-12  6.33747787E-12 
    1187  6.62500000E+02  7.37500000E+02 -4.85448113E-02  1.03691165E+00  9.88366836E-01  2.50000000E-02 -1.62039353E-12  1.22588834E-12 
    1188  6.87500000E+02  7.37500000E+02  9.81100052E-01  7.26678426E-03  9.88366836E-01  2.50000000E-02 -1.26015526E-11  6.88492155E-13 
    1189  7.12500000E+02  7.37500000E+02  2.79590471E-01  7.08776365E-01  9.88366836E-01  2.50000000E-02 -1.41256949E-12 -2.40018873E-13 
    1190  7.37500000E+02  7.37500000E+02 -1.65822439E-01  1.15418927E+00  9.88366836E-01  2.50000000E-02 -1.44307415E-12  4.14993607E-12 
    1191  7.62500000E+02  7.37500000E+02 -6.23547884E-01  1.61191472E+00  9.88366836E-01  2.50000000E-02 -1.45734079E-12 -5.81229040E-13 
    1192  7.87500000E+02  7.37500000E+02 -7.41045783E-01  1.72941262E+00  9.88366836E-01  2.50000000E-02 -1.66931566E-12 -7.85743855E-14 
    1193  8.12500000E+02  7.37500000E+02  6.28917049E-01  3.59449786E-01  9.88366836E-01  2.50000000E-02 -4.51459950E-12  2.09228181E-12 
    1194  8.37500000E+02  7.37500000E+02 -1.29294933E-01  1.11766177E+00  9.88366836E-01  2.50000000E-02 -8.03829095E-12  4.16431387E-12 
    1195  8.62500000E+02  7.37500000E+02  6.99776301E-01  2.88590535E-01  9.88366836E-01  2.50000000E-02 -6.32253525E-12  3.48447435E-11 
    1196  8.87500000E+02  7.37500000E+02 -7.91778566E-01  1.78014540E+00  9.88366836E-01  2.50000000E-02  1.24093723E-12  7.55014807E-12 
    1197  9.12500000E+02  7.37500000E+02 -3.81969586E-01  1.37033642E+00  9.88366836E-01  2.50000000E-02  1.13656815E-12  4.70051254E-12 
    1198  9.37500000E+02  7.37500000E+02 -2.37369274E-01  1.22573611E+00  9.88366836E-01  2.50000000E-02  8.00000072E-13  2.83189673E-12 
    1199  9.62500000E+02  7.37500000E+02 -1.28648872E-01  1.11701571E+00  9.88366836E-01  2.50000000E-02  1.40152767E-12  3.80245701E-12 
    1200  9.87500000E+02  7.37500000E+02 -9.95164348E-01  1.98353118E+00  9.88366836E-01  2.50000000E-02  5.87209451E-13  2.46638143E-12 
    1201  1.25000000E+01  7.62500000E+02 -1.29155342E-01  1.11752218E+00  9.88366836E-01  2.50000000E-02  1.54658747E-13  1.78751409E-12 
    1202  3.75000000E+01  7.62500000E+02 -5.83351884E-01  1.57171872E+00  9.88366836E-01  2.50000000E-02  2.88153225E-13  1.51232447E-13 
    1203  6.25000000E+01  7.62500000E+02  2.15780788E-01  7.72586048E-01  9.88366836E-01  2.50000000E-02  1.54140947E-13 -3.45183738E-14 
    1204  8.75000000E+01  7.62500000E+02  1.67498107E-01  8.20868728E-01  9.88366836E-01  2.50000000E-02  3.63830872E-14  2.66749727E-12 
    1205  1.12500000E+02  7.62500000E+02 -4.84599483E-01  1.47296632E+00  9.88366836E-01  2.50000000E-02  2.54843788E-14  2.73093999E-13 
    1206  1.37500000E+02  7.62500000E+02  6.08456202E-01  3.79910634E-01  9.88366836E-01  2.50000000E-02 -8.38973083E-14  7.92084950E-13 
    1207  1.62500000E+02  7.62500000E+02  9.15172981E-01  7.31938543E-02  9.88366836E-01  2.50000000E-02 -1.94927551E-12  3.13701127E-12 
    1208  1.87500000E+02  7.62500000E+02 -9.82501712E-01  1.97086855E+00  9.88366836E-01  2.50000000E-02 -1.41215792E-12  4.50865254E-12 
    1209  2.12500000E+02  7.62500000E+02 -9.44664556E-01  1.93303139E+00  9.88366836E-01  2.50000000E-02 -1.17998134E-12  2.47354825E-12 
    1210  2.37500000E+02  7.62500000E+02 -3.23494052E-01  1.31186089E+00  9.88366836E-01  2.50000000E-02 -8.22289724E-13  2.05758336E-12 
    1211  2.62500000E+02  7.62500000E+02  4.96707116E-01  4.91659719E-01  9.88366836E-01  2.50000000E-02 -9.75640810E-13  2.26325460E-12 
    1212  2.87500000E+02  7.62500000E+02 -2.92645816E-01  1.28101265E+00  9.88366836E-01  2.50000000E-02 -2.96385531E-13  9.72522852E-13 
    1213  3.12500000E+02  7.62500000E+02  2.98231197E-01  6.90135639E-01  9.88366836E-01  2.50000000E-02  1.22796689E-13  1.94118116E-12 
    1214  3.37500000E+02  7.62500000E+02 -9.59836919E-01  1.94820375E+00  9.88366836E-01  2.50000000E-02 -3.09072558E-13  7.79801533E-13 
    1215  3.62500000E+02  7.62500000E+02 -6.97700009E-01  1.68606684E+00  9.88366836E-01  2.50000000E-02 -4.98030922E-13  7.00476668E-13 
    1216  3.87500000E+02  7.62500000E+02  6.40197572E-01  3.48169263E-01  9.88366836E-01  2.50000000E-02 -8.88576763E-13  2.14621214E-12 
    1217  4.12500000E+02  7.62500000E+02  3.51639594E-01  6.36727242E-01  9.88366836E-01  2.50000000E-02 -5.01266802E-13  5.83562901E-13 
    1218  4.37500000E+02  7.62500000E+02 -2.59690226E-01  1.24805706E+00  9.88366836E-01  2.50000000E-02 -5.36121689E-13  1.03680176E-12 
    1219  4.62500000E+02  7.62500000E+02 -4.54942193E-01  1.44330903E+00  9.88366836E-01  2.50000000E-02 -5.64831136E-13  1.08208748E-12 
    1220  4.87500000E+02  7.62500000E+02  9.69373941E-01  1.89928950E-02  9.88366836E-01  2.50000000E-02 -5.91807004E-12 -1.24610243E-12 
    1221  5.12500000E+02  7.62500000E+02  4.18351814E-01  5.70015022E-01  9.88366836E-01  2.50000000E-02 -6.77590761E-12 -8.80717841E-13 
    1222  5.37500000E+02  7.62500000E+02  8.74381873E-01  1.13984963E-01  9.88366836E-01  2.50000000E-02 -7.14554151E-12  2.44314293E-13 
    1223  5.62500000E+02  7.62500000E+02 -2.27439838E-01  1.21580667E+00  9.88366836E-01  2.50000000E-02 -4.23255601E-12  3.50096288E-12 
    1224  5.87500000E+02  7.62500000E+02  4.74677530E-01  5.13689305E-01  9.88366836E-01  2.50000000E-02 -3.87487449E-12 -3.34564865E-13 
    1225  6.12500000E+02  7.62500000E+02 -7.90045506E-01  1.77841234E+00  9.88366836E-01  2.50000000E-02 -2.67426279E-12 -1.86336864E-13 
    1226  6.37500000E+02  7.62500000E+02 -1.95074996E-01  1.18344183E+00  9.88366836E-01  2.50000000E-02 -2.73345186E-12  5.97041087E-12 
    1227  6.62500000E+02  7.62500000E+02  6.23433476E-01  3.64933360E-01  9.88366836E-01  2.50000000E-02 -5.43760947E-12 -1.01847865E-13 
    1228  6.87500000E+02  7.62500000E+02 -4.47466695E-01  1.43583353E+00  9.88366836E-01  2.50000000E-02 -5.40059290E-12  3.88987423E-12 
    1229  7.12500000E+02  7.62500000E+02 -7.85039710E-01  1.77340655E+00  9.88366836E-01  2.50000000E-02 -5.85081209E-12 -8.46001714E-13 
    1230  7.37500000E+02  7.62500000E+02  7.57658276E-02  9.12601008E-01  9.88366836E-01  2.50000000E-02 -6.43771469E-12  4.06788323E-12 
    1231  7.62500000E+02  7.62500000E+02 -6.01492353E-02  1.04851607E+00  9.88366836E-01  2.50000000E-02 -5.79757325E-12 -3.86098360E-13 
    1232  7.87500000E+02  7.62500000E+02 -2.35893939E-01  1.22426077E+00  9.88366836E-01  2.50000000E-02 -5.46498223E-12 -5.86908797E-13 
    1233  8.12500000E+02  7.62500000E+02 -6.03943320E-02  1.04876117E+00  9.88366836E-01  2.50000000E-02 -5.60021917E-12  1.51207491E-12 
    1234  8.37500000E+02  7.62500000E+02 -7.55900906E-01  1.74426774E+00  9.88366836E-01  2.50000000E-02 -6.07521704E-12  3.24508933E-12 
    1235  8.62500000E+02  7.62500000E+02  4.88671498E-01  4.99695338E-01  9.88366836E-01  2.50000000E-02 -7.55583388E-12  2.55590275E-11 
    1236  8.87500000E+02  7.62500000E+02 -6.98894523E-01  1.68726136E+00  9.88366836E-01  2.50000000E-02 -3.53511474E-12  6.96981869E-12 
    1237  9.12500000E+02  7.62500000E+02 -7.87935242E-01  1.77630208E+00  9.88366836E-01  2.50000000E-02 -2.14794145E-12  4.67016103E-12 
    1238  9.37500000E+02  7.62500000E+02 -7.18559022E-01  1.70692586E+00  9.88366836E-01  2.50000000E-02 -1.54779084E-12  2.83118812E-12 
    1239  9.62500000E+02  7.62500000E+02  9.62182206E-01  2.61846296E-02  9.88366836E-01  2.50000000E-02  3.82003165E-12  7.61086311E-12 
    1240  9.87500000E+02  7.62500000E+02 -2.96470198E-01  1.28483703E+00  9.88366836E-01  2.50000000E-02  9.56403969E-15  2.28332470E-12 
    1241  1.25000000E+01  7.87500000E+02  5.12184706E-01  4.76182130E-01  9.88366836E-01  2.50000000E-02 -2.80941255E-13  2.69125667E-12 
    1242  3.75000000E+01  7.87500000E+02 -5.05686300E-01  1.49405314E+00  9.88366836E-01  2.50000000E-02 -3.26983179E-13  1.85297030E-13 
    1243  6.25000000E+01  7.87500000E+02 -6.10630668E-01  1.59899750E+00  9.88366836E-01  2.50000000E-02 -3.27023615E-13 -4.77022789E-14 
    1244  8.75000000E+01  7.87500000E+02 -7.69718752E-01  1.75808559E+00  9.88366836E-01  2.50000000E-02 -1.75597928E-13  2.74858213E-12 
    1245  1.12500000E+02  7.87500000E+02 -3.74472949E-01  1.36283978E+00  9.88366836E-01  2.50000000E-02  1.15682696E-13  7.48881147E-14 
    1246  1.37500000E+02  7.87500000E+02 -3.26369102E-01  1.31473594E+00  9.88366836E-01  2.50000000E-02  1.69329581E-13  4.63347904E-13 
    1247  1.62500000E+02  7.87500000E+02  9.77163706E-01  1.12031295E-02  9.88366836E-01  2.50000000E-02 -1.84902290E-12  3.31067497E-12 
    1248  1.87500000E+02  7.87500000E+02  1.55964062E-01  8.32402774E-01  9.88366836E-01  2.50000000E-02 -1.15155169E-12  5.16213637E-12 
    1249  2.12500000E+02  7.87500000E+02  5.81497036E-01  4.06869799E-01  9.88366836E-01  2.50000000E-02 -1.81871851E-13  2.64240279E-12 
    1250  2.37500000E+02  7.87500000E+02  4.52434962E-01  5.35931874E-01  9.88366836E-01  2.50000000E-02  6.05347555E-13  2.16112023E-12 
    1251  2.62500000E+02  7.87500000E+02 -9.81250213E-01  1.96961705E+00  9.88366836E-01  2.50000000E-02  4.67218306E-13  1.30699630E-12 
    1252  2.87500000E+02  7.87500000E+02  9.24848470E-01  6.35183657E-02  9.88366836E-01  2.50000000E-02 -7.30027709E-13  1.81235832E-12 
    1253  3.12500000E+02  7.87500000E+02 -1.50094150E-01  1.13846099E+00  9.88366836E-01  2.50000000E-02  6.95524332E-13  1.82381784E-12 
    1254  3.37500000E+02  7.87500000E+02 -6.36470323E-02  1.05201387E+00  9.88366836E-01  2.50000000E-02  4.16433131E-13  9.86025112E-13 
    1255  3.62500000E+02  7.87500000E+02 -6.96106355E-01  1.68447319E+00  9.88366836E-01  2.50000000E-02  3.40878016E-16  5.15305424E-13 
    1256  3.87500000E+02  7.87500000E+02  7.16918299E-01  2.71448536E-01  9.88366836E-01  2.50000000E-02 -9.83024065E-13  1.54083238E-12 
    1257  4.12500000E+02  7.87500000E+02  3.94637213E-01  5.93729623E-01  9.88366836E-01  2.50000000E-02 -1.32418551E-12  8.38722974E-13 
    1258  4.37500000E+02  7.87500000E+02 -5.07367031E-01  1.49573387E+00  9.88366836E-01  2.50000000E-02 -1.16222580E-12  1.38807446E-12 
    1259  4.62500000E+02  7.87500000E+02 -5.70342437E-01  1.55870927E+00  9.88366836E-01  2.50000000E-02 -1.22429901E-12  6.84962799E-13 
    1260  4.87500000E+02  7.87500000E+02  7.32570805E-01  2.55796031E-01  9.88366836E-01  2.50000000E-02 -3.76227701E-12 -1.03620098E-13 
    1261  5.12500000E+02  7.87500000E+02  8.03825180E-01  1.84541656E-01  9.88366836E-01  2.50000000E-02 -6.38066699E-12  1.40825230E-13 
    1262  5.37500000E+02  7.87500000E+02 -2.96755179E-01  1.28512201E+00  9.88366836E-01  2.50000000E-02 -8.76068292E-12  1.22223307E-12 
    1263  5.62500000E+02  7.87500000E+02  7.65708990E-01  2.22657846E-01  9.88366836E-01  2.50000000E-02 -9.25782608E-12  4.15837879E-12 
    1264  5.87500000E+02  7.87500000E+02  5.18666491E-01  4.69700345E-01  9.88366836E-01  2.50000000E-02 -6.94900126E-12  3.69436927E-13 
    1265  6.12500000E+02  7.87500000E+02  1.92842463E-02  9.69082589E-01  9.88366836E-01  2.50000000E-02 -5.06256358E-12  6.31601138E-13 
    1266  6.37500000E+02  7.87500000E+02  1.01460689E-01  8.86906147E-01  9.88366836E-01  2.50000000E-02 -4.64877011E-12  5.66829760E-12 
    1267  6.62500000E+02  7.87500000E+02  7.70351714E-01  2.18015121E-01  9.88366836E-01  2.50000000E-02 -4.90977823E-12 -5.92938822E-13 
    1268  6.87500000E+02  7.87500000E+02 -3.93053304E-01  1.38142014E+00  9.88366836E-01  2.50000000E-02 -1.45426491E-12  4.39987807E-12 
    1269  7.12500000E+02  7.87500000E+02 -4.89428734E-02  1.03730971E+00  9.88366836E-01  2.50000000E-02 -1.64449023E-12 -1.59086378E-12 
    1270  7.37500000E+02  7.87500000E+02  3.05378955E-01  6.82987881E-01  9.88366836E-01  2.50000000E-02 -2.59338872E-12  3.99897948E-12 
    1271  7.62500000E+02  7.87500000E+02  1.15064248E-02  9.76860411E-01  9.88366836E-01  2.50000000E-02 -2.49290203E-12 -8.70232454E-14 
    1272  7.87500000E+02  7.87500000E+02 -6.54236181E-01  1.64260302E+00  9.88366836E-01  2.50000000E-02 -2.12634407E-12 -5.56845372E-13 
    1273  8.12500000E+02  7.87500000E+02 -5.28859316E-01  1.51722615E+00  9.88366836E-01  2.50000000E-02 -2.59423053E-12  9.44920767E-13 
    1274  8.37500000E+02  7.87500000E+02  4.81049763E-01  5.07317073E-01  9.88366836E-01  2.50000000E-02 -6.79634028E-12  2.88763536E-12 
    1275  8.62500000E+02  7.87500000E+02 -1.20181723E-01  1.10854856E+00  9.88366836E-01  2.50000000E-02 -6.49568356E-12  2.19371591E-11 
    1276  8.87500000E+02  7.87500000E+02 -7.05859829E-01  1.69422666E+00  9.88366836E-01  2.50000000E-02 -5.07735738E-12  6.96988592E-12 
    1277  9.12500000E+02  7.87500000E+02  5.00367896E-01  4.87998940E-01  9.88366836E-01  2.50000000E-02 -1.56049212E-12  6.31724226E-12 
    1278  9.37500000E+02  7.87500000E+02  9.34024516E-01  5.43423202E-02  9.88366836E-01  2.50000000E-02 -1.07098976E-12  6.90940490E-12 
    1279  9.62500000E+02  7.87500000E+02  4.22830000E-02  9.46083836E-01  9.88366836E-01  2.50000000E-02  2.21393049E-13 -4.27693313E-13 
    1280  9.87500000E+02  7.87500000E+02 -5.49122951E-01  1.53748979E+00  9.88366836E-01  2.50000000E-02  7.73138521E-14  2.09496915E-12 
    1281  1.25000000E+01  8.12500000E+02 -3.17920717E-01  1.30628755E+00  9.88366836E-01  2.50000000E-02 -1.12487211E-13  2.41746991E-12 
    1282  3.75000000E+01  8.12500000E+02  7.63393325E-01  2.24973511E-01  9.88366836E-01  2.50000000E-02 -2.29848879E-12  1.13072628E-12 
    1283  6.25000000E+01  8.12500000E+02  1.45936860E-02  9.73773150E-01  9.88366836E-01  2.50000000E-02 -2.95146809E-12  9.61325857E-14 
    1284  8.75000000E+01  8.12500000E+02  5.94522513E-01  3.93844323E-01  9.88366836E-01  2.50000000E-02 -3.20450627E-12  3.26519487E-12 
    1285  1.12500000E+02  8.12500000E+02 -2.83011310E-01  1.27137815E+00  9.88366836E-01  2.50000000E-02 -3.13386472E-12  8.44364909E-14 
    1286  1.37500000E+02  8.12500000E+02  3.28146965E-01  6.60219871E-01  9.88366836E-01  2.50000000E-02 -3.09164005E-12  4.92113526E-13 
    1287  1.62500000E+02  8.12500000E+02 -3.15538951E-01  1.30390579E+00  9.88366836E-01  2.50000000E-02 -3.34609429E-12  1.20524603E-12 
    1288  1.87500000E+02  8.12500000E+02 -1.43462335E-01  1.13182917E+00  9.88366836E-01  2.50000000E-02 -3.40983634E-12  5.29645072E-12 
    1289  2.12500000E+02  8.12500000E+02  9.75605087E-01  1.27617492E-02  9.88366836E-01  2.50000000E-02 -2.51004906E-12  4.75020740E-12 
    1290  2.37500000E+02  8.12500000E+02 -4.22574008E-02  1.03062424E+00  9.88366836E-01  2.50000000E-02 -1.12362413E-12  1.98288395E-12 
    1291  2.62500000E+02  8.12500000E+02 -6.21157836E-02  1.05048262E+00  9.88366836E-01  2.50000000E-02 -8.79415413E-13  1.05092093E-12 
    1292  2.87500000E+02  8.12500000E+02 -2.46924589E-01  1.23529143E+00  9.88366836E-01  2.50000000E-02 -6.61390068E-13 -5.40721506E-13 
    1293  3.12500000E+02  8.12500000E+02  9.10505203E-01  7.78616333E-02  9.88366836E-01  2.50000000E-02 -1.55917015E-12  2.02950954E-12 
    1294  3.37500000E+02  8.12500000E+02 -8.91053726E-01  1.87942056E+00  9.88366836E-01  2.50000000E-02 -8.12603671E-13  1.54248356E-12 
    1295  3.62500000E+02  8.12500000E+02 -6.84249296E-01  1.67261613E+00  9.88366836E-01  2.50000000E-02 -7.40366169E-13  6.04453707E-13 
    1296  3.87500000E+02  8.12500000E+02 -9.93029892E-01  1.98139673E+00  9.88366836E-01  2.50000000E-02 -7.85534271E-13  3.69130893E-14 
    1297  4.12500000E+02  8.12500000E+02  3.01377228E-01  6.86989608E-01  9.88366836E-01  2.50000000E-02 -1.28513453E-12  1.01115929E-12 
    1298  4.37500000E+02  8.12500000E+02  8.46607542E-02  9.03706082E-01  9.88366836E-01  2.50000000E-02 -1.73603519E-12  1.95412774E-12 
    1299  4.62500000E+02  8.12500000E+02  6.76283780E-01  3.12083056E-01  9.88366836E-01  2.50000000E-02 -2.79691861E-12 -3.73621178E-13 
    1300  4.87500000E+02  8.12500000E+02 -5.87960715E-01  1.57632755E+00  9.88366836E-01  2.50000000E-02 -2.16476065E-12  1.91001558E-14 
    1301  5.12500000E+02  8.12500000E+02  4.45607059E-01  5.42759777E-01  9.88366836E-01  2.50000000E-02 -2.20815376E-12  5.22936770E-13 
    1302  5.37500000E+02  8.12500000E+02  5.76082622E-01  4.12284213E-01  9.88366836E-01  2.50000000E-02 -3.06034510E-12  7.98031695E-13 
    1303  5.62500000E+02  8.12500000E+02  8.32685535E-01  1.55681301E-01  9.88366836E-01  2.50000000E-02 -4.77979968E-12  3.35300252E-12 
    1304  5.87500000E+02  8.12500000E+02  1.40966716E-01  8.47400120E-01  9.88366836E-01  2.50000000E-02 -2.57361920E-12  1.71016816E-12 
    1305  6.12500000E+02  8.12500000E+02  1.81870507E-01  8.06496329E-01  9.88366836E-01  2.50000000E-02 -2.68315038E-12  8.01815997E-13 
    1306  6.37500000E+02  8.12500000E+02  7.01653474E-01  2.86713361E-01  9.88366836E-01  2.50000000E-02 -4.64909315E-12  6.64849841E-12 
    1307  6.62500000E+02  8.12500000E+02 -6.77303998E-01  1.66567083E+00  9.88366836E-01  2.50000000E-02 -2.75799418E-12  6.14480721E-13 
    1308  6.87500000E+02  8.12500000E+02 -5.15245579E-02  1.03989139E+00  9.88366836E-01  2.50000000E-02 -2.56566757E-12  5.19536622E-12 
    1309  7.12500000E+02  8.12500000E+02  4.56894185E-01  5.31472651E-01  9.88366836E-01  2.50000000E-02 -3.17491554E-12 -2.04931624E-12 
    1310  7.37500000E+02  8.12500000E+02 -9.74321502E-01  1.96268834E+00  9.88366836E-01  2.50000000E-02 -3.10409035E-12  3.52345772E-12 
    1311  7.62500000E+02  8.12500000E+02 -6.91669106E-02  1.05753375E+00  9.88366836E-01  2.50000000E-02 -2.97059345E-12  3.21430677E-15 
    1312  7.87500000E+02  8.12500000E+02 -3.30246550E-01  1.31861339E+00  9.88366836E-01  2.50000000E-02 -2.60961144E-12 -4.52456055E-13 
    1313  8.12500000E+02  8.12500000E+02 -6.12474222E-01  1.60084106E+00  9.88366836E-01  2.50000000E-02 -2.47097294E-12  7.99929370E-13 
    1314  8.37500000E+02  8.12500000E+02 -3.20882754E-01  1.30924959E+00  9.88366836E-01  2.50000000E-02 -3.04891888E-12  2.03574400E-12 
    1315  8.62500000E+02  8.12500000E+02  3.86736737E-01  6.01630099E-01  9.88366836E-01  2.50000000E-02 -3.48318071E-12  2.09534624E-11 
    1316  8.87500000E+02  8.12500000E+02  1.37639775E-01  8.50727061E-01  9.88366836E-01  2.50000000E-02  1.68715988E-12  6.85953614E-12 
    1317  9.12500000E+02  8.12500000E+02  1.69933067E-01  8.18433769E-01  9.88366836E-01  2.50000000E-02  3.77596039E-12  4.63950273E-12 
    1318  9.37500000E+02  8.12500000E+02  2.45947634E-01  7.42419202E-01  9.88366836E-01  2.50000000E-02  2.27634653E-12  2.47147970E-12 
    1319  9.62500000E+02  8.12500000E+02  3.15965527E-01  6.72401309E-01  9.88366836E-01  2.50000000E-02  8.23326170E-13 -2.92558300E-13 
    1320  9.87500000E+02  8.12500000E+02 -5.10382206E-01  1.49874904E+00  9.88366836E-01  2.50000000E-02  1.21295530E-13  2.05896031E-12 
    1321  1.25000000E+01  8.37500000E+02  2.89857136E-01  6.98509700E-01  9.88366836E-01  2.50000000E-02  9.04288457E-14  2.17567690E-12 
    1322  3.75000000E+01  8.37500000E+02  2.06080072E-01  7.82286764E-01  9.88366836E-01  2.50000000E-02  6.55857430E-14  5.98420093E-13 
    1323  6.25000000E+01  8.37500000E+02  7.25636087E-01  2.62730749E-01  9.88366836E-01  2.50000000E-02 -6.39094139E-13  1.00951064E-12 
    1324  8.75000000E+01  8.37500000E+02  1.75598290E-01  8.12768545E-01  9.88366836E-01  2.50000000E-02 -1.55962739E-12  2.18890943E-12 
    1325  1.12500000E+02  8.37500000E+02  7.44273458E-01  2.44093377E-01  9.88366836E-01  2.50000000E-02 -2.46798465E-12  1.66238942E-12 
    1326  1.37500000E+02  8.37500000E+02  7.08108041E-01  2.80258795E-01  9.88366836E-01  2.50000000E-02 -2.37432117E-12  5.01887128E-13 
    1327  1.62500000E+02  8.37500000E+02 -9.21429355E-01  1.90979619E+00  9.88366836E-01  2.50000000E-02 -2.35827690E-12  7.81623543E-13 
    1328  1.87500000E+02  8.37500000E+02  9.11841196E-01  7.65256401E-02  9.88366836E-01  2.50000000E-02 -3.12652241E-12  3.78544161E-12 
    1329  2.12500000E+02  8.37500000E+02 -2.65279687E-02  1.01489480E+00  9.88366836E-01  2.50000000E-02 -1.58863847E-12  1.16656214E-12 
    1330  2.37500000E+02  8.37500000E+02 -9.89332990E-01  1.97769983E+00  9.88366836E-01  2.50000000E-02 -1.58016364E-12  1.91022497E-12 
    1331  2.62500000E+02  8.37500000E+02  5.03447756E-01  4.84919080E-01  9.88366836E-01  2.50000000E-02 -1.53721306E-12  7.14676708E-13 
    1332  2.87500000E+02  8.37500000E+02 -9.46414540E-01  1.93478138E+00  9.88366836E-01  2.50000000E-02 -8.87117394E-13 -2.02372097E-13 
    1333  3.12500000E+02  8.37500000E+02 -8.69568998E-01  1.85793583E+00  9.88366836E-01  2.50000000E-02 -9.83787003E-13  4.37182056E-14 
    1334  3.37500000E+02  8.37500000E+02 -3.06338779E-01  1.29470561E+00  9.88366836E-01  2.50000000E-02 -1.52058780E-12  1.74038153E-12 
    1335  3.62500000E+02  8.37500000E+02  1.77549684E-01  8.10817152E-01  9.88366836E-01  2.50000000E-02 -2.14558265E-12  7.35822617E-13 
    1336  3.87500000E+02  8.37500000E+02 -3.66924104E-01  1.35529094E+00  9.88366836E-01  2.50000000E-02 -2.08935348E-12  1.74549850E-13 
    1337  4.12500000E+02  8.37500000E+02 -5.20939004E-01  1.50930584E+00  9.88366836E-01  2.50000000E-02 -2.19442065E-12  6.37789158E-13 
    1338  4.37500000E+02  8.37500000E+02 -2.97072474E-01  1.28543931E+00  9.88366836E-01  2.50000000E-02 -2.60427872E-12  1.80342007E-12 
    1339  4.62500000E+02  8.37500000E+02  4.92806270E-01  4.95560566E-01  9.88366836E-01  2.50000000E-02 -3.28562859E-12 -1.00630348E-12 
    1340  4.87500000E+02  8.37500000E+02 -1.33237921E-01  1.12160476E+00  9.88366836E-01  2.50000000E-02 -3.36112541E-12 -3.85439955E-13 
    1341  5.12500000E+02  8.37500000E+02  8.06992906E-01  1.81373930E-01  9.88366836E-01  2.50000000E-02 -4.85558359E-12  1.98060673E-13 
    1342  5.37500000E+02  8.37500000E+02 -3.12502795E-01  1.30086963E+00  9.88366836E-01  2.50000000E-02 -3.56517081E-12  1.37485034E-12 
    1343  5.62500000E+02  8.37500000E+02  7.73404179E-02  9.11026418E-01  9.88366836E-01  2.50000000E-02 -3.87531633E-12  1.30154676E-12 
    1344  5.87500000E+02  8.37500000E+02 -1.35382093E-01  1.12374893E+00  9.88366836E-01  2.50000000E-02 -4.58721016E-12  1.23532577E-12 
    1345  6.12500000E+02  8.37500000E+02  3.02996821E-01  6.85370015E-01  9.88366836E-01  2.50000000E-02 -4.70412004E-12 -3.39974643E-13 
    1346  6.37500000E+02  8.37500000E+02  3.36412781E-01  6.51954055E-01  9.88366836E-01  2.50000000E-02 -4.97601065E-12  5.57509964E-12 
    1347  6.62500000E+02  8.37500000E+02  7.91097063E-01  1.97269773E-01  9.88366836E-01  2.50000000E-02 -8.23203693E-12  2.30191086E-12 
    1348  6.87500000E+02  8.37500000E+02  1.56250412E-01  8.32116424E-01  9.88366836E-01  2.50000000E-02 -4.69447914E-12  6.29133595E-12 
    1349  7.12500000E+02  8.37500000E+02 -4.94733205E-01  1.48310004E+00  9.88366836E-01  2.50000000E-02 -4.19334482E-12 -1.51122086E-12 
    1350  7.37500000E+02  8.37500000E+02 -1.83218777E-01  1.17158561E+00  9.88366836E-01  2.50000000E-02 -4.02629937E-12  3.40154972E-12 
    1351  7.62500000E+02  8.37500000E+02  4.35011613E-01  5.53355223E-01  9.88366836E-01  2.50000000E-02 -3.61109917E-12 -5.18509440E-13 
    1352  7.87500000E+02  8.37500000E+02 -6.86449221E-03  9.95231328E-01  9.88366836E-01  2.50000000E-02 -3.00631962E-12 -5.74216880E-13 
    1353  8.12500000E+02  8.37500000E+02 -3.59093655E-01  1.34746049E+00  9.88366836E-01  2.50000000E-02 -3.07312535E-12  8.93492990E-13 
    1354  8.37500000E+02  8.37500000E+02  9.99038683E-02  8.88462967E-01  9.88366836E-01  2.50000000E-02 -3.73812559E-12  1.08142914E-12 
    1355  8.62500000E+02  8.37500000E+02  3.33395814E-01  6.54971021E-01  9.88366836E-01  2.50000000E-02 -4.29602382E-12  1.66600444E-11 
    1356  8.87500000E+02  8.37500000E+02  9.38366747E-01  5.00000889E-02  9.88366836E-01  2.50000000E-02 -4.13599947E-12  1.08447358E-11 
    1357  9.12500000E+02  8.37500000E+02 -2.65614161E-01  1.25398100E+00  9.88366836E-01  2.50000000E-02  1.42470219E-12  4.32619004E-12 
    1358  9.37500000E+02  8.37500000E+02 -2.86357394E-01  1.27472423E+00  9.88366836E-01  2.50000000E-02  9.91023941E-13  2.64565535E-12 
    1359  9.62500000E+02  8.37500000E+02 -7.96697996E-01  1.78506483E+00  9.88366836E-01  2.50000000E-02  3.78705049E-13 -9.76377750E-14 
    1360  9.87500000E+02  8.37500000E+02 -4.70365245E-01  1.45873208E+00  9.88366836E-01  2.50000000E-02  1.22862810E-13  2.21736658E-12 
    1361  1.25000000E+01  8.62500000E+02  4.07376454E-01  5.80990382E-01  9.88366836E-01  2.50000000E-02  1.55550026E-13  2.10653826E-12 
    1362  3.75000000E+01  8.62500000E+02 -1.21352181E-01  1.10971902E+00  9.88366836E-01  2.50000000E-02  1.79760549E-13  3.15508824E-13 
    1363  6.25000000E+01  8.62500000E+02 -8.73705486E-01  1.86207232E+00  9.88366836E-01  2.50000000E-02  4.51081406E-14  3.24886891E-13 
    1364  8.75000000E+01  8.62500000E+02 -9.98413662E-01  1.98678050E+00  9.88366836E-01  2.50000000E-02 -1.24175804E-14  1.51183394E-12 
    1365  1.12500000E+02  8.62500000E+02  8.33309439E-01  1.55057397E-01  9.88366836E-01  2.50000000E-02 -1.14843351E-12  1.60732315E-12 
    1366  1.37500000E+02  8.62500000E+02 -2.60208690E-01  1.24857553E+00  9.88366836E-01  2.50000000E-02 -6.13267105E-13  2.76750372E-13 
    1367  1.62500000E+02  8.62500000E+02 -9.63215529E-01  1.95158236E+00  9.88366836E-01  2.50000000E-02 -6.48657925E-13  4.98469204E-13 
    1368  1.87500000E+02  8.62500000E+02  4.10194782E-01  5.78172053E-01  9.88366836E-01  2.50000000E-02 -1.25652609E-12  8.62127149E-13 
    1369  2.12500000E+02  8.62500000E+02 -9.43144540E-01  1.93151138E+00  9.88366836E-01  2.50000000E-02 -1.63562922E-12  9.80184251E-13 
    1370  2.37500000E+02  8.62500000E+02  3.95919412E-01  5.92447424E-01  9.88366836E-01  2.50000000E-02 -1.56449654E-12  1.57448521E-12 
    1371  2.62500000E+02  8.62500000E+02 -6.35564967E-01  1.62393180E+00  9.88366836E-01  2.50000000E-02 -7.95193779E-13  5.73759684E-13 
    1372  2.87500000E+02  8.62500000E+02 -9.45198013E-01  1.93356485E+00  9.88366836E-01  2.50000000E-02 -6.72025473E-13 -2.40729594E-14 
    1373  3.12500000E+02  8.62500000E+02 -7.62488102E-01  1.75085494E+00  9.88366836E-01  2.50000000E-02 -8.11994072E-13 -6.52513462E-15 
    1374  3.37500000E+02  8.62500000E+02 -2.63138460E-01  1.25150530E+00  9.88366836E-01  2.50000000E-02 -9.99225776E-13  1.75076283E-12 
    1375  3.62500000E+02  8.62500000E+02 -2.05460750E-01  1.19382759E+00  9.88366836E-01  2.50000000E-02 -8.28106910E-13  7.66879667E-13 
    1376  3.87500000E+02  8.62500000E+02 -4.39778244E-01  1.42814508E+00  9.88366836E-01  2.50000000E-02 -5.21587626E-13  3.92461778E-13 
    1377  4.12500000E+02  8.62500000E+02 -8.44826290E-01  1.83319313E+00  9.88366836E-01  2.50000000E-02 -4.41872903E-13  3.26261596E-13 
    1378  4.37500000E+02  8.62500000E+02  8.75594857E-01  1.12771978E-01  9.88366836E-01  2.50000000E-02 -1.78014110E-12  4.63838624E-13 
    1379  4.62500000E+02  8.62500000E+02 -8.52560820E-01  1.84092766E+00  9.88366836E-01  2.50000000E-02  2.21283894E-13 -9.18100538E-13 
    1380  4.87500000E+02  8.62500000E+02 -9.46925678E-01  1.93529251E+00  9.88366836E-01  2.50000000E-02  2.55859673E-13 -7.58835134E-13 
    1381  5.12500000E+02  8.62500000E+02  9.58028009E-01  3.03388272E-02  9.88366836E-01  2.50000000E-02 -2.08945248E-12  4.38914007E-13 
    1382  5.37500000E+02  8.62500000E+02 -7.76676945E-01  1.76504378E+00  9.88366836E-01  2.50000000E-02 -9.38378135E-13  1.70349391E-12 
    1383  5.62500000E+02  8.62500000E+02  3.62333463E-02  9.52133490E-01  9.88366836E-01  2.50000000E-02 -1.11758517E-12  1.40763547E-12 
    1384  5.87500000E+02  8.62500000E+02 -4.59899185E-01  1.44826602E+00  9.88366836E-01  2.50000000E-02 -9.60101612E-13  9.34116081E-13 
    1385  6.12500000E+02  8.62500000E+02 -8.32465217E-01  1.82083205E+00  9.88366836E-01  2.50000000E-02 -8.35433405E-13 -1.57803224E-12 
    1386  6.37500000E+02  8.62500000E+02  7.96846529E-01  1.91520307E-01  9.88366836E-01  2.50000000E-02 -2.32329369E-12  2.66685385E-12 
    1387  6.62500000E+02  8.62500000E+02 -5.05845840E-01  1.49421268E+00  9.88366836E-01  2.50000000E-02 -1.82348221E-12  1.11780859E-12 
    1388  6.87500000E+02  8.62500000E+02 -4.27833739E-02  1.03115021E+00  9.88366836E-01  2.50000000E-02 -2.12445758E-12  6.13678561E-12 
    1389  7.12500000E+02  8.62500000E+02  7.18106973E-01  2.70259863E-01  9.88366836E-01  2.50000000E-02 -5.34693828E-12  1.49729659E-13 
    1390  7.37500000E+02  8.62500000E+02  7.37711206E-01  2.50655630E-01  9.88366836E-01  2.50000000E-02 -5.92745132E-12  3.41158178E-12 
    1391  7.62500000E+02  8.62500000E+02 -6.70612918E-01  1.65897975E+00  9.88366836E-01  2.50000000E-02 -5.87151078E-12 -1.36736789E-12 
    1392  7.87500000E+02  8.62500000E+02  9.79470914E-01  8.89592196E-03  9.88366836E-01  2.50000000E-02 -7.27666579E-12  2.96755646E-12 
    1393  8.12500000E+02  8.62500000E+02 -3.75857959E-01  1.36422479E+00  9.88366836E-01  2.50000000E-02 -1.36659963E-12  1.43960030E-12 
    1394  8.37500000E+02  8.62500000E+02 -2.83718146E-02  1.01673865E+00  9.88366836E-01  2.50000000E-02 -1.70685397E-12  8.09624284E-13 
    1395  8.62500000E+02  8.62500000E+02  3.16682222E-01  6.71684614E-01  9.88366836E-01  2.50000000E-02 -1.40738459E-12  1.27536655E-11 
    1396  8.87500000E+02  8.62500000E+02 -4.57398628E-02  1.03410670E+00  9.88366836E-01  2.50000000E-02 -5.59885575E-13  2.20565409E-13 
    1397  9.12500000E+02  8.62500000E+02  6.75266436E-01  3.13100400E-01  9.88366836E-01  2.50000000E-02 -4.18397507E-13  3.79197625E-12 
    1398  9.37500000E+02  8.62500000E+02  2.54067837E-03  9.85826157E-01  9.88366836E-01  2.50000000E-02  4.47047176E-14  2.71666065E-12 
    1399  9.62500000E+02  8.62500000E+02  9.73706620E-01  1.46602161E-02  9.88366836E-01  2.50000000E-02 -3.33532940E-12  3.79535460E-12 
    1400  9.87500000E+02  8.62500000E+02 -7.52633511E-01  1.74100035E+00  9.88366836E-01  2.50000000E-02 -5.36621748E-15  2.55051084E-12 
    1401  1.25000000E+01  8.87500000E+02  5.55101610E-01  4.33265226E-01  9.88366836E-01  2.50000000E-02 -2.31294938E-14  1.88234915E-12 
    1402  3.75000000E+01  8.87500000E+02 -4.67493575E-01  1.45586041E+00  9.88366836E-01  2.50000000E-02 -1.23815444E-13  2.16942921E-13 
    1403  6.25000000E+01  8.87500000E+02  1.29263602E-01  8.59103234E-01  9.88366836E-01  2.50000000E-02 -2.42296614E-13  2.20557735E-13 
    1404  8.75000000E+01  8.87500000E+02 -1.04465240E-01  1.09283208E+00  9.88366836E-01  2.50000000E-02 -3.87722756E-13  1.19988806E-12 
    1405  1.12500000E+02  8.87500000E+02  6.51993856E-01  3.36372980E-01  9.88366836E-01  2.50000000E-02 -8.79879813E-13  1.00459048E-12 
    1406  1.37500000E+02  8.87500000E+02 -3.88128403E-01  1.37649524E+00  9.88366836E-01  2.50000000E-02 -3.50963839E-13  3.16534693E-13 
    1407  1.62500000E+02  8.87500000E+02 -5.24665436E-01  1.51303227E+00  9.88366836E-01  2.50000000E-02 -2.60390372E-13  3.98048309E-13 
    1408  1.87500000E+02  8.87500000E+02 -7.19673157E-01  1.70803999E+00  9.88366836E-01  2.50000000E-02 -3.51694101E-13  7.39772096E-13 
    1409  2.12500000E+02  8.87500000E+02 -2.54747273E-01  1.24311411E+00  9.88366836E-01  2.50000000E-02 -4.08666391E-13  6.57117376E-13 
    1410  2.37500000E+02  8.87500000E+02  6.83815792E-02  9.19985257E-01  9.88366836E-01  2.50000000E-02 -3.64283968E-13  8.21632928E-13 
    1411  2.62500000E+02  8.87500000E+02  8.39491579E-01  1.48875257E-01  9.88366836E-01  2.50000000E-02 -1.18541252E-12  9.04506961E-13 
    1412  2.87500000E+02  8.87500000E+02  1.15899667E-01  8.72467169E-01  9.88366836E-01  2.50000000E-02 -6.17679174E-13  9.60376752E-15 
    1413  3.12500000E+02  8.87500000E+02 -5.96846993E-01  1.58521383E+00  9.88366836E-01  2.50000000E-02 -6.25906140E-13 -4.47964837E-14 
    1414  3.37500000E+02  8.87500000E+02 -4.74669581E-02  1.03583379E+00  9.88366836E-01  2.50000000E-02 -6.68152394E-13  1.80396443E-12 
    1415  3.62500000E+02  8.87500000E+02  9.86726756E-01  1.64007936E-03  9.88366836E-01  2.50000000E-02 -1.03246314E-11  1.07108070E-13 
    1416  3.87500000E+02  8.87500000E+02  2.24678442E-01  7.63688394E-01  9.88366836E-01  2.50000000E-02 -1.25105708E-12  7.70467254E-13 
    1417  4.12500000E+02  8.87500000E+02 -7.30762253E-01  1.71912909E+00  9.88366836E-01  2.50000000E-02 -1.67530883E-12  1.61130420E-13 
    1418  4.37500000E+02  8.87500000E+02  5.75043059E-01  4.13323777E-01  9.88366836E-01  2.50000000E-02 -3.24081196E-12  4.93879219E-13 
    1419  4.62500000E+02  8.87500000E+02 -6.31575044E-01  1.61994188E+00  9.88366836E-01  2.50000000E-02 -3.51673405E-12 -8.62503849E-13 
    1420  4.87500000E+02  8.87500000E+02  1.30468460E-01  8.57898376E-01  9.88366836E-01  2.50000000E-02 -3.48986882E-12 -7.50218400E-13 
    1421  5.12500000E+02  8.87500000E+02 -8.54843183E-02  1.07385115E+00  9.88366836E-01  2.50000000E-02 -3.70448606E-12  8.32070891E-13 
    1422  5.37500000E+02  8.87500000E+02 -4.66690687E-01  1.45505752E+00  9.88366836E-01  2.50000000E-02 -3.79338860E-12  1.35442592E-12 
    1423  5.62500000E+02  8.87500000E+02  1.98478416E-01  7.89888420E-01  9.88366836E-01  2.50000000E-02 -4.23227876E-12  8.67082935E-13 
    1424  5.87500000E+02  8.87500000E+02  6.91373008E-01  2.96993827E-01  9.88366836E-01  2.50000000E-02 -6.68610622E-12  2.03742718E-12 
    1425  6.12500000E+02  8.87500000E+02  4.36357020E-01  5.52009816E-01  9.88366836E-01  2.50000000E-02 -5.27356619E-12 -2.36052786E-12 
    1426  6.37500000E+02  8.87500000E+02 -3.75622754E-01  1.36398959E+00  9.88366836E-01  2.50000000E-02 -4.17786906E-12  2.42770025E-12 
    1427  6.62500000E+02  8.87500000E+02 -4.53691987E-01  1.44205882E+00  9.88366836E-01  2.50000000E-02 -3.75816492E-12  1.11750659E-12 
    1428  6.87500000E+02  8.87500000E+02 -3.82558556E-01  1.37092539E+00  9.88366836E-01  2.50000000E-02 -3.67303358E-12  4.22143753E-12 
    1429  7.12500000E+02  8.87500000E+02  6.95889476E-01  2.92477360E-01  9.88366836E-01  2.50000000E-02 -6.23358693E-12  2.40138875E-13 
    1430  7.37500000E+02  8.87500000E+02 -3.97057235E-02  1.02807256E+00  9.88366836E-01  2.50000000E-02 -5.03453332E-12  3.48065701E-12 
    1431  7.62500000E+02  8.87500000E+02 -3.21406477E-01  1.30977331E+00  9.88366836E-01  2.50000000E-02 -4.82026828E-12 -1.44719445E-12 
    1432  7.87500000E+02  8.87500000E+02 -1.37715400E-01  1.12608224E+00  9.88366836E-01  2.50000000E-02 -5.06016106E-12  2.79258982E-13 
    1433  8.12500000E+02  8.87500000E+02 -1.24653555E-01  1.11302039E+00  9.88366836E-01  2.50000000E-02 -5.58443448E-12  2.15623491E-12 
    1434  8.37500000E+02  8.87500000E+02 -5.31782411E-02  1.04154508E+00  9.88366836E-01  2.50000000E-02 -5.78199642E-12  8.59182403E-13 
    1435  8.62500000E+02  8.87500000E+02 -6.70792831E-01  1.65915967E+00  9.88366836E-01  2.50000000E-02 -5.14489181E-12  9.33699561E-12 
    1436  8.87500000E+02  8.87500000E+02 -1.94368657E-01  1.18273549E+00  9.88366836E-01  2.50000000E-02 -4.67288396E-12 -2.71979790E-13 
    1437  9.12500000E+02  8.87500000E+02 -6.22169355E-02  1.05058377E+00  9.88366836E-01  2.50000000E-02 -4.43837670E-12  1.16879210E-12 
    1438  9.37500000E+02  8.87500000E+02 -2.82240705E-01  1.27060754E+00  9.88366836E-01  2.50000000E-02 -3.60141600E-12  2.63548011E-12 
    1439  9.62500000E+02  8.87500000E+02  1.64184544E-01  8.24182292E-01  9.88366836E-01  2.50000000E-02 -2.33532912E-12 -8.27000899E-13 
    1440  9.87500000E+02  8.87500000E+02 -3.06219751E-02  1.01898881E+00  9.88366836E-01  2.50000000E-02 -8.44709483E-13  2.93830801E-12 
    1441  1.25000000E+01  9.12500000E+02  3.88405572E-01  5.99961264E-01  9.88366836E-01  2.50000000E-02  5.51781153E-14  1.79429165E-12 
    1442  3.75000000E+01  9.12500000E+02  1.51280795E-01  8.37086041E-01  9.88366836E-01  2.50000000E-02 -6.92845830E-14  2.42675685E-13 
    1443  6.25000000E+01  9.12500000E+02 -3.04139805E-01  1.29250664E+00  9.88366836E-01  2.50000000E-02 -2.68895312E-13  3.12614819E-13 
    1444  8.75000000E+01  9.12500000E+02 -7.90098644E-01  1.77846548E+00  9.88366836E-01  2.50000000E-02 -3.26245178E-13  1.07384731E-12 
    1445  1.12500000E+02  9.12500000E+02  7.07785279E-01  2.80581556E-01  9.88366836E-01  2.50000000E-02 -5.56610853E-13  8.79700653E-13 
    1446  1.37500000E+02  9.12500000E+02  8.57594923E-01  1.30771913E-01  9.88366836E-01  2.50000000E-02 -1.23731576E-12  7.76500885E-13 
    1447  1.62500000E+02  9.12500000E+02 -8.07520116E-01  1.79588695E+00  9.88366836E-01  2.50000000E-02 -4.55090300E-13  4.40655818E-13 
    1448  1.87500000E+02  9.12500000E+02  3.35942190E-01  6.52424646E-01  9.88366836E-01  2.50000000E-02 -5.11892699E-13  7.25960978E-13 
    1449  2.12500000E+02  9.12500000E+02 -2.77486749E-01  1.26585358E+00  9.88366836E-01  2.50000000E-02 -3.21763452E-13  5.15736307E-13 
    1450  2.37500000E+02  9.12500000E+02 -3.12058132E-01  1.30042497E+00  9.88366836E-01  2.50000000E-02 -1.35625445E-13  5.91301811E-13 
    1451  2.62500000E+02  9.12500000E+02 -3.83367170E-01  1.37173401E+00  9.88366836E-01  2.50000000E-02 -1.00150700E-13 -5.64598490E-14 
    1452  2.87500000E+02  9.12500000E+02  8.70565118E-01  1.17801718E-01  9.88366836E-01  2.50000000E-02 -1.63134106E-12  9.17133418E-13 
    1453  3.12500000E+02  9.12500000E+02 -7.50646418E-01  1.73901325E+00  9.88366836E-01  2.50000000E-02 -1.86029110E-12  1.52023307E-13 
    1454  3.37500000E+02  9.12500000E+02  4.16096782E-01  5.72270053E-01  9.88366836E-01  2.50000000E-02 -1.94664005E-12  1.74130322E-12 
    1455  3.62500000E+02  9.12500000E+02 -3.92942277E-01  1.38130911E+00  9.88366836E-01  2.50000000E-02 -1.72812467E-12  2.66595100E-12 
    1456  3.87500000E+02  9.12500000E+02 -9.57833220E-01  1.94620006E+00  9.88366836E-01  2.50000000E-02 -1.61095731E-12  1.23708691E-12 
    1457  4.12500000E+02  9.12500000E+02 -3.25219041E-01  1.31358588E+00  9.88366836E-01  2.50000000E-02 -1.77158109E-12 -1.84543869E-14 
    1458  4.37500000E+02  9.12500000E+02  2.64936649E-01  7.23430187E-01  9.88366836E-01  2.50000000E-02 -2.55423827E-12 -2.06125768E-13 
    1459  4.62500000E+02  9.12500000E+02  6.83520915E-01  3.04845920E-01  9.88366836E-01  2.50000000E-02 -3.72258777E-12 -9.50902090E-13 
    1460  4.87500000E+02  9.12500000E+02 -8.15006038E-02  1.06986744E+00  9.88366836E-01  2.50000000E-02 -2.24378513E-12 -2.29017877E-13 
    1461  5.12500000E+02  9.12500000E+02 -5.83436561E-01  1.57180340E+00  9.88366836E-01  2.50000000E-02 -2.15784891E-12  1.14274516E-12 
    1462  5.37500000E+02  9.12500000E+02 -8.37726170E-01  1.82609301E+00  9.88366836E-01  2.50000000E-02 -2.06262011E-12  8.43062586E-13 
    1463  5.62500000E+02  9.12500000E+02 -5.10982256E-01  1.49934909E+00  9.88366836E-01  2.50000000E-02 -2.20495283E-12 -3.49148169E-13 
    1464  5.87500000E+02  9.12500000E+02  2.44398885E-01  7.43967951E-01  9.88366836E-01  2.50000000E-02 -3.63321977E-12  1.71322115E-12 
    1465  6.12500000E+02  9.12500000E+02 -9.47668472E-01  1.93603531E+00  9.88366836E-01  2.50000000E-02 -2.98164917E-12 -1.85236961E-12 
    1466  6.37500000E+02  9.12500000E+02 -5.51132154E-01  1.53949899E+00  9.88366836E-01  2.50000000E-02 -2.76081914E-12  2.05150710E-12 
    1467  6.62500000E+02  9.12500000E+02  5.83388787E-01  4.04978049E-01  9.88366836E-01  2.50000000E-02 -4.29024949E-12  1.45794852E-12 
    1468  6.87500000E+02  9.12500000E+02  1.67800515E-01  8.20566320E-01  9.88366836E-01  2.50000000E-02 -4.25552076E-12  2.35507168E-12 
    1469  7.12500000E+02  9.12500000E+02  7.84184367E-01  2.04182469E-01  9.88366836E-01  2.50000000E-02 -2.82261676E-12 -6.84548714E-13 
    1470  7.37500000E+02  9.12500000E+02 -4.43871320E-02  1.03275397E+00  9.88366836E-01  2.50000000E-02  4.79003169E-13  3.35097782E-12 
    1471  7.62500000E+02  9.12500000E+02 -2.68744283E-01  1.25711112E+00  9.88366836E-01  2.50000000E-02  7.74656991E-13 -1.44652905E-12 
    1472  7.87500000E+02  9.12500000E+02 -9.53819213E-03  9.97905028E-01  9.88366836E-01  2.50000000E-02  7.91421082E-13  2.31695582E-13 
    1473  8.12500000E+02  9.12500000E+02 -4.55987203E-01  1.44435404E+00  9.88366836E-01  2.50000000E-02  6.49886029E-13  2.15503659E-12 
    1474  8.37500000E+02  9.12500000E+02  7.36070775E-01  2.52296060E-01  9.88366836E-01  2.50000000E-02 -6.10166041E-13  1.59974875E-12 
    1475  8.62500000E+02  9.12500000E+02  7.59808647E-02  9.12385971E-01  9.88366836E-01  2.50000000E-02  1.62760241E-12  7.42618988E-12 
    1476  8.87500000E+02  9.12500000E+02 -9.92158611E-01  1.98052545E+00  9.88366836E-01  2.50000000E-02  1.78961155E-12 -3.22200802E-13 
    1477  9.12500000E+02  9.12500000E+02  3.02283360E-01  6.86083476E-01  9.88366836E-01  2.50000000E-02  1.48393369E-12  1.05069627E-12 
    1478  9.37500000E+02  9.12500000E+02  9.20759821E-01  6.76070151E-02  9.88366836E-01  2.50000000E-02  2.08441672E-12  1.83944902E-12 
    1479  9.62500000E+02  9.12500000E+02 -5.80980122E-01  1.56934696E+00  9.88366836E-01  2.50000000E-02 -8.61209997E-13 -7.97994190E-13 
    1480  9.87500000E+02  9.12500000E+02  5.28786169E-01  4.59580667E-01  9.88366836E-01  2.50000000E-02 -4.93653521E-13  2.03363422E-12 
    1481  1.25000000E+01  9.37500000E+02  7.34919795E-01  2.53447040E-01  9.88366836E-01  2.50000000E-02  2.27939533E-13  2.05170399E-12 
    1482  3.75000000E+01  9.37500000E+02 -8.75809183E-01  1.86417602E+00  9.88366836E-01  2.50000000E-02  1.38138824E-13  1.29273270E-13 
    1483  6.25000000E+01  9.37500000E+02  4.82332735E-01  5.06034101E-01  9.88366836E-01  2.50000000E-02 -3.95910759E-14  5.66191300E-13 
    1484  8.75000000E+01  9.37500000E+02  2.98046826E-01  6.90320009E-01  9.88366836E-01  2.50000000E-02 -9.52017801E-14  8.77789543E-13 
    1485  1.12500000E+02  9.37500000E+02  9.53217469E-01  3.51493673E-02  9.88366836E-01  2.50000000E-02 -7.98046731E-13  7.90377966E-13 
    1486  1.37500000E+02  9.37500000E+02  1.48860910E-01  8.39505926E-01  9.88366836E-01  2.50000000E-02 -5.92216065E-13  2.81370373E-14 
    1487  1.62500000E+02  9.37500000E+02  6.29629172E-01  3.58737664E-01  9.88366836E-01  2.50000000E-02 -6.08229540E-13  9.70744205E-13 
    1488  1.87500000E+02  9.37500000E+02 -3.04770272E-01  1.29313711E+00  9.88366836E-01  2.50000000E-02 -7.74857789E-13  3.31350729E-13 
    1489  2.12500000E+02  9.37500000E+02  8.65550920E-01  1.22815916E-01  9.88366836E-01  2.50000000E-02 -1.50508861E-12  1.39512894E-12 
    1490  2.37500000E+02  9.37500000E+02  8.68394624E-01  1.19972212E-01  9.88366836E-01  2.50000000E-02 -1.84918645E-12  9.67062392E-13 
    1491  2.62500000E+02  9.37500000E+02 -8.26868350E-01  1.81523519E+00  9.88366836E-01  2.50000000E-02 -4.01193260E-13  2.15340741E-14 
    1492  2.87500000E+02  9.37500000E+02 -9.47225403E-01  1.93559224E+00  9.88366836E-01  2.50000000E-02 -5.80022278E-13  3.77552781E-13 
    1493  3.12500000E+02  9.37500000E+02 -1.30141149E-01  1.11850799E+00  9.88366836E-01  2.50000000E-02 -1.15167613E-12  4.75692309E-13 
    1494  3.37500000E+02  9.37500000E+02  2.38649677E-01  7.49717158E-01  9.88366836E-01  2.50000000E-02 -1.81515282E-12  1.32913598E-12 
    1495  3.62500000E+02  9.37500000E+02  6.68767066E-01  3.19599770E-01  9.88366836E-01  2.50000000E-02 -3.47510921E-12  2.64248950E-12 
    1496  3.87500000E+02  9.37500000E+02  4.87360395E-01  5.01006441E-01  9.88366836E-01  2.50000000E-02 -3.46878594E-12  1.69821819E-12 
    1497  4.12500000E+02  9.37500000E+02  2.94828656E-01  6.93538180E-01  9.88366836E-01  2.50000000E-02 -3.35642946E-12 -5.29482841E-13 
    1498  4.37500000E+02  9.37500000E+02  1.98095948E-01  7.90270888E-01  9.88366836E-01  2.50000000E-02 -3.48919656E-12 -5.31902625E-13 
    1499  4.62500000E+02  9.37500000E+02 -9.78490582E-01  1.96685742E+00  9.88366836E-01  2.50000000E-02 -2.23156712E-12  2.58135687E-14 
    1500  4.87500000E+02  9.37500000E+02 -9.35325731E-01  1.92369257E+00  9.88366836E-01  2.50000000E-02 -1.89567818E-12  2.07014802E-13 
    1501  5.12500000E+02  9.37500000E+02 -9.56784893E-01  1.94515173E+00  9.88366836E-01  2.50000000E-02 -2.18535476E-12  1.19309040E-12 
    1502  5.37500000E+02  9.37500000E+02  2.98263193E-01  6.90103643E-01  9.88366836E-01  2.50000000E-02 -3.51907231E-12  8.09208777E-13 
    1503  5.62500000E+02  9.37500000E+02  3.15803437E-01  6.72563399E-01  9.88366836E-01  2.50000000E-02 -4.09036853E-12 -7.16794443E-13 
    1504  5.87500000E+02  9.37500000E+02 -4.35304940E-01  1.42367178E+00  9.88366836E-01  2.50000000E-02 -5.31884991E-12  1.49749741E-12 
    1505  6.12500000E+02  9.37500000E+02  6.58213495E-01  3.30153341E-01  9.88366836E-01  2.50000000E-02 -7.73881092E-12 -1.26640434E-12 
    1506  6.37500000E+02  9.37500000E+02  2.65929123E-01  7.22437712E-01  9.88366836E-01  2.50000000E-02 -6.14011472E-12  1.90733891E-12 
    1507  6.62500000E+02  9.37500000E+02  2.53591048E-01  7.34775788E-01  9.88366836E-01  2.50000000E-02 -6.25672906E-12  1.45531769E-12 
    1508  6.87500000E+02  9.37500000E+02  4.20484636E-01  5.67882200E-01  9.88366836E-01  2.50000000E-02 -6.75660750E-12  1.69260582E-12 
    1509  7.12500000E+02  9.37500000E+02  9.27306853E-02  8.95636151E-01  9.88366836E-01  2.50000000E-02 -5.75543541E-12 -6.66393998E-13 
    1510  7.37500000E+02  9.37500000E+02  2.49961450E-01  7.38405386E-01  9.88366836E-01  2.50000000E-02 -4.71855539E-12  2.79626486E-12 
    1511  7.62500000E+02  9.37500000E+02 -6.40387268E-01  1.62875410E+00  9.88366836E-01  2.50000000E-02 -3.26983737E-12 -1.35522605E-12 
    1512  7.87500000E+02  9.37500000E+02 -7.41023022E-01  1.72938986E+00  9.88366836E-01  2.50000000E-02 -3.05736651E-12  2.09143138E-13 
    1513  8.12500000E+02  9.37500000E+02 -6.82917758E-01  1.67128459E+00  9.88366836E-01  2.50000000E-02 -3.25300984E-12  2.05687248E-12 
    1514  8.37500000E+02  9.37500000E+02  1.12980395E-01  8.75386441E-01  9.88366836E-01  2.50000000E-02 -3.90121045E-12  1.73350911E-12 
    1515  8.62500000E+02  9.37500000E+02  2.45730310E-01  7.42636526E-01  9.88366836E-01  2.50000000E-02 -3.04831136E-12  5.52111125E-12 
    1516  8.87500000E+02  9.37500000E+02 -2.26569120E-01  1.21493596E+00  9.88366836E-01  2.50000000E-02 -1.48192491E-12 -8.72505998E-14 
    1517  9.12500000E+02  9.37500000E+02 -5.49723705E-01  1.53809054E+00  9.88366836E-01  2.50000000E-02 -1.06171946E-12  1.10647220E-12 
    1518  9.37500000E+02  9.37500000E+02 -2.41878206E-01  1.23024504E+00  9.88366836E-01  2.50000000E-02 -8.09929540E-13 -7.42995740E-13 
    1519  9.62500000E+02  9.37500000E+02  5.59834469E-01  4.28532367E-01  9.88366836E-01  2.50000000E-02 -5.24081308E-13 -8.69916062E-13 
    1520  9.87500000E+02  9.37500000E+02 -6.51116848E-01  1.63948368E+00  9.88366836E-01  2.50000000E-02 -6.52222089E-14  3.13991801E-13 
    1521  1.25000000E+01  9.62500000E+02  8.96722093E-01  9.16447424E-02  9.88366836E-01  2.50000000E-02 -4.27842538E-13  1.85471837E-12 
    1522  3.75000000E+01  9.62500000E+02 -8.42159858E-01  1.83052669E+00  9.88366836E-01  2.50000000E-02 -1.05795208E-12  1.14028425E-13 
    1523  6.25000000E+01  9.62500000E+02  7.35773468E-01  2.52593368E-01  9.88366836E-01  2.50000000E-02 -1.35864526E-12  6.29281021E-13 
    1524  8.75000000E+01  9.62500000E+02 -4.75535013E-01  1.46390185E+00  9.88366836E-01  2.50000000E-02 -1.34096757E-12  7.31302217E-13 
    1525  1.12500000E+02  9.62500000E+02  7.68205346E-01  2.20161490E-01  9.88366836E-01  2.50000000E-02 -1.18600192E-12 -4.23550617E-13 
    1526  1.37500000E+02  9.62500000E+02 -3.04672445E-01  1.29303928E+00  9.88366836E-01  2.50000000E-02 -1.06940791E-12 -4.09070775E-14 
    1527  1.62500000E+02  9.62500000E+02  5.74915790E-01  4.13451046E-01  9.88366836E-01  2.50000000E-02 -9.56606108E-13  5.27781356E-13 
    1528  1.87500000E+02  9.62500000E+02 -3.92427551E-01  1.38079439E+00  9.88366836E-01  2.50000000E-02 -6.29411512E-13  2.12771007E-13 
    1529  2.12500000E+02  9.62500000E+02 -5.88412673E-02  1.04720810E+00  9.88366836E-01  2.50000000E-02 -7.02916847E-13 -1.21014981E-14 
    1530  2.37500000E+02  9.62500000E+02  5.45428619E-01  4.42938217E-01  9.88366836E-01  2.50000000E-02 -1.43423325E-12  6.69765353E-14 
    1531  2.62500000E+02  9.62500000E+02 -7.43832154E-02  1.06275005E+00  9.88366836E-01  2.50000000E-02 -1.07740280E-12  2.59910974E-13 
    1532  2.87500000E+02  9.62500000E+02 -8.95814017E-02  1.07794824E+00  9.88366836E-01  2.50000000E-02 -1.11680849E-12  2.83181360E-13 
    1533  3.12500000E+02  9.62500000E+02  3.83351312E-01  6.05015524E-01  9.88366836E-01  2.50000000E-02 -1.58455334E-12  4.04532861E-13 
    1534  3.37500000E+02  9.62500000E+02  1.64148860E-01  8.24217976E-01  9.88366836E-01  2.50000000E-02 -1.81939352E-12  7.23540700E-13 
    1535  3.62500000E+02  9.62500000E+02  6.71659560E-01  3.16707276E-01  9.88366836E-01  2.50000000E-02 -1.99849474E-12  2.06993659E-12 
    1536  3.87500000E+02  9.62500000E+02  5.99661382E-01  3.88705453E-01  9.88366836E-01  2.50000000E-02 -1.87653641E-12  1.77029835E-12 
    1537  4.12500000E+02  9.62500000E+02  9.46653930E-01  4.17129062E-02  9.88366836E-01  2.50000000E-02 -7.66798315E-12  2.51153981E-12 
    1538  4.37500000E+02  9.62500000E+02  8.56148547E-01  1.32218289E-01  9.88366836E-01  2.50000000E-02 -7.85036343E-12  1.10789447E-12 
    1539  4.62500000E+02  9.62500000E+02 -9.11244148E-01  1.89961098E+00  9.88366836E-01  2.50000000E-02 -5.19286905E-12  1.11897650E-13 
    1540  4.87500000E+02  9.62500000E+02  7.41694063E-01  2.46672773E-01  9.88366836E-01  2.50000000E-02 -4.46737387E-12  3.37669705E-13 
    1541  5.12500000E+02  9.62500000E+02  2.66200869E-01  7.22165967E-01  9.88366836E-01  2.50000000E-02 -4.94753528E-12  5.76406297E-13 
    1542  5.37500000E+02  9.62500000E+02  7.96732860E-01  1.91633975E-01  9.88366836E-01  2.50000000E-02 -5.26570914E-12  1.37393209E-12 
    1543  5.62500000E+02  9.62500000E+02  5.98661757E-01  3.89705078E-01  9.88366836E-01  2.50000000E-02 -4.40543308E-12  1.06468347E-13 
    1544  5.87500000E+02  9.62500000E+02  6.19124027E-01  3.69242809E-01  9.88366836E-01  2.50000000E-02 -3.82289259E-12  1.18864700E-12 
    1545  6.12500000E+02  9.62500000E+02 -4.32051852E-01  1.42041869E+00  9.88366836E-01  2.50000000E-02 -1.60375559E-12 -1.01061136E-12 
    1546  6.37500000E+02  9.62500000E+02 -7.08649779E-01  1.69701661E+00  9.88366836E-01  2.50000000E-02 -1.34332785E-12  1.98243194E-12 
    1547  6.62500000E+02  9.62500000E+02  5.82485926E-01  4.05880910E-01  9.88366836E-01  2.50000000E-02 -1.43054970E-12  7.08811637E-13 
    1548  6.87500000E+02  9.62500000E+02  9.49551748E-01  3.88150876E-02  9.88366836E-01  2.50000000E-02 -5.38825940E-12  3.75486095E-12 
    1549  7.12500000E+02  9.62500000E+02  6.77367560E-01  3.10999275E-01  9.88366836E-01  2.50000000E-02 -2.21274482E-12  1.71614481E-13 
    1550  7.37500000E+02  9.62500000E+02  5.27567504E-01  4.60799332E-01  9.88366836E-01  2.50000000E-02 -1.26082568E-12  1.75179035E-12 
    1551  7.62500000E+02  9.62500000E+02  5.84450674E-01  4.03916162E-01  9.88366836E-01  2.50000000E-02 -1.01902260E-12 -2.47896304E-13 
    1552  7.87500000E+02  9.62500000E+02  1.27239764E-01  8.61127072E-01  9.88366836E-01  2.50000000E-02 -1.21032378E-12  2.31709070E-13 
    1553  8.12500000E+02  9.62500000E+02  4.08184924E-01  5.80181912E-01  9.88366836E-01  2.50000000E-02 -1.15366395E-12  1.63212773E-12 
    1554  8.37500000E+02  9.62500000E+02  9.69415757E-01  1.89510785E-02  9.88366836E-01  2.50000000E-02 -3.42112164E-12  2.01698689E-12 
    1555  8.62500000E+02  9.62500000E+02 -4.55126912E-01  1.44349375E+00  9.88366836E-01  2.50000000E-02  1.18657334E-12  2.73662033E-12 
    1556  8.87500000E+02  9.62500000E+02 -3.50936499E-02  1.02346049E+00  9.88366836E-01  2.50000000E-02  1.21689833E-12 -2.18664946E-14 
    1557  9.12500000E+02  9.62500000E+02  3.37572878E-01  6.50793958E-01  9.88366836E-01  2.50000000E-02  1.26983632E-12  5.05115898E-13 
    1558  9.37500000E+02  9.62500000E+02 -8.75588298E-01  1.86395513E+00  9.88366836E-01  2.50000000E-02  1.17101310E-12 -5.68843369E-13 
    1559  9.62500000E+02  9.62500000E+02  4.93574482E-01  4.94792354E-01  9.88366836E-01  2.50000000E-02  5.28473275E-13 -7.45965219E-13 
    1560  9.87500000E+02  9.62500000E+02 -5.51021495E-01  1.53938833E+00  9.88366836E-01  2.50000000E-02  1.22601206E-14  1.55253353E-13 
    1561  1.25000000E+01  9.87500000E+02  7.80190091E-01  2.08176745E-01  9.88366836E-01  2.50000000E-02 -1.14502309E-13  3.04977518E-13 
    1562  3.75000000E+01  9.87500000E+02 -1.81548055E-02  1.00652164E+00  9.88366836E-01  2.50000000E-02 -1.92088869E-13  9.14924717E-14 
    1563  6.25000000E+01  9.87500000E+02  7.71319893E-01  2.17046943E-01  9.88366836E-01  2.50000000E-02 -3.00182185E-13  2.98758081E-13 
    1564  8.75000000E+01  9.87500000E+02  8.88495144E-01  9.98716920E-02  9.88366836E-01  2.50000000E-02 -1.01418177E-12  6.00527638E-13 
    1565  1.12500000E+02  9.87500000E+02  4.92368360E-01  4.95998476E-01  9.88366836E-01  2.50000000E-02 -8.28346604E-13 -9.67627932E-14 
    1566  1.37500000E+02  9.87500000E+02 -4.30424939E-01  1.41879177E+00  9.88366836E-01  2.50000000E-02 -5.12272644E-13 -3.04317096E-14 
    1567  1.62500000E+02  9.87500000E+02 -5.44610253E-01  1.53297709E+00  9.88366836E-01  2.50000000E-02 -5.65429329E-13  3.82764851E-14 
    1568  1.87500000E+02  9.87500000E+02  1.28043422E-01  8.60323413E-01  9.88366836E-01  2.50000000E-02 -9.32508218E-13  1.34627331E-13 
    1569  2.12500000E+02  9.87500000E+02  4.76008640E-01  5.12358196E-01  9.88366836E-01  2.50000000E-02 -1.44900184E-12 -5.97789595E-14 
    1570  2.37500000E+02  9.87500000E+02 -2.24396448E-01  1.21276328E+00  9.88366836E-01  2.50000000E-02 -1.64971754E-12  4.18313365E-15 
    1571  2.62500000E+02  9.87500000E+02  3.63342812E-01  6.25024024E-01  9.88366836E-01  2.50000000E-02 -1.52614296E-12  2.38419913E-13 
    1572  2.87500000E+02  9.87500000E+02  1.71146563E-01  8.17220273E-01  9.88366836E-01  2.50000000E-02 -1.24445307E-12  8.56313222E-14 
    1573  3.12500000E+02  9.87500000E+02 -2.55419759E-01  1.24378659E+00  9.88366836E-01  2.50000000E-02 -8.60477814E-13  8.12996081E-14 
    1574  3.37500000E+02  9.87500000E+02 -8.66685646E-01  1.85505248E+00  9.88366836E-01  2.50000000E-02 -5.90047478E-13  9.90918826E-14 
    1575  3.62500000E+02  9.87500000E+02 -4.65567840E-01  1.45393468E+00  9.88366836E-01  2.50000000E-02 -3.81646466E-13  1.39753794E-13 
    1576  3.87500000E+02  9.87500000E+02 -4.61431498E-01  1.44979833E+00  9.88366836E-01  2.50000000E-02 -1.96172828E-13  1.39241451E-13 
    1577  4.12500000E+02  9.87500000E+02 -2.80989792E-01  1.26935663E+00  9.88366836E-01  2.50000000E-02 -1.49971804E-13  1.64644626E-14 
    1578  4.37500000E+02  9.87500000E+02  7.01271443E-01  2.87095393E-01  9.88366836E-01  2.50000000E-02 -6.23884351E-13  6.25386231E-13 
    1579  4.62500000E+02  9.87500000E+02  9.85313228E-01  3.05360808E-03  9.88366836E-01  2.50000000E-02 -1.25264966E-11  1.60605180E-11 
    1580  4.87500000E+02  9.87500000E+02 -5.00564128E-01  1.48893096E+00  9.88366836E-01  2.50000000E-02 -2.05083448E-13  1.41872945E-14 
    1581  5.12500000E+02  9.87500000E+02  4.67460687E-02  9.41620767E-01  9.88366836E-01  2.50000000E-02 -1.53231250E-13  1.43803421E-13 
    1582  5.37500000E+02  9.87500000E+02 -3.67814905E-01  1.35618174E+00  9.88366836E-01  2.50000000E-02 -8.94258500E-14  4.61137840E-14 
    1583  5.62500000E+02  9.87500000E+02 -2.25677842E-01  1.21404468E+00  9.88366836E-01  2.50000000E-02 -8.36579862E-14  8.26663876E-14 
    1584  5.87500000E+02  9.87500000E+02  9.68637570E-01  1.97292654E-02  9.88366836E-01  2.50000000E-02 -5.50937688E-12  1.61146283E-12 
    1585  6.12500000E+02  9.87500000E+02  8.61150098E-01  1.27216738E-01  9.88366836E-01  2.50000000E-02 -2.82919749E-12  4.60020082E-14 
    1586  6.37500000E+02  9.87500000E+02  4.40708159E-01  5.47658677E-01  9.88366836E-01  2.50000000E-02 -3.14292846E-13  4.08716780E-13 
    1587  6.62500000E+02  9.87500000E+02 -4.93636618E-01  1.48200345E+00  9.88366836E-01  2.50000000E-02 -1.54892142E-13  7.11921508E-15 
    1588  6.87500000E+02  9.87500000E+02  2.86862288E-02  9.59680607E-01  9.88366836E-01  2.50000000E-02 -2.86354968E-13  1.85673395E-14 
    1589  7.12500000E+02  9.87500000E+02  8.13472892E-01  1.74893944E-01  9.88366836E-01  2.50000000E-02 -1.48394217E-12  4.99841529E-13 
    1590  7.37500000E+02  9.87500000E+02 -1.47160918E-01  1.13552775E+00  9.88366836E-01  2.50000000E-02  2.63197890E-14  2.47333082E-13 
    1591  7.62500000E+02  9.87500000E+02 -4.87373231E-01  1.47574007E+00  9.88366836E-01  2.50000000E-02  2.37265825E-14 -2.15137495E-14 
    1592  7.87500000E+02  9.87500000E+02  1.47170481E-01  8.41196355E-01  9.88366836E-01  2.50000000E-02 -1.53486288E-13  1.10157392E-13 
    1593  8.12500000E+02  9.87500000E+02  7.84715252E-01  2.03651584E-01  9.88366836E-01  2.50000000E-02 -4.23824571E-13  4.96116454E-13 
    1594  8.37500000E+02  9.87500000E+02  8.76695779E-01  1.11671057E-01  9.88366836E-01  2.50000000E-02 -1.17751928E-12  1.19475162E-14 
    1595  8.62500000E+02  9.87500000E+02 -4.94772749E-03  9.93314563E-01  9.88366836E-01  2.50000000E-02  1.21105198E-12  8.54844497E-13 
    1596  8.87500000E+02  9.87500000E+02 -3.80833447E-01  1.36920028E+00  9.88366836E-01  2.50000000E-02  1.07616421E-12  4.07757714E-14 
    1597  9.12500000E+02  9.87500000E+02 -7.36947486E-01  1.72531432E+00  9.88366836E-01  2.50000000E-02  8.40368021E-13  6.56919423E-14 
    1598  9.37500000E+02  9.87500000E+02 -7.00983651E-01  1.68935049E+00  9.88366836E-01  2.50000000E-02  8.06804579E-13 -2.22274754E-13 
    1599  9.62500000E+02  9.87500000E+02  5.93900250E-01  3.94466586E-01  9.88366836E-01  2.50000000E-02  6.34250533E-13 -2.09474725E-13 
    1600  9.87500000E+02  9.87500000E+02  6.22605174E-01  3.65761662E-01  9.88366836E-01  2.50000000E-02  9.89262772E-14  1.28226198E-13 
