 # Gnuplot DataFile Version
 # i x y bathy h zs Manning u v
       1  1.25000000E+01  1.25000000E+01  4.46335605E-01  5.42031230E-01  9.88366836E-01  2.50000000E-02 -1.27361208E-13 -2.25338111E-13 
       2  3.75000000E+01  1.25000000E+01 -6.05345608E-03  9.94420292E-01  9.88366836E-01  2.50000000E-02  2.83371454E-13 -5.10721138E-13 
       3  6.25000000E+01  1.25000000E+01 -5.49514821E-01  1.53788166E+00  9.88366836E-01  2.50000000E-02  5.26779887E-13 -1.23231696E-14 
       4  8.75000000E+01  1.25000000E+01  7.91149585E-01  1.97217250E-01  9.88366836E-01  2.50000000E-02 -2.67202537E-12  2.46610548E-12 
       5  1.12500000E+02  1.25000000E+01  6.13669961E-02  9.26999840E-01  9.88366836E-01  2.50000000E-02 -4.81548063E-12 -2.54744769E-15 
       6  1.37500000E+02  1.25000000E+01  6.27517616E-01  3.60849220E-01  9.88366836E-01  2.50000000E-02  3.77156767E-12 -8.58608849E-12 
       7  1.62500000E+02  1.25000000E+01  2.46381453E-01  7.41985383E-01  9.88366836E-01  2.50000000E-02  6.62677131E-12  8.22052112E-13 
       8  1.87500000E+02  1.25000000E+01  3.71292612E-01  6.17074224E-01  9.88366836E-01  2.50000000E-02  3.03978466E-12  4.10779238E-12 
       9  2.12500000E+02  1.25000000E+01  9.46004258E-01  4.23625779E-02  9.88366836E-01  2.50000000E-02 -7.86920061E-11  7.49878372E-12 
      10  2.37500000E+02  1.25000000E+01  5.74937168E-01  4.13429667E-01  9.88366836E-01  2.50000000E-02 -5.20835837E-11  2.03865572E-11 
      11  2.62500000E+02  1.25000000E+01  4.39255120E-02  9.44441324E-01  9.88366836E-01  2.50000000E-02 -2.16339613E-11 -4.42909428E-12 
      12  2.87500000E+02  1.25000000E+01 -4.09949661E-02  1.02936180E+00  9.88366836E-01  2.50000000E-02 -1.18245919E-11 -4.07010355E-12 
      13  3.12500000E+02  1.25000000E+01  4.38687919E-01  5.49678917E-01  9.88366836E-01  2.50000000E-02 -9.42439826E-12  2.38562062E-13 
      14  3.37500000E+02  1.25000000E+01 -7.91228831E-02  1.06748972E+00  9.88366836E-01  2.50000000E-02 -1.62564654E-12 -4.05482471E-12 
      15  3.62500000E+02  1.25000000E+01  2.44044062E-01  7.44322773E-01  9.88366836E-01  2.50000000E-02  8.13109018E-12 -4.47340563E-12 
      16  3.87500000E+02  1.25000000E+01 -6.85643526E-01  1.67401036E+00  9.88366836E-01  2.50000000E-02  1.50107956E-11 -2.10382031E-12 
      17  4.12500000E+02  1.25000000E+01  2.59727577E-02  9.62394078E-01  9.88366836E-01  2.50000000E-02  1.83349760E-11 -1.76614684E-12 
      18  4.37500000E+02  1.25000000E+01 -5.16011811E-01  1.50437865E+00  9.88366836E-01  2.50000000E-02  1.55495027E-11 -3.61602587E-13 
      19  4.62500000E+02  1.25000000E+01 -9.20531819E-01  1.90889865E+00  9.88366836E-01  2.50000000E-02  1.76389948E-11 -4.89438396E-13 
      20  4.87500000E+02  1.25000000E+01  2.92289694E-01  6.96077142E-01  9.88366836E-01  2.50000000E-02  3.23020436E-11 -8.28431530E-13 
      21  5.12500000E+02  1.25000000E+01 -6.29697380E-01  1.61806422E+00  9.88366836E-01  2.50000000E-02  2.98528935E-11 -1.28332541E-13 
      22  5.37500000E+02  1.25000000E+01  1.38086539E-01  8.50280296E-01  9.88366836E-01  2.50000000E-02  2.54442816E-11  1.68485402E-12 
      23  5.62500000E+02  1.25000000E+01 -7.46759496E-01  1.73512633E+00  9.88366836E-01  2.50000000E-02  2.84535618E-11  1.60612214E-12 
      24  5.87500000E+02  1.25000000E+01  7.38600993E-01  2.49765843E-01  9.88366836E-01  2.50000000E-02  5.44626386E-11  3.12555578E-12 
      25  6.12500000E+02  1.25000000E+01 -7.02905248E-01  1.69127208E+00  9.88366836E-01  2.50000000E-02  5.20475078E-11  9.40710808E-13 
      26  6.37500000E+02  1.25000000E+01  8.08237824E-01  1.80129012E-01  9.88366836E-01  2.50000000E-02  4.85564311E-11  1.84011273E-12 
      27  6.62500000E+02  1.25000000E+01  2.71836042E-01  7.16530794E-01  9.88366836E-01  2.50000000E-02  2.24613204E-11 -4.21350410E-12 
      28  6.87500000E+02  1.25000000E+01  1.36223681E-01  8.52143155E-01  9.88366836E-01  2.50000000E-02  2.12376779E-11 -3.28438190E-12 
      29  7.12500000E+02  1.25000000E+01 -3.85249797E-01  1.37361663E+00  9.88366836E-01  2.50000000E-02  1.89388353E-11 -6.06662105E-13 
      30  7.37500000E+02  1.25000000E+01 -2.31877380E-01  1.22024422E+00  9.88366836E-01  2.50000000E-02  1.63564607E-11  2.67258821E-12 
      31  7.62500000E+02  1.25000000E+01  1.13778251E-01  8.74588585E-01  9.88366836E-01  2.50000000E-02  1.46219886E-11  8.09999289E-13 
      32  7.87500000E+02  1.25000000E+01 -2.03716185E-01  1.19208302E+00  9.88366836E-01  2.50000000E-02  1.08976288E-11  2.71424463E-13 
      33  8.12500000E+02  1.25000000E+01 -8.01970376E-01  1.79033721E+00  9.88366836E-01  2.50000000E-02  7.98209152E-12  6.08249539E-13 
      34  8.37500000E+02  1.25000000E+01 -2.45458514E-01  1.23382535E+00  9.88366836E-01  2.50000000E-02  6.94872609E-12  2.24862678E-12 
      35  8.62500000E+02  1.25000000E+01  6.55172082E-01  3.33194753E-01  9.88366836E-01  2.50000000E-02  6.16243323E-12  1.05563072E-12 
      36  8.87500000E+02  1.25000000E+01 -7.59466771E-01  1.74783361E+00  9.88366836E-01  2.50000000E-02  2.02090634E-12 -1.85181804E-13 
      37  9.12500000E+02  1.25000000E+01 -1.48571111E-01  1.13693795E+00  9.88366836E-01  2.50000000E-02  1.45816647E-12  5.13205657E-15 
      38  9.37500000E+02  1.25000000E+01 -9.38289085E-01  1.92665592E+00  9.88366836E-01  2.50000000E-02  1.47590335E-12  3.53652046E-14 
      39  9.62500000E+02  1.25000000E+01  6.10300161E-01  3.78066674E-01  9.88366836E-01  2.50000000E-02  1.78815454E-12  1.03077081E-13 
      40  9.87500000E+02  1.25000000E+01 -2.47851854E-01  1.23621869E+00  9.88366836E-01  2.50000000E-02  1.81357011E-13  5.92792558E-14 
      41  1.25000000E+01  3.75000000E+01 -5.98248598E-03  9.94349322E-01  9.88366836E-01  2.50000000E-02  2.35854500E-13 -9.15590959E-13 
      42  3.75000000E+01  3.75000000E+01 -2.67561176E-01  1.25592801E+00  9.88366836E-01  2.50000000E-02  1.12217115E-12 -1.78307662E-12 
      43  6.25000000E+01  3.75000000E+01 -5.60496726E-01  1.54886356E+00  9.88366836E-01  2.50000000E-02  2.05613584E-12 -7.40402355E-14 
      44  8.75000000E+01  3.75000000E+01  6.36443375E-01  3.51923461E-01  9.88366836E-01  2.50000000E-02  5.21555219E-12  6.69999495E-12 
      45  1.12500000E+02  3.75000000E+01  9.86166516E-01  2.20032003E-03  9.88366836E-01  2.50000000E-02 -1.40095282E-10 -6.10934285E-11 
      46  1.37500000E+02  3.75000000E+01 -5.10431734E-01  1.49879857E+00  9.88366836E-01  2.50000000E-02  4.71239958E-12 -1.63156115E-11 
      47  1.62500000E+02  3.75000000E+01 -4.55747954E-01  1.44411479E+00  9.88366836E-01  2.50000000E-02 -1.32246147E-12  9.72345969E-12 
      48  1.87500000E+02  3.75000000E+01 -9.26617771E-01  1.91498461E+00  9.88366836E-01  2.50000000E-02 -1.51209379E-11  1.64764856E-11 
      49  2.12500000E+02  3.75000000E+01 -6.05654847E-01  1.59402168E+00  9.88366836E-01  2.50000000E-02 -2.41278426E-11  6.89696536E-12 
      50  2.37500000E+02  3.75000000E+01 -4.45395756E-01  1.43376259E+00  9.88366836E-01  2.50000000E-02 -3.15623408E-11  3.69056330E-11 
      51  2.62500000E+02  3.75000000E+01  6.78131645E-01  3.10235191E-01  9.88366836E-01  2.50000000E-02 -5.94855815E-11 -4.65552209E-11 
      52  2.87500000E+02  3.75000000E+01  4.31827320E-01  5.56539516E-01  9.88366836E-01  2.50000000E-02 -4.10815148E-11 -2.54836690E-11 
      53  3.12500000E+02  3.75000000E+01  9.58920598E-01  2.94462373E-02  9.88366836E-01  2.50000000E-02 -2.73242334E-11  2.22611095E-11 
      54  3.37500000E+02  3.75000000E+01 -1.43604037E-01  1.13197087E+00  9.88366836E-01  2.50000000E-02  8.87023032E-12 -1.31592245E-11 
      55  3.62500000E+02  3.75000000E+01 -7.98346345E-01  1.78671318E+00  9.88366836E-01  2.50000000E-02  1.15074322E-11 -1.05647389E-11 
      56  3.87500000E+02  3.75000000E+01 -7.61416868E-01  1.74978370E+00  9.88366836E-01  2.50000000E-02  1.24520588E-11 -4.88919743E-12 
      57  4.12500000E+02  3.75000000E+01 -7.32299337E-01  1.72066617E+00  9.88366836E-01  2.50000000E-02  1.35347368E-11 -1.02142554E-12 
      58  4.37500000E+02  3.75000000E+01  4.06542981E-03  9.84301406E-01  9.88366836E-01  2.50000000E-02  1.58024829E-11  4.24213079E-12 
      59  4.62500000E+02  3.75000000E+01  5.23048454E-01  4.65318382E-01  9.88366836E-01  2.50000000E-02  1.60145419E-11 -5.29064626E-12 
      60  4.87500000E+02  3.75000000E+01  8.70015014E-01  1.18351821E-01  9.88366836E-01  2.50000000E-02  4.11345580E-11 -1.29809147E-11 
      61  5.12500000E+02  3.75000000E+01  6.95774785E-02  9.18789357E-01  9.88366836E-01  2.50000000E-02  1.14476687E-11 -3.04246168E-12 
      62  5.37500000E+02  3.75000000E+01 -2.62874281E-01  1.25124112E+00  9.88366836E-01  2.50000000E-02  1.05388368E-11  3.72772511E-12 
      63  5.62500000E+02  3.75000000E+01  2.57640648E-02  9.62602771E-01  9.88366836E-01  2.50000000E-02  1.55931109E-11  6.03890341E-12 
      64  5.87500000E+02  3.75000000E+01  5.75245284E-01  4.13121552E-01  9.88366836E-01  2.50000000E-02  2.80254960E-11  9.63263593E-12 
      65  6.12500000E+02  3.75000000E+01 -6.05455565E-01  1.59382240E+00  9.88366836E-01  2.50000000E-02  1.45906808E-11 -1.63701990E-12 
      66  6.37500000E+02  3.75000000E+01 -6.78783371E-01  1.66715021E+00  9.88366836E-01  2.50000000E-02  1.36662746E-11 -2.04486064E-12 
      67  6.62500000E+02  3.75000000E+01 -9.13459003E-01  1.90182584E+00  9.88366836E-01  2.50000000E-02  1.32096488E-11 -7.70437687E-12 
      68  6.87500000E+02  3.75000000E+01 -6.50455217E-01  1.63882205E+00  9.88366836E-01  2.50000000E-02  1.39956226E-11 -6.43898583E-12 
      69  7.12500000E+02  3.75000000E+01  2.69543656E-01  7.18823180E-01  9.88366836E-01  2.50000000E-02  1.81620093E-11 -1.24028821E-12 
      70  7.37500000E+02  3.75000000E+01 -3.48170109E-01  1.33653695E+00  9.88366836E-01  2.50000000E-02  1.14517957E-11  4.95517838E-12 
      71  7.62500000E+02  3.75000000E+01 -8.77683744E-01  1.86605058E+00  9.88366836E-01  2.50000000E-02  8.52129727E-12  8.30317205E-13 
      72  7.87500000E+02  3.75000000E+01 -6.64986548E-01  1.65335338E+00  9.88366836E-01  2.50000000E-02  7.46186609E-12  9.60377399E-13 
      73  8.12500000E+02  3.75000000E+01 -8.83911452E-01  1.87227829E+00  9.88366836E-01  2.50000000E-02  6.91377108E-12  1.96617794E-12 
      74  8.37500000E+02  3.75000000E+01 -4.05378689E-01  1.39374552E+00  9.88366836E-01  2.50000000E-02  6.11150974E-12  4.90649366E-12 
      75  8.62500000E+02  3.75000000E+01 -9.46473242E-01  1.93484008E+00  9.88366836E-01  2.50000000E-02  4.72050022E-12  2.14765438E-12 
      76  8.87500000E+02  3.75000000E+01 -4.51688796E-02  1.03353572E+00  9.88366836E-01  2.50000000E-02  3.49585503E-12 -1.73185997E-13 
      77  9.12500000E+02  3.75000000E+01  1.61625845E-01  8.26740991E-01  9.88366836E-01  2.50000000E-02  3.33317405E-12  1.06700204E-12 
      78  9.37500000E+02  3.75000000E+01  8.80252354E-01  1.08114482E-01  9.88366836E-01  2.50000000E-02  4.51703743E-12  2.80379341E-12 
      79  9.62500000E+02  3.75000000E+01 -4.78569655E-01  1.46693649E+00  9.88366836E-01  2.50000000E-02  2.65000059E-13 -1.96658257E-13 
      80  9.87500000E+02  3.75000000E+01 -4.41479578E-01  1.42984641E+00  9.88366836E-01  2.50000000E-02  1.05398364E-13  1.41056532E-13 
      81  1.25000000E+01  6.25000000E+01 -2.22133777E-01  1.21050061E+00  9.88366836E-01  2.50000000E-02 -5.29371965E-13 -7.02864952E-13 
      82  3.75000000E+01  6.25000000E+01 -9.22805164E-01  1.91117200E+00  9.88366836E-01  2.50000000E-02 -1.36698194E-12 -2.48853863E-12 
      83  6.25000000E+01  6.25000000E+01  8.67690341E-01  1.20676495E-01  9.88366836E-01  2.50000000E-02 -1.61213227E-11  1.17175430E-12 
      84  8.75000000E+01  6.25000000E+01  5.96017279E-01  3.92349557E-01  9.88366836E-01  2.50000000E-02 -2.50305120E-11  1.51825774E-11 
      85  1.12500000E+02  6.25000000E+01  6.44978475E-01  3.43388361E-01  9.88366836E-01  2.50000000E-02 -2.11508613E-11 -1.10045551E-11 
      86  1.37500000E+02  6.25000000E+01  1.31753819E-01  8.56613016E-01  9.88366836E-01  2.50000000E-02 -6.00096129E-12 -1.79320882E-11 
      87  1.62500000E+02  6.25000000E+01 -4.55407585E-01  1.44377442E+00  9.88366836E-01  2.50000000E-02 -5.19296473E-12  1.65507653E-11 
      88  1.87500000E+02  6.25000000E+01 -5.64947174E-01  1.55331401E+00  9.88366836E-01  2.50000000E-02 -7.63310676E-12  2.23410874E-11 
      89  2.12500000E+02  6.25000000E+01  3.81153889E-01  6.07212947E-01  9.88366836E-01  2.50000000E-02 -1.67268690E-11  5.01217711E-12 
      90  2.37500000E+02  6.25000000E+01  8.45212841E-01  1.43153994E-01  9.88366836E-01  2.50000000E-02 -5.00305384E-11  1.75173100E-11 
      91  2.62500000E+02  6.25000000E+01 -2.37008896E-01  1.22537573E+00  9.88366836E-01  2.50000000E-02 -4.60076675E-12 -9.19983916E-11 
      92  2.87500000E+02  6.25000000E+01 -1.01501098E-01  1.08986793E+00  9.88366836E-01  2.50000000E-02  4.77882640E-12 -3.39117293E-11 
      93  3.12500000E+02  6.25000000E+01 -3.41664032E-01  1.33003087E+00  9.88366836E-01  2.50000000E-02  2.15749639E-12  1.50117705E-11 
      94  3.37500000E+02  6.25000000E+01 -5.72670355E-01  1.56103719E+00  9.88366836E-01  2.50000000E-02 -1.09742465E-12 -2.04284103E-11 
      95  3.62500000E+02  6.25000000E+01 -7.40812302E-01  1.72917914E+00  9.88366836E-01  2.50000000E-02  3.42869650E-12 -1.32426473E-11 
      96  3.87500000E+02  6.25000000E+01  1.39403546E-01  8.48963290E-01  9.88366836E-01  2.50000000E-02  9.94937795E-12 -9.75882280E-12 
      97  4.12500000E+02  6.25000000E+01 -3.42636639E-01  1.33100347E+00  9.88366836E-01  2.50000000E-02  1.40825923E-11 -2.16053486E-12 
      98  4.37500000E+02  6.25000000E+01 -8.09230132E-01  1.79759697E+00  9.88366836E-01  2.50000000E-02  1.46921000E-11  1.33849742E-11 
      99  4.62500000E+02  6.25000000E+01  8.36185138E-01  1.52181698E-01  9.88366836E-01  2.50000000E-02  2.01349333E-11 -1.77298614E-11 
     100  4.87500000E+02  6.25000000E+01 -7.66004509E-01  1.75437134E+00  9.88366836E-01  2.50000000E-02  9.86742177E-12 -2.17599533E-11 
     101  5.12500000E+02  6.25000000E+01 -8.56193929E-01  1.84456076E+00  9.88366836E-01  2.50000000E-02  9.99772794E-12  2.83008745E-13 
     102  5.37500000E+02  6.25000000E+01  7.96759260E-01  1.91607576E-01  9.88366836E-01  2.50000000E-02  2.90818365E-11  1.14360172E-11 
     103  5.62500000E+02  6.25000000E+01  9.10743014E-01  7.76238222E-02  9.88366836E-01  2.50000000E-02  3.85220508E-11  2.87278554E-11 
     104  5.87500000E+02  6.25000000E+01  4.33256348E-01  5.55110487E-01  9.88366836E-01  2.50000000E-02  6.02217571E-12  9.64726673E-12 
     105  6.12500000E+02  6.25000000E+01 -2.25020687E-01  1.21338752E+00  9.88366836E-01  2.50000000E-02  7.06881392E-12 -8.32080137E-12 
     106  6.37500000E+02  6.25000000E+01  4.75225974E-01  5.13140862E-01  9.88366836E-01  2.50000000E-02  1.02028299E-11 -3.66448120E-12 
     107  6.62500000E+02  6.25000000E+01  4.58719477E-01  5.29647359E-01  9.88366836E-01  2.50000000E-02  1.05928863E-11 -2.56727409E-12 
     108  6.87500000E+02  6.25000000E+01  9.60961101E-01  2.74057347E-02  9.88366836E-01  2.50000000E-02  2.64632141E-11  1.86557688E-11 
     109  7.12500000E+02  6.25000000E+01 -4.20474387E-01  1.40884122E+00  9.88366836E-01  2.50000000E-02  1.87970345E-12 -1.79195800E-12 
     110  7.37500000E+02  6.25000000E+01 -3.14378457E-01  1.30274529E+00  9.88366836E-01  2.50000000E-02  1.29971312E-12  5.11381781E-12 
     111  7.62500000E+02  6.25000000E+01 -1.11089879E-01  1.09945671E+00  9.88366836E-01  2.50000000E-02  8.50708346E-13 -6.39812659E-14 
     112  7.87500000E+02  6.25000000E+01 -7.61144773E-01  1.74951161E+00  9.88366836E-01  2.50000000E-02  8.44394008E-13  1.24956304E-12 
     113  8.12500000E+02  6.25000000E+01 -3.67239481E-02  1.02509078E+00  9.88366836E-01  2.50000000E-02  2.70169681E-13  4.42534697E-12 
     114  8.37500000E+02  6.25000000E+01 -9.98738683E-01  1.98710552E+00  9.88366836E-01  2.50000000E-02 -3.22684155E-14  5.71521496E-12 
     115  8.62500000E+02  6.25000000E+01 -8.80356106E-01  1.86872294E+00  9.88366836E-01  2.50000000E-02  2.35450208E-13  2.40699703E-12 
     116  8.87500000E+02  6.25000000E+01 -6.14383111E-01  1.60274995E+00  9.88366836E-01  2.50000000E-02  7.42587462E-13  3.70515645E-14 
     117  9.12500000E+02  6.25000000E+01  3.58235454E-01  6.30131382E-01  9.88366836E-01  2.50000000E-02  1.75202731E-12  2.43128627E-12 
     118  9.37500000E+02  6.25000000E+01  6.03469246E-01  3.84897590E-01  9.88366836E-01  2.50000000E-02  1.84248717E-12  1.15670968E-12 
     119  9.62500000E+02  6.25000000E+01  4.41048308E-01  5.47318528E-01  9.88366836E-01  2.50000000E-02  1.49133257E-12 -5.76868327E-13 
     120  9.87500000E+02  6.25000000E+01  9.11711479E-01  7.66553564E-02  9.88366836E-01  2.50000000E-02  1.38478957E-12  8.30750390E-13 
     121  1.25000000E+01  8.75000000E+01  1.08678609E-01  8.79688227E-01  9.88366836E-01  2.50000000E-02 -2.98959543E-12  2.55399121E-12 
     122  3.75000000E+01  8.75000000E+01 -2.28846589E-01  1.21721342E+00  9.88366836E-01  2.50000000E-02 -8.04188647E-12 -3.22347336E-13 
     123  6.25000000E+01  8.75000000E+01 -3.58835185E-01  1.34720202E+00  9.88366836E-01  2.50000000E-02 -1.06515032E-11  1.10680461E-11 
     124  8.75000000E+01  8.75000000E+01 -2.64391871E-01  1.25275871E+00  9.88366836E-01  2.50000000E-02 -1.58748235E-11  2.45484805E-11 
     125  1.12500000E+02  8.75000000E+01 -7.25763198E-02  1.06094316E+00  9.88366836E-01  2.50000000E-02 -1.90986043E-11 -8.06970625E-12 
     126  1.37500000E+02  8.75000000E+01 -1.54400161E-01  1.14276700E+00  9.88366836E-01  2.50000000E-02 -1.20299206E-11 -1.97912527E-11 
     127  1.62500000E+02  8.75000000E+01 -5.69328360E-02  1.04529967E+00  9.88366836E-01  2.50000000E-02 -1.00326149E-11  2.60055101E-11 
     128  1.87500000E+02  8.75000000E+01  9.24570212E-02  8.95909815E-01  9.88366836E-01  2.50000000E-02 -1.79223432E-11  3.79103799E-11 
     129  2.12500000E+02  8.75000000E+01 -4.43656183E-01  1.43202302E+00  9.88366836E-01  2.50000000E-02 -1.88381452E-11  4.75691667E-12 
     130  2.37500000E+02  8.75000000E+01 -5.57667035E-01  1.54603387E+00  9.88366836E-01  2.50000000E-02 -1.99992038E-11 -4.88932204E-12 
     131  2.62500000E+02  8.75000000E+01  8.18492517E-01  1.69874319E-01  9.88366836E-01  2.50000000E-02 -4.36528809E-11 -1.90280239E-10 
     132  2.87500000E+02  8.75000000E+01 -5.73086483E-01  1.56145332E+00  9.88366836E-01  2.50000000E-02  1.00499554E-11 -3.64112476E-11 
     133  3.12500000E+02  8.75000000E+01 -8.05166683E-01  1.79353352E+00  9.88366836E-01  2.50000000E-02  8.28515766E-12  2.24569248E-11 
     134  3.37500000E+02  8.75000000E+01 -3.46934284E-01  1.33530112E+00  9.88366836E-01  2.50000000E-02  6.47729631E-12 -2.37080368E-11 
     135  3.62500000E+02  8.75000000E+01 -3.61523406E-01  1.34989024E+00  9.88366836E-01  2.50000000E-02  8.46050819E-12 -1.75316982E-11 
     136  3.87500000E+02  8.75000000E+01 -3.84854875E-01  1.37322171E+00  9.88366836E-01  2.50000000E-02  1.14796191E-11 -1.04880685E-11 
     137  4.12500000E+02  8.75000000E+01  6.99363783E-01  2.89003053E-01  9.88366836E-01  2.50000000E-02  5.17558837E-11 -4.73587649E-11 
     138  4.37500000E+02  8.75000000E+01 -8.75640272E-01  1.86400711E+00  9.88366836E-01  2.50000000E-02  7.30678141E-11  1.41844975E-11 
     139  4.62500000E+02  8.75000000E+01  6.10751907E-01  3.77614928E-01  9.88366836E-01  2.50000000E-02  8.57075568E-11 -3.37218782E-11 
     140  4.87500000E+02  8.75000000E+01  3.56843358E-01  6.31523477E-01  9.88366836E-01  2.50000000E-02  7.92007545E-11 -3.32537182E-11 
     141  5.12500000E+02  8.75000000E+01  1.64731033E-01  8.23635803E-01  9.88366836E-01  2.50000000E-02  6.50064945E-11  6.58522487E-12 
     142  5.37500000E+02  8.75000000E+01 -7.42538812E-01  1.73090565E+00  9.88366836E-01  2.50000000E-02  4.42219673E-11 -9.38316885E-12 
     143  5.62500000E+02  8.75000000E+01 -9.48118006E-01  1.93648484E+00  9.88366836E-01  2.50000000E-02  3.84623553E-11  1.74853524E-11 
     144  5.87500000E+02  8.75000000E+01 -3.36867799E-01  1.32523463E+00  9.88366836E-01  2.50000000E-02  3.47973254E-11  1.06489873E-11 
     145  6.12500000E+02  8.75000000E+01 -8.26321860E-01  1.81468870E+00  9.88366836E-01  2.50000000E-02  3.53977005E-11 -3.79232739E-12 
     146  6.37500000E+02  8.75000000E+01  4.72054294E-01  5.16312541E-01  9.88366836E-01  2.50000000E-02  5.30746964E-11 -5.72748152E-12 
     147  6.62500000E+02  8.75000000E+01  3.81361642E-01  6.07005194E-01  9.88366836E-01  2.50000000E-02  5.11872563E-11 -3.25943749E-13 
     148  6.87500000E+02  8.75000000E+01  2.08037102E-01  7.80329734E-01  9.88366836E-01  2.50000000E-02  4.81296586E-11  2.22805858E-11 
     149  7.12500000E+02  8.75000000E+01  7.21356006E-01  2.67010830E-01  9.88366836E-01  2.50000000E-02  4.37492054E-11 -6.84306802E-12 
     150  7.37500000E+02  8.75000000E+01 -6.36567943E-01  1.62493478E+00  9.88366836E-01  2.50000000E-02  2.86839924E-11  5.63801154E-12 
     151  7.62500000E+02  8.75000000E+01  2.81442429E-01  7.06924406E-01  9.88366836E-01  2.50000000E-02  2.48530811E-11 -5.61642481E-13 
     152  7.87500000E+02  8.75000000E+01 -8.69344436E-01  1.85771127E+00  9.88366836E-01  2.50000000E-02  2.28158387E-11  1.78805989E-12 
     153  8.12500000E+02  8.75000000E+01  2.54507633E-01  7.33859202E-01  9.88366836E-01  2.50000000E-02  1.95549176E-11  7.26643457E-12 
     154  8.37500000E+02  8.75000000E+01 -1.03986893E-01  1.09235373E+00  9.88366836E-01  2.50000000E-02  1.55068581E-11  6.83527841E-12 
     155  8.62500000E+02  8.75000000E+01  1.39175414E-01  8.49191421E-01  9.88366836E-01  2.50000000E-02  1.25994020E-11  4.18763109E-12 
     156  8.87500000E+02  8.75000000E+01 -8.52254150E-01  1.84062099E+00  9.88366836E-01  2.50000000E-02  1.03723377E-11  9.56252293E-14 
     157  9.12500000E+02  8.75000000E+01  9.24882240E-02  8.95878612E-01  9.88366836E-01  2.50000000E-02  8.95320586E-12  3.73127194E-12 
     158  9.37500000E+02  8.75000000E+01  2.11924596E-01  7.76442240E-01  9.88366836E-01  2.50000000E-02  8.61514457E-12  4.75222754E-12 
     159  9.62500000E+02  8.75000000E+01  7.91661204E-01  1.96705632E-01  9.88366836E-01  2.50000000E-02  7.43077614E-12  6.22143925E-14 
     160  9.87500000E+02  8.75000000E+01 -7.84772235E-01  1.77313907E+00  9.88366836E-01  2.50000000E-02  1.88657953E-13  4.02799201E-13 
     161  1.25000000E+01  1.12500000E+02 -1.38517810E-01  1.12688465E+00  9.88366836E-01  2.50000000E-02 -1.17269356E-12  8.31167626E-12 
     162  3.75000000E+01  1.12500000E+02 -5.15752501E-01  1.50411934E+00  9.88366836E-01  2.50000000E-02 -4.07889082E-12  3.22421993E-12 
     163  6.25000000E+01  1.12500000E+02  6.79722152E-01  3.08644684E-01  9.88366836E-01  2.50000000E-02 -2.20741277E-11  1.76856794E-11 
     164  8.75000000E+01  1.12500000E+02  3.93778443E-01  5.94588393E-01  9.88366836E-01  2.50000000E-02 -3.21595630E-11  3.51638959E-11 
     165  1.12500000E+02  1.12500000E+02 -7.51376039E-01  1.73974287E+00  9.88366836E-01  2.50000000E-02 -3.38788953E-11 -6.81559882E-12 
     166  1.37500000E+02  1.12500000E+02  9.94759526E-01  5.73188330E-08  9.94759583E-01  2.50000000E-02  3.13110161E-12  3.80378570E-12 
     167  1.62500000E+02  1.12500000E+02 -5.96844762E-03  9.94335283E-01  9.88366836E-01  2.50000000E-02 -5.69659262E-12  4.56954339E-11 
     168  1.87500000E+02  1.12500000E+02  2.73210245E-01  7.15156591E-01  9.88366836E-01  2.50000000E-02 -1.76119010E-11  5.92825435E-11 
     169  2.12500000E+02  1.12500000E+02 -7.97240036E-01  1.78560687E+00  9.88366836E-01  2.50000000E-02 -2.77190405E-11  1.19700264E-11 
     170  2.37500000E+02  1.12500000E+02 -5.90233836E-01  1.57860067E+00  9.88366836E-01  2.50000000E-02 -3.62781750E-11 -6.35202755E-12 
     171  2.62500000E+02  1.12500000E+02  4.42065805E-01  5.46301030E-01  9.88366836E-01  2.50000000E-02 -2.77946166E-11 -1.85568733E-10 
     172  2.87500000E+02  1.12500000E+02 -3.93244859E-01  1.38161169E+00  9.88366836E-01  2.50000000E-02  2.54863422E-11 -4.00521668E-11 
     173  3.12500000E+02  1.12500000E+02  3.09424066E-01  6.78942769E-01  9.88366836E-01  2.50000000E-02  1.18019582E-11  5.61197332E-11 
     174  3.37500000E+02  1.12500000E+02 -9.66486511E-01  1.95485335E+00  9.88366836E-01  2.50000000E-02 -5.42918987E-12 -2.84251675E-11 
     175  3.62500000E+02  1.12500000E+02 -3.44924414E-01  1.33329125E+00  9.88366836E-01  2.50000000E-02 -7.41367797E-12 -2.08454364E-11 
     176  3.87500000E+02  1.12500000E+02  3.36817882E-02  9.54685048E-01  9.88366836E-01  2.50000000E-02 -1.09687744E-11 -1.13805139E-11 
     177  4.12500000E+02  1.12500000E+02  5.63483232E-01  4.24883604E-01  9.88366836E-01  2.50000000E-02 -9.01545504E-12 -6.61559698E-11 
     178  4.37500000E+02  1.12500000E+02 -4.61520794E-01  1.44988763E+00  9.88366836E-01  2.50000000E-02 -6.67106344E-12  1.65361184E-11 
     179  4.62500000E+02  1.12500000E+02 -8.93975861E-02  1.07776442E+00  9.88366836E-01  2.50000000E-02 -3.95824695E-12 -2.91047156E-11 
     180  4.87500000E+02  1.12500000E+02  5.86560371E-01  4.01806465E-01  9.88366836E-01  2.50000000E-02  2.17923947E-11 -5.46444993E-11 
     181  5.12500000E+02  1.12500000E+02  8.29051939E-01  1.59314897E-01  9.88366836E-01  2.50000000E-02  4.04046825E-11 -2.03590954E-12 
     182  5.37500000E+02  1.12500000E+02 -2.66416548E-01  1.25478338E+00  9.88366836E-01  2.50000000E-02  5.16892896E-12 -1.10120710E-11 
     183  5.62500000E+02  1.12500000E+02 -5.82060613E-02  1.04657290E+00  9.88366836E-01  2.50000000E-02  7.96919050E-12  1.80748970E-11 
     184  5.87500000E+02  1.12500000E+02 -2.17671230E-01  1.20603807E+00  9.88366836E-01  2.50000000E-02  1.27546992E-11  1.16252860E-11 
     185  6.12500000E+02  1.12500000E+02 -1.44100279E-01  1.13246711E+00  9.88366836E-01  2.50000000E-02  1.48905741E-11  2.95751052E-12 
     186  6.37500000E+02  1.12500000E+02  1.79934253E-01  8.08432583E-01  9.88366836E-01  2.50000000E-02  1.87807356E-11 -7.35469493E-12 
     187  6.62500000E+02  1.12500000E+02  3.46347084E-01  6.42019752E-01  9.88366836E-01  2.50000000E-02  1.71607506E-11  1.03656900E-13 
     188  6.87500000E+02  1.12500000E+02  1.33810219E-02  9.74985814E-01  9.88366836E-01  2.50000000E-02  1.27521750E-11  2.26155733E-11 
     189  7.12500000E+02  1.12500000E+02  4.88346163E-01  5.00020672E-01  9.88366836E-01  2.50000000E-02  9.18083777E-12  2.14204622E-12 
     190  7.37500000E+02  1.12500000E+02  9.85545454E-01  2.82138200E-03  9.88366836E-01  2.50000000E-02  8.06455001E-11 -1.98808713E-12 
     191  7.62500000E+02  1.12500000E+02  8.44931991E-01  1.43434844E-01  9.88366836E-01  2.50000000E-02  2.40500340E-12 -9.59739879E-13 
     192  7.87500000E+02  1.12500000E+02 -2.61429806E-01  1.24979664E+00  9.88366836E-01  2.50000000E-02  8.76423720E-13  2.21771579E-12 
     193  8.12500000E+02  1.12500000E+02 -4.19086636E-01  1.40745347E+00  9.88366836E-01  2.50000000E-02 -1.29206282E-14  8.24657501E-12 
     194  8.37500000E+02  1.12500000E+02 -6.24126360E-01  1.61249320E+00  9.88366836E-01  2.50000000E-02 -3.47946374E-13  7.29924632E-12 
     195  8.62500000E+02  1.12500000E+02 -1.03208890E-01  1.09157573E+00  9.88366836E-01  2.50000000E-02  2.10986263E-13  4.31605581E-12 
     196  8.87500000E+02  1.12500000E+02  8.56216663E-01  1.32150173E-01  9.88366836E-01  2.50000000E-02 -5.76475739E-13  7.37670179E-12 
     197  9.12500000E+02  1.12500000E+02  5.22711667E-01  4.65655169E-01  9.88366836E-01  2.50000000E-02 -1.93321637E-13  5.66609919E-12 
     198  9.37500000E+02  1.12500000E+02 -9.57883280E-01  1.94625012E+00  9.88366836E-01  2.50000000E-02 -6.28431230E-13  3.85774926E-12 
     199  9.62500000E+02  1.12500000E+02 -8.96224899E-01  1.88459174E+00  9.88366836E-01  2.50000000E-02 -4.93329722E-13 -4.44824112E-13 
     200  9.87500000E+02  1.12500000E+02 -8.69716605E-01  1.85808344E+00  9.88366836E-01  2.50000000E-02 -1.33551675E-13  2.59603346E-13 
     201  1.25000000E+01  1.37500000E+02  7.23899730E-01  2.64467106E-01  9.88366836E-01  2.50000000E-02  1.30108938E-12  2.43433218E-11 
     202  3.75000000E+01  1.37500000E+02  8.12980265E-01  1.75386571E-01  9.88366836E-01  2.50000000E-02  4.88101949E-12  2.29203813E-11 
     203  6.25000000E+01  1.37500000E+02 -3.66884301E-01  1.35525114E+00  9.88366836E-01  2.50000000E-02  5.42310961E-12  2.54800570E-12 
     204  8.75000000E+01  1.37500000E+02 -5.83269168E-01  1.57163600E+00  9.88366836E-01  2.50000000E-02  2.75235277E-12  2.99404096E-11 
     205  1.12500000E+02  1.37500000E+02  7.75219159E-01  2.13147676E-01  9.88366836E-01  2.50000000E-02 -4.45957747E-11  4.90220706E-12 
     206  1.37500000E+02  1.37500000E+02 -4.95104883E-01  1.48347172E+00  9.88366836E-01  2.50000000E-02 -4.43975039E-11  5.23203290E-11 
     207  1.62500000E+02  1.37500000E+02 -3.69251004E-01  1.35761784E+00  9.88366836E-01  2.50000000E-02 -3.96903362E-11  7.75613903E-11 
     208  1.87500000E+02  1.37500000E+02 -8.84234157E-01  1.87260099E+00  9.88366836E-01  2.50000000E-02 -3.24218438E-11  9.22960111E-11 
     209  2.12500000E+02  1.37500000E+02 -6.39689322E-01  1.62805616E+00  9.88366836E-01  2.50000000E-02 -2.99729066E-11  1.83230806E-11 
     210  2.37500000E+02  1.37500000E+02  3.91397575E-02  9.49227078E-01  9.88366836E-01  2.50000000E-02 -3.18811795E-11 -5.73630331E-12 
     211  2.62500000E+02  1.37500000E+02 -8.48776607E-01  1.83714344E+00  9.88366836E-01  2.50000000E-02  4.42988959E-11 -1.55660368E-10 
     212  2.87500000E+02  1.37500000E+02 -9.42180406E-01  1.93054724E+00  9.88366836E-01  2.50000000E-02  7.65678846E-11 -2.99172022E-11 
     213  3.12500000E+02  1.37500000E+02 -3.69058054E-01  1.35742489E+00  9.88366836E-01  2.50000000E-02  7.63494944E-11  9.90872073E-11 
     214  3.37500000E+02  1.37500000E+02  3.15102034E-01  6.73264802E-01  9.88366836E-01  2.50000000E-02  5.46812685E-11 -3.13425017E-11 
     215  3.62500000E+02  1.37500000E+02 -1.07956865E-01  1.09632370E+00  9.88366836E-01  2.50000000E-02  3.79065170E-11 -1.73909200E-11 
     216  3.87500000E+02  1.37500000E+02  7.69074484E-01  2.19292352E-01  9.88366836E-01  2.50000000E-02 -1.78282240E-11  1.85962612E-11 
     217  4.12500000E+02  1.37500000E+02  9.99470287E-01  5.69018710E-08  9.99470344E-01  2.50000000E-02  2.14218532E-12 -4.36376083E-12 
     218  4.37500000E+02  1.37500000E+02 -7.43699164E-01  1.73206600E+00  9.88366836E-01  2.50000000E-02  3.23665186E-11  2.15350979E-11 
     219  4.62500000E+02  1.37500000E+02 -4.07240404E-01  1.39560724E+00  9.88366836E-01  2.50000000E-02  3.86270829E-11 -2.77805001E-11 
     220  4.87500000E+02  1.37500000E+02  1.67925225E-01  8.20441611E-01  9.88366836E-01  2.50000000E-02  5.80624415E-11 -5.25254948E-11 
     221  5.12500000E+02  1.37500000E+02  6.80805707E-01  3.07561129E-01  9.88366836E-01  2.50000000E-02  8.43103909E-11 -9.23142222E-12 
     222  5.37500000E+02  1.37500000E+02  2.17428979E-02  9.66623938E-01  9.88366836E-01  2.50000000E-02  7.32541282E-11 -9.19468119E-12 
     223  5.62500000E+02  1.37500000E+02  6.58877397E-01  3.29489439E-01  9.88366836E-01  2.50000000E-02  5.51283499E-11  2.74145517E-11 
     224  5.87500000E+02  1.37500000E+02 -3.39958281E-02  1.02236266E+00  9.88366836E-01  2.50000000E-02  4.05762754E-11  1.49264046E-11 
     225  6.12500000E+02  1.37500000E+02  4.87976919E-01  5.00389917E-01  9.88366836E-01  2.50000000E-02  3.74030185E-11  1.27417685E-11 
     226  6.37500000E+02  1.37500000E+02  8.01521395E-01  1.86845441E-01  9.88366836E-01  2.50000000E-02  4.08508713E-11 -2.39005750E-12 
     227  6.62500000E+02  1.37500000E+02 -8.98507145E-01  1.88687398E+00  9.88366836E-01  2.50000000E-02  1.22042505E-11 -9.42725911E-13 
     228  6.87500000E+02  1.37500000E+02  7.01774916E-03  9.81349087E-01  9.88366836E-01  2.50000000E-02  1.16527621E-11  2.32248240E-11 
     229  7.12500000E+02  1.37500000E+02  3.74468801E-01  6.13898035E-01  9.88366836E-01  2.50000000E-02  1.81319146E-11  5.40993502E-12 
     230  7.37500000E+02  1.37500000E+02  5.87595617E-01  4.00771219E-01  9.88366836E-01  2.50000000E-02  2.27051450E-11  3.84760660E-12 
     231  7.62500000E+02  1.37500000E+02  3.25762240E-01  6.62604595E-01  9.88366836E-01  2.50000000E-02  1.77854694E-11 -5.20542808E-12 
     232  7.87500000E+02  1.37500000E+02 -6.78944753E-01  1.66731159E+00  9.88366836E-01  2.50000000E-02  1.38421221E-11  6.94779547E-13 
     233  8.12500000E+02  1.37500000E+02 -5.91976095E-02  1.04756445E+00  9.88366836E-01  2.50000000E-02  1.29215581E-11  9.41092275E-12 
     234  8.37500000E+02  1.37500000E+02  1.04583311E-01  8.83783525E-01  9.88366836E-01  2.50000000E-02  1.33327311E-11  7.31304709E-12 
     235  8.62500000E+02  1.37500000E+02 -9.53455028E-01  1.94182186E+00  9.88366836E-01  2.50000000E-02  1.26020434E-11  3.50197344E-12 
     236  8.87500000E+02  1.37500000E+02  2.42194233E-01  7.46172603E-01  9.88366836E-01  2.50000000E-02  1.02725688E-11  8.91199884E-12 
     237  9.12500000E+02  1.37500000E+02  5.61472783E-01  4.26894053E-01  9.88366836E-01  2.50000000E-02  5.39445815E-12  5.96466076E-12 
     238  9.37500000E+02  1.37500000E+02 -8.09283821E-01  1.79765066E+00  9.88366836E-01  2.50000000E-02  1.83961089E-12  3.16404548E-12 
     239  9.62500000E+02  1.37500000E+02 -8.07533917E-01  1.79590075E+00  9.88366836E-01  2.50000000E-02  1.39385198E-12 -1.95135861E-13 
     240  9.87500000E+02  1.37500000E+02  3.82521626E-02  9.50114673E-01  9.88366836E-01  2.50000000E-02  4.74465658E-13  1.45460602E-13 
     241  1.25000000E+01  1.62500000E+02  8.35147174E-02  9.04852118E-01  9.88366836E-01  2.50000000E-02 -3.80703987E-12  1.48874161E-11 
     242  3.75000000E+01  1.62500000E+02 -4.14718301E-01  1.40308514E+00  9.88366836E-01  2.50000000E-02 -9.86922573E-12  1.62610989E-11 
     243  6.25000000E+01  1.62500000E+02 -9.45091518E-01  1.93345835E+00  9.88366836E-01  2.50000000E-02 -9.64124345E-12  6.23689740E-13 
     244  8.75000000E+01  1.62500000E+02 -9.93943173E-01  1.98231001E+00  9.88366836E-01  2.50000000E-02 -8.79738286E-12  2.68210248E-11 
     245  1.12500000E+02  1.62500000E+02  9.48005754E-01  4.03610817E-02  9.88366836E-01  2.50000000E-02 -7.85088225E-12  4.03284741E-11 
     246  1.37500000E+02  1.62500000E+02 -5.04923905E-01  1.49329074E+00  9.88366836E-01  2.50000000E-02  5.36285768E-11  4.81347596E-11 
     247  1.62500000E+02  1.62500000E+02  7.85674229E-01  2.02692607E-01  9.88366836E-01  2.50000000E-02 -1.68497651E-11  3.16307818E-10 
     248  1.87500000E+02  1.62500000E+02  6.65479012E-01  3.22887824E-01  9.88366836E-01  2.50000000E-02 -1.23029905E-10  1.84346746E-10 
     249  2.12500000E+02  1.62500000E+02  7.59975092E-01  2.28391744E-01  9.88366836E-01  2.50000000E-02 -1.44801793E-10  3.35854103E-11 
     250  2.37500000E+02  1.62500000E+02 -4.00673773E-01  1.38904061E+00  9.88366836E-01  2.50000000E-02 -7.16221465E-11  2.53283379E-11 
     251  2.62500000E+02  1.62500000E+02 -7.55400846E-01  1.74376768E+00  9.88366836E-01  2.50000000E-02 -4.18753960E-11 -1.68614320E-10 
     252  2.87500000E+02  1.62500000E+02 -5.99398565E-01  1.58776540E+00  9.88366836E-01  2.50000000E-02 -2.31484557E-11 -2.90349521E-11 
     253  3.12500000E+02  1.62500000E+02 -1.85486079E-02  1.00691544E+00  9.88366836E-01  2.50000000E-02 -3.10613937E-11  1.19643049E-10 
     254  3.37500000E+02  1.62500000E+02 -9.00384404E-01  1.88875124E+00  9.88366836E-01  2.50000000E-02 -3.17816357E-11 -3.14371697E-11 
     255  3.62500000E+02  1.62500000E+02  7.23953227E-01  2.64413609E-01  9.88366836E-01  2.50000000E-02 -1.01476432E-11  4.24751452E-11 
     256  3.87500000E+02  1.62500000E+02 -4.26425104E-01  1.41479194E+00  9.88366836E-01  2.50000000E-02 -1.39333720E-11  2.63297365E-11 
     257  4.12500000E+02  1.62500000E+02 -4.08711126E-01  1.39707796E+00  9.88366836E-01  2.50000000E-02 -1.70445478E-11  1.48351642E-10 
     258  4.37500000E+02  1.62500000E+02  6.49783679E-01  3.38583157E-01  9.88366836E-01  2.50000000E-02 -4.43565450E-11  5.44049406E-11 
     259  4.62500000E+02  1.62500000E+02  9.96707638E-01  5.67096599E-08  9.96707695E-01  2.50000000E-02  4.77812966E-12 -7.13753290E-13 
     260  4.87500000E+02  1.62500000E+02  8.78262420E-01  1.10104415E-01  9.88366836E-01  2.50000000E-02  1.82430890E-10 -8.18972324E-13 
     261  5.12500000E+02  1.62500000E+02  8.69145546E-01  1.19221289E-01  9.88366836E-01  2.50000000E-02  1.55477806E-10 -2.92651675E-12 
     262  5.37500000E+02  1.62500000E+02  2.82105952E-01  7.06260884E-01  9.88366836E-01  2.50000000E-02  3.57472088E-11 -1.02907700E-11 
     263  5.62500000E+02  1.62500000E+02 -1.76678378E-01  1.16504521E+00  9.88366836E-01  2.50000000E-02  2.86031516E-11  2.59180709E-11 
     264  5.87500000E+02  1.62500000E+02  5.52505683E-01  4.35861153E-01  9.88366836E-01  2.50000000E-02  2.44556106E-11  2.78344709E-11 
     265  6.12500000E+02  1.62500000E+02 -2.66796525E-01  1.25516336E+00  9.88366836E-01  2.50000000E-02  1.54718630E-11  1.30447875E-11 
     266  6.37500000E+02  1.62500000E+02  4.53008486E-01  5.35358349E-01  9.88366836E-01  2.50000000E-02  1.08293831E-11  1.16434732E-12 
     267  6.62500000E+02  1.62500000E+02 -7.65433764E-01  1.75380060E+00  9.88366836E-01  2.50000000E-02  5.20751665E-12 -1.40940468E-12 
     268  6.87500000E+02  1.62500000E+02 -6.92202912E-02  1.05758713E+00  9.88366836E-01  2.50000000E-02  3.50365921E-12  2.37254953E-11 
     269  7.12500000E+02  1.62500000E+02  8.76503252E-01  1.11863584E-01  9.88366836E-01  2.50000000E-02  1.17291636E-11  5.78221129E-12 
     270  7.37500000E+02  1.62500000E+02 -5.37976910E-01  1.52634375E+00  9.88366836E-01  2.50000000E-02  2.52583594E-12  2.52217127E-12 
     271  7.62500000E+02  1.62500000E+02 -7.99079871E-04  9.89165916E-01  9.88366836E-01  2.50000000E-02  2.72007330E-12 -5.28687217E-12 
     272  7.87500000E+02  1.62500000E+02 -6.09372242E-01  1.59773908E+00  9.88366836E-01  2.50000000E-02  3.47260409E-12 -6.29895611E-14 
     273  8.12500000E+02  1.62500000E+02  2.42801476E-01  7.45565359E-01  9.88366836E-01  2.50000000E-02  2.93383191E-12  1.25135765E-11 
     274  8.37500000E+02  1.62500000E+02 -4.07254055E-01  1.39562089E+00  9.88366836E-01  2.50000000E-02  1.82545379E-12  6.57282572E-12 
     275  8.62500000E+02  1.62500000E+02 -9.32943653E-01  1.92131049E+00  9.88366836E-01  2.50000000E-02  2.35488599E-12  3.64729702E-12 
     276  8.87500000E+02  1.62500000E+02 -8.73369498E-01  1.86173633E+00  9.88366836E-01  2.50000000E-02  2.78483145E-12  9.74615273E-12 
     277  9.12500000E+02  1.62500000E+02  3.87206214E-01  6.01160622E-01  9.88366836E-01  2.50000000E-02  2.37367434E-12  5.62730004E-12 
     278  9.37500000E+02  1.62500000E+02 -4.53648108E-01  1.44201494E+00  9.88366836E-01  2.50000000E-02  2.01457298E-12  2.81263580E-12 
     279  9.62500000E+02  1.62500000E+02  1.48897342E-01  8.39469494E-01  9.88366836E-01  2.50000000E-02  1.91098093E-12  1.30611980E-12 
     280  9.87500000E+02  1.62500000E+02  6.70755937E-01  3.17610899E-01  9.88366836E-01  2.50000000E-02  7.62444328E-13  1.71971745E-12 
     281  1.25000000E+01  1.87500000E+02 -1.66476527E-01  1.15484336E+00  9.88366836E-01  2.50000000E-02  4.61712951E-15  1.47361034E-11 
     282  3.75000000E+01  1.87500000E+02  2.37551903E-01  7.50814932E-01  9.88366836E-01  2.50000000E-02 -1.84359098E-13  1.57442878E-11 
     283  6.25000000E+01  1.87500000E+02  8.86512986E-01  1.01853850E-01  9.88366836E-01  2.50000000E-02 -1.04804884E-11  1.94879991E-11 
     284  8.75000000E+01  1.87500000E+02  7.99757613E-02  9.08391074E-01  9.88366836E-01  2.50000000E-02 -8.93474141E-12  3.05223332E-11 
     285  1.12500000E+02  1.87500000E+02 -3.21040265E-01  1.30940710E+00  9.88366836E-01  2.50000000E-02 -1.01247342E-11  1.71167929E-11 
     286  1.37500000E+02  1.87500000E+02 -7.68747739E-01  1.75711457E+00  9.88366836E-01  2.50000000E-02  3.56572727E-12  4.50825934E-11 
     287  1.62500000E+02  1.87500000E+02  6.97657624E-01  2.90709212E-01  9.88366836E-01  2.50000000E-02  1.23372984E-10  3.55205295E-10 
     288  1.87500000E+02  1.87500000E+02 -7.86922382E-01  1.77528922E+00  9.88366836E-01  2.50000000E-02  4.63754164E-11  8.70623918E-11 
     289  2.12500000E+02  1.87500000E+02  8.79619040E-01  1.08747796E-01  9.88366836E-01  2.50000000E-02 -2.00727320E-10  2.18862141E-11 
     290  2.37500000E+02  1.87500000E+02 -5.35190590E-01  1.52355743E+00  9.88366836E-01  2.50000000E-02 -5.55767743E-11  5.88180338E-11 
     291  2.62500000E+02  1.87500000E+02 -9.78600396E-01  1.96696723E+00  9.88366836E-01  2.50000000E-02 -4.68869839E-11 -2.16194197E-10 
     292  2.87500000E+02  1.87500000E+02  3.11980387E-01  6.76386449E-01  9.88366836E-01  2.50000000E-02 -6.08629864E-12 -7.82122182E-11 
     293  3.12500000E+02  1.87500000E+02 -1.53058204E-02  1.00367266E+00  9.88366836E-01  2.50000000E-02  1.41933967E-11  1.21155308E-10 
     294  3.37500000E+02  1.87500000E+02 -5.46319126E-01  1.53468596E+00  9.88366836E-01  2.50000000E-02  1.56785042E-11 -4.57778639E-11 
     295  3.62500000E+02  1.87500000E+02 -2.35273906E-01  1.22364074E+00  9.88366836E-01  2.50000000E-02  5.49183337E-12  3.35268942E-11 
     296  3.87500000E+02  1.87500000E+02 -3.51627214E-01  1.33999405E+00  9.88366836E-01  2.50000000E-02 -4.74029797E-12  1.98367476E-11 
     297  4.12500000E+02  1.87500000E+02  8.13906002E-01  1.74460833E-01  9.88366836E-01  2.50000000E-02  2.03268704E-11  1.26585818E-10 
     298  4.37500000E+02  1.87500000E+02  4.28358932E-01  5.60007904E-01  9.88366836E-01  2.50000000E-02  3.01999429E-11  6.06101772E-11 
     299  4.62500000E+02  1.87500000E+02 -1.51875673E-01  1.14024251E+00  9.88366836E-01  2.50000000E-02  3.49780666E-11  1.39251464E-11 
     300  4.87500000E+02  1.87500000E+02  2.23783840E-01  7.64582996E-01  9.88366836E-01  2.50000000E-02  3.73801377E-11  7.20913800E-12 
     301  5.12500000E+02  1.87500000E+02 -5.94372845E-01  1.58273968E+00  9.88366836E-01  2.50000000E-02  3.97409816E-11  2.88729417E-12 
     302  5.37500000E+02  1.87500000E+02  4.10290570E-01  5.78076266E-01  9.88366836E-01  2.50000000E-02  3.64294437E-11 -1.34195128E-11 
     303  5.62500000E+02  1.87500000E+02  2.14724687E-01  7.73642149E-01  9.88366836E-01  2.50000000E-02  2.30583395E-11  2.51887064E-11 
     304  5.87500000E+02  1.87500000E+02 -9.92053210E-01  1.98042005E+00  9.88366836E-01  2.50000000E-02  4.30563506E-12  2.42017883E-11 
     305  6.12500000E+02  1.87500000E+02 -9.90360644E-01  1.97872748E+00  9.88366836E-01  2.50000000E-02  1.56873017E-12  1.08142147E-11 
     306  6.37500000E+02  1.87500000E+02 -5.38917583E-02  1.04225859E+00  9.88366836E-01  2.50000000E-02  5.49174741E-12 -1.51630685E-12 
     307  6.62500000E+02  1.87500000E+02  1.33030385E-01  8.55336450E-01  9.88366836E-01  2.50000000E-02  6.93145046E-12 -1.03032335E-12 
     308  6.87500000E+02  1.87500000E+02 -4.04030470E-01  1.39239731E+00  9.88366836E-01  2.50000000E-02  6.00351194E-12  2.16645813E-11 
     309  7.12500000E+02  1.87500000E+02 -8.13372492E-01  1.80173933E+00  9.88366836E-01  2.50000000E-02  7.04651392E-12  1.34588434E-12 
     310  7.37500000E+02  1.87500000E+02  5.26055641E-01  4.62311194E-01  9.88366836E-01  2.50000000E-02  1.31804809E-11  1.60350778E-12 
     311  7.62500000E+02  1.87500000E+02 -1.21979092E-01  1.11034593E+00  9.88366836E-01  2.50000000E-02  1.31780115E-11 -5.19833310E-12 
     312  7.87500000E+02  1.87500000E+02  9.51504665E-01  3.68621712E-02  9.88366836E-01  2.50000000E-02  6.28652617E-12  4.66024739E-12 
     313  8.12500000E+02  1.87500000E+02  1.21368449E-02  9.76229991E-01  9.88366836E-01  2.50000000E-02 -4.98895372E-12  1.38609306E-11 
     314  8.37500000E+02  1.87500000E+02  5.57994914E-02  9.32567344E-01  9.88366836E-01  2.50000000E-02 -3.98504116E-12  6.20519264E-12 
     315  8.62500000E+02  1.87500000E+02  3.00266358E-01  6.88100477E-01  9.88366836E-01  2.50000000E-02 -2.26635210E-12  4.50911518E-12 
     316  8.87500000E+02  1.87500000E+02  1.38933373E-02  9.74473498E-01  9.88366836E-01  2.50000000E-02 -1.80907735E-12  1.02342769E-11 
     317  9.12500000E+02  1.87500000E+02 -7.75471231E-01  1.76383807E+00  9.88366836E-01  2.50000000E-02 -3.86700906E-13  5.21547897E-12 
     318  9.37500000E+02  1.87500000E+02 -8.13535488E-01  1.80190232E+00  9.88366836E-01  2.50000000E-02  3.27444729E-13  2.38006265E-12 
     319  9.62500000E+02  1.87500000E+02 -3.31835338E-01  1.32020217E+00  9.88366836E-01  2.50000000E-02  3.23081963E-13  1.67636698E-12 
     320  9.87500000E+02  1.87500000E+02 -3.84744574E-01  1.37311141E+00  9.88366836E-01  2.50000000E-02 -1.21805555E-14  2.23743587E-12 
     321  1.25000000E+01  2.12500000E+02  2.44844554E-01  7.43522282E-01  9.88366836E-01  2.50000000E-02  7.45089663E-13  1.63021596E-11 
     322  3.75000000E+01  2.12500000E+02 -8.38942158E-01  1.82730899E+00  9.88366836E-01  2.50000000E-02  2.85437538E-12  1.54350768E-11 
     323  6.25000000E+01  2.12500000E+02  8.76437427E-01  1.11929408E-01  9.88366836E-01  2.50000000E-02  3.27093355E-11  1.31652621E-11 
     324  8.75000000E+01  2.12500000E+02 -9.82525714E-01  1.97089255E+00  9.88366836E-01  2.50000000E-02  4.80115013E-11  2.76635985E-11 
     325  1.12500000E+02  2.12500000E+02  5.51450105E-01  4.36916731E-01  9.88366836E-01  2.50000000E-02  6.06663929E-11  1.94209681E-11 
     326  1.37500000E+02  2.12500000E+02  9.23851166E-01  6.45156697E-02  9.88366836E-01  2.50000000E-02  3.70977370E-10  6.13884395E-11 
     327  1.62500000E+02  2.12500000E+02  7.21559825E-01  2.66807011E-01  9.88366836E-01  2.50000000E-02  4.46212564E-10  3.32275900E-10 
     328  1.87500000E+02  2.12500000E+02 -5.98162436E-01  1.58652927E+00  9.88366836E-01  2.50000000E-02  2.73244832E-10  2.30333946E-11 
     329  2.12500000E+02  2.12500000E+02 -2.67355377E-01  1.25572221E+00  9.88366836E-01  2.50000000E-02  3.29525503E-10 -1.30941075E-10 
     330  2.37500000E+02  2.12500000E+02  9.29246853E-01  5.91199821E-02  9.88366835E-01  2.50000000E-02  1.02316284E-08 -7.33620164E-10 
     331  2.62500000E+02  2.12500000E+02 -5.41489150E-01  1.52985599E+00  9.88366836E-01  2.50000000E-02  2.05571383E-08 -1.96842132E-10 
     332  2.87500000E+02  2.12500000E+02  9.61606288E-01  2.67605475E-02  9.88366836E-01  2.50000000E-02  1.13581311E-08  1.57760158E-10 
     333  3.12500000E+02  2.12500000E+02 -9.96976256E-01  1.98534309E+00  9.88366836E-01  2.50000000E-02  9.86632552E-10  1.56252215E-10 
     334  3.37500000E+02  2.12500000E+02  7.03037147E-01  2.85329689E-01  9.88366836E-01  2.50000000E-02  5.75221266E-10 -1.35647289E-10 
     335  3.62500000E+02  2.12500000E+02 -9.91669405E-01  1.98003624E+00  9.88366836E-01  2.50000000E-02  7.93869630E-11  4.27639490E-11 
     336  3.87500000E+02  2.12500000E+02 -7.82311094E-01  1.77067793E+00  9.88366836E-01  2.50000000E-02  5.98967097E-11  4.49172649E-11 
     337  4.12500000E+02  2.12500000E+02  6.48352156E-01  3.40014679E-01  9.88366836E-01  2.50000000E-02  8.78295538E-11  1.15752118E-10 
     338  4.37500000E+02  2.12500000E+02  6.96944532E-01  2.91422304E-01  9.88366836E-01  2.50000000E-02  5.73131697E-11  5.37243368E-11 
     339  4.62500000E+02  2.12500000E+02 -8.76132359E-01  1.86449919E+00  9.88366836E-01  2.50000000E-02  1.74776289E-11  1.39901756E-11 
     340  4.87500000E+02  2.12500000E+02 -5.73095536E-01  1.56146237E+00  9.88366836E-01  2.50000000E-02  1.38553785E-11  9.34135314E-12 
     341  5.12500000E+02  2.12500000E+02 -9.01463864E-01  1.88983070E+00  9.88366836E-01  2.50000000E-02  1.41742016E-11  6.33442814E-12 
     342  5.37500000E+02  2.12500000E+02  7.33343231E-01  2.55023605E-01  9.88366836E-01  2.50000000E-02  2.95465512E-11  2.56269331E-12 
     343  5.62500000E+02  2.12500000E+02 -1.68227038E-01  1.15659387E+00  9.88366836E-01  2.50000000E-02  1.95012007E-11  2.67992569E-11 
     344  5.87500000E+02  2.12500000E+02 -1.82784566E-01  1.17115140E+00  9.88366836E-01  2.50000000E-02  1.62480338E-11  2.71984053E-11 
     345  6.12500000E+02  2.12500000E+02 -7.99218124E-03  9.96359017E-01  9.88366836E-01  2.50000000E-02  1.25206674E-11  1.43168395E-11 
     346  6.37500000E+02  2.12500000E+02  2.75438084E-01  7.12928752E-01  9.88366836E-01  2.50000000E-02  1.28904236E-11  1.57764897E-12 
     347  6.62500000E+02  2.12500000E+02  9.24385959E-01  6.39808772E-02  9.88366836E-01  2.50000000E-02  1.94519389E-11  4.31408427E-12 
     348  6.87500000E+02  2.12500000E+02 -1.36616828E-01  1.12498366E+00  9.88366836E-01  2.50000000E-02  2.22154168E-12  1.89950268E-11 
     349  7.12500000E+02  2.12500000E+02 -5.19049607E-01  1.50741644E+00  9.88366836E-01  2.50000000E-02  2.55878627E-12  1.71947267E-12 
     350  7.37500000E+02  2.12500000E+02  8.47420159E-01  1.40946677E-01  9.88366836E-01  2.50000000E-02  1.31779619E-11  6.65162474E-12 
     351  7.62500000E+02  2.12500000E+02  9.79561948E-01  8.80488759E-03  9.88366836E-01  2.50000000E-02  2.65072281E-11  1.05038289E-11 
     352  7.87500000E+02  2.12500000E+02  3.08941214E-01  6.79425622E-01  9.88366836E-01  2.50000000E-02  1.42471693E-12 -1.32795305E-12 
     353  8.12500000E+02  2.12500000E+02 -3.97161530E-01  1.38552837E+00  9.88366836E-01  2.50000000E-02  9.02492105E-13  1.29054734E-11 
     354  8.37500000E+02  2.12500000E+02  7.58434357E-01  2.29932479E-01  9.88366836E-01  2.50000000E-02 -1.59689149E-12  8.17685217E-12 
     355  8.62500000E+02  2.12500000E+02 -5.78647185E-01  1.56701402E+00  9.88366836E-01  2.50000000E-02 -2.02621619E-12  3.00026456E-12 
     356  8.87500000E+02  2.12500000E+02  4.66734109E-02  9.41693425E-01  9.88366836E-01  2.50000000E-02 -2.14446126E-12  9.26043667E-12 
     357  9.12500000E+02  2.12500000E+02  8.68719284E-01  1.19647552E-01  9.88366836E-01  2.50000000E-02 -3.24606045E-12  6.02325033E-12 
     358  9.37500000E+02  2.12500000E+02 -2.26269460E-01  1.21463630E+00  9.88366836E-01  2.50000000E-02  1.08988497E-12  2.23179425E-12 
     359  9.62500000E+02  2.12500000E+02 -7.63339254E-01  1.75170609E+00  9.88366836E-01  2.50000000E-02  1.24826854E-12  2.38609629E-12 
     360  9.87500000E+02  2.12500000E+02  9.44908009E-01  4.34588272E-02  9.88366836E-01  2.50000000E-02  2.89443108E-12  5.06805026E-12 
     361  1.25000000E+01  2.37500000E+02  3.55041820E-01  6.33325016E-01  9.88366836E-01  2.50000000E-02 -6.59997519E-13  1.68757698E-11 
     362  3.75000000E+01  2.37500000E+02  3.41509921E-01  6.46856915E-01  9.88366836E-01  2.50000000E-02 -1.28038700E-12  1.46234284E-11 
     363  6.25000000E+01  2.37500000E+02 -5.68093173E-01  1.55646001E+00  9.88366836E-01  2.50000000E-02 -3.03724423E-12  6.40267436E-12 
     364  8.75000000E+01  2.37500000E+02  2.68487339E-01  7.19879496E-01  9.88366836E-01  2.50000000E-02 -3.06544292E-12  1.72132782E-11 
     365  1.12500000E+02  2.37500000E+02 -7.27306446E-01  1.71567328E+00  9.88366836E-01  2.50000000E-02  1.52309043E-12  2.21318432E-11 
     366  1.37500000E+02  2.37500000E+02  5.67759217E-01  4.20607619E-01  9.88366836E-01  2.50000000E-02  8.51994576E-12 -8.34750501E-12 
     367  1.62500000E+02  2.37500000E+02  9.79894557E-01  8.47227880E-03  9.88366836E-01  2.50000000E-02  3.39159566E-11 -6.21031828E-11 
     368  1.87500000E+02  2.37500000E+02  1.12566056E-02  9.77110230E-01  9.88366836E-01  2.50000000E-02 -4.24593280E-11 -6.72121155E-11 
     369  2.12500000E+02  2.37500000E+02  1.03523423E-01  8.84843413E-01  9.88366836E-01  2.50000000E-02 -5.55559480E-11 -1.29670572E-10 
     370  2.37500000E+02  2.37500000E+02  3.41537357E-01  6.46829479E-01  9.88366836E-01  2.50000000E-02 -1.01169085E-10 -1.78244045E-09 
     371  2.62500000E+02  2.37500000E+02  3.30516002E-01  6.57850834E-01  9.88366836E-01  2.50000000E-02 -1.26894424E-10 -3.93192757E-12 
     372  2.87500000E+02  2.37500000E+02  4.31850495E-01  5.56516340E-01  9.88366836E-01  2.50000000E-02 -1.12678233E-10  1.31801474E-10 
     373  3.12500000E+02  2.37500000E+02  3.44948787E-01  6.43418049E-01  9.88366836E-01  2.50000000E-02 -1.01227466E-10  1.97479943E-10 
     374  3.37500000E+02  2.37500000E+02  8.99211308E-01  8.91555277E-02  9.88366836E-01  2.50000000E-02 -1.11295715E-10  1.88796035E-10 
     375  3.62500000E+02  2.37500000E+02 -2.08322164E-01  1.19668900E+00  9.88366836E-01  2.50000000E-02 -1.17410309E-11  5.48749829E-11 
     376  3.87500000E+02  2.37500000E+02  1.34885945E-01  8.53480891E-01  9.88366836E-01  2.50000000E-02 -1.32750922E-11  1.00705732E-10 
     377  4.12500000E+02  2.37500000E+02  6.77860891E-01  3.10505945E-01  9.88366836E-01  2.50000000E-02 -1.98319311E-11  1.06590409E-10 
     378  4.37500000E+02  2.37500000E+02  5.42106827E-01  4.46260009E-01  9.88366836E-01  2.50000000E-02  9.34311005E-12  6.70798273E-11 
     379  4.62500000E+02  2.37500000E+02  5.81020619E-01  4.07346217E-01  9.88366836E-01  2.50000000E-02  3.00339529E-11  1.94693528E-11 
     380  4.87500000E+02  2.37500000E+02  8.48891551E-01  1.39475285E-01  9.88366836E-01  2.50000000E-02  5.41434815E-11  6.41911353E-11 
     381  5.12500000E+02  2.37500000E+02  6.13149962E-01  3.75216874E-01  9.88366836E-01  2.50000000E-02  3.49499077E-11  4.08927920E-11 
     382  5.37500000E+02  2.37500000E+02  7.83830333E-01  2.04536502E-01  9.88366836E-01  2.50000000E-02  2.86705343E-11  2.04144176E-11 
     383  5.62500000E+02  2.37500000E+02  9.08825902E-01  7.95409337E-02  9.88366836E-01  2.50000000E-02  2.08573791E-11  4.64889093E-11 
     384  5.87500000E+02  2.37500000E+02 -1.34468632E-01  1.12283547E+00  9.88366836E-01  2.50000000E-02  6.82471546E-12  3.54174744E-11 
     385  6.12500000E+02  2.37500000E+02  3.34650640E-01  6.53716196E-01  9.88366836E-01  2.50000000E-02  6.00935021E-12  2.18315928E-11 
     386  6.37500000E+02  2.37500000E+02  4.15609584E-01  5.72757251E-01  9.88366836E-01  2.50000000E-02  5.51067064E-12  7.73758597E-12 
     387  6.62500000E+02  2.37500000E+02 -9.77713809E-01  1.96608064E+00  9.88366836E-01  2.50000000E-02 -1.62236752E-14  3.22008995E-12 
     388  6.87500000E+02  2.37500000E+02 -1.11305828E-01  1.09967266E+00  9.88366836E-01  2.50000000E-02 -1.44776449E-12  1.70488644E-11 
     389  7.12500000E+02  2.37500000E+02  8.58179792E-01  1.30187044E-01  9.88366836E-01  2.50000000E-02  1.58565878E-11  1.48378371E-11 
     390  7.37500000E+02  2.37500000E+02  4.32972426E-01  5.55394409E-01  9.88366836E-01  2.50000000E-02  1.73030025E-11  6.11191590E-12 
     391  7.62500000E+02  2.37500000E+02  9.65989899E-01  2.23769365E-02  9.88366836E-01  2.50000000E-02  8.00624162E-12 -6.01468846E-13 
     392  7.87500000E+02  2.37500000E+02  1.24913734E-01  8.63453102E-01  9.88366836E-01  2.50000000E-02 -7.25047974E-13 -9.98407865E-13 
     393  8.12500000E+02  2.37500000E+02 -2.80744632E-01  1.26911147E+00  9.88366836E-01  2.50000000E-02  5.81193352E-13  1.25950215E-11 
     394  8.37500000E+02  2.37500000E+02 -2.61851218E-01  1.25021805E+00  9.88366836E-01  2.50000000E-02  2.63333228E-13  3.76159594E-12 
     395  8.62500000E+02  2.37500000E+02 -7.91797223E-01  1.78016406E+00  9.88366836E-01  2.50000000E-02 -3.27066027E-13  2.89401028E-12 
     396  8.87500000E+02  2.37500000E+02 -5.79944574E-01  1.56831141E+00  9.88366836E-01  2.50000000E-02  7.37116123E-13  8.50857929E-12 
     397  9.12500000E+02  2.37500000E+02 -3.91335675E-01  1.37970251E+00  9.88366836E-01  2.50000000E-02  1.62516539E-12  1.88440833E-12 
     398  9.37500000E+02  2.37500000E+02  9.45837524E-01  4.25293121E-02  9.88366836E-01  2.50000000E-02  2.35964596E-12  8.74714360E-12 
     399  9.62500000E+02  2.37500000E+02  3.37232494E-01  6.51134342E-01  9.88366836E-01  2.50000000E-02  2.39988627E-13  4.28785030E-12 
     400  9.87500000E+02  2.37500000E+02  1.21210509E-01  8.67156326E-01  9.88366836E-01  2.50000000E-02  8.91419158E-14  2.93853284E-14 
     401  1.25000000E+01  2.62500000E+02 -9.34840164E-01  1.92320700E+00  9.88366836E-01  2.50000000E-02  1.91035003E-12  1.76214942E-11 
     402  3.75000000E+01  2.62500000E+02 -9.55515730E-01  1.94388257E+00  9.88366836E-01  2.50000000E-02  3.46541271E-12  9.42985652E-12 
     403  6.25000000E+01  2.62500000E+02  6.26565141E-01  3.61801695E-01  9.88366836E-01  2.50000000E-02 -1.92740599E-12  7.45661960E-12 
     404  8.75000000E+01  2.62500000E+02 -7.22820953E-01  1.71118779E+00  9.88366836E-01  2.50000000E-02  4.88154347E-12  1.66715842E-11 
     405  1.12500000E+02  2.62500000E+02  7.85906675E-01  2.02460160E-01  9.88366836E-01  2.50000000E-02  3.25246282E-11  1.85010616E-11 
     406  1.37500000E+02  2.62500000E+02  8.95852159E-01  9.25146763E-02  9.88366836E-01  2.50000000E-02  6.77593551E-11 -2.36223605E-13 
     407  1.62500000E+02  2.62500000E+02 -5.06916641E-01  1.49528348E+00  9.88366836E-01  2.50000000E-02  4.96959041E-11 -4.54900246E-11 
     408  1.87500000E+02  2.62500000E+02 -5.87829816E-01  1.57619665E+00  9.88366836E-01  2.50000000E-02  5.00192692E-11 -3.21463252E-11 
     409  2.12500000E+02  2.62500000E+02 -1.34708598E-01  1.12307543E+00  9.88366836E-01  2.50000000E-02  5.67454344E-11 -1.00249433E-10 
     410  2.37500000E+02  2.62500000E+02  8.47734741E-01  1.40632095E-01  9.88366836E-01  2.50000000E-02 -6.29394200E-11 -9.95331081E-10 
     411  2.62500000E+02  2.62500000E+02  4.76887218E-01  5.11479618E-01  9.88366836E-01  2.50000000E-02 -1.35221308E-10 -2.80689159E-12 
     412  2.87500000E+02  2.62500000E+02  2.00159583E-01  7.88207253E-01  9.88366836E-01  2.50000000E-02 -8.27071270E-11  8.19500329E-11 
     413  3.12500000E+02  2.62500000E+02 -4.78297783E-01  1.46666462E+00  9.88366836E-01  2.50000000E-02 -6.08156185E-11  1.52558073E-10 
     414  3.37500000E+02  2.62500000E+02  3.56056858E-01  6.32309978E-01  9.88366836E-01  2.50000000E-02 -4.38117830E-11  1.29886345E-11 
     415  3.62500000E+02  2.62500000E+02 -4.05332105E-01  1.39369894E+00  9.88366836E-01  2.50000000E-02 -2.71292936E-12  5.85241741E-11 
     416  3.87500000E+02  2.62500000E+02 -3.03954547E-01  1.29232138E+00  9.88366836E-01  2.50000000E-02  3.71318351E-12  8.53933153E-11 
     417  4.12500000E+02  2.62500000E+02 -8.01330835E-01  1.78969767E+00  9.88366836E-01  2.50000000E-02 -1.99388208E-12  5.22953357E-11 
     418  4.37500000E+02  2.62500000E+02  9.54547333E-01  3.38195024E-02  9.88366836E-01  2.50000000E-02 -2.38531784E-11  1.32855809E-10 
     419  4.62500000E+02  2.62500000E+02  8.90316133E-01  9.80507031E-02  9.88366836E-01  2.50000000E-02 -5.33504755E-13  5.92068515E-11 
     420  4.87500000E+02  2.62500000E+02  7.08974002E-01  2.79392834E-01  9.88366836E-01  2.50000000E-02 -1.97699080E-11  6.29040986E-11 
     421  5.12500000E+02  2.62500000E+02  6.65835253E-01  3.22531583E-01  9.88366836E-01  2.50000000E-02 -1.41930768E-11  4.94707829E-11 
     422  5.37500000E+02  2.62500000E+02 -7.56810450E-01  1.74517729E+00  9.88366836E-01  2.50000000E-02  3.51649980E-13  3.27021574E-11 
     423  5.62500000E+02  2.62500000E+02  2.22872355E-01  7.65494481E-01  9.88366836E-01  2.50000000E-02 -3.50967283E-12  2.51245384E-11 
     424  5.87500000E+02  2.62500000E+02  1.94286672E-01  7.94080164E-01  9.88366836E-01  2.50000000E-02 -1.11217146E-11  4.22791611E-11 
     425  6.12500000E+02  2.62500000E+02  3.02195158E-01  6.86171677E-01  9.88366836E-01  2.50000000E-02 -1.28098160E-11  2.09791990E-11 
     426  6.37500000E+02  2.62500000E+02 -1.01702793E-01  1.09006963E+00  9.88366836E-01  2.50000000E-02 -8.04755803E-12  8.34433288E-12 
     427  6.62500000E+02  2.62500000E+02 -8.44736268E-01  1.83310310E+00  9.88366836E-01  2.50000000E-02 -7.31507857E-12  4.22260077E-12 
     428  6.87500000E+02  2.62500000E+02 -1.13311707E-02  9.99698006E-01  9.88366836E-01  2.50000000E-02 -6.70585071E-12  1.63221350E-11 
     429  7.12500000E+02  2.62500000E+02  6.77916363E-01  3.10450473E-01  9.88366836E-01  2.50000000E-02  4.91298584E-12  1.06364025E-11 
     430  7.37500000E+02  2.62500000E+02 -5.21512721E-01  1.50987956E+00  9.88366836E-01  2.50000000E-02  2.90256402E-12  5.27389566E-12 
     431  7.62500000E+02  2.62500000E+02  4.69066451E-01  5.19300385E-01  9.88366836E-01  2.50000000E-02  1.76201384E-12  7.47349293E-13 
     432  7.87500000E+02  2.62500000E+02 -8.56823764E-01  1.84519060E+00  9.88366836E-01  2.50000000E-02  7.88078750E-14 -6.84321521E-13 
     433  8.12500000E+02  2.62500000E+02  8.59767371E-02  9.02390099E-01  9.88366836E-01  2.50000000E-02 -5.29101311E-13  1.37090513E-11 
     434  8.37500000E+02  2.62500000E+02 -1.82638404E-01  1.17100524E+00  9.88366836E-01  2.50000000E-02 -1.11659871E-12  3.61718571E-12 
     435  8.62500000E+02  2.62500000E+02  2.06930704E-01  7.81436132E-01  9.88366836E-01  2.50000000E-02 -1.28416396E-12  3.87508561E-12 
     436  8.87500000E+02  2.62500000E+02  4.00383273E-01  5.87983562E-01  9.88366836E-01  2.50000000E-02 -1.41644964E-13  8.15561916E-12 
     437  9.12500000E+02  2.62500000E+02 -2.58413072E-01  1.24677991E+00  9.88366836E-01  2.50000000E-02  9.06287779E-13  1.84184062E-12 
     438  9.37500000E+02  2.62500000E+02 -7.37106387E-01  1.72547322E+00  9.88366836E-01  2.50000000E-02  2.59013923E-13  2.32557191E-12 
     439  9.62500000E+02  2.62500000E+02 -8.13081408E-01  1.80144824E+00  9.88366836E-01  2.50000000E-02  5.59128245E-15  4.29876136E-12 
     440  9.87500000E+02  2.62500000E+02 -5.16564687E-01  1.50493152E+00  9.88366836E-01  2.50000000E-02  1.56993805E-13  4.98638806E-14 
     441  1.25000000E+01  2.87500000E+02  8.33477417E-01  1.54889419E-01  9.88366836E-01  2.50000000E-02  2.11853531E-12  2.06417233E-11 
     442  3.75000000E+01  2.87500000E+02 -9.98707575E-01  1.98707441E+00  9.88366836E-01  2.50000000E-02  3.11419746E-12  8.22070028E-12 
     443  6.25000000E+01  2.87500000E+02 -3.28974606E-01  1.31734144E+00  9.88366836E-01  2.50000000E-02  3.37148535E-12  7.24461797E-12 
     444  8.75000000E+01  2.87500000E+02  7.84918661E-01  2.03448175E-01  9.88366836E-01  2.50000000E-02  1.30451380E-11  1.91264118E-11 
     445  1.12500000E+02  2.87500000E+02 -9.03909283E-02  1.07875776E+00  9.88366836E-01  2.50000000E-02  1.37070551E-11 -4.44783578E-12 
     446  1.37500000E+02  2.87500000E+02  4.75391453E-02  9.40827690E-01  9.88366836E-01  2.50000000E-02  1.32989478E-11 -4.51342592E-12 
     447  1.62500000E+02  2.87500000E+02 -8.47335720E-01  1.83570256E+00  9.88366836E-01  2.50000000E-02 -2.49278692E-12 -4.97553806E-11 
     448  1.87500000E+02  2.87500000E+02 -4.00822679E-01  1.38918952E+00  9.88366836E-01  2.50000000E-02 -2.39210554E-11 -2.29181901E-11 
     449  2.12500000E+02  2.87500000E+02  2.14785155E-02  9.66888320E-01  9.88366836E-01  2.50000000E-02 -7.36483384E-11 -8.32395167E-11 
     450  2.37500000E+02  2.87500000E+02 -5.47241463E-01  1.53560830E+00  9.88366836E-01  2.50000000E-02 -8.71177437E-11 -8.80060558E-11 
     451  2.62500000E+02  2.87500000E+02 -2.74508318E-01  1.26287515E+00  9.88366836E-01  2.50000000E-02 -8.53001448E-11 -5.14853594E-12 
     452  2.87500000E+02  2.87500000E+02  1.64184089E-01  8.24182747E-01  9.88366836E-01  2.50000000E-02 -9.72593146E-11  5.11804540E-11 
     453  3.12500000E+02  2.87500000E+02  3.72539936E-01  6.15826900E-01  9.88366836E-01  2.50000000E-02 -8.25842402E-11  1.26995962E-10 
     454  3.37500000E+02  2.87500000E+02 -6.12205178E-01  1.60057201E+00  9.88366836E-01  2.50000000E-02 -7.58198206E-11 -1.61695824E-12 
     455  3.62500000E+02  2.87500000E+02  5.38933411E-01  4.49433424E-01  9.88366836E-01  2.50000000E-02 -6.78612513E-11  5.73802548E-11 
     456  3.87500000E+02  2.87500000E+02 -6.94758963E-01  1.68312580E+00  9.88366836E-01  2.50000000E-02 -4.15264244E-11  7.55396371E-11 
     457  4.12500000E+02  2.87500000E+02  2.53964569E-01  7.34402267E-01  9.88366836E-01  2.50000000E-02 -1.45937921E-11  3.94483433E-11 
     458  4.37500000E+02  2.87500000E+02 -4.05095158E-01  1.39346199E+00  9.88366836E-01  2.50000000E-02  3.10980481E-12  8.91661094E-12 
     459  4.62500000E+02  2.87500000E+02  4.50713467E-01  5.37653369E-01  9.88366836E-01  2.50000000E-02  1.57219219E-12  1.10748325E-11 
     460  4.87500000E+02  2.87500000E+02  4.34032856E-01  5.54333980E-01  9.88366836E-01  2.50000000E-02  2.99007428E-13  4.18888031E-11 
     461  5.12500000E+02  2.87500000E+02  8.53116490E-01  1.35250346E-01  9.88366836E-01  2.50000000E-02 -1.71036544E-11  6.17631026E-11 
     462  5.37500000E+02  2.87500000E+02  9.51742552E-01  3.66242840E-02  9.88366836E-01  2.50000000E-02 -1.53055666E-11  4.31762718E-11 
     463  5.62500000E+02  2.87500000E+02  4.66086404E-01  5.22280432E-01  9.88366836E-01  2.50000000E-02  1.51957969E-13  2.27595671E-11 
     464  5.87500000E+02  2.87500000E+02 -6.44614476E-01  1.63298131E+00  9.88366836E-01  2.50000000E-02 -3.55953739E-13  4.09203916E-11 
     465  6.12500000E+02  2.87500000E+02 -3.96191500E-01  1.38455834E+00  9.88366836E-01  2.50000000E-02 -5.26837094E-13  1.18182828E-11 
     466  6.37500000E+02  2.87500000E+02  9.33081605E-01  5.52852306E-02  9.88366836E-01  2.50000000E-02 -2.01751580E-12  3.42128701E-11 
     467  6.62500000E+02  2.87500000E+02 -3.17314769E-01  1.30568160E+00  9.88366836E-01  2.50000000E-02  4.95116949E-12  5.38259568E-12 
     468  6.87500000E+02  2.87500000E+02  7.96572196E-01  1.91794640E-01  9.88366836E-01  2.50000000E-02  9.10641516E-12  2.08341781E-11 
     469  7.12500000E+02  2.87500000E+02  8.09256149E-01  1.79110686E-01  9.88366836E-01  2.50000000E-02  1.21742498E-11  9.05469098E-12 
     470  7.37500000E+02  2.87500000E+02  4.17497295E-01  5.70869541E-01  9.88366836E-01  2.50000000E-02  9.95271960E-12  4.90719541E-12 
     471  7.62500000E+02  2.87500000E+02  7.71770057E-01  2.16596779E-01  9.88366836E-01  2.50000000E-02  8.88598549E-12  2.84885389E-12 
     472  7.87500000E+02  2.87500000E+02  9.31914994E-01  5.64518422E-02  9.88366836E-01  2.50000000E-02  7.02095271E-12  2.35373262E-12 
     473  8.12500000E+02  2.87500000E+02 -3.74138657E-01  1.36250549E+00  9.88366836E-01  2.50000000E-02  2.59625739E-12  1.39741540E-11 
     474  8.37500000E+02  2.87500000E+02 -8.49988818E-01  1.83835565E+00  9.88366836E-01  2.50000000E-02  2.73525162E-12  4.87298006E-12 
     475  8.62500000E+02  2.87500000E+02  7.00082609E-01  2.88284227E-01  9.88366836E-01  2.50000000E-02  3.78334021E-12  4.99716541E-12 
     476  8.87500000E+02  2.87500000E+02 -9.10670425E-01  1.89903726E+00  9.88366836E-01  2.50000000E-02  5.81920191E-12  7.58550251E-12 
     477  9.12500000E+02  2.87500000E+02  6.07538114E-01  3.80828722E-01  9.88366836E-01  2.50000000E-02  6.93525605E-12  1.87189297E-12 
     478  9.37500000E+02  2.87500000E+02  2.30521661E-01  7.57845175E-01  9.88366836E-01  2.50000000E-02  6.06153532E-12  2.93953939E-12 
     479  9.62500000E+02  2.87500000E+02  7.48881598E-01  2.39485238E-01  9.88366836E-01  2.50000000E-02  3.36110397E-12  6.25035789E-12 
     480  9.87500000E+02  2.87500000E+02 -4.58150855E-01  1.44651769E+00  9.88366836E-01  2.50000000E-02  1.25771089E-13  1.56344875E-13 
     481  1.25000000E+01  3.12500000E+02  8.89455632E-01  9.89112037E-02  9.88366836E-01  2.50000000E-02  3.93878804E-12  1.51999865E-11 
     482  3.75000000E+01  3.12500000E+02 -6.31376517E-01  1.61974335E+00  9.88366836E-01  2.50000000E-02  9.05632230E-12  6.22307850E-12 
     483  6.25000000E+01  3.12500000E+02  3.05552792E-01  6.82814044E-01  9.88366836E-01  2.50000000E-02  1.02384118E-11  5.56174326E-12 
     484  8.75000000E+01  3.12500000E+02  1.01249800E-01  8.87117036E-01  9.88366836E-01  2.50000000E-02  1.06916063E-11  2.41515789E-12 
     485  1.12500000E+02  3.12500000E+02 -6.71278176E-01  1.65964501E+00  9.88366836E-01  2.50000000E-02  1.22465132E-11 -3.73549010E-12 
     486  1.37500000E+02  3.12500000E+02  7.13473855E-01  2.74892981E-01  9.88366836E-01  2.50000000E-02  2.55144517E-11 -6.34565381E-12 
     487  1.62500000E+02  3.12500000E+02  3.81535222E-01  6.06831614E-01  9.88366836E-01  2.50000000E-02  2.62802393E-11 -6.65662538E-11 
     488  1.87500000E+02  3.12500000E+02  9.56451482E-01  3.19153538E-02  9.88366836E-01  2.50000000E-02 -3.27358312E-11 -9.17714251E-11 
     489  2.12500000E+02  3.12500000E+02  7.75383494E-01  2.12983342E-01  9.88366836E-01  2.50000000E-02 -7.04539781E-11 -8.19039172E-11 
     490  2.37500000E+02  3.12500000E+02 -7.42396327E-01  1.73076316E+00  9.88366836E-01  2.50000000E-02 -9.14467747E-11 -7.02740378E-11 
     491  2.62500000E+02  3.12500000E+02  1.02374976E-01  8.85991859E-01  9.88366836E-01  2.50000000E-02 -8.93953193E-11 -1.65854296E-11 
     492  2.87500000E+02  3.12500000E+02 -7.45134914E-01  1.73350175E+00  9.88366836E-01  2.50000000E-02 -4.66395129E-11  3.64727256E-11 
     493  3.12500000E+02  3.12500000E+02 -9.64563739E-01  1.95293057E+00  9.88366836E-01  2.50000000E-02 -2.11871811E-11  1.19776861E-10 
     494  3.37500000E+02  3.12500000E+02 -5.81170204E-01  1.56953704E+00  9.88366836E-01  2.50000000E-02 -9.27577712E-12 -3.54894285E-12 
     495  3.62500000E+02  3.12500000E+02 -7.55561457E-01  1.74392829E+00  9.88366836E-01  2.50000000E-02 -1.27689494E-11  2.17023964E-11 
     496  3.87500000E+02  3.12500000E+02 -3.49295018E-01  1.33766185E+00  9.88366836E-01  2.50000000E-02 -1.57782360E-11  6.58790399E-11 
     497  4.12500000E+02  3.12500000E+02  9.88179630E-01  1.87205983E-04  9.88366836E-01  2.50000000E-02 -3.68974523E-10  9.92556652E-10 
     498  4.37500000E+02  3.12500000E+02  1.76495243E-01  8.11871593E-01  9.88366836E-01  2.50000000E-02 -1.36781315E-11  1.45399795E-11 
     499  4.62500000E+02  3.12500000E+02 -6.12133846E-02  1.04958022E+00  9.88366836E-01  2.50000000E-02 -1.49096348E-11  8.49117979E-12 
     500  4.87500000E+02  3.12500000E+02 -1.10749767E-01  1.09911660E+00  9.88366836E-01  2.50000000E-02 -1.77342546E-11  3.47756932E-11 
     501  5.12500000E+02  3.12500000E+02  1.54185328E-01  8.34181507E-01  9.88366836E-01  2.50000000E-02 -1.79861317E-11  5.71076330E-11 
     502  5.37500000E+02  3.12500000E+02  1.54441631E-03  9.86822419E-01  9.88366836E-01  2.50000000E-02 -1.69362508E-11  6.60432508E-12 
     503  5.62500000E+02  3.12500000E+02 -2.09939076E-01  1.19830591E+00  9.88366836E-01  2.50000000E-02 -1.52390657E-11  2.24812860E-11 
     504  5.87500000E+02  3.12500000E+02  8.37053587E-02  9.04661477E-01  9.88366836E-01  2.50000000E-02 -1.01119476E-11  3.66400269E-11 
     505  6.12500000E+02  3.12500000E+02 -9.84763029E-01  1.97312986E+00  9.88366836E-01  2.50000000E-02 -6.67501821E-12  6.08396833E-12 
     506  6.37500000E+02  3.12500000E+02  4.72295481E-01  5.16071355E-01  9.88366836E-01  2.50000000E-02 -4.51823689E-12  6.60766072E-12 
     507  6.62500000E+02  3.12500000E+02 -6.67066766E-01  1.65543360E+00  9.88366836E-01  2.50000000E-02 -1.10011774E-12  2.97819475E-12 
     508  6.87500000E+02  3.12500000E+02 -4.64834171E-01  1.45320101E+00  9.88366836E-01  2.50000000E-02 -1.82477978E-13  4.27986347E-12 
     509  7.12500000E+02  3.12500000E+02 -2.73507669E-01  1.26187451E+00  9.88366836E-01  2.50000000E-02 -6.87681587E-13  2.55145848E-12 
     510  7.37500000E+02  3.12500000E+02 -9.70003133E-01  1.95836997E+00  9.88366836E-01  2.50000000E-02 -1.45942900E-12  2.08089816E-12 
     511  7.62500000E+02  3.12500000E+02  2.81929733E-01  7.06437103E-01  9.88366836E-01  2.50000000E-02 -2.82365470E-12  2.12750777E-12 
     512  7.87500000E+02  3.12500000E+02  2.41078169E-01  7.47288666E-01  9.88366836E-01  2.50000000E-02 -3.78152926E-12  5.51220783E-13 
     513  8.12500000E+02  3.12500000E+02  3.95770170E-01  5.92596665E-01  9.88366836E-01  2.50000000E-02 -4.11237544E-12  1.37376548E-11 
     514  8.37500000E+02  3.12500000E+02 -6.42047305E-02  1.05257157E+00  9.88366836E-01  2.50000000E-02 -3.83690742E-12  5.67749569E-12 
     515  8.62500000E+02  3.12500000E+02  6.23029571E-01  3.65337264E-01  9.88366836E-01  2.50000000E-02 -4.40557726E-12  3.28335601E-12 
     516  8.87500000E+02  3.12500000E+02  7.02108725E-01  2.86258111E-01  9.88366836E-01  2.50000000E-02 -3.11305194E-12  5.73600012E-12 
     517  9.12500000E+02  3.12500000E+02 -3.55302842E-03  9.91919864E-01  9.88366836E-01  2.50000000E-02 -5.45902942E-13  6.50115428E-13 
     518  9.37500000E+02  3.12500000E+02 -9.62513231E-01  1.95088007E+00  9.88366836E-01  2.50000000E-02 -2.15130935E-13  3.92136629E-12 
     519  9.62500000E+02  3.12500000E+02 -6.76846554E-01  1.66521339E+00  9.88366836E-01  2.50000000E-02 -9.18077759E-14  6.67413908E-12 
     520  9.87500000E+02  3.12500000E+02  5.26013183E-01  4.62353653E-01  9.88366836E-01  2.50000000E-02  1.09023904E-13  3.02487527E-13 
     521  1.25000000E+01  3.37500000E+02 -4.61756070E-01  1.45012291E+00  9.88366836E-01  2.50000000E-02 -3.61470301E-13  1.21790285E-12 
     522  3.75000000E+01  3.37500000E+02 -5.57306245E-01  1.54567308E+00  9.88366836E-01  2.50000000E-02  6.66354439E-13  4.57791031E-12 
     523  6.25000000E+01  3.37500000E+02 -8.43123585E-01  1.83149042E+00  9.88366836E-01  2.50000000E-02  1.91301689E-12  2.36699410E-12 
     524  8.75000000E+01  3.37500000E+02 -6.36874693E-01  1.62524153E+00  9.88366836E-01  2.50000000E-02  1.81612339E-12  1.30574521E-12 
     525  1.12500000E+02  3.37500000E+02 -8.62173038E-01  1.85053987E+00  9.88366836E-01  2.50000000E-02  1.05186017E-12 -2.91481971E-12 
     526  1.37500000E+02  3.37500000E+02 -9.98801574E-01  1.98716841E+00  9.88366836E-01  2.50000000E-02  1.04989268E-12 -2.60164853E-12 
     527  1.62500000E+02  3.37500000E+02  4.97561888E-01  4.90804948E-01  9.88366836E-01  2.50000000E-02  2.90505228E-12 -6.49172161E-11 
     528  1.87500000E+02  3.37500000E+02  5.55506505E-01  4.32860331E-01  9.88366836E-01  2.50000000E-02  6.55141362E-12 -2.01549136E-11 
     529  2.12500000E+02  3.37500000E+02 -5.14768477E-01  1.50313531E+00  9.88366836E-01  2.50000000E-02  1.83349443E-11 -1.37293038E-11 
     530  2.37500000E+02  3.37500000E+02  4.49690095E-01  5.38676741E-01  9.88366836E-01  2.50000000E-02  1.59967900E-11 -6.80667498E-11 
     531  2.62500000E+02  3.37500000E+02  2.08834336E-01  7.79532500E-01  9.88366836E-01  2.50000000E-02  7.27135702E-12 -2.45339377E-11 
     532  2.87500000E+02  3.37500000E+02  8.80607532E-01  1.07759303E-01  9.88366836E-01  2.50000000E-02 -1.58697865E-11  7.31349451E-11 
     533  3.12500000E+02  3.37500000E+02  7.62143809E-01  2.26223027E-01  9.88366836E-01  2.50000000E-02  1.32583457E-11  1.13385247E-10 
     534  3.37500000E+02  3.37500000E+02  1.91182312E-01  7.97184524E-01  9.88366836E-01  2.50000000E-02  5.64629366E-12 -2.45619199E-12 
     535  3.62500000E+02  3.37500000E+02 -4.39467332E-01  1.42783417E+00  9.88366836E-01  2.50000000E-02  4.62140483E-12  1.71430688E-11 
     536  3.87500000E+02  3.37500000E+02 -6.68779376E-01  1.65714621E+00  9.88366836E-01  2.50000000E-02  5.84185496E-12  5.12666783E-11 
     537  4.12500000E+02  3.37500000E+02 -5.55079330E-01  1.54344617E+00  9.88366836E-01  2.50000000E-02  3.94936762E-12  1.98664637E-11 
     538  4.37500000E+02  3.37500000E+02 -1.77210822E-01  1.16557766E+00  9.88366836E-01  2.50000000E-02 -2.67247273E-12  2.02279989E-11 
     539  4.62500000E+02  3.37500000E+02 -3.32755791E-01  1.32112263E+00  9.88366836E-01  2.50000000E-02 -5.61346440E-12  6.43290973E-12 
     540  4.87500000E+02  3.37500000E+02  4.02397733E-01  5.85969103E-01  9.88366836E-01  2.50000000E-02 -6.64218653E-12  3.13848835E-11 
     541  5.12500000E+02  3.37500000E+02  9.35292297E-01  5.30745392E-02  9.88366836E-01  2.50000000E-02 -1.28871121E-11  4.56306007E-11 
     542  5.37500000E+02  3.37500000E+02  9.15586516E-02  8.96808184E-01  9.88366836E-01  2.50000000E-02 -6.57872689E-12  6.59433453E-12 
     543  5.62500000E+02  3.37500000E+02  8.15716200E-01  1.72650635E-01  9.88366836E-01  2.50000000E-02 -3.05105998E-12  2.00348026E-11 
     544  5.87500000E+02  3.37500000E+02 -5.03468074E-01  1.49183491E+00  9.88366836E-01  2.50000000E-02  1.00047373E-11  3.43215382E-11 
     545  6.12500000E+02  3.37500000E+02 -6.69021962E-01  1.65738880E+00  9.88366836E-01  2.50000000E-02  1.14607295E-11  3.91676176E-12 
     546  6.37500000E+02  3.37500000E+02 -6.42252231E-01  1.63061907E+00  9.88366836E-01  2.50000000E-02  1.00304865E-11  8.75464901E-12 
     547  6.62500000E+02  3.37500000E+02 -9.15931343E-01  1.90429818E+00  9.88366836E-01  2.50000000E-02  8.82136318E-12  2.46078732E-12 
     548  6.87500000E+02  3.37500000E+02 -3.57765820E-02  1.02414342E+00  9.88366836E-01  2.50000000E-02  1.09139814E-11  3.70519912E-12 
     549  7.12500000E+02  3.37500000E+02  1.43321703E-02  9.74034665E-01  9.88366836E-01  2.50000000E-02  9.89730583E-12  2.81186257E-12 
     550  7.37500000E+02  3.37500000E+02 -8.25790495E-01  1.81415733E+00  9.88366836E-01  2.50000000E-02  7.35006361E-12  1.40706864E-12 
     551  7.62500000E+02  3.37500000E+02 -5.13702550E-01  1.50206939E+00  9.88366836E-01  2.50000000E-02  6.54235941E-12  2.52383819E-12 
     552  7.87500000E+02  3.37500000E+02  6.87706151E-02  9.19596221E-01  9.88366836E-01  2.50000000E-02  6.28939579E-12  1.23282534E-12 
     553  8.12500000E+02  3.37500000E+02  1.57189289E-01  8.31177547E-01  9.88366836E-01  2.50000000E-02  4.84036978E-12  1.14419947E-11 
     554  8.37500000E+02  3.37500000E+02 -3.94510543E-01  1.38287738E+00  9.88366836E-01  2.50000000E-02  3.43124059E-12  5.09744650E-12 
     555  8.62500000E+02  3.37500000E+02  3.74971382E-01  6.13395454E-01  9.88366836E-01  2.50000000E-02  2.47989391E-12  2.63446774E-12 
     556  8.87500000E+02  3.37500000E+02 -3.79816420E-01  1.36818326E+00  9.88366836E-01  2.50000000E-02  2.00073019E-12  8.61765916E-13 
     557  9.12500000E+02  3.37500000E+02  1.94168431E-01  7.94198405E-01  9.88366836E-01  2.50000000E-02  1.84929359E-12  3.22703780E-13 
     558  9.37500000E+02  3.37500000E+02  4.57312719E-01  5.31054117E-01  9.88366836E-01  2.50000000E-02  2.02631952E-12  4.73059026E-12 
     559  9.62500000E+02  3.37500000E+02  8.05780058E-01  1.82586778E-01  9.88366836E-01  2.50000000E-02  1.47208341E-12  4.64381640E-12 
     560  9.87500000E+02  3.37500000E+02  3.18677521E-01  6.69689315E-01  9.88366836E-01  2.50000000E-02  1.63230104E-13 -7.08931132E-14 
     561  1.25000000E+01  3.62500000E+02 -9.66060666E-01  1.95442750E+00  9.88366836E-01  2.50000000E-02 -1.03425376E-13  1.33916589E-12 
     562  3.75000000E+01  3.62500000E+02  5.15856432E-01  4.72510404E-01  9.88366836E-01  2.50000000E-02 -7.61449798E-13  4.59660215E-12 
     563  6.25000000E+01  3.62500000E+02 -3.34530843E-01  1.32289768E+00  9.88366836E-01  2.50000000E-02 -5.21847350E-13  1.60029642E-12 
     564  8.75000000E+01  3.62500000E+02  3.69791417E-01  6.18575419E-01  9.88366836E-01  2.50000000E-02 -1.13967731E-12  1.84129553E-12 
     565  1.12500000E+02  3.62500000E+02  3.35961265E-01  6.52405571E-01  9.88366836E-01  2.50000000E-02 -2.45433406E-12 -4.53373476E-12 
     566  1.37500000E+02  3.62500000E+02 -9.76369505E-01  1.96473634E+00  9.88366836E-01  2.50000000E-02 -3.44508918E-12 -2.30710219E-12 
     567  1.62500000E+02  3.62500000E+02 -7.03027348E-01  1.69139418E+00  9.88366836E-01  2.50000000E-02 -4.42944110E-12 -5.63040518E-11 
     568  1.87500000E+02  3.62500000E+02 -3.95054195E-01  1.38342103E+00  9.88366836E-01  2.50000000E-02 -3.40537290E-12 -1.64713073E-11 
     569  2.12500000E+02  3.62500000E+02 -6.06662382E-01  1.59502922E+00  9.88366836E-01  2.50000000E-02 -3.02479481E-12 -1.24125215E-11 
     570  2.37500000E+02  3.62500000E+02  1.31333254E-01  8.57033582E-01  9.88366836E-01  2.50000000E-02 -7.96642786E-12 -4.87727845E-11 
     571  2.62500000E+02  3.62500000E+02  6.78557906E-01  3.09808929E-01  9.88366836E-01  2.50000000E-02 -1.76761463E-11 -3.23696841E-11 
     572  2.87500000E+02  3.62500000E+02  8.98066731E-01  9.03001048E-02  9.88366836E-01  2.50000000E-02 -4.06166992E-11  5.84193574E-11 
     573  3.12500000E+02  3.62500000E+02  6.28986818E-01  3.59380018E-01  9.88366836E-01  2.50000000E-02 -2.38122074E-11  8.48483879E-11 
     574  3.37500000E+02  3.62500000E+02 -5.61567362E-01  1.54993420E+00  9.88366836E-01  2.50000000E-02 -2.07250727E-11  7.90331721E-12 
     575  3.62500000E+02  3.62500000E+02 -2.10584714E-01  1.19895155E+00  9.88366836E-01  2.50000000E-02 -2.23782128E-11  1.85796789E-11 
     576  3.87500000E+02  3.62500000E+02 -6.15901412E-01  1.60426825E+00  9.88366836E-01  2.50000000E-02 -2.05418228E-11  4.76476727E-11 
     577  4.12500000E+02  3.62500000E+02  4.92716108E-01  4.95650728E-01  9.88366836E-01  2.50000000E-02 -7.61816809E-12  2.07851206E-11 
     578  4.37500000E+02  3.62500000E+02 -3.55685850E-01  1.34405269E+00  9.88366836E-01  2.50000000E-02 -4.50867854E-12  2.28995869E-11 
     579  4.62500000E+02  3.62500000E+02 -9.76551710E-01  1.96491855E+00  9.88366836E-01  2.50000000E-02 -1.60256629E-12  5.10694294E-12 
     580  4.87500000E+02  3.62500000E+02 -8.66758993E-01  1.85512583E+00  9.88366836E-01  2.50000000E-02 -5.18042160E-13  2.67855078E-11 
     581  5.12500000E+02  3.62500000E+02  5.96923364E-01  3.91443472E-01  9.88366836E-01  2.50000000E-02 -2.28350822E-12  7.58467882E-12 
     582  5.37500000E+02  3.62500000E+02 -8.49782317E-01  1.83814915E+00  9.88366836E-01  2.50000000E-02 -6.12698103E-13  6.82941219E-12 
     583  5.62500000E+02  3.62500000E+02 -4.39410726E-01  1.42777756E+00  9.88366836E-01  2.50000000E-02 -1.31896514E-12  4.32341401E-12 
     584  5.87500000E+02  3.62500000E+02  5.24814540E-01  4.63552296E-01  9.88366836E-01  2.50000000E-02 -7.17269769E-12  2.96757255E-11 
     585  6.12500000E+02  3.62500000E+02  9.17688554E-01  7.06782816E-02  9.88366836E-01  2.50000000E-02 -6.07982105E-12  1.65114317E-11 
     586  6.37500000E+02  3.62500000E+02 -7.46181453E-02  1.06298498E+00  9.88366836E-01  2.50000000E-02 -6.13361490E-12  1.18693605E-11 
     587  6.62500000E+02  3.62500000E+02  3.43220318E-01  6.45146518E-01  9.88366836E-01  2.50000000E-02 -4.43638397E-12  5.94286447E-12 
     588  6.87500000E+02  3.62500000E+02  4.11170400E-02  9.47249796E-01  9.88366836E-01  2.50000000E-02 -2.49068755E-12  4.10269513E-12 
     589  7.12500000E+02  3.62500000E+02  1.37093551E-01  8.51273285E-01  9.88366836E-01  2.50000000E-02 -2.31130366E-12  4.17907835E-12 
     590  7.37500000E+02  3.62500000E+02 -5.61127821E-01  1.54949466E+00  9.88366836E-01  2.50000000E-02 -2.02065291E-12  1.65843602E-12 
     591  7.62500000E+02  3.62500000E+02 -6.32209528E-01  1.62057636E+00  9.88366836E-01  2.50000000E-02 -2.03945216E-12  2.42580959E-12 
     592  7.87500000E+02  3.62500000E+02  1.59330829E-01  8.29036007E-01  9.88366836E-01  2.50000000E-02 -3.01098804E-12  2.23495452E-12 
     593  8.12500000E+02  3.62500000E+02 -8.43544998E-01  1.83191183E+00  9.88366836E-01  2.50000000E-02 -3.37878673E-12  1.02649877E-11 
     594  8.37500000E+02  3.62500000E+02 -7.98577645E-01  1.78694448E+00  9.88366836E-01  2.50000000E-02 -3.33137505E-12  5.10426382E-12 
     595  8.62500000E+02  3.62500000E+02  8.70439201E-01  1.17927635E-01  9.88366836E-01  2.50000000E-02 -4.90421628E-12  5.53483719E-12 
     596  8.87500000E+02  3.62500000E+02 -5.89937129E-01  1.57830397E+00  9.88366836E-01  2.50000000E-02 -5.87304337E-12  3.51956462E-13 
     597  9.12500000E+02  3.62500000E+02  9.76380787E-01  1.19860487E-02  9.88366836E-01  2.50000000E-02  1.10599146E-13  3.33973250E-12 
     598  9.37500000E+02  3.62500000E+02  3.75203281E-01  6.13163555E-01  9.88366836E-01  2.50000000E-02 -2.36309673E-13  4.54907057E-12 
     599  9.62500000E+02  3.62500000E+02  9.65871543E-03  9.78708120E-01  9.88366836E-01  2.50000000E-02 -3.29626400E-13  8.22316280E-13 
     600  9.87500000E+02  3.62500000E+02  1.09596903E-01  8.78769933E-01  9.88366836E-01  2.50000000E-02 -1.95744068E-13 -5.91203772E-13 
     601  1.25000000E+01  3.87500000E+02  1.55109543E-01  8.33257293E-01  9.88366836E-01  2.50000000E-02 -1.04792012E-12  2.75685107E-12 
     602  3.75000000E+01  3.87500000E+02 -7.71215314E-01  1.75958215E+00  9.88366836E-01  2.50000000E-02 -2.36560435E-12  3.53303971E-12 
     603  6.25000000E+01  3.87500000E+02 -6.58958607E-01  1.64732544E+00  9.88366836E-01  2.50000000E-02 -2.83863341E-12  1.26248095E-12 
     604  8.75000000E+01  3.87500000E+02 -5.58975465E-02  1.04426438E+00  9.88366836E-01  2.50000000E-02 -4.87722433E-12  2.39502590E-12 
     605  1.12500000E+02  3.87500000E+02  5.28193489E-01  4.60173347E-01  9.88366836E-01  2.50000000E-02 -1.26226450E-11 -4.46416277E-12 
     606  1.37500000E+02  3.87500000E+02  6.72831520E-01  3.15535315E-01  9.88366836E-01  2.50000000E-02 -2.18096862E-11 -1.42005356E-13 
     607  1.62500000E+02  3.87500000E+02  4.06350372E-01  5.82016464E-01  9.88366836E-01  2.50000000E-02 -4.13948685E-11 -5.02322279E-11 
     608  1.87500000E+02  3.87500000E+02  3.95698919E-02  9.48796944E-01  9.88366836E-01  2.50000000E-02 -3.99580531E-11 -1.25046560E-11 
     609  2.12500000E+02  3.87500000E+02 -1.17352384E-02  1.00010207E+00  9.88366836E-01  2.50000000E-02 -3.67081961E-11 -1.24639221E-11 
     610  2.37500000E+02  3.87500000E+02 -5.69130758E-01  1.55749759E+00  9.88366836E-01  2.50000000E-02 -3.78303255E-11 -3.49297056E-11 
     611  2.62500000E+02  3.87500000E+02  3.82325208E-01  6.06041628E-01  9.88366836E-01  2.50000000E-02 -4.17718478E-11 -3.67908235E-11 
     612  2.87500000E+02  3.87500000E+02  8.00741049E-01  1.87625787E-01  9.88366836E-01  2.50000000E-02 -5.65701101E-11  2.65818610E-11 
     613  3.12500000E+02  3.87500000E+02 -4.36175349E-01  1.42454219E+00  9.88366836E-01  2.50000000E-02 -5.66351297E-11  5.45191339E-11 
     614  3.37500000E+02  3.87500000E+02 -1.47161939E-02  1.00308303E+00  9.88366836E-01  2.50000000E-02 -5.39972021E-11  1.58830239E-11 
     615  3.62500000E+02  3.87500000E+02 -7.06845146E-01  1.69521198E+00  9.88366836E-01  2.50000000E-02 -5.23372893E-11  1.59570710E-11 
     616  3.87500000E+02  3.87500000E+02  4.85538138E-02  9.39813022E-01  9.88366836E-01  2.50000000E-02 -4.13006905E-11  5.28823029E-11 
     617  4.12500000E+02  3.87500000E+02 -7.71735505E-01  1.76010234E+00  9.88366836E-01  2.50000000E-02 -2.94197693E-11  2.12190304E-11 
     618  4.37500000E+02  3.87500000E+02  1.87056193E-01  8.01310643E-01  9.88366836E-01  2.50000000E-02 -2.94233753E-11  2.73325669E-11 
     619  4.62500000E+02  3.87500000E+02  8.80330275E-01  1.08036561E-01  9.88366836E-01  2.50000000E-02 -2.74865237E-11  1.56195007E-11 
     620  4.87500000E+02  3.87500000E+02  3.42345162E-01  6.46021674E-01  9.88366836E-01  2.50000000E-02 -5.51218173E-12  2.46578742E-11 
     621  5.12500000E+02  3.87500000E+02 -8.72640495E-01  1.86100733E+00  9.88366836E-01  2.50000000E-02 -5.75580225E-12  3.34668474E-12 
     622  5.37500000E+02  3.87500000E+02  2.94931678E-01  6.93435158E-01  9.88366836E-01  2.50000000E-02 -4.35649548E-12  6.93147051E-12 
     623  5.62500000E+02  3.87500000E+02 -6.37404482E-01  1.62577132E+00  9.88366836E-01  2.50000000E-02  6.89586515E-14  4.17473159E-12 
     624  5.87500000E+02  3.87500000E+02 -4.38549149E-01  1.42691598E+00  9.88366836E-01  2.50000000E-02  3.39821576E-13  1.60619642E-11 
     625  6.12500000E+02  3.87500000E+02  3.51708111E-01  6.36658725E-01  9.88366836E-01  2.50000000E-02 -1.52985345E-12  3.40751451E-12 
     626  6.37500000E+02  3.87500000E+02  6.49206713E-02  9.23446164E-01  9.88366836E-01  2.50000000E-02 -2.60521073E-12  1.37361279E-11 
     627  6.62500000E+02  3.87500000E+02  9.18175539E-01  7.01912966E-02  9.88366836E-01  2.50000000E-02 -7.67168196E-12  1.47367070E-11 
     628  6.87500000E+02  3.87500000E+02 -9.20605568E-01  1.90897240E+00  9.88366836E-01  2.50000000E-02  2.01573937E-12  4.34126866E-12 
     629  7.12500000E+02  3.87500000E+02  4.03094956E-01  5.85271879E-01  9.88366836E-01  2.50000000E-02  2.09457749E-12  6.00115749E-12 
     630  7.37500000E+02  3.87500000E+02  1.94257328E-01  7.94109507E-01  9.88366836E-01  2.50000000E-02  6.38411719E-13  3.47070876E-12 
     631  7.62500000E+02  3.87500000E+02 -4.74625661E-01  1.46299250E+00  9.88366836E-01  2.50000000E-02  5.27106945E-13  2.29466581E-12 
     632  7.87500000E+02  3.87500000E+02 -3.33009062E-01  1.32137590E+00  9.88366836E-01  2.50000000E-02  6.72527674E-13  3.48833802E-12 
     633  8.12500000E+02  3.87500000E+02 -1.39707627E-01  1.12807446E+00  9.88366836E-01  2.50000000E-02  6.37928466E-13  9.93874502E-12 
     634  8.37500000E+02  3.87500000E+02  8.25223234E-01  1.63143601E-01  9.88366836E-01  2.50000000E-02  3.15394833E-12  7.29973485E-12 
     635  8.62500000E+02  3.87500000E+02  9.51776039E-01  3.65907971E-02  9.88366836E-01  2.50000000E-02  5.47662771E-13  8.32939070E-12 
     636  8.87500000E+02  3.87500000E+02  3.19834321E-01  6.68532514E-01  9.88366836E-01  2.50000000E-02  2.94558892E-12 -9.94550458E-13 
     637  9.12500000E+02  3.87500000E+02  8.76020387E-01  1.12346448E-01  9.88366836E-01  2.50000000E-02  2.69060588E-12 -1.81292369E-12 
     638  9.37500000E+02  3.87500000E+02 -3.08319958E-01  1.29668679E+00  9.88366836E-01  2.50000000E-02 -8.57150607E-13  3.03529048E-12 
     639  9.62500000E+02  3.87500000E+02 -6.58719114E-01  1.64708595E+00  9.88366836E-01  2.50000000E-02 -6.59123743E-13  4.14052355E-13 
     640  9.87500000E+02  3.87500000E+02 -2.55844584E-01  1.24421142E+00  9.88366836E-01  2.50000000E-02 -1.90458390E-13 -1.48465230E-12 
     641  1.25000000E+01  4.12500000E+02 -1.14667748E-01  1.10303458E+00  9.88366836E-01  2.50000000E-02 -1.21032269E-12  4.28309734E-12 
     642  3.75000000E+01  4.12500000E+02 -1.19798821E-01  1.10816566E+00  9.88366836E-01  2.50000000E-02 -2.13192336E-12  4.02900794E-12 
     643  6.25000000E+01  4.12500000E+02 -1.99528805E-01  1.18789564E+00  9.88366836E-01  2.50000000E-02 -2.26706317E-12  1.16679517E-12 
     644  8.75000000E+01  4.12500000E+02  4.43166795E-01  5.45200041E-01  9.88366836E-01  2.50000000E-02 -5.50546199E-12  3.50598967E-12 
     645  1.12500000E+02  4.12500000E+02  6.67500279E-01  3.20866556E-01  9.88366836E-01  2.50000000E-02 -1.31488821E-11 -1.89831315E-12 
     646  1.37500000E+02  4.12500000E+02  6.79524660E-01  3.08842176E-01  9.88366836E-01  2.50000000E-02 -2.01218752E-11  3.32698350E-12 
     647  1.62500000E+02  4.12500000E+02  7.83519136E-01  2.04847700E-01  9.88366836E-01  2.50000000E-02 -3.84822379E-11 -3.77164296E-11 
     648  1.87500000E+02  4.12500000E+02  5.42671422E-02  9.34099694E-01  9.88366836E-01  2.50000000E-02 -3.26100960E-11  3.74663113E-13 
     649  2.12500000E+02  4.12500000E+02 -9.57887589E-02  1.08415559E+00  9.88366836E-01  2.50000000E-02 -3.46956236E-11 -4.90348337E-12 
     650  2.37500000E+02  4.12500000E+02 -7.04305250E-01  1.69267209E+00  9.88366836E-01  2.50000000E-02 -3.96867981E-11 -2.39184004E-11 
     651  2.62500000E+02  4.12500000E+02 -5.88823646E-01  1.57719048E+00  9.88366836E-01  2.50000000E-02 -4.48468277E-11 -3.40477226E-11 
     652  2.87500000E+02  4.12500000E+02 -5.23053373E-01  1.51142021E+00  9.88366836E-01  2.50000000E-02 -5.14898538E-11  7.53817412E-12 
     653  3.12500000E+02  4.12500000E+02 -8.25401872E-01  1.81376871E+00  9.88366836E-01  2.50000000E-02 -5.27645268E-11  5.23382077E-11 
     654  3.37500000E+02  4.12500000E+02  5.25067566E-01  4.63299270E-01  9.88366836E-01  2.50000000E-02 -4.68225415E-11  1.95063491E-11 
     655  3.62500000E+02  4.12500000E+02 -7.83024329E-01  1.77139117E+00  9.88366836E-01  2.50000000E-02 -4.16468085E-11  1.43910860E-11 
     656  3.87500000E+02  4.12500000E+02  5.73640254E-01  4.14726581E-01  9.88366836E-01  2.50000000E-02 -3.02577078E-11  5.21134486E-11 
     657  4.12500000E+02  4.12500000E+02  6.58338337E-01  3.30028498E-01  9.88366836E-01  2.50000000E-02 -2.60126909E-11  1.37581954E-11 
     658  4.37500000E+02  4.12500000E+02  8.36372757E-01  1.51994078E-01  9.88366836E-01  2.50000000E-02 -2.44653395E-11  5.87921042E-12 
     659  4.62500000E+02  4.12500000E+02 -5.76557963E-01  1.56492480E+00  9.88366836E-01  2.50000000E-02 -4.64000677E-12  2.05257592E-11 
     660  4.87500000E+02  4.12500000E+02 -5.98355215E-01  1.58672205E+00  9.88366836E-01  2.50000000E-02 -3.08411548E-12  2.34476780E-11 
     661  5.12500000E+02  4.12500000E+02 -4.70305079E-01  1.45867191E+00  9.88366836E-01  2.50000000E-02 -1.81001907E-12  2.87861700E-12 
     662  5.37500000E+02  4.12500000E+02  9.68222219E-01  2.01446163E-02  9.88366836E-01  2.50000000E-02 -4.30418277E-12  2.12293833E-11 
     663  5.62500000E+02  4.12500000E+02  4.24524568E-01  5.63842267E-01  9.88366836E-01  2.50000000E-02  2.51457842E-12  5.82375656E-12 
     664  5.87500000E+02  4.12500000E+02 -1.70848611E-02  1.00545170E+00  9.88366836E-01  2.50000000E-02  5.14239884E-12  1.18609302E-11 
     665  6.12500000E+02  4.12500000E+02 -3.59020408E-01  1.34738724E+00  9.88366836E-01  2.50000000E-02  6.11179033E-12  3.62743994E-12 
     666  6.37500000E+02  4.12500000E+02 -5.20579146E-02  1.04042475E+00  9.88366836E-01  2.50000000E-02  7.86852082E-12  1.46728164E-11 
     667  6.62500000E+02  4.12500000E+02 -3.64641074E-01  1.35300791E+00  9.88366836E-01  2.50000000E-02  9.59856404E-12  8.04891245E-12 
     668  6.87500000E+02  4.12500000E+02  8.98391509E-01  8.99753267E-02  9.88366836E-01  2.50000000E-02 -9.70323380E-13  1.84250897E-11 
     669  7.12500000E+02  4.12500000E+02  6.22015577E-01  3.66351258E-01  9.88366836E-01  2.50000000E-02 -4.12956719E-12  8.95199235E-12 
     670  7.37500000E+02  4.12500000E+02 -1.48513640E-01  1.13688048E+00  9.88366836E-01  2.50000000E-02 -3.59549417E-12  4.50255592E-12 
     671  7.62500000E+02  4.12500000E+02  8.27164934E-01  1.61201902E-01  9.88366836E-01  2.50000000E-02 -4.03247673E-12  1.02318528E-11 
     672  7.87500000E+02  4.12500000E+02  6.44029528E-01  3.44337308E-01  9.88366836E-01  2.50000000E-02 -5.99703058E-12  7.85138273E-12 
     673  8.12500000E+02  4.12500000E+02 -6.87756908E-01  1.67612374E+00  9.88366836E-01  2.50000000E-02 -5.03812972E-12  8.68974015E-12 
     674  8.37500000E+02  4.12500000E+02  2.82743241E-01  7.05623594E-01  9.88366836E-01  2.50000000E-02 -5.57886285E-12  4.82810288E-12 
     675  8.62500000E+02  4.12500000E+02 -3.05489254E-02  1.01891576E+00  9.88366836E-01  2.50000000E-02 -6.37237115E-12  4.97193427E-12 
     676  8.87500000E+02  4.12500000E+02  2.06506390E-01  7.81860446E-01  9.88366836E-01  2.50000000E-02 -5.28720837E-12 -2.84463403E-12 
     677  9.12500000E+02  4.12500000E+02 -5.37229149E-01  1.52559599E+00  9.88366836E-01  2.50000000E-02 -2.87024761E-12 -2.92590390E-13 
     678  9.37500000E+02  4.12500000E+02 -5.68518548E-01  1.55688538E+00  9.88366836E-01  2.50000000E-02 -2.37041712E-12  2.58778195E-12 
     679  9.62500000E+02  4.12500000E+02  8.97037579E-01  9.13292566E-02  9.88366836E-01  2.50000000E-02 -2.05761000E-12 -8.96867884E-12 
     680  9.87500000E+02  4.12500000E+02  3.11866661E-01  6.76500175E-01  9.88366836E-01  2.50000000E-02 -2.31194864E-14 -2.66299824E-12 
     681  1.25000000E+01  4.37500000E+02 -5.21525428E-01  1.50989226E+00  9.88366836E-01  2.50000000E-02  9.08251089E-14  4.73096302E-12 
     682  3.75000000E+01  4.37500000E+02  5.82371908E-01  4.05994928E-01  9.88366836E-01  2.50000000E-02  1.20061988E-12  6.08021501E-12 
     683  6.25000000E+01  4.37500000E+02  8.74393557E-01  1.13973279E-01  9.88366836E-01  2.50000000E-02  4.68034329E-12  3.73322437E-12 
     684  8.75000000E+01  4.37500000E+02 -3.58850876E-01  1.34721771E+00  9.88366836E-01  2.50000000E-02  7.12893184E-12  3.58983790E-12 
     685  1.12500000E+02  4.37500000E+02  8.06857612E-01  1.81509223E-01  9.88366836E-01  2.50000000E-02  7.50297954E-12  1.66324646E-12 
     686  1.37500000E+02  4.37500000E+02  8.47045990E-01  1.41320846E-01  9.88366836E-01  2.50000000E-02  7.99472039E-12  3.74921260E-12 
     687  1.62500000E+02  4.37500000E+02 -3.74242936E-01  1.36260977E+00  9.88366836E-01  2.50000000E-02  9.64695136E-12 -1.28719261E-11 
     688  1.87500000E+02  4.37500000E+02 -2.19686907E-01  1.20805374E+00  9.88366836E-01  2.50000000E-02  1.18016920E-11  1.01328450E-11 
     689  2.12500000E+02  4.37500000E+02 -9.39235959E-01  1.92760279E+00  9.88366836E-01  2.50000000E-02  1.26400167E-11 -7.23613758E-13 
     690  2.37500000E+02  4.37500000E+02 -6.61510006E-01  1.64987684E+00  9.88366836E-01  2.50000000E-02  9.60312626E-12 -1.67391990E-11 
     691  2.62500000E+02  4.37500000E+02  5.06867385E-01  4.81499451E-01  9.88366836E-01  2.50000000E-02 -1.06489586E-11 -2.18093318E-11 
     692  2.87500000E+02  4.37500000E+02 -4.21473287E-01  1.40984012E+00  9.88366836E-01  2.50000000E-02 -1.65317162E-11  7.63641083E-12 
     693  3.12500000E+02  4.37500000E+02  7.66276348E-01  2.22090488E-01  9.88366836E-01  2.50000000E-02 -1.63064651E-11  6.18310495E-11 
     694  3.37500000E+02  4.37500000E+02 -8.48013906E-01  1.83638074E+00  9.88366836E-01  2.50000000E-02 -2.25098782E-11  1.78359023E-11 
     695  3.62500000E+02  4.37500000E+02  1.49155181E-01  8.39211655E-01  9.88366836E-01  2.50000000E-02 -2.08129247E-11  1.81152395E-11 
     696  3.87500000E+02  4.37500000E+02 -1.48167384E-01  1.13653422E+00  9.88366836E-01  2.50000000E-02 -2.14494905E-11  2.87177676E-11 
     697  4.12500000E+02  4.37500000E+02 -8.19904568E-01  1.80827140E+00  9.88366836E-01  2.50000000E-02 -2.35514827E-11  4.42696885E-12 
     698  4.37500000E+02  4.37500000E+02 -1.08633900E-01  1.09700074E+00  9.88366836E-01  2.50000000E-02 -2.42216930E-11 -1.81852859E-11 
     699  4.62500000E+02  4.37500000E+02  7.80516317E-01  2.07850518E-01  9.88366836E-01  2.50000000E-02 -2.13242951E-11  2.40072241E-11 
     700  4.87500000E+02  4.37500000E+02  4.72469267E-01  5.15897569E-01  9.88366836E-01  2.50000000E-02 -4.28237158E-12  1.98130848E-11 
     701  5.12500000E+02  4.37500000E+02  4.65935691E-01  5.22431145E-01  9.88366836E-01  2.50000000E-02 -1.24192697E-12  1.53250504E-12 
     702  5.37500000E+02  4.37500000E+02  5.45168541E-01  4.43198295E-01  9.88366836E-01  2.50000000E-02 -1.58524565E-12  1.75255280E-12 
     703  5.62500000E+02  4.37500000E+02  8.40862699E-01  1.47504136E-01  9.88366836E-01  2.50000000E-02 -7.39989207E-12  7.14743576E-12 
     704  5.87500000E+02  4.37500000E+02  2.23931685E-01  7.64435151E-01  9.88366836E-01  2.50000000E-02  5.73299158E-12  1.13517081E-11 
     705  6.12500000E+02  4.37500000E+02  7.57971950E-01  2.30394886E-01  9.88366836E-01  2.50000000E-02  1.05062516E-11  8.00586179E-12 
     706  6.37500000E+02  4.37500000E+02  6.26097992E-01  3.62268843E-01  9.88366836E-01  2.50000000E-02  4.64181511E-12  2.22534370E-11 
     707  6.62500000E+02  4.37500000E+02 -3.11012525E-01  1.29937936E+00  9.88366836E-01  2.50000000E-02  2.94752020E-12  7.63581502E-12 
     708  6.87500000E+02  4.37500000E+02  4.87651479E-01  5.00715357E-01  9.88366836E-01  2.50000000E-02 -5.72291109E-13  1.09859050E-11 
     709  7.12500000E+02  4.37500000E+02  1.48012393E-01  8.40354442E-01  9.88366836E-01  2.50000000E-02 -5.39354500E-12  5.01761633E-12 
     710  7.37500000E+02  4.37500000E+02  8.30803344E-01  1.57563492E-01  9.88366836E-01  2.50000000E-02 -1.44469065E-11  1.18793692E-11 
     711  7.62500000E+02  4.37500000E+02  1.16134439E-03  9.87205491E-01  9.88366836E-01  2.50000000E-02 -1.74931395E-11  1.19951545E-11 
     712  7.87500000E+02  4.37500000E+02  2.39835834E-01  7.48531002E-01  9.88366836E-01  2.50000000E-02 -1.77262428E-11  8.35963556E-12 
     713  8.12500000E+02  4.37500000E+02 -5.16214511E-01  1.50458135E+00  9.88366836E-01  2.50000000E-02 -1.50319413E-11  8.11403141E-12 
     714  8.37500000E+02  4.37500000E+02  4.95133606E-01  4.93233230E-01  9.88366836E-01  2.50000000E-02 -9.81012822E-12  6.51136941E-13 
     715  8.62500000E+02  4.37500000E+02  8.93104765E-01  9.52620710E-02  9.88366836E-01  2.50000000E-02 -1.18517417E-11 -2.25605468E-12 
     716  8.87500000E+02  4.37500000E+02 -9.15906093E-02  1.07995745E+00  9.88366836E-01  2.50000000E-02 -1.45832859E-12 -4.77486418E-12 
     717  9.12500000E+02  4.37500000E+02 -2.09695417E-01  1.19806225E+00  9.88366836E-01  2.50000000E-02 -1.36483014E-12 -8.25833447E-13 
     718  9.37500000E+02  4.37500000E+02  8.32850438E-01  1.55516397E-01  9.88366836E-01  2.50000000E-02 -3.23227126E-12 -1.67480258E-12 
     719  9.62500000E+02  4.37500000E+02  1.17914853E-01  8.70451983E-01  9.88366836E-01  2.50000000E-02  6.21724832E-13 -1.10778350E-11 
     720  9.87500000E+02  4.37500000E+02 -4.81887803E-01  1.47025464E+00  9.88366836E-01  2.50000000E-02  2.84942341E-13 -2.09654611E-12 
     721  1.25000000E+01  4.62500000E+02  2.30331549E-02  9.65333681E-01  9.88366836E-01  2.50000000E-02 -7.16040820E-14  4.57339231E-12 
     722  3.75000000E+01  4.62500000E+02 -3.31036185E-01  1.31940302E+00  9.88366836E-01  2.50000000E-02  3.23388631E-13  5.46958566E-12 
     723  6.25000000E+01  4.62500000E+02 -9.54557258E-02  1.08382256E+00  9.88366836E-01  2.50000000E-02  3.39083372E-13  1.17287456E-12 
     724  8.75000000E+01  4.62500000E+02  5.41319075E-01  4.47047761E-01  9.88366836E-01  2.50000000E-02 -1.55089761E-12  2.67184996E-12 
     725  1.12500000E+02  4.62500000E+02  4.97923663E-01  4.90443173E-01  9.88366836E-01  2.50000000E-02 -3.03282143E-12  1.71354174E-12 
     726  1.37500000E+02  4.62500000E+02  1.37524556E-01  8.50842279E-01  9.88366836E-01  2.50000000E-02 -4.10153081E-12  1.79882692E-12 
     727  1.62500000E+02  4.62500000E+02 -6.05547264E-01  1.59391410E+00  9.88366836E-01  2.50000000E-02 -5.78479601E-12 -1.20918972E-11 
     728  1.87500000E+02  4.62500000E+02  6.21008015E-01  3.67358820E-01  9.88366836E-01  2.50000000E-02 -1.15250846E-11  9.94179021E-12 
     729  2.12500000E+02  4.62500000E+02  9.48864050E-02  8.93480431E-01  9.88366836E-01  2.50000000E-02 -1.49666060E-11 -2.89954722E-12 
     730  2.37500000E+02  4.62500000E+02  6.95596543E-01  2.92770293E-01  9.88366836E-01  2.50000000E-02 -2.30869873E-11 -1.74029870E-11 
     731  2.62500000E+02  4.62500000E+02 -2.82454880E-01  1.27082172E+00  9.88366836E-01  2.50000000E-02 -3.44669560E-11 -1.63920220E-11 
     732  2.87500000E+02  4.62500000E+02  5.94399696E-01  3.93967140E-01  9.88366836E-01  2.50000000E-02 -3.61772291E-11  8.77435944E-12 
     733  3.12500000E+02  4.62500000E+02 -9.60996431E-02  1.08446648E+00  9.88366836E-01  2.50000000E-02 -3.11791787E-11  5.48941215E-11 
     734  3.37500000E+02  4.62500000E+02 -3.82105376E-01  1.37047221E+00  9.88366836E-01  2.50000000E-02 -3.11935608E-11  1.44489603E-11 
     735  3.62500000E+02  4.62500000E+02  4.41596235E-01  5.46770601E-01  9.88366836E-01  2.50000000E-02 -3.02246821E-11  1.66274038E-11 
     736  3.87500000E+02  4.62500000E+02 -8.80956593E-01  1.86932343E+00  9.88366836E-01  2.50000000E-02 -2.54262049E-11  2.34450610E-11 
     737  4.12500000E+02  4.62500000E+02  3.44103553E-01  6.44263283E-01  9.88366836E-01  2.50000000E-02 -2.17450818E-11  1.36272402E-12 
     738  4.37500000E+02  4.62500000E+02 -6.67223646E-01  1.65559048E+00  9.88366836E-01  2.50000000E-02 -2.06250832E-11 -2.14068284E-11 
     739  4.62500000E+02  4.62500000E+02  9.47055340E-01  4.13114957E-02  9.88366836E-01  2.50000000E-02 -2.66737735E-11  2.39807236E-11 
     740  4.87500000E+02  4.62500000E+02 -3.31682521E-01  1.32004936E+00  9.88366836E-01  2.50000000E-02 -4.29846991E-12  1.18214959E-11 
     741  5.12500000E+02  4.62500000E+02 -7.27119042E-01  1.71548588E+00  9.88366836E-01  2.50000000E-02 -4.12170377E-12 -1.96709348E-12 
     742  5.37500000E+02  4.62500000E+02  4.57750880E-01  5.30615956E-01  9.88366836E-01  2.50000000E-02 -3.88905230E-12  1.18290560E-12 
     743  5.62500000E+02  4.62500000E+02 -9.99289089E-01  1.98765592E+00  9.88366836E-01  2.50000000E-02 -4.31081947E-12 -2.52709153E-13 
     744  5.87500000E+02  4.62500000E+02  8.67866651E-01  1.20500185E-01  9.88366836E-01  2.50000000E-02 -6.62483483E-12  2.67189517E-11 
     745  6.12500000E+02  4.62500000E+02 -7.98927735E-02  1.06825961E+00  9.88366836E-01  2.50000000E-02 -6.44155674E-12  5.60760655E-12 
     746  6.37500000E+02  4.62500000E+02  2.82823129E-01  7.05543707E-01  9.88366836E-01  2.50000000E-02 -8.67125233E-12  1.77322462E-11 
     747  6.62500000E+02  4.62500000E+02 -7.17620941E-01  1.70598778E+00  9.88366836E-01  2.50000000E-02 -4.95989565E-12  8.66960923E-12 
     748  6.87500000E+02  4.62500000E+02 -7.01660539E-01  1.69002737E+00  9.88366836E-01  2.50000000E-02 -3.99799873E-12  1.17915174E-11 
     749  7.12500000E+02  4.62500000E+02 -4.17054967E-01  1.40542180E+00  9.88366836E-01  2.50000000E-02 -5.35416553E-12  2.60862976E-12 
     750  7.37500000E+02  4.62500000E+02 -1.97769449E-01  1.18613628E+00  9.88366836E-01  2.50000000E-02 -5.46125497E-12  1.42546635E-11 
     751  7.62500000E+02  4.62500000E+02 -8.30364190E-01  1.81873103E+00  9.88366836E-01  2.50000000E-02 -5.73987886E-12  9.89754089E-12 
     752  7.87500000E+02  4.62500000E+02  5.93635457E-01  3.94731379E-01  9.88366836E-01  2.50000000E-02 -1.13930203E-11  7.26030352E-12 
     753  8.12500000E+02  4.62500000E+02  7.04729898E-01  2.83636937E-01  9.88366836E-01  2.50000000E-02 -1.34170966E-11  9.10526432E-12 
     754  8.37500000E+02  4.62500000E+02 -7.00610497E-02  1.05842789E+00  9.88366836E-01  2.50000000E-02 -8.34119266E-12  1.11547489E-12 
     755  8.62500000E+02  4.62500000E+02 -8.14516724E-01  1.80288356E+00  9.88366836E-01  2.50000000E-02 -7.59676532E-12 -3.68699616E-12 
     756  8.87500000E+02  4.62500000E+02  6.34207618E-01  3.54159218E-01  9.88366836E-01  2.50000000E-02 -6.54744788E-12 -9.09854424E-12 
     757  9.12500000E+02  4.62500000E+02  5.73517688E-01  4.14849148E-01  9.88366836E-01  2.50000000E-02 -5.30015183E-12 -4.13871546E-12 
     758  9.37500000E+02  4.62500000E+02 -7.90801234E-01  1.77916807E+00  9.88366836E-01  2.50000000E-02 -3.88458437E-12 -1.33236642E-12 
     759  9.62500000E+02  4.62500000E+02  7.31669728E-01  2.56697108E-01  9.88366836E-01  2.50000000E-02 -9.33435472E-13 -1.24858461E-11 
     760  9.87500000E+02  4.62500000E+02  2.14049060E-02  9.66961930E-01  9.88366836E-01  2.50000000E-02  6.20866719E-15 -1.77879221E-12 
     761  1.25000000E+01  4.87500000E+02 -8.92157871E-01  1.88052471E+00  9.88366836E-01  2.50000000E-02 -3.54801949E-15  3.77546175E-12 
     762  3.75000000E+01  4.87500000E+02  8.47139597E-01  1.41227239E-01  9.88366836E-01  2.50000000E-02  1.14678094E-13  4.42418890E-12 
     763  6.25000000E+01  4.87500000E+02  9.07970650E-02  8.97569771E-01  9.88366836E-01  2.50000000E-02  2.10677236E-13  8.68622280E-13 
     764  8.75000000E+01  4.87500000E+02 -4.59866617E-01  1.44823345E+00  9.88366836E-01  2.50000000E-02  1.42233610E-13  1.33142107E-12 
     765  1.12500000E+02  4.87500000E+02  5.16185763E-01  4.72181073E-01  9.88366836E-01  2.50000000E-02  1.75218849E-13  1.46297531E-12 
     766  1.37500000E+02  4.87500000E+02 -7.13203339E-01  1.70157017E+00  9.88366836E-01  2.50000000E-02  6.50767226E-13  9.80731108E-13 
     767  1.62500000E+02  4.87500000E+02 -3.39224994E-01  1.32759183E+00  9.88366836E-01  2.50000000E-02 -6.01559279E-13 -1.29452081E-11 
     768  1.87500000E+02  4.87500000E+02 -4.02609231E-01  1.39097607E+00  9.88366836E-01  2.50000000E-02 -2.39289303E-12  3.64450444E-12 
     769  2.12500000E+02  4.87500000E+02  7.36295286E-01  2.52071550E-01  9.88366836E-01  2.50000000E-02 -9.20300054E-12 -5.44274176E-12 
     770  2.37500000E+02  4.87500000E+02  2.15175153E-01  7.73191683E-01  9.88366836E-01  2.50000000E-02 -1.08408004E-11 -1.00228366E-11 
     771  2.62500000E+02  4.87500000E+02  9.58307377E-01  3.00594586E-02  9.88366836E-01  2.50000000E-02 -2.18272101E-11 -1.77748795E-11 
     772  2.87500000E+02  4.87500000E+02  4.14549800E-01  5.73817035E-01  9.88366836E-01  2.50000000E-02 -7.14486804E-12  7.38330360E-12 
     773  3.12500000E+02  4.87500000E+02  3.57400243E-01  6.30966593E-01  9.88366836E-01  2.50000000E-02 -7.87612029E-12  5.40781047E-11 
     774  3.37500000E+02  4.87500000E+02  6.72171383E-02  9.21149697E-01  9.88366836E-01  2.50000000E-02 -7.39981628E-12  8.99551908E-12 
     775  3.62500000E+02  4.87500000E+02 -4.36419991E-02  1.03200883E+00  9.88366836E-01  2.50000000E-02 -7.88534790E-12  1.22488212E-11 
     776  3.87500000E+02  4.87500000E+02 -2.97094604E-01  1.28546144E+00  9.88366836E-01  2.50000000E-02 -9.30659299E-12  2.16607326E-11 
     777  4.12500000E+02  4.87500000E+02  3.84800043E-01  6.03566793E-01  9.88366836E-01  2.50000000E-02 -1.10529391E-11  8.26745242E-14 
     778  4.37500000E+02  4.87500000E+02 -4.43349061E-01  1.43171590E+00  9.88366836E-01  2.50000000E-02 -1.78022563E-11 -2.46478138E-11 
     779  4.62500000E+02  4.87500000E+02  1.00492587E-01  8.87874249E-01  9.88366836E-01  2.50000000E-02 -2.09306253E-11  2.63002251E-12 
     780  4.87500000E+02  4.87500000E+02 -2.99439289E-01  1.28780612E+00  9.88366836E-01  2.50000000E-02 -1.50266539E-11  1.12113279E-11 
     781  5.12500000E+02  4.87500000E+02 -4.52742072E-01  1.44110891E+00  9.88366836E-01  2.50000000E-02 -1.06142242E-11 -3.06598731E-12 
     782  5.37500000E+02  4.87500000E+02 -6.59007674E-01  1.64737451E+00  9.88366836E-01  2.50000000E-02 -9.26572864E-12  1.47014333E-13 
     783  5.62500000E+02  4.87500000E+02 -5.76309235E-01  1.56467607E+00  9.88366836E-01  2.50000000E-02 -8.56582467E-12 -8.52441997E-13 
     784  5.87500000E+02  4.87500000E+02 -8.12551513E-01  1.80091835E+00  9.88366836E-01  2.50000000E-02 -7.62690627E-12  2.01262082E-11 
     785  6.12500000E+02  4.87500000E+02 -8.28069798E-01  1.81643663E+00  9.88366836E-01  2.50000000E-02 -6.74910330E-12  3.90064624E-12 
     786  6.37500000E+02  4.87500000E+02 -8.90927969E-01  1.87929480E+00  9.88366836E-01  2.50000000E-02 -7.09129193E-12  1.31398703E-11 
     787  6.62500000E+02  4.87500000E+02  4.97326608E-01  4.91040227E-01  9.88366836E-01  2.50000000E-02 -1.25072167E-11  1.40143311E-11 
     788  6.87500000E+02  4.87500000E+02  5.52784999E-01  4.35581837E-01  9.88366836E-01  2.50000000E-02 -1.34431909E-11  1.33994618E-11 
     789  7.12500000E+02  4.87500000E+02 -5.92100234E-01  1.58046707E+00  9.88366836E-01  2.50000000E-02 -1.41303465E-11  1.54050262E-13 
     790  7.37500000E+02  4.87500000E+02  9.56743792E-01  3.16230437E-02  9.88366836E-01  2.50000000E-02 -2.35204370E-11  6.01137345E-12 
     791  7.62500000E+02  4.87500000E+02 -1.85259607E-01  1.17362644E+00  9.88366836E-01  2.50000000E-02 -3.94586036E-12  9.70761786E-12 
     792  7.87500000E+02  4.87500000E+02 -6.28813263E-01  1.61718010E+00  9.88366836E-01  2.50000000E-02 -5.81492678E-12  5.24603312E-12 
     793  8.12500000E+02  4.87500000E+02 -4.54073316E-01  1.44244015E+00  9.88366836E-01  2.50000000E-02 -8.76055749E-12  3.73115000E-12 
     794  8.37500000E+02  4.87500000E+02 -4.02023641E-02  1.02856920E+00  9.88366836E-01  2.50000000E-02 -1.06451227E-11  2.61960146E-12 
     795  8.62500000E+02  4.87500000E+02 -9.55158516E-01  1.94352535E+00  9.88366836E-01  2.50000000E-02 -7.84768308E-12 -2.88914415E-12 
     796  8.87500000E+02  4.87500000E+02 -8.69613158E-01  1.85797999E+00  9.88366836E-01  2.50000000E-02 -5.00533002E-12 -7.65165207E-12 
     797  9.12500000E+02  4.87500000E+02 -6.95422540E-01  1.68378938E+00  9.88366836E-01  2.50000000E-02 -1.91583739E-12 -4.52794252E-12 
     798  9.37500000E+02  4.87500000E+02 -7.92456884E-01  1.78082372E+00  9.88366836E-01  2.50000000E-02 -1.01473455E-12 -1.92181431E-12 
     799  9.62500000E+02  4.87500000E+02 -4.15251851E-01  1.40361869E+00  9.88366836E-01  2.50000000E-02 -2.31709444E-13 -1.51995450E-11 
     800  9.87500000E+02  4.87500000E+02 -7.79383764E-01  1.76775060E+00  9.88366836E-01  2.50000000E-02  1.89626713E-13 -2.44257620E-12 
     801  1.25000000E+01  5.12500000E+02 -1.98694032E-01  1.18706087E+00  9.88366836E-01  2.50000000E-02  7.77296878E-14  3.24805992E-12 
     802  3.75000000E+01  5.12500000E+02 -4.78622974E-01  1.46698981E+00  9.88366836E-01  2.50000000E-02 -1.12423522E-13  7.95180470E-13 
     803  6.25000000E+01  5.12500000E+02 -9.58897534E-01  1.94726437E+00  9.88366836E-01  2.50000000E-02 -5.04733073E-13  3.82118900E-13 
     804  8.75000000E+01  5.12500000E+02 -5.07965653E-02  1.03916340E+00  9.88366836E-01  2.50000000E-02 -9.22073214E-13  9.63617499E-13 
     805  1.12500000E+02  5.12500000E+02  6.52596013E-01  3.35770823E-01  9.88366836E-01  2.50000000E-02 -1.78964906E-12  6.74836066E-13 
     806  1.37500000E+02  5.12500000E+02 -1.17375780E-02  1.00010441E+00  9.88366836E-01  2.50000000E-02 -1.47453175E-12  4.92810488E-13 
     807  1.62500000E+02  5.12500000E+02  7.45253151E-02  9.13841521E-01  9.88366836E-01  2.50000000E-02 -1.95591757E-12 -1.38719879E-11 
     808  1.87500000E+02  5.12500000E+02 -6.49563682E-02  1.05332320E+00  9.88366836E-01  2.50000000E-02 -3.02815968E-12  2.04808022E-12 
     809  2.12500000E+02  5.12500000E+02  8.08191733E-01  1.80175102E-01  9.88366836E-01  2.50000000E-02 -8.95030165E-12 -5.96646530E-12 
     810  2.37500000E+02  5.12500000E+02  2.21052568E-01  7.67314267E-01  9.88366836E-01  2.50000000E-02 -1.25581603E-11 -8.65807125E-12 
     811  2.62500000E+02  5.12500000E+02  8.05511088E-01  1.82855748E-01  9.88366836E-01  2.50000000E-02 -1.57395662E-11 -2.69931743E-12 
     812  2.87500000E+02  5.12500000E+02  4.40774896E-02  9.44289346E-01  9.88366836E-01  2.50000000E-02 -4.83671710E-12  1.05458788E-11 
     813  3.12500000E+02  5.12500000E+02 -1.61642956E-01  1.15000979E+00  9.88366836E-01  2.50000000E-02 -4.54843187E-12  5.60188246E-11 
     814  3.37500000E+02  5.12500000E+02 -9.76898104E-01  1.96526494E+00  9.88366836E-01  2.50000000E-02 -3.60432163E-12  9.76379036E-12 
     815  3.62500000E+02  5.12500000E+02  8.27916857E-02  9.05575150E-01  9.88366836E-01  2.50000000E-02 -1.01083601E-12  1.15808595E-11 
     816  3.87500000E+02  5.12500000E+02 -1.61012357E-01  1.14937919E+00  9.88366836E-01  2.50000000E-02 -4.32515144E-13  2.10016147E-11 
     817  4.12500000E+02  5.12500000E+02  5.20549297E-01  4.67817539E-01  9.88366836E-01  2.50000000E-02 -5.64069574E-13  1.19093014E-12 
     818  4.37500000E+02  5.12500000E+02  2.25939986E-01  7.62426850E-01  9.88366836E-01  2.50000000E-02 -1.49897127E-12 -2.90848273E-11 
     819  4.62500000E+02  5.12500000E+02  8.43436565E-01  1.44930271E-01  9.88366836E-01  2.50000000E-02 -4.76735350E-12  1.05517775E-12 
     820  4.87500000E+02  5.12500000E+02  2.73522224E-01  7.14844612E-01  9.88366836E-01  2.50000000E-02 -7.56251929E-13  1.25323129E-11 
     821  5.12500000E+02  5.12500000E+02 -3.70256768E-01  1.35862360E+00  9.88366836E-01  2.50000000E-02 -4.37992931E-13 -4.42692234E-12 
     822  5.37500000E+02  5.12500000E+02 -1.86799403E-01  1.17516624E+00  9.88366836E-01  2.50000000E-02 -7.23848934E-13 -6.12881634E-14 
     823  5.62500000E+02  5.12500000E+02 -8.19173114E-01  1.80753995E+00  9.88366836E-01  2.50000000E-02 -1.23814582E-12 -1.41539383E-12 
     824  5.87500000E+02  5.12500000E+02  8.27341694E-01  1.61025142E-01  9.88366836E-01  2.50000000E-02 -7.99869112E-12  1.50373065E-11 
     825  6.12500000E+02  5.12500000E+02 -3.74597517E-01  1.36296435E+00  9.88366836E-01  2.50000000E-02 -9.03080816E-12  4.11973688E-12 
     826  6.37500000E+02  5.12500000E+02  4.44141516E-01  5.44225320E-01  9.88366836E-01  2.50000000E-02 -9.70466093E-12  9.49728630E-12 
     827  6.62500000E+02  5.12500000E+02 -9.92785098E-01  1.98115193E+00  9.88366836E-01  2.50000000E-02 -1.01556129E-11  1.43974769E-11 
     828  6.87500000E+02  5.12500000E+02 -1.45848634E-02  1.00295170E+00  9.88366836E-01  2.50000000E-02 -1.17403342E-11  1.13573391E-11 
     829  7.12500000E+02  5.12500000E+02 -4.48516774E-01  1.43688361E+00  9.88366836E-01  2.50000000E-02 -1.18698575E-11 -1.74230457E-12 
     830  7.37500000E+02  5.12500000E+02 -9.41310020E-01  1.92967686E+00  9.88366836E-01  2.50000000E-02 -9.20110254E-12 -1.58582886E-12 
     831  7.62500000E+02  5.12500000E+02 -6.99160594E-01  1.68752743E+00  9.88366836E-01  2.50000000E-02 -7.83390397E-12  9.34704718E-12 
     832  7.87500000E+02  5.12500000E+02 -9.23100187E-01  1.91146702E+00  9.88366836E-01  2.50000000E-02 -7.86894649E-12  3.76140126E-12 
     833  8.12500000E+02  5.12500000E+02 -3.81021602E-02  1.02646900E+00  9.88366836E-01  2.50000000E-02 -8.48354792E-12  5.38041982E-13 
     834  8.37500000E+02  5.12500000E+02  7.64165111E-01  2.24201724E-01  9.88366836E-01  2.50000000E-02 -1.23321813E-11  1.67466091E-12 
     835  8.62500000E+02  5.12500000E+02 -9.54580350E-01  1.94294719E+00  9.88366836E-01  2.50000000E-02 -4.28659351E-12 -2.22815315E-12 
     836  8.87500000E+02  5.12500000E+02 -6.71656305E-01  1.66002314E+00  9.88366836E-01  2.50000000E-02 -3.82233869E-12 -9.18884108E-12 
     837  9.12500000E+02  5.12500000E+02 -1.39158553E-01  1.12752539E+00  9.88366836E-01  2.50000000E-02 -3.91695230E-12 -5.82455159E-12 
     838  9.37500000E+02  5.12500000E+02  6.36652324E-01  3.51714512E-01  9.88366836E-01  2.50000000E-02 -3.18950618E-12 -1.22559406E-11 
     839  9.62500000E+02  5.12500000E+02  6.13608273E-01  3.74758563E-01  9.88366836E-01  2.50000000E-02 -4.81248078E-13 -1.63195091E-11 
     840  9.87500000E+02  5.12500000E+02  7.10892811E-01  2.77474024E-01  9.88366836E-01  2.50000000E-02 -2.32342018E-13 -6.58963223E-12 
     841  1.25000000E+01  5.37500000E+02 -5.58057742E-02  1.04417261E+00  9.88366836E-01  2.50000000E-02 -1.66717082E-15  3.00087574E-12 
     842  3.75000000E+01  5.37500000E+02  7.54977705E-02  9.12869065E-01  9.88366836E-01  2.50000000E-02 -1.29703925E-13  6.88744037E-13 
     843  6.25000000E+01  5.37500000E+02 -7.54745601E-01  1.74311244E+00  9.88366836E-01  2.50000000E-02 -3.64032413E-13  3.34948192E-13 
     844  8.75000000E+01  5.37500000E+02  8.38551358E-01  1.49815477E-01  9.88366836E-01  2.50000000E-02 -3.16867876E-12  1.50123803E-12 
     845  1.12500000E+02  5.37500000E+02 -7.14267579E-01  1.70263441E+00  9.88366836E-01  2.50000000E-02 -5.44502634E-12  2.73115592E-13 
     846  1.37500000E+02  5.37500000E+02  7.66191250E-01  2.22175585E-01  9.88366836E-01  2.50000000E-02 -5.89331432E-12  1.42584513E-12 
     847  1.62500000E+02  5.37500000E+02 -1.51205253E-02  1.00348736E+00  9.88366836E-01  2.50000000E-02 -4.49121223E-12 -1.19285393E-11 
     848  1.87500000E+02  5.37500000E+02  1.73922527E-01  8.14444309E-01  9.88366836E-01  2.50000000E-02 -4.82371982E-12  8.21700846E-13 
     849  2.12500000E+02  5.37500000E+02  5.53943166E-01  4.34423669E-01  9.88366836E-01  2.50000000E-02 -5.29850411E-12 -5.57977183E-12 
     850  2.37500000E+02  5.37500000E+02 -8.89105826E-01  1.87747266E+00  9.88366836E-01  2.50000000E-02 -3.28906008E-12 -7.31394840E-12 
     851  2.62500000E+02  5.37500000E+02 -5.81463339E-01  1.56983018E+00  9.88366836E-01  2.50000000E-02 -3.57175441E-12 -1.96242553E-12 
     852  2.87500000E+02  5.37500000E+02  6.79526210E-01  3.08840626E-01  9.88366836E-01  2.50000000E-02 -8.38022522E-12  1.53392278E-11 
     853  3.12500000E+02  5.37500000E+02  3.42334854E-01  6.46031981E-01  9.88366836E-01  2.50000000E-02 -7.67202239E-12  5.56739493E-11 
     854  3.37500000E+02  5.37500000E+02  7.51277662E-01  2.37089173E-01  9.88366836E-01  2.50000000E-02 -2.33327968E-12  1.51988371E-11 
     855  3.62500000E+02  5.37500000E+02  2.00360265E-01  7.88006571E-01  9.88366836E-01  2.50000000E-02  6.81285789E-12  1.19036326E-11 
     856  3.87500000E+02  5.37500000E+02 -3.85167497E-01  1.37353433E+00  9.88366836E-01  2.50000000E-02  9.96752115E-12  2.17657002E-11 
     857  4.12500000E+02  5.37500000E+02  2.99418132E-01  6.88948704E-01  9.88366836E-01  2.50000000E-02  1.24486029E-11  1.19407333E-12 
     858  4.37500000E+02  5.37500000E+02 -5.27998769E-01  1.51636560E+00  9.88366836E-01  2.50000000E-02  1.18683142E-11 -2.96546104E-11 
     859  4.62500000E+02  5.37500000E+02  8.96312519E-01  9.20543165E-02  9.88366836E-01  2.50000000E-02  2.61598629E-12  2.58369551E-12 
     860  4.87500000E+02  5.37500000E+02 -9.42534601E-01  1.93090144E+00  9.88366836E-01  2.50000000E-02  6.69833542E-12  1.24208509E-11 
     861  5.12500000E+02  5.37500000E+02  1.67468620E-01  8.20898216E-01  9.88366836E-01  2.50000000E-02  6.97271009E-12 -5.98761067E-12 
     862  5.37500000E+02  5.37500000E+02  9.81067012E-01  7.29982345E-03  9.88366836E-01  2.50000000E-02  1.71965402E-12  1.26171672E-12 
     863  5.62500000E+02  5.37500000E+02 -4.50558862E-01  1.43892570E+00  9.88366836E-01  2.50000000E-02 -2.95132773E-12 -2.88342708E-13 
     864  5.87500000E+02  5.37500000E+02 -4.81840688E-01  1.47020752E+00  9.88366836E-01  2.50000000E-02 -4.70075707E-12  8.54917511E-12 
     865  6.12500000E+02  5.37500000E+02 -5.85625669E-01  1.57399250E+00  9.88366836E-01  2.50000000E-02 -6.48321290E-12  5.82319526E-12 
     866  6.37500000E+02  5.37500000E+02 -3.44327821E-01  1.33269466E+00  9.88366836E-01  2.50000000E-02 -6.81771783E-12  9.80613573E-12 
     867  6.62500000E+02  5.37500000E+02  2.66264540E-01  7.22102295E-01  9.88366836E-01  2.50000000E-02 -7.42169799E-12  1.45313117E-11 
     868  6.87500000E+02  5.37500000E+02  1.56224060E-01  8.32142776E-01  9.88366836E-01  2.50000000E-02 -8.76297818E-12  1.01200732E-11 
     869  7.12500000E+02  5.37500000E+02  5.76540307E-01  4.11826529E-01  9.88366836E-01  2.50000000E-02 -1.12864277E-11 -2.60492091E-12 
     870  7.37500000E+02  5.37500000E+02 -8.37868197E-01  1.82623503E+00  9.88366836E-01  2.50000000E-02 -5.91045227E-12 -8.25480085E-13 
     871  7.62500000E+02  5.37500000E+02 -5.81607387E-01  1.56997422E+00  9.88366836E-01  2.50000000E-02 -5.69549767E-12  8.08012898E-12 
     872  7.87500000E+02  5.37500000E+02 -3.57814128E-01  1.34618096E+00  9.88366836E-01  2.50000000E-02 -6.40676629E-12  1.98871243E-12 
     873  8.12500000E+02  5.37500000E+02  7.91384558E-02  9.09228380E-01  9.88366836E-01  2.50000000E-02 -6.71754656E-12 -2.65588659E-12 
     874  8.37500000E+02  5.37500000E+02 -5.08739061E-01  1.49710590E+00  9.88366836E-01  2.50000000E-02 -7.39245820E-12 -5.45887333E-12 
     875  8.62500000E+02  5.37500000E+02  8.16107980E-01  1.72258855E-01  9.88366836E-01  2.50000000E-02 -1.52299704E-11 -3.89307796E-12 
     876  8.87500000E+02  5.37500000E+02 -2.94850547E-01  1.28321738E+00  9.88366836E-01  2.50000000E-02 -5.75900965E-12 -1.10056665E-11 
     877  9.12500000E+02  5.37500000E+02 -8.81591531E-03  9.97182751E-01  9.88366836E-01  2.50000000E-02 -6.89539275E-12 -6.94006951E-12 
     878  9.37500000E+02  5.37500000E+02 -8.78229413E-01  1.86659625E+00  9.88366836E-01  2.50000000E-02 -4.98676610E-12 -1.04960938E-11 
     879  9.62500000E+02  5.37500000E+02 -3.85030554E-01  1.37339739E+00  9.88366836E-01  2.50000000E-02 -1.45023990E-12 -8.92215715E-12 
     880  9.87500000E+02  5.37500000E+02 -8.45353893E-02  1.07290223E+00  9.88366836E-01  2.50000000E-02  1.67292174E-13 -2.55942631E-12 
     881  1.25000000E+01  5.62500000E+02 -1.14584640E-01  1.10295148E+00  9.88366836E-01  2.50000000E-02  3.36844324E-13  3.09628003E-12 
     882  3.75000000E+01  5.62500000E+02  3.38627184E-01  6.49739652E-01  9.88366836E-01  2.50000000E-02  1.24218503E-12  8.55954913E-13 
     883  6.25000000E+01  5.62500000E+02  8.27180828E-01  1.61186008E-01  9.88366836E-01  2.50000000E-02  2.56595499E-12  1.03944093E-12 
     884  8.75000000E+01  5.62500000E+02  9.65357012E-01  2.30098236E-02  9.88366836E-01  2.50000000E-02 -1.78052235E-12  2.82650713E-12 
     885  1.12500000E+02  5.62500000E+02 -3.42052154E-01  1.33041899E+00  9.88366836E-01  2.50000000E-02 -6.68730881E-13  4.09835853E-13 
     886  1.37500000E+02  5.62500000E+02 -1.87288199E-01  1.17565504E+00  9.88366836E-01  2.50000000E-02 -8.31726985E-13  1.00602113E-12 
     887  1.62500000E+02  5.62500000E+02 -2.76577068E-01  1.26494390E+00  9.88366836E-01  2.50000000E-02 -2.02295150E-12 -1.09095528E-11 
     888  1.87500000E+02  5.62500000E+02 -2.84951969E-01  1.27331880E+00  9.88366836E-01  2.50000000E-02 -3.07252747E-12 -5.46589462E-13 
     889  2.12500000E+02  5.62500000E+02  1.47953431E-01  8.40413405E-01  9.88366836E-01  2.50000000E-02 -3.09067112E-12 -7.26964688E-12 
     890  2.37500000E+02  5.62500000E+02  3.50708082E-01  6.37658753E-01  9.88366836E-01  2.50000000E-02 -3.51888518E-12 -6.92975617E-12 
     891  2.62500000E+02  5.62500000E+02 -8.82151087E-01  1.87051792E+00  9.88366836E-01  2.50000000E-02 -3.26947303E-12 -1.91207056E-12 
     892  2.87500000E+02  5.62500000E+02 -7.49584553E-01  1.73795139E+00  9.88366836E-01  2.50000000E-02 -3.38427375E-12  7.80706901E-12 
     893  3.12500000E+02  5.62500000E+02 -3.56986072E-02  1.02406544E+00  9.88366836E-01  2.50000000E-02 -4.25350792E-12  4.94380424E-11 
     894  3.37500000E+02  5.62500000E+02  9.40667345E-01  4.76994908E-02  9.88366836E-01  2.50000000E-02 -1.12832254E-11  1.71534140E-11 
     895  3.62500000E+02  5.62500000E+02  7.28689455E-01  2.59677381E-01  9.88366836E-01  2.50000000E-02 -8.80294401E-13  1.12224590E-11 
     896  3.87500000E+02  5.62500000E+02  1.15865431E-01  8.72501405E-01  9.88366836E-01  2.50000000E-02  1.07449786E-12  2.26181135E-11 
     897  4.12500000E+02  5.62500000E+02 -4.70598467E-01  1.45896530E+00  9.88366836E-01  2.50000000E-02  1.45432689E-12  1.33501447E-12 
     898  4.37500000E+02  5.62500000E+02  4.88022134E-01  5.00344702E-01  9.88366836E-01  2.50000000E-02  1.87430593E-12 -3.03144934E-11 
     899  4.62500000E+02  5.62500000E+02 -7.43963884E-01  1.73233072E+00  9.88366836E-01  2.50000000E-02  1.66860025E-12  1.39634675E-12 
     900  4.87500000E+02  5.62500000E+02  8.86257588E-01  1.02109248E-01  9.88366836E-01  2.50000000E-02 -6.89061281E-13  2.08714579E-11 
     901  5.12500000E+02  5.62500000E+02  9.75623130E-01  1.27437058E-02  9.88366836E-01  2.50000000E-02 -1.06749416E-11  1.07096991E-11 
     902  5.37500000E+02  5.62500000E+02 -6.54186395E-02  1.05378548E+00  9.88366836E-01  2.50000000E-02 -3.02339960E-12  2.42272736E-12 
     903  5.62500000E+02  5.62500000E+02 -7.77567727E-01  1.76593456E+00  9.88366836E-01  2.50000000E-02 -3.11798097E-12  7.81059315E-13 
     904  5.87500000E+02  5.62500000E+02  9.45151334E-02  8.93851702E-01  9.88366836E-01  2.50000000E-02 -3.31129917E-12  7.89178754E-12 
     905  6.12500000E+02  5.62500000E+02  9.22893731E-02  8.96077463E-01  9.88366836E-01  2.50000000E-02 -3.79181302E-12  5.83701904E-12 
     906  6.37500000E+02  5.62500000E+02  8.11235559E-01  1.77131277E-01  9.88366836E-01  2.50000000E-02 -8.99584571E-12  8.43125519E-12 
     907  6.62500000E+02  5.62500000E+02 -8.91170747E-02  1.07748391E+00  9.88366836E-01  2.50000000E-02 -7.33961211E-12  1.46812094E-11 
     908  6.87500000E+02  5.62500000E+02 -2.66929104E-01  1.25529594E+00  9.88366836E-01  2.50000000E-02 -7.36310455E-12  1.06143959E-11 
     909  7.12500000E+02  5.62500000E+02  2.93419202E-01  6.94947633E-01  9.88366836E-01  2.50000000E-02 -6.66168258E-12 -4.35613152E-12 
     910  7.37500000E+02  5.62500000E+02 -2.95420456E-01  1.28378729E+00  9.88366836E-01  2.50000000E-02 -3.65480027E-12  2.28730441E-13 
     911  7.62500000E+02  5.62500000E+02 -8.01096706E-01  1.78946354E+00  9.88366836E-01  2.50000000E-02 -3.11740564E-12  6.67261197E-12 
     912  7.87500000E+02  5.62500000E+02  8.40895920E-01  1.47470916E-01  9.88366836E-01  2.50000000E-02 -1.00712267E-11 -2.04109550E-13 
     913  8.12500000E+02  5.62500000E+02 -6.60223018E-01  1.64858985E+00  9.88366836E-01  2.50000000E-02 -7.86213386E-12 -1.74724865E-12 
     914  8.37500000E+02  5.62500000E+02  3.75355603E-01  6.13011232E-01  9.88366836E-01  2.50000000E-02 -8.11693285E-12 -6.20725859E-12 
     915  8.62500000E+02  5.62500000E+02 -4.03301253E-01  1.39166809E+00  9.88366836E-01  2.50000000E-02 -4.26961940E-12 -1.87991522E-12 
     916  8.87500000E+02  5.62500000E+02 -8.82689989E-01  1.87105682E+00  9.88366836E-01  2.50000000E-02 -3.41104034E-12 -1.30813353E-11 
     917  9.12500000E+02  5.62500000E+02  3.13189889E-01  6.75176947E-01  9.88366836E-01  2.50000000E-02 -5.56688976E-12 -6.93209119E-12 
     918  9.37500000E+02  5.62500000E+02 -1.32217871E-01  1.12058471E+00  9.88366836E-01  2.50000000E-02 -2.38383540E-12 -1.14641142E-11 
     919  9.62500000E+02  5.62500000E+02 -7.36039310E-01  1.72440615E+00  9.88366836E-01  2.50000000E-02 -1.83451523E-13 -9.47829938E-12 
     920  9.87500000E+02  5.62500000E+02 -9.14987545E-01  1.90335438E+00  9.88366836E-01  2.50000000E-02 -9.58990611E-15 -2.70883341E-12 
     921  1.25000000E+01  5.87500000E+02  5.48764479E-01  4.39602357E-01  9.88366836E-01  2.50000000E-02 -1.50927887E-14  3.72609743E-12 
     922  3.75000000E+01  5.87500000E+02  8.40809812E-01  1.47557023E-01  9.88366836E-01  2.50000000E-02 -8.39481815E-13  1.73626349E-12 
     923  6.25000000E+01  5.87500000E+02 -7.42145942E-02  1.06258143E+00  9.88366836E-01  2.50000000E-02 -1.39177148E-12  9.28485941E-13 
     924  8.75000000E+01  5.87500000E+02 -2.39418201E-01  1.22778504E+00  9.88366836E-01  2.50000000E-02 -1.68483123E-12 -5.43459827E-13 
     925  1.12500000E+02  5.87500000E+02  5.81542128E-01  4.06824708E-01  9.88366836E-01  2.50000000E-02 -3.76081849E-12  1.19298703E-12 
     926  1.37500000E+02  5.87500000E+02  8.15503331E-01  1.72863504E-01  9.88366836E-01  2.50000000E-02 -8.26252386E-12  1.93757221E-12 
     927  1.62500000E+02  5.87500000E+02  2.34071098E-01  7.54295738E-01  9.88366836E-01  2.50000000E-02 -9.99292798E-12 -9.87497586E-12 
     928  1.87500000E+02  5.87500000E+02 -5.13579934E-01  1.50194677E+00  9.88366836E-01  2.50000000E-02 -1.13999864E-11 -1.81956400E-12 
     929  2.12500000E+02  5.87500000E+02  5.64850116E-01  4.23516719E-01  9.88366836E-01  2.50000000E-02 -1.57992384E-11 -1.06128126E-11 
     930  2.37500000E+02  5.87500000E+02  6.95866772E-01  2.92500064E-01  9.88366836E-01  2.50000000E-02 -1.84487181E-11 -1.06630450E-11 
     931  2.62500000E+02  5.87500000E+02  4.21055040E-01  5.67311796E-01  9.88366836E-01  2.50000000E-02 -1.66359957E-11  9.89315494E-13 
     932  2.87500000E+02  5.87500000E+02  3.90903367E-01  5.97463469E-01  9.88366836E-01  2.50000000E-02 -1.56296394E-11  5.21437848E-12 
     933  3.12500000E+02  5.87500000E+02  2.90985599E-01  6.97381237E-01  9.88366836E-01  2.50000000E-02 -1.31207305E-11  4.34355221E-11 
     934  3.37500000E+02  5.87500000E+02  1.88690182E-01  7.99676653E-01  9.88366836E-01  2.50000000E-02 -1.22590569E-11 -3.57716432E-13 
     935  3.62500000E+02  5.87500000E+02  4.67830686E-01  5.20536150E-01  9.88366836E-01  2.50000000E-02 -1.32446105E-11  4.64140513E-12 
     936  3.87500000E+02  5.87500000E+02 -2.62553830E-02  1.01462222E+00  9.88366836E-01  2.50000000E-02 -1.34742413E-11  1.75038122E-11 
     937  4.12500000E+02  5.87500000E+02  8.77213955E-01  1.11152881E-01  9.88366836E-01  2.50000000E-02 -2.25795343E-11  5.05876712E-12 
     938  4.37500000E+02  5.87500000E+02 -6.36819589E-01  1.62518642E+00  9.88366836E-01  2.50000000E-02 -1.77662338E-11 -2.85162312E-11 
     939  4.62500000E+02  5.87500000E+02  2.32506691E-01  7.55860144E-01  9.88366836E-01  2.50000000E-02 -1.81214498E-11  1.89151903E-12 
     940  4.87500000E+02  5.87500000E+02 -2.48784872E-01  1.23715171E+00  9.88366836E-01  2.50000000E-02 -1.61334344E-11  2.69286390E-11 
     941  5.12500000E+02  5.87500000E+02 -5.22370654E-01  1.51073749E+00  9.88366836E-01  2.50000000E-02 -1.53320245E-11  3.42533883E-12 
     942  5.37500000E+02  5.87500000E+02 -6.24177793E-01  1.61254463E+00  9.88366836E-01  2.50000000E-02 -1.52328582E-11  2.49771624E-12 
     943  5.62500000E+02  5.87500000E+02 -5.12936838E-01  1.50130367E+00  9.88366836E-01  2.50000000E-02 -1.47664815E-11 -7.68564352E-14 
     944  5.87500000E+02  5.87500000E+02 -3.91293652E-01  1.37966049E+00  9.88366836E-01  2.50000000E-02 -1.42677453E-11  7.64957511E-12 
     945  6.12500000E+02  5.87500000E+02 -2.39706493E-01  1.22807333E+00  9.88366836E-01  2.50000000E-02 -1.24302150E-11  4.77504502E-12 
     946  6.37500000E+02  5.87500000E+02 -2.70095115E-01  1.25846195E+00  9.88366836E-01  2.50000000E-02 -1.15847753E-11  1.00854790E-12 
     947  6.62500000E+02  5.87500000E+02 -1.52645767E-01  1.14101260E+00  9.88366836E-01  2.50000000E-02 -1.28202488E-11  1.10517633E-11 
     948  6.87500000E+02  5.87500000E+02  6.09920179E-01  3.78446656E-01  9.88366836E-01  2.50000000E-02 -1.82250516E-11  1.42242615E-11 
     949  7.12500000E+02  5.87500000E+02  2.96242300E-01  6.92124536E-01  9.88366836E-01  2.50000000E-02 -1.41817649E-11 -4.09839661E-12 
     950  7.37500000E+02  5.87500000E+02 -7.63312843E-01  1.75167968E+00  9.88366836E-01  2.50000000E-02 -7.96011194E-12  1.32209353E-12 
     951  7.62500000E+02  5.87500000E+02 -8.61664926E-01  1.85003176E+00  9.88366836E-01  2.50000000E-02 -7.10972532E-12  5.41864193E-12 
     952  7.87500000E+02  5.87500000E+02  7.90965086E-01  1.97401750E-01  9.88366836E-01  2.50000000E-02 -1.36110646E-11 -1.44763969E-13 
     953  8.12500000E+02  5.87500000E+02  3.82152086E-01  6.06214749E-01  9.88366836E-01  2.50000000E-02 -1.26228156E-11  3.55777311E-12 
     954  8.37500000E+02  5.87500000E+02 -4.09702057E-01  1.39806889E+00  9.88366836E-01  2.50000000E-02 -9.42875525E-12 -9.69077196E-13 
     955  8.62500000E+02  5.87500000E+02 -3.98703818E-01  1.38707065E+00  9.88366836E-01  2.50000000E-02 -9.86338010E-12 -3.93867518E-12 
     956  8.87500000E+02  5.87500000E+02  8.83761814E-01  1.04605022E-01  9.88366836E-01  2.50000000E-02 -2.05599293E-12 -1.37797071E-10 
     957  9.12500000E+02  5.87500000E+02  6.21648804E-01  3.66718032E-01  9.88366836E-01  2.50000000E-02  1.85161923E-11 -5.97963531E-12 
     958  9.37500000E+02  5.87500000E+02 -6.34674977E-01  1.62304181E+00  9.88366836E-01  2.50000000E-02  9.05699152E-12 -1.33158132E-11 
     959  9.62500000E+02  5.87500000E+02  6.58150002E-02  9.22551836E-01  9.88366836E-01  2.50000000E-02  7.84388307E-12 -1.18223936E-11 
     960  9.87500000E+02  5.87500000E+02  6.34963127E-01  3.53403708E-01  9.88366836E-01  2.50000000E-02  2.64204872E-12 -4.75809932E-12 
     961  1.25000000E+01  6.12500000E+02  3.03453320E-01  6.84913516E-01  9.88366836E-01  2.50000000E-02 -2.41582171E-13  2.46077242E-12 
     962  3.75000000E+01  6.12500000E+02 -5.37321985E-02  1.04209903E+00  9.88366836E-01  2.50000000E-02 -7.23390503E-13  5.47218587E-13 
     963  6.25000000E+01  6.12500000E+02 -3.05673691E-01  1.29404053E+00  9.88366836E-01  2.50000000E-02 -6.81746357E-13  8.64952303E-13 
     964  8.75000000E+01  6.12500000E+02 -2.61743157E-01  1.25010999E+00  9.88366836E-01  2.50000000E-02 -7.55480074E-13 -6.44782978E-13 
     965  1.12500000E+02  6.12500000E+02  8.15419797E-01  1.72947039E-01  9.88366836E-01  2.50000000E-02 -6.38783230E-12  1.19819593E-12 
     966  1.37500000E+02  6.12500000E+02 -7.44647963E-01  1.73301480E+00  9.88366836E-01  2.50000000E-02 -1.04216212E-11  2.24906500E-12 
     967  1.62500000E+02  6.12500000E+02  5.29176109E-01  4.59190726E-01  9.88366836E-01  2.50000000E-02 -1.22335735E-11 -5.85467481E-12 
     968  1.87500000E+02  6.12500000E+02  1.64077824E-01  8.24289012E-01  9.88366836E-01  2.50000000E-02 -1.22662594E-11 -3.55273331E-12 
     969  2.12500000E+02  6.12500000E+02 -5.50158379E-01  1.53852522E+00  9.88366836E-01  2.50000000E-02 -8.87943862E-12 -9.94689775E-12 
     970  2.37500000E+02  6.12500000E+02 -9.02006140E-01  1.89037298E+00  9.88366836E-01  2.50000000E-02 -8.04417799E-12 -1.11075604E-11 
     971  2.62500000E+02  6.12500000E+02  2.99165750E-01  6.89201086E-01  9.88366836E-01  2.50000000E-02 -9.85839392E-12  4.03866091E-12 
     972  2.87500000E+02  6.12500000E+02 -8.96736737E-01  1.88510357E+00  9.88366836E-01  2.50000000E-02 -1.10257259E-11  4.49957739E-12 
     973  3.12500000E+02  6.12500000E+02  1.61556385E-02  9.72211197E-01  9.88366836E-01  2.50000000E-02 -1.25975679E-11  3.63252777E-11 
     974  3.37500000E+02  6.12500000E+02 -2.51029848E-03  9.90877134E-01  9.88366836E-01  2.50000000E-02 -1.42908599E-11 -5.75296908E-13 
     975  3.62500000E+02  6.12500000E+02 -1.47085750E-01  1.13545259E+00  9.88366836E-01  2.50000000E-02 -1.32301117E-11  1.09349540E-12 
     976  3.87500000E+02  6.12500000E+02 -5.05318059E-01  1.49368490E+00  9.88366836E-01  2.50000000E-02 -1.36144792E-11  9.14616211E-12 
     977  4.12500000E+02  6.12500000E+02  5.62001394E-01  4.26365441E-01  9.88366836E-01  2.50000000E-02 -2.30996434E-11 -3.56287582E-13 
     978  4.37500000E+02  6.12500000E+02  7.35463960E-01  2.52902876E-01  9.88366836E-01  2.50000000E-02 -3.39958405E-11 -1.85448201E-11 
     979  4.62500000E+02  6.12500000E+02 -4.48297505E-01  1.43666434E+00  9.88366836E-01  2.50000000E-02 -4.14991795E-11  1.07328336E-12 
     980  4.87500000E+02  6.12500000E+02  7.97431476E-01  1.90935360E-01  9.88366836E-01  2.50000000E-02 -4.33787821E-11  2.58118898E-11 
     981  5.12500000E+02  6.12500000E+02 -6.28015485E-01  1.61638232E+00  9.88366836E-01  2.50000000E-02 -4.22790892E-11  2.03910019E-12 
     982  5.37500000E+02  6.12500000E+02  8.77500396E-01  1.10866440E-01  9.88366836E-01  2.50000000E-02 -3.48620784E-11 -1.38571220E-12 
     983  5.62500000E+02  6.12500000E+02 -2.13074037E-01  1.20144087E+00  9.88366836E-01  2.50000000E-02 -1.63711652E-11 -5.46158555E-13 
     984  5.87500000E+02  6.12500000E+02  6.01599391E-01  3.86767445E-01  9.88366836E-01  2.50000000E-02 -1.47530307E-11  4.78700706E-12 
     985  6.12500000E+02  6.12500000E+02  7.52456020E-01  2.35910816E-01  9.88366836E-01  2.50000000E-02 -1.55342357E-11  2.86937164E-12 
     986  6.37500000E+02  6.12500000E+02 -6.78948890E-01  1.66731573E+00  9.88366836E-01  2.50000000E-02 -8.78743235E-12  3.39235546E-12 
     987  6.62500000E+02  6.12500000E+02 -3.99877109E-01  1.38824394E+00  9.88366836E-01  2.50000000E-02 -8.20047633E-12  7.47370416E-12 
     988  6.87500000E+02  6.12500000E+02  4.94103848E-01  4.94262988E-01  9.88366836E-01  2.50000000E-02 -9.32747035E-12  1.44476519E-11 
     989  7.12500000E+02  6.12500000E+02 -8.35357542E-01  1.82372438E+00  9.88366836E-01  2.50000000E-02 -7.20468477E-12 -2.57262703E-12 
     990  7.37500000E+02  6.12500000E+02 -1.75286905E-01  1.16365374E+00  9.88366836E-01  2.50000000E-02 -6.80679670E-12  1.11369095E-12 
     991  7.62500000E+02  6.12500000E+02  8.28031203E-01  1.60335632E-01  9.88366836E-01  2.50000000E-02 -2.33223300E-11  6.69665394E-13 
     992  7.87500000E+02  6.12500000E+02  5.71861485E-01  4.16505351E-01  9.88366836E-01  2.50000000E-02 -2.25209036E-11  8.56493088E-12 
     993  8.12500000E+02  6.12500000E+02 -4.06956404E-01  1.39532324E+00  9.88366836E-01  2.50000000E-02 -1.62464726E-11  1.63472930E-11 
     994  8.37500000E+02  6.12500000E+02 -9.24495417E-01  1.91286225E+00  9.88366836E-01  2.50000000E-02 -1.94216499E-11 -5.55686405E-13 
     995  8.62500000E+02  6.12500000E+02  6.60746527E-01  3.27620308E-01  9.88366836E-01  2.50000000E-02 -5.52409036E-11 -7.38837079E-12 
     996  8.87500000E+02  6.12500000E+02  9.95587154E-01  5.73115377E-08  9.95587212E-01  2.50000000E-02 -4.09641619E-12 -2.73507420E-12 
     997  9.12500000E+02  6.12500000E+02 -7.59677557E-01  1.74804439E+00  9.88366836E-01  2.50000000E-02  9.60625177E-12  7.90993255E-12 
     998  9.37500000E+02  6.12500000E+02 -4.27104154E-01  1.41547099E+00  9.88366836E-01  2.50000000E-02  9.32295602E-12 -1.19902347E-11 
     999  9.62500000E+02  6.12500000E+02  4.11357170E-01  5.77009666E-01  9.88366836E-01  2.50000000E-02  5.80028036E-12 -8.22356717E-12 
    1000  9.87500000E+02  6.12500000E+02 -6.48242668E-01  1.63660950E+00  9.88366836E-01  2.50000000E-02  5.79939315E-13  1.03936213E-13 
    1001  1.25000000E+01  6.37500000E+02 -9.40392861E-01  1.92875970E+00  9.88366836E-01  2.50000000E-02  2.17486871E-14  2.27023959E-12 
    1002  3.75000000E+01  6.37500000E+02  2.92199058E-01  6.96167777E-01  9.88366836E-01  2.50000000E-02 -2.11408356E-13  6.37197911E-13 
    1003  6.25000000E+01  6.37500000E+02  4.03752741E-01  5.84614095E-01  9.88366836E-01  2.50000000E-02 -7.74006555E-13  6.45655223E-13 
    1004  8.75000000E+01  6.37500000E+02 -9.40355357E-01  1.92872219E+00  9.88366836E-01  2.50000000E-02 -1.08807854E-12 -4.82252685E-13 
    1005  1.12500000E+02  6.37500000E+02 -6.69036089E-01  1.65740292E+00  9.88366836E-01  2.50000000E-02 -1.31153905E-12  6.93738371E-13 
    1006  1.37500000E+02  6.37500000E+02 -6.30592728E-01  1.61895956E+00  9.88366836E-01  2.50000000E-02 -1.45102995E-12  2.12932183E-12 
    1007  1.62500000E+02  6.37500000E+02 -5.73665813E-01  1.56203265E+00  9.88366836E-01  2.50000000E-02 -1.41041809E-12 -3.30039466E-12 
    1008  1.87500000E+02  6.37500000E+02  9.74206108E-01  1.41607276E-02  9.88366836E-01  2.50000000E-02 -3.01005449E-11  5.23719434E-12 
    1009  2.12500000E+02  6.37500000E+02  5.58623786E-01  4.29743049E-01  9.88366836E-01  2.50000000E-02 -1.33582587E-11 -2.03996152E-12 
    1010  2.37500000E+02  6.37500000E+02  1.43151761E-01  8.45215074E-01  9.88366836E-01  2.50000000E-02 -1.48455025E-11 -8.39922670E-12 
    1011  2.62500000E+02  6.37500000E+02 -2.12071154E-01  1.20043799E+00  9.88366836E-01  2.50000000E-02 -1.64170954E-11  7.08825206E-12 
    1012  2.87500000E+02  6.37500000E+02 -4.21580013E-01  1.40994685E+00  9.88366836E-01  2.50000000E-02 -1.77324915E-11  5.16756210E-12 
    1013  3.12500000E+02  6.37500000E+02 -2.69652413E-01  1.25801925E+00  9.88366836E-01  2.50000000E-02 -1.83744067E-11  3.26257264E-11 
    1014  3.37500000E+02  6.37500000E+02  9.34500156E-01  5.38666796E-02  9.88366836E-01  2.50000000E-02 -1.11065108E-11 -4.96233312E-12 
    1015  3.62500000E+02  6.37500000E+02 -8.15144883E-01  1.80351172E+00  9.88366836E-01  2.50000000E-02 -1.66750333E-12  1.17749094E-12 
    1016  3.87500000E+02  6.37500000E+02 -4.06610623E-01  1.39497746E+00  9.88366836E-01  2.50000000E-02 -1.36846000E-12  6.41380405E-12 
    1017  4.12500000E+02  6.37500000E+02  3.49140391E-01  6.39226445E-01  9.88366836E-01  2.50000000E-02 -1.60835387E-12 -5.36581112E-15 
    1018  4.37500000E+02  6.37500000E+02 -2.34497289E-01  1.22286412E+00  9.88366836E-01  2.50000000E-02 -3.33904501E-12 -1.45121634E-11 
    1019  4.62500000E+02  6.37500000E+02 -6.23537321E-01  1.61190416E+00  9.88366836E-01  2.50000000E-02 -4.09576961E-12 -3.37307484E-13 
    1020  4.87500000E+02  6.37500000E+02  6.91516761E-01  2.96850074E-01  9.88366836E-01  2.50000000E-02 -8.05126390E-12  1.66987273E-11 
    1021  5.12500000E+02  6.37500000E+02 -6.90845646E-01  1.67921248E+00  9.88366836E-01  2.50000000E-02 -3.99197266E-12  1.83026486E-12 
    1022  5.37500000E+02  6.37500000E+02 -6.34222063E-01  1.62258890E+00  9.88366836E-01  2.50000000E-02 -3.64905279E-12 -6.09215896E-12 
    1023  5.62500000E+02  6.37500000E+02  4.58383699E-01  5.29983137E-01  9.88366836E-01  2.50000000E-02 -3.61760860E-12  9.35270124E-13 
    1024  5.87500000E+02  6.37500000E+02 -3.65768581E-01  1.35413542E+00  9.88366836E-01  2.50000000E-02 -2.20631106E-12  3.14157229E-12 
    1025  6.12500000E+02  6.37500000E+02 -6.90980806E-01  1.67934764E+00  9.88366836E-01  2.50000000E-02 -1.92041965E-12  4.75583437E-13 
    1026  6.37500000E+02  6.37500000E+02 -6.60668753E-01  1.64903559E+00  9.88366836E-01  2.50000000E-02 -2.17364359E-12  5.31953536E-12 
    1027  6.62500000E+02  6.37500000E+02  9.10784558E-01  7.75822781E-02  9.88366836E-01  2.50000000E-02 -2.78134079E-11  7.07499899E-12 
    1028  6.87500000E+02  6.37500000E+02 -3.34732112E-01  1.32309895E+00  9.88366836E-01  2.50000000E-02 -3.45386541E-11  2.15318042E-11 
    1029  7.12500000E+02  6.37500000E+02  2.61776502E-01  7.26590334E-01  9.88366836E-01  2.50000000E-02 -3.55517277E-11 -9.06057471E-13 
    1030  7.37500000E+02  6.37500000E+02 -2.93455060E-01  1.28182190E+00  9.88366836E-01  2.50000000E-02 -3.80975050E-11 -8.75647135E-13 
    1031  7.62500000E+02  6.37500000E+02  3.10672546E-01  6.77694289E-01  9.88366836E-01  2.50000000E-02 -3.91920382E-11 -7.19200335E-13 
    1032  7.87500000E+02  6.37500000E+02  2.80939941E-01  7.07426895E-01  9.88366836E-01  2.50000000E-02 -3.89760709E-11  7.21206100E-12 
    1033  8.12500000E+02  6.37500000E+02  3.32255791E-01  6.56111045E-01  9.88366836E-01  2.50000000E-02 -4.09753091E-11  2.22943249E-11 
    1034  8.37500000E+02  6.37500000E+02  6.39458614E-01  3.48908222E-01  9.88366836E-01  2.50000000E-02 -4.19067963E-11 -1.36375247E-11 
    1035  8.62500000E+02  6.37500000E+02  6.53592954E-01  3.34773882E-01  9.88366836E-01  2.50000000E-02 -2.83942961E-11 -2.28434697E-12 
    1036  8.87500000E+02  6.37500000E+02 -7.00726285E-01  1.68909312E+00  9.88366836E-01  2.50000000E-02 -1.96879387E-12  1.58616071E-11 
    1037  9.12500000E+02  6.37500000E+02 -4.87372950E-01  1.47573979E+00  9.88366836E-01  2.50000000E-02  6.69542405E-15  8.93873029E-12 
    1038  9.37500000E+02  6.37500000E+02 -5.92334440E-02  1.04760028E+00  9.88366836E-01  2.50000000E-02  1.30152210E-13 -9.89683449E-12 
    1039  9.62500000E+02  6.37500000E+02 -7.99537434E-01  1.78790427E+00  9.88366836E-01  2.50000000E-02 -8.44995448E-15 -5.10295130E-12 
    1040  9.87500000E+02  6.37500000E+02 -5.07206554E-02  1.03908749E+00  9.88366836E-01  2.50000000E-02  1.16235725E-14  4.83394312E-13 
    1041  1.25000000E+01  6.62500000E+02  7.21507143E-01  2.66859693E-01  9.88366836E-01  2.50000000E-02 -2.66641652E-13  2.96077826E-12 
    1042  3.75000000E+01  6.62500000E+02  5.28989000E-01  4.59377836E-01  9.88366836E-01  2.50000000E-02 -6.34603313E-13  5.87741173E-13 
    1043  6.25000000E+01  6.62500000E+02  6.53154362E-01  3.35212474E-01  9.88366836E-01  2.50000000E-02 -4.32609648E-13 -3.29231279E-13 
    1044  8.75000000E+01  6.62500000E+02  1.68424251E-01  8.19942585E-01  9.88366836E-01  2.50000000E-02 -2.52069552E-13 -1.06291069E-13 
    1045  1.12500000E+02  6.62500000E+02  1.44999953E-01  8.43366883E-01  9.88366836E-01  2.50000000E-02 -1.50500271E-13  2.43687792E-13 
    1046  1.37500000E+02  6.62500000E+02 -5.02182718E-01  1.49054955E+00  9.88366836E-01  2.50000000E-02  3.34742956E-13  1.61961212E-12 
    1047  1.62500000E+02  6.62500000E+02 -5.26667734E-01  1.51503457E+00  9.88366836E-01  2.50000000E-02  4.69920724E-13 -3.05059540E-12 
    1048  1.87500000E+02  6.62500000E+02  9.41039388E-01  4.73274482E-02  9.88366836E-01  2.50000000E-02 -6.72001186E-12  7.57273679E-13 
    1049  2.12500000E+02  6.62500000E+02  1.10856106E-01  8.77510730E-01  9.88366836E-01  2.50000000E-02 -4.19661343E-12  3.43069538E-12 
    1050  2.37500000E+02  6.62500000E+02  3.92237814E-01  5.96129022E-01  9.88366836E-01  2.50000000E-02 -4.98033063E-12 -3.29615903E-12 
    1051  2.62500000E+02  6.62500000E+02 -2.56877494E-01  1.24524433E+00  9.88366836E-01  2.50000000E-02 -4.53932798E-12  8.62574174E-12 
    1052  2.87500000E+02  6.62500000E+02 -8.93025048E-01  1.88139188E+00  9.88366836E-01  2.50000000E-02 -4.22211656E-12  5.75761820E-12 
    1053  3.12500000E+02  6.62500000E+02  7.04383125E-01  2.83983711E-01  9.88366836E-01  2.50000000E-02 -3.53065661E-12  2.86595134E-11 
    1054  3.37500000E+02  6.62500000E+02 -6.20474723E-01  1.60884156E+00  9.88366836E-01  2.50000000E-02  3.98846440E-13 -1.21500809E-12 
    1055  3.62500000E+02  6.62500000E+02  2.15328870E-01  7.73037966E-01  9.88366836E-01  2.50000000E-02  8.53021675E-13  2.06956684E-12 
    1056  3.87500000E+02  6.62500000E+02  1.03280951E-01  8.85085884E-01  9.88366836E-01  2.50000000E-02  1.12018070E-12  6.60569479E-12 
    1057  4.12500000E+02  6.62500000E+02 -9.20204754E-01  1.90857159E+00  9.88366836E-01  2.50000000E-02  1.19744949E-12  9.73980359E-13 
    1058  4.37500000E+02  6.62500000E+02  8.34153607E-01  1.54213229E-01  9.88366836E-01  2.50000000E-02 -4.31023316E-12 -7.95449616E-12 
    1059  4.62500000E+02  6.62500000E+02 -6.17011257E-01  1.60537809E+00  9.88366836E-01  2.50000000E-02 -4.30072864E-12 -1.59759150E-13 
    1060  4.87500000E+02  6.62500000E+02 -1.11500883E-01  1.09986772E+00  9.88366836E-01  2.50000000E-02 -5.68314637E-12  7.37644927E-12 
    1061  5.12500000E+02  6.62500000E+02 -4.38547116E-01  1.42691395E+00  9.88366836E-01  2.50000000E-02 -6.68784093E-12  2.76939532E-12 
    1062  5.37500000E+02  6.62500000E+02  1.24881031E-01  8.63485805E-01  9.88366836E-01  2.50000000E-02 -6.05349896E-12 -8.53051261E-12 
    1063  5.62500000E+02  6.62500000E+02  8.88143054E-01  1.00223782E-01  9.88366836E-01  2.50000000E-02 -1.06903121E-11 -7.11471349E-13 
    1064  5.87500000E+02  6.62500000E+02  7.56693025E-01  2.31673811E-01  9.88366836E-01  2.50000000E-02 -6.99705497E-12  4.78167449E-12 
    1065  6.12500000E+02  6.62500000E+02 -5.59181623E-01  1.54754846E+00  9.88366836E-01  2.50000000E-02 -2.87414573E-12  9.24885666E-13 
    1066  6.37500000E+02  6.62500000E+02 -2.36502072E-01  1.22486891E+00  9.88366836E-01  2.50000000E-02 -2.80935592E-12  5.94873497E-12 
    1067  6.62500000E+02  6.62500000E+02  7.69975015E-01  2.18391821E-01  9.88366836E-01  2.50000000E-02 -5.94311442E-12  4.46125859E-12 
    1068  6.87500000E+02  6.62500000E+02 -2.62419045E-01  1.25078588E+00  9.88366836E-01  2.50000000E-02 -1.37058406E-12  2.39548363E-11 
    1069  7.12500000E+02  6.62500000E+02 -7.47798696E-01  1.73616553E+00  9.88366836E-01  2.50000000E-02 -1.30428721E-12 -3.80027325E-13 
    1070  7.37500000E+02  6.62500000E+02  7.17758291E-01  2.70608545E-01  9.88366836E-01  2.50000000E-02 -4.56602040E-12 -3.50850336E-12 
    1071  7.62500000E+02  6.62500000E+02 -2.70231324E-01  1.25859816E+00  9.88366836E-01  2.50000000E-02 -2.08326992E-12 -3.21706846E-13 
    1072  7.87500000E+02  6.62500000E+02 -6.08207114E-01  1.59657395E+00  9.88366836E-01  2.50000000E-02 -2.88931478E-12  3.52135221E-12 
    1073  8.12500000E+02  6.62500000E+02  6.27633483E-01  3.60733353E-01  9.88366836E-01  2.50000000E-02 -1.16884189E-11  1.77440901E-11 
    1074  8.37500000E+02  6.62500000E+02  3.77482458E-01  6.10884378E-01  9.88366836E-01  2.50000000E-02 -1.03573058E-11 -1.89210266E-11 
    1075  8.62500000E+02  6.62500000E+02 -7.49113139E-01  1.73747997E+00  9.88366836E-01  2.50000000E-02  2.48396907E-12 -1.05698079E-11 
    1076  8.87500000E+02  6.62500000E+02 -4.20707946E-01  1.40907478E+00  9.88366836E-01  2.50000000E-02  7.90457063E-12  1.73171233E-11 
    1077  9.12500000E+02  6.62500000E+02 -5.96752387E-01  1.58511922E+00  9.88366836E-01  2.50000000E-02  1.04300876E-11  9.65188689E-12 
    1078  9.37500000E+02  6.62500000E+02 -6.47407324E-01  1.63577416E+00  9.88366836E-01  2.50000000E-02  9.86348850E-12 -9.26668537E-12 
    1079  9.62500000E+02  6.62500000E+02  1.30377829E-01  8.57989007E-01  9.88366836E-01  2.50000000E-02  5.13837448E-12 -3.89383033E-12 
    1080  9.87500000E+02  6.62500000E+02 -1.42309912E-01  1.13067675E+00  9.88366836E-01  2.50000000E-02  1.03735925E-12  1.21320628E-12 
    1081  1.25000000E+01  6.87500000E+02 -3.07977107E-01  1.29634394E+00  9.88366836E-01  2.50000000E-02 -5.26068113E-13  2.11917703E-12 
    1082  3.75000000E+01  6.87500000E+02 -5.64544706E-02  1.04482131E+00  9.88366836E-01  2.50000000E-02 -1.79456661E-12  1.51777516E-13 
    1083  6.25000000E+01  6.87500000E+02  5.18945662E-01  4.69421173E-01  9.88366836E-01  2.50000000E-02 -4.54062036E-12 -1.12797034E-12 
    1084  8.75000000E+01  6.87500000E+02 -6.36454859E-01  1.62482170E+00  9.88366836E-01  2.50000000E-02 -4.33915030E-12  2.01091208E-12 
    1085  1.12500000E+02  6.87500000E+02 -6.85283209E-01  1.67365004E+00  9.88366836E-01  2.50000000E-02 -4.72826706E-12  6.74604148E-13 
    1086  1.37500000E+02  6.87500000E+02 -9.97720077E-01  1.98608691E+00  9.88366836E-01  2.50000000E-02 -5.92367958E-12  1.39789211E-12 
    1087  1.62500000E+02  6.87500000E+02 -3.34496651E-01  1.32286349E+00  9.88366836E-01  2.50000000E-02 -8.60206862E-12 -3.19807275E-12 
    1088  1.87500000E+02  6.87500000E+02 -1.78130384E-01  1.16649722E+00  9.88366836E-01  2.50000000E-02 -1.18957636E-11  3.07231489E-12 
    1089  2.12500000E+02  6.87500000E+02 -9.12266154E-01  1.90063299E+00  9.88366836E-01  2.50000000E-02 -1.24265697E-11  4.22970099E-12 
    1090  2.37500000E+02  6.87500000E+02 -5.41857218E-01  1.53022405E+00  9.88366836E-01  2.50000000E-02 -1.25675791E-11 -1.78330052E-12 
    1091  2.62500000E+02  6.87500000E+02 -3.64935538E-01  1.35330237E+00  9.88366836E-01  2.50000000E-02 -1.45655244E-11  7.22648016E-12 
    1092  2.87500000E+02  6.87500000E+02  1.14057330E-01  8.74309506E-01  9.88366836E-01  2.50000000E-02 -1.72589436E-11  5.18758143E-12 
    1093  3.12500000E+02  6.87500000E+02  5.99342883E-02  9.28432547E-01  9.88366836E-01  2.50000000E-02 -1.67221550E-11  2.29231161E-11 
    1094  3.37500000E+02  6.87500000E+02 -6.29059867E-01  1.61742670E+00  9.88366836E-01  2.50000000E-02 -1.35099435E-11 -5.57813693E-14 
    1095  3.62500000E+02  6.87500000E+02 -5.54513131E-01  1.54287997E+00  9.88366836E-01  2.50000000E-02 -1.31694348E-11  6.61604428E-13 
    1096  3.87500000E+02  6.87500000E+02 -2.96395410E-01  1.28476225E+00  9.88366836E-01  2.50000000E-02 -1.39250074E-11  6.21838420E-12 
    1097  4.12500000E+02  6.87500000E+02 -1.48470216E-01  1.13683705E+00  9.88366836E-01  2.50000000E-02 -1.41106260E-11  1.08096147E-12 
    1098  4.37500000E+02  6.87500000E+02  7.59800929E-03  9.80768826E-01  9.88366836E-01  2.50000000E-02 -1.52804937E-11 -1.54520493E-12 
    1099  4.62500000E+02  6.87500000E+02 -6.08590634E-01  1.59695747E+00  9.88366836E-01  2.50000000E-02 -1.42075197E-11  1.48753514E-12 
    1100  4.87500000E+02  6.87500000E+02 -3.69620645E-01  1.35798748E+00  9.88366836E-01  2.50000000E-02 -1.53355380E-11  3.82432839E-12 
    1101  5.12500000E+02  6.87500000E+02  3.46211414E-01  6.42155422E-01  9.88366836E-01  2.50000000E-02 -2.14814064E-11  1.82728424E-12 
    1102  5.37500000E+02  6.87500000E+02 -2.26452086E-01  1.21481892E+00  9.88366836E-01  2.50000000E-02 -1.84216667E-11 -9.05611306E-12 
    1103  5.62500000E+02  6.87500000E+02 -5.15429995E-02  1.03990984E+00  9.88366836E-01  2.50000000E-02 -1.76255464E-11 -3.60122802E-12 
    1104  5.87500000E+02  6.87500000E+02  2.08717471E-01  7.79649365E-01  9.88366836E-01  2.50000000E-02 -1.96560968E-11  3.23027109E-12 
    1105  6.12500000E+02  6.87500000E+02 -4.30792963E-01  1.41915980E+00  9.88366836E-01  2.50000000E-02 -2.14264583E-11  7.90369247E-13 
    1106  6.37500000E+02  6.87500000E+02  4.02911505E-01  5.85455330E-01  9.88366836E-01  2.50000000E-02 -2.31957446E-11  7.77228903E-12 
    1107  6.62500000E+02  6.87500000E+02  1.26154343E-01  8.62212493E-01  9.88366836E-01  2.50000000E-02 -2.11777195E-11  3.73163329E-12 
    1108  6.87500000E+02  6.87500000E+02 -1.71976768E-01  1.16034360E+00  9.88366836E-01  2.50000000E-02 -2.06286274E-11  2.14915893E-11 
    1109  7.12500000E+02  6.87500000E+02  5.64254654E-01  4.24112182E-01  9.88366836E-01  2.50000000E-02 -2.21305621E-11 -3.13328513E-12 
    1110  7.37500000E+02  6.87500000E+02 -1.49038884E-01  1.13740572E+00  9.88366836E-01  2.50000000E-02 -1.20640552E-11  5.87786726E-13 
    1111  7.62500000E+02  6.87500000E+02 -3.60254336E-01  1.34862117E+00  9.88366836E-01  2.50000000E-02 -9.32279201E-12 -3.84970842E-14 
    1112  7.87500000E+02  6.87500000E+02 -7.85771987E-01  1.77413882E+00  9.88366836E-01  2.50000000E-02 -9.33838657E-12  2.29574501E-12 
    1113  8.12500000E+02  6.87500000E+02  4.57362621E-01  5.31004215E-01  9.88366836E-01  2.50000000E-02 -1.40943049E-11  1.46992185E-11 
    1114  8.37500000E+02  6.87500000E+02  6.66470773E-01  3.21896063E-01  9.88366836E-01  2.50000000E-02 -1.95178928E-11 -2.60205136E-11 
    1115  8.62500000E+02  6.87500000E+02 -7.72833755E-01  1.76120059E+00  9.88366836E-01  2.50000000E-02 -4.13824559E-13 -1.04085214E-11 
    1116  8.87500000E+02  6.87500000E+02  2.32845507E-01  7.55521328E-01  9.88366836E-01  2.50000000E-02  5.09785376E-12  2.06996995E-11 
    1117  9.12500000E+02  6.87500000E+02  2.12036995E-01  7.76329841E-01  9.88366836E-01  2.50000000E-02  5.55623578E-12  1.36085706E-11 
    1118  9.37500000E+02  6.87500000E+02  7.93162657E-01  1.95204178E-01  9.88366836E-01  2.50000000E-02  4.73492964E-12  1.11271332E-12 
    1119  9.62500000E+02  6.87500000E+02  7.35826877E-01  2.52539959E-01  9.88366836E-01  2.50000000E-02 -9.69233637E-13  1.40471636E-12 
    1120  9.87500000E+02  6.87500000E+02 -1.15334343E-01  1.10370118E+00  9.88366836E-01  2.50000000E-02 -2.49496585E-13  2.31957832E-12 
    1121  1.25000000E+01  7.12500000E+02  2.12525782E-01  7.75841053E-01  9.88366836E-01  2.50000000E-02 -6.96383346E-14  1.87376117E-12 
    1122  3.75000000E+01  7.12500000E+02 -1.04713308E-02  9.98838166E-01  9.88366836E-01  2.50000000E-02 -1.34922919E-13 -1.45414253E-13 
    1123  6.25000000E+01  7.12500000E+02  9.76343073E-01  1.20237625E-02  9.88366836E-01  2.50000000E-02 -5.74111032E-12  9.43243296E-13 
    1124  8.75000000E+01  7.12500000E+02  5.34586808E-02  9.34908155E-01  9.88366836E-01  2.50000000E-02 -1.81784766E-12  4.46463752E-12 
    1125  1.12500000E+02  7.12500000E+02 -8.52450590E-01  1.84081743E+00  9.88366836E-01  2.50000000E-02 -1.77547839E-12  1.05294622E-12 
    1126  1.37500000E+02  7.12500000E+02 -9.64945501E-03  9.98016291E-01  9.88366836E-01  2.50000000E-02 -1.93724616E-12  1.69333236E-12 
    1127  1.62500000E+02  7.12500000E+02  7.74196494E-01  2.14170341E-01  9.88366836E-01  2.50000000E-02 -5.13000227E-12 -4.36941832E-12 
    1128  1.87500000E+02  7.12500000E+02  2.29713840E-01  7.58652995E-01  9.88366836E-01  2.50000000E-02 -4.65990635E-12  4.71942580E-12 
    1129  2.12500000E+02  7.12500000E+02 -2.32188020E-01  1.22055486E+00  9.88366836E-01  2.50000000E-02 -3.75274526E-12  4.95936293E-12 
    1130  2.37500000E+02  7.12500000E+02 -9.98114426E-01  1.98648126E+00  9.88366836E-01  2.50000000E-02 -3.63977311E-12 -9.32915630E-13 
    1131  2.62500000E+02  7.12500000E+02 -9.56243896E-01  1.94461073E+00  9.88366836E-01  2.50000000E-02 -3.55741126E-12  5.54408769E-12 
    1132  2.87500000E+02  7.12500000E+02 -2.02079740E-01  1.19044658E+00  9.88366836E-01  2.50000000E-02 -3.50417540E-12  3.75987137E-12 
    1133  3.12500000E+02  7.12500000E+02  6.56841777E-01  3.31525058E-01  9.88366836E-01  2.50000000E-02 -3.78531159E-12  1.76926282E-11 
    1134  3.37500000E+02  7.12500000E+02 -4.28067939E-01  1.41643477E+00  9.88366836E-01  2.50000000E-02  3.19724380E-14  1.36675298E-12 
    1135  3.62500000E+02  7.12500000E+02 -5.78451388E-01  1.56681822E+00  9.88366836E-01  2.50000000E-02  1.46384466E-13  3.74476674E-13 
    1136  3.87500000E+02  7.12500000E+02  6.96919818E-01  2.91447018E-01  9.88366836E-01  2.50000000E-02 -1.21331192E-12  6.45924777E-12 
    1137  4.12500000E+02  7.12500000E+02  6.88016199E-01  3.00350637E-01  9.88366836E-01  2.50000000E-02 -2.27625251E-12  8.04584380E-13 
    1138  4.37500000E+02  7.12500000E+02  4.50937987E-01  5.37428849E-01  9.88366836E-01  2.50000000E-02 -3.67683307E-12 -1.11809054E-13 
    1139  4.62500000E+02  7.12500000E+02 -8.72638106E-01  1.86100494E+00  9.88366836E-01  2.50000000E-02 -2.39847902E-12  2.60687482E-12 
    1140  4.87500000E+02  7.12500000E+02 -4.72261166E-01  1.46062800E+00  9.88366836E-01  2.50000000E-02 -2.64288103E-12  1.57019032E-12 
    1141  5.12500000E+02  7.12500000E+02  7.11608422E-01  2.76758413E-01  9.88366836E-01  2.50000000E-02 -1.09106439E-11  2.66078826E-12 
    1142  5.37500000E+02  7.12500000E+02  1.36578061E-01  8.51788774E-01  9.88366836E-01  2.50000000E-02 -1.16914522E-11 -6.55540052E-12 
    1143  5.62500000E+02  7.12500000E+02 -3.27990276E-01  1.31635711E+00  9.88366836E-01  2.50000000E-02 -1.21932689E-11 -3.52938749E-12 
    1144  5.87500000E+02  7.12500000E+02 -1.35230552E-01  1.12359739E+00  9.88366836E-01  2.50000000E-02 -1.44345757E-11  1.09064260E-12 
    1145  6.12500000E+02  7.12500000E+02  4.61645272E-01  5.26721564E-01  9.88366836E-01  2.50000000E-02 -2.06079692E-11 -2.28278128E-12 
    1146  6.37500000E+02  7.12500000E+02 -7.21591945E-01  1.70995878E+00  9.88366836E-01  2.50000000E-02 -1.64131265E-11  1.58326974E-11 
    1147  6.62500000E+02  7.12500000E+02 -6.19559136E-01  1.60792597E+00  9.88366836E-01  2.50000000E-02 -1.63888881E-11  4.72515914E-12 
    1148  6.87500000E+02  7.12500000E+02 -9.67050839E-01  1.95541767E+00  9.88366836E-01  2.50000000E-02 -1.77894848E-11  1.83537860E-11 
    1149  7.12500000E+02  7.12500000E+02  7.15133262E-01  2.73233574E-01  9.88366836E-01  2.50000000E-02 -2.86529774E-11 -4.55311199E-12 
    1150  7.37500000E+02  7.12500000E+02  2.54938944E-01  7.33427892E-01  9.88366836E-01  2.50000000E-02 -2.46669397E-11  6.96388999E-12 
    1151  7.62500000E+02  7.12500000E+02 -4.88733671E-01  1.47710051E+00  9.88366836E-01  2.50000000E-02 -2.79786878E-11 -4.70886330E-13 
    1152  7.87500000E+02  7.12500000E+02  5.88489260E-01  3.99877576E-01  9.88366836E-01  2.50000000E-02 -4.43440242E-11  6.93250464E-13 
    1153  8.12500000E+02  7.12500000E+02  1.42788505E-01  8.45578331E-01  9.88366836E-01  2.50000000E-02 -6.11089321E-11  1.05706433E-11 
    1154  8.37500000E+02  7.12500000E+02  9.09849421E-01  7.85174152E-02  9.88366836E-01  2.50000000E-02 -2.04004353E-10 -3.20984605E-12 
    1155  8.62500000E+02  7.12500000E+02  9.96609287E-01  5.71671253E-08  9.96609344E-01  2.50000000E-02 -3.75160308E-12  3.15647128E-12 
    1156  8.87500000E+02  7.12500000E+02 -7.20531090E-01  1.70889793E+00  9.88366836E-01  2.50000000E-02  1.56661762E-11  1.86455228E-11 
    1157  9.12500000E+02  7.12500000E+02  1.83987736E-01  8.04379100E-01  9.88366836E-01  2.50000000E-02  1.55101047E-11  1.45397336E-11 
    1158  9.37500000E+02  7.12500000E+02 -3.67840359E-01  1.35620719E+00  9.88366836E-01  2.50000000E-02  1.39371764E-11  6.20986658E-12 
    1159  9.62500000E+02  7.12500000E+02  5.24402463E-01  4.63964373E-01  9.88366836E-01  2.50000000E-02  1.03395751E-11  6.84071863E-12 
    1160  9.87500000E+02  7.12500000E+02  8.48327636E-01  1.40039199E-01  9.88366836E-01  2.50000000E-02  4.35257182E-12  1.20085566E-11 
    1161  1.25000000E+01  7.37500000E+02 -7.88650651E-01  1.77701749E+00  9.88366836E-01  2.50000000E-02 -2.60210461E-13  1.65068807E-12 
    1162  3.75000000E+01  7.37500000E+02 -4.78120813E-01  1.46648765E+00  9.88366836E-01  2.50000000E-02 -7.25152687E-13 -3.41381079E-13 
    1163  6.25000000E+01  7.37500000E+02 -6.38564569E-01  1.62693140E+00  9.88366836E-01  2.50000000E-02 -8.81333474E-13 -2.97759979E-13 
    1164  8.75000000E+01  7.37500000E+02 -7.36592694E-01  1.72495953E+00  9.88366836E-01  2.50000000E-02 -9.85552046E-13  4.98770522E-12 
    1165  1.12500000E+02  7.37500000E+02 -2.36763111E-02  1.01204315E+00  9.88366836E-01  2.50000000E-02 -1.28135495E-12  8.04713284E-13 
    1166  1.37500000E+02  7.37500000E+02  7.75144578E-01  2.13222258E-01  9.88366836E-01  2.50000000E-02 -3.54760879E-12  1.53430478E-12 
    1167  1.62500000E+02  7.37500000E+02  2.58238609E-01  7.30128226E-01  9.88366836E-01  2.50000000E-02 -4.20733366E-12 -3.35489321E-12 
    1168  1.87500000E+02  7.37500000E+02  4.67752723E-01  5.20614112E-01  9.88366836E-01  2.50000000E-02 -4.75177516E-12  7.75150510E-12 
    1169  2.12500000E+02  7.37500000E+02 -2.07987256E-01  1.19635409E+00  9.88366836E-01  2.50000000E-02 -3.52491630E-12  5.03824292E-12 
    1170  2.37500000E+02  7.37500000E+02  1.81088697E-02  9.70257966E-01  9.88366836E-01  2.50000000E-02 -3.39543159E-12  3.54541505E-13 
    1171  2.62500000E+02  7.37500000E+02  2.37743781E-01  7.50623055E-01  9.88366836E-01  2.50000000E-02 -3.25562430E-12  4.75421057E-12 
    1172  2.87500000E+02  7.37500000E+02  7.38630632E-02  9.14503773E-01  9.88366836E-01  2.50000000E-02 -1.47338457E-12  1.75351171E-12 
    1173  3.12500000E+02  7.37500000E+02 -6.92625819E-01  1.68099265E+00  9.88366836E-01  2.50000000E-02 -1.01258015E-12  8.47827887E-12 
    1174  3.37500000E+02  7.37500000E+02  9.10884101E-01  7.74827349E-02  9.88366836E-01  2.50000000E-02 -7.16745551E-12  5.55594727E-12 
    1175  3.62500000E+02  7.37500000E+02 -8.89535876E-02  1.07732042E+00  9.88366836E-01  2.50000000E-02 -3.61260692E-12  1.39744948E-12 
    1176  3.87500000E+02  7.37500000E+02  1.79161911E-01  8.09204924E-01  9.88366836E-01  2.50000000E-02 -3.63786749E-12  5.40660520E-12 
    1177  4.12500000E+02  7.37500000E+02 -5.20105070E-01  1.50847191E+00  9.88366836E-01  2.50000000E-02 -4.21677612E-12  1.05512937E-12 
    1178  4.37500000E+02  7.37500000E+02  1.44048664E-01  8.44318172E-01  9.88366836E-01  2.50000000E-02 -5.15655881E-12  9.79331473E-13 
    1179  4.62500000E+02  7.37500000E+02 -2.93262894E-01  1.28162973E+00  9.88366836E-01  2.50000000E-02 -4.92303244E-12  3.35991334E-12 
    1180  4.87500000E+02  7.37500000E+02 -8.74837871E-01  1.86320471E+00  9.88366836E-01  2.50000000E-02 -4.41232923E-12  1.28943812E-12 
    1181  5.12500000E+02  7.37500000E+02  1.28077772E-02  9.75559058E-01  9.88366836E-01  2.50000000E-02 -4.53325916E-12 -2.50407776E-12 
    1182  5.37500000E+02  7.37500000E+02  8.63247758E-01  1.25119077E-01  9.88366836E-01  2.50000000E-02 -1.24372223E-11  1.32745917E-12 
    1183  5.62500000E+02  7.37500000E+02  9.08072132E-01  8.02947038E-02  9.88366836E-01  2.50000000E-02 -1.95383558E-11  4.33899198E-13 
    1184  5.87500000E+02  7.37500000E+02  5.53396221E-01  4.34970614E-01  9.88366836E-01  2.50000000E-02 -8.88868800E-12 -1.87646189E-12 
    1185  6.12500000E+02  7.37500000E+02  2.10395785E-01  7.77971051E-01  9.88366836E-01  2.50000000E-02 -6.19042504E-12 -1.41184569E-12 
    1186  6.37500000E+02  7.37500000E+02  4.84775283E-02  9.39889307E-01  9.88366836E-01  2.50000000E-02 -5.31139926E-12  1.97033070E-11 
    1187  6.62500000E+02  7.37500000E+02 -4.85448113E-02  1.03691165E+00  9.88366836E-01  2.50000000E-02 -5.20679020E-12  4.73382464E-12 
    1188  6.87500000E+02  7.37500000E+02  9.81100052E-01  7.26678419E-03  9.88366836E-01  2.50000000E-02 -2.99752561E-11  6.88376821E-12 
    1189  7.12500000E+02  7.37500000E+02  2.79590471E-01  7.08776364E-01  9.88366836E-01  2.50000000E-02 -3.20364684E-12  7.57420483E-13 
    1190  7.37500000E+02  7.37500000E+02 -1.65822439E-01  1.15418927E+00  9.88366836E-01  2.50000000E-02 -3.21040436E-12  1.16507867E-11 
    1191  7.62500000E+02  7.37500000E+02 -6.23547884E-01  1.61191472E+00  9.88366836E-01  2.50000000E-02 -3.10087365E-12 -7.04693657E-13 
    1192  7.87500000E+02  7.37500000E+02 -7.41045783E-01  1.72941262E+00  9.88366836E-01  2.50000000E-02 -3.49535199E-12  3.16004884E-13 
    1193  8.12500000E+02  7.37500000E+02  6.28917049E-01  3.59449786E-01  9.88366836E-01  2.50000000E-02 -9.17426658E-12  8.18500338E-12 
    1194  8.37500000E+02  7.37500000E+02 -1.29294933E-01  1.11766177E+00  9.88366836E-01  2.50000000E-02 -1.65425941E-11  9.31501657E-12 
    1195  8.62500000E+02  7.37500000E+02  6.99776301E-01  2.88590535E-01  9.88366836E-01  2.50000000E-02 -1.35739888E-11  7.48686926E-11 
    1196  8.87500000E+02  7.37500000E+02 -7.91778566E-01  1.78014540E+00  9.88366836E-01  2.50000000E-02  2.65220823E-12  1.67271789E-11 
    1197  9.12500000E+02  7.37500000E+02 -3.81969586E-01  1.37033642E+00  9.88366836E-01  2.50000000E-02  2.41858293E-12  1.11308538E-11 
    1198  9.37500000E+02  7.37500000E+02 -2.37369274E-01  1.22573611E+00  9.88366836E-01  2.50000000E-02  1.65138946E-12  6.25276116E-12 
    1199  9.62500000E+02  7.37500000E+02 -1.28648872E-01  1.11701571E+00  9.88366836E-01  2.50000000E-02  3.06039780E-12  8.80707153E-12 
    1200  9.87500000E+02  7.37500000E+02 -9.95164348E-01  1.98353118E+00  9.88366836E-01  2.50000000E-02  1.31134924E-12  5.55640362E-12 
    1201  1.25000000E+01  7.62500000E+02 -1.29155342E-01  1.11752218E+00  9.88366836E-01  2.50000000E-02  1.23977364E-14  1.91649933E-12 
    1202  3.75000000E+01  7.62500000E+02 -5.83351884E-01  1.57171872E+00  9.88366836E-01  2.50000000E-02 -9.47027431E-14 -3.44255619E-13 
    1203  6.25000000E+01  7.62500000E+02  2.15780788E-01  7.72586048E-01  9.88366836E-01  2.50000000E-02 -4.23532046E-13 -4.08247974E-13 
    1204  8.75000000E+01  7.62500000E+02  1.67498107E-01  8.20868728E-01  9.88366836E-01  2.50000000E-02 -6.26612550E-13  4.74500905E-12 
    1205  1.12500000E+02  7.62500000E+02 -4.84599483E-01  1.47296632E+00  9.88366836E-01  2.50000000E-02 -6.62176339E-13 -4.73475059E-14 
    1206  1.37500000E+02  7.62500000E+02  6.08456202E-01  3.79910634E-01  9.88366836E-01  2.50000000E-02 -6.71063268E-13  1.60133587E-13 
    1207  1.62500000E+02  7.62500000E+02  9.15172981E-01  7.31938542E-02  9.88366836E-01  2.50000000E-02 -4.80036753E-12  5.54421948E-13 
    1208  1.87500000E+02  7.62500000E+02 -9.82501712E-01  1.97086855E+00  9.88366836E-01  2.50000000E-02 -3.00019836E-12  9.85193203E-12 
    1209  2.12500000E+02  7.62500000E+02 -9.44664556E-01  1.93303139E+00  9.88366836E-01  2.50000000E-02 -2.48885635E-12  4.80387786E-12 
    1210  2.37500000E+02  7.62500000E+02 -3.23494052E-01  1.31186089E+00  9.88366836E-01  2.50000000E-02 -2.15710755E-12  2.97729627E-13 
    1211  2.62500000E+02  7.62500000E+02  4.96707116E-01  4.91659719E-01  9.88366836E-01  2.50000000E-02 -4.16334679E-12  3.35780456E-12 
    1212  2.87500000E+02  7.62500000E+02 -2.92645816E-01  1.28101265E+00  9.88366836E-01  2.50000000E-02 -2.91077650E-12  1.12265450E-12 
    1213  3.12500000E+02  7.62500000E+02  2.98231197E-01  6.90135639E-01  9.88366836E-01  2.50000000E-02 -1.83566201E-12  5.44347338E-12 
    1214  3.37500000E+02  7.62500000E+02 -9.59836919E-01  1.94820375E+00  9.88366836E-01  2.50000000E-02 -1.92235637E-12  2.46320801E-12 
    1215  3.62500000E+02  7.62500000E+02 -6.97700009E-01  1.68606684E+00  9.88366836E-01  2.50000000E-02 -2.27504138E-12  7.70724859E-13 
    1216  3.87500000E+02  7.62500000E+02  6.40197572E-01  3.48169263E-01  9.88366836E-01  2.50000000E-02 -3.60862188E-12  3.98638708E-12 
    1217  4.12500000E+02  7.62500000E+02  3.51639594E-01  6.36727242E-01  9.88366836E-01  2.50000000E-02 -2.05235796E-12  9.50834155E-13 
    1218  4.37500000E+02  7.62500000E+02 -2.59690226E-01  1.24805706E+00  9.88366836E-01  2.50000000E-02 -1.70834427E-12  1.21549737E-12 
    1219  4.62500000E+02  7.62500000E+02 -4.54942193E-01  1.44330903E+00  9.88366836E-01  2.50000000E-02 -1.71225941E-12  2.51817892E-12 
    1220  4.87500000E+02  7.62500000E+02  9.69373941E-01  1.89928949E-02  9.88366836E-01  2.50000000E-02 -2.07258512E-11 -6.25692593E-12 
    1221  5.12500000E+02  7.62500000E+02  4.18351814E-01  5.70015022E-01  9.88366836E-01  2.50000000E-02 -2.40112264E-11 -4.34946727E-12 
    1222  5.37500000E+02  7.62500000E+02  8.74381873E-01  1.13984963E-01  9.88366836E-01  2.50000000E-02 -2.40404202E-11  8.53615056E-14 
    1223  5.62500000E+02  7.62500000E+02 -2.27439838E-01  1.21580667E+00  9.88366836E-01  2.50000000E-02 -1.30811965E-11  1.05633687E-11 
    1224  5.87500000E+02  7.62500000E+02  4.74677530E-01  5.13689305E-01  9.88366836E-01  2.50000000E-02 -1.15462520E-11 -9.50726214E-13 
    1225  6.12500000E+02  7.62500000E+02 -7.90045506E-01  1.77841234E+00  9.88366836E-01  2.50000000E-02 -7.62880328E-12  1.25710589E-13 
    1226  6.37500000E+02  7.62500000E+02 -1.95074996E-01  1.18344183E+00  9.88366836E-01  2.50000000E-02 -7.56468321E-12  1.86655413E-11 
    1227  6.62500000E+02  7.62500000E+02  6.23433476E-01  3.64933360E-01  9.88366836E-01  2.50000000E-02 -1.38281974E-11  1.66932050E-12 
    1228  6.87500000E+02  7.62500000E+02 -4.47466695E-01  1.43583353E+00  9.88366836E-01  2.50000000E-02 -1.32900344E-11  9.61424351E-12 
    1229  7.12500000E+02  7.62500000E+02 -7.85039710E-01  1.77340655E+00  9.88366836E-01  2.50000000E-02 -1.43375487E-11 -1.35833011E-12 
    1230  7.37500000E+02  7.62500000E+02  7.57658276E-02  9.12601008E-01  9.88366836E-01  2.50000000E-02 -1.54372467E-11  1.11505233E-11 
    1231  7.62500000E+02  7.62500000E+02 -6.01492353E-02  1.04851607E+00  9.88366836E-01  2.50000000E-02 -1.35133141E-11 -3.63876594E-13 
    1232  7.87500000E+02  7.62500000E+02 -2.35893939E-01  1.22426077E+00  9.88366836E-01  2.50000000E-02 -1.25465182E-11 -9.39470148E-13 
    1233  8.12500000E+02  7.62500000E+02 -6.03943320E-02  1.04876117E+00  9.88366836E-01  2.50000000E-02 -1.28576124E-11  4.89807696E-12 
    1234  8.37500000E+02  7.62500000E+02 -7.55900906E-01  1.74426774E+00  9.88366836E-01  2.50000000E-02 -1.40704426E-11  7.23661354E-12 
    1235  8.62500000E+02  7.62500000E+02  4.88671498E-01  4.99695338E-01  9.88366836E-01  2.50000000E-02 -1.74105219E-11  5.48694255E-11 
    1236  8.87500000E+02  7.62500000E+02 -6.98894523E-01  1.68726136E+00  9.88366836E-01  2.50000000E-02 -8.14268681E-12  1.55126564E-11 
    1237  9.12500000E+02  7.62500000E+02 -7.87935242E-01  1.77630208E+00  9.88366836E-01  2.50000000E-02 -4.89073165E-12  1.09887478E-11 
    1238  9.37500000E+02  7.62500000E+02 -7.18559022E-01  1.70692586E+00  9.88366836E-01  2.50000000E-02 -3.43106588E-12  6.25867028E-12 
    1239  9.62500000E+02  7.62500000E+02  9.62182206E-01  2.61846295E-02  9.88366836E-01  2.50000000E-02  8.46361805E-12  1.72797814E-11 
    1240  9.87500000E+02  7.62500000E+02 -2.96470198E-01  1.28483703E+00  9.88366836E-01  2.50000000E-02  2.21379617E-14  5.14792463E-12 
    1241  1.25000000E+01  7.87500000E+02  5.12184706E-01  4.76182129E-01  9.88366836E-01  2.50000000E-02 -6.38562379E-13  3.18796507E-12 
    1242  3.75000000E+01  7.87500000E+02 -5.05686300E-01  1.49405314E+00  9.88366836E-01  2.50000000E-02 -1.15300547E-12 -3.32873206E-13 
    1243  6.25000000E+01  7.87500000E+02 -6.10630668E-01  1.59899750E+00  9.88366836E-01  2.50000000E-02 -1.12403127E-12 -6.40828935E-13 
    1244  8.75000000E+01  7.87500000E+02 -7.69718752E-01  1.75808559E+00  9.88366836E-01  2.50000000E-02 -8.16976412E-13  4.84511620E-12 
    1245  1.12500000E+02  7.87500000E+02 -3.74472949E-01  1.36283978E+00  9.88366836E-01  2.50000000E-02 -3.06137846E-13 -5.88129181E-13 
    1246  1.37500000E+02  7.87500000E+02 -3.26369102E-01  1.31473594E+00  9.88366836E-01  2.50000000E-02 -1.72873353E-13 -8.91462396E-13 
    1247  1.62500000E+02  7.87500000E+02  9.77163706E-01  1.12031294E-02  9.88366836E-01  2.50000000E-02 -1.05137760E-11 -5.63605802E-12 
    1248  1.87500000E+02  7.87500000E+02  1.55964062E-01  8.32402774E-01  9.88366836E-01  2.50000000E-02 -5.16781221E-12  1.16392563E-11 
    1249  2.12500000E+02  7.87500000E+02  5.81497036E-01  4.06869799E-01  9.88366836E-01  2.50000000E-02 -3.54575456E-12  4.58286804E-12 
    1250  2.37500000E+02  7.87500000E+02  4.52434962E-01  5.35931874E-01  9.88366836E-01  2.50000000E-02 -2.65023695E-12  4.78878581E-13 
    1251  2.62500000E+02  7.87500000E+02 -9.81250213E-01  1.96961705E+00  9.88366836E-01  2.50000000E-02 -3.19696649E-12  3.57552585E-13 
    1252  2.87500000E+02  7.87500000E+02  9.24848470E-01  6.35183657E-02  9.88366836E-01  2.50000000E-02 -5.29392169E-12  2.03280193E-12 
    1253  3.12500000E+02  7.87500000E+02 -1.50094150E-01  1.13846099E+00  9.88366836E-01  2.50000000E-02  1.70722624E-12  4.80050751E-12 
    1254  3.37500000E+02  7.87500000E+02 -6.36470323E-02  1.05201387E+00  9.88366836E-01  2.50000000E-02  1.03382063E-12  3.01653311E-12 
    1255  3.62500000E+02  7.87500000E+02 -6.96106355E-01  1.68447319E+00  9.88366836E-01  2.50000000E-02 -1.09475660E-13  2.32511838E-13 
    1256  3.87500000E+02  7.87500000E+02  7.16918299E-01  2.71448536E-01  9.88366836E-01  2.50000000E-02 -3.34215642E-12  2.48839107E-12 
    1257  4.12500000E+02  7.87500000E+02  3.94637213E-01  5.93729623E-01  9.88366836E-01  2.50000000E-02 -4.08874763E-12  1.69830729E-12 
    1258  4.37500000E+02  7.87500000E+02 -5.07367031E-01  1.49573387E+00  9.88366836E-01  2.50000000E-02 -3.72727270E-12  2.52127714E-12 
    1259  4.62500000E+02  7.87500000E+02 -5.70342437E-01  1.55870927E+00  9.88366836E-01  2.50000000E-02 -4.11252009E-12  1.32145828E-12 
    1260  4.87500000E+02  7.87500000E+02  7.32570805E-01  2.55796031E-01  9.88366836E-01  2.50000000E-02 -1.38056030E-11 -3.50107788E-13 
    1261  5.12500000E+02  7.87500000E+02  8.03825180E-01  1.84541656E-01  9.88366836E-01  2.50000000E-02 -2.18691803E-11 -1.42921496E-12 
    1262  5.37500000E+02  7.87500000E+02 -2.96755179E-01  1.28512201E+00  9.88366836E-01  2.50000000E-02 -2.91131481E-11  3.73986554E-12 
    1263  5.62500000E+02  7.87500000E+02  7.65708990E-01  2.22657846E-01  9.88366836E-01  2.50000000E-02 -2.98083803E-11  1.24217163E-11 
    1264  5.87500000E+02  7.87500000E+02  5.18666491E-01  4.69700345E-01  9.88366836E-01  2.50000000E-02 -2.17285930E-11  1.09163493E-12 
    1265  6.12500000E+02  7.87500000E+02  1.92842463E-02  9.69082589E-01  9.88366836E-01  2.50000000E-02 -1.55722377E-11  2.53913613E-12 
    1266  6.37500000E+02  7.87500000E+02  1.01460689E-01  8.86906147E-01  9.88366836E-01  2.50000000E-02 -1.40785581E-11  1.77709021E-11 
    1267  6.62500000E+02  7.87500000E+02  7.70351714E-01  2.18015121E-01  9.88366836E-01  2.50000000E-02 -1.32851088E-11  3.74259115E-13 
    1268  6.87500000E+02  7.87500000E+02 -3.93053304E-01  1.38142014E+00  9.88366836E-01  2.50000000E-02 -3.87783875E-12  1.09175426E-11 
    1269  7.12500000E+02  7.87500000E+02 -4.89428734E-02  1.03730971E+00  9.88366836E-01  2.50000000E-02 -4.14634764E-12 -3.34505856E-12 
    1270  7.37500000E+02  7.87500000E+02  3.05378955E-01  6.82987881E-01  9.88366836E-01  2.50000000E-02 -5.99816070E-12  1.07095250E-11 
    1271  7.62500000E+02  7.87500000E+02  1.15064248E-02  9.76860411E-01  9.88366836E-01  2.50000000E-02 -5.46245106E-12  1.46487189E-13 
    1272  7.87500000E+02  7.87500000E+02 -6.54236181E-01  1.64260302E+00  9.88366836E-01  2.50000000E-02 -4.56208147E-12 -1.00433047E-12 
    1273  8.12500000E+02  7.87500000E+02 -5.28859316E-01  1.51722615E+00  9.88366836E-01  2.50000000E-02 -5.61915651E-12  3.21799536E-12 
    1274  8.37500000E+02  7.87500000E+02  4.81049763E-01  5.07317073E-01  9.88366836E-01  2.50000000E-02 -1.51686678E-11  6.32153566E-12 
    1275  8.62500000E+02  7.87500000E+02 -1.20181723E-01  1.10854856E+00  9.88366836E-01  2.50000000E-02 -1.46124886E-11  4.74302880E-11 
    1276  8.87500000E+02  7.87500000E+02 -7.05859829E-01  1.69422666E+00  9.88366836E-01  2.50000000E-02 -1.14883091E-11  1.55573062E-11 
    1277  9.12500000E+02  7.87500000E+02  5.00367896E-01  4.87998940E-01  9.88366836E-01  2.50000000E-02 -3.70283566E-12  1.47152414E-11 
    1278  9.37500000E+02  7.87500000E+02  9.34024516E-01  5.43423201E-02  9.88366836E-01  2.50000000E-02 -2.55957958E-12  1.54882785E-11 
    1279  9.62500000E+02  7.87500000E+02  4.22830000E-02  9.46083836E-01  9.88366836E-01  2.50000000E-02  5.18762446E-13 -9.62903801E-13 
    1280  9.87500000E+02  7.87500000E+02 -5.49122951E-01  1.53748979E+00  9.88366836E-01  2.50000000E-02  1.81469596E-13  4.74764650E-12 
    1281  1.25000000E+01  8.12500000E+02 -3.17920717E-01  1.30628755E+00  9.88366836E-01  2.50000000E-02 -2.28869312E-13  3.07673854E-12 
    1282  3.75000000E+01  8.12500000E+02  7.63393325E-01  2.24973511E-01  9.88366836E-01  2.50000000E-02 -4.92145090E-12  1.17315355E-12 
    1283  6.25000000E+01  8.12500000E+02  1.45936860E-02  9.73773150E-01  9.88366836E-01  2.50000000E-02 -7.02352490E-12 -4.69598859E-13 
    1284  8.75000000E+01  8.12500000E+02  5.94522513E-01  3.93844323E-01  9.88366836E-01  2.50000000E-02 -7.93500452E-12  5.75372291E-12 
    1285  1.12500000E+02  8.12500000E+02 -2.83011310E-01  1.27137815E+00  9.88366836E-01  2.50000000E-02 -8.26563184E-12 -7.09727593E-13 
    1286  1.37500000E+02  8.12500000E+02  3.28146965E-01  6.60219871E-01  9.88366836E-01  2.50000000E-02 -8.64979168E-12 -1.17904630E-12 
    1287  1.62500000E+02  8.12500000E+02 -3.15538951E-01  1.30390579E+00  9.88366836E-01  2.50000000E-02 -8.48372672E-12  2.00689622E-12 
    1288  1.87500000E+02  8.12500000E+02 -1.43462335E-01  1.13182917E+00  9.88366836E-01  2.50000000E-02 -8.15719286E-12  1.24888258E-11 
    1289  2.12500000E+02  8.12500000E+02  9.75605087E-01  1.27617491E-02  9.88366836E-01  2.50000000E-02 -9.64138498E-12  7.08528179E-12 
    1290  2.37500000E+02  8.12500000E+02 -4.22574008E-02  1.03062424E+00  9.88366836E-01  2.50000000E-02 -2.68972712E-12  2.12177668E-12 
    1291  2.62500000E+02  8.12500000E+02 -6.21157836E-02  1.05048262E+00  9.88366836E-01  2.50000000E-02 -2.63973630E-12 -6.83359710E-13 
    1292  2.87500000E+02  8.12500000E+02 -2.46924589E-01  1.23529143E+00  9.88366836E-01  2.50000000E-02 -2.66277799E-12 -2.19915727E-12 
    1293  3.12500000E+02  8.12500000E+02  9.10505203E-01  7.78616332E-02  9.88366836E-01  2.50000000E-02 -5.45938191E-12  5.25312383E-12 
    1294  3.37500000E+02  8.12500000E+02 -8.91053726E-01  1.87942056E+00  9.88366836E-01  2.50000000E-02 -2.57845884E-12  4.76374584E-12 
    1295  3.62500000E+02  8.12500000E+02 -6.84249296E-01  1.67261613E+00  9.88366836E-01  2.50000000E-02 -2.66935265E-12  5.58199284E-13 
    1296  3.87500000E+02  8.12500000E+02 -9.93029892E-01  1.98139673E+00  9.88366836E-01  2.50000000E-02 -3.11628351E-12 -8.03780853E-13 
    1297  4.12500000E+02  8.12500000E+02  3.01377228E-01  6.86989608E-01  9.88366836E-01  2.50000000E-02 -4.57703911E-12  2.37107491E-12 
    1298  4.37500000E+02  8.12500000E+02  8.46607542E-02  9.03706082E-01  9.88366836E-01  2.50000000E-02 -6.18032603E-12  4.35116029E-12 
    1299  4.62500000E+02  8.12500000E+02  6.76283780E-01  3.12083056E-01  9.88366836E-01  2.50000000E-02 -1.01816412E-11 -2.83911041E-12 
    1300  4.87500000E+02  8.12500000E+02 -5.87960715E-01  1.57632755E+00  9.88366836E-01  2.50000000E-02 -7.68473125E-12  1.26242823E-13 
    1301  5.12500000E+02  8.12500000E+02  4.45607059E-01  5.42759777E-01  9.88366836E-01  2.50000000E-02 -7.54629257E-12  1.88639748E-13 
    1302  5.37500000E+02  8.12500000E+02  5.76082622E-01  4.12284213E-01  9.88366836E-01  2.50000000E-02 -1.00969382E-11  2.42831088E-12 
    1303  5.62500000E+02  8.12500000E+02  8.32685535E-01  1.55681301E-01  9.88366836E-01  2.50000000E-02 -1.47106150E-11  9.88657203E-12 
    1304  5.87500000E+02  8.12500000E+02  1.40966716E-01  8.47400119E-01  9.88366836E-01  2.50000000E-02 -7.29208363E-12  4.98910903E-12 
    1305  6.12500000E+02  8.12500000E+02  1.81870507E-01  8.06496329E-01  9.88366836E-01  2.50000000E-02 -7.41779907E-12  3.31449939E-12 
    1306  6.37500000E+02  8.12500000E+02  7.01653474E-01  2.86713361E-01  9.88366836E-01  2.50000000E-02 -1.19675232E-11  2.05951860E-11 
    1307  6.62500000E+02  8.12500000E+02 -6.77303998E-01  1.66567083E+00  9.88366836E-01  2.50000000E-02 -6.80199969E-12  3.05331119E-12 
    1308  6.87500000E+02  8.12500000E+02 -5.15245579E-02  1.03989139E+00  9.88366836E-01  2.50000000E-02 -6.27613122E-12  1.30074713E-11 
    1309  7.12500000E+02  8.12500000E+02  4.56894185E-01  5.31472651E-01  9.88366836E-01  2.50000000E-02 -7.64053255E-12 -4.58478273E-12 
    1310  7.37500000E+02  8.12500000E+02 -9.74321502E-01  1.96268834E+00  9.88366836E-01  2.50000000E-02 -7.33457564E-12  9.10282381E-12 
    1311  7.62500000E+02  8.12500000E+02 -6.91669106E-02  1.05753375E+00  9.88366836E-01  2.50000000E-02 -6.92100543E-12  2.35983509E-13 
    1312  7.87500000E+02  8.12500000E+02 -3.30246550E-01  1.31861339E+00  9.88366836E-01  2.50000000E-02 -5.95470554E-12 -8.34630493E-13 
    1313  8.12500000E+02  8.12500000E+02 -6.12474222E-01  1.60084106E+00  9.88366836E-01  2.50000000E-02 -5.53471250E-12  2.83299397E-12 
    1314  8.37500000E+02  8.12500000E+02 -3.20882754E-01  1.30924959E+00  9.88366836E-01  2.50000000E-02 -6.75931271E-12  4.53163450E-12 
    1315  8.62500000E+02  8.12500000E+02  3.86736737E-01  6.01630099E-01  9.88366836E-01  2.50000000E-02 -7.81498351E-12  4.55755360E-11 
    1316  8.87500000E+02  8.12500000E+02  1.37639775E-01  8.50727060E-01  9.88366836E-01  2.50000000E-02  3.65514024E-12  1.52984292E-11 
    1317  9.12500000E+02  8.12500000E+02  1.69933067E-01  8.18433769E-01  9.88366836E-01  2.50000000E-02  8.33294944E-12  1.07524046E-11 
    1318  9.37500000E+02  8.12500000E+02  2.45947634E-01  7.42419202E-01  9.88366836E-01  2.50000000E-02  4.96843818E-12  5.57621420E-12 
    1319  9.62500000E+02  8.12500000E+02  3.15965527E-01  6.72401309E-01  9.88366836E-01  2.50000000E-02  1.75114578E-12 -6.94188296E-13 
    1320  9.87500000E+02  8.12500000E+02 -5.10382206E-01  1.49874904E+00  9.88366836E-01  2.50000000E-02  2.60352580E-13  4.67235141E-12 
    1321  1.25000000E+01  8.37500000E+02  2.89857136E-01  6.98509700E-01  9.88366836E-01  2.50000000E-02 -1.29107058E-13  2.98751054E-12 
    1322  3.75000000E+01  8.37500000E+02  2.06080072E-01  7.82286764E-01  9.88366836E-01  2.50000000E-02 -6.54380236E-13  7.53718166E-13 
    1323  6.25000000E+01  8.37500000E+02  7.25636087E-01  2.62730749E-01  9.88366836E-01  2.50000000E-02 -3.28257955E-12  1.47386694E-12 
    1324  8.75000000E+01  8.37500000E+02  1.75598290E-01  8.12768545E-01  9.88366836E-01  2.50000000E-02 -6.36611180E-12  4.23470131E-12 
    1325  1.12500000E+02  8.37500000E+02  7.44273458E-01  2.44093377E-01  9.88366836E-01  2.50000000E-02 -9.46175079E-12  1.97068923E-12 
    1326  1.37500000E+02  8.37500000E+02  7.08108041E-01  2.80258795E-01  9.88366836E-01  2.50000000E-02 -1.00469216E-11 -1.56085970E-12 
    1327  1.62500000E+02  8.37500000E+02 -9.21429355E-01  1.90979619E+00  9.88366836E-01  2.50000000E-02 -1.03471104E-11  8.35277422E-13 
    1328  1.87500000E+02  8.37500000E+02  9.11841196E-01  7.65256401E-02  9.88366836E-01  2.50000000E-02 -1.01472031E-11  7.82753656E-12 
    1329  2.12500000E+02  8.37500000E+02 -2.65279687E-02  1.01489480E+00  9.88366836E-01  2.50000000E-02 -3.22144160E-12  1.97868288E-12 
    1330  2.37500000E+02  8.37500000E+02 -9.89332990E-01  1.97769983E+00  9.88366836E-01  2.50000000E-02 -3.45404154E-12  2.48392881E-12 
    1331  2.62500000E+02  8.37500000E+02  5.03447756E-01  4.84919080E-01  9.88366836E-01  2.50000000E-02 -4.35834733E-12 -2.20083006E-12 
    1332  2.87500000E+02  8.37500000E+02 -9.46414540E-01  1.93478138E+00  9.88366836E-01  2.50000000E-02 -2.57651371E-12 -1.01062889E-12 
    1333  3.12500000E+02  8.37500000E+02 -8.69568998E-01  1.85793583E+00  9.88366836E-01  2.50000000E-02 -2.84937704E-12  1.74166087E-13 
    1334  3.37500000E+02  8.37500000E+02 -3.06338779E-01  1.29470561E+00  9.88366836E-01  2.50000000E-02 -4.39601477E-12  5.51812035E-12 
    1335  3.62500000E+02  8.37500000E+02  1.77549684E-01  8.10817152E-01  9.88366836E-01  2.50000000E-02 -6.38097078E-12  1.27014301E-12 
    1336  3.87500000E+02  8.37500000E+02 -3.66924104E-01  1.35529094E+00  9.88366836E-01  2.50000000E-02 -6.33206905E-12 -2.69587248E-13 
    1337  4.12500000E+02  8.37500000E+02 -5.20939004E-01  1.50930584E+00  9.88366836E-01  2.50000000E-02 -6.51768263E-12  1.51439921E-12 
    1338  4.37500000E+02  8.37500000E+02 -2.97072474E-01  1.28543931E+00  9.88366836E-01  2.50000000E-02 -7.90463286E-12  3.97613715E-12 
    1339  4.62500000E+02  8.37500000E+02  4.92806270E-01  4.95560566E-01  9.88366836E-01  2.50000000E-02 -1.10128868E-11 -4.10199241E-12 
    1340  4.87500000E+02  8.37500000E+02 -1.33237921E-01  1.12160476E+00  9.88366836E-01  2.50000000E-02 -1.11409327E-11 -1.19423692E-12 
    1341  5.12500000E+02  8.37500000E+02  8.06992906E-01  1.81373930E-01  9.88366836E-01  2.50000000E-02 -1.53573491E-11 -8.46091110E-13 
    1342  5.37500000E+02  8.37500000E+02 -3.12502795E-01  1.30086963E+00  9.88366836E-01  2.50000000E-02 -1.08945804E-11  4.15333164E-12 
    1343  5.62500000E+02  8.37500000E+02  7.73404179E-02  9.11026418E-01  9.88366836E-01  2.50000000E-02 -1.16649024E-11  3.83425467E-12 
    1344  5.87500000E+02  8.37500000E+02 -1.35382093E-01  1.12374893E+00  9.88366836E-01  2.50000000E-02 -1.36216189E-11  3.51521331E-12 
    1345  6.12500000E+02  8.37500000E+02  3.02996821E-01  6.85370015E-01  9.88366836E-01  2.50000000E-02 -1.37642778E-11  8.83099466E-14 
    1346  6.37500000E+02  8.37500000E+02  3.36412781E-01  6.51954054E-01  9.88366836E-01  2.50000000E-02 -1.42569709E-11  1.71481385E-11 
    1347  6.62500000E+02  8.37500000E+02  7.91097063E-01  1.97269772E-01  9.88366836E-01  2.50000000E-02 -2.20120132E-11  6.67826221E-12 
    1348  6.87500000E+02  8.37500000E+02  1.56250412E-01  8.32116424E-01  9.88366836E-01  2.50000000E-02 -1.21353674E-11  1.59070388E-11 
    1349  7.12500000E+02  8.37500000E+02 -4.94733205E-01  1.48310004E+00  9.88366836E-01  2.50000000E-02 -1.06480243E-11 -3.33534628E-12 
    1350  7.37500000E+02  8.37500000E+02 -1.83218777E-01  1.17158561E+00  9.88366836E-01  2.50000000E-02 -1.00338548E-11  8.67156556E-12 
    1351  7.62500000E+02  8.37500000E+02  4.35011613E-01  5.53355223E-01  9.88366836E-01  2.50000000E-02 -8.55047649E-12 -1.17200424E-12 
    1352  7.87500000E+02  8.37500000E+02 -6.86449221E-03  9.95231328E-01  9.88366836E-01  2.50000000E-02 -6.80865450E-12 -1.12212407E-12 
    1353  8.12500000E+02  8.37500000E+02 -3.59093655E-01  1.34746049E+00  9.88366836E-01  2.50000000E-02 -6.81641951E-12  3.02180474E-12 
    1354  8.37500000E+02  8.37500000E+02  9.99038683E-02  8.88462967E-01  9.88366836E-01  2.50000000E-02 -8.22273341E-12  2.42408032E-12 
    1355  8.62500000E+02  8.37500000E+02  3.33395814E-01  6.54971021E-01  9.88366836E-01  2.50000000E-02 -9.44657539E-12  3.62506544E-11 
    1356  8.87500000E+02  8.37500000E+02  9.38366747E-01  5.00000888E-02  9.88366836E-01  2.50000000E-02 -9.38991746E-12  2.43147366E-11 
    1357  9.12500000E+02  8.37500000E+02 -2.65614161E-01  1.25398100E+00  9.88366836E-01  2.50000000E-02  3.30258749E-12  1.00077863E-11 
    1358  9.37500000E+02  8.37500000E+02 -2.86357394E-01  1.27472423E+00  9.88366836E-01  2.50000000E-02  2.30105781E-12  6.01624700E-12 
    1359  9.62500000E+02  8.37500000E+02 -7.96697996E-01  1.78506483E+00  9.88366836E-01  2.50000000E-02  8.85632167E-13 -2.90976078E-13 
    1360  9.87500000E+02  8.37500000E+02 -4.70365245E-01  1.45873208E+00  9.88366836E-01  2.50000000E-02  2.87972794E-13  5.04285641E-12 
    1361  1.25000000E+01  8.62500000E+02  4.07376454E-01  5.80990382E-01  9.88366836E-01  2.50000000E-02  1.67957808E-13  3.01067232E-12 
    1362  3.75000000E+01  8.62500000E+02 -1.21352181E-01  1.10971902E+00  9.88366836E-01  2.50000000E-02  2.38515099E-13  2.47764190E-13 
    1363  6.25000000E+01  8.62500000E+02 -8.73705486E-01  1.86207232E+00  9.88366836E-01  2.50000000E-02  5.84505987E-14  5.27719906E-13 
    1364  8.75000000E+01  8.62500000E+02 -9.98413662E-01  1.98678050E+00  9.88366836E-01  2.50000000E-02 -6.32149540E-14  3.07320525E-12 
    1365  1.12500000E+02  8.62500000E+02  8.33309439E-01  1.55057397E-01  9.88366836E-01  2.50000000E-02 -3.48432547E-12  2.40029837E-12 
    1366  1.37500000E+02  8.62500000E+02 -2.60208690E-01  1.24857553E+00  9.88366836E-01  2.50000000E-02 -1.44111161E-12 -1.30341478E-13 
    1367  1.62500000E+02  8.62500000E+02 -9.63215529E-01  1.95158236E+00  9.88366836E-01  2.50000000E-02 -1.62468502E-12  5.40889570E-14 
    1368  1.87500000E+02  8.62500000E+02  4.10194782E-01  5.78172053E-01  9.88366836E-01  2.50000000E-02 -3.68630701E-12  2.13043911E-12 
    1369  2.12500000E+02  8.62500000E+02 -9.43144540E-01  1.93151138E+00  9.88366836E-01  2.50000000E-02 -4.79001145E-12  1.65464756E-12 
    1370  2.37500000E+02  8.62500000E+02  3.95919412E-01  5.92447424E-01  9.88366836E-01  2.50000000E-02 -4.96975195E-12  2.08678364E-12 
    1371  2.62500000E+02  8.62500000E+02 -6.35564967E-01  1.62393180E+00  9.88366836E-01  2.50000000E-02 -3.35108720E-12 -2.35446359E-12 
    1372  2.87500000E+02  8.62500000E+02 -9.45198013E-01  1.93356485E+00  9.88366836E-01  2.50000000E-02 -3.02409827E-12 -4.48693360E-13 
    1373  3.12500000E+02  8.62500000E+02 -7.62488102E-01  1.75085494E+00  9.88366836E-01  2.50000000E-02 -3.38659579E-12 -1.11167154E-13 
    1374  3.37500000E+02  8.62500000E+02 -2.63138460E-01  1.25150530E+00  9.88366836E-01  2.50000000E-02 -3.77193215E-12  5.55344802E-12 
    1375  3.62500000E+02  8.62500000E+02 -2.05460750E-01  1.19382759E+00  9.88366836E-01  2.50000000E-02 -3.29301199E-12  1.60637828E-12 
    1376  3.87500000E+02  8.62500000E+02 -4.39778244E-01  1.42814508E+00  9.88366836E-01  2.50000000E-02 -2.46110899E-12  3.13591965E-13 
    1377  4.12500000E+02  8.62500000E+02 -8.44826290E-01  1.83319313E+00  9.88366836E-01  2.50000000E-02 -2.19543112E-12  3.79287211E-13 
    1378  4.37500000E+02  8.62500000E+02  8.75594857E-01  1.12771978E-01  9.88366836E-01  2.50000000E-02 -7.17856925E-12 -6.75623885E-13 
    1379  4.62500000E+02  8.62500000E+02 -8.52560820E-01  1.84092766E+00  9.88366836E-01  2.50000000E-02  6.33427433E-13 -3.11860019E-12 
    1380  4.87500000E+02  8.62500000E+02 -9.46925678E-01  1.93529251E+00  9.88366836E-01  2.50000000E-02  7.59920640E-13 -2.38329765E-12 
    1381  5.12500000E+02  8.62500000E+02  9.58028009E-01  3.03388271E-02  9.88366836E-01  2.50000000E-02 -6.18131122E-12 -1.54010654E-13 
    1382  5.37500000E+02  8.62500000E+02 -7.76676945E-01  1.76504378E+00  9.88366836E-01  2.50000000E-02 -2.78035500E-12  5.20980291E-12 
    1383  5.62500000E+02  8.62500000E+02  3.62333463E-02  9.52133489E-01  9.88366836E-01  2.50000000E-02 -3.29136733E-12  4.20661702E-12 
    1384  5.87500000E+02  8.62500000E+02 -4.59899185E-01  1.44826602E+00  9.88366836E-01  2.50000000E-02 -2.83147893E-12  2.64807869E-12 
    1385  6.12500000E+02  8.62500000E+02 -8.32465217E-01  1.82083205E+00  9.88366836E-01  2.50000000E-02 -2.45759179E-12 -3.39333670E-12 
    1386  6.37500000E+02  8.62500000E+02  7.96846529E-01  1.91520307E-01  9.88366836E-01  2.50000000E-02 -6.05904685E-12  8.35473519E-12 
    1387  6.62500000E+02  8.62500000E+02 -5.05845840E-01  1.49421268E+00  9.88366836E-01  2.50000000E-02 -4.66441292E-12  3.03516329E-12 
    1388  6.87500000E+02  8.62500000E+02 -4.27833739E-02  1.03115021E+00  9.88366836E-01  2.50000000E-02 -5.48018328E-12  1.56226148E-11 
    1389  7.12500000E+02  8.62500000E+02  7.18106973E-01  2.70259863E-01  9.88366836E-01  2.50000000E-02 -1.38424040E-11  8.16500353E-13 
    1390  7.37500000E+02  8.62500000E+02  7.37711206E-01  2.50655630E-01  9.88366836E-01  2.50000000E-02 -1.51543891E-11  8.61598194E-12 
    1391  7.62500000E+02  8.62500000E+02 -6.70612918E-01  1.65897975E+00  9.88366836E-01  2.50000000E-02 -1.50773095E-11 -3.39886441E-12 
    1392  7.87500000E+02  8.62500000E+02  9.79470914E-01  8.89592189E-03  9.88366836E-01  2.50000000E-02 -1.71727096E-11  6.81181007E-12 
    1393  8.12500000E+02  8.62500000E+02 -3.75857959E-01  1.36422479E+00  9.88366836E-01  2.50000000E-02 -2.70658615E-12  4.17222635E-12 
    1394  8.37500000E+02  8.62500000E+02 -2.83718146E-02  1.01673865E+00  9.88366836E-01  2.50000000E-02 -3.45241696E-12  1.87751078E-12 
    1395  8.62500000E+02  8.62500000E+02  3.16682222E-01  6.71684614E-01  9.88366836E-01  2.50000000E-02 -2.84746951E-12  2.77733776E-11 
    1396  8.87500000E+02  8.62500000E+02 -4.57398628E-02  1.03410670E+00  9.88366836E-01  2.50000000E-02 -1.06519283E-12  6.16296580E-13 
    1397  9.12500000E+02  8.62500000E+02  6.75266436E-01  3.13100399E-01  9.88366836E-01  2.50000000E-02 -7.96769873E-13  8.88674707E-12 
    1398  9.37500000E+02  8.62500000E+02  2.54067837E-03  9.85826157E-01  9.88366836E-01  2.50000000E-02  2.55916935E-13  6.24406790E-12 
    1399  9.62500000E+02  8.62500000E+02  9.73706620E-01  1.46602161E-02  9.88366836E-01  2.50000000E-02 -7.49302738E-12  8.72115225E-12 
    1400  9.87500000E+02  8.62500000E+02 -7.52633511E-01  1.74100035E+00  9.88366836E-01  2.50000000E-02 -1.17989498E-14  5.83205461E-12 
    1401  1.25000000E+01  8.87500000E+02  5.55101610E-01  4.33265226E-01  9.88366836E-01  2.50000000E-02 -2.43481683E-13  2.64194236E-12 
    1402  3.75000000E+01  8.87500000E+02 -4.67493575E-01  1.45586041E+00  9.88366836E-01  2.50000000E-02 -6.54695035E-13  5.74314652E-14 
    1403  6.25000000E+01  8.87500000E+02  1.29263602E-01  8.59103234E-01  9.88366836E-01  2.50000000E-02 -9.39692590E-13  3.39905835E-13 
    1404  8.75000000E+01  8.87500000E+02 -1.04465240E-01  1.09283208E+00  9.88366836E-01  2.50000000E-02 -1.42748676E-12  2.44172696E-12 
    1405  1.12500000E+02  8.87500000E+02  6.51993856E-01  3.36372980E-01  9.88366836E-01  2.50000000E-02 -3.17331985E-12  1.74196205E-12 
    1406  1.37500000E+02  8.87500000E+02 -3.88128403E-01  1.37649524E+00  9.88366836E-01  2.50000000E-02 -1.64592297E-12  1.06350491E-13 
    1407  1.62500000E+02  8.87500000E+02 -5.24665436E-01  1.51303227E+00  9.88366836E-01  2.50000000E-02 -1.35783580E-12 -1.89258135E-13 
    1408  1.87500000E+02  8.87500000E+02 -7.19673157E-01  1.70803999E+00  9.88366836E-01  2.50000000E-02 -1.52887763E-12  1.72940665E-12 
    1409  2.12500000E+02  8.87500000E+02 -2.54747273E-01  1.24311411E+00  9.88366836E-01  2.50000000E-02 -1.57630790E-12  8.31397638E-13 
    1410  2.37500000E+02  8.87500000E+02  6.83815792E-02  9.19985257E-01  9.88366836E-01  2.50000000E-02 -1.42452799E-12  7.91094375E-13 
    1411  2.62500000E+02  8.87500000E+02  8.39491579E-01  1.48875257E-01  9.88366836E-01  2.50000000E-02 -4.42338767E-12 -4.69358711E-13 
    1412  2.87500000E+02  8.87500000E+02  1.15899667E-01  8.72467169E-01  9.88366836E-01  2.50000000E-02 -2.39656158E-12 -4.83567091E-13 
    1413  3.12500000E+02  8.87500000E+02 -5.96846993E-01  1.58521383E+00  9.88366836E-01  2.50000000E-02 -2.28059682E-12 -3.81963106E-13 
    1414  3.37500000E+02  8.87500000E+02 -4.74669581E-02  1.03583379E+00  9.88366836E-01  2.50000000E-02 -2.32412148E-12  5.61738473E-12 
    1415  3.62500000E+02  8.87500000E+02  9.86726756E-01  1.64007929E-03  9.88366836E-01  2.50000000E-02 -3.62846488E-11 -8.62270011E-12 
    1416  3.87500000E+02  8.87500000E+02  2.24678442E-01  7.63688394E-01  9.88366836E-01  2.50000000E-02 -4.01310904E-12  1.43379967E-12 
    1417  4.12500000E+02  8.87500000E+02 -7.30762253E-01  1.71912909E+00  9.88366836E-01  2.50000000E-02 -5.53747622E-12 -2.97472941E-13 
    1418  4.37500000E+02  8.87500000E+02  5.75043059E-01  4.13323777E-01  9.88366836E-01  2.50000000E-02 -1.08086971E-11  1.12727980E-12 
    1419  4.62500000E+02  8.87500000E+02 -6.31575044E-01  1.61994188E+00  9.88366836E-01  2.50000000E-02 -1.13938568E-11 -2.87527173E-12 
    1420  4.87500000E+02  8.87500000E+02  1.30468460E-01  8.57898376E-01  9.88366836E-01  2.50000000E-02 -1.11206059E-11 -2.30103423E-12 
    1421  5.12500000E+02  8.87500000E+02 -8.54843183E-02  1.07385115E+00  9.88366836E-01  2.50000000E-02 -1.15309878E-11  2.51536485E-12 
    1422  5.37500000E+02  8.87500000E+02 -4.66690687E-01  1.45505752E+00  9.88366836E-01  2.50000000E-02 -1.16348628E-11  4.16634924E-12 
    1423  5.62500000E+02  8.87500000E+02  1.98478416E-01  7.89888419E-01  9.88366836E-01  2.50000000E-02 -1.27135961E-11  2.56470721E-12 
    1424  5.87500000E+02  8.87500000E+02  6.91373008E-01  2.96993827E-01  9.88366836E-01  2.50000000E-02 -1.91423369E-11  5.91458803E-12 
    1425  6.12500000E+02  8.87500000E+02  4.36357020E-01  5.52009816E-01  9.88366836E-01  2.50000000E-02 -1.44115610E-11 -5.72201638E-12 
    1426  6.37500000E+02  8.87500000E+02 -3.75622754E-01  1.36398959E+00  9.88366836E-01  2.50000000E-02 -1.10598532E-11  6.58706290E-12 
    1427  6.62500000E+02  8.87500000E+02 -4.53691987E-01  1.44205882E+00  9.88366836E-01  2.50000000E-02 -9.83233753E-12  3.00568725E-12 
    1428  6.87500000E+02  8.87500000E+02 -3.82558556E-01  1.37092539E+00  9.88366836E-01  2.50000000E-02 -9.50909516E-12  1.07348870E-11 
    1429  7.12500000E+02  8.87500000E+02  6.95889476E-01  2.92477360E-01  9.88366836E-01  2.50000000E-02 -1.56460216E-11  9.16119554E-13 
    1430  7.37500000E+02  8.87500000E+02 -3.97057235E-02  1.02807256E+00  9.88366836E-01  2.50000000E-02 -1.21475393E-11  8.44005255E-12 
    1431  7.62500000E+02  8.87500000E+02 -3.21406477E-01  1.30977331E+00  9.88366836E-01  2.50000000E-02 -1.15241355E-11 -3.64107646E-12 
    1432  7.87500000E+02  8.87500000E+02 -1.37715400E-01  1.12608224E+00  9.88366836E-01  2.50000000E-02 -1.19581141E-11  5.11548000E-13 
    1433  8.12500000E+02  8.87500000E+02 -1.24653555E-01  1.11302039E+00  9.88366836E-01  2.50000000E-02 -1.30353555E-11  5.66792873E-12 
    1434  8.37500000E+02  8.87500000E+02 -5.31782411E-02  1.04154508E+00  9.88366836E-01  2.50000000E-02 -1.34000150E-11  2.05127640E-12 
    1435  8.62500000E+02  8.87500000E+02 -6.70792831E-01  1.65915967E+00  9.88366836E-01  2.50000000E-02 -1.19376791E-11  2.03951856E-11 
    1436  8.87500000E+02  8.87500000E+02 -1.94368657E-01  1.18273549E+00  9.88366836E-01  2.50000000E-02 -1.08704630E-11 -5.18828296E-13 
    1437  9.12500000E+02  8.87500000E+02 -6.22169355E-02  1.05058377E+00  9.88366836E-01  2.50000000E-02 -1.03401221E-11  2.87558145E-12 
    1438  9.37500000E+02  8.87500000E+02 -2.82240705E-01  1.27060754E+00  9.88366836E-01  2.50000000E-02 -8.41364002E-12  6.09941011E-12 
    1439  9.62500000E+02  8.87500000E+02  1.64184544E-01  8.24182292E-01  9.88366836E-01  2.50000000E-02 -5.44228948E-12 -1.93547770E-12 
    1440  9.87500000E+02  8.87500000E+02 -3.06219751E-02  1.01898881E+00  9.88366836E-01  2.50000000E-02 -1.95682194E-12  6.73120112E-12 
    1441  1.25000000E+01  9.12500000E+02  3.88405572E-01  5.99961264E-01  9.88366836E-01  2.50000000E-02 -7.61067253E-14  2.61689376E-12 
    1442  3.75000000E+01  9.12500000E+02  1.51280795E-01  8.37086041E-01  9.88366836E-01  2.50000000E-02 -4.60736194E-13  1.17574178E-13 
    1443  6.25000000E+01  9.12500000E+02 -3.04139805E-01  1.29250664E+00  9.88366836E-01  2.50000000E-02 -8.10299672E-13  5.58318379E-13 
    1444  8.75000000E+01  9.12500000E+02 -7.90098644E-01  1.77846548E+00  9.88366836E-01  2.50000000E-02 -9.93388635E-13  2.13583373E-12 
    1445  1.12500000E+02  9.12500000E+02  7.07785279E-01  2.80581556E-01  9.88366836E-01  2.50000000E-02 -2.64238026E-12  1.60975364E-12 
    1446  1.37500000E+02  9.12500000E+02  8.57594923E-01  1.30771913E-01  9.88366836E-01  2.50000000E-02 -5.40474435E-12  1.21566309E-12 
    1447  1.62500000E+02  9.12500000E+02 -8.07520116E-01  1.79588695E+00  9.88366836E-01  2.50000000E-02 -3.68669722E-12 -5.35756106E-14 
    1448  1.87500000E+02  9.12500000E+02  3.35942190E-01  6.52424646E-01  9.88366836E-01  2.50000000E-02 -3.71388114E-12  1.46603867E-12 
    1449  2.12500000E+02  9.12500000E+02 -2.77486749E-01  1.26585358E+00  9.88366836E-01  2.50000000E-02 -2.90100627E-12  3.65433863E-13 
    1450  2.37500000E+02  9.12500000E+02 -3.12058132E-01  1.30042497E+00  9.88366836E-01  2.50000000E-02 -2.62927369E-12  2.84829858E-13 
    1451  2.62500000E+02  9.12500000E+02 -3.83367170E-01  1.37173401E+00  9.88366836E-01  2.50000000E-02 -2.83485031E-12 -2.52239107E-12 
    1452  2.87500000E+02  9.12500000E+02  8.70565118E-01  1.17801717E-01  9.88366836E-01  2.50000000E-02 -7.29729280E-12  2.63508784E-12 
    1453  3.12500000E+02  9.12500000E+02 -7.50646418E-01  1.73901325E+00  9.88366836E-01  2.50000000E-02 -6.44237292E-12  2.82194404E-13 
    1454  3.37500000E+02  9.12500000E+02  4.16096782E-01  5.72270053E-01  9.88366836E-01  2.50000000E-02 -6.51567078E-12  5.43066302E-12 
    1455  3.62500000E+02  9.12500000E+02 -3.92942277E-01  1.38130911E+00  9.88366836E-01  2.50000000E-02 -5.52141392E-12  8.57356090E-12 
    1456  3.87500000E+02  9.12500000E+02 -9.57833220E-01  1.94620006E+00  9.88366836E-01  2.50000000E-02 -5.13339982E-12  3.10643636E-12 
    1457  4.12500000E+02  9.12500000E+02 -3.25219041E-01  1.31358588E+00  9.88366836E-01  2.50000000E-02 -5.82795771E-12 -8.50505257E-13 
    1458  4.37500000E+02  9.12500000E+02  2.64936649E-01  7.23430187E-01  9.88366836E-01  2.50000000E-02 -8.64872937E-12 -9.13756599E-13 
    1459  4.62500000E+02  9.12500000E+02  6.83520915E-01  3.04845920E-01  9.88366836E-01  2.50000000E-02 -1.20220686E-11 -3.31346956E-12 
    1460  4.87500000E+02  9.12500000E+02 -8.15006038E-02  1.06986744E+00  9.88366836E-01  2.50000000E-02 -6.82107540E-12 -7.46342400E-13 
    1461  5.12500000E+02  9.12500000E+02 -5.83436561E-01  1.57180340E+00  9.88366836E-01  2.50000000E-02 -6.43173112E-12  3.44139519E-12 
    1462  5.37500000E+02  9.12500000E+02 -8.37726170E-01  1.82609301E+00  9.88366836E-01  2.50000000E-02 -6.05363826E-12  2.60992435E-12 
    1463  5.62500000E+02  9.12500000E+02 -5.10982256E-01  1.49934909E+00  9.88366836E-01  2.50000000E-02 -6.34035177E-12 -1.13928398E-12 
    1464  5.87500000E+02  9.12500000E+02  2.44398885E-01  7.43967951E-01  9.88366836E-01  2.50000000E-02 -1.02218045E-11  4.83299135E-12 
    1465  6.12500000E+02  9.12500000E+02 -9.47668472E-01  1.93603531E+00  9.88366836E-01  2.50000000E-02 -8.17578050E-12 -4.56552827E-12 
    1466  6.37500000E+02  9.12500000E+02 -5.51132154E-01  1.53949899E+00  9.88366836E-01  2.50000000E-02 -7.47599364E-12  5.51944728E-12 
    1467  6.62500000E+02  9.12500000E+02  5.83388787E-01  4.04978049E-01  9.88366836E-01  2.50000000E-02 -1.13890570E-11  3.78850638E-12 
    1468  6.87500000E+02  9.12500000E+02  1.67800515E-01  8.20566320E-01  9.88366836E-01  2.50000000E-02 -1.12796443E-11  5.89397915E-12 
    1469  7.12500000E+02  9.12500000E+02  7.84184367E-01  2.04182468E-01  9.88366836E-01  2.50000000E-02 -7.50800708E-12 -1.76910379E-12 
    1470  7.37500000E+02  9.12500000E+02 -4.43871320E-02  1.03275397E+00  9.88366836E-01  2.50000000E-02  1.08278821E-12  8.08891104E-12 
    1471  7.62500000E+02  9.12500000E+02 -2.68744283E-01  1.25711112E+00  9.88366836E-01  2.50000000E-02  1.84159178E-12 -3.67051092E-12 
    1472  7.87500000E+02  9.12500000E+02 -9.53819213E-03  9.97905028E-01  9.88366836E-01  2.50000000E-02  1.91816162E-12  4.00135844E-13 
    1473  8.12500000E+02  9.12500000E+02 -4.55987203E-01  1.44435404E+00  9.88366836E-01  2.50000000E-02  1.61689647E-12  5.55815576E-12 
    1474  8.37500000E+02  9.12500000E+02  7.36070775E-01  2.52296060E-01  9.88366836E-01  2.50000000E-02 -1.25879296E-12  3.93058454E-12 
    1475  8.62500000E+02  9.12500000E+02  7.59808647E-02  9.12385971E-01  9.88366836E-01  2.50000000E-02  3.51450589E-12  1.62662242E-11 
    1476  8.87500000E+02  9.12500000E+02 -9.92158611E-01  1.98052545E+00  9.88366836E-01  2.50000000E-02  3.86243729E-12 -6.72730708E-13 
    1477  9.12500000E+02  9.12500000E+02  3.02283360E-01  6.86083476E-01  9.88366836E-01  2.50000000E-02  3.18938026E-12  2.52249882E-12 
    1478  9.37500000E+02  9.12500000E+02  9.20759821E-01  6.76070151E-02  9.88366836E-01  2.50000000E-02  4.50525755E-12  4.33026449E-12 
    1479  9.62500000E+02  9.12500000E+02 -5.80980122E-01  1.56934696E+00  9.88366836E-01  2.50000000E-02 -2.01582015E-12 -1.86270290E-12 
    1480  9.87500000E+02  9.12500000E+02  5.28786169E-01  4.59580667E-01  9.88366836E-01  2.50000000E-02 -1.14778730E-12  4.64975716E-12 
    1481  1.25000000E+01  9.37500000E+02  7.34919795E-01  2.53447040E-01  9.88366836E-01  2.50000000E-02  2.01053778E-13  3.01230708E-12 
    1482  3.75000000E+01  9.37500000E+02 -8.75809183E-01  1.86417602E+00  9.88366836E-01  2.50000000E-02  1.93312885E-13 -5.18658806E-14 
    1483  6.25000000E+01  9.37500000E+02  4.82332735E-01  5.06034101E-01  9.88366836E-01  2.50000000E-02 -3.86371238E-14  1.07267627E-12 
    1484  8.75000000E+01  9.37500000E+02  2.98046826E-01  6.90320009E-01  9.88366836E-01  2.50000000E-02 -2.07111122E-13  1.69672537E-12 
    1485  1.12500000E+02  9.37500000E+02  9.53217469E-01  3.51493672E-02  9.88366836E-01  2.50000000E-02 -3.73749929E-12  8.56248773E-13 
    1486  1.37500000E+02  9.37500000E+02  1.48860910E-01  8.39505926E-01  9.88366836E-01  2.50000000E-02 -1.71212407E-12  1.11547942E-14 
    1487  1.62500000E+02  9.37500000E+02  6.29629172E-01  3.58737664E-01  9.88366836E-01  2.50000000E-02 -1.92818393E-12  1.69213920E-12 
    1488  1.87500000E+02  9.37500000E+02 -3.04770272E-01  1.29313711E+00  9.88366836E-01  2.50000000E-02 -2.59603016E-12  5.02871131E-13 
    1489  2.12500000E+02  9.37500000E+02  8.65550920E-01  1.22815916E-01  9.88366836E-01  2.50000000E-02 -4.54662768E-12  3.08701244E-12 
    1490  2.37500000E+02  9.37500000E+02  8.68394624E-01  1.19972212E-01  9.88366836E-01  2.50000000E-02 -5.73440416E-12  8.70741647E-13 
    1491  2.62500000E+02  9.37500000E+02 -8.26868350E-01  1.81523519E+00  9.88366836E-01  2.50000000E-02 -1.91325708E-12 -2.02190082E-12 
    1492  2.87500000E+02  9.37500000E+02 -9.47225403E-01  1.93559224E+00  9.88366836E-01  2.50000000E-02 -2.52618907E-12  1.01667601E-12 
    1493  3.12500000E+02  9.37500000E+02 -1.30141149E-01  1.11850799E+00  9.88366836E-01  2.50000000E-02 -4.43820286E-12  1.30675415E-12 
    1494  3.37500000E+02  9.37500000E+02  2.38649677E-01  7.49717158E-01  9.88366836E-01  2.50000000E-02 -6.65483518E-12  4.10145102E-12 
    1495  3.62500000E+02  9.37500000E+02  6.68767066E-01  3.19599770E-01  9.88366836E-01  2.50000000E-02 -1.18718841E-11  8.40550097E-12 
    1496  3.87500000E+02  9.37500000E+02  4.87360395E-01  5.01006440E-01  9.88366836E-01  2.50000000E-02 -1.15187975E-11  4.78707097E-12 
    1497  4.12500000E+02  9.37500000E+02  2.94828656E-01  6.93538180E-01  9.88366836E-01  2.50000000E-02 -1.13093687E-11 -2.52410964E-12 
    1498  4.37500000E+02  9.37500000E+02  1.98095948E-01  7.90270888E-01  9.88366836E-01  2.50000000E-02 -1.16804120E-11 -2.02297302E-12 
    1499  4.62500000E+02  9.37500000E+02 -9.78490582E-01  1.96685742E+00  9.88366836E-01  2.50000000E-02 -7.08951826E-12 -2.02762547E-13 
    1500  4.87500000E+02  9.37500000E+02 -9.35325731E-01  1.92369257E+00  9.88366836E-01  2.50000000E-02 -5.84909452E-12  5.39527637E-13 
    1501  5.12500000E+02  9.37500000E+02 -9.56784893E-01  1.94515173E+00  9.88366836E-01  2.50000000E-02 -6.63835549E-12  3.54265100E-12 
    1502  5.37500000E+02  9.37500000E+02  2.98263193E-01  6.90103643E-01  9.88366836E-01  2.50000000E-02 -1.02727784E-11  2.49462413E-12 
    1503  5.62500000E+02  9.37500000E+02  3.15803437E-01  6.72563399E-01  9.88366836E-01  2.50000000E-02 -1.16078893E-11 -2.30132298E-12 
    1504  5.87500000E+02  9.37500000E+02 -4.35304940E-01  1.42367178E+00  9.88366836E-01  2.50000000E-02 -1.48791077E-11  4.19595106E-12 
    1505  6.12500000E+02  9.37500000E+02  6.58213495E-01  3.30153341E-01  9.88366836E-01  2.50000000E-02 -2.09412507E-11 -3.28732845E-12 
    1506  6.37500000E+02  9.37500000E+02  2.65929123E-01  7.22437712E-01  9.88366836E-01  2.50000000E-02 -1.60934094E-11  4.99865108E-12 
    1507  6.62500000E+02  9.37500000E+02  2.53591048E-01  7.34775788E-01  9.88366836E-01  2.50000000E-02 -1.61834634E-11  3.69537533E-12 
    1508  6.87500000E+02  9.37500000E+02  4.20484636E-01  5.67882200E-01  9.88366836E-01  2.50000000E-02 -1.73187369E-11  4.18888347E-12 
    1509  7.12500000E+02  9.37500000E+02  9.27306853E-02  8.95636150E-01  9.88366836E-01  2.50000000E-02 -1.45701453E-11 -2.00975420E-12 
    1510  7.37500000E+02  9.37500000E+02  2.49961450E-01  7.38405386E-01  9.88366836E-01  2.50000000E-02 -1.18273424E-11  6.70222313E-12 
    1511  7.62500000E+02  9.37500000E+02 -6.40387268E-01  1.62875410E+00  9.88366836E-01  2.50000000E-02 -8.13222979E-12 -3.45969149E-12 
    1512  7.87500000E+02  9.37500000E+02 -7.41023022E-01  1.72938986E+00  9.88366836E-01  2.50000000E-02 -7.55439933E-12  3.15065358E-13 
    1513  8.12500000E+02  9.37500000E+02 -6.82917758E-01  1.67128459E+00  9.88366836E-01  2.50000000E-02 -7.91637443E-12  5.27030344E-12 
    1514  8.37500000E+02  9.37500000E+02  1.12980395E-01  8.75386441E-01  9.88366836E-01  2.50000000E-02 -9.18864652E-12  4.32767932E-12 
    1515  8.62500000E+02  9.37500000E+02  2.45730310E-01  7.42636526E-01  9.88366836E-01  2.50000000E-02 -7.23100543E-12  1.20927771E-11 
    1516  8.87500000E+02  9.37500000E+02 -2.26569120E-01  1.21493596E+00  9.88366836E-01  2.50000000E-02 -3.61193946E-12 -1.58704043E-13 
    1517  9.12500000E+02  9.37500000E+02 -5.49723705E-01  1.53809054E+00  9.88366836E-01  2.50000000E-02 -2.58433947E-12  2.57086227E-12 
    1518  9.37500000E+02  9.37500000E+02 -2.41878206E-01  1.23024504E+00  9.88366836E-01  2.50000000E-02 -1.99216573E-12 -1.74687891E-12 
    1519  9.62500000E+02  9.37500000E+02  5.59834469E-01  4.28532367E-01  9.88366836E-01  2.50000000E-02 -1.32054896E-12 -2.01733794E-12 
    1520  9.87500000E+02  9.37500000E+02 -6.51116848E-01  1.63948368E+00  9.88366836E-01  2.50000000E-02 -1.58972432E-13  7.15502258E-13 
    1521  1.25000000E+01  9.62500000E+02  8.96722093E-01  9.16447423E-02  9.88366836E-01  2.50000000E-02 -1.83354176E-12  2.74599816E-12 
    1522  3.75000000E+01  9.62500000E+02 -8.42159858E-01  1.83052669E+00  9.88366836E-01  2.50000000E-02 -4.99204641E-12  1.89513732E-14 
    1523  6.25000000E+01  9.62500000E+02  7.35773468E-01  2.52593368E-01  9.88366836E-01  2.50000000E-02 -5.84141152E-12  1.25882667E-12 
    1524  8.75000000E+01  9.62500000E+02 -4.75535013E-01  1.46390185E+00  9.88366836E-01  2.50000000E-02 -6.44481885E-12  1.40928318E-12 
    1525  1.12500000E+02  9.62500000E+02  7.68205346E-01  2.20161490E-01  9.88366836E-01  2.50000000E-02 -6.23229622E-12 -1.61416303E-12 
    1526  1.37500000E+02  9.62500000E+02 -3.04672445E-01  1.29303928E+00  9.88366836E-01  2.50000000E-02 -4.59261192E-12 -1.16967148E-13 
    1527  1.62500000E+02  9.62500000E+02  5.74915790E-01  4.13451046E-01  9.88366836E-01  2.50000000E-02 -3.85736576E-12  9.41241864E-13 
    1528  1.87500000E+02  9.62500000E+02 -3.92427551E-01  1.38079439E+00  9.88366836E-01  2.50000000E-02 -2.53251999E-12  3.20915413E-13 
    1529  2.12500000E+02  9.62500000E+02 -5.88412673E-02  1.04720810E+00  9.88366836E-01  2.50000000E-02 -2.72685497E-12 -4.02820295E-13 
    1530  2.37500000E+02  9.62500000E+02  5.45428619E-01  4.42938217E-01  9.88366836E-01  2.50000000E-02 -5.06388529E-12 -1.17451530E-13 
    1531  2.62500000E+02  9.62500000E+02 -7.43832154E-02  1.06275005E+00  9.88366836E-01  2.50000000E-02 -4.40744920E-12 -7.10656072E-13 
    1532  2.87500000E+02  9.62500000E+02 -8.95814017E-02  1.07794824E+00  9.88366836E-01  2.50000000E-02 -4.79219875E-12  6.26051194E-13 
    1533  3.12500000E+02  9.62500000E+02  3.83351312E-01  6.05015524E-01  9.88366836E-01  2.50000000E-02 -6.42590154E-12  9.43450406E-13 
    1534  3.37500000E+02  9.62500000E+02  1.64148860E-01  8.24217976E-01  9.88366836E-01  2.50000000E-02 -7.15553257E-12  2.05550604E-12 
    1535  3.62500000E+02  9.62500000E+02  6.71659560E-01  3.16707276E-01  9.88366836E-01  2.50000000E-02 -7.66002448E-12  6.54123346E-12 
    1536  3.87500000E+02  9.62500000E+02  5.99661382E-01  3.88705453E-01  9.88366836E-01  2.50000000E-02 -7.14284373E-12  5.21867715E-12 
    1537  4.12500000E+02  9.62500000E+02  9.46653930E-01  4.17129062E-02  9.88366836E-01  2.50000000E-02 -2.80706912E-11  7.00447243E-12 
    1538  4.37500000E+02  9.62500000E+02  8.56148547E-01  1.32218289E-01  9.88366836E-01  2.50000000E-02 -2.66962550E-11  3.01568472E-12 
    1539  4.62500000E+02  9.62500000E+02 -9.11244148E-01  1.89961098E+00  9.88366836E-01  2.50000000E-02 -1.86132710E-11  7.18480767E-14 
    1540  4.87500000E+02  9.62500000E+02  7.41694063E-01  2.46672773E-01  9.88366836E-01  2.50000000E-02 -1.58199598E-11  6.39445034E-13 
    1541  5.12500000E+02  9.62500000E+02  2.66200869E-01  7.22165967E-01  9.88366836E-01  2.50000000E-02 -1.67811390E-11  1.47611856E-12 
    1542  5.37500000E+02  9.62500000E+02  7.96732860E-01  1.91633975E-01  9.88366836E-01  2.50000000E-02 -1.68081116E-11  3.74290994E-12 
    1543  5.62500000E+02  9.62500000E+02  5.98661757E-01  3.89705078E-01  9.88366836E-01  2.50000000E-02 -1.31967813E-11 -8.61002333E-14 
    1544  5.87500000E+02  9.62500000E+02  6.19124027E-01  3.69242809E-01  9.88366836E-01  2.50000000E-02 -1.11236020E-11  3.21154279E-12 
    1545  6.12500000E+02  9.62500000E+02 -4.32051852E-01  1.42041869E+00  9.88366836E-01  2.50000000E-02 -4.46934329E-12 -2.89574837E-12 
    1546  6.37500000E+02  9.62500000E+02 -7.08649779E-01  1.69701661E+00  9.88366836E-01  2.50000000E-02 -3.71761547E-12  5.07628800E-12 
    1547  6.62500000E+02  9.62500000E+02  5.82485926E-01  4.05880910E-01  9.88366836E-01  2.50000000E-02 -4.03027871E-12  1.64451277E-12 
    1548  6.87500000E+02  9.62500000E+02  9.49551748E-01  3.88150875E-02  9.88366836E-01  2.50000000E-02 -1.41508685E-11  8.88535362E-12 
    1549  7.12500000E+02  9.62500000E+02  6.77367560E-01  3.10999275E-01  9.88366836E-01  2.50000000E-02 -5.63190134E-12  3.88369214E-14 
    1550  7.37500000E+02  9.62500000E+02  5.27567504E-01  4.60799332E-01  9.88366836E-01  2.50000000E-02 -3.29327859E-12  4.13186071E-12 
    1551  7.62500000E+02  9.62500000E+02  5.84450674E-01  4.03916162E-01  9.88366836E-01  2.50000000E-02 -2.71690267E-12 -7.69967725E-13 
    1552  7.87500000E+02  9.62500000E+02  1.27239764E-01  8.61127071E-01  9.88366836E-01  2.50000000E-02 -3.21614205E-12  3.89232597E-13 
    1553  8.12500000E+02  9.62500000E+02  4.08184924E-01  5.80181912E-01  9.88366836E-01  2.50000000E-02 -3.08723263E-12  4.13419894E-12 
    1554  8.37500000E+02  9.62500000E+02  9.69415757E-01  1.89510784E-02  9.88366836E-01  2.50000000E-02 -7.48796386E-12  4.16080720E-12 
    1555  8.62500000E+02  9.62500000E+02 -4.55126912E-01  1.44349375E+00  9.88366836E-01  2.50000000E-02  2.58012121E-12  5.97928446E-12 
    1556  8.87500000E+02  9.62500000E+02 -3.50936499E-02  1.02346049E+00  9.88366836E-01  2.50000000E-02  2.65243184E-12 -2.01056054E-14 
    1557  9.12500000E+02  9.62500000E+02  3.37572878E-01  6.50793958E-01  9.88366836E-01  2.50000000E-02  2.80723080E-12  1.17062210E-12 
    1558  9.37500000E+02  9.62500000E+02 -8.75588298E-01  1.86395513E+00  9.88366836E-01  2.50000000E-02  2.59742122E-12 -1.33396484E-12 
    1559  9.62500000E+02  9.62500000E+02  4.93574482E-01  4.94792354E-01  9.88366836E-01  2.50000000E-02  1.13684131E-12 -1.74744532E-12 
    1560  9.87500000E+02  9.62500000E+02 -5.51021495E-01  1.53938833E+00  9.88366836E-01  2.50000000E-02  2.02879499E-14  3.49928212E-13 
    1561  1.25000000E+01  9.87500000E+02  7.80190091E-01  2.08176745E-01  9.88366836E-01  2.50000000E-02 -3.78997559E-13  5.61008936E-13 
    1562  3.75000000E+01  9.87500000E+02 -1.81548055E-02  1.00652164E+00  9.88366836E-01  2.50000000E-02 -8.32009144E-13  1.74879704E-13 
    1563  6.25000000E+01  9.87500000E+02  7.71319893E-01  2.17046943E-01  9.88366836E-01  2.50000000E-02 -1.34915647E-12  6.77491204E-13 
    1564  8.75000000E+01  9.87500000E+02  8.88495144E-01  9.98716920E-02  9.88366836E-01  2.50000000E-02 -3.66833385E-12  1.09704823E-12 
    1565  1.12500000E+02  9.87500000E+02  4.92368360E-01  4.95998476E-01  9.88366836E-01  2.50000000E-02 -2.56647293E-12 -3.67222724E-13 
    1566  1.37500000E+02  9.87500000E+02 -4.30424939E-01  1.41879177E+00  9.88366836E-01  2.50000000E-02 -1.45451565E-12 -8.01070149E-14 
    1567  1.62500000E+02  9.87500000E+02 -5.44610253E-01  1.53297709E+00  9.88366836E-01  2.50000000E-02 -1.59514765E-12  5.63306697E-14 
    1568  1.87500000E+02  9.87500000E+02  1.28043422E-01  8.60323413E-01  9.88366836E-01  2.50000000E-02 -2.70986634E-12  3.04530109E-13 
    1569  2.12500000E+02  9.87500000E+02  4.76008640E-01  5.12358196E-01  9.88366836E-01  2.50000000E-02 -4.31469709E-12 -3.48242261E-13 
    1570  2.37500000E+02  9.87500000E+02 -2.24396448E-01  1.21276328E+00  9.88366836E-01  2.50000000E-02 -4.91553008E-12 -1.88503049E-14 
    1571  2.62500000E+02  9.87500000E+02  3.63342812E-01  6.25024024E-01  9.88366836E-01  2.50000000E-02 -4.90202400E-12  2.17206253E-13 
    1572  2.87500000E+02  9.87500000E+02  1.71146563E-01  8.17220273E-01  9.88366836E-01  2.50000000E-02 -4.48680722E-12  6.69258115E-14 
    1573  3.12500000E+02  9.87500000E+02 -2.55419759E-01  1.24378659E+00  9.88366836E-01  2.50000000E-02 -3.19646465E-12  1.77241647E-13 
    1574  3.37500000E+02  9.87500000E+02 -8.66685646E-01  1.85505248E+00  9.88366836E-01  2.50000000E-02 -2.27853047E-12  2.44957050E-13 
    1575  3.62500000E+02  9.87500000E+02 -4.65567840E-01  1.45393468E+00  9.88366836E-01  2.50000000E-02 -1.56875180E-12  4.37684494E-13 
    1576  3.87500000E+02  9.87500000E+02 -4.61431498E-01  1.44979833E+00  9.88366836E-01  2.50000000E-02 -9.50072477E-13  3.92916485E-13 
    1577  4.12500000E+02  9.87500000E+02 -2.80989792E-01  1.26935663E+00  9.88366836E-01  2.50000000E-02 -8.82575602E-13  5.62688633E-14 
    1578  4.37500000E+02  9.87500000E+02  7.01271443E-01  2.87095393E-01  9.88366836E-01  2.50000000E-02 -2.92527868E-12  2.06673601E-12 
    1579  4.62500000E+02  9.87500000E+02  9.85313228E-01  3.05360800E-03  9.88366836E-01  2.50000000E-02 -4.35484282E-11  3.98216439E-11 
    1580  4.87500000E+02  9.87500000E+02 -5.00564128E-01  1.48893096E+00  9.88366836E-01  2.50000000E-02 -5.37294746E-13  1.82507769E-14 
    1581  5.12500000E+02  9.87500000E+02  4.67460687E-02  9.41620767E-01  9.88366836E-01  2.50000000E-02 -4.30409991E-13  3.03275185E-13 
    1582  5.37500000E+02  9.87500000E+02 -3.67814905E-01  1.35618174E+00  9.88366836E-01  2.50000000E-02 -2.63675024E-13  1.11988182E-13 
    1583  5.62500000E+02  9.87500000E+02 -2.25677842E-01  1.21404468E+00  9.88366836E-01  2.50000000E-02 -2.31838887E-13  1.78201981E-13 
    1584  5.87500000E+02  9.87500000E+02  9.68637570E-01  1.97292653E-02  9.88366836E-01  2.50000000E-02 -1.52205054E-11  3.14308446E-12 
    1585  6.12500000E+02  9.87500000E+02  8.61150098E-01  1.27216738E-01  9.88366836E-01  2.50000000E-02 -7.19034884E-12 -7.95995582E-14 
    1586  6.37500000E+02  9.87500000E+02  4.40708159E-01  5.47658677E-01  9.88366836E-01  2.50000000E-02 -8.09343061E-13  9.64439954E-13 
    1587  6.62500000E+02  9.87500000E+02 -4.93636618E-01  1.48200345E+00  9.88366836E-01  2.50000000E-02 -4.20861162E-13 -9.55813695E-15 
    1588  6.87500000E+02  9.87500000E+02  2.86862288E-02  9.59680607E-01  9.88366836E-01  2.50000000E-02 -7.47048256E-13  4.49252463E-14 
    1589  7.12500000E+02  9.87500000E+02  8.13472892E-01  1.74893944E-01  9.88366836E-01  2.50000000E-02 -3.60354231E-12  1.10294993E-12 
    1590  7.37500000E+02  9.87500000E+02 -1.47160918E-01  1.13552775E+00  9.88366836E-01  2.50000000E-02  8.99739928E-14  5.90374259E-13 
    1591  7.62500000E+02  9.87500000E+02 -4.87373231E-01  1.47574007E+00  9.88366836E-01  2.50000000E-02  9.01521269E-14 -6.32968562E-14 
    1592  7.87500000E+02  9.87500000E+02  1.47170481E-01  8.41196355E-01  9.88366836E-01  2.50000000E-02 -3.36013292E-13  2.12802530E-13 
    1593  8.12500000E+02  9.87500000E+02  7.84715252E-01  2.03651584E-01  9.88366836E-01  2.50000000E-02 -9.35871786E-13  1.20831813E-12 
    1594  8.37500000E+02  9.87500000E+02  8.76695779E-01  1.11671057E-01  9.88366836E-01  2.50000000E-02 -2.26606902E-12  1.14119674E-14 
    1595  8.62500000E+02  9.87500000E+02 -4.94772749E-03  9.93314563E-01  9.88366836E-01  2.50000000E-02  2.71010986E-12  1.87342888E-12 
    1596  8.87500000E+02  9.87500000E+02 -3.80833447E-01  1.36920028E+00  9.88366836E-01  2.50000000E-02  2.40895446E-12  9.81263677E-14 
    1597  9.12500000E+02  9.87500000E+02 -7.36947486E-01  1.72531432E+00  9.88366836E-01  2.50000000E-02  1.90293403E-12  1.52614557E-13 
    1598  9.37500000E+02  9.87500000E+02 -7.00983651E-01  1.68935049E+00  9.88366836E-01  2.50000000E-02  1.83108581E-12 -5.19531194E-13 
    1599  9.62500000E+02  9.87500000E+02  5.93900250E-01  3.94466586E-01  9.88366836E-01  2.50000000E-02  1.39110509E-12 -4.99829131E-13 
    1600  9.87500000E+02  9.87500000E+02  6.22605174E-01  3.65761662E-01  9.88366836E-01  2.50000000E-02  2.00550050E-13  2.86205437E-13 
