 # Gnuplot DataFile Version
 # i x y bathy h zs Manning u v
       1  1.25000000E+01  1.25000000E+01  4.46335605E-01  5.42031222E-01  9.88366827E-01  2.50000000E-02  9.01201209E-10 -1.00807349E-09 
       2  3.75000000E+01  1.25000000E+01 -6.05345608E-03  9.94420283E-01  9.88366827E-01  2.50000000E-02  3.31221524E-09 -1.52431095E-09 
       3  6.25000000E+01  1.25000000E+01 -5.49514821E-01  1.53788165E+00  9.88366827E-01  2.50000000E-02  5.18864425E-09 -9.59765094E-12 
       4  8.75000000E+01  1.25000000E+01  7.91149585E-01  1.97217239E-01  9.88366825E-01  2.50000000E-02  1.44208917E-08  4.58987437E-09 
       5  1.12500000E+02  1.25000000E+01  6.13669961E-02  9.26999829E-01  9.88366825E-01  2.50000000E-02  6.88102111E-09 -1.87627332E-11 
       6  1.37500000E+02  1.25000000E+01  6.27517616E-01  3.60849212E-01  9.88366827E-01  2.50000000E-02  1.59338376E-08 -1.03404579E-08 
       7  1.62500000E+02  1.25000000E+01  2.46381453E-01  7.41985370E-01  9.88366823E-01  2.50000000E-02  1.23010010E-08  3.68878401E-09 
       8  1.87500000E+02  1.25000000E+01  3.71292612E-01  6.17074211E-01  9.88366823E-01  2.50000000E-02  1.71036672E-09  1.12368531E-08 
       9  2.12500000E+02  1.25000000E+01  9.46004258E-01  4.23625791E-02  9.88366837E-01  2.50000000E-02 -2.75106732E-07  3.08739676E-08 
      10  2.37500000E+02  1.25000000E+01  5.74937168E-01  4.13429678E-01  9.88366846E-01  2.50000000E-02 -1.87771205E-07  7.63132570E-08 
      11  2.62500000E+02  1.25000000E+01  4.39255120E-02  9.44441354E-01  9.88366866E-01  2.50000000E-02 -8.05061569E-08 -1.40340002E-08 
      12  2.87500000E+02  1.25000000E+01 -4.09949661E-02  1.02936182E+00  9.88366858E-01  2.50000000E-02 -4.67042966E-08 -1.37255917E-08 
      13  3.12500000E+02  1.25000000E+01  4.38687919E-01  5.49678937E-01  9.88366856E-01  2.50000000E-02 -3.86449937E-08  5.71179971E-10 
      14  3.37500000E+02  1.25000000E+01 -7.91228831E-02  1.06748974E+00  9.88366862E-01  2.50000000E-02 -1.45771970E-08 -1.04928162E-08 
      15  3.62500000E+02  1.25000000E+01  2.44044062E-01  7.44322800E-01  9.88366862E-01  2.50000000E-02  1.88313044E-08 -1.72191347E-08 
      16  3.87500000E+02  1.25000000E+01 -6.85643526E-01  1.67401039E+00  9.88366860E-01  2.50000000E-02  4.38986733E-08 -5.87972394E-09 
      17  4.12500000E+02  1.25000000E+01  2.59727577E-02  9.62394100E-01  9.88366857E-01  2.50000000E-02  4.64828100E-08  2.56849562E-09 
      18  4.37500000E+02  1.25000000E+01 -5.16011811E-01  1.50437866E+00  9.88366854E-01  2.50000000E-02  3.03480211E-08  2.67219393E-09 
      19  4.62500000E+02  1.25000000E+01 -9.20531819E-01  1.90889868E+00  9.88366860E-01  2.50000000E-02  3.19891953E-08 -1.36317161E-09 
      20  4.87500000E+02  1.25000000E+01  2.92289694E-01  6.96077160E-01  9.88366853E-01  2.50000000E-02  6.09914989E-08 -1.09175629E-09 
      21  5.12500000E+02  1.25000000E+01 -6.29697380E-01  1.61806423E+00  9.88366851E-01  2.50000000E-02  5.51504335E-08  5.84181308E-10 
      22  5.37500000E+02  1.25000000E+01  1.38086539E-01  8.50280312E-01  9.88366852E-01  2.50000000E-02  4.61654474E-08  3.34548708E-09 
      23  5.62500000E+02  1.25000000E+01 -7.46759496E-01  1.73512635E+00  9.88366855E-01  2.50000000E-02  5.21764067E-08  3.00599551E-09 
      24  5.87500000E+02  1.25000000E+01  7.38600993E-01  2.49765853E-01  9.88366846E-01  2.50000000E-02  1.00792589E-07  7.47000046E-09 
      25  6.12500000E+02  1.25000000E+01 -7.02905248E-01  1.69127210E+00  9.88366847E-01  2.50000000E-02  9.62371563E-08  2.08556010E-09 
      26  6.37500000E+02  1.25000000E+01  8.08237824E-01  1.80129023E-01  9.88366847E-01  2.50000000E-02  8.66312564E-08  5.90809568E-09 
      27  6.62500000E+02  1.25000000E+01  2.71836042E-01  7.16530800E-01  9.88366842E-01  2.50000000E-02  3.85478228E-08 -6.30774577E-09 
      28  6.87500000E+02  1.25000000E+01  1.36223681E-01  8.52143164E-01  9.88366845E-01  2.50000000E-02  3.60861925E-08 -5.18835521E-09 
      29  7.12500000E+02  1.25000000E+01 -3.85249797E-01  1.37361664E+00  9.88366842E-01  2.50000000E-02  3.24266098E-08 -9.62441650E-10 
      30  7.37500000E+02  1.25000000E+01 -2.31877380E-01  1.22024422E+00  9.88366843E-01  2.50000000E-02  2.84010433E-08  4.65475750E-09 
      31  7.62500000E+02  1.25000000E+01  1.13778251E-01  8.74588592E-01  9.88366843E-01  2.50000000E-02  2.61778279E-08  1.39577076E-09 
      32  7.87500000E+02  1.25000000E+01 -2.03716185E-01  1.19208303E+00  9.88366842E-01  2.50000000E-02  2.00222067E-08  6.61947259E-10 
      33  8.12500000E+02  1.25000000E+01 -8.01970376E-01  1.79033722E+00  9.88366842E-01  2.50000000E-02  1.43277565E-08  1.62100639E-09 
      34  8.37500000E+02  1.25000000E+01 -2.45458514E-01  1.23382536E+00  9.88366843E-01  2.50000000E-02  1.17552472E-08  4.39377784E-09 
      35  8.62500000E+02  1.25000000E+01  6.55172082E-01  3.33194760E-01  9.88366843E-01  2.50000000E-02  8.87119824E-09  2.73672877E-09 
      36  8.87500000E+02  1.25000000E+01 -7.59466771E-01  1.74783361E+00  9.88366843E-01  2.50000000E-02  2.59704377E-09 -2.33154891E-11 
      37  9.12500000E+02  1.25000000E+01 -1.48571111E-01  1.13693795E+00  9.88366843E-01  2.50000000E-02  1.57802758E-09  4.94790080E-10 
      38  9.37500000E+02  1.25000000E+01 -9.38289085E-01  1.92665593E+00  9.88366843E-01  2.50000000E-02  1.37262360E-09  5.88723745E-11 
      39  9.62500000E+02  1.25000000E+01  6.10300161E-01  3.78066681E-01  9.88366843E-01  2.50000000E-02  1.68951247E-09  9.28164041E-10 
      40  9.87500000E+02  1.25000000E+01 -2.47851854E-01  1.23621870E+00  9.88366843E-01  2.50000000E-02  1.29907211E-10  1.78958364E-10 
      41  1.25000000E+01  3.75000000E+01 -5.98248598E-03  9.94349313E-01  9.88366827E-01  2.50000000E-02  1.03080624E-09 -2.91669808E-09 
      42  3.75000000E+01  3.75000000E+01 -2.67561176E-01  1.25592800E+00  9.88366827E-01  2.50000000E-02  3.55502038E-09 -4.47449675E-09 
      43  6.25000000E+01  3.75000000E+01 -5.60496726E-01  1.54886355E+00  9.88366827E-01  2.50000000E-02  6.15308392E-09 -4.65453404E-11 
      44  8.75000000E+01  3.75000000E+01  6.36443375E-01  3.51923451E-01  9.88366825E-01  2.50000000E-02  1.64353095E-08  1.88363741E-08 
      45  1.12500000E+02  3.75000000E+01  9.86166516E-01  2.20031242E-03  9.88366828E-01  2.50000000E-02 -3.44338559E-07 -1.16175034E-07 
      46  1.37500000E+02  3.75000000E+01 -5.10431734E-01  1.49879857E+00  9.88366835E-01  2.50000000E-02 -1.55942539E-08  8.53608896E-09 
      47  1.62500000E+02  3.75000000E+01 -4.55747954E-01  1.44411478E+00  9.88366828E-01  2.50000000E-02 -3.31190659E-08  3.04268883E-08 
      48  1.87500000E+02  3.75000000E+01 -9.26617771E-01  1.91498460E+00  9.88366827E-01  2.50000000E-02 -7.16573875E-08  4.75469701E-08 
      49  2.12500000E+02  3.75000000E+01 -6.05654847E-01  1.59402168E+00  9.88366832E-01  2.50000000E-02 -9.51030036E-08  9.41802871E-09 
      50  2.37500000E+02  3.75000000E+01 -4.45395756E-01  1.43376258E+00  9.88366827E-01  2.50000000E-02 -1.18393916E-07  1.35848963E-07 
      51  2.62500000E+02  3.75000000E+01  6.78131645E-01  3.10235223E-01  9.88366868E-01  2.50000000E-02 -2.21116074E-07 -1.52019734E-07 
      52  2.87500000E+02  3.75000000E+01  4.31827320E-01  5.56539537E-01  9.88366856E-01  2.50000000E-02 -1.56634105E-07 -8.92733877E-08 
      53  3.12500000E+02  3.75000000E+01  9.58920598E-01  2.94462547E-02  9.88366853E-01  2.50000000E-02 -8.57220701E-08  4.53827762E-08 
      54  3.37500000E+02  3.75000000E+01 -1.43604037E-01  1.13197090E+00  9.88366859E-01  2.50000000E-02  3.52309849E-08 -3.98835733E-08 
      55  3.62500000E+02  3.75000000E+01 -7.98346345E-01  1.78671321E+00  9.88366864E-01  2.50000000E-02  4.98632843E-08 -4.59688786E-08 
      56  3.87500000E+02  3.75000000E+01 -7.61416868E-01  1.74978373E+00  9.88366861E-01  2.50000000E-02  5.75254538E-08 -1.44929856E-08 
      57  4.12500000E+02  3.75000000E+01 -7.32299337E-01  1.72066620E+00  9.88366862E-01  2.50000000E-02  5.97596457E-08  2.13981309E-08 
      58  4.37500000E+02  3.75000000E+01  4.06542981E-03  9.84301429E-01  9.88366859E-01  2.50000000E-02  5.98752917E-08  2.89590759E-08 
      59  4.62500000E+02  3.75000000E+01  5.23048454E-01  4.65318410E-01  9.88366864E-01  2.50000000E-02  5.40699259E-08 -7.63617810E-09 
      60  4.87500000E+02  3.75000000E+01  8.70015014E-01  1.18351842E-01  9.88366856E-01  2.50000000E-02  1.01127943E-07 -4.79424484E-09 
      61  5.12500000E+02  3.75000000E+01  6.95774785E-02  9.18789371E-01  9.88366850E-01  2.50000000E-02  1.98874124E-08 -4.34118661E-10 
      62  5.37500000E+02  3.75000000E+01 -2.62874281E-01  1.25124113E+00  9.88366851E-01  2.50000000E-02  1.75537660E-08  7.80650225E-09 
      63  5.62500000E+02  3.75000000E+01  2.57640648E-02  9.62602789E-01  9.88366853E-01  2.50000000E-02  2.69498654E-08  1.13093058E-08 
      64  5.87500000E+02  3.75000000E+01  5.75245284E-01  4.13121562E-01  9.88366846E-01  2.50000000E-02  4.86754191E-08  2.27722375E-08 
      65  6.12500000E+02  3.75000000E+01 -6.05455565E-01  1.59382241E+00  9.88366844E-01  2.50000000E-02  2.40787104E-08 -1.09778463E-09 
      66  6.37500000E+02  3.75000000E+01 -6.78783371E-01  1.66715022E+00  9.88366845E-01  2.50000000E-02  2.21240084E-08  2.11169692E-09 
      67  6.62500000E+02  3.75000000E+01 -9.13459003E-01  1.90182585E+00  9.88366844E-01  2.50000000E-02  2.09709295E-08 -1.05872186E-08 
      68  6.87500000E+02  3.75000000E+01 -6.50455217E-01  1.63882206E+00  9.88366846E-01  2.50000000E-02  2.22132128E-08 -1.01686248E-08 
      69  7.12500000E+02  3.75000000E+01  2.69543656E-01  7.18823188E-01  9.88366843E-01  2.50000000E-02  2.95842814E-08 -1.83936927E-09 
      70  7.37500000E+02  3.75000000E+01 -3.48170109E-01  1.33653695E+00  9.88366841E-01  2.50000000E-02  1.92340864E-08  8.65182785E-09 
      71  7.62500000E+02  3.75000000E+01 -8.77683744E-01  1.86605059E+00  9.88366842E-01  2.50000000E-02  1.47627006E-08  1.38224159E-09 
      72  7.87500000E+02  3.75000000E+01 -6.64986548E-01  1.65335339E+00  9.88366842E-01  2.50000000E-02  1.30848274E-08  2.29867320E-09 
      73  8.12500000E+02  3.75000000E+01 -8.83911452E-01  1.87227829E+00  9.88366843E-01  2.50000000E-02  1.17566306E-08  5.30896974E-09 
      74  8.37500000E+02  3.75000000E+01 -4.05378689E-01  1.39374553E+00  9.88366842E-01  2.50000000E-02  9.64538510E-09  1.00201765E-08 
      75  8.62500000E+02  3.75000000E+01 -9.46473242E-01  1.93484008E+00  9.88366842E-01  2.50000000E-02  6.60168726E-09  4.70539540E-09 
      76  8.87500000E+02  3.75000000E+01 -4.51688796E-02  1.03353572E+00  9.88366843E-01  2.50000000E-02  4.10601959E-09  6.12798580E-10 
      77  9.12500000E+02  3.75000000E+01  1.61625845E-01  8.26740998E-01  9.88366843E-01  2.50000000E-02  3.91242049E-09  3.11743802E-09 
      78  9.37500000E+02  3.75000000E+01  8.80252354E-01  1.08114488E-01  9.88366843E-01  2.50000000E-02  4.55771212E-09  6.35670495E-09 
      79  9.62500000E+02  3.75000000E+01 -4.78569655E-01  1.46693650E+00  9.88366842E-01  2.50000000E-02 -9.45932987E-11  2.29507541E-09 
      80  9.87500000E+02  3.75000000E+01 -4.41479578E-01  1.42984642E+00  9.88366843E-01  2.50000000E-02 -8.12059853E-11  4.15628330E-10 
      81  1.25000000E+01  6.25000000E+01 -2.22133777E-01  1.21050060E+00  9.88366827E-01  2.50000000E-02 -8.44600229E-10 -2.47263754E-09 
      82  3.75000000E+01  6.25000000E+01 -9.22805164E-01  1.91117199E+00  9.88366827E-01  2.50000000E-02 -2.20758370E-09 -5.54267581E-09 
      83  6.25000000E+01  6.25000000E+01  8.67690341E-01  1.20676487E-01  9.88366828E-01  2.50000000E-02 -2.66883004E-08  6.53912758E-09 
      84  8.75000000E+01  6.25000000E+01  5.96017279E-01  3.92349549E-01  9.88366828E-01  2.50000000E-02 -4.76878611E-08  3.93852242E-08 
      85  1.12500000E+02  6.25000000E+01  6.44978475E-01  3.43388353E-01  9.88366828E-01  2.50000000E-02 -5.03189456E-08 -4.08691575E-10 
      86  1.37500000E+02  6.25000000E+01  1.31753819E-01  8.56613013E-01  9.88366833E-01  2.50000000E-02 -2.69075889E-08  1.67950882E-08 
      87  1.62500000E+02  6.25000000E+01 -4.55407585E-01  1.44377441E+00  9.88366830E-01  2.50000000E-02 -2.44009781E-08  5.16861700E-08 
      88  1.87500000E+02  6.25000000E+01 -5.64947174E-01  1.55331400E+00  9.88366828E-01  2.50000000E-02 -3.14805692E-08  6.36138229E-08 
      89  2.12500000E+02  6.25000000E+01  3.81153889E-01  6.07212941E-01  9.88366830E-01  2.50000000E-02 -6.30910205E-08  1.74705568E-09 
      90  2.37500000E+02  6.25000000E+01  8.45212841E-01  1.43153999E-01  9.88366841E-01  2.50000000E-02 -1.76178831E-07  5.32408852E-08 
      91  2.62500000E+02  6.25000000E+01 -2.37008896E-01  1.22537576E+00  9.88366863E-01  2.50000000E-02 -1.44832708E-08 -3.06206384E-07 
      92  2.87500000E+02  6.25000000E+01 -1.01501098E-01  1.08986797E+00  9.88366868E-01  2.50000000E-02  1.89437380E-08 -1.20129248E-07 
      93  3.12500000E+02  6.25000000E+01 -3.41664032E-01  1.33003088E+00  9.88366853E-01  2.50000000E-02  2.14688923E-08  3.26362073E-08 
      94  3.37500000E+02  6.25000000E+01 -5.72670355E-01  1.56103722E+00  9.88366862E-01  2.50000000E-02  1.44793682E-08 -6.40845039E-08 
      95  3.62500000E+02  6.25000000E+01 -7.40812302E-01  1.72917916E+00  9.88366862E-01  2.50000000E-02  2.89841493E-08 -5.60347292E-08 
      96  3.87500000E+02  6.25000000E+01  1.39403546E-01  8.48963314E-01  9.88366860E-01  2.50000000E-02  5.58841107E-08 -3.17862786E-08 
      97  4.12500000E+02  6.25000000E+01 -3.42636639E-01  1.33100350E+00  9.88366858E-01  2.50000000E-02  6.74257878E-08  3.08073203E-08 
      98  4.37500000E+02  6.25000000E+01 -8.09230132E-01  1.79759699E+00  9.88366857E-01  2.50000000E-02  6.79817194E-08  6.66612287E-08 
      99  4.62500000E+02  6.25000000E+01  8.36185138E-01  1.52181722E-01  9.88366860E-01  2.50000000E-02  6.30570105E-08  1.50035280E-08 
     100  4.87500000E+02  6.25000000E+01 -7.66004509E-01  1.75437136E+00  9.88366852E-01  2.50000000E-02  1.46401430E-08 -1.68819751E-08 
     101  5.12500000E+02  6.25000000E+01 -8.56193929E-01  1.84456078E+00  9.88366853E-01  2.50000000E-02  1.40831839E-08  6.22176524E-09 
     102  5.37500000E+02  6.25000000E+01  7.96759260E-01  1.91607591E-01  9.88366851E-01  2.50000000E-02  4.11806664E-08  2.53098467E-08 
     103  5.62500000E+02  6.25000000E+01  9.10743014E-01  7.76238360E-02  9.88366850E-01  2.50000000E-02  5.98487546E-08  5.44642348E-08 
     104  5.87500000E+02  6.25000000E+01  4.33256348E-01  5.55110496E-01  9.88366845E-01  2.50000000E-02  7.64949631E-09  2.48044735E-08 
     105  6.12500000E+02  6.25000000E+01 -2.25020687E-01  1.21338753E+00  9.88366846E-01  2.50000000E-02  9.34019872E-09 -1.12028431E-08 
     106  6.37500000E+02  6.25000000E+01  4.75225974E-01  5.13140872E-01  9.88366845E-01  2.50000000E-02  1.52459392E-08 -6.75437453E-10 
     107  6.62500000E+02  6.25000000E+01  4.58719477E-01  5.29647369E-01  9.88366845E-01  2.50000000E-02  1.64640539E-08 -3.57777406E-10 
     108  6.87500000E+02  6.25000000E+01  9.60961101E-01  2.74057428E-02  9.88366844E-01  2.50000000E-02  3.89667274E-08  4.31086326E-08 
     109  7.12500000E+02  6.25000000E+01 -4.20474387E-01  1.40884123E+00  9.88366842E-01  2.50000000E-02  3.18889773E-09 -2.26802457E-09 
     110  7.37500000E+02  6.25000000E+01 -3.14378457E-01  1.30274530E+00  9.88366842E-01  2.50000000E-02  2.24536888E-09  9.13985826E-09 
     111  7.62500000E+02  6.25000000E+01 -1.11089879E-01  1.09945672E+00  9.88366843E-01  2.50000000E-02  1.63708862E-09  1.51950428E-13 
     112  7.87500000E+02  6.25000000E+01 -7.61144773E-01  1.74951162E+00  9.88366842E-01  2.50000000E-02  1.50577658E-09  3.27721125E-09 
     113  8.12500000E+02  6.25000000E+01 -3.67239481E-02  1.02509079E+00  9.88366842E-01  2.50000000E-02 -5.42829878E-10  1.30835752E-08 
     114  8.37500000E+02  6.25000000E+01 -9.98738683E-01  1.98710553E+00  9.88366842E-01  2.50000000E-02 -1.82137922E-09  1.28594128E-08 
     115  8.62500000E+02  6.25000000E+01 -8.80356106E-01  1.86872295E+00  9.88366843E-01  2.50000000E-02 -1.39404725E-09  5.46288287E-09 
     116  8.87500000E+02  6.25000000E+01 -6.14383111E-01  1.60274995E+00  9.88366842E-01  2.50000000E-02 -8.33894483E-10  5.79436215E-10 
     117  9.12500000E+02  6.25000000E+01  3.58235454E-01  6.30131388E-01  9.88366842E-01  2.50000000E-02 -6.17447880E-10  5.90906691E-09 
     118  9.37500000E+02  6.25000000E+01  6.03469246E-01  3.84897596E-01  9.88366842E-01  2.50000000E-02 -1.84546141E-09  5.14139132E-09 
     119  9.62500000E+02  6.25000000E+01  4.41048308E-01  5.47318534E-01  9.88366842E-01  2.50000000E-02 -2.73087323E-09  2.44662969E-09 
     120  9.87500000E+02  6.25000000E+01  9.11711479E-01  7.66553629E-02  9.88366842E-01  2.50000000E-02 -2.90946058E-10  4.46653082E-09 
     121  1.25000000E+01  8.75000000E+01  1.08678609E-01  8.79688220E-01  9.88366829E-01  2.50000000E-02 -5.29165038E-09  3.73558635E-09 
     122  3.75000000E+01  8.75000000E+01 -2.28846589E-01  1.21721342E+00  9.88366829E-01  2.50000000E-02 -1.43838306E-08 -1.10250727E-09 
     123  6.25000000E+01  8.75000000E+01 -3.58835185E-01  1.34720201E+00  9.88366829E-01  2.50000000E-02 -1.94807120E-08  2.70030734E-08 
     124  8.75000000E+01  8.75000000E+01 -2.64391871E-01  1.25275870E+00  9.88366827E-01  2.50000000E-02 -3.11550371E-08  6.10274308E-08 
     125  1.12500000E+02  8.75000000E+01 -7.25763198E-02  1.06094315E+00  9.88366829E-01  2.50000000E-02 -4.60634504E-08  5.41296163E-09 
     126  1.37500000E+02  8.75000000E+01 -1.54400161E-01  1.14276699E+00  9.88366832E-01  2.50000000E-02 -4.26778762E-08  1.71902554E-08 
     127  1.62500000E+02  8.75000000E+01 -5.69328360E-02  1.04529966E+00  9.88366826E-01  2.50000000E-02 -4.73022625E-08  8.28474636E-08 
     128  1.87500000E+02  8.75000000E+01  9.24570212E-02  8.95909806E-01  9.88366828E-01  2.50000000E-02 -7.23252653E-08  1.06106666E-07 
     129  2.12500000E+02  8.75000000E+01 -4.43656183E-01  1.43202302E+00  9.88366835E-01  2.50000000E-02 -6.97111592E-08  6.23578284E-09 
     130  2.37500000E+02  8.75000000E+01 -5.57667035E-01  1.54603386E+00  9.88366829E-01  2.50000000E-02 -7.17530171E-08 -1.94937144E-08 
     131  2.62500000E+02  8.75000000E+01  8.18492517E-01  1.69874356E-01  9.88366872E-01  2.50000000E-02 -1.51363441E-07 -6.37546277E-07 
     132  2.87500000E+02  8.75000000E+01 -5.73086483E-01  1.56145335E+00  9.88366863E-01  2.50000000E-02  3.45582161E-08 -1.27733824E-07 
     133  3.12500000E+02  8.75000000E+01 -8.05166683E-01  1.79353354E+00  9.88366860E-01  2.50000000E-02  3.01426829E-08  5.20427417E-08 
     134  3.37500000E+02  8.75000000E+01 -3.46934284E-01  1.33530115E+00  9.88366864E-01  2.50000000E-02  2.38640761E-08 -7.11443981E-08 
     135  3.62500000E+02  8.75000000E+01 -3.61523406E-01  1.34989027E+00  9.88366864E-01  2.50000000E-02  2.92217073E-08 -6.98059969E-08 
     136  3.87500000E+02  8.75000000E+01 -3.84854875E-01  1.37322174E+00  9.88366866E-01  2.50000000E-02  3.98223116E-08 -3.21152829E-08 
     137  4.12500000E+02  8.75000000E+01  6.99363783E-01  2.89003073E-01  9.88366856E-01  2.50000000E-02  1.27585178E-07  9.71383662E-09 
     138  4.37500000E+02  8.75000000E+01 -8.75640272E-01  1.86400713E+00  9.88366856E-01  2.50000000E-02  1.54949729E-07  7.54544267E-08 
     139  4.62500000E+02  8.75000000E+01  6.10751907E-01  3.77614950E-01  9.88366857E-01  2.50000000E-02  1.69382809E-07 -1.15918044E-08 
     140  4.87500000E+02  8.75000000E+01  3.56843358E-01  6.31523490E-01  9.88366849E-01  2.50000000E-02  1.46188820E-07 -3.38675981E-08 
     141  5.12500000E+02  8.75000000E+01  1.64731033E-01  8.23635818E-01  9.88366850E-01  2.50000000E-02  1.19541120E-07  1.73990473E-08 
     142  5.37500000E+02  8.75000000E+01 -7.42538812E-01  1.73090565E+00  9.88366843E-01  2.50000000E-02  7.99590121E-08 -1.40693725E-08 
     143  5.62500000E+02  8.75000000E+01 -9.48118006E-01  1.93648485E+00  9.88366848E-01  2.50000000E-02  6.92781661E-08  3.16788690E-08 
     144  5.87500000E+02  8.75000000E+01 -3.36867799E-01  1.32523464E+00  9.88366845E-01  2.50000000E-02  6.22433896E-08  2.57572435E-08 
     145  6.12500000E+02  8.75000000E+01 -8.26321860E-01  1.81468871E+00  9.88366851E-01  2.50000000E-02  6.25894226E-08 -2.65104848E-09 
     146  6.37500000E+02  8.75000000E+01  4.72054294E-01  5.16312550E-01  9.88366845E-01  2.50000000E-02  9.55441759E-08 -4.74979913E-09 
     147  6.62500000E+02  8.75000000E+01  3.81361642E-01  6.07005201E-01  9.88366843E-01  2.50000000E-02  9.37986461E-08  3.14598114E-09 
     148  6.87500000E+02  8.75000000E+01  2.08037102E-01  7.80329741E-01  9.88366844E-01  2.50000000E-02  8.74871806E-08  4.46468319E-08 
     149  7.12500000E+02  8.75000000E+01  7.21356006E-01  2.67010839E-01  9.88366844E-01  2.50000000E-02  7.56625620E-08 -7.76710811E-09 
     150  7.37500000E+02  8.75000000E+01 -6.36567943E-01  1.62493479E+00  9.88366842E-01  2.50000000E-02  5.15337915E-08  1.02501735E-08 
     151  7.62500000E+02  8.75000000E+01  2.81442429E-01  7.06924413E-01  9.88366843E-01  2.50000000E-02  4.54816114E-08 -2.10245440E-10 
     152  7.87500000E+02  8.75000000E+01 -8.69344436E-01  1.85771128E+00  9.88366843E-01  2.50000000E-02  4.24078496E-08  4.87351295E-09 
     153  8.12500000E+02  8.75000000E+01  2.54507633E-01  7.33859209E-01  9.88366842E-01  2.50000000E-02  3.51632787E-08  2.29292439E-08 
     154  8.37500000E+02  8.75000000E+01 -1.03986893E-01  1.09235374E+00  9.88366842E-01  2.50000000E-02  2.59199637E-08  1.69947088E-08 
     155  8.62500000E+02  8.75000000E+01  1.39175414E-01  8.49191428E-01  9.88366843E-01  2.50000000E-02  1.99901935E-08  1.05290629E-08 
     156  8.87500000E+02  8.75000000E+01 -8.52254150E-01  1.84062099E+00  9.88366843E-01  2.50000000E-02  1.60134875E-08  6.41078070E-10 
     157  9.12500000E+02  8.75000000E+01  9.24882240E-02  8.95878619E-01  9.88366843E-01  2.50000000E-02  1.39380745E-08  9.03737278E-09 
     158  9.37500000E+02  8.75000000E+01  2.11924596E-01  7.76442248E-01  9.88366843E-01  2.50000000E-02  1.35007120E-08  1.01782322E-08 
     159  9.62500000E+02  8.75000000E+01  7.91661204E-01  1.96705639E-01  9.88366843E-01  2.50000000E-02  1.21412194E-08  4.86346398E-09 
     160  9.87500000E+02  8.75000000E+01 -7.84772235E-01  1.77313908E+00  9.88366842E-01  2.50000000E-02  3.42498032E-10  1.35809796E-09 
     161  1.25000000E+01  1.12500000E+02 -1.38517810E-01  1.12688464E+00  9.88366828E-01  2.50000000E-02 -3.96710046E-10  1.23898502E-08 
     162  3.75000000E+01  1.12500000E+02 -5.15752501E-01  1.50411933E+00  9.88366828E-01  2.50000000E-02 -1.55610325E-09  4.78264198E-09 
     163  6.25000000E+01  1.12500000E+02  6.79722152E-01  3.08644677E-01  9.88366829E-01  2.50000000E-02 -8.00952963E-09  3.02866214E-08 
     164  8.75000000E+01  1.12500000E+02  3.93778443E-01  5.94588385E-01  9.88366828E-01  2.50000000E-02 -1.66736819E-08  7.19138415E-08 
     165  1.12500000E+02  1.12500000E+02 -7.51376039E-01  1.73974287E+00  9.88366828E-01  2.50000000E-02 -1.97326784E-08  4.24066358E-09 
     166  1.37500000E+02  1.12500000E+02  9.94759526E-01  3.18711716E-07  9.94759844E-01  2.50000000E-02  7.27589422E-11  8.83904318E-11 
     167  1.62500000E+02  1.12500000E+02 -5.96844762E-03  9.94335282E-01  9.88366835E-01  2.50000000E-02 -1.01207681E-07  1.30460868E-07 
     168  1.87500000E+02  1.12500000E+02  2.73210245E-01  7.15156583E-01  9.88366827E-01  2.50000000E-02 -1.26946228E-07  1.60253117E-07 
     169  2.12500000E+02  1.12500000E+02 -7.97240036E-01  1.78560688E+00  9.88366842E-01  2.50000000E-02 -1.23060014E-07  3.22993389E-08 
     170  2.37500000E+02  1.12500000E+02 -5.90233836E-01  1.57860066E+00  9.88366826E-01  2.50000000E-02 -1.45276133E-07 -3.18729422E-08 
     171  2.62500000E+02  1.12500000E+02  4.42065805E-01  5.46301100E-01  9.88366905E-01  2.50000000E-02 -1.13877582E-07 -6.31109257E-07 
     172  2.87500000E+02  1.12500000E+02 -3.93244859E-01  1.38161172E+00  9.88366864E-01  2.50000000E-02  7.96103593E-08 -1.42067929E-07 
     173  3.12500000E+02  1.12500000E+02  3.09424066E-01  6.78942788E-01  9.88366854E-01  2.50000000E-02  5.37622509E-08  1.36328976E-07 
     174  3.37500000E+02  1.12500000E+02 -9.66486511E-01  1.95485337E+00  9.88366859E-01  2.50000000E-02  8.82889582E-09 -8.77032738E-08 
     175  3.62500000E+02  1.12500000E+02 -3.44924414E-01  1.33329128E+00  9.88366862E-01  2.50000000E-02  7.45101189E-09 -8.35500672E-08 
     176  3.87500000E+02  1.12500000E+02  3.36817882E-02  9.54685073E-01  9.88366861E-01  2.50000000E-02  1.65174305E-08 -3.12033319E-08 
     177  4.12500000E+02  1.12500000E+02  5.63483232E-01  4.24883627E-01  9.88366859E-01  2.50000000E-02  2.51672721E-08 -5.51051371E-09 
     178  4.37500000E+02  1.12500000E+02 -4.61520794E-01  1.44988765E+00  9.88366856E-01  2.50000000E-02  7.53734390E-09  8.07731612E-08 
     179  4.62500000E+02  1.12500000E+02 -8.93975861E-02  1.07776444E+00  9.88366859E-01  2.50000000E-02  9.16491149E-09 -1.54779407E-08 
     180  4.87500000E+02  1.12500000E+02  5.86560371E-01  4.01806485E-01  9.88366855E-01  2.50000000E-02  4.22653766E-08 -6.08839668E-08 
     181  5.12500000E+02  1.12500000E+02  8.29051939E-01  1.59314912E-01  9.88366851E-01  2.50000000E-02  6.61735557E-08  3.15411651E-08 
     182  5.37500000E+02  1.12500000E+02 -2.66416548E-01  1.25478339E+00  9.88366845E-01  2.50000000E-02  4.45299540E-09 -1.54270112E-08 
     183  5.62500000E+02  1.12500000E+02 -5.82060613E-02  1.04657291E+00  9.88366849E-01  2.50000000E-02  1.00767132E-08  3.29079496E-08 
     184  5.87500000E+02  1.12500000E+02 -2.17671230E-01  1.20603808E+00  9.88366846E-01  2.50000000E-02  1.88172159E-08  2.79032562E-08 
     185  6.12500000E+02  1.12500000E+02 -1.44100279E-01  1.13246713E+00  9.88366847E-01  2.50000000E-02  2.28709843E-08  1.02701873E-08 
     186  6.37500000E+02  1.12500000E+02  1.79934253E-01  8.08432593E-01  9.88366846E-01  2.50000000E-02  3.11012985E-08 -7.72929329E-09 
     187  6.62500000E+02  1.12500000E+02  3.46347084E-01  6.42019761E-01  9.88366844E-01  2.50000000E-02  2.99643685E-08  3.63550412E-09 
     188  6.87500000E+02  1.12500000E+02  1.33810219E-02  9.74985822E-01  9.88366844E-01  2.50000000E-02  2.17747571E-08  4.55441734E-08 
     189  7.12500000E+02  1.12500000E+02  4.88346163E-01  5.00020682E-01  9.88366846E-01  2.50000000E-02  1.42426272E-08  7.08369873E-09 
     190  7.37500000E+02  1.12500000E+02  9.85545454E-01  2.82138934E-03  9.88366843E-01  2.50000000E-02  1.30840238E-07  1.54169524E-08 
     191  7.62500000E+02  1.12500000E+02  8.44931991E-01  1.43434851E-01  9.88366842E-01  2.50000000E-02  7.59144866E-09  3.22861546E-09 
     192  7.87500000E+02  1.12500000E+02 -2.61429806E-01  1.24979665E+00  9.88366842E-01  2.50000000E-02  3.18435800E-09  5.87165795E-09 
     193  8.12500000E+02  1.12500000E+02 -4.19086636E-01  1.40745348E+00  9.88366840E-01  2.50000000E-02  1.25200034E-11  2.70323501E-08 
     194  8.37500000E+02  1.12500000E+02 -6.24126360E-01  1.61249320E+00  9.88366842E-01  2.50000000E-02 -1.59914541E-09  1.89296008E-08 
     195  8.62500000E+02  1.12500000E+02 -1.03208890E-01  1.09157573E+00  9.88366841E-01  2.50000000E-02 -2.79644753E-10  1.11419888E-08 
     196  8.87500000E+02  1.12500000E+02  8.56216663E-01  1.32150178E-01  9.88366841E-01  2.50000000E-02 -3.24723061E-09  2.21369202E-08 
     197  9.12500000E+02  1.12500000E+02  5.22711667E-01  4.65655175E-01  9.88366842E-01  2.50000000E-02 -3.58272427E-10  1.34058540E-08 
     198  9.37500000E+02  1.12500000E+02 -9.57883280E-01  1.94625012E+00  9.88366842E-01  2.50000000E-02 -6.68035575E-10  7.54185402E-09 
     199  9.62500000E+02  1.12500000E+02 -8.96224899E-01  1.88459174E+00  9.88366842E-01  2.50000000E-02 -9.10203240E-10  1.31252790E-09 
     200  9.87500000E+02  1.12500000E+02 -8.69716605E-01  1.85808345E+00  9.88366842E-01  2.50000000E-02 -5.06032224E-10  1.11931721E-09 
     201  1.25000000E+01  1.37500000E+02  7.23899730E-01  2.64467094E-01  9.88366824E-01  2.50000000E-02  3.10053745E-09  2.97014562E-08 
     202  3.75000000E+01  1.37500000E+02  8.12980265E-01  1.75386559E-01  9.88366824E-01  2.50000000E-02  1.29179679E-08  2.54908064E-08 
     203  6.25000000E+01  1.37500000E+02 -3.66884301E-01  1.35525112E+00  9.88366823E-01  2.50000000E-02  1.29940291E-08 -1.95046529E-10 
     204  8.75000000E+01  1.37500000E+02 -5.83269168E-01  1.57163599E+00  9.88366821E-01  2.50000000E-02  6.56762884E-09  5.83792811E-08 
     205  1.12500000E+02  1.37500000E+02  7.75219159E-01  2.13147674E-01  9.88366833E-01  2.50000000E-02 -1.11016492E-07 -1.37371750E-08 
     206  1.37500000E+02  1.37500000E+02 -4.95104883E-01  1.48347172E+00  9.88366835E-01  2.50000000E-02 -1.29967081E-07  1.00835312E-07 
     207  1.62500000E+02  1.37500000E+02 -3.69251004E-01  1.35761784E+00  9.88366838E-01  2.50000000E-02 -1.21365893E-07  2.12975788E-07 
     208  1.87500000E+02  1.37500000E+02 -8.84234157E-01  1.87260099E+00  9.88366837E-01  2.50000000E-02 -1.05913058E-07  2.48556536E-07 
     209  2.12500000E+02  1.37500000E+02 -6.39689322E-01  1.62805616E+00  9.88366835E-01  2.50000000E-02 -1.00452268E-07  5.20455938E-08 
     210  2.37500000E+02  1.37500000E+02  3.91397575E-02  9.49227076E-01  9.88366833E-01  2.50000000E-02 -1.04455486E-07 -4.83919961E-08 
     211  2.62500000E+02  1.37500000E+02 -8.48776607E-01  1.83714352E+00  9.88366917E-01  2.50000000E-02  1.56201204E-07 -5.30450177E-07 
     212  2.87500000E+02  1.37500000E+02 -9.42180406E-01  1.93054729E+00  9.88366880E-01  2.50000000E-02  2.66807086E-07 -1.10182579E-07 
     213  3.12500000E+02  1.37500000E+02 -3.69058054E-01  1.35742493E+00  9.88366872E-01  2.50000000E-02  2.82261189E-07  2.64994396E-07 
     214  3.37500000E+02  1.37500000E+02  3.15102034E-01  6.73264839E-01  9.88366872E-01  2.50000000E-02  2.58780419E-07 -1.16365818E-07 
     215  3.62500000E+02  1.37500000E+02 -1.07956865E-01  1.09632374E+00  9.88366873E-01  2.50000000E-02  2.35764334E-07 -7.69618340E-08 
     216  3.87500000E+02  1.37500000E+02  7.69074484E-01  2.19292400E-01  9.88366883E-01  2.50000000E-02  1.68897948E-07 -8.64258712E-09 
     217  4.12500000E+02  1.37500000E+02  9.99470287E-01  3.13284412E-07  9.99470601E-01  2.50000000E-02  4.88857200E-11 -9.95831630E-11 
     218  4.37500000E+02  1.37500000E+02 -7.43699164E-01  1.73206602E+00  9.88366856E-01  2.50000000E-02  6.16843007E-08  8.54732518E-08 
     219  4.62500000E+02  1.37500000E+02 -4.07240404E-01  1.39560726E+00  9.88366859E-01  2.50000000E-02  6.90573172E-08 -1.51532487E-08 
     220  4.87500000E+02  1.37500000E+02  1.67925225E-01  8.20441632E-01  9.88366857E-01  2.50000000E-02  9.61201102E-08 -4.63510120E-08 
     221  5.12500000E+02  1.37500000E+02  6.80805707E-01  3.07561143E-01  9.88366850E-01  2.50000000E-02  1.43600781E-07  4.03731181E-08 
     222  5.37500000E+02  1.37500000E+02  2.17428979E-02  9.66623948E-01  9.88366845E-01  2.50000000E-02  1.23345332E-07 -8.77714983E-09 
     223  5.62500000E+02  1.37500000E+02  6.58877397E-01  3.29489451E-01  9.88366848E-01  2.50000000E-02  9.29957811E-08  5.11325622E-08 
     224  5.87500000E+02  1.37500000E+02 -3.39958281E-02  1.02236268E+00  9.88366847E-01  2.50000000E-02  7.16121418E-08  3.68424066E-08 
     225  6.12500000E+02  1.37500000E+02  4.87976919E-01  5.00389931E-01  9.88366850E-01  2.50000000E-02  6.72430840E-08  3.16900966E-08 
     226  6.37500000E+02  1.37500000E+02  8.01521395E-01  1.86845452E-01  9.88366847E-01  2.50000000E-02  7.21878900E-08  3.97224137E-09 
     227  6.62500000E+02  1.37500000E+02 -8.98507145E-01  1.88687399E+00  9.88366842E-01  2.50000000E-02  1.99003374E-08  1.22955515E-09 
     228  6.87500000E+02  1.37500000E+02  7.01774916E-03  9.81349095E-01  9.88366844E-01  2.50000000E-02  1.82004121E-08  4.73775116E-08 
     229  7.12500000E+02  1.37500000E+02  3.74468801E-01  6.13898044E-01  9.88366845E-01  2.50000000E-02  2.92309387E-08  1.23823027E-08 
     230  7.37500000E+02  1.37500000E+02  5.87595617E-01  4.00771225E-01  9.88366842E-01  2.50000000E-02  3.90158377E-08  7.95651794E-09 
     231  7.62500000E+02  1.37500000E+02  3.25762240E-01  6.62604601E-01  9.88366841E-01  2.50000000E-02  3.07671306E-08 -6.15221878E-09 
     232  7.87500000E+02  1.37500000E+02 -6.78944753E-01  1.66731159E+00  9.88366841E-01  2.50000000E-02  2.48212608E-08  2.36591592E-09 
     233  8.12500000E+02  1.37500000E+02 -5.91976095E-02  1.04756445E+00  9.88366842E-01  2.50000000E-02  2.43155713E-08  3.10129454E-08 
     234  8.37500000E+02  1.37500000E+02  1.04583311E-01  8.83783531E-01  9.88366842E-01  2.50000000E-02  2.62715016E-08  1.93579364E-08 
     235  8.62500000E+02  1.37500000E+02 -9.53455028E-01  1.94182187E+00  9.88366841E-01  2.50000000E-02  2.54694462E-08  8.87511145E-09 
     236  8.87500000E+02  1.37500000E+02  2.42194233E-01  7.46172608E-01  9.88366841E-01  2.50000000E-02  1.95040016E-08  2.38410476E-08 
     237  9.12500000E+02  1.37500000E+02  5.61472783E-01  4.26894060E-01  9.88366842E-01  2.50000000E-02  7.20903872E-09  1.45708242E-08 
     238  9.37500000E+02  1.37500000E+02 -8.09283821E-01  1.79765066E+00  9.88366842E-01  2.50000000E-02  2.71439004E-09  6.38456699E-09 
     239  9.62500000E+02  1.37500000E+02 -8.07533917E-01  1.79590076E+00  9.88366842E-01  2.50000000E-02  2.05395432E-09  2.30096864E-09 
     240  9.87500000E+02  1.37500000E+02  3.82521626E-02  9.50114680E-01  9.88366842E-01  2.50000000E-02  6.14721244E-10  1.43118105E-09 
     241  1.25000000E+01  1.62500000E+02  8.35147174E-02  9.04852106E-01  9.88366823E-01  2.50000000E-02 -4.46029072E-09  1.78523339E-08 
     242  3.75000000E+01  1.62500000E+02 -4.14718301E-01  1.40308513E+00  9.88366824E-01  2.50000000E-02 -1.09347633E-08  1.68769594E-08 
     243  6.25000000E+01  1.62500000E+02 -9.45091518E-01  1.93345834E+00  9.88366824E-01  2.50000000E-02 -1.21948971E-08 -3.15024359E-09 
     244  8.75000000E+01  1.62500000E+02 -9.93943173E-01  1.98231000E+00  9.88366824E-01  2.50000000E-02 -1.23511522E-08  5.75913880E-08 
     245  1.12500000E+02  1.62500000E+02  9.48005754E-01  4.03610718E-02  9.88366826E-01  2.50000000E-02  8.77127282E-09  4.95857447E-08 
     246  1.37500000E+02  1.62500000E+02 -5.04923905E-01  1.49329074E+00  9.88366832E-01  2.50000000E-02  1.39835933E-07  9.11884258E-08 
     247  1.62500000E+02  1.62500000E+02  7.85674229E-01  2.02692571E-01  9.88366800E-01  2.50000000E-02 -8.27422710E-08  9.29087159E-07 
     248  1.87500000E+02  1.62500000E+02  6.65479012E-01  3.22887805E-01  9.88366816E-01  2.50000000E-02 -4.09351992E-07  5.23959743E-07 
     249  2.12500000E+02  1.62500000E+02  7.59975092E-01  2.28391740E-01  9.88366832E-01  2.50000000E-02 -4.71685281E-07  5.98757659E-08 
     250  2.37500000E+02  1.62500000E+02 -4.00673773E-01  1.38904063E+00  9.88366862E-01  2.50000000E-02 -2.25841310E-07  5.25432625E-08 
     251  2.62500000E+02  1.62500000E+02 -7.55400846E-01  1.74376773E+00  9.88366887E-01  2.50000000E-02 -1.28798916E-07 -5.71916389E-07 
     252  2.87500000E+02  1.62500000E+02 -5.99398565E-01  1.58776542E+00  9.88366857E-01  2.50000000E-02 -6.96740345E-08 -1.06077122E-07 
     253  3.12500000E+02  1.62500000E+02 -1.85486079E-02  1.00691547E+00  9.88366858E-01  2.50000000E-02 -9.44837178E-08  3.28303843E-07 
     254  3.37500000E+02  1.62500000E+02 -9.00384404E-01  1.88875127E+00  9.88366866E-01  2.50000000E-02 -8.85428051E-08 -1.15288070E-07 
     255  3.62500000E+02  1.62500000E+02  7.23953227E-01  2.64413619E-01  9.88366846E-01  2.50000000E-02  2.31933413E-08  9.62451644E-08 
     256  3.87500000E+02  1.62500000E+02 -4.26425104E-01  1.41479196E+00  9.88366853E-01  2.50000000E-02  5.59644302E-08 -3.74732042E-08 
     257  4.12500000E+02  1.62500000E+02 -4.08711126E-01  1.39707798E+00  9.88366851E-01  2.50000000E-02  5.63147354E-08  4.48564147E-07 
     258  4.37500000E+02  1.62500000E+02  6.49783679E-01  3.38583177E-01  9.88366856E-01  2.50000000E-02  3.34424788E-08  1.22218193E-07 
     259  4.62500000E+02  1.62500000E+02  9.96707638E-01  3.10809466E-07  9.96707949E-01  2.50000000E-02  1.08133702E-10 -1.61529282E-11 
     260  4.87500000E+02  1.62500000E+02  8.78262420E-01  1.10104426E-01  9.88366847E-01  2.50000000E-02  3.38257951E-08  2.29545817E-08 
     261  5.12500000E+02  1.62500000E+02  8.69145546E-01  1.19221302E-01  9.88366848E-01  2.50000000E-02  4.75952651E-08  2.72500253E-08 
     262  5.37500000E+02  1.62500000E+02  2.82105952E-01  7.06260890E-01  9.88366843E-01  2.50000000E-02  1.97781753E-08 -5.07789530E-09 
     263  5.62500000E+02  1.62500000E+02 -1.76678378E-01  1.16504522E+00  9.88366843E-01  2.50000000E-02  1.62281716E-08  3.84961022E-08 
     264  5.87500000E+02  1.62500000E+02  5.52505683E-01  4.35861160E-01  9.88366843E-01  2.50000000E-02  1.16516128E-08  6.47376030E-08 
     265  6.12500000E+02  1.62500000E+02 -2.66796525E-01  1.25516337E+00  9.88366842E-01  2.50000000E-02  1.13936162E-09  2.92228428E-08 
     266  6.37500000E+02  1.62500000E+02  4.53008486E-01  5.35358357E-01  9.88366844E-01  2.50000000E-02 -1.76012637E-09  2.17890618E-09 
     267  6.62500000E+02  1.62500000E+02 -7.65433764E-01  1.75380061E+00  9.88366843E-01  2.50000000E-02 -8.49822495E-11  3.62418056E-10 
     268  6.87500000E+02  1.62500000E+02 -6.92202912E-02  1.05758713E+00  9.88366843E-01  2.50000000E-02 -2.94298885E-10  4.62544035E-08 
     269  7.12500000E+02  1.62500000E+02  8.76503252E-01  1.11863592E-01  9.88366843E-01  2.50000000E-02  1.06377084E-08  1.48702180E-08 
     270  7.37500000E+02  1.62500000E+02 -5.37976910E-01  1.52634375E+00  9.88366841E-01  2.50000000E-02  3.61587081E-09  6.13421328E-09 
     271  7.62500000E+02  1.62500000E+02 -7.99079871E-04  9.89165922E-01  9.88366842E-01  2.50000000E-02  3.96553467E-09 -6.47458326E-09 
     272  7.87500000E+02  1.62500000E+02 -6.09372242E-01  1.59773908E+00  9.88366842E-01  2.50000000E-02  5.93321608E-09  7.02002003E-10 
     273  8.12500000E+02  1.62500000E+02  2.42801476E-01  7.45565364E-01  9.88366841E-01  2.50000000E-02  5.57554539E-09  4.05070998E-08 
     274  8.37500000E+02  1.62500000E+02 -4.07254055E-01  1.39562090E+00  9.88366841E-01  2.50000000E-02  3.42007143E-09  1.77582288E-08 
     275  8.62500000E+02  1.62500000E+02 -9.32943653E-01  1.92131050E+00  9.88366842E-01  2.50000000E-02  5.25482484E-09  9.22327194E-09 
     276  8.87500000E+02  1.62500000E+02 -8.73369498E-01  1.86173634E+00  9.88366841E-01  2.50000000E-02  6.19302062E-09  2.62354586E-08 
     277  9.12500000E+02  1.62500000E+02  3.87206214E-01  6.01160628E-01  9.88366842E-01  2.50000000E-02  4.19375423E-09  1.38242072E-08 
     278  9.37500000E+02  1.62500000E+02 -4.53648108E-01  1.44201495E+00  9.88366842E-01  2.50000000E-02  4.49128538E-09  5.99454524E-09 
     279  9.62500000E+02  1.62500000E+02  1.48897342E-01  8.39469500E-01  9.88366842E-01  2.50000000E-02  4.45519927E-09  8.09698801E-09 
     280  9.87500000E+02  1.62500000E+02  6.70755937E-01  3.17610905E-01  9.88366842E-01  2.50000000E-02  1.33164453E-09  7.24658424E-09 
     281  1.25000000E+01  1.87500000E+02 -1.66476527E-01  1.15484335E+00  9.88366824E-01  2.50000000E-02  5.83518926E-10  1.71842449E-08 
     282  3.75000000E+01  1.87500000E+02  2.37551903E-01  7.50814921E-01  9.88366824E-01  2.50000000E-02  2.78093762E-09  1.53994653E-08 
     283  6.25000000E+01  1.87500000E+02  8.86512986E-01  1.01853836E-01  9.88366822E-01  2.50000000E-02  2.51028113E-08  1.82233550E-08 
     284  8.75000000E+01  1.87500000E+02  7.99757613E-02  9.08391059E-01  9.88366821E-01  2.50000000E-02  1.16226901E-08  6.25180006E-08 
     285  1.12500000E+02  1.87500000E+02 -3.21040265E-01  1.30940709E+00  9.88366823E-01  2.50000000E-02  1.87026105E-08 -4.30738707E-08 
     286  1.37500000E+02  1.87500000E+02 -7.68747739E-01  1.75711457E+00  9.88366836E-01  2.50000000E-02  6.37223892E-08  8.42753344E-08 
     287  1.62500000E+02  1.87500000E+02  6.97657624E-01  2.90709135E-01  9.88366758E-01  2.50000000E-02  3.82121637E-07  1.07321761E-06 
     288  1.87500000E+02  1.87500000E+02 -7.86922382E-01  1.77528912E+00  9.88366740E-01  2.50000000E-02  1.36053032E-07  2.56373600E-07 
     289  2.12500000E+02  1.87500000E+02  8.79619040E-01  1.08747789E-01  9.88366829E-01  2.50000000E-02 -6.18411684E-07 -6.39361385E-09 
     290  2.37500000E+02  1.87500000E+02 -5.35190590E-01  1.52355745E+00  9.88366862E-01  2.50000000E-02 -1.96763095E-07  1.61898689E-07 
     291  2.62500000E+02  1.87500000E+02 -9.78600396E-01  1.96696726E+00  9.88366866E-01  2.50000000E-02 -1.71697783E-07 -7.30180442E-07 
     292  2.87500000E+02  1.87500000E+02  3.11980387E-01  6.76386479E-01  9.88366865E-01  2.50000000E-02 -5.17329675E-08 -2.65711405E-07 
     293  3.12500000E+02  1.87500000E+02 -1.53058204E-02  1.00367267E+00  9.88366853E-01  2.50000000E-02  1.81935440E-08  3.28783698E-07 
     294  3.37500000E+02  1.87500000E+02 -5.46319126E-01  1.53468598E+00  9.88366851E-01  2.50000000E-02  2.50604807E-08 -1.58760634E-07 
     295  3.62500000E+02  1.87500000E+02 -2.35273906E-01  1.22364075E+00  9.88366842E-01  2.50000000E-02 -8.66918692E-10  7.75734550E-08 
     296  3.87500000E+02  1.87500000E+02 -3.51627214E-01  1.33999407E+00  9.88366851E-01  2.50000000E-02 -2.61006543E-08 -5.74144284E-08 
     297  4.12500000E+02  1.87500000E+02  8.13906002E-01  1.74460850E-01  9.88366852E-01  2.50000000E-02  3.21446653E-08  3.80600759E-07 
     298  4.37500000E+02  1.87500000E+02  4.28358932E-01  5.60007916E-01  9.88366848E-01  2.50000000E-02  6.26906715E-08  1.14603078E-07 
     299  4.62500000E+02  1.87500000E+02 -1.51875673E-01  1.14024252E+00  9.88366847E-01  2.50000000E-02  5.91591561E-08 -7.27678651E-09 
     300  4.87500000E+02  1.87500000E+02  2.23783840E-01  7.64583008E-01  9.88366848E-01  2.50000000E-02  5.61499931E-08  3.56520995E-09 
     301  5.12500000E+02  1.87500000E+02 -5.94372845E-01  1.58273969E+00  9.88366849E-01  2.50000000E-02  5.82023097E-08  5.28511716E-09 
     302  5.37500000E+02  1.87500000E+02  4.10290570E-01  5.78076275E-01  9.88366846E-01  2.50000000E-02  5.22031003E-08 -2.43257077E-09 
     303  5.62500000E+02  1.87500000E+02  2.14724687E-01  7.73642159E-01  9.88366846E-01  2.50000000E-02  3.22874524E-08  3.55278313E-08 
     304  5.87500000E+02  1.87500000E+02 -9.92053210E-01  1.98042005E+00  9.88366840E-01  2.50000000E-02 -6.30907188E-10  5.70058554E-08 
     305  6.12500000E+02  1.87500000E+02 -9.90360644E-01  1.97872749E+00  9.88366843E-01  2.50000000E-02 -6.39177307E-09  2.31462386E-08 
     306  6.37500000E+02  1.87500000E+02 -5.38917583E-02  1.04225860E+00  9.88366843E-01  2.50000000E-02 -2.30511057E-09 -4.63719149E-09 
     307  6.62500000E+02  1.87500000E+02  1.33030385E-01  8.55336457E-01  9.88366843E-01  2.50000000E-02  1.33436578E-09  1.33007915E-09 
     308  6.87500000E+02  1.87500000E+02 -4.04030470E-01  1.39239731E+00  9.88366843E-01  2.50000000E-02  3.19159633E-09  4.12785579E-08 
     309  7.12500000E+02  1.87500000E+02 -8.13372492E-01  1.80173934E+00  9.88366843E-01  2.50000000E-02  5.21128264E-09  4.79055271E-10 
     310  7.37500000E+02  1.87500000E+02  5.26055641E-01  4.62311200E-01  9.88366842E-01  2.50000000E-02  1.34864834E-08  5.47907483E-09 
     311  7.62500000E+02  1.87500000E+02 -1.21979092E-01  1.11034593E+00  9.88366842E-01  2.50000000E-02  1.43236459E-08 -6.25716269E-09 
     312  7.87500000E+02  1.87500000E+02  9.51504665E-01  3.68621771E-02  9.88366842E-01  2.50000000E-02  1.89993568E-09  1.60116413E-08 
     313  8.12500000E+02  1.87500000E+02  1.21368449E-02  9.76229996E-01  9.88366841E-01  2.50000000E-02 -1.66578450E-08  4.60645582E-08 
     314  8.37500000E+02  1.87500000E+02  5.57994914E-02  9.32567351E-01  9.88366842E-01  2.50000000E-02 -1.38674675E-08  1.74218772E-08 
     315  8.62500000E+02  1.87500000E+02  3.00266358E-01  6.88100483E-01  9.88366841E-01  2.50000000E-02 -9.02688675E-09  1.26401472E-08 
     316  8.87500000E+02  1.87500000E+02  1.38933373E-02  9.74473504E-01  9.88366841E-01  2.50000000E-02 -7.57455012E-09  2.87237314E-08 
     317  9.12500000E+02  1.87500000E+02 -7.75471231E-01  1.76383807E+00  9.88366842E-01  2.50000000E-02 -2.70742595E-09  1.32627486E-08 
     318  9.37500000E+02  1.87500000E+02 -8.13535488E-01  1.80190233E+00  9.88366842E-01  2.50000000E-02 -1.47026243E-10  4.72577702E-09 
     319  9.62500000E+02  1.87500000E+02 -3.31835338E-01  1.32020218E+00  9.88366841E-01  2.50000000E-02 -1.58026657E-10  9.41624588E-09 
     320  9.87500000E+02  1.87500000E+02 -3.84744574E-01  1.37311142E+00  9.88366842E-01  2.50000000E-02 -7.08883365E-10  9.60395458E-09 
     321  1.25000000E+01  2.12500000E+02  2.44844554E-01  7.43522269E-01  9.88366823E-01  2.50000000E-02  3.29941348E-09  1.59804455E-08 
     322  3.75000000E+01  2.12500000E+02 -8.38942158E-01  1.82730898E+00  9.88366824E-01  2.50000000E-02  1.12700972E-08  1.19714308E-08 
     323  6.25000000E+01  2.12500000E+02  8.76437427E-01  1.11929391E-01  9.88366819E-01  2.50000000E-02  1.20013911E-07 -1.77544211E-08 
     324  8.75000000E+01  2.12500000E+02 -9.82525714E-01  1.97089253E+00  9.88366816E-01  2.50000000E-02  1.49928776E-07  3.76313744E-08 
     325  1.12500000E+02  2.12500000E+02  5.51450105E-01  4.36916720E-01  9.88366825E-01  2.50000000E-02  1.85466312E-07 -3.58744535E-08 
     326  1.37500000E+02  2.12500000E+02  9.23851166E-01  6.45156270E-02  9.88366793E-01  2.50000000E-02  1.15865719E-06  5.04404363E-08 
     327  1.62500000E+02  2.12500000E+02  7.21559825E-01  2.66806943E-01  9.88366768E-01  2.50000000E-02  1.38779527E-06  1.01620267E-06 
     328  1.87500000E+02  2.12500000E+02 -5.98162436E-01  1.58652912E+00  9.88366686E-01  2.50000000E-02  8.55145786E-07  5.55690079E-08 
     329  2.12500000E+02  2.12500000E+02 -2.67355377E-01  1.25572217E+00  9.88366791E-01  2.50000000E-02  1.03950131E-06 -4.63933904E-07 
     330  2.37500000E+02  2.12500000E+02  9.29246853E-01  5.91188456E-02  9.88365699E-01  2.50000000E-02  3.29914599E-05 -2.45362291E-06 
     331  2.62500000E+02  2.12500000E+02 -5.41489150E-01  1.52985613E+00  9.88366982E-01  2.50000000E-02  6.62119330E-05 -6.82457579E-07 
     332  2.87500000E+02  2.12500000E+02  9.61606288E-01  2.67614298E-02  9.88367718E-01  2.50000000E-02  3.65176435E-05  4.22054013E-07 
     333  3.12500000E+02  2.12500000E+02 -9.96976256E-01  1.98534315E+00  9.88366891E-01  2.50000000E-02  3.18707788E-06  4.28576135E-07 
     334  3.37500000E+02  2.12500000E+02  7.03037147E-01  2.85329824E-01  9.88366970E-01  2.50000000E-02  1.86752025E-06 -4.60745617E-07 
     335  3.62500000E+02  2.12500000E+02 -9.91669405E-01  1.98003626E+00  9.88366850E-01  2.50000000E-02  2.76528806E-07  9.67025175E-08 
     336  3.87500000E+02  2.12500000E+02 -7.82311094E-01  1.77067798E+00  9.88366887E-01  2.50000000E-02  2.11885978E-07  1.36820180E-08 
     337  4.12500000E+02  2.12500000E+02  6.48352156E-01  3.40014700E-01  9.88366857E-01  2.50000000E-02  2.86447268E-07  3.45667034E-07 
     338  4.37500000E+02  2.12500000E+02  6.96944532E-01  2.91422328E-01  9.88366860E-01  2.50000000E-02  1.91726163E-07  1.20961739E-07 
     339  4.62500000E+02  2.12500000E+02 -8.76132359E-01  1.86449921E+00  9.88366847E-01  2.50000000E-02  3.65967459E-08 -8.52205102E-09 
     340  4.87500000E+02  2.12500000E+02 -5.73095536E-01  1.56146239E+00  9.88366849E-01  2.50000000E-02  2.41183251E-08  9.36474453E-09 
     341  5.12500000E+02  2.12500000E+02 -9.01463864E-01  1.88983072E+00  9.88366852E-01  2.50000000E-02  2.35125832E-08  1.18593749E-08 
     342  5.37500000E+02  2.12500000E+02  7.33343231E-01  2.55023613E-01  9.88366844E-01  2.50000000E-02  4.64329221E-08  3.90357795E-08 
     343  5.62500000E+02  2.12500000E+02 -1.68227038E-01  1.15659388E+00  9.88366845E-01  2.50000000E-02  2.87467458E-08  3.98009285E-08 
     344  5.87500000E+02  2.12500000E+02 -1.82784566E-01  1.17115141E+00  9.88366844E-01  2.50000000E-02  2.32158965E-08  6.22526286E-08 
     345  6.12500000E+02  2.12500000E+02 -7.99218124E-03  9.96359027E-01  9.88366846E-01  2.50000000E-02  1.72538999E-08  2.77064002E-08 
     346  6.37500000E+02  2.12500000E+02  2.75438084E-01  7.12928762E-01  9.88366846E-01  2.50000000E-02  1.82286940E-08 -7.62128942E-10 
     347  6.62500000E+02  2.12500000E+02  9.24385959E-01  6.39808850E-02  9.88366843E-01  2.50000000E-02  2.89754475E-08  1.27466035E-08 
     348  6.87500000E+02  2.12500000E+02 -1.36616828E-01  1.12498367E+00  9.88366843E-01  2.50000000E-02  5.51130001E-09  3.68885563E-08 
     349  7.12500000E+02  2.12500000E+02 -5.19049607E-01  1.50741645E+00  9.88366843E-01  2.50000000E-02  5.90692284E-09  1.05526901E-09 
     350  7.37500000E+02  2.12500000E+02  8.47420159E-01  1.40946683E-01  9.88366842E-01  2.50000000E-02  1.94978931E-08  1.84959278E-08 
     351  7.62500000E+02  2.12500000E+02  9.79561948E-01  8.80489276E-03  9.88366841E-01  2.50000000E-02  5.61300037E-08  3.20603390E-08 
     352  7.87500000E+02  2.12500000E+02  3.08941214E-01  6.79425626E-01  9.88366840E-01  2.50000000E-02  5.83522613E-09 -3.42652073E-09 
     353  8.12500000E+02  2.12500000E+02 -3.97161530E-01  1.38552837E+00  9.88366839E-01  2.50000000E-02  3.99598860E-09  4.41473640E-08 
     354  8.37500000E+02  2.12500000E+02  7.58434357E-01  2.29932484E-01  9.88366841E-01  2.50000000E-02 -4.57921933E-09  2.63189612E-08 
     355  8.62500000E+02  2.12500000E+02 -5.78647185E-01  1.56701403E+00  9.88366840E-01  2.50000000E-02 -6.02676279E-09  9.46923518E-09 
     356  8.87500000E+02  2.12500000E+02  4.66734109E-02  9.41693429E-01  9.88366840E-01  2.50000000E-02 -6.57947373E-09  2.74802177E-08 
     357  9.12500000E+02  2.12500000E+02  8.68719284E-01  1.19647557E-01  9.88366841E-01  2.50000000E-02 -1.21543094E-08  1.98066430E-08 
     358  9.37500000E+02  2.12500000E+02 -2.26269460E-01  1.21463630E+00  9.88366842E-01  2.50000000E-02  1.20002087E-09  4.06452507E-09 
     359  9.62500000E+02  2.12500000E+02 -7.63339254E-01  1.75170610E+00  9.88366842E-01  2.50000000E-02  1.61307353E-09  1.21085941E-08 
     360  9.87500000E+02  2.12500000E+02  9.44908009E-01  4.34588327E-02  9.88366841E-01  2.50000000E-02  4.95370690E-09  2.74717144E-08 
     361  1.25000000E+01  2.37500000E+02  3.55041820E-01  6.33325003E-01  9.88366823E-01  2.50000000E-02  2.61081954E-09  1.05136991E-08 
     362  3.75000000E+01  2.37500000E+02  3.41509921E-01  6.46856902E-01  9.88366824E-01  2.50000000E-02  8.84104551E-09  4.95808437E-09 
     363  6.25000000E+01  2.37500000E+02 -5.68093173E-01  1.55646000E+00  9.88366823E-01  2.50000000E-02  1.53442959E-08 -3.20402233E-08 
     364  8.75000000E+01  2.37500000E+02  2.68487339E-01  7.19879484E-01  9.88366823E-01  2.50000000E-02  1.92605157E-08  6.41896536E-09 
     365  1.12500000E+02  2.37500000E+02 -7.27306446E-01  1.71567327E+00  9.88366823E-01  2.50000000E-02  2.10222822E-08 -2.86972267E-08 
     366  1.37500000E+02  2.37500000E+02  5.67759217E-01  4.20607606E-01  9.88366823E-01  2.50000000E-02  2.19586461E-08 -1.48744507E-07 
     367  1.62500000E+02  2.37500000E+02  9.79894557E-01  8.47225649E-03  9.88366813E-01  2.50000000E-02  1.01855704E-07 -3.31205882E-07 
     368  1.87500000E+02  2.37500000E+02  1.12566056E-02  9.77110209E-01  9.88366814E-01  2.50000000E-02 -1.31614422E-07 -2.34378809E-07 
     369  2.12500000E+02  2.37500000E+02  1.03523423E-01  8.84843379E-01  9.88366801E-01  2.50000000E-02 -1.72961280E-07 -4.58036944E-07 
     370  2.37500000E+02  2.37500000E+02  3.41537357E-01  6.46829442E-01  9.88366798E-01  2.50000000E-02 -3.16228729E-07 -5.80390381E-06 
     371  2.62500000E+02  2.37500000E+02  3.30516002E-01  6.57850813E-01  9.88366815E-01  2.50000000E-02 -4.00904913E-07 -9.76606506E-08 
     372  2.87500000E+02  2.37500000E+02  4.31850495E-01  5.56516335E-01  9.88366830E-01  2.50000000E-02 -3.56136784E-07  4.12577773E-07 
     373  3.12500000E+02  2.37500000E+02  3.44948787E-01  6.43418027E-01  9.88366814E-01  2.50000000E-02 -3.14035023E-07  5.40284598E-07 
     374  3.37500000E+02  2.37500000E+02  8.99211308E-01  8.91555371E-02  9.88366845E-01  2.50000000E-02 -3.28396664E-07  5.43460143E-07 
     375  3.62500000E+02  2.37500000E+02 -2.08322164E-01  1.19668901E+00  9.88366843E-01  2.50000000E-02 -2.56683188E-08  1.20080875E-07 
     376  3.87500000E+02  2.37500000E+02  1.34885945E-01  8.53480894E-01  9.88366839E-01  2.50000000E-02 -2.93407839E-08  1.79981345E-07 
     377  4.12500000E+02  2.37500000E+02  6.77860891E-01  3.10505961E-01  9.88366852E-01  2.50000000E-02 -3.52805044E-08  3.11055945E-07 
     378  4.37500000E+02  2.37500000E+02  5.42106827E-01  4.46260029E-01  9.88366855E-01  2.50000000E-02  4.96652604E-08  1.68254260E-07 
     379  4.62500000E+02  2.37500000E+02  5.81020619E-01  4.07346232E-01  9.88366850E-01  2.50000000E-02  9.39668083E-08 -3.05566591E-09 
     380  4.87500000E+02  2.37500000E+02  8.48891551E-01  1.39475292E-01  9.88366843E-01  2.50000000E-02  1.23007924E-07  1.05657312E-07 
     381  5.12500000E+02  2.37500000E+02  6.13149962E-01  3.75216880E-01  9.88366842E-01  2.50000000E-02  7.80681580E-08  7.79909285E-08 
     382  5.37500000E+02  2.37500000E+02  7.83830333E-01  2.04536511E-01  9.88366844E-01  2.50000000E-02  6.09062618E-08  8.17874404E-08 
     383  5.62500000E+02  2.37500000E+02  9.08825902E-01  7.95409415E-02  9.88366843E-01  2.50000000E-02  4.04208317E-08  8.95760596E-08 
     384  5.87500000E+02  2.37500000E+02 -1.34468632E-01  1.12283548E+00  9.88366844E-01  2.50000000E-02  1.43807030E-08  7.84657321E-08 
     385  6.12500000E+02  2.37500000E+02  3.34650640E-01  6.53716203E-01  9.88366843E-01  2.50000000E-02  1.23227847E-08  4.19089464E-08 
     386  6.37500000E+02  2.37500000E+02  4.15609584E-01  5.72757260E-01  9.88366844E-01  2.50000000E-02  1.01937175E-08  9.03323504E-09 
     387  6.62500000E+02  2.37500000E+02 -9.77713809E-01  1.96608065E+00  9.88366841E-01  2.50000000E-02 -8.94305208E-10  7.00551209E-09 
     388  6.87500000E+02  2.37500000E+02 -1.11305828E-01  1.09967267E+00  9.88366843E-01  2.50000000E-02 -3.72618025E-09  3.28021199E-08 
     389  7.12500000E+02  2.37500000E+02  8.58179792E-01  1.30187048E-01  9.88366840E-01  2.50000000E-02  2.81747395E-08  2.83086404E-08 
     390  7.37500000E+02  2.37500000E+02  4.32972426E-01  5.55394413E-01  9.88366840E-01  2.50000000E-02  3.09381279E-08  1.47898457E-08 
     391  7.62500000E+02  2.37500000E+02  9.65989899E-01  2.23769411E-02  9.88366840E-01  2.50000000E-02  1.38129866E-08  2.69909369E-08 
     392  7.87500000E+02  2.37500000E+02  1.24913734E-01  8.63453106E-01  9.88366840E-01  2.50000000E-02 -3.04469938E-10 -2.85800835E-09 
     393  8.12500000E+02  2.37500000E+02 -2.80744632E-01  1.26911147E+00  9.88366841E-01  2.50000000E-02  4.11891824E-09  4.39949258E-08 
     394  8.37500000E+02  2.37500000E+02 -2.61851218E-01  1.25021806E+00  9.88366839E-01  2.50000000E-02  2.76211141E-09  1.45277540E-08 
     395  8.62500000E+02  2.37500000E+02 -7.91797223E-01  1.78016406E+00  9.88366841E-01  2.50000000E-02  5.41660768E-10  9.51481665E-09 
     396  8.87500000E+02  2.37500000E+02 -5.79944574E-01  1.56831142E+00  9.88366841E-01  2.50000000E-02  3.98833099E-09  2.67855445E-08 
     397  9.12500000E+02  2.37500000E+02 -3.91335675E-01  1.37970252E+00  9.88366840E-01  2.50000000E-02  6.73928973E-09  9.11836868E-09 
     398  9.37500000E+02  2.37500000E+02  9.45837524E-01  4.25293164E-02  9.88366840E-01  2.50000000E-02  1.16805937E-08  3.97448760E-08 
     399  9.62500000E+02  2.37500000E+02  3.37232494E-01  6.51134346E-01  9.88366840E-01  2.50000000E-02  3.85542913E-09  1.93686224E-08 
     400  9.87500000E+02  2.37500000E+02  1.21210509E-01  8.67156330E-01  9.88366839E-01  2.50000000E-02  1.46502083E-09  4.84167931E-09 
     401  1.25000000E+01  2.62500000E+02 -9.34840164E-01  1.92320699E+00  9.88366824E-01  2.50000000E-02  1.19114068E-09  7.14253847E-09 
     402  3.75000000E+01  2.62500000E+02 -9.55515730E-01  1.94388255E+00  9.88366824E-01  2.50000000E-02  3.84480883E-09 -9.46231753E-10 
     403  6.25000000E+01  2.62500000E+02  6.26565141E-01  3.61801681E-01  9.88366822E-01  2.50000000E-02  2.72458993E-08 -3.42691517E-08 
     404  8.75000000E+01  2.62500000E+02 -7.22820953E-01  1.71118778E+00  9.88366823E-01  2.50000000E-02  4.71049253E-08  3.83671262E-09 
     405  1.12500000E+02  2.62500000E+02  7.85906675E-01  2.02460147E-01  9.88366823E-01  2.50000000E-02  1.03441165E-07 -3.41506851E-08 
     406  1.37500000E+02  2.62500000E+02  8.95852159E-01  9.25146566E-02  9.88366816E-01  2.50000000E-02  1.95016613E-07 -1.01607194E-07 
     407  1.62500000E+02  2.62500000E+02 -5.06916641E-01  1.49528345E+00  9.88366812E-01  2.50000000E-02  1.68434990E-07 -1.56701640E-07 
     408  1.87500000E+02  2.62500000E+02 -5.87829816E-01  1.57619663E+00  9.88366813E-01  2.50000000E-02  1.70173037E-07 -1.17673897E-07 
     409  2.12500000E+02  2.62500000E+02 -1.34708598E-01  1.12307542E+00  9.88366819E-01  2.50000000E-02  1.92379582E-07 -3.55695668E-07 
     410  2.37500000E+02  2.62500000E+02  8.47734741E-01  1.40631934E-01  9.88366675E-01  2.50000000E-02 -1.94716226E-07 -3.24804165E-06 
     411  2.62500000E+02  2.62500000E+02  4.76887218E-01  5.11479617E-01  9.88366835E-01  2.50000000E-02 -4.39975305E-07 -9.54841044E-08 
     412  2.87500000E+02  2.62500000E+02  2.00159583E-01  7.88207254E-01  9.88366837E-01  2.50000000E-02 -2.70009438E-07  2.55519840E-07 
     413  3.12500000E+02  2.62500000E+02 -4.78297783E-01  1.46666461E+00  9.88366829E-01  2.50000000E-02 -2.02404086E-07  4.02090676E-07 
     414  3.37500000E+02  2.62500000E+02  3.56056858E-01  6.32309969E-01  9.88366827E-01  2.50000000E-02 -1.49203263E-07  2.57755990E-08 
     415  3.62500000E+02  2.62500000E+02 -4.05332105E-01  1.39369895E+00  9.88366845E-01  2.50000000E-02 -3.20151850E-08  1.26208613E-07 
     416  3.87500000E+02  2.62500000E+02 -3.03954547E-01  1.29232138E+00  9.88366830E-01  2.50000000E-02 -7.88298238E-09  1.52159479E-07 
     417  4.12500000E+02  2.62500000E+02 -8.01330835E-01  1.78969767E+00  9.88366833E-01  2.50000000E-02 -1.64577084E-08  1.36400504E-07 
     418  4.37500000E+02  2.62500000E+02  9.54547333E-01  3.38195092E-02  9.88366843E-01  2.50000000E-02 -9.85105311E-08  3.07035582E-07 
     419  4.62500000E+02  2.62500000E+02  8.90316133E-01  9.80507086E-02  9.88366841E-01  2.50000000E-02 -3.02417165E-08  9.61487234E-08 
     420  4.87500000E+02  2.62500000E+02  7.08974002E-01  2.79392837E-01  9.88366839E-01  2.50000000E-02 -4.59625998E-08  1.09120155E-07 
     421  5.12500000E+02  2.62500000E+02  6.65835253E-01  3.22531589E-01  9.88366842E-01  2.50000000E-02 -3.14944036E-08  1.00199404E-07 
     422  5.37500000E+02  2.62500000E+02 -7.56810450E-01  1.74517729E+00  9.88366844E-01  2.50000000E-02  6.27940433E-09  1.21163207E-07 
     423  5.62500000E+02  2.62500000E+02  2.22872355E-01  7.65494483E-01  9.88366838E-01  2.50000000E-02 -1.70388468E-09  5.98829131E-08 
     424  5.87500000E+02  2.62500000E+02  1.94286672E-01  7.94080169E-01  9.88366841E-01  2.50000000E-02 -2.00505052E-08  9.48188114E-08 
     425  6.12500000E+02  2.62500000E+02  3.02195158E-01  6.86171684E-01  9.88366842E-01  2.50000000E-02 -2.46533762E-08  4.27230178E-08 
     426  6.37500000E+02  2.62500000E+02 -1.01702793E-01  1.09006964E+00  9.88366844E-01  2.50000000E-02 -1.72124478E-08  1.14615994E-08 
     427  6.62500000E+02  2.62500000E+02 -8.44736268E-01  1.83310311E+00  9.88366842E-01  2.50000000E-02 -1.60102097E-08  8.99013346E-09 
     428  6.87500000E+02  2.62500000E+02 -1.13311707E-02  9.99698015E-01  9.88366844E-01  2.50000000E-02 -1.45498120E-08  3.13573769E-08 
     429  7.12500000E+02  2.62500000E+02  6.77916363E-01  3.10450477E-01  9.88366840E-01  2.50000000E-02  7.54701104E-09  2.47820206E-08 
     430  7.37500000E+02  2.62500000E+02 -5.21512721E-01  1.50987956E+00  9.88366840E-01  2.50000000E-02  5.15004658E-09  1.29244464E-08 
     431  7.62500000E+02  2.62500000E+02  4.69066451E-01  5.19300389E-01  9.88366840E-01  2.50000000E-02  2.96783877E-09  1.03335889E-08 
     432  7.87500000E+02  2.62500000E+02 -8.56823764E-01  1.84519060E+00  9.88366840E-01  2.50000000E-02 -5.25068678E-10 -2.13764451E-09 
     433  8.12500000E+02  2.62500000E+02  8.59767371E-02  9.02390103E-01  9.88366840E-01  2.50000000E-02 -1.58899054E-09  4.87114314E-08 
     434  8.37500000E+02  2.62500000E+02 -1.82638404E-01  1.17100524E+00  9.88366840E-01  2.50000000E-02 -3.05395219E-09  1.44339497E-08 
     435  8.62500000E+02  2.62500000E+02  2.06930704E-01  7.81436137E-01  9.88366841E-01  2.50000000E-02 -2.74897955E-09  1.34462422E-08 
     436  8.87500000E+02  2.62500000E+02  4.00383273E-01  5.87983567E-01  9.88366840E-01  2.50000000E-02  1.88089881E-09  2.80327587E-08 
     437  9.12500000E+02  2.62500000E+02 -2.58413072E-01  1.24677991E+00  9.88366841E-01  2.50000000E-02  6.26783455E-09  9.17012341E-09 
     438  9.37500000E+02  2.62500000E+02 -7.37106387E-01  1.72547323E+00  9.88366839E-01  2.50000000E-02  2.08762509E-09  1.68883969E-08 
     439  9.62500000E+02  2.62500000E+02 -8.13081408E-01  1.80144825E+00  9.88366840E-01  2.50000000E-02  4.80771797E-10  1.97943280E-08 
     440  9.87500000E+02  2.62500000E+02 -5.16564687E-01  1.50493153E+00  9.88366839E-01  2.50000000E-02  1.16258814E-09  4.96004248E-09 
     441  1.25000000E+01  2.87500000E+02  8.33477417E-01  1.54889407E-01  9.88366824E-01  2.50000000E-02  1.55601755E-09 -8.31671020E-10 
     442  3.75000000E+01  2.87500000E+02 -9.98707575E-01  1.98707440E+00  9.88366824E-01  2.50000000E-02  1.32452070E-09 -1.83004069E-09 
     443  6.25000000E+01  2.87500000E+02 -3.28974606E-01  1.31734143E+00  9.88366824E-01  2.50000000E-02  2.66230125E-09 -3.05651124E-08 
     444  8.75000000E+01  2.87500000E+02  7.84918661E-01  2.03448162E-01  9.88366823E-01  2.50000000E-02  3.68180943E-08 -1.43735959E-08 
     445  1.12500000E+02  2.87500000E+02 -9.03909283E-02  1.07875775E+00  9.88366822E-01  2.50000000E-02  5.35083026E-08 -4.47981892E-08 
     446  1.37500000E+02  2.87500000E+02  4.75391453E-02  9.40827677E-01  9.88366822E-01  2.50000000E-02  5.50796396E-08 -5.84137868E-08 
     447  1.62500000E+02  2.87500000E+02 -8.47335720E-01  1.83570252E+00  9.88366805E-01  2.50000000E-02  1.52227225E-09 -1.72370952E-07 
     448  1.87500000E+02  2.87500000E+02 -4.00822679E-01  1.38918948E+00  9.88366800E-01  2.50000000E-02 -7.31611288E-08 -8.48729982E-08 
     449  2.12500000E+02  2.87500000E+02  2.14785155E-02  9.66888277E-01  9.88366792E-01  2.50000000E-02 -2.48605921E-07 -2.95342560E-07 
     450  2.37500000E+02  2.87500000E+02 -5.47241463E-01  1.53560830E+00  9.88366838E-01  2.50000000E-02 -3.00481283E-07 -2.83271948E-07 
     451  2.62500000E+02  2.87500000E+02 -2.74508318E-01  1.26287513E+00  9.88366817E-01  2.50000000E-02 -2.92580730E-07 -8.38427570E-08 
     452  2.87500000E+02  2.87500000E+02  1.64184089E-01  8.24182743E-01  9.88366832E-01  2.50000000E-02 -3.31274159E-07  1.60135556E-07 
     453  3.12500000E+02  2.87500000E+02  3.72539936E-01  6.15826899E-01  9.88366835E-01  2.50000000E-02 -2.95818856E-07  3.30651150E-07 
     454  3.37500000E+02  2.87500000E+02 -6.12205178E-01  1.60057200E+00  9.88366826E-01  2.50000000E-02 -2.80896406E-07 -1.48957339E-08 
     455  3.62500000E+02  2.87500000E+02  5.38933411E-01  4.49433423E-01  9.88366834E-01  2.50000000E-02 -2.62205015E-07  1.17168475E-07 
     456  3.87500000E+02  2.87500000E+02 -6.94758963E-01  1.68312580E+00  9.88366837E-01  2.50000000E-02 -1.87324017E-07  1.39813562E-07 
     457  4.12500000E+02  2.87500000E+02  2.53964569E-01  7.34402275E-01  9.88366844E-01  2.50000000E-02 -1.16016513E-07  9.64032462E-08 
     458  4.37500000E+02  2.87500000E+02 -4.05095158E-01  1.39346199E+00  9.88366830E-01  2.50000000E-02 -7.07022323E-08  5.65996759E-10 
     459  4.62500000E+02  2.87500000E+02  4.50713467E-01  5.37653365E-01  9.88366832E-01  2.50000000E-02 -6.76431606E-08  1.17739850E-08 
     460  4.87500000E+02  2.87500000E+02  4.34032856E-01  5.54333974E-01  9.88366829E-01  2.50000000E-02 -6.65264002E-08  4.13645770E-08 
     461  5.12500000E+02  2.87500000E+02  8.53116490E-01  1.35250344E-01  9.88366833E-01  2.50000000E-02 -1.14301241E-07  1.11743157E-07 
     462  5.37500000E+02  2.87500000E+02  9.51742552E-01  3.66242864E-02  9.88366838E-01  2.50000000E-02 -1.06548645E-07  1.30567102E-07 
     463  5.62500000E+02  2.87500000E+02  4.66086404E-01  5.22280435E-01  9.88366839E-01  2.50000000E-02 -3.35680410E-09  5.59871194E-08 
     464  5.87500000E+02  2.87500000E+02 -6.44614476E-01  1.63298131E+00  9.88366839E-01  2.50000000E-02 -2.05071228E-09  9.27714324E-08 
     465  6.12500000E+02  2.87500000E+02 -3.96191500E-01  1.38455834E+00  9.88366839E-01  2.50000000E-02 -2.11455227E-09  2.48940648E-08 
     466  6.37500000E+02  2.87500000E+02  9.33081605E-01  5.52852346E-02  9.88366840E-01  2.50000000E-02 -1.65032757E-08  7.28151232E-08 
     467  6.62500000E+02  2.87500000E+02 -3.17314769E-01  1.30568161E+00  9.88366841E-01  2.50000000E-02 -3.18369162E-10  1.20251368E-08 
     468  6.87500000E+02  2.87500000E+02  7.96572196E-01  1.91794645E-01  9.88366841E-01  2.50000000E-02  8.65837744E-09  4.03409051E-08 
     469  7.12500000E+02  2.87500000E+02  8.09256149E-01  1.79110691E-01  9.88366840E-01  2.50000000E-02  1.51662929E-08  2.46176146E-08 
     470  7.37500000E+02  2.87500000E+02  4.17497295E-01  5.70869545E-01  9.88366840E-01  2.50000000E-02  1.25838927E-08  1.26826902E-08 
     471  7.62500000E+02  2.87500000E+02  7.71770057E-01  2.16596783E-01  9.88366841E-01  2.50000000E-02  1.16641900E-08  1.32718209E-08 
     472  7.87500000E+02  2.87500000E+02  9.31914994E-01  5.64518463E-02  9.88366840E-01  2.50000000E-02  1.00666109E-08  1.07167106E-08 
     473  8.12500000E+02  2.87500000E+02 -3.74138657E-01  1.36250550E+00  9.88366841E-01  2.50000000E-02  9.00391226E-09  5.08500369E-08 
     474  8.37500000E+02  2.87500000E+02 -8.49988818E-01  1.83835566E+00  9.88366841E-01  2.50000000E-02  9.61352722E-09  1.96701007E-08 
     475  8.62500000E+02  2.87500000E+02  7.00082609E-01  2.88284231E-01  9.88366840E-01  2.50000000E-02  1.46746911E-08  2.04782088E-08 
     476  8.87500000E+02  2.87500000E+02 -9.10670425E-01  1.89903727E+00  9.88366841E-01  2.50000000E-02  2.19982222E-08  2.85283152E-08 
     477  9.12500000E+02  2.87500000E+02  6.07538114E-01  3.80828726E-01  9.88366840E-01  2.50000000E-02  2.62714799E-08  1.15670554E-08 
     478  9.37500000E+02  2.87500000E+02  2.30521661E-01  7.57845179E-01  9.88366840E-01  2.50000000E-02  2.26862950E-08  2.04802598E-08 
     479  9.62500000E+02  2.87500000E+02  7.48881598E-01  2.39485242E-01  9.88366840E-01  2.50000000E-02  1.08534023E-08  3.22035165E-08 
     480  9.87500000E+02  2.87500000E+02 -4.58150855E-01  1.44651770E+00  9.88366840E-01  2.50000000E-02  3.73773684E-10  7.34640046E-09 
     481  1.25000000E+01  3.12500000E+02  8.89455632E-01  9.89111919E-02  9.88366824E-01  2.50000000E-02  6.99277556E-09 -1.24669446E-08 
     482  3.75000000E+01  3.12500000E+02 -6.31376517E-01  1.61974334E+00  9.88366823E-01  2.50000000E-02  1.31999295E-08 -4.90216830E-09 
     483  6.25000000E+01  3.12500000E+02  3.05552792E-01  6.82814031E-01  9.88366823E-01  2.50000000E-02  1.33091875E-08 -2.71279308E-08 
     484  8.75000000E+01  3.12500000E+02  1.01249800E-01  8.87117025E-01  9.88366825E-01  2.50000000E-02  2.02078752E-08 -2.08073258E-08 
     485  1.12500000E+02  3.12500000E+02 -6.71278176E-01  1.65964500E+00  9.88366826E-01  2.50000000E-02  3.18378862E-08 -3.41627959E-08 
     486  1.37500000E+02  3.12500000E+02  7.13473855E-01  2.74892965E-01  9.88366820E-01  2.50000000E-02  7.54945626E-08 -4.98083531E-08 
     487  1.62500000E+02  3.12500000E+02  3.81535222E-01  6.06831597E-01  9.88366819E-01  2.50000000E-02  7.56996062E-08 -2.37303672E-07 
     488  1.87500000E+02  3.12500000E+02  9.56451482E-01  3.19153388E-02  9.88366821E-01  2.50000000E-02 -8.91997267E-08 -3.37383196E-07 
     489  2.12500000E+02  3.12500000E+02  7.75383494E-01  2.12983327E-01  9.88366821E-01  2.50000000E-02 -2.15712773E-07 -2.96876059E-07 
     490  2.37500000E+02  3.12500000E+02 -7.42396327E-01  1.73076314E+00  9.88366812E-01  2.50000000E-02 -2.80632519E-07 -2.27976252E-07 
     491  2.62500000E+02  3.12500000E+02  1.02374976E-01  8.85991840E-01  9.88366816E-01  2.50000000E-02 -2.75272834E-07 -1.15256134E-07 
     492  2.87500000E+02  3.12500000E+02 -7.45134914E-01  1.73350176E+00  9.88366849E-01  2.50000000E-02 -1.42210734E-07  1.13542208E-07 
     493  3.12500000E+02  3.12500000E+02 -9.64563739E-01  1.95293058E+00  9.88366843E-01  2.50000000E-02 -6.76472275E-08  3.11764156E-07 
     494  3.37500000E+02  3.12500000E+02 -5.81170204E-01  1.56953703E+00  9.88366828E-01  2.50000000E-02 -3.62960386E-08 -2.22667710E-08 
     495  3.62500000E+02  3.12500000E+02 -7.55561457E-01  1.74392829E+00  9.88366829E-01  2.50000000E-02 -4.01989063E-08  3.22280528E-08 
     496  3.87500000E+02  3.12500000E+02 -3.49295018E-01  1.33766185E+00  9.88366829E-01  2.50000000E-02 -4.09716614E-08  1.22833732E-07 
     497  4.12500000E+02  3.12500000E+02  9.88179630E-01  1.87205323E-04  9.88366835E-01  2.50000000E-02 -7.94654819E-07  1.28693489E-06 
     498  4.37500000E+02  3.12500000E+02  1.76495243E-01  8.11871595E-01  9.88366837E-01  2.50000000E-02 -4.69104039E-08  2.16860371E-08 
     499  4.62500000E+02  3.12500000E+02 -6.12133846E-02  1.04958022E+00  9.88366836E-01  2.50000000E-02 -5.02194383E-08  1.51367548E-08 
     500  4.87500000E+02  3.12500000E+02 -1.10749767E-01  1.09911660E+00  9.88366835E-01  2.50000000E-02 -5.89587178E-08  1.99897224E-08 
     501  5.12500000E+02  3.12500000E+02  1.54185328E-01  8.34181510E-01  9.88366838E-01  2.50000000E-02 -6.46178456E-08  8.50121940E-08 
     502  5.37500000E+02  3.12500000E+02  1.54441631E-03  9.86822421E-01  9.88366837E-01  2.50000000E-02 -6.25670578E-08  1.70966674E-08 
     503  5.62500000E+02  3.12500000E+02 -2.09939076E-01  1.19830591E+00  9.88366839E-01  2.50000000E-02 -5.64370805E-08  5.57255325E-08 
     504  5.87500000E+02  3.12500000E+02  8.37053587E-02  9.04661480E-01  9.88366839E-01  2.50000000E-02 -4.24672366E-08  8.22056903E-08 
     505  6.12500000E+02  3.12500000E+02 -9.84763029E-01  1.97312987E+00  9.88366838E-01  2.50000000E-02 -3.37573710E-08  1.06854098E-08 
     506  6.37500000E+02  3.12500000E+02  4.72295481E-01  5.16071355E-01  9.88366835E-01  2.50000000E-02 -2.85351567E-08  1.41322527E-08 
     507  6.62500000E+02  3.12500000E+02 -6.67066766E-01  1.65543361E+00  9.88366840E-01  2.50000000E-02 -1.22828653E-08  8.86085405E-09 
     508  6.87500000E+02  3.12500000E+02 -4.64834171E-01  1.45320101E+00  9.88366839E-01  2.50000000E-02 -8.33564166E-09  6.96602235E-09 
     509  7.12500000E+02  3.12500000E+02 -2.73507669E-01  1.26187451E+00  9.88366838E-01  2.50000000E-02 -9.53394736E-09  9.28669639E-09 
     510  7.37500000E+02  3.12500000E+02 -9.70003133E-01  1.95836997E+00  9.88366838E-01  2.50000000E-02 -1.20213885E-08  3.95330188E-09 
     511  7.62500000E+02  3.12500000E+02  2.81929733E-01  7.06437106E-01  9.88366839E-01  2.50000000E-02 -1.52928361E-08  7.62906644E-09 
     512  7.87500000E+02  3.12500000E+02  2.41078169E-01  7.47288669E-01  9.88366838E-01  2.50000000E-02 -1.76584103E-08  2.82533560E-09 
     513  8.12500000E+02  3.12500000E+02  3.95770170E-01  5.92596669E-01  9.88366839E-01  2.50000000E-02 -1.80328820E-08  5.21147294E-08 
     514  8.37500000E+02  3.12500000E+02 -6.42047305E-02  1.05257157E+00  9.88366839E-01  2.50000000E-02 -1.61500290E-08  2.30854343E-08 
     515  8.62500000E+02  3.12500000E+02  6.23029571E-01  3.65337268E-01  9.88366839E-01  2.50000000E-02 -1.63197130E-08  1.63625892E-08 
     516  8.87500000E+02  3.12500000E+02  7.02108725E-01  2.86258114E-01  9.88366840E-01  2.50000000E-02 -1.08120071E-08  2.83136047E-08 
     517  9.12500000E+02  3.12500000E+02 -3.55302842E-03  9.91919868E-01  9.88366839E-01  2.50000000E-02 -2.07467129E-09  7.28029253E-09 
     518  9.37500000E+02  3.12500000E+02 -9.62513231E-01  1.95088007E+00  9.88366840E-01  2.50000000E-02 -4.05283136E-10  2.74495159E-08 
     519  9.62500000E+02  3.12500000E+02 -6.76846554E-01  1.66521339E+00  9.88366840E-01  2.50000000E-02  7.65277152E-10  3.84265184E-08 
     520  9.87500000E+02  3.12500000E+02  5.26013183E-01  4.62353655E-01  9.88366838E-01  2.50000000E-02  2.62892305E-09  2.20650751E-08 
     521  1.25000000E+01  3.37500000E+02 -4.61756070E-01  1.45012290E+00  9.88366826E-01  2.50000000E-02  3.11555675E-09 -7.92875900E-09 
     522  3.75000000E+01  3.37500000E+02 -5.57306245E-01  1.54567307E+00  9.88366824E-01  2.50000000E-02  4.06531183E-09 -8.29474636E-09 
     523  6.25000000E+01  3.37500000E+02 -8.43123585E-01  1.83149041E+00  9.88366825E-01  2.50000000E-02  3.50637680E-09 -2.04446907E-08 
     524  8.75000000E+01  3.37500000E+02 -6.36874693E-01  1.62524152E+00  9.88366824E-01  2.50000000E-02  3.85831746E-09 -2.17850884E-08 
     525  1.12500000E+02  3.37500000E+02 -8.62173038E-01  1.85053986E+00  9.88366822E-01  2.50000000E-02 -3.13373692E-09 -3.10690635E-08 
     526  1.37500000E+02  3.37500000E+02 -9.98801574E-01  1.98716840E+00  9.88366826E-01  2.50000000E-02 -5.30508262E-09 -2.06685091E-08 
     527  1.62500000E+02  3.37500000E+02  4.97561888E-01  4.90804933E-01  9.88366820E-01  2.50000000E-02  1.26405561E-08 -2.39842398E-07 
     528  1.87500000E+02  3.37500000E+02  5.55506505E-01  4.32860323E-01  9.88366828E-01  2.50000000E-02  4.04899721E-08 -8.64636836E-08 
     529  2.12500000E+02  3.37500000E+02 -5.14768477E-01  1.50313530E+00  9.88366827E-01  2.50000000E-02  9.91186989E-08 -5.75413943E-08 
     530  2.37500000E+02  3.37500000E+02  4.49690095E-01  5.38676725E-01  9.88366820E-01  2.50000000E-02  1.04859377E-07 -2.38718428E-07 
     531  2.62500000E+02  3.37500000E+02  2.08834336E-01  7.79532484E-01  9.88366820E-01  2.50000000E-02  8.02307438E-08 -1.42290064E-07 
     532  2.87500000E+02  3.37500000E+02  8.80607532E-01  1.07759305E-01  9.88366837E-01  2.50000000E-02 -2.74875979E-08  2.11678866E-07 
     533  3.12500000E+02  3.37500000E+02  7.62143809E-01  2.26223030E-01  9.88366839E-01  2.50000000E-02  4.04853080E-08  2.89417151E-07 
     534  3.37500000E+02  3.37500000E+02  1.91182312E-01  7.97184518E-01  9.88366830E-01  2.50000000E-02  1.19165585E-08 -2.25226363E-08 
     535  3.62500000E+02  3.37500000E+02 -4.39467332E-01  1.42783416E+00  9.88366832E-01  2.50000000E-02  6.52955770E-09  2.22124231E-08 
     536  3.87500000E+02  3.37500000E+02 -6.68779376E-01  1.65714621E+00  9.88366833E-01  2.50000000E-02  7.62298209E-09  9.17521299E-08 
     537  4.12500000E+02  3.37500000E+02 -5.55079330E-01  1.54344616E+00  9.88366830E-01  2.50000000E-02  2.77914175E-09  3.98401472E-08 
     538  4.37500000E+02  3.37500000E+02 -1.77210822E-01  1.16557765E+00  9.88366831E-01  2.50000000E-02 -1.24314667E-08  4.50372017E-08 
     539  4.62500000E+02  3.37500000E+02 -3.32755791E-01  1.32112262E+00  9.88366833E-01  2.50000000E-02 -1.98232678E-08  1.21222830E-08 
     540  4.87500000E+02  3.37500000E+02  4.02397733E-01  5.85969100E-01  9.88366833E-01  2.50000000E-02 -2.25843999E-08  1.32971387E-08 
     541  5.12500000E+02  3.37500000E+02  9.35292297E-01  5.30745405E-02  9.88366837E-01  2.50000000E-02 -5.99426185E-08  8.24967871E-08 
     542  5.37500000E+02  3.37500000E+02  9.15586516E-02  8.96808186E-01  9.88366837E-01  2.50000000E-02 -3.19527839E-08  1.76914497E-08 
     543  5.62500000E+02  3.37500000E+02  8.15716200E-01  1.72650638E-01  9.88366838E-01  2.50000000E-02 -1.77086615E-08  4.66837218E-08 
     544  5.87500000E+02  3.37500000E+02 -5.03468074E-01  1.49183491E+00  9.88366841E-01  2.50000000E-02  2.03590766E-08  7.69640429E-08 
     545  6.12500000E+02  3.37500000E+02 -6.69021962E-01  1.65738880E+00  9.88366840E-01  2.50000000E-02  2.20516457E-08  4.45255609E-09 
     546  6.37500000E+02  3.37500000E+02 -6.42252231E-01  1.63061907E+00  9.88366838E-01  2.50000000E-02  1.68590066E-08  2.06179769E-08 
     547  6.62500000E+02  3.37500000E+02 -9.15931343E-01  1.90429818E+00  9.88366841E-01  2.50000000E-02  1.41373073E-08  8.39152807E-09 
     548  6.87500000E+02  3.37500000E+02 -3.57765820E-02  1.02414342E+00  9.88366840E-01  2.50000000E-02  2.01160453E-08  5.48432202E-09 
     549  7.12500000E+02  3.37500000E+02  1.43321703E-02  9.74034669E-01  9.88366839E-01  2.50000000E-02  1.87191266E-08  9.93080196E-09 
     550  7.37500000E+02  3.37500000E+02 -8.25790495E-01  1.81415733E+00  9.88366839E-01  2.50000000E-02  1.42160147E-08  1.99952894E-09 
     551  7.62500000E+02  3.37500000E+02 -5.13702550E-01  1.50206939E+00  9.88366839E-01  2.50000000E-02  1.28634814E-08  6.91933968E-09 
     552  7.87500000E+02  3.37500000E+02  6.87706151E-02  9.19596224E-01  9.88366839E-01  2.50000000E-02  1.24163340E-08  4.43722037E-09 
     553  8.12500000E+02  3.37500000E+02  1.57189289E-01  8.31177549E-01  9.88366839E-01  2.50000000E-02  8.72612444E-09  4.41503714E-08 
     554  8.37500000E+02  3.37500000E+02 -3.94510543E-01  1.38287738E+00  9.88366839E-01  2.50000000E-02  4.80547557E-09  2.00536675E-08 
     555  8.62500000E+02  3.37500000E+02  3.74971382E-01  6.13395458E-01  9.88366840E-01  2.50000000E-02  4.18129583E-09  1.45298792E-08 
     556  8.87500000E+02  3.37500000E+02 -3.79816420E-01  1.36818326E+00  9.88366838E-01  2.50000000E-02  1.28804525E-09  9.88497267E-09 
     557  9.12500000E+02  3.37500000E+02  1.94168431E-01  7.94198409E-01  9.88366840E-01  2.50000000E-02  5.69430102E-10  5.77379980E-09 
     558  9.37500000E+02  3.37500000E+02  4.57312719E-01  5.31054120E-01  9.88366839E-01  2.50000000E-02  5.20884379E-09  3.34426960E-08 
     559  9.62500000E+02  3.37500000E+02  8.05780058E-01  1.82586782E-01  9.88366839E-01  2.50000000E-02  1.04421271E-08  3.28865222E-08 
     560  9.87500000E+02  3.37500000E+02  3.18677521E-01  6.69689316E-01  9.88366837E-01  2.50000000E-02  1.82136209E-09  2.24262983E-08 
     561  1.25000000E+01  3.62500000E+02 -9.66060666E-01  1.95442749E+00  9.88366825E-01  2.50000000E-02 -2.35970329E-10 -9.10918169E-09 
     562  3.75000000E+01  3.62500000E+02  5.15856432E-01  4.72510393E-01  9.88366825E-01  2.50000000E-02 -4.24044741E-09 -1.08684859E-08 
     563  6.25000000E+01  3.62500000E+02 -3.34530843E-01  1.32289767E+00  9.88366825E-01  2.50000000E-02 -1.00257544E-08 -1.60273380E-08 
     564  8.75000000E+01  3.62500000E+02  3.69791417E-01  6.18575408E-01  9.88366825E-01  2.50000000E-02 -1.36205402E-08 -2.32314048E-08 
     565  1.12500000E+02  3.62500000E+02  3.35961265E-01  6.52405560E-01  9.88366824E-01  2.50000000E-02 -1.87108849E-08 -4.44070441E-08 
     566  1.37500000E+02  3.62500000E+02 -9.76369505E-01  1.96473633E+00  9.88366825E-01  2.50000000E-02 -2.52138780E-08 -1.93882481E-08 
     567  1.62500000E+02  3.62500000E+02 -7.03027348E-01  1.69139417E+00  9.88366824E-01  2.50000000E-02 -2.84142002E-08 -2.16939692E-07 
     568  1.87500000E+02  3.62500000E+02 -3.95054195E-01  1.38342102E+00  9.88366829E-01  2.50000000E-02 -2.14239800E-08 -7.16499273E-08 
     569  2.12500000E+02  3.62500000E+02 -6.06662382E-01  1.59502920E+00  9.88366822E-01  2.50000000E-02 -1.82619000E-08 -5.41934454E-08 
     570  2.37500000E+02  3.62500000E+02  1.31333254E-01  8.57033573E-01  9.88366826E-01  2.50000000E-02 -3.38033445E-08 -1.83332544E-07 
     571  2.62500000E+02  3.62500000E+02  6.78557906E-01  3.09808918E-01  9.88366824E-01  2.50000000E-02 -5.08399547E-08 -1.63440544E-07 
     572  2.87500000E+02  3.62500000E+02  8.98066731E-01  9.03001048E-02  9.88366836E-01  2.50000000E-02 -1.09051899E-07  1.67579589E-07 
     573  3.12500000E+02  3.62500000E+02  6.28986818E-01  3.59380018E-01  9.88366836E-01  2.50000000E-02 -4.74014886E-08  2.13873181E-07 
     574  3.37500000E+02  3.62500000E+02 -5.61567362E-01  1.54993420E+00  9.88366835E-01  2.50000000E-02 -4.14637421E-08  3.98319068E-09 
     575  3.62500000E+02  3.62500000E+02 -2.10584714E-01  1.19895155E+00  9.88366834E-01  2.50000000E-02 -4.45410329E-08  2.55563254E-08 
     576  3.87500000E+02  3.62500000E+02 -6.15901412E-01  1.60426825E+00  9.88366837E-01  2.50000000E-02 -4.20517719E-08  8.60743133E-08 
     577  4.12500000E+02  3.62500000E+02  4.92716108E-01  4.95650723E-01  9.88366831E-01  2.50000000E-02 -2.22580997E-08  4.23243388E-08 
     578  4.37500000E+02  3.62500000E+02 -3.55685850E-01  1.34405268E+00  9.88366834E-01  2.50000000E-02 -1.52634016E-08  5.46716437E-08 
     579  4.62500000E+02  3.62500000E+02 -9.76551710E-01  1.96491854E+00  9.88366835E-01  2.50000000E-02 -8.62922073E-09  7.90648788E-09 
     580  4.87500000E+02  3.62500000E+02 -8.66758993E-01  1.85512583E+00  9.88366833E-01  2.50000000E-02 -6.61046924E-09  6.13846365E-10 
     581  5.12500000E+02  3.62500000E+02  5.96923364E-01  3.91443470E-01  9.88366834E-01  2.50000000E-02 -1.64698774E-08  1.86326518E-08 
     582  5.37500000E+02  3.62500000E+02 -8.49782317E-01  1.83814915E+00  9.88366837E-01  2.50000000E-02 -5.76187427E-09  1.98916597E-08 
     583  5.62500000E+02  3.62500000E+02 -4.39410726E-01  1.42777756E+00  9.88366836E-01  2.50000000E-02 -6.39123339E-09  8.59243588E-09 
     584  5.87500000E+02  3.62500000E+02  5.24814540E-01  4.63552299E-01  9.88366839E-01  2.50000000E-02 -2.06571965E-08  6.88001309E-08 
     585  6.12500000E+02  3.62500000E+02  9.17688554E-01  7.06782843E-02  9.88366838E-01  2.50000000E-02 -2.37854289E-08  3.45670136E-08 
     586  6.37500000E+02  3.62500000E+02 -7.46181453E-02  1.06298498E+00  9.88366839E-01  2.50000000E-02 -1.97612878E-08  3.02141935E-08 
     587  6.62500000E+02  3.62500000E+02  3.43220318E-01  6.45146522E-01  9.88366840E-01  2.50000000E-02 -1.47516399E-08  1.53627550E-08 
     588  6.87500000E+02  3.62500000E+02  4.11170400E-02  9.47249799E-01  9.88366839E-01  2.50000000E-02 -8.96073524E-09  6.58005971E-09 
     589  7.12500000E+02  3.62500000E+02  1.37093551E-01  8.51273288E-01  9.88366839E-01  2.50000000E-02 -8.29785010E-09  1.45154798E-08 
     590  7.37500000E+02  3.62500000E+02 -5.61127821E-01  1.54949466E+00  9.88366839E-01  2.50000000E-02 -7.32901568E-09  3.13117262E-09 
     591  7.62500000E+02  3.62500000E+02 -6.32209528E-01  1.62057637E+00  9.88366839E-01  2.50000000E-02 -7.60128270E-09  6.34551023E-09 
     592  7.87500000E+02  3.62500000E+02  1.59330829E-01  8.29036010E-01  9.88366839E-01  2.50000000E-02 -1.11921778E-08  7.88404304E-09 
     593  8.12500000E+02  3.62500000E+02 -8.43544998E-01  1.83191184E+00  9.88366840E-01  2.50000000E-02 -1.25418030E-08  4.03524293E-08 
     594  8.37500000E+02  3.62500000E+02 -7.98577645E-01  1.78694448E+00  9.88366839E-01  2.50000000E-02 -1.23984693E-08  1.97397460E-08 
     595  8.62500000E+02  3.62500000E+02  8.70439201E-01  1.17927639E-01  9.88366840E-01  2.50000000E-02 -9.26112892E-09  2.84376629E-08 
     596  8.87500000E+02  3.62500000E+02 -5.89937129E-01  1.57830397E+00  9.88366839E-01  2.50000000E-02 -5.91822631E-09  1.04954014E-08 
     597  9.12500000E+02  3.62500000E+02  9.76380787E-01  1.19860515E-02  9.88366839E-01  2.50000000E-02  3.01347180E-08  3.77821477E-08 
     598  9.37500000E+02  3.62500000E+02  3.75203281E-01  6.13163557E-01  9.88366837E-01  2.50000000E-02  5.06185550E-09  2.99718950E-08 
     599  9.62500000E+02  3.62500000E+02  9.65871543E-03  9.78708122E-01  9.88366837E-01  2.50000000E-02  3.34281920E-09  8.04456692E-09 
     600  9.87500000E+02  3.62500000E+02  1.09596903E-01  8.78769934E-01  9.88366837E-01  2.50000000E-02  1.19608869E-09  1.95262765E-08 
     601  1.25000000E+01  3.87500000E+02  1.55109543E-01  8.33257284E-01  9.88366826E-01  2.50000000E-02 -1.30275110E-10 -1.22567361E-08 
     602  3.75000000E+01  3.87500000E+02 -7.71215314E-01  1.75958214E+00  9.88366826E-01  2.50000000E-02 -1.05168165E-09 -3.65840005E-09 
     603  6.25000000E+01  3.87500000E+02 -6.58958607E-01  1.64732543E+00  9.88366825E-01  2.50000000E-02 -4.06633221E-09 -1.21191190E-08 
     604  8.75000000E+01  3.87500000E+02 -5.58975465E-02  1.04426437E+00  9.88366825E-01  2.50000000E-02 -1.40273401E-08 -2.06480118E-08 
     605  1.12500000E+02  3.87500000E+02  5.28193489E-01  4.60173337E-01  9.88366826E-01  2.50000000E-02 -4.37644399E-08 -4.68658873E-08 
     606  1.37500000E+02  3.87500000E+02  6.72831520E-01  3.15535307E-01  9.88366828E-01  2.50000000E-02 -8.04321042E-08 -1.46876404E-08 
     607  1.62500000E+02  3.87500000E+02  4.06350372E-01  5.82016447E-01  9.88366819E-01  2.50000000E-02 -1.53077970E-07 -2.00653317E-07 
     608  1.87500000E+02  3.87500000E+02  3.95698919E-02  9.48796940E-01  9.88366832E-01  2.50000000E-02 -1.48077138E-07 -5.59222379E-08 
     609  2.12500000E+02  3.87500000E+02 -1.17352384E-02  1.00010206E+00  9.88366826E-01  2.50000000E-02 -1.35872878E-07 -5.68336727E-08 
     610  2.37500000E+02  3.87500000E+02 -5.69130758E-01  1.55749759E+00  9.88366827E-01  2.50000000E-02 -1.35806219E-07 -1.36877792E-07 
     611  2.62500000E+02  3.87500000E+02  3.82325208E-01  6.06041616E-01  9.88366824E-01  2.50000000E-02 -1.38088247E-07 -1.59804966E-07 
     612  2.87500000E+02  3.87500000E+02  8.00741049E-01  1.87625782E-01  9.88366832E-01  2.50000000E-02 -1.61993951E-07  5.95390626E-08 
     613  3.12500000E+02  3.87500000E+02 -4.36175349E-01  1.42454218E+00  9.88366830E-01  2.50000000E-02 -1.40579554E-07  1.33842540E-07 
     614  3.37500000E+02  3.87500000E+02 -1.47161939E-02  1.00308302E+00  9.88366831E-01  2.50000000E-02 -1.35759374E-07  2.07942158E-08 
     615  3.62500000E+02  3.87500000E+02 -7.06845146E-01  1.69521197E+00  9.88366829E-01  2.50000000E-02 -1.31516326E-07  2.01524835E-08 
     616  3.87500000E+02  3.87500000E+02  4.85538138E-02  9.39813022E-01  9.88366836E-01  2.50000000E-02 -1.07275950E-07  9.39085111E-08 
     617  4.12500000E+02  3.87500000E+02 -7.71735505E-01  1.76010233E+00  9.88366829E-01  2.50000000E-02 -8.31692416E-08  3.95598869E-08 
     618  4.37500000E+02  3.87500000E+02  1.87056193E-01  8.01310635E-01  9.88366828E-01  2.50000000E-02 -8.29041269E-08  6.75823244E-08 
     619  4.62500000E+02  3.87500000E+02  8.80330275E-01  1.08036557E-01  9.88366831E-01  2.50000000E-02 -9.27685709E-08  2.02259901E-08 
     620  4.87500000E+02  3.87500000E+02  3.42345162E-01  6.46021674E-01  9.88366836E-01  2.50000000E-02 -2.80331715E-08  1.48280476E-09 
     621  5.12500000E+02  3.87500000E+02 -8.72640495E-01  1.86100733E+00  9.88366833E-01  2.50000000E-02 -2.94170800E-08  1.03496273E-08 
     622  5.37500000E+02  3.87500000E+02  2.94931678E-01  6.93435159E-01  9.88366837E-01  2.50000000E-02 -2.40605215E-08  2.14432488E-08 
     623  5.62500000E+02  3.87500000E+02 -6.37404482E-01  1.62577132E+00  9.88366836E-01  2.50000000E-02 -7.04790424E-09  8.43981198E-09 
     624  5.87500000E+02  3.87500000E+02 -4.38549149E-01  1.42691598E+00  9.88366835E-01  2.50000000E-02 -5.59381490E-09  3.49345397E-08 
     625  6.12500000E+02  3.87500000E+02  3.51708111E-01  6.36658725E-01  9.88366836E-01  2.50000000E-02 -1.03765729E-08  7.96180136E-09 
     626  6.37500000E+02  3.87500000E+02  6.49206713E-02  9.23446164E-01  9.88366836E-01  2.50000000E-02 -1.24366236E-08  3.56863374E-08 
     627  6.62500000E+02  3.87500000E+02  9.18175539E-01  7.01912983E-02  9.88366837E-01  2.50000000E-02 -2.80733981E-08  4.43782229E-08 
     628  6.87500000E+02  3.87500000E+02 -9.20605568E-01  1.90897241E+00  9.88366840E-01  2.50000000E-02  1.51764490E-09  7.71717294E-09 
     629  7.12500000E+02  3.87500000E+02  4.03094956E-01  5.85271883E-01  9.88366839E-01  2.50000000E-02  2.24105039E-09  2.24592569E-08 
     630  7.37500000E+02  3.87500000E+02  1.94257328E-01  7.94109510E-01  9.88366839E-01  2.50000000E-02 -5.68301026E-10  9.25146891E-09 
     631  7.62500000E+02  3.87500000E+02 -4.74625661E-01  1.46299250E+00  9.88366840E-01  2.50000000E-02 -1.27710907E-10  6.44910526E-09 
     632  7.87500000E+02  3.87500000E+02 -3.33009062E-01  1.32137590E+00  9.88366839E-01  2.50000000E-02  7.60695149E-10  1.27977698E-08 
     633  8.12500000E+02  3.87500000E+02 -1.39707627E-01  1.12807447E+00  9.88366840E-01  2.50000000E-02  1.33026554E-09  3.95663938E-08 
     634  8.37500000E+02  3.87500000E+02  8.25223234E-01  1.63143604E-01  9.88366838E-01  2.50000000E-02  1.26868328E-08  3.92958239E-08 
     635  8.62500000E+02  3.87500000E+02  9.51776039E-01  3.65907992E-02  9.88366838E-01  2.50000000E-02  1.31102284E-08  6.35877946E-08 
     636  8.87500000E+02  3.87500000E+02  3.19834321E-01  6.68532516E-01  9.88366838E-01  2.50000000E-02  9.30221311E-09  1.56357315E-08 
     637  9.12500000E+02  3.87500000E+02  8.76020387E-01  1.12346450E-01  9.88366838E-01  2.50000000E-02  6.24560932E-09  9.23185094E-09 
     638  9.37500000E+02  3.87500000E+02 -3.08319958E-01  1.29668680E+00  9.88366837E-01  2.50000000E-02 -5.50159408E-09  2.02622954E-08 
     639  9.62500000E+02  3.87500000E+02 -6.58719114E-01  1.64708595E+00  9.88366838E-01  2.50000000E-02 -4.07896449E-09  6.73011272E-09 
     640  9.87500000E+02  3.87500000E+02 -2.55844584E-01  1.24421142E+00  9.88366837E-01  2.50000000E-02 -1.15578328E-09  1.90443069E-08 
     641  1.25000000E+01  4.12500000E+02 -1.14667748E-01  1.10303457E+00  9.88366826E-01  2.50000000E-02  2.03213850E-09 -1.29279224E-08 
     642  3.75000000E+01  4.12500000E+02 -1.19798821E-01  1.10816565E+00  9.88366825E-01  2.50000000E-02  4.01527935E-09 -2.86509427E-09 
     643  6.25000000E+01  4.12500000E+02 -1.99528805E-01  1.18789563E+00  9.88366824E-01  2.50000000E-02  3.03722588E-10 -9.67606807E-09 
     644  8.75000000E+01  4.12500000E+02  4.43166795E-01  5.45200031E-01  9.88366825E-01  2.50000000E-02 -1.53408902E-08 -1.61925096E-08 
     645  1.12500000E+02  4.12500000E+02  6.67500279E-01  3.20866546E-01  9.88366825E-01  2.50000000E-02 -3.80804995E-08 -4.32652296E-08 
     646  1.37500000E+02  4.12500000E+02  6.79524660E-01  3.08842166E-01  9.88366826E-01  2.50000000E-02 -6.00519091E-08 -3.51290805E-09 
     647  1.62500000E+02  4.12500000E+02  7.83519136E-01  2.04847688E-01  9.88366824E-01  2.50000000E-02 -1.08378904E-07 -1.75605766E-07 
     648  1.87500000E+02  4.12500000E+02  5.42671422E-02  9.34099693E-01  9.88366835E-01  2.50000000E-02 -8.66127517E-08 -1.81191858E-08 
     649  2.12500000E+02  4.12500000E+02 -9.57887589E-02  1.08415559E+00  9.88366830E-01  2.50000000E-02 -9.15778749E-08 -3.35959795E-08 
     650  2.37500000E+02  4.12500000E+02 -7.04305250E-01  1.69267208E+00  9.88366832E-01  2.50000000E-02 -1.03611474E-07 -1.04441990E-07 
     651  2.62500000E+02  4.12500000E+02 -5.88823646E-01  1.57719047E+00  9.88366827E-01  2.50000000E-02 -1.19375277E-07 -1.45888143E-07 
     652  2.87500000E+02  4.12500000E+02 -5.23053373E-01  1.51142021E+00  9.88366832E-01  2.50000000E-02 -1.35800231E-07  9.43853973E-09 
     653  3.12500000E+02  4.12500000E+02 -8.25401872E-01  1.81376870E+00  9.88366833E-01  2.50000000E-02 -1.35567511E-07  1.27205706E-07 
     654  3.37500000E+02  4.12500000E+02  5.25067566E-01  4.63299264E-01  9.88366830E-01  2.50000000E-02 -1.22760472E-07  2.57431971E-08 
     655  3.62500000E+02  4.12500000E+02 -7.83024329E-01  1.77139116E+00  9.88366831E-01  2.50000000E-02 -1.15821302E-07  1.44840028E-08 
     656  3.87500000E+02  4.12500000E+02  5.73640254E-01  4.14726577E-01  9.88366831E-01  2.50000000E-02 -9.56076710E-08  8.26035352E-08 
     657  4.12500000E+02  4.12500000E+02  6.58338337E-01  3.30028490E-01  9.88366828E-01  2.50000000E-02 -8.66106975E-08  7.87749940E-09 
     658  4.37500000E+02  4.12500000E+02  8.36372757E-01  1.51994074E-01  9.88366832E-01  2.50000000E-02 -7.51039927E-08 -3.47990477E-09 
     659  4.62500000E+02  4.12500000E+02 -5.76557963E-01  1.56492480E+00  9.88366834E-01  2.50000000E-02 -1.00273886E-08  2.68568862E-08 
     660  4.87500000E+02  4.12500000E+02 -5.98355215E-01  1.58672205E+00  9.88366834E-01  2.50000000E-02 -8.02169960E-09  4.97960884E-09 
     661  5.12500000E+02  4.12500000E+02 -4.70305079E-01  1.45867191E+00  9.88366834E-01  2.50000000E-02 -7.31028536E-09  9.19774096E-09 
     662  5.37500000E+02  4.12500000E+02  9.68222219E-01  2.01446156E-02  9.88366835E-01  2.50000000E-02 -2.27426370E-08  5.57374482E-08 
     663  5.62500000E+02  4.12500000E+02  4.24524568E-01  5.63842267E-01  9.88366836E-01  2.50000000E-02  7.39504465E-09  1.32528745E-08 
     664  5.87500000E+02  4.12500000E+02 -1.70848611E-02  1.00545170E+00  9.88366837E-01  2.50000000E-02  1.30623304E-08  2.45021443E-08 
     665  6.12500000E+02  4.12500000E+02 -3.59020408E-01  1.34738724E+00  9.88366836E-01  2.50000000E-02  1.56307461E-08  8.26852606E-09 
     666  6.37500000E+02  4.12500000E+02 -5.20579146E-02  1.04042475E+00  9.88366838E-01  2.50000000E-02  2.11520385E-08  3.69188949E-08 
     667  6.62500000E+02  4.12500000E+02 -3.64641074E-01  1.35300791E+00  9.88366836E-01  2.50000000E-02  2.59962455E-08  2.34113371E-08 
     668  6.87500000E+02  4.12500000E+02  8.98391509E-01  8.99753285E-02  9.88366838E-01  2.50000000E-02 -2.24235724E-09  4.29575240E-08 
     669  7.12500000E+02  4.12500000E+02  6.22015577E-01  3.66351261E-01  9.88366838E-01  2.50000000E-02 -8.62143100E-09  3.39508703E-08 
     670  7.37500000E+02  4.12500000E+02 -1.48513640E-01  1.13688048E+00  9.88366839E-01  2.50000000E-02 -5.96953504E-09  1.28210847E-08 
     671  7.62500000E+02  4.12500000E+02  8.27164934E-01  1.61201903E-01  9.88366837E-01  2.50000000E-02 -1.64002067E-09  3.82287434E-08 
     672  7.87500000E+02  4.12500000E+02  6.44029528E-01  3.44337310E-01  9.88366838E-01  2.50000000E-02 -6.38861792E-09  2.58886507E-08 
     673  8.12500000E+02  4.12500000E+02 -6.87756908E-01  1.67612375E+00  9.88366838E-01  2.50000000E-02 -4.58450482E-09  3.34084418E-08 
     674  8.37500000E+02  4.12500000E+02  2.82743241E-01  7.05623595E-01  9.88366836E-01  2.50000000E-02 -9.44536517E-09  3.25582218E-08 
     675  8.62500000E+02  4.12500000E+02 -3.05489254E-02  1.01891576E+00  9.88366837E-01  2.50000000E-02 -1.57292101E-08  6.01675427E-08 
     676  8.87500000E+02  4.12500000E+02  2.06506390E-01  7.81860448E-01  9.88366838E-01  2.50000000E-02 -1.60772540E-08  1.37170934E-08 
     677  9.12500000E+02  4.12500000E+02 -5.37229149E-01  1.52559599E+00  9.88366838E-01  2.50000000E-02 -1.44371456E-08  8.27992965E-09 
     678  9.37500000E+02  4.12500000E+02 -5.68518548E-01  1.55688539E+00  9.88366838E-01  2.50000000E-02 -1.38054912E-08  1.84502249E-08 
     679  9.62500000E+02  4.12500000E+02  8.97037579E-01  9.13292576E-02  9.88366837E-01  2.50000000E-02 -4.32268973E-09  1.96122902E-08 
     680  9.87500000E+02  4.12500000E+02  3.11866661E-01  6.76500176E-01  9.88366837E-01  2.50000000E-02 -2.44178646E-10  1.94791863E-08 
     681  1.25000000E+01  4.37500000E+02 -5.21525428E-01  1.50989225E+00  9.88366826E-01  2.50000000E-02  4.34799680E-10 -1.50090600E-08 
     682  3.75000000E+01  4.37500000E+02  5.82371908E-01  4.05994918E-01  9.88366826E-01  2.50000000E-02  6.39647518E-09 -7.98581510E-09 
     683  6.25000000E+01  4.37500000E+02  8.74393557E-01  1.13973267E-01  9.88366824E-01  2.50000000E-02  2.94001780E-08 -1.77833553E-08 
     684  8.75000000E+01  4.37500000E+02 -3.58850876E-01  1.34721770E+00  9.88366824E-01  2.50000000E-02  3.60664810E-08 -1.76676861E-08 
     685  1.12500000E+02  4.37500000E+02  8.06857612E-01  1.81509212E-01  9.88366825E-01  2.50000000E-02  3.95072907E-08 -4.11884845E-08 
     686  1.37500000E+02  4.37500000E+02  8.47045990E-01  1.41320835E-01  9.88366825E-01  2.50000000E-02  5.37093639E-08 -1.32589660E-08 
     687  1.62500000E+02  4.37500000E+02 -3.74242936E-01  1.36260976E+00  9.88366827E-01  2.50000000E-02  8.31897746E-08 -9.30796810E-08 
     688  1.87500000E+02  4.37500000E+02 -2.19686907E-01  1.20805373E+00  9.88366827E-01  2.50000000E-02  8.62490577E-08  6.28849532E-09 
     689  2.12500000E+02  4.37500000E+02 -9.39235959E-01  1.92760278E+00  9.88366823E-01  2.50000000E-02  7.78524390E-08 -2.42114510E-08 
     690  2.37500000E+02  4.37500000E+02 -6.61510006E-01  1.64987683E+00  9.88366823E-01  2.50000000E-02  6.37626067E-08 -8.55817706E-08 
     691  2.62500000E+02  4.37500000E+02  5.06867385E-01  4.81499443E-01  9.88366828E-01  2.50000000E-02 -7.46044738E-09 -1.00968216E-07 
     692  2.87500000E+02  4.37500000E+02 -4.21473287E-01  1.40984012E+00  9.88366833E-01  2.50000000E-02 -3.45952505E-08  8.90946089E-09 
     693  3.12500000E+02  4.37500000E+02  7.66276348E-01  2.22090485E-01  9.88366833E-01  2.50000000E-02 -4.34223764E-08  1.33094126E-07 
     694  3.37500000E+02  4.37500000E+02 -8.48013906E-01  1.83638074E+00  9.88366832E-01  2.50000000E-02 -5.67555328E-08  3.51658789E-08 
     695  3.62500000E+02  4.37500000E+02  1.49155181E-01  8.39211652E-01  9.88366832E-01  2.50000000E-02 -5.68793447E-08  1.48584266E-08 
     696  3.87500000E+02  4.37500000E+02 -1.48167384E-01  1.13653422E+00  9.88366831E-01  2.50000000E-02 -5.84675506E-08  4.57818900E-08 
     697  4.12500000E+02  4.37500000E+02 -8.19904568E-01  1.80827140E+00  9.88366832E-01  2.50000000E-02 -6.01425477E-08 -1.02549827E-08 
     698  4.37500000E+02  4.37500000E+02 -1.08633900E-01  1.09700073E+00  9.88366831E-01  2.50000000E-02 -6.07054581E-08 -4.98402134E-08 
     699  4.62500000E+02  4.37500000E+02  7.80516317E-01  2.07850516E-01  9.88366834E-01  2.50000000E-02 -5.55678697E-08  3.28195911E-08 
     700  4.87500000E+02  4.37500000E+02  4.72469267E-01  5.15897568E-01  9.88366835E-01  2.50000000E-02 -2.51631799E-08  3.75776802E-09 
     701  5.12500000E+02  4.37500000E+02  4.65935691E-01  5.22431143E-01  9.88366834E-01  2.50000000E-02 -2.00946720E-08  5.91377469E-09 
     702  5.37500000E+02  4.37500000E+02  5.45168541E-01  4.43198292E-01  9.88366833E-01  2.50000000E-02 -2.27210988E-08 -4.96037496E-09 
     703  5.62500000E+02  4.37500000E+02  8.40862699E-01  1.47504135E-01  9.88366835E-01  2.50000000E-02 -3.55713593E-08  1.59286219E-08 
     704  5.87500000E+02  4.37500000E+02  2.23931685E-01  7.64435154E-01  9.88366839E-01  2.50000000E-02 -1.14382520E-09  2.32161487E-08 
     705  6.12500000E+02  4.37500000E+02  7.57971950E-01  2.30394886E-01  9.88366836E-01  2.50000000E-02  1.33299519E-08  1.69233535E-08 
     706  6.37500000E+02  4.37500000E+02  6.26097992E-01  3.62268843E-01  9.88366835E-01  2.50000000E-02  5.53776850E-09  5.54400838E-08 
     707  6.62500000E+02  4.37500000E+02 -3.11012525E-01  1.29937936E+00  9.88366836E-01  2.50000000E-02  4.14370794E-09  2.25732269E-08 
     708  6.87500000E+02  4.37500000E+02  4.87651479E-01  5.00715356E-01  9.88366834E-01  2.50000000E-02 -1.50025936E-09  2.38464321E-08 
     709  7.12500000E+02  4.37500000E+02  1.48012393E-01  8.40354442E-01  9.88366835E-01  2.50000000E-02 -1.24769095E-08  2.26868562E-08 
     710  7.37500000E+02  4.37500000E+02  8.30803344E-01  1.57563493E-01  9.88366837E-01  2.50000000E-02 -4.47092164E-08  3.98516651E-08 
     711  7.62500000E+02  4.37500000E+02  1.16134439E-03  9.87205492E-01  9.88366837E-01  2.50000000E-02 -6.15406447E-08  4.59167513E-08 
     712  7.87500000E+02  4.37500000E+02  2.39835834E-01  7.48531003E-01  9.88366837E-01  2.50000000E-02 -6.20698365E-08  2.53792290E-08 
     713  8.12500000E+02  4.37500000E+02 -5.16214511E-01  1.50458135E+00  9.88366840E-01  2.50000000E-02 -5.06413376E-08  3.09139183E-08 
     714  8.37500000E+02  4.37500000E+02  4.95133606E-01  4.93233229E-01  9.88366835E-01  2.50000000E-02 -3.06478852E-08  2.04375560E-08 
     715  8.62500000E+02  4.37500000E+02  8.93104765E-01  9.52620727E-02  9.88366837E-01  2.50000000E-02 -3.73601035E-08  3.80748722E-08 
     716  8.87500000E+02  4.37500000E+02 -9.15906093E-02  1.07995745E+00  9.88366839E-01  2.50000000E-02 -1.05935233E-09  1.47802195E-08 
     717  9.12500000E+02  4.37500000E+02 -2.09695417E-01  1.19806226E+00  9.88366839E-01  2.50000000E-02  8.74348949E-11  1.01567395E-08 
     718  9.37500000E+02  4.37500000E+02  8.32850438E-01  1.55516399E-01  9.88366838E-01  2.50000000E-02  1.03590460E-08  1.79554711E-08 
     719  9.62500000E+02  4.37500000E+02  1.17914853E-01  8.70451984E-01  9.88366836E-01  2.50000000E-02  7.75484499E-10  1.57661676E-08 
     720  9.87500000E+02  4.37500000E+02 -4.81887803E-01  1.47025464E+00  9.88366836E-01  2.50000000E-02 -8.81126986E-12  1.55435677E-08 
     721  1.25000000E+01  4.62500000E+02  2.30331549E-02  9.65333671E-01  9.88366826E-01  2.50000000E-02 -2.08873570E-10 -1.68012211E-08 
     722  3.75000000E+01  4.62500000E+02 -3.31036185E-01  1.31940301E+00  9.88366826E-01  2.50000000E-02 -1.73518304E-09 -1.01969268E-08 
     723  6.25000000E+01  4.62500000E+02 -9.54557258E-02  1.08382255E+00  9.88366826E-01  2.50000000E-02 -2.88163703E-09 -5.67497265E-09 
     724  8.75000000E+01  4.62500000E+02  5.41319075E-01  4.47047751E-01  9.88366826E-01  2.50000000E-02 -6.20923756E-09 -1.97402133E-08 
     725  1.12500000E+02  4.62500000E+02  4.97923663E-01  4.90443164E-01  9.88366827E-01  2.50000000E-02 -6.07260533E-09 -2.58780168E-08 
     726  1.37500000E+02  4.62500000E+02  1.37524556E-01  8.50842271E-01  9.88366827E-01  2.50000000E-02  1.16020099E-09 -9.39212088E-09 
     727  1.62500000E+02  4.62500000E+02 -6.05547264E-01  1.59391409E+00  9.88366826E-01  2.50000000E-02 -3.14519158E-11 -8.86922207E-08 
     728  1.87500000E+02  4.62500000E+02  6.21008015E-01  3.67358813E-01  9.88366828E-01  2.50000000E-02 -1.03727477E-08  1.70980509E-09 
     729  2.12500000E+02  4.62500000E+02  9.48864050E-02  8.93480419E-01  9.88366824E-01  2.50000000E-02 -2.91964612E-08 -3.73783590E-08 
     730  2.37500000E+02  4.62500000E+02  6.95596543E-01  2.92770284E-01  9.88366827E-01  2.50000000E-02 -6.47544141E-08 -9.45001008E-08 
     731  2.62500000E+02  4.62500000E+02 -2.82454880E-01  1.27082170E+00  9.88366822E-01  2.50000000E-02 -1.13394804E-07 -7.86597404E-08 
     732  2.87500000E+02  4.62500000E+02  5.94399696E-01  3.93967133E-01  9.88366829E-01  2.50000000E-02 -1.23470254E-07 -3.44282657E-10 
     733  3.12500000E+02  4.62500000E+02 -9.60996431E-02  1.08446647E+00  9.88366831E-01  2.50000000E-02 -8.60390744E-08  1.21340046E-07 
     734  3.37500000E+02  4.62500000E+02 -3.82105376E-01  1.37047220E+00  9.88366828E-01  2.50000000E-02 -8.33927249E-08  2.84734979E-08 
     735  3.62500000E+02  4.62500000E+02  4.41596235E-01  5.46770596E-01  9.88366831E-01  2.50000000E-02 -8.60940986E-08  1.32484605E-08 
     736  3.87500000E+02  4.62500000E+02 -8.80956593E-01  1.86932342E+00  9.88366831E-01  2.50000000E-02 -7.36332042E-08  3.83929734E-08 
     737  4.12500000E+02  4.62500000E+02  3.44103553E-01  6.44263277E-01  9.88366830E-01  2.50000000E-02 -6.28777581E-08 -1.36339564E-08 
     738  4.37500000E+02  4.62500000E+02 -6.67223646E-01  1.65559047E+00  9.88366829E-01  2.50000000E-02 -6.03775178E-08 -5.84285369E-08 
     739  4.62500000E+02  4.62500000E+02  9.47055340E-01  4.13114918E-02  9.88366832E-01  2.50000000E-02 -6.71699167E-08  2.57913858E-08 
     740  4.87500000E+02  4.62500000E+02 -3.31682521E-01  1.32004935E+00  9.88366834E-01  2.50000000E-02 -4.03291153E-10  1.45729245E-09 
     741  5.12500000E+02  4.62500000E+02 -7.27119042E-01  1.71548588E+00  9.88366834E-01  2.50000000E-02 -2.80234672E-10  2.20010264E-09 
     742  5.37500000E+02  4.62500000E+02  4.57750880E-01  5.30615954E-01  9.88366833E-01  2.50000000E-02 -1.91142910E-09 -3.75932981E-09 
     743  5.62500000E+02  4.62500000E+02 -9.99289089E-01  1.98765592E+00  9.88366834E-01  2.50000000E-02 -3.53574055E-09  1.33616355E-09 
     744  5.87500000E+02  4.62500000E+02  8.67866651E-01  1.20500183E-01  9.88366834E-01  2.50000000E-02 -6.34961085E-09  5.90714298E-08 
     745  6.12500000E+02  4.62500000E+02 -7.98927735E-02  1.06825961E+00  9.88366834E-01  2.50000000E-02 -6.59022161E-09  9.13319400E-09 
     746  6.37500000E+02  4.62500000E+02  2.82823129E-01  7.05543704E-01  9.88366832E-01  2.50000000E-02 -1.18465837E-08  4.45221874E-08 
     747  6.62500000E+02  4.62500000E+02 -7.17620941E-01  1.70598778E+00  9.88366837E-01  2.50000000E-02 -4.07689831E-09  2.47099797E-08 
     748  6.87500000E+02  4.62500000E+02 -7.01660539E-01  1.69002737E+00  9.88366836E-01  2.50000000E-02 -1.08453275E-09  2.49394616E-08 
     749  7.12500000E+02  4.62500000E+02 -4.17054967E-01  1.40542180E+00  9.88366835E-01  2.50000000E-02 -3.43668281E-09  1.54868972E-08 
     750  7.37500000E+02  4.62500000E+02 -1.97769449E-01  1.18613629E+00  9.88366837E-01  2.50000000E-02 -3.24557900E-09  5.12290975E-08 
     751  7.62500000E+02  4.62500000E+02 -8.30364190E-01  1.81873103E+00  9.88366836E-01  2.50000000E-02 -1.77607170E-09  4.27093284E-08 
     752  7.87500000E+02  4.62500000E+02  5.93635457E-01  3.94731380E-01  9.88366837E-01  2.50000000E-02 -5.39939348E-09  2.13846172E-08 
     753  8.12500000E+02  4.62500000E+02  7.04729898E-01  2.83636939E-01  9.88366837E-01  2.50000000E-02 -7.03256564E-10  4.24205407E-08 
     754  8.37500000E+02  4.62500000E+02 -7.00610497E-02  1.05842789E+00  9.88366836E-01  2.50000000E-02 -5.54593516E-10  7.61328414E-09 
     755  8.62500000E+02  4.62500000E+02 -8.14516724E-01  1.80288356E+00  9.88366836E-01  2.50000000E-02 -1.14634012E-09  1.63040329E-09 
     756  8.87500000E+02  4.62500000E+02  6.34207618E-01  3.54159219E-01  9.88366837E-01  2.50000000E-02  2.35249021E-10  1.95903312E-08 
     757  9.12500000E+02  4.62500000E+02  5.73517688E-01  4.14849149E-01  9.88366837E-01  2.50000000E-02  3.75482425E-09  1.83980406E-08 
     758  9.37500000E+02  4.62500000E+02 -7.90801234E-01  1.77916807E+00  9.88366836E-01  2.50000000E-02  2.69271043E-09  3.06742717E-09 
     759  9.62500000E+02  4.62500000E+02  7.31669728E-01  2.56697109E-01  9.88366837E-01  2.50000000E-02 -1.87361517E-09  1.50903420E-08 
     760  9.87500000E+02  4.62500000E+02  2.14049060E-02  9.66961931E-01  9.88366837E-01  2.50000000E-02 -3.08776891E-10  1.30571054E-08 
     761  1.25000000E+01  4.87500000E+02 -8.92157871E-01  1.88052470E+00  9.88366827E-01  2.50000000E-02  5.10267348E-11 -1.51177976E-08 
     762  3.75000000E+01  4.87500000E+02  8.47139597E-01  1.41227229E-01  9.88366826E-01  2.50000000E-02  4.79024309E-10 -8.96324578E-09 
     763  6.25000000E+01  4.87500000E+02  9.07970650E-02  8.97569761E-01  9.88366826E-01  2.50000000E-02 -2.21079410E-09 -3.97435196E-09 
     764  8.75000000E+01  4.87500000E+02 -4.59866617E-01  1.44823344E+00  9.88366826E-01  2.50000000E-02 -2.18699653E-09 -1.01936017E-08 
     765  1.12500000E+02  4.87500000E+02  5.16185763E-01  4.72181063E-01  9.88366826E-01  2.50000000E-02 -4.14043265E-09 -2.32400412E-08 
     766  1.37500000E+02  4.87500000E+02 -7.13203339E-01  1.70157017E+00  9.88366827E-01  2.50000000E-02 -2.47087247E-09 -8.34905443E-09 
     767  1.62500000E+02  4.87500000E+02 -3.39224994E-01  1.32759182E+00  9.88366823E-01  2.50000000E-02 -1.07925557E-08 -9.22341494E-08 
     768  1.87500000E+02  4.87500000E+02 -4.02609231E-01  1.39097606E+00  9.88366826E-01  2.50000000E-02 -2.22396299E-08 -1.06355074E-08 
     769  2.12500000E+02  4.87500000E+02  7.36295286E-01  2.52071543E-01  9.88366829E-01  2.50000000E-02 -5.93552110E-08 -6.70300421E-08 
     770  2.37500000E+02  4.87500000E+02  2.15175153E-01  7.73191677E-01  9.88366830E-01  2.50000000E-02 -6.93870811E-08 -5.99573909E-08 
     771  2.62500000E+02  4.87500000E+02  9.58307377E-01  3.00594499E-02  9.88366827E-01  2.50000000E-02 -7.16270213E-08 -1.25916019E-07 
     772  2.87500000E+02  4.87500000E+02  4.14549800E-01  5.73817033E-01  9.88366833E-01  2.50000000E-02 -1.37009427E-08 -6.50664792E-09 
     773  3.12500000E+02  4.87500000E+02  3.57400243E-01  6.30966589E-01  9.88366832E-01  2.50000000E-02 -1.43706068E-08  1.19863010E-07 
     774  3.37500000E+02  4.87500000E+02  6.72171383E-02  9.21149695E-01  9.88366833E-01  2.50000000E-02 -1.45267676E-08  1.47135603E-08 
     775  3.62500000E+02  4.87500000E+02 -4.36419991E-02  1.03200883E+00  9.88366832E-01  2.50000000E-02 -1.61981310E-08  1.11054615E-08 
     776  3.87500000E+02  4.87500000E+02 -2.97094604E-01  1.28546144E+00  9.88366832E-01  2.50000000E-02 -1.94778873E-08  3.51857613E-08 
     777  4.12500000E+02  4.87500000E+02  3.84800043E-01  6.03566789E-01  9.88366832E-01  2.50000000E-02 -2.63174350E-08 -1.58279093E-08 
     778  4.37500000E+02  4.87500000E+02 -4.43349061E-01  1.43171589E+00  9.88366829E-01  2.50000000E-02 -4.60617873E-08 -6.79594821E-08 
     779  4.62500000E+02  4.87500000E+02  1.00492587E-01  8.87874245E-01  9.88366832E-01  2.50000000E-02 -5.35380238E-08 -9.73304972E-09 
     780  4.87500000E+02  4.87500000E+02 -2.99439289E-01  1.28780612E+00  9.88366834E-01  2.50000000E-02 -4.31316621E-08  1.53668147E-09 
     781  5.12500000E+02  4.87500000E+02 -4.52742072E-01  1.44110891E+00  9.88366833E-01  2.50000000E-02 -3.47426851E-08  9.80665818E-10 
     782  5.37500000E+02  4.87500000E+02 -6.59007674E-01  1.64737451E+00  9.88366833E-01  2.50000000E-02 -3.03226664E-08 -2.45156823E-09 
     783  5.62500000E+02  4.87500000E+02 -5.76309235E-01  1.56467607E+00  9.88366833E-01  2.50000000E-02 -2.70766760E-08 -6.40307488E-10 
     784  5.87500000E+02  4.87500000E+02 -8.12551513E-01  1.80091835E+00  9.88366833E-01  2.50000000E-02 -2.31514385E-08  4.52087809E-08 
     785  6.12500000E+02  4.87500000E+02 -8.28069798E-01  1.81643663E+00  9.88366833E-01  2.50000000E-02 -1.97765624E-08  4.88549077E-09 
     786  6.37500000E+02  4.87500000E+02 -8.90927969E-01  1.87929480E+00  9.88366832E-01  2.50000000E-02 -2.00938674E-08  3.17316381E-08 
     787  6.62500000E+02  4.87500000E+02  4.97326608E-01  4.91040226E-01  9.88366834E-01  2.50000000E-02 -3.26826566E-08  3.43153038E-08 
     788  6.87500000E+02  4.87500000E+02  5.52784999E-01  4.35581836E-01  9.88366835E-01  2.50000000E-02 -3.14621499E-08  2.69701006E-08 
     789  7.12500000E+02  4.87500000E+02 -5.92100234E-01  1.58046707E+00  9.88366834E-01  2.50000000E-02 -3.10290445E-08  9.77944783E-09 
     790  7.37500000E+02  4.87500000E+02  9.56743792E-01  3.16230438E-02  9.88366836E-01  2.50000000E-02 -2.71180402E-08  3.78122235E-08 
     791  7.62500000E+02  4.87500000E+02 -1.85259607E-01  1.17362644E+00  9.88366836E-01  2.50000000E-02  5.22007571E-09  3.72773301E-08 
     792  7.87500000E+02  4.87500000E+02 -6.28813263E-01  1.61718010E+00  9.88366835E-01  2.50000000E-02  3.41810534E-09  8.08319836E-09 
     793  8.12500000E+02  4.87500000E+02 -4.54073316E-01  1.44244015E+00  9.88366834E-01  2.50000000E-02 -7.59342835E-10  2.19191138E-08 
     794  8.37500000E+02  4.87500000E+02 -4.02023641E-02  1.02856920E+00  9.88366837E-01  2.50000000E-02 -3.50238309E-09  7.18178887E-09 
     795  8.62500000E+02  4.87500000E+02 -9.55158516E-01  1.94352535E+00  9.88366836E-01  2.50000000E-02 -9.30658458E-10  1.17341771E-09 
     796  8.87500000E+02  4.87500000E+02 -8.69613158E-01  1.85797999E+00  9.88366836E-01  2.50000000E-02 -1.97844407E-09  7.40692109E-09 
     797  9.12500000E+02  4.87500000E+02 -6.95422540E-01  1.68378938E+00  9.88366836E-01  2.50000000E-02 -4.80798760E-09  1.16056450E-08 
     798  9.37500000E+02  4.87500000E+02 -7.92456884E-01  1.78082372E+00  9.88366836E-01  2.50000000E-02 -5.75759963E-09  2.93784418E-09 
     799  9.62500000E+02  4.87500000E+02 -4.15251851E-01  1.40361869E+00  9.88366836E-01  2.50000000E-02 -5.40425163E-09  1.34045119E-08 
     800  9.87500000E+02  4.87500000E+02 -7.79383764E-01  1.76775060E+00  9.88366837E-01  2.50000000E-02 -2.28856825E-09  1.33018241E-08 
     801  1.25000000E+01  5.12500000E+02 -1.98694032E-01  1.18706086E+00  9.88366826E-01  2.50000000E-02  8.91339561E-11 -1.49608221E-08 
     802  3.75000000E+01  5.12500000E+02 -4.78622974E-01  1.46698980E+00  9.88366826E-01  2.50000000E-02  1.30636984E-09 -4.64867948E-09 
     803  6.25000000E+01  5.12500000E+02 -9.58897534E-01  1.94726436E+00  9.88366826E-01  2.50000000E-02  2.80486333E-09 -2.42662605E-09 
     804  8.75000000E+01  5.12500000E+02 -5.07965653E-02  1.03916339E+00  9.88366825E-01  2.50000000E-02  2.74434487E-09 -9.10510803E-09 
     805  1.12500000E+02  5.12500000E+02  6.52596013E-01  3.35770813E-01  9.88366826E-01  2.50000000E-02 -5.17732823E-09 -2.40952601E-08 
     806  1.37500000E+02  5.12500000E+02 -1.17375780E-02  1.00010440E+00  9.88366827E-01  2.50000000E-02 -6.52077112E-09 -9.33722748E-09 
     807  1.62500000E+02  5.12500000E+02  7.45253151E-02  9.13841511E-01  9.88366826E-01  2.50000000E-02 -7.78773701E-09 -9.94094488E-08 
     808  1.87500000E+02  5.12500000E+02 -6.49563682E-02  1.05332319E+00  9.88366826E-01  2.50000000E-02 -1.14202710E-08 -1.53584505E-08 
     809  2.12500000E+02  5.12500000E+02  8.08191733E-01  1.80175096E-01  9.88366829E-01  2.50000000E-02 -4.07687203E-08 -6.46443209E-08 
     810  2.37500000E+02  5.12500000E+02  2.21052568E-01  7.67314260E-01  9.88366829E-01  2.50000000E-02 -4.93526634E-08 -5.25906997E-08 
     811  2.62500000E+02  5.12500000E+02  8.05511088E-01  1.82855742E-01  9.88366829E-01  2.50000000E-02 -5.04618690E-08 -2.72044898E-08 
     812  2.87500000E+02  5.12500000E+02  4.40774896E-02  9.44289344E-01  9.88366833E-01  2.50000000E-02 -1.71457697E-08  1.82566013E-09 
     813  3.12500000E+02  5.12500000E+02 -1.61642956E-01  1.15000979E+00  9.88366832E-01  2.50000000E-02 -1.43579311E-08  1.22903958E-07 
     814  3.37500000E+02  5.12500000E+02 -9.76898104E-01  1.96526494E+00  9.88366833E-01  2.50000000E-02 -1.17789342E-08  1.72657979E-08 
     815  3.62500000E+02  5.12500000E+02  8.27916857E-02  9.05575146E-01  9.88366832E-01  2.50000000E-02 -8.03589331E-09  1.27343115E-08 
     816  3.87500000E+02  5.12500000E+02 -1.61012357E-01  1.14937919E+00  9.88366832E-01  2.50000000E-02 -7.75680884E-09  3.32475332E-08 
     817  4.12500000E+02  5.12500000E+02  5.20549297E-01  4.67817535E-01  9.88366832E-01  2.50000000E-02 -9.00213294E-09 -1.10541317E-08 
     818  4.37500000E+02  5.12500000E+02  2.25939986E-01  7.62426846E-01  9.88366832E-01  2.50000000E-02 -1.12803105E-08 -8.15395506E-08 
     819  4.62500000E+02  5.12500000E+02  8.43436565E-01  1.44930267E-01  9.88366832E-01  2.50000000E-02 -1.63807748E-08 -1.24540329E-08 
     820  4.87500000E+02  5.12500000E+02  2.73522224E-01  7.14844610E-01  9.88366834E-01  2.50000000E-02 -4.92810081E-09  3.94764488E-09 
     821  5.12500000E+02  5.12500000E+02 -3.70256768E-01  1.35862360E+00  9.88366834E-01  2.50000000E-02 -2.58098357E-09  7.54562340E-11 
     822  5.37500000E+02  5.12500000E+02 -1.86799403E-01  1.17516624E+00  9.88366833E-01  2.50000000E-02 -3.20225525E-09 -2.45144255E-09 
     823  5.62500000E+02  5.12500000E+02 -8.19173114E-01  1.80753995E+00  9.88366833E-01  2.50000000E-02 -4.95687675E-09 -3.18556445E-09 
     824  5.87500000E+02  5.12500000E+02  8.27341694E-01  1.61025141E-01  9.88366835E-01  2.50000000E-02 -1.47730868E-08  3.12734033E-08 
     825  6.12500000E+02  5.12500000E+02 -3.74597517E-01  1.36296435E+00  9.88366835E-01  2.50000000E-02 -1.37742940E-08  4.56479234E-09 
     826  6.37500000E+02  5.12500000E+02  4.44141516E-01  5.44225319E-01  9.88366835E-01  2.50000000E-02 -1.36744783E-08  1.95532714E-08 
     827  6.62500000E+02  5.12500000E+02 -9.92785098E-01  1.98115193E+00  9.88366835E-01  2.50000000E-02 -1.36459107E-08  3.15253901E-08 
     828  6.87500000E+02  5.12500000E+02 -1.45848634E-02  1.00295170E+00  9.88366834E-01  2.50000000E-02 -1.56124622E-08  2.03752847E-08 
     829  7.12500000E+02  5.12500000E+02 -4.48516774E-01  1.43688361E+00  9.88366836E-01  2.50000000E-02 -1.28784930E-08  6.42750740E-09 
     830  7.37500000E+02  5.12500000E+02 -9.41310020E-01  1.92967686E+00  9.88366836E-01  2.50000000E-02 -8.66787219E-09 -5.27301393E-10 
     831  7.62500000E+02  5.12500000E+02 -6.99160594E-01  1.68752743E+00  9.88366835E-01  2.50000000E-02 -7.76459039E-09  2.94885284E-08 
     832  7.87500000E+02  5.12500000E+02 -9.23100187E-01  1.91146702E+00  9.88366835E-01  2.50000000E-02 -7.83816142E-09  5.46752641E-09 
     833  8.12500000E+02  5.12500000E+02 -3.81021602E-02  1.02646900E+00  9.88366835E-01  2.50000000E-02 -7.86487489E-09  1.77466147E-08 
     834  8.37500000E+02  5.12500000E+02  7.64165111E-01  2.24201724E-01  9.88366836E-01  2.50000000E-02 -9.40386882E-09  1.12331317E-08 
     835  8.62500000E+02  5.12500000E+02 -9.54580350E-01  1.94294719E+00  9.88366836E-01  2.50000000E-02 -1.07182313E-09  1.23426139E-09 
     836  8.87500000E+02  5.12500000E+02 -6.71656305E-01  1.66002314E+00  9.88366836E-01  2.50000000E-02 -7.64974342E-10  7.12462627E-09 
     837  9.12500000E+02  5.12500000E+02 -1.39158553E-01  1.12752539E+00  9.88366836E-01  2.50000000E-02 -8.84487377E-10  1.06776395E-08 
     838  9.37500000E+02  5.12500000E+02  6.36652324E-01  3.51714512E-01  9.88366836E-01  2.50000000E-02 -2.47161472E-09  6.80334947E-09 
     839  9.62500000E+02  5.12500000E+02  6.13608273E-01  3.74758564E-01  9.88366836E-01  2.50000000E-02 -3.52794726E-09  1.12353438E-08 
     840  9.87500000E+02  5.12500000E+02  7.10892811E-01  2.77474025E-01  9.88366837E-01  2.50000000E-02 -1.63416281E-09  1.49497326E-08 
     841  1.25000000E+01  5.37500000E+02 -5.58057742E-02  1.04417260E+00  9.88366826E-01  2.50000000E-02 -1.06128947E-10 -1.61436883E-08 
     842  3.75000000E+01  5.37500000E+02  7.54977705E-02  9.12869056E-01  9.88366826E-01  2.50000000E-02 -8.13259326E-10 -4.60801389E-09 
     843  6.25000000E+01  5.37500000E+02 -7.54745601E-01  1.74311243E+00  9.88366826E-01  2.50000000E-02 -2.55861007E-09 -2.52074743E-09 
     844  8.75000000E+01  5.37500000E+02  8.38551358E-01  1.49815468E-01  9.88366827E-01  2.50000000E-02 -2.87126030E-08 -2.41941073E-08 
     845  1.12500000E+02  5.37500000E+02 -7.14267579E-01  1.70263441E+00  9.88366829E-01  2.50000000E-02 -3.03874217E-08 -7.87106674E-09 
     846  1.37500000E+02  5.37500000E+02  7.66191250E-01  2.22175578E-01  9.88366828E-01  2.50000000E-02 -2.35390177E-08 -2.17166234E-08 
     847  1.62500000E+02  5.37500000E+02 -1.51205253E-02  1.00348735E+00  9.88366829E-01  2.50000000E-02 -1.80703225E-08 -8.86699484E-08 
     848  1.87500000E+02  5.37500000E+02  1.73922527E-01  8.14444300E-01  9.88366827E-01  2.50000000E-02 -2.22188622E-08 -1.83589941E-08 
     849  2.12500000E+02  5.37500000E+02  5.53943166E-01  4.34423664E-01  9.88366831E-01  2.50000000E-02 -2.77757182E-08 -4.42556359E-08 
     850  2.37500000E+02  5.37500000E+02 -8.89105826E-01  1.87747266E+00  9.88366830E-01  2.50000000E-02 -1.76172538E-08 -4.41860704E-08 
     851  2.62500000E+02  5.37500000E+02 -5.81463339E-01  1.56983017E+00  9.88366830E-01  2.50000000E-02 -1.77838565E-08 -1.50628669E-08 
     852  2.87500000E+02  5.37500000E+02  6.79526210E-01  3.08840621E-01  9.88366831E-01  2.50000000E-02 -2.45180712E-08  1.11005758E-08 
     853  3.12500000E+02  5.37500000E+02  3.42334854E-01  6.46031977E-01  9.88366832E-01  2.50000000E-02 -1.99132510E-08  1.20109354E-07 
     854  3.37500000E+02  5.37500000E+02  7.51277662E-01  2.37089170E-01  9.88366832E-01  2.50000000E-02 -5.12857295E-09  2.58457676E-08 
     855  3.62500000E+02  5.37500000E+02  2.00360265E-01  7.88006566E-01  9.88366832E-01  2.50000000E-02  1.03056534E-08  1.28980963E-08 
     856  3.87500000E+02  5.37500000E+02 -3.85167497E-01  1.37353433E+00  9.88366833E-01  2.50000000E-02  1.66373967E-08  3.25075603E-08 
     857  4.12500000E+02  5.37500000E+02  2.99418132E-01  6.88948699E-01  9.88366831E-01  2.50000000E-02  2.37755244E-08 -8.60302346E-09 
     858  4.37500000E+02  5.37500000E+02 -5.27998769E-01  1.51636560E+00  9.88366831E-01  2.50000000E-02  2.36962234E-08 -8.73608446E-08 
     859  4.62500000E+02  5.37500000E+02  8.96312519E-01  9.20543134E-02  9.88366833E-01  2.50000000E-02 -2.90473836E-09 -9.35831425E-09 
     860  4.87500000E+02  5.37500000E+02 -9.42534601E-01  1.93090144E+00  9.88366834E-01  2.50000000E-02 -3.19132025E-11  4.71832741E-09 
     861  5.12500000E+02  5.37500000E+02  1.67468620E-01  8.20898214E-01  9.88366834E-01  2.50000000E-02  2.89239397E-10 -7.70871480E-11 
     862  5.37500000E+02  5.37500000E+02  9.81067012E-01  7.29982147E-03  9.88366834E-01  2.50000000E-02 -1.80888730E-08 -9.76515410E-09 
     863  5.62500000E+02  5.37500000E+02 -4.50558862E-01  1.43892570E+00  9.88366835E-01  2.50000000E-02 -4.67306807E-09 -1.99948776E-09 
     864  5.87500000E+02  5.37500000E+02 -4.81840688E-01  1.47020752E+00  9.88366833E-01  2.50000000E-02 -7.83709361E-09  1.69273720E-08 
     865  6.12500000E+02  5.37500000E+02 -5.85625669E-01  1.57399250E+00  9.88366834E-01  2.50000000E-02 -1.13615248E-08  7.56698757E-09 
     866  6.37500000E+02  5.37500000E+02 -3.44327821E-01  1.33269466E+00  9.88366835E-01  2.50000000E-02 -1.17459328E-08  1.93940505E-08 
     867  6.62500000E+02  5.37500000E+02  2.66264540E-01  7.22102294E-01  9.88366835E-01  2.50000000E-02 -1.06247426E-08  2.98331305E-08 
     868  6.87500000E+02  5.37500000E+02  1.56224060E-01  8.32142775E-01  9.88366834E-01  2.50000000E-02 -1.08059229E-08  1.72843318E-08 
     869  7.12500000E+02  5.37500000E+02  5.76540307E-01  4.11826528E-01  9.88366835E-01  2.50000000E-02 -1.20893402E-08  1.08062380E-08 
     870  7.37500000E+02  5.37500000E+02 -8.37868197E-01  1.82623503E+00  9.88366836E-01  2.50000000E-02 -5.33450245E-09  6.68672582E-11 
     871  7.62500000E+02  5.37500000E+02 -5.81607387E-01  1.56997422E+00  9.88366836E-01  2.50000000E-02 -3.66932022E-09  2.50623540E-08 
     872  7.87500000E+02  5.37500000E+02 -3.57814128E-01  1.34618096E+00  9.88366836E-01  2.50000000E-02 -1.58790113E-09  4.05111485E-09 
     873  8.12500000E+02  5.37500000E+02  7.91384558E-02  9.09228380E-01  9.88366835E-01  2.50000000E-02  5.22056022E-10  1.55879954E-08 
     874  8.37500000E+02  5.37500000E+02 -5.08739061E-01  1.49710590E+00  9.88366835E-01  2.50000000E-02  7.47303482E-10  5.89368335E-09 
     875  8.62500000E+02  5.37500000E+02  8.16107980E-01  1.72258855E-01  9.88366835E-01  2.50000000E-02 -7.35076499E-10  8.78092179E-09 
     876  8.87500000E+02  5.37500000E+02 -2.94850547E-01  1.28321738E+00  9.88366836E-01  2.50000000E-02  1.05487405E-09  7.60600470E-09 
     877  9.12500000E+02  5.37500000E+02 -8.81591531E-03  9.97182751E-01  9.88366836E-01  2.50000000E-02  2.78879703E-09  1.13730390E-08 
     878  9.37500000E+02  5.37500000E+02 -8.78229413E-01  1.86659625E+00  9.88366835E-01  2.50000000E-02  2.90072386E-09  4.62844520E-09 
     879  9.62500000E+02  5.37500000E+02 -3.85030554E-01  1.37339739E+00  9.88366835E-01  2.50000000E-02  1.46147556E-09  5.13745401E-09 
     880  9.87500000E+02  5.37500000E+02 -8.45353893E-02  1.07290222E+00  9.88366835E-01  2.50000000E-02  3.58963988E-10  5.23748885E-09 
     881  1.25000000E+01  5.62500000E+02 -1.14584640E-01  1.10295147E+00  9.88366825E-01  2.50000000E-02 -1.41838953E-09 -1.95065101E-08 
     882  3.75000000E+01  5.62500000E+02  3.38627184E-01  6.49739642E-01  9.88366826E-01  2.50000000E-02 -5.65713626E-09 -6.97765325E-09 
     883  6.25000000E+01  5.62500000E+02  8.27180828E-01  1.61185999E-01  9.88366827E-01  2.50000000E-02 -1.51870570E-08 -1.97645458E-08 
     884  8.75000000E+01  5.62500000E+02  9.65357012E-01  2.30098153E-02  9.88366827E-01  2.50000000E-02 -2.16981754E-08 -4.86664155E-08 
     885  1.12500000E+02  5.62500000E+02 -3.42052154E-01  1.33041898E+00  9.88366828E-01  2.50000000E-02 -2.89140772E-09 -6.90111560E-09 
     886  1.37500000E+02  5.62500000E+02 -1.87288199E-01  1.17565503E+00  9.88366828E-01  2.50000000E-02 -2.91655777E-09 -2.60782619E-08 
     887  1.62500000E+02  5.62500000E+02 -2.76577068E-01  1.26494389E+00  9.88366825E-01  2.50000000E-02 -1.00929998E-08 -8.19760535E-08 
     888  1.87500000E+02  5.62500000E+02 -2.84951969E-01  1.27331880E+00  9.88366827E-01  2.50000000E-02 -1.73014007E-08 -1.62899315E-08 
     889  2.12500000E+02  5.62500000E+02  1.47953431E-01  8.40413397E-01  9.88366828E-01  2.50000000E-02 -1.72351959E-08 -4.76289685E-08 
     890  2.37500000E+02  5.62500000E+02  3.50708082E-01  6.37658744E-01  9.88366826E-01  2.50000000E-02 -1.94415848E-08 -3.90690111E-08 
     891  2.62500000E+02  5.62500000E+02 -8.82151087E-01  1.87051792E+00  9.88366829E-01  2.50000000E-02 -1.73763342E-08 -1.56119706E-08 
     892  2.87500000E+02  5.62500000E+02 -7.49584553E-01  1.73795138E+00  9.88366828E-01  2.50000000E-02 -1.61551153E-08 -6.31576480E-09 
     893  3.12500000E+02  5.62500000E+02 -3.56986072E-02  1.02406544E+00  9.88366828E-01  2.50000000E-02 -1.70739395E-08  1.01034926E-07 
     894  3.37500000E+02  5.62500000E+02  9.40667345E-01  4.76994859E-02  9.88366831E-01  2.50000000E-02 -3.47066384E-08  2.52648181E-08 
     895  3.62500000E+02  5.62500000E+02  7.28689455E-01  2.59677377E-01  9.88366832E-01  2.50000000E-02 -2.34488658E-09  7.48941430E-09 
     896  3.87500000E+02  5.62500000E+02  1.15865431E-01  8.72501401E-01  9.88366832E-01  2.50000000E-02  2.69663091E-09  3.20498936E-08 
     897  4.12500000E+02  5.62500000E+02 -4.70598467E-01  1.45896530E+00  9.88366831E-01  2.50000000E-02  1.05603575E-09 -8.11741447E-09 
     898  4.37500000E+02  5.62500000E+02  4.88022134E-01  5.00344699E-01  9.88366832E-01  2.50000000E-02 -3.94507609E-09 -9.38758526E-08 
     899  4.62500000E+02  5.62500000E+02 -7.43963884E-01  1.73233072E+00  9.88366832E-01  2.50000000E-02 -4.17839751E-09 -2.57595469E-09 
     900  4.87500000E+02  5.62500000E+02  8.86257588E-01  1.02109244E-01  9.88366832E-01  2.50000000E-02 -6.50660625E-09  1.69011445E-08 
     901  5.12500000E+02  5.62500000E+02  9.75623130E-01  1.27437033E-02  9.88366833E-01  2.50000000E-02 -2.47333683E-08  1.19426235E-08 
     902  5.37500000E+02  5.62500000E+02 -6.54186395E-02  1.05378547E+00  9.88366834E-01  2.50000000E-02 -5.28395204E-09  4.95463467E-09 
     903  5.62500000E+02  5.62500000E+02 -7.77567727E-01  1.76593456E+00  9.88366834E-01  2.50000000E-02 -5.35187149E-09  1.93711697E-11 
     904  5.87500000E+02  5.62500000E+02  9.45151334E-02  8.93851700E-01  9.88366834E-01  2.50000000E-02 -5.38575603E-09  1.57533703E-08 
     905  6.12500000E+02  5.62500000E+02  9.22893731E-02  8.96077460E-01  9.88366833E-01  2.50000000E-02 -6.11489422E-09  8.41644366E-09 
     906  6.37500000E+02  5.62500000E+02  8.11235559E-01  1.77131276E-01  9.88366835E-01  2.50000000E-02 -1.40345301E-08  1.61338116E-08 
     907  6.62500000E+02  5.62500000E+02 -8.91170747E-02  1.07748391E+00  9.88366835E-01  2.50000000E-02 -1.11639776E-08  2.86139228E-08 
     908  6.87500000E+02  5.62500000E+02 -2.66929104E-01  1.25529594E+00  9.88366835E-01  2.50000000E-02 -1.05251428E-08  1.75673083E-08 
     909  7.12500000E+02  5.62500000E+02  2.93419202E-01  6.94947632E-01  9.88366835E-01  2.50000000E-02 -9.89274930E-09  7.64326388E-09 
     910  7.37500000E+02  5.62500000E+02 -2.95420456E-01  1.28378729E+00  9.88366835E-01  2.50000000E-02 -7.10328197E-09  1.30427654E-09 
     911  7.62500000E+02  5.62500000E+02 -8.01096706E-01  1.78946354E+00  9.88366835E-01  2.50000000E-02 -6.00810045E-09  2.04294027E-08 
     912  7.87500000E+02  5.62500000E+02  8.40895920E-01  1.47470916E-01  9.88366835E-01  2.50000000E-02 -1.12421746E-08  1.17643688E-08 
     913  8.12500000E+02  5.62500000E+02 -6.60223018E-01  1.64858985E+00  9.88366836E-01  2.50000000E-02 -4.59686820E-09  1.82027287E-08 
     914  8.37500000E+02  5.62500000E+02  3.75355603E-01  6.13011232E-01  9.88366836E-01  2.50000000E-02 -4.91189280E-09  6.32007357E-09 
     915  8.62500000E+02  5.62500000E+02 -4.03301253E-01  1.39166809E+00  9.88366835E-01  2.50000000E-02 -9.29961272E-09  8.59496371E-09 
     916  8.87500000E+02  5.62500000E+02 -8.82689989E-01  1.87105682E+00  9.88366836E-01  2.50000000E-02 -9.71054485E-09  7.06208274E-09 
     917  9.12500000E+02  5.62500000E+02  3.13189889E-01  6.75176947E-01  9.88366836E-01  2.50000000E-02 -5.74483352E-09  1.19848976E-08 
     918  9.37500000E+02  5.62500000E+02 -1.32217871E-01  1.12058471E+00  9.88366836E-01  2.50000000E-02 -2.97338228E-09  4.45137644E-09 
     919  9.62500000E+02  5.62500000E+02 -7.36039310E-01  1.72440615E+00  9.88366836E-01  2.50000000E-02 -1.89469509E-09  4.79818112E-09 
     920  9.87500000E+02  5.62500000E+02 -9.14987545E-01  1.90335438E+00  9.88366836E-01  2.50000000E-02 -6.47138326E-10  4.45137815E-09 
     921  1.25000000E+01  5.87500000E+02  5.48764479E-01  4.39602349E-01  9.88366828E-01  2.50000000E-02 -1.23288490E-09 -3.07285404E-08 
     922  3.75000000E+01  5.87500000E+02  8.40809812E-01  1.47557016E-01  9.88366828E-01  2.50000000E-02 -1.05918963E-08 -2.39057970E-08 
     923  6.25000000E+01  5.87500000E+02 -7.42145942E-02  1.06258142E+00  9.88366830E-01  2.50000000E-02 -2.75900758E-09 -4.84274664E-09 
     924  8.75000000E+01  5.87500000E+02 -2.39418201E-01  1.22778503E+00  9.88366830E-01  2.50000000E-02 -1.11243249E-09 -4.27959560E-09 
     925  1.12500000E+02  5.87500000E+02  5.81542128E-01  4.06824701E-01  9.88366829E-01  2.50000000E-02  1.31780721E-09 -1.30859188E-08 
     926  1.37500000E+02  5.87500000E+02  8.15503331E-01  1.72863498E-01  9.88366829E-01  2.50000000E-02 -1.29970655E-08 -2.28480578E-08 
     927  1.62500000E+02  5.87500000E+02  2.34071098E-01  7.54295729E-01  9.88366827E-01  2.50000000E-02 -4.20272385E-08 -8.06557915E-08 
     928  1.87500000E+02  5.87500000E+02 -5.13579934E-01  1.50194676E+00  9.88366825E-01  2.50000000E-02 -5.20573114E-08 -2.01175038E-08 
     929  2.12500000E+02  5.87500000E+02  5.64850116E-01  4.23516712E-01  9.88366828E-01  2.50000000E-02 -7.26446948E-08 -6.37591663E-08 
     930  2.37500000E+02  5.87500000E+02  6.95866772E-01  2.92500057E-01  9.88366829E-01  2.50000000E-02 -7.80727889E-08 -5.48034569E-08 
     931  2.62500000E+02  5.87500000E+02  4.21055040E-01  5.67311792E-01  9.88366832E-01  2.50000000E-02 -6.09852178E-08 -1.23234202E-08 
     932  2.87500000E+02  5.87500000E+02  3.90903367E-01  5.97463463E-01  9.88366830E-01  2.50000000E-02 -5.44892498E-08 -1.11007185E-08 
     933  3.12500000E+02  5.87500000E+02  2.90985599E-01  6.97381233E-01  9.88366832E-01  2.50000000E-02 -4.73947932E-08  8.40982594E-08 
     934  3.37500000E+02  5.87500000E+02  1.88690182E-01  7.99676648E-01  9.88366830E-01  2.50000000E-02 -4.29039636E-08 -6.34292595E-09 
     935  3.62500000E+02  5.87500000E+02  4.67830686E-01  5.20536145E-01  9.88366831E-01  2.50000000E-02 -4.10612692E-08 -1.87271788E-09 
     936  3.87500000E+02  5.87500000E+02 -2.62553830E-02  1.01462221E+00  9.88366830E-01  2.50000000E-02 -3.96859210E-08  2.06962778E-08 
     937  4.12500000E+02  5.87500000E+02  8.77213955E-01  1.11152877E-01  9.88366831E-01  2.50000000E-02 -5.89590576E-08 -6.44855543E-09 
     938  4.37500000E+02  5.87500000E+02 -6.36819589E-01  1.62518642E+00  9.88366833E-01  2.50000000E-02 -4.61957161E-08 -9.06779872E-08 
     939  4.62500000E+02  5.87500000E+02  2.32506691E-01  7.55860141E-01  9.88366832E-01  2.50000000E-02 -4.55399930E-08 -1.97968084E-09 
     940  4.87500000E+02  5.87500000E+02 -2.48784872E-01  1.23715171E+00  9.88366835E-01  2.50000000E-02 -3.77557788E-08  3.80227962E-08 
     941  5.12500000E+02  5.87500000E+02 -5.22370654E-01  1.51073749E+00  9.88366833E-01  2.50000000E-02 -3.42278528E-08  6.98498888E-09 
     942  5.37500000E+02  5.87500000E+02 -6.24177793E-01  1.61254463E+00  9.88366834E-01  2.50000000E-02 -3.33568098E-08  5.16950371E-09 
     943  5.62500000E+02  5.87500000E+02 -5.12936838E-01  1.50130367E+00  9.88366833E-01  2.50000000E-02 -3.22190915E-08 -1.50798229E-09 
     944  5.87500000E+02  5.87500000E+02 -3.91293652E-01  1.37966049E+00  9.88366834E-01  2.50000000E-02 -3.10434007E-08  1.54848873E-08 
     945  6.12500000E+02  5.87500000E+02 -2.39706493E-01  1.22807333E+00  9.88366834E-01  2.50000000E-02 -2.75901628E-08  7.26906239E-09 
     946  6.37500000E+02  5.87500000E+02 -2.70095115E-01  1.25846195E+00  9.88366833E-01  2.50000000E-02 -2.56962070E-08  1.11415718E-09 
     947  6.62500000E+02  5.87500000E+02 -1.52645767E-01  1.14101260E+00  9.88366832E-01  2.50000000E-02 -2.76577080E-08  2.05754725E-08 
     948  6.87500000E+02  5.87500000E+02  6.09920179E-01  3.78446655E-01  9.88366834E-01  2.50000000E-02 -3.78559450E-08  2.20650665E-08 
     949  7.12500000E+02  5.87500000E+02  2.96242300E-01  6.92124536E-01  9.88366836E-01  2.50000000E-02 -3.05213572E-08  9.87346367E-09 
     950  7.37500000E+02  5.87500000E+02 -7.63312843E-01  1.75167968E+00  9.88366837E-01  2.50000000E-02 -1.91313160E-08  5.89684554E-09 
     951  7.62500000E+02  5.87500000E+02 -8.61664926E-01  1.85003176E+00  9.88366836E-01  2.50000000E-02 -1.67975226E-08  1.76921021E-08 
     952  7.87500000E+02  5.87500000E+02  7.90965086E-01  1.97401749E-01  9.88366835E-01  2.50000000E-02 -1.01106187E-08  1.25152570E-08 
     953  8.12500000E+02  5.87500000E+02  3.82152086E-01  6.06214749E-01  9.88366836E-01  2.50000000E-02 -7.99913509E-09  2.53425512E-08 
     954  8.37500000E+02  5.87500000E+02 -4.09702057E-01  1.39806889E+00  9.88366835E-01  2.50000000E-02 -7.33355590E-09  7.46549774E-09 
     955  8.62500000E+02  5.87500000E+02 -3.98703818E-01  1.38707065E+00  9.88366835E-01  2.50000000E-02 -7.38242197E-09  8.58333656E-09 
     956  8.87500000E+02  5.87500000E+02  8.83761814E-01  1.04605022E-01  9.88366836E-01  2.50000000E-02 -6.07320762E-09  4.76211419E-09 
     957  9.12500000E+02  5.87500000E+02  6.21648804E-01  3.66718032E-01  9.88366836E-01  2.50000000E-02  4.27505367E-10  1.18690351E-08 
     958  9.37500000E+02  5.87500000E+02 -6.34674977E-01  1.62304181E+00  9.88366835E-01  2.50000000E-02 -1.25543348E-09  5.08935213E-09 
     959  9.62500000E+02  5.87500000E+02  6.58150002E-02  9.22551835E-01  9.88366836E-01  2.50000000E-02 -1.56613591E-09  5.97064116E-09 
     960  9.87500000E+02  5.87500000E+02  6.34963127E-01  3.53403708E-01  9.88366836E-01  2.50000000E-02 -3.75691518E-10  5.48540225E-09 
     961  1.25000000E+01  6.12500000E+02  3.03453320E-01  6.84913510E-01  9.88366829E-01  2.50000000E-02 -1.18732077E-09 -2.10958979E-08 
     962  3.75000000E+01  6.12500000E+02 -5.37321985E-02  1.04209903E+00  9.88366830E-01  2.50000000E-02 -1.97455722E-09 -5.81940446E-09 
     963  6.25000000E+01  6.12500000E+02 -3.05673691E-01  1.29404052E+00  9.88366830E-01  2.50000000E-02 -2.37504526E-09 -3.66647283E-09 
     964  8.75000000E+01  6.12500000E+02 -2.61743157E-01  1.25010999E+00  9.88366830E-01  2.50000000E-02 -2.91720298E-09 -5.27524217E-09 
     965  1.12500000E+02  6.12500000E+02  8.15419797E-01  1.72947032E-01  9.88366829E-01  2.50000000E-02 -7.49589848E-09 -1.22721528E-08 
     966  1.37500000E+02  6.12500000E+02 -7.44647963E-01  1.73301479E+00  9.88366830E-01  2.50000000E-02 -8.63840849E-09 -1.22326111E-09 
     967  1.62500000E+02  6.12500000E+02  5.29176109E-01  4.59190718E-01  9.88366827E-01  2.50000000E-02 -1.94625439E-08 -6.16527572E-08 
     968  1.87500000E+02  6.12500000E+02  1.64077824E-01  8.24289004E-01  9.88366828E-01  2.50000000E-02 -4.09850043E-08 -2.91897063E-08 
     969  2.12500000E+02  6.12500000E+02 -5.50158379E-01  1.53852521E+00  9.88366832E-01  2.50000000E-02 -3.44746164E-08 -6.06712589E-08 
     970  2.37500000E+02  6.12500000E+02 -9.02006140E-01  1.89037297E+00  9.88366830E-01  2.50000000E-02 -3.10418646E-08 -4.86112417E-08 
     971  2.62500000E+02  6.12500000E+02  2.99165750E-01  6.89201080E-01  9.88366830E-01  2.50000000E-02 -3.40576729E-08 -3.99315306E-09 
     972  2.87500000E+02  6.12500000E+02 -8.96736737E-01  1.88510357E+00  9.88366831E-01  2.50000000E-02 -3.09506081E-08 -3.29107733E-09 
     973  3.12500000E+02  6.12500000E+02  1.61556385E-02  9.72211191E-01  9.88366830E-01  2.50000000E-02 -3.15553636E-08  7.09947859E-08 
     974  3.37500000E+02  6.12500000E+02 -2.51029848E-03  9.90877128E-01  9.88366830E-01  2.50000000E-02 -3.65510717E-08 -6.82962452E-09 
     975  3.62500000E+02  6.12500000E+02 -1.47085750E-01  1.13545258E+00  9.88366832E-01  2.50000000E-02 -3.47966055E-08 -3.98492469E-09 
     976  3.87500000E+02  6.12500000E+02 -5.05318059E-01  1.49368489E+00  9.88366829E-01  2.50000000E-02 -3.53367668E-08  4.30743714E-09 
     977  4.12500000E+02  6.12500000E+02  5.62001394E-01  4.26365437E-01  9.88366831E-01  2.50000000E-02 -5.79042150E-08 -7.65581053E-09 
     978  4.37500000E+02  6.12500000E+02  7.35463960E-01  2.52902872E-01  9.88366832E-01  2.50000000E-02 -8.23772190E-08 -6.96709142E-08 
     979  4.62500000E+02  6.12500000E+02 -4.48297505E-01  1.43666434E+00  9.88366832E-01  2.50000000E-02 -9.86880401E-08 -2.50411181E-09 
     980  4.87500000E+02  6.12500000E+02  7.97431476E-01  1.90935357E-01  9.88366833E-01  2.50000000E-02 -1.00019888E-07  4.04109225E-08 
     981  5.12500000E+02  6.12500000E+02 -6.28015485E-01  1.61638232E+00  9.88366832E-01  2.50000000E-02 -9.91133054E-08  3.99059192E-09 
     982  5.37500000E+02  6.12500000E+02  8.77500396E-01  1.10866436E-01  9.88366832E-01  2.50000000E-02 -7.80299185E-08  3.59702505E-11 
     983  5.62500000E+02  6.12500000E+02 -2.13074037E-01  1.20144087E+00  9.88366834E-01  2.50000000E-02 -3.53911838E-08 -2.53351359E-09 
     984  5.87500000E+02  6.12500000E+02  6.01599391E-01  3.86767442E-01  9.88366833E-01  2.50000000E-02 -3.06374919E-08  9.44426329E-09 
     985  6.12500000E+02  6.12500000E+02  7.52456020E-01  2.35910814E-01  9.88366833E-01  2.50000000E-02 -2.96853179E-08  4.77113411E-09 
     986  6.37500000E+02  6.12500000E+02 -6.78948890E-01  1.66731573E+00  9.88366835E-01  2.50000000E-02 -1.46240053E-08  4.91873397E-09 
     987  6.62500000E+02  6.12500000E+02 -3.99877109E-01  1.38824394E+00  9.88366835E-01  2.50000000E-02 -1.30061262E-08  1.34725161E-08 
     988  6.87500000E+02  6.12500000E+02  4.94103848E-01  4.94262986E-01  9.88366834E-01  2.50000000E-02 -1.07494004E-08  2.05624985E-08 
     989  7.12500000E+02  6.12500000E+02 -8.35357542E-01  1.82372438E+00  9.88366835E-01  2.50000000E-02 -7.45420244E-09  1.38434400E-08 
     990  7.37500000E+02  6.12500000E+02 -1.75286905E-01  1.16365374E+00  9.88366835E-01  2.50000000E-02 -6.51069678E-09  8.77456663E-09 
     991  7.62500000E+02  6.12500000E+02  8.28031203E-01  1.60335632E-01  9.88366836E-01  2.50000000E-02 -9.81678280E-09  1.85077749E-08 
     992  7.87500000E+02  6.12500000E+02  5.71861485E-01  4.16505350E-01  9.88366835E-01  2.50000000E-02 -8.67485619E-09  1.19136410E-08 
     993  8.12500000E+02  6.12500000E+02 -4.06956404E-01  1.39532324E+00  9.88366836E-01  2.50000000E-02 -6.02860325E-09  2.94586497E-08 
     994  8.37500000E+02  6.12500000E+02 -9.24495417E-01  1.91286225E+00  9.88366836E-01  2.50000000E-02 -5.31281450E-09  7.76813668E-09 
     995  8.62500000E+02  6.12500000E+02  6.60746527E-01  3.27620308E-01  9.88366835E-01  2.50000000E-02 -3.18537290E-09  7.60070527E-09 
     996  8.87500000E+02  6.12500000E+02  9.95587154E-01  3.18616065E-07  9.95587473E-01  2.50000000E-02 -9.51602568E-11 -6.35361132E-11 
     997  9.12500000E+02  6.12500000E+02 -7.59677557E-01  1.74804439E+00  9.88366835E-01  2.50000000E-02 -3.16291147E-09  6.64462219E-09 
     998  9.37500000E+02  6.12500000E+02 -4.27104154E-01  1.41547099E+00  9.88366835E-01  2.50000000E-02 -2.95800018E-09  4.74692287E-09 
     999  9.62500000E+02  6.12500000E+02  4.11357170E-01  5.77009665E-01  9.88366835E-01  2.50000000E-02 -1.23491186E-09  5.70154953E-09 
    1000  9.87500000E+02  6.12500000E+02 -6.48242668E-01  1.63660950E+00  9.88366835E-01  2.50000000E-02 -4.82134759E-11  2.17147562E-09 
    1001  1.25000000E+01  6.37500000E+02 -9.40392861E-01  1.92875969E+00  9.88366828E-01  2.50000000E-02 -1.37505353E-09 -1.81511955E-08 
    1002  3.75000000E+01  6.37500000E+02  2.92199058E-01  6.96167771E-01  9.88366829E-01  2.50000000E-02 -8.67058588E-09 -4.81617814E-09 
    1003  6.25000000E+01  6.37500000E+02  4.03752741E-01  5.84614089E-01  9.88366829E-01  2.50000000E-02 -1.03337818E-08 -4.24837141E-09 
    1004  8.75000000E+01  6.37500000E+02 -9.40355357E-01  1.92872219E+00  9.88366830E-01  2.50000000E-02 -7.39545416E-09 -5.55601073E-09 
    1005  1.12500000E+02  6.37500000E+02 -6.69036089E-01  1.65740292E+00  9.88366830E-01  2.50000000E-02 -6.88598201E-09 -2.15942354E-09 
    1006  1.37500000E+02  6.37500000E+02 -6.30592728E-01  1.61895956E+00  9.88366830E-01  2.50000000E-02 -7.37418350E-09 -5.89305661E-10 
    1007  1.62500000E+02  6.37500000E+02 -5.73665813E-01  1.56203264E+00  9.88366830E-01  2.50000000E-02 -7.69576086E-09 -2.68326441E-08 
    1008  1.87500000E+02  6.37500000E+02  9.74206108E-01  1.41607220E-02  9.88366830E-01  2.50000000E-02 -5.20587043E-08 -5.56371122E-08 
    1009  2.12500000E+02  6.37500000E+02  5.58623786E-01  4.29743046E-01  9.88366832E-01  2.50000000E-02 -3.10465433E-08 -3.47029626E-08 
    1010  2.37500000E+02  6.37500000E+02  1.43151761E-01  8.45215070E-01  9.88366831E-01  2.50000000E-02 -3.70624683E-08 -4.18126129E-08 
    1011  2.62500000E+02  6.37500000E+02 -2.12071154E-01  1.20043799E+00  9.88366832E-01  2.50000000E-02 -3.76629590E-08  4.06723526E-09 
    1012  2.87500000E+02  6.37500000E+02 -4.21580013E-01  1.40994684E+00  9.88366831E-01  2.50000000E-02 -3.74686021E-08 -5.82208053E-11 
    1013  3.12500000E+02  6.37500000E+02 -2.69652413E-01  1.25801924E+00  9.88366832E-01  2.50000000E-02 -3.81395215E-08  6.34330722E-08 
    1014  3.37500000E+02  6.37500000E+02  9.34500156E-01  5.38666744E-02  9.88366831E-01  2.50000000E-02 -2.15098546E-08 -1.77938570E-08 
    1015  3.62500000E+02  6.37500000E+02 -8.15144883E-01  1.80351171E+00  9.88366832E-01  2.50000000E-02 -2.03037607E-09 -3.81425505E-09 
    1016  3.87500000E+02  6.37500000E+02 -4.06610623E-01  1.39497745E+00  9.88366831E-01  2.50000000E-02 -2.48496560E-09 -1.24565939E-09 
    1017  4.12500000E+02  6.37500000E+02  3.49140391E-01  6.39226441E-01  9.88366832E-01  2.50000000E-02 -5.42483165E-09 -4.98202855E-09 
    1018  4.37500000E+02  6.37500000E+02 -2.34497289E-01  1.22286412E+00  9.88366831E-01  2.50000000E-02 -9.08923650E-09 -5.85000794E-08 
    1019  4.62500000E+02  6.37500000E+02 -6.23537321E-01  1.61190415E+00  9.88366831E-01  2.50000000E-02 -1.08281502E-08 -5.21643657E-09 
    1020  4.87500000E+02  6.37500000E+02  6.91516761E-01  2.96850071E-01  9.88366833E-01  2.50000000E-02 -1.55265596E-08  2.56107905E-08 
    1021  5.12500000E+02  6.37500000E+02 -6.90845646E-01  1.67921248E+00  9.88366834E-01  2.50000000E-02 -5.90195100E-09  2.73809570E-09 
    1022  5.37500000E+02  6.37500000E+02 -6.34222063E-01  1.62258890E+00  9.88366833E-01  2.50000000E-02 -5.28864709E-09 -8.11602483E-09 
    1023  5.62500000E+02  6.37500000E+02  4.58383699E-01  5.29983134E-01  9.88366834E-01  2.50000000E-02 -5.45479928E-09  2.18575872E-10 
    1024  5.87500000E+02  6.37500000E+02 -3.65768581E-01  1.35413542E+00  9.88366834E-01  2.50000000E-02 -2.82439193E-09  5.31793059E-09 
    1025  6.12500000E+02  6.37500000E+02 -6.90980806E-01  1.67934764E+00  9.88366834E-01  2.50000000E-02 -2.60456039E-09  1.56829635E-09 
    1026  6.37500000E+02  6.37500000E+02 -6.60668753E-01  1.64903559E+00  9.88366834E-01  2.50000000E-02 -3.10386579E-09  7.99923334E-09 
    1027  6.62500000E+02  6.37500000E+02  9.10784558E-01  7.75822775E-02  9.88366835E-01  2.50000000E-02 -2.37008501E-08  1.59671010E-08 
    1028  6.87500000E+02  6.37500000E+02 -3.34732112E-01  1.32309895E+00  9.88366835E-01  2.50000000E-02 -3.04619008E-08  2.28291356E-08 
    1029  7.12500000E+02  6.37500000E+02  2.61776502E-01  7.26590333E-01  9.88366835E-01  2.50000000E-02 -3.02656059E-08  1.42384812E-08 
    1030  7.37500000E+02  6.37500000E+02 -2.93455060E-01  1.28182190E+00  9.88366835E-01  2.50000000E-02 -2.78428462E-08  6.89651360E-09 
    1031  7.62500000E+02  6.37500000E+02  3.10672546E-01  6.77694288E-01  9.88366835E-01  2.50000000E-02 -2.56043980E-08  5.80776398E-09 
    1032  7.87500000E+02  6.37500000E+02  2.80939941E-01  7.07426893E-01  9.88366834E-01  2.50000000E-02 -2.67518728E-08  8.87431998E-09 
    1033  8.12500000E+02  6.37500000E+02  3.32255791E-01  6.56111044E-01  9.88366835E-01  2.50000000E-02 -2.58979433E-08  3.02807618E-08 
    1034  8.37500000E+02  6.37500000E+02  6.39458614E-01  3.48908221E-01  9.88366835E-01  2.50000000E-02 -1.95365421E-08  7.94276175E-09 
    1035  8.62500000E+02  6.37500000E+02  6.53592954E-01  3.34773881E-01  9.88366835E-01  2.50000000E-02 -1.39683502E-08  3.16320191E-09 
    1036  8.87500000E+02  6.37500000E+02 -7.00726285E-01  1.68909312E+00  9.88366835E-01  2.50000000E-02 -4.69588874E-09  1.97129056E-09 
    1037  9.12500000E+02  6.37500000E+02 -4.87372950E-01  1.47573979E+00  9.88366835E-01  2.50000000E-02 -3.82557895E-09  5.27047285E-09 
    1038  9.37500000E+02  6.37500000E+02 -5.92334440E-02  1.04760028E+00  9.88366835E-01  2.50000000E-02 -2.67460561E-09  3.21120231E-09 
    1039  9.62500000E+02  6.37500000E+02 -7.99537434E-01  1.78790427E+00  9.88366835E-01  2.50000000E-02 -1.45834367E-09  3.06180315E-09 
    1040  9.87500000E+02  6.37500000E+02 -5.07206554E-02  1.03908749E+00  9.88366835E-01  2.50000000E-02 -5.09534973E-10  1.06902172E-09 
    1041  1.25000000E+01  6.62500000E+02  7.21507143E-01  2.66859686E-01  9.88366829E-01  2.50000000E-02 -1.21715827E-09 -2.21540294E-08 
    1042  3.75000000E+01  6.62500000E+02  5.28989000E-01  4.59377829E-01  9.88366829E-01  2.50000000E-02 -8.52079824E-10 -6.68142749E-09 
    1043  6.25000000E+01  6.62500000E+02  6.53154362E-01  3.35212468E-01  9.88366829E-01  2.50000000E-02  1.77359563E-09 -6.95737610E-09 
    1044  8.75000000E+01  6.62500000E+02  1.68424251E-01  8.19942579E-01  9.88366829E-01  2.50000000E-02  4.72688728E-09 -5.90703347E-09 
    1045  1.12500000E+02  6.62500000E+02  1.44999953E-01  8.43366877E-01  9.88366829E-01  2.50000000E-02  5.96310957E-09 -2.44826290E-09 
    1046  1.37500000E+02  6.62500000E+02 -5.02182718E-01  1.49054955E+00  9.88366829E-01  2.50000000E-02  6.88321308E-09 -2.04544328E-09 
    1047  1.62500000E+02  6.62500000E+02 -5.26667734E-01  1.51503456E+00  9.88366829E-01  2.50000000E-02  6.85941157E-09 -2.08204445E-08 
    1048  1.87500000E+02  6.62500000E+02  9.41039388E-01  4.73274425E-02  9.88366830E-01  2.50000000E-02 -5.84410231E-09 -1.57588943E-08 
    1049  2.12500000E+02  6.62500000E+02  1.10856106E-01  8.77510725E-01  9.88366831E-01  2.50000000E-02  2.34844335E-09 -1.43388119E-08 
    1050  2.37500000E+02  6.62500000E+02  3.92237814E-01  5.96129015E-01  9.88366830E-01  2.50000000E-02 -1.44733854E-09 -2.91559807E-08 
    1051  2.62500000E+02  6.62500000E+02 -2.56877494E-01  1.24524432E+00  9.88366831E-01  2.50000000E-02 -3.88510450E-09  7.41930163E-09 
    1052  2.87500000E+02  6.62500000E+02 -8.93025048E-01  1.88139188E+00  9.88366831E-01  2.50000000E-02 -3.91579501E-09  9.65513892E-10 
    1053  3.12500000E+02  6.62500000E+02  7.04383125E-01  2.83983707E-01  9.88366832E-01  2.50000000E-02 -4.39550826E-09  5.12268315E-08 
    1054  3.37500000E+02  6.62500000E+02 -6.20474723E-01  1.60884156E+00  9.88366832E-01  2.50000000E-02  2.66545965E-09 -2.35915238E-09 
    1055  3.62500000E+02  6.62500000E+02  2.15328870E-01  7.73037962E-01  9.88366832E-01  2.50000000E-02  3.08866150E-09 -3.59189636E-09 
    1056  3.87500000E+02  6.62500000E+02  1.03280951E-01  8.85085880E-01  9.88366832E-01  2.50000000E-02  2.38799349E-09 -1.28728008E-09 
    1057  4.12500000E+02  6.62500000E+02 -9.20204754E-01  1.90857159E+00  9.88366832E-01  2.50000000E-02  1.89669230E-09 -1.38912991E-09 
    1058  4.37500000E+02  6.62500000E+02  8.34153607E-01  1.54213224E-01  9.88366831E-01  2.50000000E-02 -6.98252203E-09 -4.00867564E-08 
    1059  4.62500000E+02  6.62500000E+02 -6.17011257E-01  1.60537809E+00  9.88366833E-01  2.50000000E-02 -7.47984568E-09 -5.51556635E-09 
    1060  4.87500000E+02  6.62500000E+02 -1.11500883E-01  1.09986771E+00  9.88366832E-01  2.50000000E-02 -9.18139006E-09  1.09846098E-08 
    1061  5.12500000E+02  6.62500000E+02 -4.38547116E-01  1.42691395E+00  9.88366833E-01  2.50000000E-02 -1.03345391E-08  4.02214207E-09 
    1062  5.37500000E+02  6.62500000E+02  1.24881031E-01  8.63485801E-01  9.88366832E-01  2.50000000E-02 -9.28487319E-09 -1.13560467E-08 
    1063  5.62500000E+02  6.62500000E+02  8.88143054E-01  1.00223779E-01  9.88366833E-01  2.50000000E-02 -1.72456995E-08 -6.90425480E-10 
    1064  5.87500000E+02  6.62500000E+02  7.56693025E-01  2.31673809E-01  9.88366834E-01  2.50000000E-02 -9.99098805E-09  7.97155068E-09 
    1065  6.12500000E+02  6.62500000E+02 -5.59181623E-01  1.54754846E+00  9.88366834E-01  2.50000000E-02 -4.44895704E-09  2.62641117E-09 
    1066  6.37500000E+02  6.62500000E+02 -2.36502072E-01  1.22486891E+00  9.88366834E-01  2.50000000E-02 -4.32618944E-09  8.76486707E-09 
    1067  6.62500000E+02  6.62500000E+02  7.69975015E-01  2.18391820E-01  9.88366834E-01  2.50000000E-02 -7.92071426E-09  1.03626415E-08 
    1068  6.87500000E+02  6.62500000E+02 -2.62419045E-01  1.25078588E+00  9.88366835E-01  2.50000000E-02 -3.23218008E-09  2.51669828E-08 
    1069  7.12500000E+02  6.62500000E+02 -7.47798696E-01  1.73616553E+00  9.88366835E-01  2.50000000E-02 -2.55587769E-09  1.47208598E-08 
    1070  7.37500000E+02  6.62500000E+02  7.17758291E-01  2.70608544E-01  9.88366835E-01  2.50000000E-02  6.49204040E-10  9.57471616E-09 
    1071  7.62500000E+02  6.62500000E+02 -2.70231324E-01  1.25859816E+00  9.88366835E-01  2.50000000E-02  2.43088455E-10  3.18076549E-09 
    1072  7.87500000E+02  6.62500000E+02 -6.08207114E-01  1.59657395E+00  9.88366834E-01  2.50000000E-02 -6.62659572E-10  5.39423472E-09 
    1073  8.12500000E+02  6.62500000E+02  6.27633483E-01  3.60733353E-01  9.88366835E-01  2.50000000E-02 -5.15124477E-09  2.70499599E-08 
    1074  8.37500000E+02  6.62500000E+02  3.77482458E-01  6.10884378E-01  9.88366835E-01  2.50000000E-02 -3.95996471E-09  6.63462694E-09 
    1075  8.62500000E+02  6.62500000E+02 -7.49113139E-01  1.73747997E+00  9.88366836E-01  2.50000000E-02 -2.78975242E-09  6.24649608E-10 
    1076  8.87500000E+02  6.62500000E+02 -4.20707946E-01  1.40907478E+00  9.88366835E-01  2.50000000E-02 -2.47643716E-09  2.41397133E-09 
    1077  9.12500000E+02  6.62500000E+02 -5.96752387E-01  1.58511922E+00  9.88366836E-01  2.50000000E-02 -1.83704200E-09  5.12228393E-09 
    1078  9.37500000E+02  6.62500000E+02 -6.47407324E-01  1.63577416E+00  9.88366836E-01  2.50000000E-02 -1.10056973E-09  2.59278644E-09 
    1079  9.62500000E+02  6.62500000E+02  1.30377829E-01  8.57989006E-01  9.88366835E-01  2.50000000E-02 -1.30145658E-10  2.44922415E-09 
    1080  9.87500000E+02  6.62500000E+02 -1.42309912E-01  1.13067675E+00  9.88366835E-01  2.50000000E-02  1.05618445E-10  6.49246951E-10 
    1081  1.25000000E+01  6.87500000E+02 -3.07977107E-01  1.29634394E+00  9.88366830E-01  2.50000000E-02  2.90750711E-10 -1.04642199E-08 
    1082  3.75000000E+01  6.87500000E+02 -5.64544706E-02  1.04482130E+00  9.88366830E-01  2.50000000E-02  6.15206361E-10 -4.08876950E-09 
    1083  6.25000000E+01  6.87500000E+02  5.18945662E-01  4.69421167E-01  9.88366830E-01  2.50000000E-02 -2.63567351E-09 -8.66377409E-09 
    1084  8.75000000E+01  6.87500000E+02 -6.36454859E-01  1.62482169E+00  9.88366831E-01  2.50000000E-02 -4.01287306E-09 -5.32063645E-09 
    1085  1.12500000E+02  6.87500000E+02 -6.85283209E-01  1.67365004E+00  9.88366830E-01  2.50000000E-02 -4.19037612E-09 -1.49148538E-09 
    1086  1.37500000E+02  6.87500000E+02 -9.97720077E-01  1.98608691E+00  9.88366830E-01  2.50000000E-02 -5.87569191E-09 -3.40566405E-09 
    1087  1.62500000E+02  6.87500000E+02 -3.34496651E-01  1.32286348E+00  9.88366828E-01  2.50000000E-02 -1.48888794E-08 -1.91732608E-08 
    1088  1.87500000E+02  6.87500000E+02 -1.78130384E-01  1.16649721E+00  9.88366831E-01  2.50000000E-02 -2.41727975E-08  7.42946325E-10 
    1089  2.12500000E+02  6.87500000E+02 -9.12266154E-01  1.90063299E+00  9.88366831E-01  2.50000000E-02 -2.32313070E-08 -7.49911589E-09 
    1090  2.37500000E+02  6.87500000E+02 -5.41857218E-01  1.53022405E+00  9.88366831E-01  2.50000000E-02 -2.18984069E-08 -1.54132224E-08 
    1091  2.62500000E+02  6.87500000E+02 -3.64935538E-01  1.35330237E+00  9.88366830E-01  2.50000000E-02 -2.36844980E-08  5.38553730E-09 
    1092  2.87500000E+02  6.87500000E+02  1.14057330E-01  8.74309502E-01  9.88366831E-01  2.50000000E-02 -2.85381240E-08  8.77455989E-10 
    1093  3.12500000E+02  6.87500000E+02  5.99342883E-02  9.28432544E-01  9.88366832E-01  2.50000000E-02 -2.73234180E-08  4.00336760E-08 
    1094  3.37500000E+02  6.87500000E+02 -6.29059867E-01  1.61742670E+00  9.88366833E-01  2.50000000E-02 -2.12745225E-08 -4.64039263E-10 
    1095  3.62500000E+02  6.87500000E+02 -5.54513131E-01  1.54287996E+00  9.88366832E-01  2.50000000E-02 -1.97982606E-08 -3.86043022E-09 
    1096  3.87500000E+02  6.87500000E+02 -2.96395410E-01  1.28476224E+00  9.88366831E-01  2.50000000E-02 -2.15976301E-08 -1.49805900E-09 
    1097  4.12500000E+02  6.87500000E+02 -1.48470216E-01  1.13683705E+00  9.88366831E-01  2.50000000E-02 -2.43603420E-08 -9.48062250E-10 
    1098  4.37500000E+02  6.87500000E+02  7.59800929E-03  9.80768823E-01  9.88366832E-01  2.50000000E-02 -2.55101843E-08 -1.44017508E-08 
    1099  4.62500000E+02  6.87500000E+02 -6.08590634E-01  1.59695747E+00  9.88366833E-01  2.50000000E-02 -2.24395078E-08 -2.59655767E-09 
    1100  4.87500000E+02  6.87500000E+02 -3.69620645E-01  1.35798748E+00  9.88366831E-01  2.50000000E-02 -2.37694367E-08  5.36847739E-09 
    1101  5.12500000E+02  6.87500000E+02  3.46211414E-01  6.42155419E-01  9.88366833E-01  2.50000000E-02 -3.17478248E-08  2.44816182E-09 
    1102  5.37500000E+02  6.87500000E+02 -2.26452086E-01  1.21481892E+00  9.88366834E-01  2.50000000E-02 -2.64029941E-08 -1.18738956E-08 
    1103  5.62500000E+02  6.87500000E+02 -5.15429995E-02  1.03990983E+00  9.88366833E-01  2.50000000E-02 -2.49529742E-08 -4.63763421E-09 
    1104  5.87500000E+02  6.87500000E+02  2.08717471E-01  7.79649362E-01  9.88366833E-01  2.50000000E-02 -2.71273012E-08  4.95089320E-09 
    1105  6.12500000E+02  6.87500000E+02 -4.30792963E-01  1.41915980E+00  9.88366833E-01  2.50000000E-02 -2.82048041E-08  3.21002473E-09 
    1106  6.37500000E+02  6.87500000E+02  4.02911505E-01  5.85455328E-01  9.88366833E-01  2.50000000E-02 -2.80314209E-08  1.05951621E-08 
    1107  6.62500000E+02  6.87500000E+02  1.26154343E-01  8.62212492E-01  9.88366834E-01  2.50000000E-02 -2.46867911E-08  6.44569406E-09 
    1108  6.87500000E+02  6.87500000E+02 -1.71976768E-01  1.16034360E+00  9.88366833E-01  2.50000000E-02 -2.36833083E-08  2.30311912E-08 
    1109  7.12500000E+02  6.87500000E+02  5.64254654E-01  4.24112181E-01  9.88366835E-01  2.50000000E-02 -2.15515005E-08  1.43833645E-08 
    1110  7.37500000E+02  6.87500000E+02 -1.49038884E-01  1.13740572E+00  9.88366835E-01  2.50000000E-02 -1.14849358E-08  9.02102735E-09 
    1111  7.62500000E+02  6.87500000E+02 -3.60254336E-01  1.34862117E+00  9.88366835E-01  2.50000000E-02 -9.32683993E-09  2.59206382E-09 
    1112  7.87500000E+02  6.87500000E+02 -7.85771987E-01  1.77413882E+00  9.88366834E-01  2.50000000E-02 -8.85718872E-09  4.47960681E-09 
    1113  8.12500000E+02  6.87500000E+02  4.57362621E-01  5.31004213E-01  9.88366834E-01  2.50000000E-02 -1.03799330E-08  1.96512651E-08 
    1114  8.37500000E+02  6.87500000E+02  6.66470773E-01  3.21896062E-01  9.88366835E-01  2.50000000E-02 -9.63666805E-09  8.29479703E-09 
    1115  8.62500000E+02  6.87500000E+02 -7.72833755E-01  1.76120059E+00  9.88366835E-01  2.50000000E-02 -2.17668481E-09  6.90390478E-10 
    1116  8.87500000E+02  6.87500000E+02  2.32845507E-01  7.55521328E-01  9.88366835E-01  2.50000000E-02 -8.72516760E-10  3.57207766E-09 
    1117  9.12500000E+02  6.87500000E+02  2.12036995E-01  7.76329840E-01  9.88366835E-01  2.50000000E-02 -9.66889033E-10  6.54824958E-09 
    1118  9.37500000E+02  6.87500000E+02  7.93162657E-01  1.95204178E-01  9.88366835E-01  2.50000000E-02 -1.22587663E-09  4.29060142E-09 
    1119  9.62500000E+02  6.87500000E+02  7.35826877E-01  2.52539958E-01  9.88366835E-01  2.50000000E-02 -1.01622788E-09  4.67101151E-09 
    1120  9.87500000E+02  6.87500000E+02 -1.15334343E-01  1.10370118E+00  9.88366835E-01  2.50000000E-02 -1.03808681E-10  8.69981043E-10 
    1121  1.25000000E+01  7.12500000E+02  2.12525782E-01  7.75841047E-01  9.88366830E-01  2.50000000E-02 -1.48464621E-10 -8.16932612E-09 
    1122  3.75000000E+01  7.12500000E+02 -1.04713308E-02  9.98838161E-01  9.88366830E-01  2.50000000E-02 -2.95230180E-10 -3.15620910E-09 
    1123  6.25000000E+01  7.12500000E+02  9.76343073E-01  1.20237565E-02  9.88366830E-01  2.50000000E-02 -8.90693781E-10 -1.34961666E-08 
    1124  8.75000000E+01  7.12500000E+02  5.34586808E-02  9.34908149E-01  9.88366830E-01  2.50000000E-02  4.70665683E-10 -3.52911795E-09 
    1125  1.12500000E+02  7.12500000E+02 -8.52450590E-01  1.84081742E+00  9.88366830E-01  2.50000000E-02  6.31758793E-10 -1.09924641E-09 
    1126  1.37500000E+02  7.12500000E+02 -9.64945501E-03  9.98016285E-01  9.88366830E-01  2.50000000E-02  3.21220102E-10 -3.34862028E-09 
    1127  1.62500000E+02  7.12500000E+02  7.74196494E-01  2.14170336E-01  9.88366830E-01  2.50000000E-02 -6.07057375E-09 -3.07418994E-08 
    1128  1.87500000E+02  7.12500000E+02  2.29713840E-01  7.58652990E-01  9.88366831E-01  2.50000000E-02 -4.23912133E-09  1.82126764E-09 
    1129  2.12500000E+02  7.12500000E+02 -2.32188020E-01  1.22055485E+00  9.88366831E-01  2.50000000E-02 -3.94570781E-09 -3.80077230E-09 
    1130  2.37500000E+02  7.12500000E+02 -9.98114426E-01  1.98648126E+00  9.88366830E-01  2.50000000E-02 -5.69074964E-09 -1.29186223E-08 
    1131  2.62500000E+02  7.12500000E+02 -9.56243896E-01  1.94461073E+00  9.88366830E-01  2.50000000E-02 -6.53990029E-09  2.31445333E-09 
    1132  2.87500000E+02  7.12500000E+02 -2.02079740E-01  1.19044657E+00  9.88366830E-01  2.50000000E-02 -7.41929341E-09 -5.61998913E-10 
    1133  3.12500000E+02  7.12500000E+02  6.56841777E-01  3.31525055E-01  9.88366832E-01  2.50000000E-02 -7.81242462E-09  2.91544796E-08 
    1134  3.37500000E+02  7.12500000E+02 -4.28067939E-01  1.41643477E+00  9.88366832E-01  2.50000000E-02  3.25316258E-10  1.74613537E-09 
    1135  3.62500000E+02  7.12500000E+02 -5.78451388E-01  1.56681822E+00  9.88366832E-01  2.50000000E-02  4.59914446E-10 -4.11534083E-09 
    1136  3.87500000E+02  7.12500000E+02  6.96919818E-01  2.91447014E-01  9.88366832E-01  2.50000000E-02 -2.59013167E-09 -3.59306958E-09 
    1137  4.12500000E+02  7.12500000E+02  6.88016199E-01  3.00350633E-01  9.88366832E-01  2.50000000E-02 -3.67809855E-09 -3.32778713E-09 
    1138  4.37500000E+02  7.12500000E+02  4.50937987E-01  5.37428845E-01  9.88366832E-01  2.50000000E-02 -5.41743215E-09 -9.82010093E-09 
    1139  4.62500000E+02  7.12500000E+02 -8.72638106E-01  1.86100494E+00  9.88366832E-01  2.50000000E-02 -4.09284487E-09 -7.99884024E-10 
    1140  4.87500000E+02  7.12500000E+02 -4.72261166E-01  1.46062800E+00  9.88366832E-01  2.50000000E-02 -4.45311686E-09  1.57229233E-09 
    1141  5.12500000E+02  7.12500000E+02  7.11608422E-01  2.76758411E-01  9.88366833E-01  2.50000000E-02 -1.40075609E-08  2.35581878E-09 
    1142  5.37500000E+02  7.12500000E+02  1.36578061E-01  8.51788772E-01  9.88366833E-01  2.50000000E-02 -1.36126326E-08 -8.44050451E-09 
    1143  5.62500000E+02  7.12500000E+02 -3.27990276E-01  1.31635711E+00  9.88366833E-01  2.50000000E-02 -1.41046956E-08 -4.65885642E-09 
    1144  5.87500000E+02  7.12500000E+02 -1.35230552E-01  1.12359739E+00  9.88366833E-01  2.50000000E-02 -1.62315287E-08  2.02568316E-09 
    1145  6.12500000E+02  7.12500000E+02  4.61645272E-01  5.26721562E-01  9.88366834E-01  2.50000000E-02 -2.12555955E-08 -1.20270416E-10 
    1146  6.37500000E+02  7.12500000E+02 -7.21591945E-01  1.70995878E+00  9.88366835E-01  2.50000000E-02 -1.58331677E-08  1.70057709E-08 
    1147  6.62500000E+02  7.12500000E+02 -6.19559136E-01  1.60792597E+00  9.88366834E-01  2.50000000E-02 -1.55641083E-08  6.82003904E-09 
    1148  6.87500000E+02  7.12500000E+02 -9.67050839E-01  1.95541767E+00  9.88366835E-01  2.50000000E-02 -1.62106500E-08  1.93119023E-08 
    1149  7.12500000E+02  7.12500000E+02  7.15133262E-01  2.73233573E-01  9.88366835E-01  2.50000000E-02 -1.28968854E-08  9.57534271E-09 
    1150  7.37500000E+02  7.12500000E+02  2.54938944E-01  7.33427891E-01  9.88366835E-01  2.50000000E-02 -6.65738110E-09  9.78864823E-09 
    1151  7.62500000E+02  7.12500000E+02 -4.88733671E-01  1.47710051E+00  9.88366835E-01  2.50000000E-02 -6.64566552E-09  2.24705221E-09 
    1152  7.87500000E+02  7.12500000E+02  5.88489260E-01  3.99877575E-01  9.88366835E-01  2.50000000E-02 -9.41816838E-09  2.60036256E-09 
    1153  8.12500000E+02  7.12500000E+02  1.42788505E-01  8.45578330E-01  9.88366835E-01  2.50000000E-02 -9.77055394E-09  1.53323674E-08 
    1154  8.37500000E+02  7.12500000E+02  9.09849421E-01  7.85174143E-02  9.88366835E-01  2.50000000E-02 -7.56550731E-09  8.96902787E-09 
    1155  8.62500000E+02  7.12500000E+02  9.96609287E-01  3.16727731E-07  9.96609604E-01  2.50000000E-02 -8.66051241E-11  7.28666070E-11 
    1156  8.87500000E+02  7.12500000E+02 -7.20531090E-01  1.70889792E+00  9.88366835E-01  2.50000000E-02 -1.21026071E-09  2.64699086E-09 
    1157  9.12500000E+02  7.12500000E+02  1.83987736E-01  8.04379099E-01  9.88366835E-01  2.50000000E-02 -6.75056072E-10  5.64397932E-09 
    1158  9.37500000E+02  7.12500000E+02 -3.67840359E-01  1.35620719E+00  9.88366835E-01  2.50000000E-02 -2.56136385E-10  9.19892196E-10 
    1159  9.62500000E+02  7.12500000E+02  5.24402463E-01  4.63964372E-01  9.88366835E-01  2.50000000E-02 -5.23016289E-10  3.04283127E-09 
    1160  9.87500000E+02  7.12500000E+02  8.48327636E-01  1.40039199E-01  9.88366835E-01  2.50000000E-02 -3.45955588E-10  3.53171235E-09 
    1161  1.25000000E+01  7.37500000E+02 -7.88650651E-01  1.77701748E+00  9.88366830E-01  2.50000000E-02  4.26205293E-12 -6.56743755E-09 
    1162  3.75000000E+01  7.37500000E+02 -4.78120813E-01  1.46648764E+00  9.88366830E-01  2.50000000E-02 -9.93811693E-11 -2.53164360E-09 
    1163  6.25000000E+01  7.37500000E+02 -6.38564569E-01  1.62693140E+00  9.88366830E-01  2.50000000E-02 -9.27796830E-11 -7.59319075E-10 
    1164  8.75000000E+01  7.37500000E+02 -7.36592694E-01  1.72495952E+00  9.88366830E-01  2.50000000E-02 -2.94866269E-10 -3.60301884E-09 
    1165  1.12500000E+02  7.37500000E+02 -2.36763111E-02  1.01204314E+00  9.88366830E-01  2.50000000E-02 -1.23688755E-09 -1.73106327E-09 
    1166  1.37500000E+02  7.37500000E+02  7.75144578E-01  2.13222252E-01  9.88366830E-01  2.50000000E-02 -6.04741632E-09 -5.38282274E-09 
    1167  1.62500000E+02  7.37500000E+02  2.58238609E-01  7.30128221E-01  9.88366830E-01  2.50000000E-02 -1.15203122E-08 -2.79574918E-08 
    1168  1.87500000E+02  7.37500000E+02  4.67752723E-01  5.20614107E-01  9.88366830E-01  2.50000000E-02 -1.17754140E-08  2.55313430E-09 
    1169  2.12500000E+02  7.37500000E+02 -2.07987256E-01  1.19635409E+00  9.88366831E-01  2.50000000E-02 -8.90116351E-09 -2.11062556E-09 
    1170  2.37500000E+02  7.37500000E+02  1.81088697E-02  9.70257960E-01  9.88366830E-01  2.50000000E-02 -9.07568534E-09 -1.26716947E-08 
    1171  2.62500000E+02  7.37500000E+02  2.37743781E-01  7.50623050E-01  9.88366831E-01  2.50000000E-02 -9.35490210E-09 -1.68473454E-09 
    1172  2.87500000E+02  7.37500000E+02  7.38630632E-02  9.14503768E-01  9.88366831E-01  2.50000000E-02 -7.04702238E-09 -2.83467757E-09 
    1173  3.12500000E+02  7.37500000E+02 -6.92625819E-01  1.68099265E+00  9.88366830E-01  2.50000000E-02 -6.54061998E-09  9.97877843E-09 
    1174  3.37500000E+02  7.37500000E+02  9.10884101E-01  7.74827306E-02  9.88366831E-01  2.50000000E-02 -1.67551537E-08  4.49998616E-09 
    1175  3.62500000E+02  7.37500000E+02 -8.89535876E-02  1.07732042E+00  9.88366832E-01  2.50000000E-02 -6.53892001E-09 -2.57891856E-09 
    1176  3.87500000E+02  7.37500000E+02  1.79161911E-01  8.09204921E-01  9.88366832E-01  2.50000000E-02 -6.57631231E-09 -1.99553069E-09 
    1177  4.12500000E+02  7.37500000E+02 -5.20105070E-01  1.50847190E+00  9.88366832E-01  2.50000000E-02 -7.00931247E-09 -1.34427837E-09 
    1178  4.37500000E+02  7.37500000E+02  1.44048664E-01  8.44318168E-01  9.88366832E-01  2.50000000E-02 -7.53235214E-09 -5.53788940E-09 
    1179  4.62500000E+02  7.37500000E+02 -2.93262894E-01  1.28162973E+00  9.88366832E-01  2.50000000E-02 -7.22418202E-09  7.30217875E-10 
    1180  4.87500000E+02  7.37500000E+02 -8.74837871E-01  1.86320470E+00  9.88366832E-01  2.50000000E-02 -6.99796966E-09  9.61669901E-10 
    1181  5.12500000E+02  7.37500000E+02  1.28077772E-02  9.75559055E-01  9.88366832E-01  2.50000000E-02 -7.63109453E-09 -5.36395400E-09 
    1182  5.37500000E+02  7.37500000E+02  8.63247758E-01  1.25119074E-01  9.88366833E-01  2.50000000E-02 -1.81764274E-08 -3.75873262E-10 
    1183  5.62500000E+02  7.37500000E+02  9.08072132E-01  8.02947010E-02  9.88366833E-01  2.50000000E-02 -2.42842400E-08 -1.24951252E-09 
    1184  5.87500000E+02  7.37500000E+02  5.53396221E-01  4.34970613E-01  9.88366834E-01  2.50000000E-02 -9.60780718E-09 -1.70064258E-09 
    1185  6.12500000E+02  7.37500000E+02  2.10395785E-01  7.77971050E-01  9.88366834E-01  2.50000000E-02 -6.91544944E-09  6.55621381E-10 
    1186  6.37500000E+02  7.37500000E+02  4.84775283E-02  9.39889306E-01  9.88366834E-01  2.50000000E-02 -6.05036974E-09  2.04975299E-08 
    1187  6.62500000E+02  7.37500000E+02 -4.85448113E-02  1.03691165E+00  9.88366834E-01  2.50000000E-02 -5.88741389E-09  7.06919021E-09 
    1188  6.87500000E+02  7.37500000E+02  9.81100052E-01  7.26678298E-03  9.88366835E-01  2.50000000E-02 -1.07278313E-08  1.74846314E-08 
    1189  7.12500000E+02  7.37500000E+02  2.79590471E-01  7.08776363E-01  9.88366835E-01  2.50000000E-02 -7.66737694E-10  4.39827259E-09 
    1190  7.37500000E+02  7.37500000E+02 -1.65822439E-01  1.15418927E+00  9.88366835E-01  2.50000000E-02 -5.46409251E-10  9.35913409E-09 
    1191  7.62500000E+02  7.37500000E+02 -6.23547884E-01  1.61191472E+00  9.88366835E-01  2.50000000E-02 -3.98060446E-11  1.95671868E-09 
    1192  7.87500000E+02  7.37500000E+02 -7.41045783E-01  1.72941262E+00  9.88366835E-01  2.50000000E-02  1.56102552E-10  1.61570698E-09 
    1193  8.12500000E+02  7.37500000E+02  6.28917049E-01  3.59449786E-01  9.88366835E-01  2.50000000E-02  1.30902813E-09  1.25427453E-08 
    1194  8.37500000E+02  7.37500000E+02 -1.29294933E-01  1.11766177E+00  9.88366834E-01  2.50000000E-02  1.68633177E-09  1.59281392E-09 
    1195  8.62500000E+02  7.37500000E+02  6.99776301E-01  2.88590534E-01  9.88366835E-01  2.50000000E-02 -4.66794955E-10  2.03558161E-09 
    1196  8.87500000E+02  7.37500000E+02 -7.91778566E-01  1.78014540E+00  9.88366835E-01  2.50000000E-02  9.91549943E-11  2.23174623E-09 
    1197  9.12500000E+02  7.37500000E+02 -3.81969586E-01  1.37033642E+00  9.88366835E-01  2.50000000E-02  4.95042700E-11  3.79366494E-09 
    1198  9.37500000E+02  7.37500000E+02 -2.37369274E-01  1.22573611E+00  9.88366835E-01  2.50000000E-02 -1.21985339E-10  7.18773989E-10 
    1199  9.62500000E+02  7.37500000E+02 -1.28648872E-01  1.11701571E+00  9.88366835E-01  2.50000000E-02  3.00815980E-10  2.38135227E-09 
    1200  9.87500000E+02  7.37500000E+02 -9.95164348E-01  1.98353118E+00  9.88366835E-01  2.50000000E-02  2.16657534E-10  1.05165057E-09 
    1201  1.25000000E+01  7.62500000E+02 -1.29155342E-01  1.11752217E+00  9.88366830E-01  2.50000000E-02 -1.05709367E-09 -6.30566328E-09 
    1202  3.75000000E+01  7.62500000E+02 -5.83351884E-01  1.57171871E+00  9.88366830E-01  2.50000000E-02 -2.35995546E-09 -2.16880644E-09 
    1203  6.25000000E+01  7.62500000E+02  2.15780788E-01  7.72586042E-01  9.88366830E-01  2.50000000E-02 -2.50159134E-09 -1.04985216E-09 
    1204  8.75000000E+01  7.62500000E+02  1.67498107E-01  8.20868723E-01  9.88366830E-01  2.50000000E-02 -2.34009871E-09 -3.18364934E-09 
    1205  1.12500000E+02  7.62500000E+02 -4.84599483E-01  1.47296631E+00  9.88366830E-01  2.50000000E-02 -2.38045735E-09 -2.03195961E-09 
    1206  1.37500000E+02  7.62500000E+02  6.08456202E-01  3.79910628E-01  9.88366830E-01  2.50000000E-02 -1.64958357E-09 -5.05126767E-09 
    1207  1.62500000E+02  7.62500000E+02  9.15172981E-01  7.31938475E-02  9.88366829E-01  2.50000000E-02 -2.13542392E-09 -2.04008327E-08 
    1208  1.87500000E+02  7.62500000E+02 -9.82501712E-01  1.97086854E+00  9.88366830E-01  2.50000000E-02  1.00831983E-10  4.96596825E-10 
    1209  2.12500000E+02  7.62500000E+02 -9.44664556E-01  1.93303139E+00  9.88366830E-01  2.50000000E-02  1.49186224E-10 -1.64980154E-09 
    1210  2.37500000E+02  7.62500000E+02 -3.23494052E-01  1.31186088E+00  9.88366830E-01  2.50000000E-02 -1.29126262E-09 -1.36173517E-08 
    1211  2.62500000E+02  7.62500000E+02  4.96707116E-01  4.91659715E-01  9.88366831E-01  2.50000000E-02 -6.85491731E-09 -4.97171011E-09 
    1212  2.87500000E+02  7.62500000E+02 -2.92645816E-01  1.28101265E+00  9.88366831E-01  2.50000000E-02 -7.49687411E-09 -3.12693588E-09 
    1213  3.12500000E+02  7.62500000E+02  2.98231197E-01  6.90135634E-01  9.88366831E-01  2.50000000E-02 -6.91108575E-09  3.83236396E-09 
    1214  3.37500000E+02  7.62500000E+02 -9.59836919E-01  1.94820375E+00  9.88366831E-01  2.50000000E-02 -4.17062947E-09  2.63927881E-09 
    1215  3.62500000E+02  7.62500000E+02 -6.97700009E-01  1.68606684E+00  9.88366831E-01  2.50000000E-02 -4.00679442E-09 -2.31172741E-09 
    1216  3.87500000E+02  7.62500000E+02  6.40197572E-01  3.48169259E-01  9.88366832E-01  2.50000000E-02 -5.69823019E-09 -1.95746100E-09 
    1217  4.12500000E+02  7.62500000E+02  3.51639594E-01  6.36727238E-01  9.88366832E-01  2.50000000E-02 -3.28609817E-09 -1.02902829E-09 
    1218  4.37500000E+02  7.62500000E+02 -2.59690226E-01  1.24805706E+00  9.88366832E-01  2.50000000E-02 -1.89897632E-09 -3.15987923E-09 
    1219  4.62500000E+02  7.62500000E+02 -4.54942193E-01  1.44330903E+00  9.88366832E-01  2.50000000E-02 -1.70680746E-09  7.68475565E-10 
    1220  4.87500000E+02  7.62500000E+02  9.69373941E-01  1.89928919E-02  9.88366833E-01  2.50000000E-02 -2.69088006E-08 -1.23078874E-08 
    1221  5.12500000E+02  7.62500000E+02  4.18351814E-01  5.70015019E-01  9.88366833E-01  2.50000000E-02 -3.16888859E-08 -8.21012391E-09 
    1222  5.37500000E+02  7.62500000E+02  8.74381873E-01  1.13984960E-01  9.88366832E-01  2.50000000E-02 -2.92785659E-08 -1.45494357E-09 
    1223  5.62500000E+02  7.62500000E+02 -2.27439838E-01  1.21580667E+00  9.88366834E-01  2.50000000E-02 -1.34640340E-08  1.01642162E-08 
    1224  5.87500000E+02  7.62500000E+02  4.74677530E-01  5.13689303E-01  9.88366834E-01  2.50000000E-02 -1.09219640E-08 -7.79703690E-10 
    1225  6.12500000E+02  7.62500000E+02 -7.90045506E-01  1.77841234E+00  9.88366834E-01  2.50000000E-02 -6.44360535E-09  1.83850659E-09 
    1226  6.37500000E+02  7.62500000E+02 -1.95074996E-01  1.18344183E+00  9.88366834E-01  2.50000000E-02 -5.83055331E-09  1.96396092E-08 
    1227  6.62500000E+02  7.62500000E+02  6.23433476E-01  3.64933359E-01  9.88366834E-01  2.50000000E-02 -7.54863922E-09  6.22112789E-09 
    1228  6.87500000E+02  7.62500000E+02 -4.47466695E-01  1.43583353E+00  9.88366834E-01  2.50000000E-02 -5.96123693E-09  4.40287188E-09 
    1229  7.12500000E+02  7.62500000E+02 -7.85039710E-01  1.77340654E+00  9.88366834E-01  2.50000000E-02 -6.25878404E-09  1.63968106E-09 
    1230  7.37500000E+02  7.62500000E+02  7.57658276E-02  9.12601007E-01  9.88366835E-01  2.50000000E-02 -5.78489188E-09  8.28217602E-09 
    1231  7.62500000E+02  7.62500000E+02 -6.01492353E-02  1.04851607E+00  9.88366835E-01  2.50000000E-02 -3.91924241E-09  1.73466673E-09 
    1232  7.87500000E+02  7.62500000E+02 -2.35893939E-01  1.22426077E+00  9.88366835E-01  2.50000000E-02 -3.06798529E-09  1.04909708E-09 
    1233  8.12500000E+02  7.62500000E+02 -6.03943320E-02  1.04876117E+00  9.88366834E-01  2.50000000E-02 -3.18507631E-09  5.69659613E-09 
    1234  8.37500000E+02  7.62500000E+02 -7.55900906E-01  1.74426774E+00  9.88366834E-01  2.50000000E-02 -3.88163613E-09  1.17931382E-09 
    1235  8.62500000E+02  7.62500000E+02  4.88671498E-01  4.99695336E-01  9.88366835E-01  2.50000000E-02 -4.44229631E-09  1.26179975E-09 
    1236  8.87500000E+02  7.62500000E+02 -6.98894523E-01  1.68726136E+00  9.88366835E-01  2.50000000E-02 -2.01800111E-09  2.27493068E-09 
    1237  9.12500000E+02  7.62500000E+02 -7.87935242E-01  1.77630208E+00  9.88366835E-01  2.50000000E-02 -1.02351181E-09  3.52841552E-09 
    1238  9.37500000E+02  7.62500000E+02 -7.18559022E-01  1.70692586E+00  9.88366835E-01  2.50000000E-02 -4.12875969E-10  7.38060803E-10 
    1239  9.62500000E+02  7.62500000E+02  9.62182206E-01  2.61846286E-02  9.88366835E-01  2.50000000E-02  1.21858925E-09  3.67683397E-09 
    1240  9.87500000E+02  7.62500000E+02 -2.96470198E-01  1.28483703E+00  9.88366835E-01  2.50000000E-02  5.57044391E-12  9.88483887E-10 
    1241  1.25000000E+01  7.87500000E+02  5.12184706E-01  4.76182124E-01  9.88366830E-01  2.50000000E-02 -1.29150830E-10 -8.48483800E-09 
    1242  3.75000000E+01  7.87500000E+02 -5.05686300E-01  1.49405313E+00  9.88366830E-01  2.50000000E-02 -1.48828291E-09 -2.37197800E-09 
    1243  6.25000000E+01  7.87500000E+02 -6.10630668E-01  1.59899750E+00  9.88366830E-01  2.50000000E-02 -1.39503527E-09 -1.71830054E-09 
    1244  8.75000000E+01  7.87500000E+02 -7.69718752E-01  1.75808558E+00  9.88366830E-01  2.50000000E-02 -1.46095799E-09 -3.43119633E-09 
    1245  1.12500000E+02  7.87500000E+02 -3.74472949E-01  1.36283978E+00  9.88366830E-01  2.50000000E-02 -1.83521833E-09 -2.42490340E-09 
    1246  1.37500000E+02  7.87500000E+02 -3.26369102E-01  1.31473593E+00  9.88366830E-01  2.50000000E-02 -1.77640820E-09 -6.22993004E-09 
    1247  1.62500000E+02  7.87500000E+02  9.77163706E-01  1.12031238E-02  9.88366830E-01  2.50000000E-02 -2.18971527E-08 -4.22287588E-08 
    1248  1.87500000E+02  7.87500000E+02  1.55964062E-01  8.32402769E-01  9.88366831E-01  2.50000000E-02 -9.00609680E-09  1.79510661E-09 
    1249  2.12500000E+02  7.87500000E+02  5.81497036E-01  4.06869794E-01  9.88366831E-01  2.50000000E-02 -1.05208296E-08 -3.57621663E-09 
    1250  2.37500000E+02  7.87500000E+02  4.52434962E-01  5.35931869E-01  9.88366831E-01  2.50000000E-02 -1.31509998E-08 -1.37291382E-08 
    1251  2.62500000E+02  7.87500000E+02 -9.81250213E-01  1.96961704E+00  9.88366831E-01  2.50000000E-02 -1.39931790E-08 -8.13771798E-09 
    1252  2.87500000E+02  7.87500000E+02  9.24848470E-01  6.35183608E-02  9.88366831E-01  2.50000000E-02 -1.24978682E-08 -6.03684719E-09 
    1253  3.12500000E+02  7.87500000E+02 -1.50094150E-01  1.13846098E+00  9.88366832E-01  2.50000000E-02  4.61789634E-10  2.54454806E-09 
    1254  3.37500000E+02  7.87500000E+02 -6.36470323E-02  1.05201386E+00  9.88366832E-01  2.50000000E-02  2.23088829E-10  2.99545793E-09 
    1255  3.62500000E+02  7.87500000E+02 -6.96106355E-01  1.68447319E+00  9.88366832E-01  2.50000000E-02 -6.14220802E-10 -2.84193682E-09 
    1256  3.87500000E+02  7.87500000E+02  7.16918299E-01  2.71448533E-01  9.88366832E-01  2.50000000E-02 -4.40587517E-09 -2.66530700E-09 
    1257  4.12500000E+02  7.87500000E+02  3.94637213E-01  5.93729620E-01  9.88366832E-01  2.50000000E-02 -4.35050111E-09 -3.39855125E-10 
    1258  4.37500000E+02  7.87500000E+02 -5.07367031E-01  1.49573386E+00  9.88366832E-01  2.50000000E-02 -4.20021100E-09 -1.32301837E-09 
    1259  4.62500000E+02  7.87500000E+02 -5.70342437E-01  1.55870927E+00  9.88366832E-01  2.50000000E-02 -5.01853462E-09 -4.06754159E-10 
    1260  4.87500000E+02  7.87500000E+02  7.32570805E-01  2.55796028E-01  9.88366833E-01  2.50000000E-02 -1.91574819E-08 -4.69736371E-10 
    1261  5.12500000E+02  7.87500000E+02  8.03825180E-01  1.84541653E-01  9.88366833E-01  2.50000000E-02 -2.73315117E-08 -5.76905688E-09 
    1262  5.37500000E+02  7.87500000E+02 -2.96755179E-01  1.28512201E+00  9.88366833E-01  2.50000000E-02 -3.44383658E-08  3.74133011E-09 
    1263  5.62500000E+02  7.87500000E+02  7.65708990E-01  2.22657844E-01  9.88366834E-01  2.50000000E-02 -3.33334548E-08  1.17564971E-08 
    1264  5.87500000E+02  7.87500000E+02  5.18666491E-01  4.69700344E-01  9.88366835E-01  2.50000000E-02 -2.29147644E-08  1.03069605E-09 
    1265  6.12500000E+02  7.87500000E+02  1.92842463E-02  9.69082588E-01  9.88366835E-01  2.50000000E-02 -1.58513641E-08  4.08242798E-09 
    1266  6.37500000E+02  7.87500000E+02  1.01460689E-01  8.86906145E-01  9.88366834E-01  2.50000000E-02 -1.38405480E-08  1.87957960E-08 
    1267  6.62500000E+02  7.87500000E+02  7.70351714E-01  2.18015120E-01  9.88366834E-01  2.50000000E-02 -9.50592632E-09  5.38483838E-09 
    1268  6.87500000E+02  7.87500000E+02 -3.93053304E-01  1.38142014E+00  9.88366835E-01  2.50000000E-02 -2.67129692E-09  5.14274944E-09 
    1269  7.12500000E+02  7.87500000E+02 -4.89428734E-02  1.03730971E+00  9.88366835E-01  2.50000000E-02 -2.20355192E-09  3.13874649E-10 
    1270  7.37500000E+02  7.87500000E+02  3.05378955E-01  6.82987880E-01  9.88366835E-01  2.50000000E-02 -1.61617000E-09  7.30076966E-09 
    1271  7.62500000E+02  7.87500000E+02  1.15064248E-02  9.76860410E-01  9.88366835E-01  2.50000000E-02 -5.25141234E-10  1.31160751E-09 
    1272  7.87500000E+02  7.87500000E+02 -6.54236181E-01  1.64260302E+00  9.88366835E-01  2.50000000E-02 -1.16408015E-10  6.24546392E-10 
    1273  8.12500000E+02  7.87500000E+02 -5.28859316E-01  1.51722615E+00  9.88366835E-01  2.50000000E-02 -3.22088911E-10  4.10342421E-09 
    1274  8.37500000E+02  7.87500000E+02  4.81049763E-01  5.07317072E-01  9.88366835E-01  2.50000000E-02 -2.34864636E-09  6.75491207E-10 
    1275  8.62500000E+02  7.87500000E+02 -1.20181723E-01  1.10854856E+00  9.88366835E-01  2.50000000E-02 -2.57725697E-09  2.08313426E-09 
    1276  8.87500000E+02  7.87500000E+02 -7.05859829E-01  1.69422666E+00  9.88366835E-01  2.50000000E-02 -2.20299091E-09  2.41754989E-09 
    1277  9.12500000E+02  7.87500000E+02  5.00367896E-01  4.87998939E-01  9.88366835E-01  2.50000000E-02 -1.18609528E-09  4.30702875E-09 
    1278  9.37500000E+02  7.87500000E+02  9.34024516E-01  5.43423191E-02  9.88366835E-01  2.50000000E-02 -7.97788154E-10  2.62298434E-09 
    1279  9.62500000E+02  7.87500000E+02  4.22830000E-02  9.46083835E-01  9.88366835E-01  2.50000000E-02  1.56809376E-10 -1.66925098E-10 
    1280  9.87500000E+02  7.87500000E+02 -5.49122951E-01  1.53748979E+00  9.88366835E-01  2.50000000E-02  5.45686873E-11  9.81508320E-10 
    1281  1.25000000E+01  8.12500000E+02 -3.17920717E-01  1.30628755E+00  9.88366830E-01  2.50000000E-02  4.08824931E-11 -6.92451022E-09 
    1282  3.75000000E+01  8.12500000E+02  7.63393325E-01  2.24973506E-01  9.88366830E-01  2.50000000E-02  2.75822422E-11 -4.04105414E-09 
    1283  6.25000000E+01  8.12500000E+02  1.45936860E-02  9.73773144E-01  9.88366830E-01  2.50000000E-02 -2.22971994E-09 -2.16536545E-09 
    1284  8.75000000E+01  8.12500000E+02  5.94522513E-01  3.93844318E-01  9.88366830E-01  2.50000000E-02 -3.44496314E-09 -4.06726817E-09 
    1285  1.12500000E+02  8.12500000E+02 -2.83011310E-01  1.27137814E+00  9.88366830E-01  2.50000000E-02 -5.02929529E-09 -2.89168320E-09 
    1286  1.37500000E+02  8.12500000E+02  3.28146965E-01  6.60219865E-01  9.88366830E-01  2.50000000E-02 -6.59934348E-09 -7.38917341E-09 
    1287  1.62500000E+02  8.12500000E+02 -3.15538951E-01  1.30390578E+00  9.88366831E-01  2.50000000E-02 -4.25755675E-09 -1.93354845E-09 
    1288  1.87500000E+02  8.12500000E+02 -1.43462335E-01  1.13182917E+00  9.88366830E-01  2.50000000E-02 -2.73114694E-09  3.66147976E-09 
    1289  2.12500000E+02  8.12500000E+02  9.75605087E-01  1.27617442E-02  9.88366831E-01  2.50000000E-02 -1.40941632E-08 -1.02471925E-08 
    1290  2.37500000E+02  8.12500000E+02 -4.22574008E-02  1.03062423E+00  9.88366831E-01  2.50000000E-02 -9.53664389E-10 -7.01708669E-09 
    1291  2.62500000E+02  8.12500000E+02 -6.21157836E-02  1.05048261E+00  9.88366831E-01  2.50000000E-02 -2.52584057E-09 -9.78348331E-09 
    1292  2.87500000E+02  8.12500000E+02 -2.46924589E-01  1.23529142E+00  9.88366831E-01  2.50000000E-02 -4.15340527E-09 -3.46977163E-09 
    1293  3.12500000E+02  8.12500000E+02  9.10505203E-01  7.78616291E-02  9.88366832E-01  2.50000000E-02 -7.12574921E-09  2.74040375E-09 
    1294  3.37500000E+02  8.12500000E+02 -8.91053726E-01  1.87942056E+00  9.88366832E-01  2.50000000E-02 -2.82948464E-09  4.84951918E-09 
    1295  3.62500000E+02  8.12500000E+02 -6.84249296E-01  1.67261613E+00  9.88366832E-01  2.50000000E-02 -3.64901648E-09 -2.44119847E-09 
    1296  3.87500000E+02  8.12500000E+02 -9.93029892E-01  1.98139672E+00  9.88366832E-01  2.50000000E-02 -4.81947851E-09 -2.96025219E-09 
    1297  4.12500000E+02  8.12500000E+02  3.01377228E-01  6.86989604E-01  9.88366832E-01  2.50000000E-02 -6.14824412E-09  6.89835796E-10 
    1298  4.37500000E+02  8.12500000E+02  8.46607542E-02  9.03706077E-01  9.88366832E-01  2.50000000E-02 -8.28758951E-09  7.46561910E-10 
    1299  4.62500000E+02  8.12500000E+02  6.76283780E-01  3.12083053E-01  9.88366833E-01  2.50000000E-02 -1.40556618E-08 -6.73677992E-09 
    1300  4.87500000E+02  8.12500000E+02 -5.87960715E-01  1.57632755E+00  9.88366833E-01  2.50000000E-02 -1.02306380E-08  2.80401016E-10 
    1301  5.12500000E+02  8.12500000E+02  4.45607059E-01  5.42759774E-01  9.88366833E-01  2.50000000E-02 -9.47709921E-09 -3.12524333E-09 
    1302  5.37500000E+02  8.12500000E+02  5.76082622E-01  4.12284210E-01  9.88366833E-01  2.50000000E-02 -1.19337471E-08  2.37897118E-09 
    1303  5.62500000E+02  8.12500000E+02  8.32685535E-01  1.55681298E-01  9.88366833E-01  2.50000000E-02 -1.51359760E-08  9.08161069E-09 
    1304  5.87500000E+02  8.12500000E+02  1.40966716E-01  8.47400118E-01  9.88366834E-01  2.50000000E-02 -6.05981036E-09  4.49227984E-09 
    1305  6.12500000E+02  8.12500000E+02  1.81870507E-01  8.06496327E-01  9.88366834E-01  2.50000000E-02 -5.70885519E-09  5.46522732E-09 
    1306  6.37500000E+02  8.12500000E+02  7.01653474E-01  2.86713360E-01  9.88366834E-01  2.50000000E-02 -6.98634398E-09  2.12371667E-08 
    1307  6.62500000E+02  8.12500000E+02 -6.77303998E-01  1.66567083E+00  9.88366835E-01  2.50000000E-02 -3.15269554E-09  5.79266221E-09 
    1308  6.87500000E+02  8.12500000E+02 -5.15245579E-02  1.03989139E+00  9.88366834E-01  2.50000000E-02 -2.76838800E-09  6.47517956E-09 
    1309  7.12500000E+02  8.12500000E+02  4.56894185E-01  5.31472650E-01  9.88366835E-01  2.50000000E-02 -3.02261740E-09 -5.16495108E-10 
    1310  7.37500000E+02  8.12500000E+02 -9.74321502E-01  1.96268834E+00  9.88366835E-01  2.50000000E-02 -2.49078157E-09  5.33077307E-09 
    1311  7.62500000E+02  8.12500000E+02 -6.91669106E-02  1.05753375E+00  9.88366835E-01  2.50000000E-02 -2.02771518E-09  9.75425383E-10 
    1312  7.87500000E+02  8.12500000E+02 -3.30246550E-01  1.31861338E+00  9.88366835E-01  2.50000000E-02 -1.34086839E-09  4.46963376E-10 
    1313  8.12500000E+02  8.12500000E+02 -6.12474222E-01  1.60084106E+00  9.88366835E-01  2.50000000E-02 -9.24006342E-10  3.84386735E-09 
    1314  8.37500000E+02  8.12500000E+02 -3.20882754E-01  1.30924959E+00  9.88366835E-01  2.50000000E-02 -9.08253671E-10  7.26601321E-10 
    1315  8.62500000E+02  8.12500000E+02  3.86736737E-01  6.01630098E-01  9.88366835E-01  2.50000000E-02 -1.35918361E-09  2.86343433E-09 
    1316  8.87500000E+02  8.12500000E+02  1.37639775E-01  8.50727060E-01  9.88366835E-01  2.50000000E-02  2.04822763E-10  2.35008943E-09 
    1317  9.12500000E+02  8.12500000E+02  1.69933067E-01  8.18433768E-01  9.88366835E-01  2.50000000E-02  9.77750463E-10  3.00090971E-09 
    1318  9.37500000E+02  8.12500000E+02  2.45947634E-01  7.42419200E-01  9.88366835E-01  2.50000000E-02  4.03466251E-10  1.02420466E-09 
    1319  9.62500000E+02  8.12500000E+02  3.15965527E-01  6.72401308E-01  9.88366835E-01  2.50000000E-02 -6.60255980E-12 -2.32885217E-10 
    1320  9.87500000E+02  8.12500000E+02 -5.10382206E-01  1.49874904E+00  9.88366835E-01  2.50000000E-02  7.39323236E-12  9.80132533E-10 
    1321  1.25000000E+01  8.37500000E+02  2.89857136E-01  6.98509694E-01  9.88366830E-01  2.50000000E-02 -1.06764482E-09 -5.51159258E-09 
    1322  3.75000000E+01  8.37500000E+02  2.06080072E-01  7.82286758E-01  9.88366830E-01  2.50000000E-02 -2.64018819E-09 -1.71260583E-09 
    1323  6.25000000E+01  8.37500000E+02  7.25636087E-01  2.62730743E-01  9.88366831E-01  2.50000000E-02 -6.38073935E-09 -2.18488454E-09 
    1324  8.75000000E+01  8.37500000E+02  1.75598290E-01  8.12768540E-01  9.88366830E-01  2.50000000E-02 -1.00715464E-08 -1.47682446E-09 
    1325  1.12500000E+02  8.37500000E+02  7.44273458E-01  2.44093372E-01  9.88366831E-01  2.50000000E-02 -1.38931200E-08 -5.17167180E-09 
    1326  1.37500000E+02  8.37500000E+02  7.08108041E-01  2.80258789E-01  9.88366831E-01  2.50000000E-02 -1.64689455E-08 -8.73595622E-09 
    1327  1.62500000E+02  8.37500000E+02 -9.21429355E-01  1.90979619E+00  9.88366831E-01  2.50000000E-02 -1.75400595E-08 -2.80558917E-09 
    1328  1.87500000E+02  8.37500000E+02  9.11841196E-01  7.65256348E-02  9.88366830E-01  2.50000000E-02 -1.14804818E-08 -9.87116388E-10 
    1329  2.12500000E+02  8.37500000E+02 -2.65279687E-02  1.01489480E+00  9.88366831E-01  2.50000000E-02  5.58349516E-10 -1.69308224E-09 
    1330  2.37500000E+02  8.37500000E+02 -9.89332990E-01  1.97769982E+00  9.88366831E-01  2.50000000E-02 -2.79238787E-10 -5.30394194E-09 
    1331  2.62500000E+02  8.37500000E+02  5.03447756E-01  4.84919076E-01  9.88366831E-01  2.50000000E-02 -3.60297454E-09 -1.24631292E-08 
    1332  2.87500000E+02  8.37500000E+02 -9.46414540E-01  1.93478137E+00  9.88366832E-01  2.50000000E-02 -2.29187030E-09 -1.91101396E-09 
    1333  3.12500000E+02  8.37500000E+02 -8.69568998E-01  1.85793583E+00  9.88366832E-01  2.50000000E-02 -2.52184840E-09  2.64619980E-10 
    1334  3.37500000E+02  8.37500000E+02 -3.06338779E-01  1.29470561E+00  9.88366832E-01  2.50000000E-02 -3.88187779E-09  5.96725288E-09 
    1335  3.62500000E+02  8.37500000E+02  1.77549684E-01  8.10817148E-01  9.88366832E-01  2.50000000E-02 -6.07664602E-09 -9.93900132E-10 
    1336  3.87500000E+02  8.37500000E+02 -3.66924104E-01  1.35529094E+00  9.88366832E-01  2.50000000E-02 -6.31288616E-09 -2.14664960E-09 
    1337  4.12500000E+02  8.37500000E+02 -5.20939004E-01  1.50930584E+00  9.88366832E-01  2.50000000E-02 -6.19018012E-09  5.11784787E-10 
    1338  4.37500000E+02  8.37500000E+02 -2.97072474E-01  1.28543931E+00  9.88366831E-01  2.50000000E-02 -7.89437271E-09  5.58685818E-10 
    1339  4.62500000E+02  8.37500000E+02  4.92806270E-01  4.95560563E-01  9.88366833E-01  2.50000000E-02 -1.33515523E-08 -6.47590096E-09 
    1340  4.87500000E+02  8.37500000E+02 -1.33237921E-01  1.12160475E+00  9.88366833E-01  2.50000000E-02 -1.32279741E-08 -1.24384773E-09 
    1341  5.12500000E+02  8.37500000E+02  8.06992906E-01  1.81373927E-01  9.88366833E-01  2.50000000E-02 -1.66882478E-08 -4.26092876E-09 
    1342  5.37500000E+02  8.37500000E+02 -3.12502795E-01  1.30086963E+00  9.88366834E-01  2.50000000E-02 -1.09671387E-08  4.04742354E-09 
    1343  5.62500000E+02  8.37500000E+02  7.73404179E-02  9.11026415E-01  9.88366833E-01  2.50000000E-02 -1.13423851E-08  3.53080890E-09 
    1344  5.87500000E+02  8.37500000E+02 -1.35382093E-01  1.12374893E+00  9.88366833E-01  2.50000000E-02 -1.28108516E-08  2.94834948E-09 
    1345  6.12500000E+02  8.37500000E+02  3.02996821E-01  6.85370013E-01  9.88366834E-01  2.50000000E-02 -1.24596864E-08  2.83544490E-09 
    1346  6.37500000E+02  8.37500000E+02  3.36412781E-01  6.51954052E-01  9.88366833E-01  2.50000000E-02 -1.21879637E-08  1.73831829E-08 
    1347  6.62500000E+02  8.37500000E+02  7.91097063E-01  1.97269771E-01  9.88366834E-01  2.50000000E-02 -1.50055265E-08  5.94402982E-09 
    1348  6.87500000E+02  8.37500000E+02  1.56250412E-01  8.32116423E-01  9.88366835E-01  2.50000000E-02 -7.17213548E-09  8.36279465E-09 
    1349  7.12500000E+02  8.37500000E+02 -4.94733205E-01  1.48310004E+00  9.88366835E-01  2.50000000E-02 -5.74631754E-09 -1.41050742E-10 
    1350  7.37500000E+02  8.37500000E+02 -1.83218777E-01  1.17158561E+00  9.88366835E-01  2.50000000E-02 -4.87105446E-09  4.76885161E-09 
    1351  7.62500000E+02  8.37500000E+02  4.35011613E-01  5.53355222E-01  9.88366835E-01  2.50000000E-02 -2.87418128E-09  1.03369835E-11 
    1352  7.87500000E+02  8.37500000E+02 -6.86449221E-03  9.95231327E-01  9.88366835E-01  2.50000000E-02 -1.34292681E-09  3.55735320E-10 
    1353  8.12500000E+02  8.37500000E+02 -3.59093655E-01  1.34746049E+00  9.88366835E-01  2.50000000E-02 -8.89267648E-10  3.81613044E-09 
    1354  8.37500000E+02  8.37500000E+02  9.99038683E-02  8.88462966E-01  9.88366835E-01  2.50000000E-02 -8.59878622E-10  4.68471905E-10 
    1355  8.62500000E+02  8.37500000E+02  3.33395814E-01  6.54971020E-01  9.88366835E-01  2.50000000E-02 -9.77110937E-10  2.26244436E-09 
    1356  8.87500000E+02  8.37500000E+02  9.38366747E-01  5.00000878E-02  9.88366835E-01  2.50000000E-02 -1.91088975E-09  4.19694098E-09 
    1357  9.12500000E+02  8.37500000E+02 -2.65614161E-01  1.25398100E+00  9.88366835E-01  2.50000000E-02  9.08928286E-10  2.73689335E-09 
    1358  9.37500000E+02  8.37500000E+02 -2.86357394E-01  1.27472423E+00  9.88366835E-01  2.50000000E-02  6.47532377E-10  1.25587036E-09 
    1359  9.62500000E+02  8.37500000E+02 -7.96697996E-01  1.78506483E+00  9.88366835E-01  2.50000000E-02  2.70242163E-10 -2.73221056E-10 
    1360  9.87500000E+02  8.37500000E+02 -4.70365245E-01  1.45873208E+00  9.88366835E-01  2.50000000E-02  9.04873586E-11  1.08672346E-09 
    1361  1.25000000E+01  8.62500000E+02  4.07376454E-01  5.80990376E-01  9.88366830E-01  2.50000000E-02 -5.50222610E-10 -4.94644278E-09 
    1362  3.75000000E+01  8.62500000E+02 -1.21352181E-01  1.10971901E+00  9.88366830E-01  2.50000000E-02 -4.96167831E-10 -1.38747162E-09 
    1363  6.25000000E+01  8.62500000E+02 -8.73705486E-01  1.86207232E+00  9.88366830E-01  2.50000000E-02 -1.40391512E-10 -5.12591973E-10 
    1364  8.75000000E+01  8.62500000E+02 -9.98413662E-01  1.98678049E+00  9.88366830E-01  2.50000000E-02 -1.38752794E-10 -5.40428241E-10 
    1365  1.12500000E+02  8.62500000E+02  8.33309439E-01  1.55057392E-01  9.88366830E-01  2.50000000E-02 -3.47371617E-09 -3.37094218E-09 
    1366  1.37500000E+02  8.62500000E+02 -2.60208690E-01  1.24857552E+00  9.88366831E-01  2.50000000E-02 -4.35823536E-10 -2.40613162E-09 
    1367  1.62500000E+02  8.62500000E+02 -9.63215529E-01  1.95158236E+00  9.88366831E-01  2.50000000E-02 -7.97792100E-10 -3.38524011E-09 
    1368  1.87500000E+02  8.62500000E+02  4.10194782E-01  5.78172049E-01  9.88366831E-01  2.50000000E-02 -3.35554816E-09  9.58127530E-10 
    1369  2.12500000E+02  8.62500000E+02 -9.43144540E-01  1.93151137E+00  9.88366831E-01  2.50000000E-02 -4.33785370E-09 -1.44763012E-09 
    1370  2.37500000E+02  8.62500000E+02  3.95919412E-01  5.92447419E-01  9.88366831E-01  2.50000000E-02 -5.44664589E-09 -4.23312692E-09 
    1371  2.62500000E+02  8.62500000E+02 -6.35564967E-01  1.62393180E+00  9.88366831E-01  2.50000000E-02 -5.52658505E-09 -1.19699328E-08 
    1372  2.87500000E+02  8.62500000E+02 -9.45198013E-01  1.93356484E+00  9.88366831E-01  2.50000000E-02 -5.30945992E-09 -1.29938382E-09 
    1373  3.12500000E+02  8.62500000E+02 -7.62488102E-01  1.75085493E+00  9.88366831E-01  2.50000000E-02 -5.52159341E-09 -3.25929125E-10 
    1374  3.37500000E+02  8.62500000E+02 -2.63138460E-01  1.25150529E+00  9.88366832E-01  2.50000000E-02 -5.48644390E-09  6.01092249E-09 
    1375  3.62500000E+02  8.62500000E+02 -2.05460750E-01  1.19382758E+00  9.88366831E-01  2.50000000E-02 -5.10742378E-09 -8.60590925E-11 
    1376  3.87500000E+02  8.62500000E+02 -4.39778244E-01  1.42814508E+00  9.88366832E-01  2.50000000E-02 -4.50694169E-09 -1.73805364E-09 
    1377  4.12500000E+02  8.62500000E+02 -8.44826290E-01  1.83319312E+00  9.88366831E-01  2.50000000E-02 -4.18566330E-09 -1.05855556E-09 
    1378  4.37500000E+02  8.62500000E+02  8.75594857E-01  1.12771975E-01  9.88366832E-01  2.50000000E-02 -1.12771627E-08 -5.40755746E-09 
    1379  4.62500000E+02  8.62500000E+02 -8.52560820E-01  1.84092765E+00  9.88366833E-01  2.50000000E-02  5.35279346E-10 -3.85295519E-09 
    1380  4.87500000E+02  8.62500000E+02 -9.46925678E-01  1.93529251E+00  9.88366833E-01  2.50000000E-02  7.12539258E-10 -2.55884591E-09 
    1381  5.12500000E+02  8.62500000E+02  9.58028009E-01  3.03388245E-02  9.88366833E-01  2.50000000E-02 -5.84443629E-09 -3.67603080E-09 
    1382  5.37500000E+02  8.62500000E+02 -7.76676945E-01  1.76504378E+00  9.88366834E-01  2.50000000E-02 -2.62504370E-09  5.24344459E-09 
    1383  5.62500000E+02  8.62500000E+02  3.62333463E-02  9.52133487E-01  9.88366834E-01  2.50000000E-02 -3.06430022E-09  4.02703128E-09 
    1384  5.87500000E+02  8.62500000E+02 -4.59899185E-01  1.44826602E+00  9.88366834E-01  2.50000000E-02 -2.64289659E-09  2.19364469E-09 
    1385  6.12500000E+02  8.62500000E+02 -8.32465217E-01  1.82083205E+00  9.88366834E-01  2.50000000E-02 -2.27783938E-09  1.99226893E-11 
    1386  6.37500000E+02  8.62500000E+02  7.96846529E-01  1.91520305E-01  9.88366834E-01  2.50000000E-02 -3.74559235E-09  8.75839986E-09 
    1387  6.62500000E+02  8.62500000E+02 -5.05845840E-01  1.49421267E+00  9.88366834E-01  2.50000000E-02 -2.59184111E-09  2.17177547E-09 
    1388  6.87500000E+02  8.62500000E+02 -4.27833739E-02  1.03115021E+00  9.88366834E-01  2.50000000E-02 -3.15839849E-09  8.50911977E-09 
    1389  7.12500000E+02  8.62500000E+02  7.18106973E-01  2.70259861E-01  9.88366835E-01  2.50000000E-02 -8.01037453E-09  1.89461718E-09 
    1390  7.37500000E+02  8.62500000E+02  7.37711206E-01  2.50655629E-01  9.88366835E-01  2.50000000E-02 -8.12910359E-09  4.45376908E-09 
    1391  7.62500000E+02  8.62500000E+02 -6.70612918E-01  1.65897975E+00  9.88366835E-01  2.50000000E-02 -8.08587985E-09 -1.44441641E-09 
    1392  7.87500000E+02  8.62500000E+02  9.79470914E-01  8.89592071E-03  9.88366835E-01  2.50000000E-02 -5.34722831E-09  1.81349431E-09 
    1393  8.12500000E+02  8.62500000E+02 -3.75857959E-01  1.36422479E+00  9.88366835E-01  2.50000000E-02  7.19336799E-10  3.76637774E-09 
    1394  8.37500000E+02  8.62500000E+02 -2.83718146E-02  1.01673865E+00  9.88366835E-01  2.50000000E-02  6.54734178E-10  5.73341944E-10 
    1395  8.62500000E+02  8.62500000E+02  3.16682222E-01  6.71684613E-01  9.88366835E-01  2.50000000E-02  5.60475830E-10  1.75055760E-09 
    1396  8.87500000E+02  8.62500000E+02 -4.57398628E-02  1.03410670E+00  9.88366835E-01  2.50000000E-02  4.70781157E-10  5.32277890E-10 
    1397  9.12500000E+02  8.62500000E+02  6.75266436E-01  3.13100398E-01  9.88366835E-01  2.50000000E-02  2.97245209E-10  2.83469243E-09 
    1398  9.37500000E+02  8.62500000E+02  2.54067837E-03  9.85826156E-01  9.88366835E-01  2.50000000E-02  5.02849295E-10  1.50513355E-09 
    1399  9.62500000E+02  8.62500000E+02  9.73706620E-01  1.46602151E-02  9.88366835E-01  2.50000000E-02 -1.33504771E-09  2.23172524E-09 
    1400  9.87500000E+02  8.62500000E+02 -7.52633511E-01  1.74100035E+00  9.88366835E-01  2.50000000E-02 -1.51328746E-12  1.35034173E-09 
    1401  1.25000000E+01  8.87500000E+02  5.55101610E-01  4.33265221E-01  9.88366830E-01  2.50000000E-02 -6.53174706E-10 -4.57519296E-09 
    1402  3.75000000E+01  8.87500000E+02 -4.67493575E-01  1.45586041E+00  9.88366830E-01  2.50000000E-02 -1.31245294E-09 -1.31500008E-09 
    1403  6.25000000E+01  8.87500000E+02  1.29263602E-01  8.59103228E-01  9.88366830E-01  2.50000000E-02 -1.42120281E-09 -3.98616450E-10 
    1404  8.75000000E+01  8.87500000E+02 -1.04465240E-01  1.09283207E+00  9.88366830E-01  2.50000000E-02 -2.01839998E-09 -4.29717156E-10 
    1405  1.12500000E+02  8.87500000E+02  6.51993856E-01  3.36372974E-01  9.88366831E-01  2.50000000E-02 -4.35353720E-09 -1.30919207E-09 
    1406  1.37500000E+02  8.87500000E+02 -3.88128403E-01  1.37649523E+00  9.88366831E-01  2.50000000E-02 -3.00596607E-09 -1.90119874E-09 
    1407  1.62500000E+02  8.87500000E+02 -5.24665436E-01  1.51303227E+00  9.88366831E-01  2.50000000E-02 -2.68651569E-09 -3.47951069E-09 
    1408  1.87500000E+02  8.87500000E+02 -7.19673157E-01  1.70803999E+00  9.88366831E-01  2.50000000E-02 -2.60943081E-09  4.93977978E-10 
    1409  2.12500000E+02  8.87500000E+02 -2.54747273E-01  1.24311410E+00  9.88366831E-01  2.50000000E-02 -2.36006454E-09 -1.89810395E-09 
    1410  2.37500000E+02  8.87500000E+02  6.83815792E-02  9.19985252E-01  9.88366831E-01  2.50000000E-02 -2.16634982E-09 -3.20025906E-09 
    1411  2.62500000E+02  8.87500000E+02  8.39491579E-01  1.48875252E-01  9.88366831E-01  2.50000000E-02 -6.30910768E-09 -8.01912453E-09 
    1412  2.87500000E+02  8.87500000E+02  1.15899667E-01  8.72467165E-01  9.88366832E-01  2.50000000E-02 -3.56124421E-09 -1.64818000E-09 
    1413  3.12500000E+02  8.87500000E+02 -5.96846993E-01  1.58521382E+00  9.88366832E-01  2.50000000E-02 -3.11869502E-09 -9.53705334E-10 
    1414  3.37500000E+02  8.87500000E+02 -4.74669581E-02  1.03583379E+00  9.88366831E-01  2.50000000E-02 -2.96703553E-09  5.84463626E-09 
    1415  3.62500000E+02  8.87500000E+02  9.86726756E-01  1.64007521E-03  9.88366832E-01  2.50000000E-02 -4.72529441E-08 -2.95484194E-08 
    1416  3.87500000E+02  8.87500000E+02  2.24678442E-01  7.63688391E-01  9.88366832E-01  2.50000000E-02 -4.46128990E-09 -7.05223044E-10 
    1417  4.12500000E+02  8.87500000E+02 -7.30762253E-01  1.71912909E+00  9.88366832E-01  2.50000000E-02 -6.52271670E-09 -2.14500449E-09 
    1418  4.37500000E+02  8.87500000E+02  5.75043059E-01  4.13323774E-01  9.88366833E-01  2.50000000E-02 -1.29627165E-08  2.99480064E-10 
    1419  4.62500000E+02  8.87500000E+02 -6.31575044E-01  1.61994188E+00  9.88366833E-01  2.50000000E-02 -1.29502238E-08 -3.44064688E-09 
    1420  4.87500000E+02  8.87500000E+02  1.30468460E-01  8.57898373E-01  9.88366833E-01  2.50000000E-02 -1.22404101E-08 -2.35231389E-09 
    1421  5.12500000E+02  8.87500000E+02 -8.54843183E-02  1.07385115E+00  9.88366833E-01  2.50000000E-02 -1.20926643E-08  2.46552581E-09 
    1422  5.37500000E+02  8.87500000E+02 -4.66690687E-01  1.45505752E+00  9.88366833E-01  2.50000000E-02 -1.18085266E-08  4.25476206E-09 
    1423  5.62500000E+02  8.87500000E+02  1.98478416E-01  7.89888416E-01  9.88366833E-01  2.50000000E-02 -1.22964711E-08  2.40741961E-09 
    1424  5.87500000E+02  8.87500000E+02  6.91373008E-01  2.96993825E-01  9.88366833E-01  2.50000000E-02 -1.63204379E-08  5.22874108E-09 
    1425  6.12500000E+02  8.87500000E+02  4.36357020E-01  5.52009814E-01  9.88366834E-01  2.50000000E-02 -1.05941145E-08 -2.19693007E-09 
    1426  6.37500000E+02  8.87500000E+02 -3.75622754E-01  1.36398959E+00  9.88366834E-01  2.50000000E-02 -7.19821420E-09  4.68294116E-09 
    1427  6.62500000E+02  8.87500000E+02 -4.53691987E-01  1.44205882E+00  9.88366834E-01  2.50000000E-02 -6.08814146E-09  2.07304550E-09 
    1428  6.87500000E+02  8.87500000E+02 -3.82558556E-01  1.37092539E+00  9.88366834E-01  2.50000000E-02 -5.61488718E-09  5.80653060E-09 
    1429  7.12500000E+02  8.87500000E+02  6.95889476E-01  2.92477359E-01  9.88366834E-01  2.50000000E-02 -7.86120122E-09  1.50252466E-09 
    1430  7.37500000E+02  8.87500000E+02 -3.97057235E-02  1.02807256E+00  9.88366835E-01  2.50000000E-02 -4.65220696E-09  3.30372663E-09 
    1431  7.62500000E+02  8.87500000E+02 -3.21406477E-01  1.30977331E+00  9.88366835E-01  2.50000000E-02 -4.08347969E-09 -1.70843537E-09 
    1432  7.87500000E+02  8.87500000E+02 -1.37715400E-01  1.12608223E+00  9.88366835E-01  2.50000000E-02 -3.82357951E-09 -2.61131043E-10 
    1433  8.12500000E+02  8.87500000E+02 -1.24653555E-01  1.11302039E+00  9.88366835E-01  2.50000000E-02 -3.68607247E-09  3.64498096E-09 
    1434  8.37500000E+02  8.87500000E+02 -5.31782411E-02  1.04154508E+00  9.88366835E-01  2.50000000E-02 -3.46721380E-09  7.96624412E-10 
    1435  8.62500000E+02  8.87500000E+02 -6.70792831E-01  1.65915967E+00  9.88366835E-01  2.50000000E-02 -3.10038457E-09  1.43453005E-09 
    1436  8.87500000E+02  8.87500000E+02 -1.94368657E-01  1.18273549E+00  9.88366835E-01  2.50000000E-02 -2.90616136E-09  2.58393205E-10 
    1437  9.12500000E+02  8.87500000E+02 -6.22169355E-02  1.05058377E+00  9.88366835E-01  2.50000000E-02 -2.83264278E-09  1.41380185E-09 
    1438  9.37500000E+02  8.87500000E+02 -2.82240705E-01  1.27060754E+00  9.88366835E-01  2.50000000E-02 -2.38142600E-09  1.59074070E-09 
    1439  9.62500000E+02  8.87500000E+02  1.64184544E-01  8.24182291E-01  9.88366835E-01  2.50000000E-02 -1.51143310E-09 -5.23064448E-10 
    1440  9.87500000E+02  8.87500000E+02 -3.06219751E-02  1.01898881E+00  9.88366835E-01  2.50000000E-02 -5.17890292E-10  1.59979606E-09 
    1441  1.25000000E+01  9.12500000E+02  3.88405572E-01  5.99961258E-01  9.88366830E-01  2.50000000E-02 -6.51622690E-10 -4.02652677E-09 
    1442  3.75000000E+01  9.12500000E+02  1.51280795E-01  8.37086035E-01  9.88366830E-01  2.50000000E-02 -1.05246691E-09 -1.28705593E-09 
    1443  6.25000000E+01  9.12500000E+02 -3.04139805E-01  1.29250663E+00  9.88366830E-01  2.50000000E-02 -7.88480197E-10 -3.22436244E-10 
    1444  8.75000000E+01  9.12500000E+02 -7.90098644E-01  1.77846547E+00  9.88366830E-01  2.50000000E-02 -9.91568172E-10 -5.52682079E-10 
    1445  1.12500000E+02  9.12500000E+02  7.07785279E-01  2.80581551E-01  9.88366830E-01  2.50000000E-02 -4.87779798E-09 -8.68588986E-10 
    1446  1.37500000E+02  9.12500000E+02  8.57594923E-01  1.30771908E-01  9.88366831E-01  2.50000000E-02 -9.24525870E-09 -1.46457508E-09 
    1447  1.62500000E+02  9.12500000E+02 -8.07520116E-01  1.79588695E+00  9.88366831E-01  2.50000000E-02 -9.08134522E-09 -3.33057640E-09 
    1448  1.87500000E+02  9.12500000E+02  3.35942190E-01  6.52424641E-01  9.88366831E-01  2.50000000E-02 -8.76798863E-09 -2.85856161E-10 
    1449  2.12500000E+02  9.12500000E+02 -2.77486749E-01  1.26585358E+00  9.88366831E-01  2.50000000E-02 -7.40183900E-09 -2.44839786E-09 
    1450  2.37500000E+02  9.12500000E+02 -3.12058132E-01  1.30042496E+00  9.88366831E-01  2.50000000E-02 -7.81453739E-09 -3.25365462E-09 
    1451  2.62500000E+02  9.12500000E+02 -3.83367170E-01  1.37173400E+00  9.88366831E-01  2.50000000E-02 -8.75001574E-09 -8.01884160E-09 
    1452  2.87500000E+02  9.12500000E+02  8.70565118E-01  1.17801713E-01  9.88366831E-01  2.50000000E-02 -1.27164249E-08  2.27295195E-09 
    1453  3.12500000E+02  9.12500000E+02 -7.50646418E-01  1.73901325E+00  9.88366832E-01  2.50000000E-02 -8.23120283E-09 -1.42814041E-10 
    1454  3.37500000E+02  9.12500000E+02  4.16096782E-01  5.72270049E-01  9.88366832E-01  2.50000000E-02 -7.87052371E-09  5.67354943E-09 
    1455  3.62500000E+02  9.12500000E+02 -3.92942277E-01  1.38130911E+00  9.88366832E-01  2.50000000E-02 -6.10468991E-09  9.55648596E-09 
    1456  3.87500000E+02  9.12500000E+02 -9.57833220E-01  1.94620005E+00  9.88366832E-01  2.50000000E-02 -5.64291032E-09  1.54252460E-09 
    1457  4.12500000E+02  9.12500000E+02 -3.25219041E-01  1.31358587E+00  9.88366832E-01  2.50000000E-02 -6.81756924E-09 -2.71008956E-09 
    1458  4.37500000E+02  9.12500000E+02  2.64936649E-01  7.23430183E-01  9.88366832E-01  2.50000000E-02 -1.06555229E-08 -1.54059221E-09 
    1459  4.62500000E+02  9.12500000E+02  6.83520915E-01  3.04845917E-01  9.88366833E-01  2.50000000E-02 -1.36152479E-08 -4.24907807E-09 
    1460  4.87500000E+02  9.12500000E+02 -8.15006038E-02  1.06986744E+00  9.88366834E-01  2.50000000E-02 -6.80940372E-09 -8.62035635E-10 
    1461  5.12500000E+02  9.12500000E+02 -5.83436561E-01  1.57180339E+00  9.88366833E-01  2.50000000E-02 -6.12487080E-09  3.34614601E-09 
    1462  5.37500000E+02  9.12500000E+02 -8.37726170E-01  1.82609300E+00  9.88366834E-01  2.50000000E-02 -5.54845019E-09  2.69877370E-09 
    1463  5.62500000E+02  9.12500000E+02 -5.10982256E-01  1.49934909E+00  9.88366833E-01  2.50000000E-02 -5.50360604E-09 -1.29291099E-09 
    1464  5.87500000E+02  9.12500000E+02  2.44398885E-01  7.43967949E-01  9.88366833E-01  2.50000000E-02 -8.30916836E-09  3.91656408E-09 
    1465  6.12500000E+02  9.12500000E+02 -9.47668472E-01  1.93603531E+00  9.88366834E-01  2.50000000E-02 -6.08628641E-09 -1.93624490E-09 
    1466  6.37500000E+02  9.12500000E+02 -5.51132154E-01  1.53949899E+00  9.88366834E-01  2.50000000E-02 -5.32072647E-09  3.79845828E-09 
    1467  6.62500000E+02  9.12500000E+02  5.83388787E-01  4.04978047E-01  9.88366834E-01  2.50000000E-02 -7.54549930E-09  2.27147060E-09 
    1468  6.87500000E+02  9.12500000E+02  1.67800515E-01  8.20566319E-01  9.88366834E-01  2.50000000E-02 -7.44625064E-09  2.92503999E-09 
    1469  7.12500000E+02  9.12500000E+02  7.84184367E-01  2.04182467E-01  9.88366834E-01  2.50000000E-02 -5.12247554E-09 -9.16354956E-10 
    1470  7.37500000E+02  9.12500000E+02 -4.43871320E-02  1.03275397E+00  9.88366835E-01  2.50000000E-02  1.04047404E-10  3.07817017E-09 
    1471  7.62500000E+02  9.12500000E+02 -2.68744283E-01  1.25711112E+00  9.88366835E-01  2.50000000E-02  5.44726425E-10 -1.82952744E-09 
    1472  7.87500000E+02  9.12500000E+02 -9.53819213E-03  9.97905027E-01  9.88366835E-01  2.50000000E-02  6.88969456E-10 -2.96347199E-10 
    1473  8.12500000E+02  9.12500000E+02 -4.55987203E-01  1.44435404E+00  9.88366835E-01  2.50000000E-02  6.84718679E-10  3.25127431E-09 
    1474  8.37500000E+02  9.12500000E+02  7.36070775E-01  2.52296059E-01  9.88366835E-01  2.50000000E-02  3.51762133E-11  1.79890263E-09 
    1475  8.62500000E+02  9.12500000E+02  7.59808647E-02  9.12385970E-01  9.88366835E-01  2.50000000E-02  5.96855752E-11  1.27824067E-09 
    1476  8.87500000E+02  9.12500000E+02 -9.92158611E-01  1.98052545E+00  9.88366835E-01  2.50000000E-02  6.92171235E-11  9.82358504E-11 
    1477  9.12500000E+02  9.12500000E+02  3.02283360E-01  6.86083475E-01  9.88366835E-01  2.50000000E-02 -5.75941804E-13  1.03167872E-09 
    1478  9.37500000E+02  9.12500000E+02  9.20759821E-01  6.76070140E-02  9.88366835E-01  2.50000000E-02  6.84483980E-11  1.41777526E-09 
    1479  9.62500000E+02  9.12500000E+02 -5.80980122E-01  1.56934696E+00  9.88366835E-01  2.50000000E-02 -6.04015001E-10 -4.78528281E-10 
    1480  9.87500000E+02  9.12500000E+02  5.28786169E-01  4.59580666E-01  9.88366835E-01  2.50000000E-02 -3.17476590E-10  1.10730164E-09 
    1481  1.25000000E+01  9.37500000E+02  7.34919795E-01  2.53447035E-01  9.88366830E-01  2.50000000E-02 -9.64644991E-10 -4.52076177E-09 
    1482  3.75000000E+01  9.37500000E+02 -8.75809183E-01  1.86417601E+00  9.88366830E-01  2.50000000E-02 -3.84030256E-10 -1.05540713E-09 
    1483  6.25000000E+01  9.37500000E+02  4.82332735E-01  5.06034095E-01  9.88366830E-01  2.50000000E-02  1.17071662E-10 -4.09892628E-10 
    1484  8.75000000E+01  9.37500000E+02  2.98046826E-01  6.90320004E-01  9.88366830E-01  2.50000000E-02 -3.96897123E-11 -6.29727629E-10 
    1485  1.12500000E+02  9.37500000E+02  9.53217469E-01  3.51493621E-02  9.88366831E-01  2.50000000E-02 -6.86046067E-09 -2.78366955E-09 
    1486  1.37500000E+02  9.37500000E+02  1.48860910E-01  8.39505921E-01  9.88366831E-01  2.50000000E-02 -1.49810745E-09 -1.65605739E-10 
    1487  1.62500000E+02  9.37500000E+02  6.29629172E-01  3.58737659E-01  9.88366831E-01  2.50000000E-02 -2.10261294E-09 -1.28986090E-09 
    1488  1.87500000E+02  9.37500000E+02 -3.04770272E-01  1.29313710E+00  9.88366831E-01  2.50000000E-02 -3.13446216E-09 -6.83197721E-10 
    1489  2.12500000E+02  9.37500000E+02  8.65550920E-01  1.22815911E-01  9.88366831E-01  2.50000000E-02 -4.45600686E-09  3.61423913E-10 
    1490  2.37500000E+02  9.37500000E+02  8.68394624E-01  1.19972207E-01  9.88366831E-01  2.50000000E-02 -5.96223766E-09 -3.98279916E-09 
    1491  2.62500000E+02  9.37500000E+02 -8.26868350E-01  1.81523518E+00  9.88366831E-01  2.50000000E-02 -3.53266625E-09 -6.90187333E-09 
    1492  2.87500000E+02  9.37500000E+02 -9.47225403E-01  1.93559223E+00  9.88366831E-01  2.50000000E-02 -4.30173976E-09  6.98905726E-10 
    1493  3.12500000E+02  9.37500000E+02 -1.30141149E-01  1.11850798E+00  9.88366831E-01  2.50000000E-02 -6.61208747E-09  9.68125442E-10 
    1494  3.37500000E+02  9.37500000E+02  2.38649677E-01  7.49717154E-01  9.88366831E-01  2.50000000E-02 -9.28890067E-09  4.18790052E-09 
    1495  3.62500000E+02  9.37500000E+02  6.68767066E-01  3.19599767E-01  9.88366832E-01  2.50000000E-02 -1.48848236E-08  9.18179253E-09 
    1496  3.87500000E+02  9.37500000E+02  4.87360395E-01  5.01006437E-01  9.88366832E-01  2.50000000E-02 -1.37513993E-08  3.85983781E-09 
    1497  4.12500000E+02  9.37500000E+02  2.94828656E-01  6.93538176E-01  9.88366832E-01  2.50000000E-02 -1.38500107E-08 -4.64986494E-09 
    1498  4.37500000E+02  9.37500000E+02  1.98095948E-01  7.90270884E-01  9.88366832E-01  2.50000000E-02 -1.41360336E-08 -2.91349586E-09 
    1499  4.62500000E+02  9.37500000E+02 -9.78490582E-01  1.96685742E+00  9.88366834E-01  2.50000000E-02 -7.78442592E-09 -8.27889614E-10 
    1500  4.87500000E+02  9.37500000E+02 -9.35325731E-01  1.92369256E+00  9.88366833E-01  2.50000000E-02 -6.04276879E-09  3.28050020E-10 
    1501  5.12500000E+02  9.37500000E+02 -9.56784893E-01  1.94515173E+00  9.88366833E-01  2.50000000E-02 -6.61294900E-09  3.32281370E-09 
    1502  5.37500000E+02  9.37500000E+02  2.98263193E-01  6.90103641E-01  9.88366834E-01  2.50000000E-02 -9.26094373E-09  2.54683665E-09 
    1503  5.62500000E+02  9.37500000E+02  3.15803437E-01  6.72563397E-01  9.88366833E-01  2.50000000E-02 -9.64831967E-09 -2.56190553E-09 
    1504  5.87500000E+02  9.37500000E+02 -4.35304940E-01  1.42367177E+00  9.88366833E-01  2.50000000E-02 -1.18143192E-08  3.30935076E-09 
    1505  6.12500000E+02  9.37500000E+02  6.58213495E-01  3.30153340E-01  9.88366834E-01  2.50000000E-02 -1.48441156E-08 -1.85127608E-09 
    1506  6.37500000E+02  9.37500000E+02  2.65929123E-01  7.22437711E-01  9.88366835E-01  2.50000000E-02 -1.00319634E-08  3.07040693E-09 
    1507  6.62500000E+02  9.37500000E+02  2.53591048E-01  7.34775787E-01  9.88366834E-01  2.50000000E-02 -9.50758557E-09  1.98150440E-09 
    1508  6.87500000E+02  9.37500000E+02  4.20484636E-01  5.67882199E-01  9.88366835E-01  2.50000000E-02 -9.74872327E-09  1.94654622E-09 
    1509  7.12500000E+02  9.37500000E+02  9.27306853E-02  8.95636149E-01  9.88366835E-01  2.50000000E-02 -7.69282087E-09 -1.91163246E-09 
    1510  7.37500000E+02  9.37500000E+02  2.49961450E-01  7.38405385E-01  9.88366835E-01  2.50000000E-02 -5.91591013E-09  2.41986226E-09 
    1511  7.62500000E+02  9.37500000E+02 -6.40387268E-01  1.62875410E+00  9.88366835E-01  2.50000000E-02 -3.84148439E-09 -1.78061822E-09 
    1512  7.87500000E+02  9.37500000E+02 -7.41023022E-01  1.72938986E+00  9.88366835E-01  2.50000000E-02 -3.41166813E-09 -4.16261102E-10 
    1513  8.12500000E+02  9.37500000E+02 -6.82917758E-01  1.67128459E+00  9.88366835E-01  2.50000000E-02 -3.22177118E-09  2.97765470E-09 
    1514  8.37500000E+02  9.37500000E+02  1.12980395E-01  8.75386440E-01  9.88366835E-01  2.50000000E-02 -2.82935461E-09  2.14245705E-09 
    1515  8.62500000E+02  9.37500000E+02  2.45730310E-01  7.42636524E-01  9.88366835E-01  2.50000000E-02 -2.37283473E-09  9.38668001E-10 
    1516  8.87500000E+02  9.37500000E+02 -2.26569120E-01  1.21493595E+00  9.88366835E-01  2.50000000E-02 -1.46593974E-09  1.24204630E-10 
    1517  9.12500000E+02  9.37500000E+02 -5.49723705E-01  1.53809054E+00  9.88366835E-01  2.50000000E-02 -1.02589342E-09  7.49378497E-10 
    1518  9.37500000E+02  9.37500000E+02 -2.41878206E-01  1.23024504E+00  9.88366835E-01  2.50000000E-02 -8.41118645E-10 -5.04607699E-10 
    1519  9.62500000E+02  9.37500000E+02  5.59834469E-01  4.28532365E-01  9.88366835E-01  2.50000000E-02 -6.50569219E-10 -4.65718648E-10 
    1520  9.87500000E+02  9.37500000E+02 -6.51116848E-01  1.63948368E+00  9.88366835E-01  2.50000000E-02 -6.28039869E-11  1.77268216E-10 
    1521  1.25000000E+01  9.62500000E+02  8.96722093E-01  9.16447371E-02  9.88366831E-01  2.50000000E-02 -3.00226435E-09 -4.02651439E-09 
    1522  3.75000000E+01  9.62500000E+02 -8.42159858E-01  1.83052669E+00  9.88366831E-01  2.50000000E-02 -8.80109111E-09 -7.24340779E-10 
    1523  6.25000000E+01  9.62500000E+02  7.35773468E-01  2.52593363E-01  9.88366830E-01  2.50000000E-02 -9.51605886E-09 -2.56032074E-10 
    1524  8.75000000E+01  9.62500000E+02 -4.75535013E-01  1.46390184E+00  9.88366830E-01  2.50000000E-02 -1.16640026E-08 -5.57056149E-10 
    1525  1.12500000E+02  9.62500000E+02  7.68205346E-01  2.20161484E-01  9.88366831E-01  2.50000000E-02 -1.21536747E-08 -2.35235028E-09 
    1526  1.37500000E+02  9.62500000E+02 -3.04672445E-01  1.29303928E+00  9.88366831E-01  2.50000000E-02 -7.58198141E-09 -1.02479340E-10 
    1527  1.62500000E+02  9.62500000E+02  5.74915790E-01  4.13451041E-01  9.88366831E-01  2.50000000E-02 -5.97767602E-09 -6.25233371E-10 
    1528  1.87500000E+02  9.62500000E+02 -3.92427551E-01  1.38079438E+00  9.88366831E-01  2.50000000E-02 -3.93443216E-09 -4.43637097E-10 
    1529  2.12500000E+02  9.62500000E+02 -5.88412673E-02  1.04720810E+00  9.88366831E-01  2.50000000E-02 -4.06324224E-09 -1.24145055E-09 
    1530  2.37500000E+02  9.62500000E+02  5.45428619E-01  4.42938212E-01  9.88366831E-01  2.50000000E-02 -6.63863740E-09 -8.66476148E-10 
    1531  2.62500000E+02  9.62500000E+02 -7.43832154E-02  1.06275005E+00  9.88366831E-01  2.50000000E-02 -7.00278523E-09 -4.22463520E-09 
    1532  2.87500000E+02  9.62500000E+02 -8.95814017E-02  1.07794823E+00  9.88366831E-01  2.50000000E-02 -8.00603673E-09  6.79242719E-11 
    1533  3.12500000E+02  9.62500000E+02  3.83351312E-01  6.05015520E-01  9.88366831E-01  2.50000000E-02 -1.01133386E-08  2.64179821E-10 
    1534  3.37500000E+02  9.62500000E+02  1.64148860E-01  8.24217972E-01  9.88366831E-01  2.50000000E-02 -1.08673772E-08  1.68923611E-09 
    1535  3.62500000E+02  9.62500000E+02  6.71659560E-01  3.16707272E-01  9.88366832E-01  2.50000000E-02 -1.12683903E-08  7.06145267E-09 
    1536  3.87500000E+02  9.62500000E+02  5.99661382E-01  3.88705449E-01  9.88366831E-01  2.50000000E-02 -1.03957097E-08  4.79680314E-09 
    1537  4.12500000E+02  9.62500000E+02  9.46653930E-01  4.17129027E-02  9.88366832E-01  2.50000000E-02 -3.85904663E-08  5.48228365E-09 
    1538  4.37500000E+02  9.62500000E+02  8.56148547E-01  1.32218287E-01  9.88366833E-01  2.50000000E-02 -3.27469615E-08  2.20391907E-09 
    1539  4.62500000E+02  9.62500000E+02 -9.11244148E-01  1.89961098E+00  9.88366834E-01  2.50000000E-02 -2.46236717E-08 -5.24012357E-10 
    1540  4.87500000E+02  9.62500000E+02  7.41694063E-01  2.46672771E-01  9.88366833E-01  2.50000000E-02 -2.05457442E-08 -2.76568030E-10 
    1541  5.12500000E+02  9.62500000E+02  2.66200869E-01  7.22165965E-01  9.88366833E-01  2.50000000E-02 -2.03614753E-08  8.13740674E-10 
    1542  5.37500000E+02  9.62500000E+02  7.96732860E-01  1.91633973E-01  9.88366833E-01  2.50000000E-02 -1.82884916E-08  2.70003545E-09 
    1543  5.62500000E+02  9.62500000E+02  5.98661757E-01  3.89705076E-01  9.88366834E-01  2.50000000E-02 -1.25274388E-08 -1.02901611E-09 
    1544  5.87500000E+02  9.62500000E+02  6.19124027E-01  3.69242806E-01  9.88366833E-01  2.50000000E-02 -9.84141065E-09  2.19060640E-09 
    1545  6.12500000E+02  9.62500000E+02 -4.32051852E-01  1.42041869E+00  9.88366834E-01  2.50000000E-02 -3.47345512E-09 -2.38734628E-09 
    1546  6.37500000E+02  9.62500000E+02 -7.08649779E-01  1.69701661E+00  9.88366834E-01  2.50000000E-02 -2.81835007E-09  2.79835151E-09 
    1547  6.62500000E+02  9.62500000E+02  5.82485926E-01  4.05880908E-01  9.88366834E-01  2.50000000E-02 -3.25101350E-09  4.50528378E-10 
    1548  6.87500000E+02  9.62500000E+02  9.49551748E-01  3.88150862E-02  9.88366834E-01  2.50000000E-02 -9.00976055E-09  2.99355409E-09 
    1549  7.12500000E+02  9.62500000E+02  6.77367560E-01  3.10999274E-01  9.88366835E-01  2.50000000E-02 -3.12160357E-09 -1.05802104E-09 
    1550  7.37500000E+02  9.62500000E+02  5.27567504E-01  4.60799331E-01  9.88366835E-01  2.50000000E-02 -2.10066404E-09  1.26666224E-09 
    1551  7.62500000E+02  9.62500000E+02  5.84450674E-01  4.03916161E-01  9.88366835E-01  2.50000000E-02 -1.87980679E-09 -7.21554024E-10 
    1552  7.87500000E+02  9.62500000E+02  1.27239764E-01  8.61127070E-01  9.88366835E-01  2.50000000E-02 -2.15272167E-09 -3.26250984E-10 
    1553  8.12500000E+02  9.62500000E+02  4.08184924E-01  5.80181911E-01  9.88366835E-01  2.50000000E-02 -2.12303984E-09  2.23615891E-09 
    1554  8.37500000E+02  9.62500000E+02  9.69415757E-01  1.89510773E-02  9.88366835E-01  2.50000000E-02 -7.54301065E-10 -3.50337656E-10 
    1555  8.62500000E+02  9.62500000E+02 -4.55126912E-01  1.44349375E+00  9.88366835E-01  2.50000000E-02  1.15378533E-10  4.06380239E-10 
    1556  8.87500000E+02  9.62500000E+02 -3.50936499E-02  1.02346048E+00  9.88366835E-01  2.50000000E-02  1.39429378E-10  1.04886443E-10 
    1557  9.12500000E+02  9.62500000E+02  3.37572878E-01  6.50793957E-01  9.88366835E-01  2.50000000E-02  2.80721075E-10  3.40612213E-10 
    1558  9.37500000E+02  9.62500000E+02 -8.75588298E-01  1.86395513E+00  9.88366835E-01  2.50000000E-02  2.82755948E-10 -3.76344215E-10 
    1559  9.62500000E+02  9.62500000E+02  4.93574482E-01  4.94792353E-01  9.88366835E-01  2.50000000E-02 -6.85098527E-12 -4.64322011E-10 
    1560  9.87500000E+02  9.62500000E+02 -5.51021495E-01  1.53938833E+00  9.88366835E-01  2.50000000E-02 -2.28615341E-11  8.18014545E-11 
    1561  1.25000000E+01  9.87500000E+02  7.80190091E-01  2.08176739E-01  9.88366830E-01  2.50000000E-02 -4.70535831E-10 -3.14315205E-10 
    1562  3.75000000E+01  9.87500000E+02 -1.81548055E-02  1.00652164E+00  9.88366830E-01  2.50000000E-02 -1.42917897E-09 -6.63396764E-11 
    1563  6.25000000E+01  9.87500000E+02  7.71319893E-01  2.17046937E-01  9.88366830E-01  2.50000000E-02 -2.37371144E-09  1.41582496E-10 
    1564  8.75000000E+01  9.87500000E+02  8.88495144E-01  9.98716867E-02  9.88366830E-01  2.50000000E-02 -5.05339057E-09 -6.32711803E-10 
    1565  1.12500000E+02  9.87500000E+02  4.92368360E-01  4.95998471E-01  9.88366831E-01  2.50000000E-02 -2.67542383E-09 -5.31851657E-10 
    1566  1.37500000E+02  9.87500000E+02 -4.30424939E-01  1.41879177E+00  9.88366831E-01  2.50000000E-02 -1.20997123E-09 -5.17802598E-11 
    1567  1.62500000E+02  9.87500000E+02 -5.44610253E-01  1.53297708E+00  9.88366831E-01  2.50000000E-02 -1.30109183E-09 -8.38856356E-11 
    1568  1.87500000E+02  9.87500000E+02  1.28043422E-01  8.60323409E-01  9.88366831E-01  2.50000000E-02 -2.40606164E-09  5.86754874E-11 
    1569  2.12500000E+02  9.87500000E+02  4.76008640E-01  5.12358191E-01  9.88366831E-01  2.50000000E-02 -4.07181349E-09 -7.28090163E-10 
    1570  2.37500000E+02  9.87500000E+02 -2.24396448E-01  1.21276328E+00  9.88366831E-01  2.50000000E-02 -4.63273218E-09 -9.25331361E-11 
    1571  2.62500000E+02  9.87500000E+02  3.63342812E-01  6.25024019E-01  9.88366831E-01  2.50000000E-02 -5.46647046E-09 -9.78894866E-10 
    1572  2.87500000E+02  9.87500000E+02  1.71146563E-01  8.17220268E-01  9.88366831E-01  2.50000000E-02 -6.08747741E-09 -3.87520923E-10 
    1573  3.12500000E+02  9.87500000E+02 -2.55419759E-01  1.24378659E+00  9.88366831E-01  2.50000000E-02 -4.52393278E-09  1.24595824E-11 
    1574  3.37500000E+02  9.87500000E+02 -8.66685646E-01  1.85505248E+00  9.88366831E-01  2.50000000E-02 -3.39326797E-09  1.12649544E-10 
    1575  3.62500000E+02  9.87500000E+02 -4.65567840E-01  1.45393467E+00  9.88366831E-01  2.50000000E-02 -2.51339974E-09  4.65105993E-10 
    1576  3.87500000E+02  9.87500000E+02 -4.61431498E-01  1.44979833E+00  9.88366831E-01  2.50000000E-02 -1.77176879E-09  3.19485302E-10 
    1577  4.12500000E+02  9.87500000E+02 -2.80989792E-01  1.26935662E+00  9.88366831E-01  2.50000000E-02 -1.87059052E-09  6.91477849E-11 
    1578  4.37500000E+02  9.87500000E+02  7.01271443E-01  2.87095389E-01  9.88366832E-01  2.50000000E-02 -5.28937482E-09  2.42258946E-09 
    1579  4.62500000E+02  9.87500000E+02  9.85313228E-01  3.05360513E-03  9.88366833E-01  2.50000000E-02 -5.61817342E-08  1.81915219E-08 
    1580  4.87500000E+02  9.87500000E+02 -5.00564128E-01  1.48893096E+00  9.88366833E-01  2.50000000E-02 -3.37627885E-10 -3.94077302E-11 
    1581  5.12500000E+02  9.87500000E+02  4.67460687E-02  9.41620765E-01  9.88366833E-01  2.50000000E-02 -3.49302169E-10 -6.98290293E-12 
    1582  5.37500000E+02  9.87500000E+02 -3.67814905E-01  1.35618174E+00  9.88366833E-01  2.50000000E-02 -2.45622613E-10  4.76138365E-11 
    1583  5.62500000E+02  9.87500000E+02 -2.25677842E-01  1.21404468E+00  9.88366833E-01  2.50000000E-02 -1.80886359E-10  9.69878512E-12 
    1584  5.87500000E+02  9.87500000E+02  9.68637570E-01  1.97292633E-02  9.88366834E-01  2.50000000E-02 -1.16845975E-08 -9.96834363E-10 
    1585  6.12500000E+02  9.87500000E+02  8.61150098E-01  1.27216736E-01  9.88366834E-01  2.50000000E-02 -3.86872900E-09 -5.62548902E-10 
    1586  6.37500000E+02  9.87500000E+02  4.40708159E-01  5.47658676E-01  9.88366834E-01  2.50000000E-02 -4.94095434E-10  2.99752765E-10 
    1587  6.62500000E+02  9.87500000E+02 -4.93636618E-01  1.48200345E+00  9.88366834E-01  2.50000000E-02 -3.28507025E-10 -8.09082660E-11 
    1588  6.87500000E+02  9.87500000E+02  2.86862288E-02  9.59680606E-01  9.88366834E-01  2.50000000E-02 -4.87444526E-10  1.82287959E-11 
    1589  7.12500000E+02  9.87500000E+02  8.13472892E-01  1.74893942E-01  9.88366834E-01  2.50000000E-02 -1.60398585E-09  1.53588912E-10 
    1590  7.37500000E+02  9.87500000E+02 -1.47160918E-01  1.13552775E+00  9.88366835E-01  2.50000000E-02  6.79684251E-11  2.00846330E-10 
    1591  7.62500000E+02  9.87500000E+02 -4.87373231E-01  1.47574007E+00  9.88366835E-01  2.50000000E-02  9.95769941E-11 -5.33230629E-11 
    1592  7.87500000E+02  9.87500000E+02  1.47170481E-01  8.41196354E-01  9.88366835E-01  2.50000000E-02 -5.69871772E-11 -6.31234560E-11 
    1593  8.12500000E+02  9.87500000E+02  7.84715252E-01  2.03651583E-01  9.88366835E-01  2.50000000E-02 -1.58491855E-10  5.22298390E-10 
    1594  8.37500000E+02  9.87500000E+02  8.76695779E-01  1.11671055E-01  9.88366835E-01  2.50000000E-02  7.30066155E-10 -4.31034998E-11 
    1595  8.62500000E+02  9.87500000E+02 -4.94772749E-03  9.93314562E-01  9.88366835E-01  2.50000000E-02  3.64660195E-10  1.46039455E-10 
    1596  8.87500000E+02  9.87500000E+02 -3.80833447E-01  1.36920028E+00  9.88366835E-01  2.50000000E-02  3.36215845E-10  3.95363452E-11 
    1597  9.12500000E+02  9.87500000E+02 -7.36947486E-01  1.72531432E+00  9.88366835E-01  2.50000000E-02  3.39141541E-10  4.45156042E-11 
    1598  9.37500000E+02  9.87500000E+02 -7.00983651E-01  1.68935049E+00  9.88366835E-01  2.50000000E-02  3.40749758E-10 -1.41390966E-10 
    1599  9.62500000E+02  9.87500000E+02  5.93900250E-01  3.94466585E-01  9.88366835E-01  2.50000000E-02  9.88543046E-11 -1.57723156E-10 
    1600  9.87500000E+02  9.87500000E+02  6.22605174E-01  3.65761661E-01  9.88366835E-01  2.50000000E-02 -4.18061507E-11  5.38187812E-11 
