 # Gnuplot DataFile Version
 # i x y bathy h zs Manning u v
       1  1.25000000E+01  1.25000000E+01  4.46335605E-01  5.42031170E-01  9.88366776E-01  2.50000000E-02  6.69517213E-09 -7.44030280E-09 
       2  3.75000000E+01  1.25000000E+01 -6.05345608E-03  9.94420233E-01  9.88366777E-01  2.50000000E-02  2.48860029E-08 -1.14921839E-08 
       3  6.25000000E+01  1.25000000E+01 -5.49514821E-01  1.53788160E+00  9.88366778E-01  2.50000000E-02  3.90511842E-08 -4.03586307E-11 
       4  8.75000000E+01  1.25000000E+01  7.91149585E-01  1.97217173E-01  9.88366758E-01  2.50000000E-02  1.07687802E-07  3.54341840E-08 
       5  1.12500000E+02  1.25000000E+01  6.13669961E-02  9.26999765E-01  9.88366761E-01  2.50000000E-02  5.08439699E-08 -1.41669054E-10 
       6  1.37500000E+02  1.25000000E+01  6.27517616E-01  3.60849162E-01  9.88366777E-01  2.50000000E-02  1.19619493E-07 -7.80639336E-08 
       7  1.62500000E+02  1.25000000E+01  2.46381453E-01  7.41985290E-01  9.88366743E-01  2.50000000E-02  9.25655950E-08  2.78321661E-08 
       8  1.87500000E+02  1.25000000E+01  3.71292612E-01  6.17074134E-01  9.88366746E-01  2.50000000E-02  1.26026629E-08  8.50574263E-08 
       9  2.12500000E+02  1.25000000E+01  9.46004258E-01  4.23625932E-02  9.88366851E-01  2.50000000E-02 -2.08544598E-06  2.34987438E-07 
      10  2.37500000E+02  1.25000000E+01  5.74937168E-01  4.13429753E-01  9.88366922E-01  2.50000000E-02 -1.42387563E-06  5.78841673E-07 
      11  2.62500000E+02  1.25000000E+01  4.39255120E-02  9.44441561E-01  9.88367073E-01  2.50000000E-02 -6.09854930E-07 -1.06751618E-07 
      12  2.87500000E+02  1.25000000E+01 -4.09949661E-02  1.02936198E+00  9.88367011E-01  2.50000000E-02 -3.52949661E-07 -1.04235264E-07 
      13  3.12500000E+02  1.25000000E+01  4.38687919E-01  5.49679074E-01  9.88366993E-01  2.50000000E-02 -2.90691873E-07  4.26638764E-09 
      14  3.37500000E+02  1.25000000E+01 -7.91228831E-02  1.06748992E+00  9.88367039E-01  2.50000000E-02 -1.07019799E-07 -8.02763913E-08 
      15  3.62500000E+02  1.25000000E+01  2.44044062E-01  7.44322980E-01  9.88367043E-01  2.50000000E-02  1.47502700E-07 -1.31108077E-07 
      16  3.87500000E+02  1.25000000E+01 -6.85643526E-01  1.67401055E+00  9.88367022E-01  2.50000000E-02  3.37093209E-07 -4.43622294E-08 
      17  4.12500000E+02  1.25000000E+01  2.59727577E-02  9.62394248E-01  9.88367006E-01  2.50000000E-02  3.57714726E-07  1.77271098E-08 
      18  4.37500000E+02  1.25000000E+01 -5.16011811E-01  1.50437879E+00  9.88366978E-01  2.50000000E-02  2.35233440E-07  2.05039451E-08 
      19  4.62500000E+02  1.25000000E+01 -9.20531819E-01  1.90889885E+00  9.88367026E-01  2.50000000E-02  2.48430064E-07 -1.07062147E-08 
      20  4.87500000E+02  1.25000000E+01  2.92289694E-01  6.96077281E-01  9.88366975E-01  2.50000000E-02  4.78912931E-07 -1.21392140E-08 
      21  5.12500000E+02  1.25000000E+01 -6.29697380E-01  1.61806434E+00  9.88366959E-01  2.50000000E-02  4.52476170E-07 -2.66276082E-09 
      22  5.37500000E+02  1.25000000E+01  1.38086539E-01  8.50280420E-01  9.88366959E-01  2.50000000E-02  3.80046460E-07  3.87356786E-08 
      23  5.62500000E+02  1.25000000E+01 -7.46759496E-01  1.73512649E+00  9.88366993E-01  2.50000000E-02  4.19346929E-07  2.21329746E-08 
      24  5.87500000E+02  1.25000000E+01  7.38600993E-01  2.49765921E-01  9.88366914E-01  2.50000000E-02  8.42198980E-07  4.49697711E-08 
      25  6.12500000E+02  1.25000000E+01 -7.02905248E-01  1.69127217E+00  9.88366922E-01  2.50000000E-02  8.01377150E-07  2.09452756E-08 
      26  6.37500000E+02  1.25000000E+01  8.08237824E-01  1.80129100E-01  9.88366924E-01  2.50000000E-02  6.60149280E-07  6.93990007E-08 
      27  6.62500000E+02  1.25000000E+01  2.71836042E-01  7.16530852E-01  9.88366894E-01  2.50000000E-02  2.94972140E-07 -5.32409178E-08 
      28  6.87500000E+02  1.25000000E+01  1.36223681E-01  8.52143228E-01  9.88366908E-01  2.50000000E-02  2.72019552E-07 -3.32849090E-08 
      29  7.12500000E+02  1.25000000E+01 -3.85249797E-01  1.37361669E+00  9.88366892E-01  2.50000000E-02  2.37835944E-07 -5.64237353E-09 
      30  7.37500000E+02  1.25000000E+01 -2.31877380E-01  1.22024428E+00  9.88366903E-01  2.50000000E-02  2.13754756E-07  2.76346341E-08 
      31  7.62500000E+02  1.25000000E+01  1.13778251E-01  8.74588647E-01  9.88366898E-01  2.50000000E-02  2.06467290E-07  1.24302464E-08 
      32  7.87500000E+02  1.25000000E+01 -2.03716185E-01  1.19208308E+00  9.88366890E-01  2.50000000E-02  1.56303200E-07  5.60549739E-09 
      33  8.12500000E+02  1.25000000E+01 -8.01970376E-01  1.79033727E+00  9.88366892E-01  2.50000000E-02  1.12232966E-07  1.21671804E-08 
      34  8.37500000E+02  1.25000000E+01 -2.45458514E-01  1.23382541E+00  9.88366899E-01  2.50000000E-02  9.32128386E-08  3.43666397E-08 
      35  8.62500000E+02  1.25000000E+01  6.55172082E-01  3.33194813E-01  9.88366896E-01  2.50000000E-02  7.44623607E-08  2.00801186E-08 
      36  8.87500000E+02  1.25000000E+01 -7.59466771E-01  1.74783366E+00  9.88366893E-01  2.50000000E-02  2.09353278E-08  5.83258066E-10 
      37  9.12500000E+02  1.25000000E+01 -1.48571111E-01  1.13693800E+00  9.88366894E-01  2.50000000E-02  1.16169650E-08  4.31625521E-09 
      38  9.37500000E+02  1.25000000E+01 -9.38289085E-01  1.92665598E+00  9.88366895E-01  2.50000000E-02  9.42673969E-09  4.04965960E-10 
      39  9.62500000E+02  1.25000000E+01  6.10300161E-01  3.78066731E-01  9.88366893E-01  2.50000000E-02  1.13502823E-08  7.02406929E-09 
      40  9.87500000E+02  1.25000000E+01 -2.47851854E-01  1.23621875E+00  9.88366893E-01  2.50000000E-02  7.87131853E-10  1.17504295E-09 
      41  1.25000000E+01  3.75000000E+01 -5.98248598E-03  9.94349262E-01  9.88366776E-01  2.50000000E-02  7.73477927E-09 -2.16751791E-08 
      42  3.75000000E+01  3.75000000E+01 -2.67561176E-01  1.25592795E+00  9.88366777E-01  2.50000000E-02  2.68667616E-08 -3.38325676E-08 
      43  6.25000000E+01  3.75000000E+01 -5.60496726E-01  1.54886350E+00  9.88366778E-01  2.50000000E-02  4.66445177E-08 -2.76960482E-10 
      44  8.75000000E+01  3.75000000E+01  6.36443375E-01  3.51923389E-01  9.88366763E-01  2.50000000E-02  1.24784211E-07  1.43976977E-07 
      45  1.12500000E+02  3.75000000E+01  9.86166516E-01  2.20026879E-03  9.88366784E-01  2.50000000E-02 -2.59661323E-06 -8.61505049E-07 
      46  1.37500000E+02  3.75000000E+01 -5.10431734E-01  1.49879857E+00  9.88366835E-01  2.50000000E-02 -1.18972593E-07  6.61735932E-08 
      47  1.62500000E+02  3.75000000E+01 -4.55747954E-01  1.44411474E+00  9.88366783E-01  2.50000000E-02 -2.51620360E-07  2.30237300E-07 
      48  1.87500000E+02  3.75000000E+01 -9.26617771E-01  1.91498454E+00  9.88366773E-01  2.50000000E-02 -5.43450020E-07  3.60198506E-07 
      49  2.12500000E+02  3.75000000E+01 -6.05654847E-01  1.59402166E+00  9.88366810E-01  2.50000000E-02 -7.21320098E-07  7.29118255E-08 
      50  2.37500000E+02  3.75000000E+01 -4.45395756E-01  1.43376253E+00  9.88366778E-01  2.50000000E-02 -8.98357057E-07  1.03082158E-06 
      51  2.62500000E+02  3.75000000E+01  6.78131645E-01  3.10235442E-01  9.88367087E-01  2.50000000E-02 -1.67830126E-06 -1.15512185E-06 
      52  2.87500000E+02  3.75000000E+01  4.31827320E-01  5.56539679E-01  9.88366999E-01  2.50000000E-02 -1.18908421E-06 -6.77616206E-07 
      53  3.12500000E+02  3.75000000E+01  9.58920598E-01  2.94463754E-02  9.88366974E-01  2.50000000E-02 -6.53759952E-07  3.40323997E-07 
      54  3.37500000E+02  3.75000000E+01 -1.43604037E-01  1.13197106E+00  9.88367018E-01  2.50000000E-02  2.66726185E-07 -3.03583394E-07 
      55  3.62500000E+02  3.75000000E+01 -7.98346345E-01  1.78671340E+00  9.88367054E-01  2.50000000E-02  3.77730152E-07 -3.49050378E-07 
      56  3.87500000E+02  3.75000000E+01 -7.61416868E-01  1.74978390E+00  9.88367032E-01  2.50000000E-02  4.34948733E-07 -1.08321309E-07 
      57  4.12500000E+02  3.75000000E+01 -7.32299337E-01  1.72066638E+00  9.88367038E-01  2.50000000E-02  4.51601423E-07  1.57695116E-07 
      58  4.37500000E+02  3.75000000E+01  4.06542981E-03  9.84301588E-01  9.88367018E-01  2.50000000E-02  4.52306347E-07  2.21903789E-07 
      59  4.62500000E+02  3.75000000E+01  5.23048454E-01  4.65318600E-01  9.88367053E-01  2.50000000E-02  4.02174880E-07 -6.37328401E-08 
      60  4.87500000E+02  3.75000000E+01  8.70015014E-01  1.18351987E-01  9.88367001E-01  2.50000000E-02  7.73724045E-07 -1.17064708E-07 
      61  5.12500000E+02  3.75000000E+01  6.95774785E-02  9.18789472E-01  9.88366950E-01  2.50000000E-02  1.88091177E-07 -4.37167188E-08 
      62  5.37500000E+02  3.75000000E+01 -2.62874281E-01  1.25124124E+00  9.88366956E-01  2.50000000E-02  1.57302619E-07  1.06947843E-07 
      63  5.62500000E+02  3.75000000E+01  2.57640648E-02  9.62602914E-01  9.88366979E-01  2.50000000E-02  2.17579857E-07  8.40379204E-08 
      64  5.87500000E+02  3.75000000E+01  5.75245284E-01  4.13121634E-01  9.88366918E-01  2.50000000E-02  3.83854975E-07  1.60779793E-07 
      65  6.12500000E+02  3.75000000E+01 -6.05455565E-01  1.59382247E+00  9.88366902E-01  2.50000000E-02  1.66078194E-07  1.58059364E-08 
      66  6.37500000E+02  3.75000000E+01 -6.78783371E-01  1.66715028E+00  9.88366907E-01  2.50000000E-02  1.40397399E-07  8.09553807E-08 
      67  6.62500000E+02  3.75000000E+01 -9.13459003E-01  1.90182591E+00  9.88366908E-01  2.50000000E-02  1.30121887E-07 -1.06480064E-07 
      68  6.87500000E+02  3.75000000E+01 -6.50455217E-01  1.63882214E+00  9.88366918E-01  2.50000000E-02  1.44693854E-07 -6.71079023E-08 
      69  7.12500000E+02  3.75000000E+01  2.69543656E-01  7.18823242E-01  9.88366898E-01  2.50000000E-02  2.04354883E-07 -1.24554714E-08 
      70  7.37500000E+02  3.75000000E+01 -3.48170109E-01  1.33653700E+00  9.88366888E-01  2.50000000E-02  1.49951640E-07  4.00632909E-08 
      71  7.62500000E+02  3.75000000E+01 -8.77683744E-01  1.86605064E+00  9.88366891E-01  2.50000000E-02  1.22017361E-07  1.43982770E-08 
      72  7.87500000E+02  3.75000000E+01 -6.64986548E-01  1.65335344E+00  9.88366891E-01  2.50000000E-02  1.07704779E-07  1.88426245E-08 
      73  8.12500000E+02  3.75000000E+01 -8.83911452E-01  1.87227835E+00  9.88366894E-01  2.50000000E-02  9.81659014E-08  3.97963221E-08 
      74  8.37500000E+02  3.75000000E+01 -4.05378689E-01  1.39374558E+00  9.88366890E-01  2.50000000E-02  8.33800573E-08  7.78453683E-08 
      75  8.62500000E+02  3.75000000E+01 -9.46473242E-01  1.93484013E+00  9.88366891E-01  2.50000000E-02  6.18319636E-08  3.54631182E-08 
      76  8.87500000E+02  3.75000000E+01 -4.51688796E-02  1.03353577E+00  9.88366895E-01  2.50000000E-02  4.32596490E-08  1.02016517E-08 
      77  9.12500000E+02  3.75000000E+01  1.61625845E-01  8.26741052E-01  9.88366897E-01  2.50000000E-02  3.93940157E-08  2.96872186E-08 
      78  9.37500000E+02  3.75000000E+01  8.80252354E-01  1.08114540E-01  9.88366894E-01  2.50000000E-02  4.27166468E-08  4.78490732E-08 
      79  9.62500000E+02  3.75000000E+01 -4.78569655E-01  1.46693655E+00  9.88366892E-01  2.50000000E-02 -6.66900818E-10  1.82859374E-08 
      80  9.87500000E+02  3.75000000E+01 -4.41479578E-01  1.42984647E+00  9.88366893E-01  2.50000000E-02 -6.48467192E-10  2.69592372E-09 
      81  1.25000000E+01  6.25000000E+01 -2.22133777E-01  1.21050056E+00  9.88366779E-01  2.50000000E-02 -6.46647508E-09 -1.81529133E-08 
      82  3.75000000E+01  6.25000000E+01 -9.22805164E-01  1.91117194E+00  9.88366779E-01  2.50000000E-02 -1.68810380E-08 -4.19588449E-08 
      83  6.25000000E+01  6.25000000E+01  8.67690341E-01  1.20676445E-01  9.88366786E-01  2.50000000E-02 -2.03386980E-07  5.08513070E-08 
      84  8.75000000E+01  6.25000000E+01  5.96017279E-01  3.92349503E-01  9.88366782E-01  2.50000000E-02 -3.62913473E-07  3.00145068E-07 
      85  1.12500000E+02  6.25000000E+01  6.44978475E-01  3.43388310E-01  9.88366784E-01  2.50000000E-02 -3.83129682E-07 -2.09383870E-09 
      86  1.37500000E+02  6.25000000E+01  1.31753819E-01  8.56612998E-01  9.88366818E-01  2.50000000E-02 -2.05154315E-07  1.29130928E-07 
      87  1.62500000E+02  6.25000000E+01 -4.55407585E-01  1.44377438E+00  9.88366796E-01  2.50000000E-02 -1.85516427E-07  3.91180392E-07 
      88  1.87500000E+02  6.25000000E+01 -5.64947174E-01  1.55331396E+00  9.88366785E-01  2.50000000E-02 -2.38945622E-07  4.81826000E-07 
      89  2.12500000E+02  6.25000000E+01  3.81153889E-01  6.07212911E-01  9.88366800E-01  2.50000000E-02 -4.78431134E-07  1.47372384E-08 
      90  2.37500000E+02  6.25000000E+01  8.45212841E-01  1.43154037E-01  9.88366878E-01  2.50000000E-02 -1.33607554E-06  4.05722886E-07 
      91  2.62500000E+02  6.25000000E+01 -2.37008896E-01  1.22537594E+00  9.88367048E-01  2.50000000E-02 -1.09447363E-07 -2.32625170E-06 
      92  2.87500000E+02  6.25000000E+01 -1.01501098E-01  1.08986819E+00  9.88367090E-01  2.50000000E-02  1.44425182E-07 -9.11896552E-07 
      93  3.12500000E+02  6.25000000E+01 -3.41664032E-01  1.33003100E+00  9.88366970E-01  2.50000000E-02  1.64668267E-07  2.46030173E-07 
      94  3.37500000E+02  6.25000000E+01 -5.72670355E-01  1.56103740E+00  9.88367044E-01  2.50000000E-02  1.12505978E-07 -4.87312901E-07 
      95  3.62500000E+02  6.25000000E+01 -7.40812302E-01  1.72917934E+00  9.88367042E-01  2.50000000E-02  2.23422341E-07 -4.25185686E-07 
      96  3.87500000E+02  6.25000000E+01  1.39403546E-01  8.48963480E-01  9.88367026E-01  2.50000000E-02  4.27876068E-07 -2.35045616E-07 
      97  4.12500000E+02  6.25000000E+01 -3.42636639E-01  1.33100365E+00  9.88367009E-01  2.50000000E-02  5.14587987E-07  2.25978509E-07 
      98  4.37500000E+02  6.25000000E+01 -8.09230132E-01  1.79759714E+00  9.88367007E-01  2.50000000E-02  5.18335296E-07  5.10962745E-07 
      99  4.62500000E+02  6.25000000E+01  8.36185138E-01  1.52181887E-01  9.88367025E-01  2.50000000E-02  4.63562030E-07  9.49797412E-08 
     100  4.87500000E+02  6.25000000E+01 -7.66004509E-01  1.75437148E+00  9.88366974E-01  2.50000000E-02  1.35431115E-07 -2.23517093E-07 
     101  5.12500000E+02  6.25000000E+01 -8.56193929E-01  1.84456091E+00  9.88366983E-01  2.50000000E-02  1.37103283E-07 -6.13375410E-09 
     102  5.37500000E+02  6.25000000E+01  7.96759260E-01  1.91607680E-01  9.88366940E-01  2.50000000E-02  4.40312067E-07  5.21230212E-07 
     103  5.62500000E+02  6.25000000E+01  9.10743014E-01  7.76239325E-02  9.88366946E-01  2.50000000E-02  4.39598188E-07  4.22205446E-07 
     104  5.87500000E+02  6.25000000E+01  4.33256348E-01  5.55110560E-01  9.88366908E-01  2.50000000E-02  6.63175830E-08  1.77340717E-07 
     105  6.12500000E+02  6.25000000E+01 -2.25020687E-01  1.21338760E+00  9.88366915E-01  2.50000000E-02  5.48998110E-08 -2.96036444E-08 
     106  6.37500000E+02  6.25000000E+01  4.75225974E-01  5.13140938E-01  9.88366912E-01  2.50000000E-02  6.21436479E-08  7.07744974E-08 
     107  6.62500000E+02  6.25000000E+01  4.58719477E-01  5.29647436E-01  9.88366913E-01  2.50000000E-02  5.94503041E-08 -7.85376564E-08 
     108  6.87500000E+02  6.25000000E+01  9.60961101E-01  2.74058135E-02  9.88366915E-01  2.50000000E-02  2.47347196E-07 -1.88782362E-07 
     109  7.12500000E+02  6.25000000E+01 -4.20474387E-01  1.40884128E+00  9.88366892E-01  2.50000000E-02  2.38854983E-08 -1.91713722E-08 
     110  7.37500000E+02  6.25000000E+01 -3.14378457E-01  1.30274535E+00  9.88366893E-01  2.50000000E-02  2.44046762E-08  2.69044960E-08 
     111  7.62500000E+02  6.25000000E+01 -1.11089879E-01  1.09945677E+00  9.88366893E-01  2.50000000E-02  2.95543476E-08  5.32352129E-09 
     112  7.87500000E+02  6.25000000E+01 -7.61144773E-01  1.74951166E+00  9.88366891E-01  2.50000000E-02  2.79686081E-08  2.68884057E-08 
     113  8.12500000E+02  6.25000000E+01 -3.67239481E-02  1.02509084E+00  9.88366889E-01  2.50000000E-02  1.26907697E-08  9.76037076E-08 
     114  8.37500000E+02  6.25000000E+01 -9.98738683E-01  1.98710558E+00  9.88366892E-01  2.50000000E-02  5.59218499E-10  9.68382403E-08 
     115  8.62500000E+02  6.25000000E+01 -8.80356106E-01  1.86872300E+00  9.88366894E-01  2.50000000E-02  3.84497954E-09  4.09682524E-08 
     116  8.87500000E+02  6.25000000E+01 -6.14383111E-01  1.60275000E+00  9.88366892E-01  2.50000000E-02  9.72688270E-09  1.75033891E-08 
     117  9.12500000E+02  6.25000000E+01  3.58235454E-01  6.30131437E-01  9.88366891E-01  2.50000000E-02  1.00604933E-08  6.21150656E-08 
     118  9.37500000E+02  6.25000000E+01  6.03469246E-01  3.84897644E-01  9.88366890E-01  2.50000000E-02 -3.94701194E-09  4.35274592E-08 
     119  9.62500000E+02  6.25000000E+01  4.41048308E-01  5.47318584E-01  9.88366892E-01  2.50000000E-02 -1.28569099E-08  2.29912684E-08 
     120  9.87500000E+02  6.25000000E+01  9.11711479E-01  7.66554119E-02  9.88366891E-01  2.50000000E-02 -1.96725418E-10  3.01696559E-08 
     121  1.25000000E+01  8.75000000E+01  1.08678609E-01  8.79688180E-01  9.88366788E-01  2.50000000E-02 -4.04756775E-08  2.94850179E-08 
     122  3.75000000E+01  8.75000000E+01 -2.28846589E-01  1.21721338E+00  9.88366792E-01  2.50000000E-02 -1.09959120E-07 -8.00933973E-09 
     123  6.25000000E+01  8.75000000E+01 -3.58835185E-01  1.34720198E+00  9.88366790E-01  2.50000000E-02 -1.48953472E-07  2.07745711E-07 
     124  8.75000000E+01  8.75000000E+01 -2.64391871E-01  1.25275864E+00  9.88366773E-01  2.50000000E-02 -2.37972287E-07  4.64736299E-07 
     125  1.12500000E+02  8.75000000E+01 -7.25763198E-02  1.06094311E+00  9.88366793E-01  2.50000000E-02 -3.51747493E-07  4.21714847E-08 
     126  1.37500000E+02  8.75000000E+01 -1.54400161E-01  1.14276698E+00  9.88366817E-01  2.50000000E-02 -3.26394017E-07  1.32271089E-07 
     127  1.62500000E+02  8.75000000E+01 -5.69328360E-02  1.04529961E+00  9.88366771E-01  2.50000000E-02 -3.61129736E-07  6.26722018E-07 
     128  1.87500000E+02  8.75000000E+01  9.24570212E-02  8.95909759E-01  9.88366780E-01  2.50000000E-02 -5.50176466E-07  8.03173488E-07 
     129  2.12500000E+02  8.75000000E+01 -4.43656183E-01  1.43202302E+00  9.88366833E-01  2.50000000E-02 -5.30011644E-07  4.86004618E-08 
     130  2.37500000E+02  8.75000000E+01 -5.57667035E-01  1.54603382E+00  9.88366788E-01  2.50000000E-02 -5.46071831E-07 -1.47097805E-07 
     131  2.62500000E+02  8.75000000E+01  8.18492517E-01  1.69874605E-01  9.88367121E-01  2.50000000E-02 -1.16735413E-06 -4.83720449E-06 
     132  2.87500000E+02  8.75000000E+01 -5.73086483E-01  1.56145354E+00  9.88367053E-01  2.50000000E-02  2.48289890E-07 -9.62202114E-07 
     133  3.12500000E+02  8.75000000E+01 -8.05166683E-01  1.79353371E+00  9.88367026E-01  2.50000000E-02  2.11954816E-07  3.95540964E-07 
     134  3.37500000E+02  8.75000000E+01 -3.46934284E-01  1.33530134E+00  9.88367055E-01  2.50000000E-02  1.57245126E-07 -5.38115772E-07 
     135  3.62500000E+02  8.75000000E+01 -3.61523406E-01  1.34989047E+00  9.88367060E-01  2.50000000E-02  1.92076989E-07 -5.26630045E-07 
     136  3.87500000E+02  8.75000000E+01 -3.84854875E-01  1.37322194E+00  9.88367068E-01  2.50000000E-02  2.59715956E-07 -2.38092081E-07 
     137  4.12500000E+02  8.75000000E+01  6.99363783E-01  2.89003224E-01  9.88367007E-01  2.50000000E-02  7.92280365E-07  7.56235212E-08 
     138  4.37500000E+02  8.75000000E+01 -8.75640272E-01  1.86400727E+00  9.88366999E-01  2.50000000E-02  9.13053847E-07  5.92185368E-07 
     139  4.62500000E+02  8.75000000E+01  6.10751907E-01  3.77615105E-01  9.88367012E-01  2.50000000E-02  9.91763029E-07 -7.75066234E-08 
     140  4.87500000E+02  8.75000000E+01  3.56843358E-01  6.31523595E-01  9.88366953E-01  2.50000000E-02  8.29934278E-07 -3.22279260E-07 
     141  5.12500000E+02  8.75000000E+01  1.64731033E-01  8.23635929E-01  9.88366961E-01  2.50000000E-02  6.43729304E-07  9.12475738E-08 
     142  5.37500000E+02  8.75000000E+01 -7.42538812E-01  1.73090569E+00  9.88366876E-01  2.50000000E-02  2.41459263E-07  3.36928206E-07 
     143  5.62500000E+02  8.75000000E+01 -9.48118006E-01  1.93648493E+00  9.88366921E-01  2.50000000E-02  1.23090961E-07  9.65883577E-08 
     144  5.87500000E+02  8.75000000E+01 -3.36867799E-01  1.32523471E+00  9.88366909E-01  2.50000000E-02  8.09971003E-08  1.60501536E-07 
     145  6.12500000E+02  8.75000000E+01 -8.26321860E-01  1.81468878E+00  9.88366922E-01  2.50000000E-02  4.27848593E-08 -1.86425878E-08 
     146  6.37500000E+02  8.75000000E+01  4.72054294E-01  5.16312621E-01  9.88366916E-01  2.50000000E-02  2.38207888E-08  9.55426191E-08 
     147  6.62500000E+02  8.75000000E+01  3.81361642E-01  6.07005272E-01  9.88366913E-01  2.50000000E-02 -1.91861971E-08 -2.45845798E-08 
     148  6.87500000E+02  8.75000000E+01  2.08037102E-01  7.80329825E-01  9.88366927E-01  2.50000000E-02  4.56624215E-09 -9.35291576E-08 
     149  7.12500000E+02  8.75000000E+01  7.21356006E-01  2.67010896E-01  9.88366902E-01  2.50000000E-02  1.66118195E-07 -8.86979356E-08 
     150  7.37500000E+02  8.75000000E+01 -6.36567943E-01  1.62493484E+00  9.88366892E-01  2.50000000E-02  1.26207485E-07  2.73905198E-08 
     151  7.62500000E+02  8.75000000E+01  2.81442429E-01  7.06924465E-01  9.88366894E-01  2.50000000E-02  1.17511398E-07  3.54485268E-09 
     152  7.87500000E+02  8.75000000E+01 -8.69344436E-01  1.85771133E+00  9.88366892E-01  2.50000000E-02  1.10146793E-07  3.66217858E-08 
     153  8.12500000E+02  8.75000000E+01  2.54507633E-01  7.33859253E-01  9.88366887E-01  2.50000000E-02  7.95769875E-08  1.59855060E-07 
     154  8.37500000E+02  8.75000000E+01 -1.03986893E-01  1.09235378E+00  9.88366889E-01  2.50000000E-02  3.96346863E-08  1.20715283E-07 
     155  8.62500000E+02  8.75000000E+01  1.39175414E-01  8.49191476E-01  9.88366891E-01  2.50000000E-02  2.19897846E-08  6.67509914E-08 
     156  8.87500000E+02  8.75000000E+01 -8.52254150E-01  1.84062104E+00  9.88366894E-01  2.50000000E-02  2.11811247E-08  1.97139768E-08 
     157  9.12500000E+02  8.75000000E+01  9.24882240E-02  8.95878669E-01  9.88366893E-01  2.50000000E-02  2.90296215E-08  7.61610507E-08 
     158  9.37500000E+02  8.75000000E+01  2.11924596E-01  7.76442296E-01  9.88366892E-01  2.50000000E-02  3.15722344E-08  4.38378846E-08 
     159  9.62500000E+02  8.75000000E+01  7.91661204E-01  1.96705687E-01  9.88366891E-01  2.50000000E-02  2.76771910E-08  3.84288127E-08 
     160  9.87500000E+02  8.75000000E+01 -7.84772235E-01  1.77313912E+00  9.88366888E-01  2.50000000E-02  9.12258435E-10  5.08182657E-09 
     161  1.25000000E+01  1.12500000E+02 -1.38517810E-01  1.12688459E+00  9.88366784E-01  2.50000000E-02 -2.93852946E-09  9.59862974E-08 
     162  3.75000000E+01  1.12500000E+02 -5.15752501E-01  1.50411928E+00  9.88366783E-01  2.50000000E-02 -1.16130102E-08  3.71199362E-08 
     163  6.25000000E+01  1.12500000E+02  6.79722152E-01  3.08644637E-01  9.88366789E-01  2.50000000E-02 -6.00252535E-08  2.32562516E-07 
     164  8.75000000E+01  1.12500000E+02  3.93778443E-01  5.94588337E-01  9.88366780E-01  2.50000000E-02 -1.25581890E-07  5.47161967E-07 
     165  1.12500000E+02  1.12500000E+02 -7.51376039E-01  1.73974282E+00  9.88366785E-01  2.50000000E-02 -1.48832213E-07  3.33138506E-08 
     166  1.37500000E+02  1.12500000E+02  9.94759526E-01  7.30884142E-07  9.94760256E-01  2.50000000E-02  3.33323063E-10  4.04934000E-10 
     167  1.62500000E+02  1.12500000E+02 -5.96844762E-03  9.94335281E-01  9.88366833E-01  2.50000000E-02 -7.69275280E-07  9.87199335E-07 
     168  1.87500000E+02  1.12500000E+02  2.73210245E-01  7.15156533E-01  9.88366778E-01  2.50000000E-02 -9.64283955E-07  1.21308124E-06 
     169  2.12500000E+02  1.12500000E+02 -7.97240036E-01  1.78560693E+00  9.88366891E-01  2.50000000E-02 -9.34777061E-07  2.46626080E-07 
     170  2.37500000E+02  1.12500000E+02 -5.90233836E-01  1.57860060E+00  9.88366765E-01  2.50000000E-02 -1.10394869E-06 -2.40681094E-07 
     171  2.62500000E+02  1.12500000E+02  4.42065805E-01  5.46301566E-01  9.88367371E-01  2.50000000E-02 -8.70041354E-07 -4.78338094E-06 
     172  2.87500000E+02  1.12500000E+02 -3.93244859E-01  1.38161191E+00  9.88367054E-01  2.50000000E-02  5.97031553E-07 -1.06563011E-06 
     173  3.12500000E+02  1.12500000E+02  3.09424066E-01  6.78942916E-01  9.88366982E-01  2.50000000E-02  3.99609951E-07  1.04319112E-06 
     174  3.37500000E+02  1.12500000E+02 -9.66486511E-01  1.95485353E+00  9.88367017E-01  2.50000000E-02  5.91350681E-08 -6.58418916E-07 
     175  3.62500000E+02  1.12500000E+02 -3.44924414E-01  1.33329146E+00  9.88367041E-01  2.50000000E-02  4.87947551E-08 -6.27535858E-07 
     176  3.87500000E+02  1.12500000E+02  3.36817882E-02  9.54685245E-01  9.88367033E-01  2.50000000E-02  1.12904456E-07 -2.30733642E-07 
     177  4.12500000E+02  1.12500000E+02  5.63483232E-01  4.24883789E-01  9.88367021E-01  2.50000000E-02  1.77750424E-07 -5.73180554E-09 
     178  4.37500000E+02  1.12500000E+02 -4.61520794E-01  1.44988779E+00  9.88366992E-01  2.50000000E-02  4.52027324E-08  6.56654751E-07 
     179  4.62500000E+02  1.12500000E+02 -8.93975861E-02  1.07776460E+00  9.88367018E-01  2.50000000E-02  5.55871826E-08 -1.16953786E-07 
     180  4.87500000E+02  1.12500000E+02  5.86560371E-01  4.01806621E-01  9.88366992E-01  2.50000000E-02  3.08612954E-07 -4.78237946E-07 
     181  5.12500000E+02  1.12500000E+02  8.29051939E-01  1.59315015E-01  9.88366954E-01  2.50000000E-02  4.82559724E-07  2.97810498E-07 
     182  5.37500000E+02  1.12500000E+02 -2.66416548E-01  1.25478346E+00  9.88366911E-01  2.50000000E-02  1.15079551E-08  3.86103269E-07 
     183  5.62500000E+02  1.12500000E+02 -5.82060613E-02  1.04657299E+00  9.88366926E-01  2.50000000E-02  1.01914519E-08  9.95651940E-08 
     184  5.87500000E+02  1.12500000E+02 -2.17671230E-01  1.20603815E+00  9.88366916E-01  2.50000000E-02  2.65452594E-08  1.75987577E-07 
     185  6.12500000E+02  1.12500000E+02 -1.44100279E-01  1.13246720E+00  9.88366917E-01  2.50000000E-02  1.95415740E-08  9.63105013E-10 
     186  6.37500000E+02  1.12500000E+02  1.79934253E-01  8.08432666E-01  9.88366919E-01  2.50000000E-02  2.35414474E-08  1.48574006E-07 
     187  6.62500000E+02  1.12500000E+02  3.46347084E-01  6.42019828E-01  9.88366912E-01  2.50000000E-02  1.53252959E-08  1.73658708E-08 
     188  6.87500000E+02  1.12500000E+02  1.33810219E-02  9.74985901E-01  9.88366923E-01  2.50000000E-02  2.37286655E-08 -9.84608484E-08 
     189  7.12500000E+02  1.12500000E+02  4.88346163E-01  5.00020751E-01  9.88366914E-01  2.50000000E-02  6.23589068E-08 -1.95560702E-08 
     190  7.37500000E+02  1.12500000E+02  9.85545454E-01  2.82144503E-03  9.88366899E-01  2.50000000E-02  8.18588658E-07  2.46755312E-07 
     191  7.62500000E+02  1.12500000E+02  8.44931991E-01  1.43434899E-01  9.88366890E-01  2.50000000E-02  6.25613098E-08 -2.78800508E-09 
     192  7.87500000E+02  1.12500000E+02 -2.61429806E-01  1.24979669E+00  9.88366886E-01  2.50000000E-02  2.23386597E-08  4.09035061E-08 
     193  8.12500000E+02  1.12500000E+02 -4.19086636E-01  1.40745351E+00  9.88366879E-01  2.50000000E-02 -6.64691238E-10  1.82602493E-07 
     194  8.37500000E+02  1.12500000E+02 -6.24126360E-01  1.61249325E+00  9.88366888E-01  2.50000000E-02 -1.30181518E-08  1.31685847E-07 
     195  8.62500000E+02  1.12500000E+02 -1.03208890E-01  1.09157577E+00  9.88366885E-01  2.50000000E-02 -4.66275344E-09  6.14424178E-08 
     196  8.87500000E+02  1.12500000E+02  8.56216663E-01  1.32150220E-01  9.88366883E-01  2.50000000E-02 -1.87621596E-08  1.52786445E-07 
     197  9.12500000E+02  1.12500000E+02  5.22711667E-01  4.65655222E-01  9.88366889E-01  2.50000000E-02 -2.80188522E-11  8.72193412E-08 
     198  9.37500000E+02  1.12500000E+02 -9.57883280E-01  1.94625017E+00  9.88366886E-01  2.50000000E-02 -1.07081729E-09  2.80672977E-08 
     199  9.62500000E+02  1.12500000E+02 -8.96224899E-01  1.88459179E+00  9.88366886E-01  2.50000000E-02 -3.25124763E-09  9.17827182E-09 
     200  9.87500000E+02  1.12500000E+02 -8.69716605E-01  1.85808349E+00  9.88366888E-01  2.50000000E-02 -2.33692684E-09  3.64302022E-09 
     201  1.25000000E+01  1.37500000E+02  7.23899730E-01  2.64467024E-01  9.88366755E-01  2.50000000E-02  2.33158124E-08  2.30396089E-07 
     202  3.75000000E+01  1.37500000E+02  8.12980265E-01  1.75386488E-01  9.88366753E-01  2.50000000E-02  9.68432200E-08  1.98846193E-07 
     203  6.25000000E+01  1.37500000E+02 -3.66884301E-01  1.35525105E+00  9.88366745E-01  2.50000000E-02  9.76402338E-08 -3.35252658E-12 
     204  8.75000000E+01  1.37500000E+02 -5.83269168E-01  1.57163590E+00  9.88366728E-01  2.50000000E-02  4.88254527E-08  4.43285746E-07 
     205  1.12500000E+02  1.37500000E+02  7.75219159E-01  2.13147661E-01  9.88366820E-01  2.50000000E-02 -8.44608435E-07 -1.02567422E-07 
     206  1.37500000E+02  1.37500000E+02 -4.95104883E-01  1.48347172E+00  9.88366836E-01  2.50000000E-02 -9.89136551E-07  7.66610259E-07 
     207  1.62500000E+02  1.37500000E+02 -3.69251004E-01  1.35761786E+00  9.88366858E-01  2.50000000E-02 -9.23588753E-07  1.61175822E-06 
     208  1.87500000E+02  1.37500000E+02 -8.84234157E-01  1.87260101E+00  9.88366853E-01  2.50000000E-02 -8.05501679E-07  1.88154104E-06 
     209  2.12500000E+02  1.37500000E+02 -6.39689322E-01  1.62805616E+00  9.88366835E-01  2.50000000E-02 -7.63096932E-07  3.96724276E-07 
     210  2.37500000E+02  1.37500000E+02  3.91397575E-02  9.49227066E-01  9.88366823E-01  2.50000000E-02 -7.92072790E-07 -3.65303868E-07 
     211  2.62500000E+02  1.37500000E+02 -8.48776607E-01  1.83714406E+00  9.88367457E-01  2.50000000E-02  1.18527472E-06 -4.02221991E-06 
     212  2.87500000E+02  1.37500000E+02 -9.42180406E-01  1.93054758E+00  9.88367179E-01  2.50000000E-02  2.02515923E-06 -8.25478685E-07 
     213  3.12500000E+02  1.37500000E+02 -3.69058054E-01  1.35742517E+00  9.88367116E-01  2.50000000E-02  2.14342649E-06  2.02072459E-06 
     214  3.37500000E+02  1.37500000E+02  3.15102034E-01  6.73265086E-01  9.88367119E-01  2.50000000E-02  1.96403781E-06 -8.69373671E-07 
     215  3.62500000E+02  1.37500000E+02 -1.07956865E-01  1.09632399E+00  9.88367124E-01  2.50000000E-02  1.79237957E-06 -5.76421030E-07 
     216  3.87500000E+02  1.37500000E+02  7.69074484E-01  2.19292717E-01  9.88367201E-01  2.50000000E-02  1.30219896E-06 -3.42653272E-08 
     217  4.12500000E+02  1.37500000E+02  9.99470287E-01  7.12157944E-07  9.99471000E-01  2.50000000E-02  2.20377525E-10 -4.48922324E-10 
     218  4.37500000E+02  1.37500000E+02 -7.43699164E-01  1.73206616E+00  9.88366994E-01  2.50000000E-02  4.93849359E-07  7.02584781E-07 
     219  4.62500000E+02  1.37500000E+02 -4.07240404E-01  1.39560742E+00  9.88367018E-01  2.50000000E-02  5.53472396E-07 -1.18130573E-07 
     220  4.87500000E+02  1.37500000E+02  1.67925225E-01  8.20441780E-01  9.88367005E-01  2.50000000E-02  7.74545257E-07 -3.70455425E-07 
     221  5.12500000E+02  1.37500000E+02  6.80805707E-01  3.07561239E-01  9.88366946E-01  2.50000000E-02  1.17219586E-06  3.72545285E-07 
     222  5.37500000E+02  1.37500000E+02  2.17428979E-02  9.66624017E-01  9.88366915E-01  2.50000000E-02  1.04084746E-06  6.05373140E-07 
     223  5.62500000E+02  1.37500000E+02  6.58877397E-01  3.29489535E-01  9.88366932E-01  2.50000000E-02  8.01463223E-07  2.29380047E-07 
     224  5.87500000E+02  1.37500000E+02 -3.39958281E-02  1.02236275E+00  9.88366924E-01  2.50000000E-02  5.97052505E-07  2.45053015E-07 
     225  6.12500000E+02  1.37500000E+02  4.87976919E-01  5.00390028E-01  9.88366947E-01  2.50000000E-02  5.48098923E-07  1.58512564E-07 
     226  6.37500000E+02  1.37500000E+02  8.01521395E-01  1.86845523E-01  9.88366918E-01  2.50000000E-02  5.25783453E-07  4.11899993E-07 
     227  6.62500000E+02  1.37500000E+02 -8.98507145E-01  1.88687404E+00  9.88366898E-01  2.50000000E-02  1.43162438E-07 -2.55841181E-09 
     228  6.87500000E+02  1.37500000E+02  7.01774916E-03  9.81349170E-01  9.88366919E-01  2.50000000E-02  1.61796695E-07 -1.18990428E-07 
     229  7.12500000E+02  1.37500000E+02  3.74468801E-01  6.13898108E-01  9.88366909E-01  2.50000000E-02  2.87740438E-07  1.56230387E-08 
     230  7.37500000E+02  1.37500000E+02  5.87595617E-01  4.00771270E-01  9.88366887E-01  2.50000000E-02  3.36192715E-07  6.99813852E-08 
     231  7.62500000E+02  1.37500000E+02  3.25762240E-01  6.62604647E-01  9.88366887E-01  2.50000000E-02  2.70294688E-07 -6.93984444E-08 
     232  7.87500000E+02  1.37500000E+02 -6.78944753E-01  1.66731164E+00  9.88366882E-01  2.50000000E-02  2.16408772E-07  1.61094330E-08 
     233  8.12500000E+02  1.37500000E+02 -5.91976095E-02  1.04756450E+00  9.88366891E-01  2.50000000E-02  2.05040191E-07  2.16251266E-07 
     234  8.37500000E+02  1.37500000E+02  1.04583311E-01  8.83783577E-01  9.88366888E-01  2.50000000E-02  2.12921409E-07  1.39086041E-07 
     235  8.62500000E+02  1.37500000E+02 -9.53455028E-01  1.94182192E+00  9.88366887E-01  2.50000000E-02  2.04868650E-07  5.17308647E-08 
     236  8.87500000E+02  1.37500000E+02  2.42194233E-01  7.46172649E-01  9.88366881E-01  2.50000000E-02  1.64762318E-07  1.75881624E-07 
     237  9.12500000E+02  1.37500000E+02  5.61472783E-01  4.26894111E-01  9.88366893E-01  2.50000000E-02  7.46155154E-08  1.01176069E-07 
     238  9.37500000E+02  1.37500000E+02 -8.09283821E-01  1.79765071E+00  9.88366889E-01  2.50000000E-02  2.03651091E-08  2.47237959E-08 
     239  9.62500000E+02  1.37500000E+02 -8.07533917E-01  1.79590081E+00  9.88366890E-01  2.50000000E-02  1.41025574E-08  1.61516494E-08 
     240  9.87500000E+02  1.37500000E+02  3.82521626E-02  9.50114728E-01  9.88366890E-01  2.50000000E-02  4.60734557E-09  5.74939975E-09 
     241  1.25000000E+01  1.62500000E+02  8.35147174E-02  9.04852031E-01  9.88366748E-01  2.50000000E-02 -3.48227139E-08  1.39276219E-07 
     242  3.75000000E+01  1.62500000E+02 -4.14718301E-01  1.40308505E+00  9.88366754E-01  2.50000000E-02 -8.57130699E-08  1.33273665E-07 
     243  6.25000000E+01  1.62500000E+02 -9.45091518E-01  1.93345827E+00  9.88366756E-01  2.50000000E-02 -9.47704890E-08 -2.24366277E-08 
     244  8.75000000E+01  1.62500000E+02 -9.93943173E-01  1.98230993E+00  9.88366756E-01  2.50000000E-02 -9.54872984E-08  4.36413481E-07 
     245  1.12500000E+02  1.62500000E+02  9.48005754E-01  4.03610139E-02  9.88366768E-01  2.50000000E-02  2.43679089E-08  3.95968659E-07 
     246  1.37500000E+02  1.62500000E+02 -5.04923905E-01  1.49329072E+00  9.88366811E-01  2.50000000E-02  1.00266018E-06  6.96100617E-07 
     247  1.62500000E+02  1.62500000E+02  7.85674229E-01  2.02692340E-01  9.88366569E-01  2.50000000E-02 -6.69515825E-07  7.02303602E-06 
     248  1.87500000E+02  1.62500000E+02  6.65479012E-01  3.22887683E-01  9.88366695E-01  2.50000000E-02 -3.13285041E-06  3.96359030E-06 
     249  2.12500000E+02  1.62500000E+02  7.59975092E-01  2.28391722E-01  9.88366814E-01  2.50000000E-02 -3.59722178E-06  4.53361296E-07 
     250  2.37500000E+02  1.62500000E+02 -4.00673773E-01  1.38904081E+00  9.88367042E-01  2.50000000E-02 -1.72101041E-06  4.02939789E-07 
     251  2.62500000E+02  1.62500000E+02 -7.55400846E-01  1.74376808E+00  9.88367229E-01  2.50000000E-02 -9.84651717E-07 -4.33641560E-06 
     252  2.87500000E+02  1.62500000E+02 -5.99398565E-01  1.58776557E+00  9.88367001E-01  2.50000000E-02 -5.35261599E-07 -7.95827699E-07 
     253  3.12500000E+02  1.62500000E+02 -1.85486079E-02  1.00691562E+00  9.88367014E-01  2.50000000E-02 -7.21437993E-07  2.50104737E-06 
     254  3.37500000E+02  1.62500000E+02 -9.00384404E-01  1.88875148E+00  9.88367071E-01  2.50000000E-02 -6.80551622E-07 -8.64622308E-07 
     255  3.62500000E+02  1.62500000E+02  7.23953227E-01  2.64413696E-01  9.88366923E-01  2.50000000E-02  1.30822161E-07  7.52944195E-07 
     256  3.87500000E+02  1.62500000E+02 -4.26425104E-01  1.41479208E+00  9.88366976E-01  2.50000000E-02  3.59785780E-07 -2.21812022E-07 
     257  4.12500000E+02  1.62500000E+02 -4.08711126E-01  1.39707809E+00  9.88366963E-01  2.50000000E-02  3.68881159E-07  2.69797601E-06 
     258  4.37500000E+02  1.62500000E+02  6.49783679E-01  3.38583306E-01  9.88366984E-01  2.50000000E-02  2.56108179E-07  1.02525371E-06 
     259  4.62500000E+02  1.62500000E+02  9.96707638E-01  7.03700123E-07  9.96708342E-01  2.50000000E-02  4.83890814E-10 -7.22832332E-11 
     260  4.87500000E+02  1.62500000E+02  8.78262420E-01  1.10104505E-01  9.88366926E-01  2.50000000E-02  2.30448897E-07  1.77689231E-07 
     261  5.12500000E+02  1.62500000E+02  8.69145546E-01  1.19221390E-01  9.88366936E-01  2.50000000E-02  3.25590369E-07  2.76902090E-07 
     262  5.37500000E+02  1.62500000E+02  2.82105952E-01  7.06260939E-01  9.88366891E-01  2.50000000E-02  8.15278810E-08  8.67136338E-07 
     263  5.62500000E+02  1.62500000E+02 -1.76678378E-01  1.16504527E+00  9.88366896E-01  2.50000000E-02  5.36250430E-08  1.94781051E-07 
     264  5.87500000E+02  1.62500000E+02  5.52505683E-01  4.35861211E-01  9.88366894E-01  2.50000000E-02  2.42030192E-08  4.31876959E-07 
     265  6.12500000E+02  1.62500000E+02 -2.66796525E-01  1.25516341E+00  9.88366888E-01  2.50000000E-02 -4.18089586E-08  1.84676627E-07 
     266  6.37500000E+02  1.62500000E+02  4.53008486E-01  5.35358393E-01  9.88366879E-01  2.50000000E-02 -1.45527877E-07  3.63112408E-07 
     267  6.62500000E+02  1.62500000E+02 -7.65433764E-01  1.75380067E+00  9.88366906E-01  2.50000000E-02 -1.67636681E-07 -8.59399569E-10 
     268  6.87500000E+02  1.62500000E+02 -6.92202912E-02  1.05758719E+00  9.88366900E-01  2.50000000E-02 -1.46217503E-07 -2.04253794E-07 
     269  7.12500000E+02  1.62500000E+02  8.76503252E-01  1.11863645E-01  9.88366896E-01  2.50000000E-02  8.76989607E-09  2.12079521E-08 
     270  7.37500000E+02  1.62500000E+02 -5.37976910E-01  1.52634379E+00  9.88366884E-01  2.50000000E-02  1.86819899E-08  5.53121414E-08 
     271  7.62500000E+02  1.62500000E+02 -7.99079871E-04  9.89165968E-01  9.88366889E-01  2.50000000E-02  2.79035090E-08 -7.20104836E-08 
     272  7.87500000E+02  1.62500000E+02 -6.09372242E-01  1.59773913E+00  9.88366887E-01  2.50000000E-02  4.57734807E-08  3.88335876E-09 
     273  8.12500000E+02  1.62500000E+02  2.42801476E-01  7.45565404E-01  9.88366880E-01  2.50000000E-02  3.96535290E-08  2.92135437E-07 
     274  8.37500000E+02  1.62500000E+02 -4.07254055E-01  1.39562094E+00  9.88366884E-01  2.50000000E-02  2.17059990E-08  1.32527656E-07 
     275  8.62500000E+02  1.62500000E+02 -9.32943653E-01  1.92131054E+00  9.88366889E-01  2.50000000E-02  3.41158719E-08  5.45932323E-08 
     276  8.87500000E+02  1.62500000E+02 -8.73369498E-01  1.86173638E+00  9.88366885E-01  2.50000000E-02  4.12609019E-08  1.88447192E-07 
     277  9.12500000E+02  1.62500000E+02  3.87206214E-01  6.01160673E-01  9.88366886E-01  2.50000000E-02  3.08493406E-08  1.01405565E-07 
     278  9.37500000E+02  1.62500000E+02 -4.53648108E-01  1.44201500E+00  9.88366887E-01  2.50000000E-02  2.91755838E-08  2.42525196E-08 
     279  9.62500000E+02  1.62500000E+02  1.48897342E-01  8.39469545E-01  9.88366886E-01  2.50000000E-02  2.70157796E-08  5.42109056E-08 
     280  9.87500000E+02  1.62500000E+02  6.70755937E-01  3.17610950E-01  9.88366887E-01  2.50000000E-02  7.60233398E-09  4.09235315E-08 
     281  1.25000000E+01  1.87500000E+02 -1.66476527E-01  1.15484328E+00  9.88366753E-01  2.50000000E-02  4.33280467E-09  1.34443496E-07 
     282  3.75000000E+01  1.87500000E+02  2.37551903E-01  7.50814850E-01  9.88366753E-01  2.50000000E-02  2.05411144E-08  1.22186055E-07 
     283  6.25000000E+01  1.87500000E+02  8.86512986E-01  1.01853751E-01  9.88366737E-01  2.50000000E-02  1.80462363E-07  1.49469322E-07 
     284  8.75000000E+01  1.87500000E+02  7.99757613E-02  9.08390966E-01  9.88366727E-01  2.50000000E-02  8.14979292E-08  4.74783138E-07 
     285  1.12500000E+02  1.87500000E+02 -3.21040265E-01  1.30940701E+00  9.88366745E-01  2.50000000E-02  1.31600931E-07 -2.98218844E-07 
     286  1.37500000E+02  1.87500000E+02 -7.68747739E-01  1.75711458E+00  9.88366846E-01  2.50000000E-02  4.69835955E-07  6.46424337E-07 
     287  1.62500000E+02  1.87500000E+02  6.97657624E-01  2.90708633E-01  9.88366257E-01  2.50000000E-02  2.87888436E-06  8.10956856E-06 
     288  1.87500000E+02  1.87500000E+02 -7.86922382E-01  1.77528850E+00  9.88366119E-01  2.50000000E-02  1.01876270E-06  1.93792617E-06 
     289  2.12500000E+02  1.87500000E+02  8.79619040E-01  1.08747750E-01  9.88366790E-01  2.50000000E-02 -4.68328985E-06 -5.86441066E-08 
     290  2.37500000E+02  1.87500000E+02 -5.35190590E-01  1.52355763E+00  9.88367043E-01  2.50000000E-02 -1.48467893E-06  1.23350459E-06 
     291  2.62500000E+02  1.87500000E+02 -9.78600396E-01  1.96696747E+00  9.88367072E-01  2.50000000E-02 -1.29327020E-06 -5.53468032E-06 
     292  2.87500000E+02  1.87500000E+02  3.11980387E-01  6.76386681E-01  9.88367068E-01  2.50000000E-02 -3.77937911E-07 -2.00638947E-06 
     293  3.12500000E+02  1.87500000E+02 -1.53058204E-02  1.00367279E+00  9.88366970E-01  2.50000000E-02  1.53181266E-07  2.50421875E-06 
     294  3.37500000E+02  1.87500000E+02 -5.46319126E-01  1.53468608E+00  9.88366959E-01  2.50000000E-02  2.03915165E-07 -1.19340616E-06 
     295  3.62500000E+02  1.87500000E+02 -2.35273906E-01  1.22364079E+00  9.88366884E-01  2.50000000E-02  1.17529166E-09  6.08859359E-07 
     296  3.87500000E+02  1.87500000E+02 -3.51627214E-01  1.33999417E+00  9.88366961E-01  2.50000000E-02 -1.94989362E-07 -3.72771757E-07 
     297  4.12500000E+02  1.87500000E+02  8.13906002E-01  1.74460954E-01  9.88366956E-01  2.50000000E-02  2.03239381E-07  2.41350357E-06 
     298  4.37500000E+02  1.87500000E+02  4.28358932E-01  5.60008002E-01  9.88366934E-01  2.50000000E-02  3.95805679E-07  1.00931400E-06 
     299  4.62500000E+02  1.87500000E+02 -1.51875673E-01  1.14024260E+00  9.88366923E-01  2.50000000E-02  3.51556168E-07 -1.87230878E-08 
     300  4.87500000E+02  1.87500000E+02  2.23783840E-01  7.64583091E-01  9.88366931E-01  2.50000000E-02  3.20031418E-07  1.98049233E-08 
     301  5.12500000E+02  1.87500000E+02 -5.94372845E-01  1.58273978E+00  9.88366933E-01  2.50000000E-02  3.21171926E-07  5.21532874E-08 
     302  5.37500000E+02  1.87500000E+02  4.10290570E-01  5.78076365E-01  9.88366935E-01  2.50000000E-02  3.37203046E-07  1.24904810E-06 
     303  5.62500000E+02  1.87500000E+02  2.14724687E-01  7.73642225E-01  9.88366912E-01  2.50000000E-02  2.65699500E-07  1.87898082E-07 
     304  5.87500000E+02  1.87500000E+02 -9.92053210E-01  1.98042008E+00  9.88366874E-01  2.50000000E-02  1.92775956E-08  3.73868135E-07 
     305  6.12500000E+02  1.87500000E+02 -9.90360644E-01  1.97872754E+00  9.88366898E-01  2.50000000E-02 -2.15252882E-08  1.51689141E-07 
     306  6.37500000E+02  1.87500000E+02 -5.38917583E-02  1.04225864E+00  9.88366886E-01  2.50000000E-02 -2.58106868E-08  3.12921692E-07 
     307  6.62500000E+02  1.87500000E+02  1.33030385E-01  8.55336512E-01  9.88366898E-01  2.50000000E-02 -3.99103162E-08  2.87299116E-08 
     308  6.87500000E+02  1.87500000E+02 -4.04030470E-01  1.39239738E+00  9.88366908E-01  2.50000000E-02  2.36065603E-08 -2.99873691E-07 
     309  7.12500000E+02  1.87500000E+02 -8.13372492E-01  1.80173940E+00  9.88366905E-01  2.50000000E-02  6.42261468E-08 -4.19738253E-09 
     310  7.37500000E+02  1.87500000E+02  5.26055641E-01  4.62311247E-01  9.88366889E-01  2.50000000E-02  1.57149374E-07  5.08343485E-08 
     311  7.62500000E+02  1.87500000E+02 -1.21979092E-01  1.11034598E+00  9.88366888E-01  2.50000000E-02  1.66837260E-07 -7.09757709E-08 
     312  7.87500000E+02  1.87500000E+02  9.51504665E-01  3.68622219E-02  9.88366886E-01  2.50000000E-02  6.19183932E-08  1.76965743E-07 
     313  8.12500000E+02  1.87500000E+02  1.21368449E-02  9.76230039E-01  9.88366884E-01  2.50000000E-02 -1.23182402E-07  3.36250719E-07 
     314  8.37500000E+02  1.87500000E+02  5.57994914E-02  9.32567399E-01  9.88366890E-01  2.50000000E-02 -1.02697287E-07  1.32655476E-07 
     315  8.62500000E+02  1.87500000E+02  3.00266358E-01  6.88100525E-01  9.88366883E-01  2.50000000E-02 -6.16422701E-08  6.38618994E-08 
     316  8.87500000E+02  1.87500000E+02  1.38933373E-02  9.74473547E-01  9.88366884E-01  2.50000000E-02 -4.33607031E-08  1.99310183E-07 
     317  9.12500000E+02  1.87500000E+02 -7.75471231E-01  1.76383812E+00  9.88366890E-01  2.50000000E-02 -9.97481488E-09  9.65839089E-08 
     318  9.37500000E+02  1.87500000E+02 -8.13535488E-01  1.80190238E+00  9.88366887E-01  2.50000000E-02  4.97687441E-09  1.93079426E-08 
     319  9.62500000E+02  1.87500000E+02 -3.31835338E-01  1.32020222E+00  9.88366882E-01  2.50000000E-02  1.65580596E-09  6.32017187E-08 
     320  9.87500000E+02  1.87500000E+02 -3.84744574E-01  1.37311146E+00  9.88366887E-01  2.50000000E-02 -3.68546607E-09  5.54655128E-08 
     321  1.25000000E+01  2.12500000E+02  2.44844554E-01  7.43522193E-01  9.88366747E-01  2.50000000E-02  2.48189621E-08  1.26571393E-07 
     322  3.75000000E+01  2.12500000E+02 -8.38942158E-01  1.82730891E+00  9.88366750E-01  2.50000000E-02  8.49550109E-08  9.69856303E-08 
     323  6.25000000E+01  2.12500000E+02  8.76437427E-01  1.11929285E-01  9.88366712E-01  2.50000000E-02  9.05609374E-07 -1.17366201E-07 
     324  8.75000000E+01  2.12500000E+02 -9.82525714E-01  1.97089240E+00  9.88366689E-01  2.50000000E-02  1.13421142E-06  2.89100425E-07 
     325  1.12500000E+02  2.12500000E+02  5.51450105E-01  4.36916655E-01  9.88366760E-01  2.50000000E-02  1.40315633E-06 -2.44164241E-07 
     326  1.37500000E+02  2.12500000E+02  9.23851166E-01  6.45153525E-02  9.88366519E-01  2.50000000E-02  8.75332772E-06  4.07850828E-07 
     327  1.62500000E+02  2.12500000E+02  7.21559825E-01  2.66806505E-01  9.88366330E-01  2.50000000E-02  1.04846072E-05  7.67789260E-06 
     328  1.87500000E+02  2.12500000E+02 -5.98162436E-01  1.58652814E+00  9.88365708E-01  2.50000000E-02  6.45941919E-06  4.21220381E-07 
     329  2.12500000E+02  2.12500000E+02 -2.67355377E-01  1.25572188E+00  9.88366503E-01  2.50000000E-02  7.85368312E-06 -3.52062957E-06 
     330  2.37500000E+02  2.12500000E+02  9.29246853E-01  5.91113783E-02  9.88358231E-01  2.50000000E-02  2.49374227E-04 -1.85375115E-05 
     331  2.62500000E+02  2.12500000E+02 -5.41489150E-01  1.52985710E+00  9.88367951E-01  2.50000000E-02  5.01586174E-04 -5.16962148E-06 
     332  2.87500000E+02  2.12500000E+02  9.61606288E-01  2.67672413E-02  9.88373530E-01  2.50000000E-02  2.74120708E-04  3.18497299E-06 
     333  3.12500000E+02  2.12500000E+02 -9.96976256E-01  1.98534352E+00  9.88367262E-01  2.50000000E-02  2.40153754E-05  3.25843785E-06 
     334  3.37500000E+02  2.12500000E+02  7.03037147E-01  2.85330711E-01  9.88367858E-01  2.50000000E-02  1.40713157E-05 -3.46438428E-06 
     335  3.62500000E+02  2.12500000E+02 -9.91669405E-01  1.98003636E+00  9.88366952E-01  2.50000000E-02  2.07570833E-06  7.57606698E-07 
     336  3.87500000E+02  2.12500000E+02 -7.82311094E-01  1.77067832E+00  9.88367229E-01  2.50000000E-02  1.59178605E-06  1.62276895E-07 
     337  4.12500000E+02  2.12500000E+02  6.48352156E-01  3.40014838E-01  9.88366995E-01  2.50000000E-02  2.19603345E-06  2.33698187E-06 
     338  4.37500000E+02  2.12500000E+02  6.96944532E-01  2.91422488E-01  9.88367020E-01  2.50000000E-02  1.47885243E-06  1.11187993E-06 
     339  4.62500000E+02  2.12500000E+02 -8.76132359E-01  1.86449928E+00  9.88366920E-01  2.50000000E-02  3.00321409E-07 -2.91954861E-08 
     340  4.87500000E+02  2.12500000E+02 -5.73095536E-01  1.56146248E+00  9.88366942E-01  2.50000000E-02  2.10500896E-07  5.20699150E-08 
     341  5.12500000E+02  2.12500000E+02 -9.01463864E-01  1.88983082E+00  9.88366958E-01  2.50000000E-02  2.15879568E-07  1.10316118E-07 
     342  5.37500000E+02  2.12500000E+02  7.33343231E-01  2.55023637E-01  9.88366868E-01  2.50000000E-02  3.35068933E-07  2.63085925E-06 
     343  5.62500000E+02  2.12500000E+02 -1.68227038E-01  1.15659395E+00  9.88366907E-01  2.50000000E-02  1.33509706E-07  2.22024781E-07 
     344  5.87500000E+02  2.12500000E+02 -1.82784566E-01  1.17115146E+00  9.88366896E-01  2.50000000E-02  1.05908561E-07  4.00985943E-07 
     345  6.12500000E+02  2.12500000E+02 -7.99218124E-03  9.96359091E-01  9.88366910E-01  2.50000000E-02  7.30708806E-08  1.79688805E-07 
     346  6.37500000E+02  2.12500000E+02  2.75438084E-01  7.12928825E-01  9.88366908E-01  2.50000000E-02  8.18160892E-08  3.69681803E-07 
     347  6.62500000E+02  2.12500000E+02  9.24385959E-01  6.39809424E-02  9.88366901E-01  2.50000000E-02  8.36445248E-08  8.79401690E-08 
     348  6.87500000E+02  2.12500000E+02 -1.36616828E-01  1.12498373E+00  9.88366906E-01  2.50000000E-02  5.84928217E-08 -3.60219670E-07 
     349  7.12500000E+02  2.12500000E+02 -5.19049607E-01  1.50741652E+00  9.88366908E-01  2.50000000E-02  6.45999273E-08  3.07981406E-09 
     350  7.37500000E+02  2.12500000E+02  8.47420159E-01  1.40946734E-01  9.88366893E-01  2.50000000E-02  2.02181784E-07  1.80630972E-07 
     351  7.62500000E+02  2.12500000E+02  9.79561948E-01  8.80493385E-03  9.88366882E-01  2.50000000E-02  5.37860780E-07  3.12773928E-07 
     352  7.87500000E+02  2.12500000E+02  3.08941214E-01  6.79425655E-01  9.88366869E-01  2.50000000E-02 -1.39634914E-08  3.81612240E-08 
     353  8.12500000E+02  2.12500000E+02 -3.97161530E-01  1.38552839E+00  9.88366865E-01  2.50000000E-02 -2.92751604E-08  3.12118615E-07 
     354  8.37500000E+02  2.12500000E+02  7.58434357E-01  2.29932520E-01  9.88366877E-01  2.50000000E-02 -8.94384305E-08  1.98955951E-07 
     355  8.62500000E+02  2.12500000E+02 -5.78647185E-01  1.56701407E+00  9.88366881E-01  2.50000000E-02 -4.21132824E-08  4.11142603E-08 
     356  8.87500000E+02  2.12500000E+02  4.66734109E-02  9.41693468E-01  9.88366879E-01  2.50000000E-02 -3.93494065E-08  1.89135966E-07 
     357  9.12500000E+02  2.12500000E+02  8.68719284E-01  1.19647600E-01  9.88366884E-01  2.50000000E-02 -6.60567919E-08  1.37795447E-07 
     358  9.37500000E+02  2.12500000E+02 -2.26269460E-01  1.21463635E+00  9.88366889E-01  2.50000000E-02 -1.77259820E-10  1.79335663E-08 
     359  9.62500000E+02  2.12500000E+02 -7.63339254E-01  1.75170614E+00  9.88366889E-01  2.50000000E-02  1.86717134E-09  7.78031175E-08 
     360  9.87500000E+02  2.12500000E+02  9.44908009E-01  4.34588743E-02  9.88366883E-01  2.50000000E-02  2.90698615E-08  1.88521703E-07 
     361  1.25000000E+01  2.37500000E+02  3.55041820E-01  6.33324927E-01  9.88366747E-01  2.50000000E-02  1.87548963E-08  8.69822374E-08 
     362  3.75000000E+01  2.37500000E+02  3.41509921E-01  6.46856828E-01  9.88366749E-01  2.50000000E-02  6.41472828E-08  4.51155389E-08 
     363  6.25000000E+01  2.37500000E+02 -5.68093173E-01  1.55645992E+00  9.88366748E-01  2.50000000E-02  1.10076237E-07 -2.25563826E-07 
     364  8.75000000E+01  2.37500000E+02  2.68487339E-01  7.19879407E-01  9.88366747E-01  2.50000000E-02  1.38092672E-07  5.26880347E-08 
     365  1.12500000E+02  2.37500000E+02 -7.27306446E-01  1.71567319E+00  9.88366745E-01  2.50000000E-02  1.54167220E-07 -1.86618929E-07 
     366  1.37500000E+02  2.37500000E+02  5.67759217E-01  4.20607528E-01  9.88366745E-01  2.50000000E-02  1.66482838E-07 -1.09409684E-06 
     367  1.62500000E+02  2.37500000E+02  9.79894557E-01  8.47211628E-03  9.88366673E-01  2.50000000E-02  7.62974673E-07 -2.52345452E-06 
     368  1.87500000E+02  2.37500000E+02  1.12566056E-02  9.77110072E-01  9.88366678E-01  2.50000000E-02 -9.95352151E-07 -1.76732848E-06 
     369  2.12500000E+02  2.37500000E+02  1.03523423E-01  8.84843159E-01  9.88366582E-01  2.50000000E-02 -1.30616282E-06 -3.47762285E-06 
     370  2.37500000E+02  2.37500000E+02  3.41537357E-01  6.46829201E-01  9.88366558E-01  2.50000000E-02 -2.38711154E-06 -4.39517249E-05 
     371  2.62500000E+02  2.37500000E+02  3.30516002E-01  6.57850686E-01  9.88366688E-01  2.50000000E-02 -3.02813260E-06 -7.26972046E-07 
     372  2.87500000E+02  2.37500000E+02  4.31850495E-01  5.56516303E-01  9.88366799E-01  2.50000000E-02 -2.68969989E-06  3.12913823E-06 
     373  3.12500000E+02  2.37500000E+02  3.44948787E-01  6.43417889E-01  9.88366676E-01  2.50000000E-02 -2.36901766E-06  4.10240777E-06 
     374  3.37500000E+02  2.37500000E+02  8.99211308E-01  8.91556025E-02  9.88366911E-01  2.50000000E-02 -2.42700544E-06  4.10800400E-06 
     375  3.62500000E+02  2.37500000E+02 -2.08322164E-01  1.19668906E+00  9.88366892E-01  2.50000000E-02 -1.50528144E-07  9.27230858E-07 
     376  3.87500000E+02  2.37500000E+02  1.34885945E-01  8.53480923E-01  9.88366868E-01  2.50000000E-02 -1.60049720E-07  1.41054118E-06 
     377  4.12500000E+02  2.37500000E+02  6.77860891E-01  3.10506057E-01  9.88366948E-01  2.50000000E-02 -1.20768492E-07  2.13146606E-06 
     378  4.37500000E+02  2.37500000E+02  5.42106827E-01  4.46260157E-01  9.88366984E-01  2.50000000E-02  5.68676730E-07  1.48071021E-06 
     379  4.62500000E+02  2.37500000E+02  5.81020619E-01  4.07346333E-01  9.88366952E-01  2.50000000E-02  9.93954674E-07  3.20152541E-08 
     380  4.87500000E+02  2.37500000E+02  8.48891551E-01  1.39475333E-01  9.88366884E-01  2.50000000E-02  1.67102313E-06  4.65986647E-07 
     381  5.12500000E+02  2.37500000E+02  6.13149962E-01  3.75216894E-01  9.88366856E-01  2.50000000E-02  1.48179967E-06  6.37518733E-07 
     382  5.37500000E+02  2.37500000E+02  7.83830333E-01  2.04536531E-01  9.88366864E-01  2.50000000E-02  1.20002351E-06  3.80456718E-06 
     383  5.62500000E+02  2.37500000E+02  9.08825902E-01  7.95409987E-02  9.88366901E-01  2.50000000E-02  4.82688556E-07  6.38198523E-07 
     384  5.87500000E+02  2.37500000E+02 -1.34468632E-01  1.12283553E+00  9.88366897E-01  2.50000000E-02  1.13570956E-07  5.00025220E-07 
     385  6.12500000E+02  2.37500000E+02  3.34650640E-01  6.53716258E-01  9.88366898E-01  2.50000000E-02  9.63010488E-08  2.56341559E-07 
     386  6.37500000E+02  2.37500000E+02  4.15609584E-01  5.72757309E-01  9.88366894E-01  2.50000000E-02  5.93331703E-08  4.91521557E-07 
     387  6.62500000E+02  2.37500000E+02 -9.77713809E-01  1.96608070E+00  9.88366889E-01  2.50000000E-02 -1.57006429E-08  3.60307515E-08 
     388  6.87500000E+02  2.37500000E+02 -1.11305828E-01  1.09967273E+00  9.88366898E-01  2.50000000E-02 -2.30006353E-08 -4.42040468E-07 
     389  7.12500000E+02  2.37500000E+02  8.58179792E-01  1.30187081E-01  9.88366874E-01  2.50000000E-02  2.77407598E-07  2.26475997E-07 
     390  7.37500000E+02  2.37500000E+02  4.32972426E-01  5.55394444E-01  9.88366870E-01  2.50000000E-02  3.27756804E-07  1.50526327E-07 
     391  7.62500000E+02  2.37500000E+02  9.65989899E-01  2.23769777E-02  9.88366877E-01  2.50000000E-02  1.22803682E-07  2.87024456E-07 
     392  7.87500000E+02  2.37500000E+02  1.24913734E-01  8.63453139E-01  9.88366873E-01  2.50000000E-02 -2.76768199E-08  4.89146095E-08 
     393  8.12500000E+02  2.37500000E+02 -2.80744632E-01  1.26911152E+00  9.88366883E-01  2.50000000E-02  4.93436335E-09  3.04503787E-07 
     394  8.37500000E+02  2.37500000E+02 -2.61851218E-01  1.25021808E+00  9.88366866E-01  2.50000000E-02 -4.74034745E-09  1.05948902E-07 
     395  8.62500000E+02  2.37500000E+02 -7.91797223E-01  1.78016410E+00  9.88366882E-01  2.50000000E-02 -1.69802617E-08  3.52503538E-08 
     396  8.87500000E+02  2.37500000E+02 -5.79944574E-01  1.56831146E+00  9.88366885E-01  2.50000000E-02  1.26534763E-08  1.79972058E-07 
     397  9.12500000E+02  2.37500000E+02 -3.91335675E-01  1.37970255E+00  9.88366877E-01  2.50000000E-02  3.46613899E-08  5.08665218E-08 
     398  9.37500000E+02  2.37500000E+02  9.45837524E-01  4.25293495E-02  9.88366873E-01  2.50000000E-02  6.12076235E-08  3.04814743E-07 
     399  9.62500000E+02  2.37500000E+02  3.37232494E-01  6.51134379E-01  9.88366873E-01  2.50000000E-02  3.20676369E-08  1.10947215E-07 
     400  9.87500000E+02  2.37500000E+02  1.21210509E-01  8.67156359E-01  9.88366868E-01  2.50000000E-02  1.24993460E-08  3.78355618E-08 
     401  1.25000000E+01  2.62500000E+02 -9.34840164E-01  1.92320691E+00  9.88366751E-01  2.50000000E-02  9.98505502E-09  6.30451766E-08 
     402  3.75000000E+01  2.62500000E+02 -9.55515730E-01  1.94388248E+00  9.88366752E-01  2.50000000E-02  3.05652558E-08 -1.14610271E-09 
     403  6.25000000E+01  2.62500000E+02  6.26565141E-01  3.61801594E-01  9.88366735E-01  2.50000000E-02  2.00461718E-07 -2.42249986E-07 
     404  8.75000000E+01  2.62500000E+02 -7.22820953E-01  1.71118770E+00  9.88366748E-01  2.50000000E-02  3.49990766E-07  3.30144425E-08 
     405  1.12500000E+02  2.62500000E+02  7.85906675E-01  2.02460067E-01  9.88366743E-01  2.50000000E-02  7.78648450E-07 -2.24851157E-07 
     406  1.37500000E+02  2.62500000E+02  8.95852159E-01  9.25145330E-02  9.88366692E-01  2.50000000E-02  1.47143274E-06 -7.41049265E-07 
     407  1.62500000E+02  2.62500000E+02 -5.06916641E-01  1.49528330E+00  9.88366661E-01  2.50000000E-02  1.28471103E-06 -1.19653692E-06 
     408  1.87500000E+02  2.62500000E+02 -5.87829816E-01  1.57619649E+00  9.88366673E-01  2.50000000E-02  1.29657950E-06 -8.81856866E-07 
     409  2.12500000E+02  2.62500000E+02 -1.34708598E-01  1.12307531E+00  9.88366713E-01  2.50000000E-02  1.46315830E-06 -2.70226444E-06 
     410  2.37500000E+02  2.62500000E+02  8.47734741E-01  1.40630884E-01  9.88365625E-01  2.50000000E-02 -1.45585859E-06 -2.45896469E-05 
     411  2.62500000E+02  2.62500000E+02  4.76887218E-01  5.11479617E-01  9.88366835E-01  2.50000000E-02 -3.32537349E-06 -7.08148552E-07 
     412  2.87500000E+02  2.62500000E+02  2.00159583E-01  7.88207265E-01  9.88366848E-01  2.50000000E-02 -2.03947757E-06  1.93724792E-06 
     413  3.12500000E+02  2.62500000E+02 -4.78297783E-01  1.46666457E+00  9.88366789E-01  2.50000000E-02 -1.52470182E-06  3.05312820E-06 
     414  3.37500000E+02  2.62500000E+02  3.56056858E-01  6.32309916E-01  9.88366774E-01  2.50000000E-02 -1.11624098E-06  1.88669014E-07 
     415  3.62500000E+02  2.62500000E+02 -4.05332105E-01  1.39369901E+00  9.88366907E-01  2.50000000E-02 -2.29411744E-07  9.60189274E-07 
     416  3.87500000E+02  2.62500000E+02 -3.03954547E-01  1.29232134E+00  9.88366798E-01  2.50000000E-02 -4.61645043E-08  1.18296217E-06 
     417  4.12500000E+02  2.62500000E+02 -8.01330835E-01  1.78969765E+00  9.88366818E-01  2.50000000E-02 -1.06831809E-07  9.06794228E-07 
     418  4.37500000E+02  2.62500000E+02  9.54547333E-01  3.38195360E-02  9.88366869E-01  2.50000000E-02  1.60188835E-07  2.39400625E-06 
     419  4.62500000E+02  2.62500000E+02  8.90316133E-01  9.80507054E-02  9.88366838E-01  2.50000000E-02  6.95220941E-07  7.46954979E-07 
     420  4.87500000E+02  2.62500000E+02  7.08974002E-01  2.79392835E-01  9.88366836E-01  2.50000000E-02  6.22013266E-07 -4.52692331E-09 
     421  5.12500000E+02  2.62500000E+02  6.65835253E-01  3.22531610E-01  9.88366863E-01  2.50000000E-02  7.30215070E-07  6.70237893E-07 
     422  5.37500000E+02  2.62500000E+02 -7.56810450E-01  1.74517737E+00  9.88366918E-01  2.50000000E-02  1.21536846E-06  5.16234199E-06 
     423  5.62500000E+02  2.62500000E+02  2.22872355E-01  7.65494507E-01  9.88366862E-01  2.50000000E-02  1.16522431E-06  5.31391995E-07 
     424  5.87500000E+02  2.62500000E+02  1.94286672E-01  7.94080224E-01  9.88366896E-01  2.50000000E-02  1.00787812E-06  6.60253691E-07 
     425  6.12500000E+02  2.62500000E+02  3.02195158E-01  6.86171742E-01  9.88366900E-01  2.50000000E-02  9.49345595E-07  2.94110174E-07 
     426  6.37500000E+02  2.62500000E+02 -1.01702793E-01  1.09006969E+00  9.88366892E-01  2.50000000E-02  8.50889119E-07  5.35700247E-07 
     427  6.62500000E+02  2.62500000E+02 -8.44736268E-01  1.83310317E+00  9.88366904E-01  2.50000000E-02  8.03776641E-07  7.06361660E-08 
     428  6.87500000E+02  2.62500000E+02 -1.13311707E-02  9.99698094E-01  9.88366923E-01  2.50000000E-02  8.16764765E-07 -4.69206840E-07 
     429  7.12500000E+02  2.62500000E+02  6.77916363E-01  3.10450525E-01  9.88366888E-01  2.50000000E-02  9.31189953E-07  2.72153886E-07 
     430  7.37500000E+02  2.62500000E+02 -5.21512721E-01  1.50987959E+00  9.88366867E-01  2.50000000E-02  6.94120294E-07  1.05563450E-07 
     431  7.62500000E+02  2.62500000E+02  4.69066451E-01  5.19300430E-01  9.88366881E-01  2.50000000E-02  5.33348819E-07  3.00170533E-07 
     432  7.87500000E+02  2.62500000E+02 -8.56823764E-01  1.84519064E+00  9.88366871E-01  2.50000000E-02  3.76090115E-07  6.03815276E-08 
     433  8.12500000E+02  2.62500000E+02  8.59767371E-02  9.02390143E-01  9.88366880E-01  2.50000000E-02  3.01667851E-07  3.64160694E-07 
     434  8.37500000E+02  2.62500000E+02 -1.82638404E-01  1.17100528E+00  9.88366881E-01  2.50000000E-02  2.51578377E-07  1.33101008E-07 
     435  8.62500000E+02  2.62500000E+02  2.06930704E-01  7.81436188E-01  9.88366892E-01  2.50000000E-02  2.22811971E-07  6.47017207E-08 
     436  8.87500000E+02  2.62500000E+02  4.00383273E-01  5.87983614E-01  9.88366887E-01  2.50000000E-02  2.12358496E-07  2.05721143E-07 
     437  9.12500000E+02  2.62500000E+02 -2.58413072E-01  1.24677995E+00  9.88366878E-01  2.50000000E-02  1.38801864E-07  5.11976759E-08 
     438  9.37500000E+02  2.62500000E+02 -7.37106387E-01  1.72547325E+00  9.88366863E-01  2.50000000E-02  5.70660068E-08  1.79500570E-07 
     439  9.62500000E+02  2.62500000E+02 -8.13081408E-01  1.80144829E+00  9.88366882E-01  2.50000000E-02  2.41235157E-08  1.16757419E-07 
     440  9.87500000E+02  2.62500000E+02 -5.16564687E-01  1.50493156E+00  9.88366873E-01  2.50000000E-02  1.57047234E-08  4.85631188E-08 
     441  1.25000000E+01  2.87500000E+02  8.33477417E-01  1.54889338E-01  9.88366755E-01  2.50000000E-02  1.09446306E-08  7.77164337E-09 
     442  3.75000000E+01  2.87500000E+02 -9.98707575E-01  1.98707433E+00  9.88366752E-01  2.50000000E-02  7.43340660E-09 -6.95795108E-09 
     443  6.25000000E+01  2.87500000E+02 -3.28974606E-01  1.31734136E+00  9.88366756E-01  2.50000000E-02  1.57356234E-08 -2.15283384E-07 
     444  8.75000000E+01  2.87500000E+02  7.84918661E-01  2.03448084E-01  9.88366745E-01  2.50000000E-02  2.33410986E-07 -9.22274572E-08 
     445  1.12500000E+02  2.87500000E+02 -9.03909283E-02  1.07875767E+00  9.88366741E-01  2.50000000E-02  3.42682119E-07 -2.90037078E-07 
     446  1.37500000E+02  2.87500000E+02  4.75391453E-02  9.40827596E-01  9.88366741E-01  2.50000000E-02  3.49781215E-07 -4.02350980E-07 
     447  1.62500000E+02  2.87500000E+02 -8.47335720E-01  1.83570233E+00  9.88366613E-01  2.50000000E-02 -5.66466616E-08 -1.30991934E-06 
     448  1.87500000E+02  2.87500000E+02 -4.00822679E-01  1.38918925E+00  9.88366571E-01  2.50000000E-02 -6.25485859E-07 -6.32036822E-07 
     449  2.12500000E+02  2.87500000E+02  2.14785155E-02  9.66888000E-01  9.88366515E-01  2.50000000E-02 -1.96797006E-06 -2.24151862E-06 
     450  2.37500000E+02  2.87500000E+02 -5.47241463E-01  1.53560832E+00  9.88366860E-01  2.50000000E-02 -2.37105296E-06 -2.11951083E-06 
     451  2.62500000E+02  2.87500000E+02 -2.74508318E-01  1.26287502E+00  9.88366699E-01  2.50000000E-02 -2.32982813E-06 -6.30957952E-07 
     452  2.87500000E+02  2.87500000E+02  1.64184089E-01  8.24182725E-01  9.88366814E-01  2.50000000E-02 -2.66916204E-06  1.21286882E-06 
     453  3.12500000E+02  2.87500000E+02  3.72539936E-01  6.15826903E-01  9.88366839E-01  2.50000000E-02 -2.43840031E-06  2.51951682E-06 
     454  3.37500000E+02  2.87500000E+02 -6.12205178E-01  1.60057195E+00  9.88366768E-01  2.50000000E-02 -2.36032356E-06 -1.20188954E-07 
     455  3.62500000E+02  2.87500000E+02  5.38933411E-01  4.49433421E-01  9.88366832E-01  2.50000000E-02 -2.26634352E-06  9.02316524E-07 
     456  3.87500000E+02  2.87500000E+02 -6.94758963E-01  1.68312583E+00  9.88366864E-01  2.50000000E-02 -1.69087012E-06  1.10508521E-06 
     457  4.12500000E+02  2.87500000E+02  2.53964569E-01  7.34402326E-01  9.88366895E-01  2.50000000E-02 -1.18465104E-06  6.32067461E-07 
     458  4.37500000E+02  2.87500000E+02 -4.05095158E-01  1.39346195E+00  9.88366794E-01  2.50000000E-02 -9.17368213E-07 -4.73998413E-08 
     459  4.62500000E+02  2.87500000E+02  4.50713467E-01  5.37653348E-01  9.88366815E-01  2.50000000E-02 -9.48102303E-07  6.47789986E-08 
     460  4.87500000E+02  2.87500000E+02  4.34032856E-01  5.54333940E-01  9.88366796E-01  2.50000000E-02 -9.53610016E-07 -5.33423928E-07 
     461  5.12500000E+02  2.87500000E+02  8.53116490E-01  1.35250322E-01  9.88366812E-01  2.50000000E-02 -1.35149988E-06  4.58435706E-07 
     462  5.37500000E+02  2.87500000E+02  9.51742552E-01  3.66243651E-02  9.88366917E-01  2.50000000E-02 -1.15571123E-06  3.44500106E-06 
     463  5.62500000E+02  2.87500000E+02  4.66086404E-01  5.22280462E-01  9.88366866E-01  2.50000000E-02  1.41314311E-09  5.04408742E-07 
     464  5.87500000E+02  2.87500000E+02 -6.44614476E-01  1.63298134E+00  9.88366863E-01  2.50000000E-02 -3.96376009E-09  6.95323837E-07 
     465  6.12500000E+02  2.87500000E+02 -3.96191500E-01  1.38455836E+00  9.88366864E-01  2.50000000E-02 -6.77089542E-09  1.96965092E-07 
     466  6.37500000E+02  2.87500000E+02  9.33081605E-01  5.52852695E-02  9.88366875E-01  2.50000000E-02 -8.53399465E-08  7.34753605E-07 
     467  6.62500000E+02  2.87500000E+02 -3.17314769E-01  1.30568165E+00  9.88366881E-01  2.50000000E-02  6.62037308E-08  1.23091095E-07 
     468  6.87500000E+02  2.87500000E+02  7.96572196E-01  1.91794679E-01  9.88366875E-01  2.50000000E-02  3.59538455E-08 -4.46602657E-08 
     469  7.12500000E+02  2.87500000E+02  8.09256149E-01  1.79110732E-01  9.88366881E-01  2.50000000E-02  2.17811650E-09  3.14537013E-07 
     470  7.37500000E+02  2.87500000E+02  4.17497295E-01  5.70869581E-01  9.88366876E-01  2.50000000E-02 -1.55006374E-08  8.39336843E-08 
     471  7.62500000E+02  2.87500000E+02  7.71770057E-01  2.16596823E-01  9.88366880E-01  2.50000000E-02 -2.26682973E-08  2.68813096E-07 
     472  7.87500000E+02  2.87500000E+02  9.31914994E-01  5.64518781E-02  9.88366872E-01  2.50000000E-02  2.40999010E-08  1.33865229E-07 
     473  8.12500000E+02  2.87500000E+02 -3.74138657E-01  1.36250554E+00  9.88366879E-01  2.50000000E-02  6.49894246E-08  4.08177094E-07 
     474  8.37500000E+02  2.87500000E+02 -8.49988818E-01  1.83835570E+00  9.88366881E-01  2.50000000E-02  6.99417966E-08  2.01732363E-07 
     475  8.62500000E+02  2.87500000E+02  7.00082609E-01  2.88284262E-01  9.88366871E-01  2.50000000E-02  9.65312441E-08  2.31282364E-07 
     476  8.87500000E+02  2.87500000E+02 -9.10670425E-01  1.89903731E+00  9.88366887E-01  2.50000000E-02  1.56740195E-07  2.38841959E-07 
     477  9.12500000E+02  2.87500000E+02  6.07538114E-01  3.80828763E-01  9.88366877E-01  2.50000000E-02  1.97466903E-07  7.42948090E-08 
     478  9.37500000E+02  2.87500000E+02  2.30521661E-01  7.57845212E-01  9.88366873E-01  2.50000000E-02  1.64339841E-07  2.06660194E-07 
     479  9.62500000E+02  2.87500000E+02  7.48881598E-01  2.39485278E-01  9.88366875E-01  2.50000000E-02  6.64107150E-08  2.44246959E-07 
     480  9.87500000E+02  2.87500000E+02 -4.58150855E-01  1.44651773E+00  9.88366878E-01  2.50000000E-02  1.56688330E-09  7.45848942E-08 
     481  1.25000000E+01  3.12500000E+02  8.89455632E-01  9.89111195E-02  9.88366752E-01  2.50000000E-02  5.52396342E-08 -7.62679025E-08 
     482  3.75000000E+01  3.12500000E+02 -6.31376517E-01  1.61974326E+00  9.88366746E-01  2.50000000E-02  1.04711799E-07 -2.90951476E-08 
     483  6.25000000E+01  3.12500000E+02  3.05552792E-01  6.82813955E-01  9.88366747E-01  2.50000000E-02  1.06668572E-07 -1.91628379E-07 
     484  8.75000000E+01  3.12500000E+02  1.01249800E-01  8.87116959E-01  9.88366759E-01  2.50000000E-02  1.56391635E-07 -1.44793272E-07 
     485  1.12500000E+02  3.12500000E+02 -6.71278176E-01  1.65964494E+00  9.88366766E-01  2.50000000E-02  2.41333377E-07 -2.19225254E-07 
     486  1.37500000E+02  3.12500000E+02  7.13473855E-01  2.74892865E-01  9.88366720E-01  2.50000000E-02  5.74164439E-07 -3.42152155E-07 
     487  1.62500000E+02  3.12500000E+02  3.81535222E-01  6.06831491E-01  9.88366713E-01  2.50000000E-02  5.81536719E-07 -1.77794823E-06 
     488  1.87500000E+02  3.12500000E+02  9.56451482E-01  3.19152456E-02  9.88366728E-01  2.50000000E-02 -6.71292639E-07 -2.51333494E-06 
     489  2.12500000E+02  3.12500000E+02  7.75383494E-01  2.12983233E-01  9.88366727E-01  2.50000000E-02 -1.63248082E-06 -2.23705737E-06 
     490  2.37500000E+02  3.12500000E+02 -7.42396327E-01  1.73076299E+00  9.88366661E-01  2.50000000E-02 -2.10559179E-06 -1.69807001E-06 
     491  2.62500000E+02  3.12500000E+02  1.02374976E-01  8.85991717E-01  9.88366693E-01  2.50000000E-02 -2.06795706E-06 -8.68381935E-07 
     492  2.87500000E+02  3.12500000E+02 -7.45134914E-01  1.73350186E+00  9.88366944E-01  2.50000000E-02 -1.07041675E-06  8.59897938E-07 
     493  3.12500000E+02  3.12500000E+02 -9.64563739E-01  1.95293064E+00  9.88366897E-01  2.50000000E-02 -5.05089834E-07  2.38941554E-06 
     494  3.37500000E+02  3.12500000E+02 -5.81170204E-01  1.56953698E+00  9.88366779E-01  2.50000000E-02 -2.67323142E-07 -1.75667221E-07 
     495  3.62500000E+02  3.12500000E+02 -7.55561457E-01  1.74392824E+00  9.88366786E-01  2.50000000E-02 -3.05118801E-07  2.67300867E-07 
     496  3.87500000E+02  3.12500000E+02 -3.49295018E-01  1.33766181E+00  9.88366790E-01  2.50000000E-02 -3.18216518E-07  9.92758510E-07 
     497  4.12500000E+02  3.12500000E+02  9.88179630E-01  1.87202731E-04  9.88366832E-01  2.50000000E-02 -2.87777813E-06  4.45954653E-06 
     498  4.37500000E+02  3.12500000E+02  1.76495243E-01  8.11871609E-01  9.88366852E-01  2.50000000E-02 -3.71884151E-07  1.22464789E-07 
     499  4.62500000E+02  3.12500000E+02 -6.12133846E-02  1.04958023E+00  9.88366843E-01  2.50000000E-02 -3.98109552E-07  1.13639265E-07 
     500  4.87500000E+02  3.12500000E+02 -1.10749767E-01  1.09911660E+00  9.88366831E-01  2.50000000E-02 -4.68195307E-07 -6.39788266E-07 
     501  5.12500000E+02  3.12500000E+02  1.54185328E-01  8.34181523E-01  9.88366851E-01  2.50000000E-02 -5.41702508E-07  1.47715815E-07 
     502  5.37500000E+02  3.12500000E+02  1.54441631E-03  9.86822430E-01  9.88366846E-01  2.50000000E-02 -5.57266910E-07  2.39547166E-07 
     503  5.62500000E+02  3.12500000E+02 -2.09939076E-01  1.19830595E+00  9.88366870E-01  2.50000000E-02 -5.03178072E-07  5.02980028E-07 
     504  5.87500000E+02  3.12500000E+02  8.37053587E-02  9.04661502E-01  9.88366861E-01  2.50000000E-02 -3.79656635E-07  6.10359660E-07 
     505  6.12500000E+02  3.12500000E+02 -9.84763029E-01  1.97312988E+00  9.88366852E-01  2.50000000E-02 -3.09017862E-07  8.28588947E-08 
     506  6.37500000E+02  3.12500000E+02  4.72295481E-01  5.16071354E-01  9.88366835E-01  2.50000000E-02 -2.67884978E-07  1.28605138E-07 
     507  6.62500000E+02  3.12500000E+02 -6.67066766E-01  1.65543364E+00  9.88366875E-01  2.50000000E-02 -1.21316380E-07  9.52045715E-08 
     508  6.87500000E+02  3.12500000E+02 -4.64834171E-01  1.45320104E+00  9.88366864E-01  2.50000000E-02 -8.02027065E-08 -3.19498939E-08 
     509  7.12500000E+02  3.12500000E+02 -2.73507669E-01  1.26187453E+00  9.88366856E-01  2.50000000E-02 -8.70236819E-08  1.10849577E-07 
     510  7.37500000E+02  3.12500000E+02 -9.70003133E-01  1.95836999E+00  9.88366858E-01  2.50000000E-02 -1.11588376E-07  2.28660722E-08 
     511  7.62500000E+02  3.12500000E+02  2.81929733E-01  7.06437130E-01  9.88366863E-01  2.50000000E-02 -1.36621016E-07  1.05383069E-07 
     512  7.87500000E+02  3.12500000E+02  2.41078169E-01  7.47288689E-01  9.88366858E-01  2.50000000E-02 -1.57434128E-07  2.81806583E-08 
     513  8.12500000E+02  3.12500000E+02  3.95770170E-01  5.92596698E-01  9.88366868E-01  2.50000000E-02 -1.64699825E-07  4.26149943E-07 
     514  8.37500000E+02  3.12500000E+02 -6.42047305E-02  1.05257159E+00  9.88366863E-01  2.50000000E-02 -1.49003805E-07  2.25023465E-07 
     515  8.62500000E+02  3.12500000E+02  6.23029571E-01  3.65337290E-01  9.88366861E-01  2.50000000E-02 -1.57110386E-07  2.10269770E-07 
     516  8.87500000E+02  3.12500000E+02  7.02108725E-01  2.86258147E-01  9.88366873E-01  2.50000000E-02 -1.14669044E-07  2.17689383E-07 
     517  9.12500000E+02  3.12500000E+02 -3.55302842E-03  9.91919898E-01  9.88366869E-01  2.50000000E-02 -2.28954904E-08  5.01977005E-08 
     518  9.37500000E+02  3.12500000E+02 -9.62513231E-01  1.95088010E+00  9.88366872E-01  2.50000000E-02 -3.72089903E-09  2.63192505E-07 
     519  9.62500000E+02  3.12500000E+02 -6.76846554E-01  1.66521343E+00  9.88366871E-01  2.50000000E-02  7.53055002E-09  3.00839612E-07 
     520  9.87500000E+02  3.12500000E+02  5.26013183E-01  4.62353676E-01  9.88366859E-01  2.50000000E-02  2.10641882E-08  2.06745994E-07 
     521  1.25000000E+01  3.37500000E+02 -4.61756070E-01  1.45012284E+00  9.88366766E-01  2.50000000E-02  2.26458340E-08 -5.68218332E-08 
     522  3.75000000E+01  3.37500000E+02 -5.57306245E-01  1.54567300E+00  9.88366752E-01  2.50000000E-02  3.12523439E-08 -5.51100498E-08 
     523  6.25000000E+01  3.37500000E+02 -8.43123585E-01  1.83149035E+00  9.88366761E-01  2.50000000E-02  2.90713358E-08 -1.46569641E-07 
     524  8.75000000E+01  3.37500000E+02 -6.36874693E-01  1.62524145E+00  9.88366754E-01  2.50000000E-02  3.22572916E-08 -1.53243932E-07 
     525  1.12500000E+02  3.37500000E+02 -8.62173038E-01  1.85053978E+00  9.88366742E-01  2.50000000E-02 -1.20225389E-08 -1.99635901E-07 
     526  1.37500000E+02  3.37500000E+02 -9.98801574E-01  1.98716834E+00  9.88366764E-01  2.50000000E-02 -2.16391526E-08 -1.39367539E-07 
     527  1.62500000E+02  3.37500000E+02  4.97561888E-01  4.90804837E-01  9.88366725E-01  2.50000000E-02  1.14669143E-07 -1.79068233E-06 
     528  1.87500000E+02  3.37500000E+02  5.55506505E-01  4.32860273E-01  9.88366778E-01  2.50000000E-02  3.17760433E-07 -6.37097160E-07 
     529  2.12500000E+02  3.37500000E+02 -5.14768477E-01  1.50313525E+00  9.88366774E-01  2.50000000E-02  7.51813514E-07 -4.32378352E-07 
     530  2.37500000E+02  3.37500000E+02  4.49690095E-01  5.38676625E-01  9.88366720E-01  2.50000000E-02  7.95190756E-07 -1.77019537E-06 
     531  2.62500000E+02  3.37500000E+02  2.08834336E-01  7.79532387E-01  9.88366723E-01  2.50000000E-02  6.11827520E-07 -1.06398669E-06 
     532  2.87500000E+02  3.37500000E+02  8.80607532E-01  1.07759318E-01  9.88366851E-01  2.50000000E-02 -1.80748820E-07  1.61438792E-06 
     533  3.12500000E+02  3.37500000E+02  7.62143809E-01  2.26223053E-01  9.88366861E-01  2.50000000E-02  3.50054433E-07  2.21233639E-06 
     534  3.37500000E+02  3.37500000E+02  1.91182312E-01  7.97184485E-01  9.88366797E-01  2.50000000E-02  1.24760818E-07 -1.85348099E-07 
     535  3.62500000E+02  3.37500000E+02 -4.39467332E-01  1.42783415E+00  9.88366813E-01  2.50000000E-02  8.16993890E-08  1.84897896E-07 
     536  3.87500000E+02  3.37500000E+02 -6.68779376E-01  1.65714619E+00  9.88366816E-01  2.50000000E-02  9.39344855E-08  7.42251492E-07 
     537  4.12500000E+02  3.37500000E+02 -5.55079330E-01  1.54344613E+00  9.88366797E-01  2.50000000E-02  6.34052955E-08  3.17106895E-07 
     538  4.37500000E+02  3.37500000E+02 -1.77210822E-01  1.16557762E+00  9.88366800E-01  2.50000000E-02 -4.71646531E-08  3.13010682E-07 
     539  4.62500000E+02  3.37500000E+02 -3.32755791E-01  1.32112261E+00  9.88366818E-01  2.50000000E-02 -9.65384584E-08  1.00067072E-07 
     540  4.87500000E+02  3.37500000E+02  4.02397733E-01  5.85969082E-01  9.88366815E-01  2.50000000E-02 -1.01351639E-07 -6.31778796E-07 
     541  5.12500000E+02  3.37500000E+02  9.35292297E-01  5.30745415E-02  9.88366838E-01  2.50000000E-02 -5.03263951E-07  4.03930453E-07 
     542  5.37500000E+02  3.37500000E+02  9.15586516E-02  8.96808204E-01  9.88366856E-01  2.50000000E-02 -3.26096752E-07  2.30334202E-07 
     543  5.62500000E+02  3.37500000E+02  8.15716200E-01  1.72650659E-01  9.88366859E-01  2.50000000E-02 -1.79219114E-07  4.13575521E-07 
     544  5.87500000E+02  3.37500000E+02 -5.03468074E-01  1.49183495E+00  9.88366878E-01  2.50000000E-02  1.41776489E-07  5.68728195E-07 
     545  6.12500000E+02  3.37500000E+02 -6.69021962E-01  1.65738884E+00  9.88366876E-01  2.50000000E-02  1.53376228E-07  2.92554123E-08 
     546  6.37500000E+02  3.37500000E+02 -6.42252231E-01  1.63061909E+00  9.88366856E-01  2.50000000E-02  1.07659821E-07  1.77410013E-07 
     547  6.62500000E+02  3.37500000E+02 -9.15931343E-01  1.90429823E+00  9.88366886E-01  2.50000000E-02  8.67933368E-08  9.05541708E-08 
     548  6.87500000E+02  3.37500000E+02 -3.57765820E-02  1.02414345E+00  9.88366867E-01  2.50000000E-02  1.36248312E-07 -2.62779649E-08 
     549  7.12500000E+02  3.37500000E+02  1.43321703E-02  9.74034696E-01  9.88366866E-01  2.50000000E-02  1.22035903E-07  1.10321092E-07 
     550  7.37500000E+02  3.37500000E+02 -8.25790495E-01  1.81415736E+00  9.88366862E-01  2.50000000E-02  9.12238807E-08  8.85775071E-09 
     551  7.62500000E+02  3.37500000E+02 -5.13702550E-01  1.50206942E+00  9.88366867E-01  2.50000000E-02  8.00430493E-08  7.17084076E-08 
     552  7.87500000E+02  3.37500000E+02  6.87706151E-02  9.19596248E-01  9.88366864E-01  2.50000000E-02  7.03240617E-08  4.10203405E-08 
     553  8.12500000E+02  3.37500000E+02  1.57189289E-01  8.31177572E-01  9.88366861E-01  2.50000000E-02  3.67947289E-08  3.63697409E-07 
     554  8.37500000E+02  3.37500000E+02 -3.94510543E-01  1.38287741E+00  9.88366863E-01  2.50000000E-02  1.01208722E-09  1.90650795E-07 
     555  8.62500000E+02  3.37500000E+02  3.74971382E-01  6.13395491E-01  9.88366873E-01  2.50000000E-02 -2.36779784E-09  2.14250105E-07 
     556  8.87500000E+02  3.37500000E+02 -3.79816420E-01  1.36818328E+00  9.88366864E-01  2.50000000E-02 -4.80649527E-10  5.91387531E-08 
     557  9.12500000E+02  3.37500000E+02  1.94168431E-01  7.94198442E-01  9.88366872E-01  2.50000000E-02  5.43858320E-09  4.01286959E-08 
     558  9.37500000E+02  3.37500000E+02  4.57312719E-01  5.31054147E-01  9.88366866E-01  2.50000000E-02  4.05559911E-08  3.10881981E-07 
     559  9.62500000E+02  3.37500000E+02  8.05780058E-01  1.82586810E-01  9.88366868E-01  2.50000000E-02  8.71898688E-08  2.64925191E-07 
     560  9.87500000E+02  3.37500000E+02  3.18677521E-01  6.69689329E-01  9.88366850E-01  2.50000000E-02  1.48622289E-08  2.04217548E-07 
     561  1.25000000E+01  3.62500000E+02 -9.66060666E-01  1.95442743E+00  9.88366761E-01  2.50000000E-02 -1.71381622E-09 -6.54280718E-08 
     562  3.75000000E+01  3.62500000E+02  5.15856432E-01  4.72510329E-01  9.88366761E-01  2.50000000E-02 -2.99399714E-08 -7.39969762E-08 
     563  6.25000000E+01  3.62500000E+02 -3.34530843E-01  1.32289760E+00  9.88366758E-01  2.50000000E-02 -7.02126484E-08 -1.15760477E-07 
     564  8.75000000E+01  3.62500000E+02  3.69791417E-01  6.18575343E-01  9.88366760E-01  2.50000000E-02 -9.58832497E-08 -1.63474327E-07 
     565  1.12500000E+02  3.62500000E+02  3.35961265E-01  6.52405492E-01  9.88366756E-01  2.50000000E-02 -1.27913390E-07 -2.92972612E-07 
     566  1.37500000E+02  3.62500000E+02 -9.76369505E-01  1.96473626E+00  9.88366757E-01  2.50000000E-02 -1.68169973E-07 -1.30268218E-07 
     567  1.62500000E+02  3.62500000E+02 -7.03027348E-01  1.69139410E+00  9.88366751E-01  2.50000000E-02 -1.91498547E-07 -1.61094099E-06 
     568  1.87500000E+02  3.62500000E+02 -3.95054195E-01  1.38342098E+00  9.88366788E-01  2.50000000E-02 -1.41959122E-07 -5.24439231E-07 
     569  2.12500000E+02  3.62500000E+02 -6.06662382E-01  1.59502912E+00  9.88366740E-01  2.50000000E-02 -1.20907814E-07 -4.04477175E-07 
     570  2.37500000E+02  3.62500000E+02  1.31333254E-01  8.57033517E-01  9.88366771E-01  2.50000000E-02 -2.36866137E-07 -1.35359010E-06 
     571  2.62500000E+02  3.62500000E+02  6.78557906E-01  3.09808848E-01  9.88366755E-01  2.50000000E-02 -3.66970056E-07 -1.20367737E-06 
     572  2.87500000E+02  3.62500000E+02  8.98066731E-01  9.03001102E-02  9.88366841E-01  2.50000000E-02 -8.30434405E-07  1.28352236E-06 
     573  3.12500000E+02  3.62500000E+02  6.28986818E-01  3.59380023E-01  9.88366841E-01  2.50000000E-02 -3.65191419E-07  1.62499212E-06 
     574  3.37500000E+02  3.62500000E+02 -5.61567362E-01  1.54993420E+00  9.88366838E-01  2.50000000E-02 -3.19523690E-07  1.13660495E-08 
     575  3.62500000E+02  3.62500000E+02 -2.10584714E-01  1.19895154E+00  9.88366826E-01  2.50000000E-02 -3.44587520E-07  2.05000716E-07 
     576  3.87500000E+02  3.62500000E+02 -6.15901412E-01  1.60426827E+00  9.88366854E-01  2.50000000E-02 -3.21046625E-07  6.92309884E-07 
     577  4.12500000E+02  3.62500000E+02  4.92716108E-01  4.95650696E-01  9.88366804E-01  2.50000000E-02 -1.44224166E-07  3.32743423E-07 
     578  4.37500000E+02  3.62500000E+02 -3.55685850E-01  1.34405267E+00  9.88366823E-01  2.50000000E-02 -1.01465739E-07  3.84022813E-07 
     579  4.62500000E+02  3.62500000E+02 -9.76551710E-01  1.96491854E+00  9.88366831E-01  2.50000000E-02 -4.96201183E-08  7.21671789E-08 
     580  4.87500000E+02  3.62500000E+02 -8.66758993E-01  1.85512581E+00  9.88366820E-01  2.50000000E-02 -3.01244014E-08 -6.52185918E-07 
     581  5.12500000E+02  3.62500000E+02  5.96923364E-01  3.91443453E-01  9.88366816E-01  2.50000000E-02 -1.20337332E-07  1.80372530E-07 
     582  5.37500000E+02  3.62500000E+02 -8.49782317E-01  1.83814917E+00  9.88366854E-01  2.50000000E-02 -3.62414878E-08  2.44176285E-07 
     583  5.62500000E+02  3.62500000E+02 -4.39410726E-01  1.42777756E+00  9.88366839E-01  2.50000000E-02 -3.71826395E-08  8.18387950E-08 
     584  5.87500000E+02  3.62500000E+02  5.24814540E-01  4.63552323E-01  9.88366863E-01  2.50000000E-02 -1.50559955E-07  5.18189488E-07 
     585  6.12500000E+02  3.62500000E+02  9.17688554E-01  7.06783070E-02  9.88366861E-01  2.50000000E-02 -1.90898289E-07  2.73305150E-07 
     586  6.37500000E+02  3.62500000E+02 -7.46181453E-02  1.06298501E+00  9.88366868E-01  2.50000000E-02 -1.69522484E-07  2.58478207E-07 
     587  6.62500000E+02  3.62500000E+02  3.43220318E-01  6.45146560E-01  9.88366878E-01  2.50000000E-02 -1.21467465E-07  1.43141547E-07 
     588  6.87500000E+02  3.62500000E+02  4.11170400E-02  9.47249827E-01  9.88366867E-01  2.50000000E-02 -7.51510701E-08 -1.02889424E-08 
     589  7.12500000E+02  3.62500000E+02  1.37093551E-01  8.51273316E-01  9.88366867E-01  2.50000000E-02 -7.25392381E-08  1.49227716E-07 
     590  7.37500000E+02  3.62500000E+02 -5.61127821E-01  1.54949469E+00  9.88366868E-01  2.50000000E-02 -6.36509286E-08  1.99027937E-08 
     591  7.62500000E+02  3.62500000E+02 -6.32209528E-01  1.62057639E+00  9.88366865E-01  2.50000000E-02 -6.58572127E-08  6.00845214E-08 
     592  7.87500000E+02  3.62500000E+02  1.59330829E-01  8.29036036E-01  9.88366864E-01  2.50000000E-02 -9.41848235E-08  7.00158718E-08 
     593  8.12500000E+02  3.62500000E+02 -8.43544998E-01  1.83191187E+00  9.88366870E-01  2.50000000E-02 -1.05912727E-07  3.34701355E-07 
     594  8.37500000E+02  3.62500000E+02 -7.98577645E-01  1.78694452E+00  9.88366870E-01  2.50000000E-02 -1.01805853E-07  1.84017711E-07 
     595  8.62500000E+02  3.62500000E+02  8.70439201E-01  1.17927660E-01  9.88366861E-01  2.50000000E-02  1.75189490E-07  4.09922219E-07 
     596  8.87500000E+02  3.62500000E+02 -5.89937129E-01  1.57830401E+00  9.88366876E-01  2.50000000E-02  4.94276687E-07  7.14429922E-08 
     597  9.12500000E+02  3.62500000E+02  9.76380787E-01  1.19860823E-02  9.88366869E-01  2.50000000E-02  6.43215313E-07  2.96637744E-07 
     598  9.37500000E+02  3.62500000E+02  3.75203281E-01  6.13163573E-01  9.88366854E-01  2.50000000E-02  4.91816452E-08  2.77031592E-07 
     599  9.62500000E+02  3.62500000E+02  9.65871543E-03  9.78708135E-01  9.88366850E-01  2.50000000E-02  3.07640808E-08  6.82512372E-08 
     600  9.87500000E+02  3.62500000E+02  1.09596903E-01  8.78769947E-01  9.88366850E-01  2.50000000E-02  1.04624637E-08  1.75820715E-07 
     601  1.25000000E+01  3.87500000E+02  1.55109543E-01  8.33257225E-01  9.88366768E-01  2.50000000E-02 -1.87599164E-09 -8.70980508E-08 
     602  3.75000000E+01  3.87500000E+02 -7.71215314E-01  1.75958208E+00  9.88366767E-01  2.50000000E-02 -9.85378312E-09 -2.26931688E-08 
     603  6.25000000E+01  3.87500000E+02 -6.58958607E-01  1.64732537E+00  9.88366759E-01  2.50000000E-02 -3.21407213E-08 -8.80270279E-08 
     604  8.75000000E+01  3.87500000E+02 -5.58975465E-02  1.04426431E+00  9.88366761E-01  2.50000000E-02 -1.05928401E-07 -1.44242509E-07 
     605  1.12500000E+02  3.87500000E+02  5.28193489E-01  4.60173276E-01  9.88366764E-01  2.50000000E-02 -3.21438094E-07 -3.11854157E-07 
     606  1.37500000E+02  3.87500000E+02  6.72831520E-01  3.15535260E-01  9.88366780E-01  2.50000000E-02 -5.79896607E-07 -9.89271536E-08 
     607  1.62500000E+02  3.87500000E+02  4.06350372E-01  5.82016340E-01  9.88366712E-01  2.50000000E-02 -1.11930057E-06 -1.48520351E-06 
     608  1.87500000E+02  3.87500000E+02  3.95698919E-02  9.48796915E-01  9.88366807E-01  2.50000000E-02 -1.08526230E-06 -4.08702794E-07 
     609  2.12500000E+02  3.87500000E+02 -1.17352384E-02  1.00010201E+00  9.88366769E-01  2.50000000E-02 -9.95973727E-07 -4.19683508E-07 
     610  2.37500000E+02  3.87500000E+02 -5.69130758E-01  1.55749753E+00  9.88366776E-01  2.50000000E-02 -9.95282974E-07 -1.00762453E-06 
     611  2.62500000E+02  3.87500000E+02  3.82325208E-01  6.06041544E-01  9.88366752E-01  2.50000000E-02 -1.01292037E-06 -1.16384260E-06 
     612  2.87500000E+02  3.87500000E+02  8.00741049E-01  1.87625759E-01  9.88366808E-01  2.50000000E-02 -1.20288060E-06  4.70818544E-07 
     613  3.12500000E+02  3.87500000E+02 -4.36175349E-01  1.42454215E+00  9.88366796E-01  2.50000000E-02 -1.04614821E-06  1.00635752E-06 
     614  3.37500000E+02  3.87500000E+02 -1.47161939E-02  1.00308300E+00  9.88366802E-01  2.50000000E-02 -1.01087073E-06  1.39800921E-07 
     615  3.62500000E+02  3.87500000E+02 -7.06845146E-01  1.69521194E+00  9.88366792E-01  2.50000000E-02 -9.79619612E-07  1.63722817E-07 
     616  3.87500000E+02  3.87500000E+02  4.85538138E-02  9.39813033E-01  9.88366847E-01  2.50000000E-02 -7.84289023E-07  7.55705247E-07 
     617  4.12500000E+02  3.87500000E+02 -7.71735505E-01  1.76010230E+00  9.88366790E-01  2.50000000E-02 -5.87769754E-07  3.13186092E-07 
     618  4.37500000E+02  3.87500000E+02  1.87056193E-01  8.01310590E-01  9.88366783E-01  2.50000000E-02 -5.84638944E-07  4.77729459E-07 
     619  4.62500000E+02  3.87500000E+02  8.80330275E-01  1.08036534E-01  9.88366809E-01  2.50000000E-02 -6.97681410E-07  1.39345640E-07 
     620  4.87500000E+02  3.87500000E+02  3.42345162E-01  6.46021673E-01  9.88366835E-01  2.50000000E-02 -2.97201776E-07 -5.47408152E-07 
     621  5.12500000E+02  3.87500000E+02 -8.72640495E-01  1.86100731E+00  9.88366810E-01  2.50000000E-02 -3.43728555E-07  1.20652594E-07 
     622  5.37500000E+02  3.87500000E+02  2.94931678E-01  6.93435177E-01  9.88366855E-01  2.50000000E-02 -2.87948102E-07  2.49965988E-07 
     623  5.62500000E+02  3.87500000E+02 -6.37404482E-01  1.62577133E+00  9.88366847E-01  2.50000000E-02 -8.96197708E-08  8.15149398E-08 
     624  5.87500000E+02  3.87500000E+02 -4.38549149E-01  1.42691598E+00  9.88366832E-01  2.50000000E-02 -6.95240243E-08  2.50755821E-07 
     625  6.12500000E+02  3.87500000E+02  3.51708111E-01  6.36658727E-01  9.88366838E-01  2.50000000E-02 -1.05776752E-07  5.78918813E-08 
     626  6.37500000E+02  3.87500000E+02  6.49206713E-02  9.23446166E-01  9.88366838E-01  2.50000000E-02 -1.20448401E-07  3.02706374E-07 
     627  6.62500000E+02  3.87500000E+02  9.18175539E-01  7.01913151E-02  9.88366854E-01  2.50000000E-02 -2.72806595E-07  3.85615648E-07 
     628  6.87500000E+02  3.87500000E+02 -9.20605568E-01  1.90897243E+00  9.88366866E-01  2.50000000E-02 -7.61690389E-08  2.90310513E-09 
     629  7.12500000E+02  3.87500000E+02  4.03094956E-01  5.85271909E-01  9.88366865E-01  2.50000000E-02 -5.71500624E-08  2.11819340E-07 
     630  7.37500000E+02  3.87500000E+02  1.94257328E-01  7.94109533E-01  9.88366862E-01  2.50000000E-02 -5.47720985E-08  6.78767816E-08 
     631  7.62500000E+02  3.87500000E+02 -4.74625661E-01  1.46299253E+00  9.88366872E-01  2.50000000E-02 -2.67185106E-08  5.92406752E-08 
     632  7.87500000E+02  3.87500000E+02 -3.33009062E-01  1.32137593E+00  9.88366867E-01  2.50000000E-02 -1.04586568E-08  1.08232349E-07 
     633  8.12500000E+02  3.87500000E+02 -1.39707627E-01  1.12807449E+00  9.88366867E-01  2.50000000E-02 -4.60515819E-09  3.23536651E-07 
     634  8.37500000E+02  3.87500000E+02  8.25223234E-01  1.63143623E-01  9.88366858E-01  2.50000000E-02  7.59463929E-08  3.37950532E-07 
     635  8.62500000E+02  3.87500000E+02  9.51776039E-01  3.65908148E-02  9.88366853E-01  2.50000000E-02  4.65364209E-08  6.58805790E-07 
     636  8.87500000E+02  3.87500000E+02  3.19834321E-01  6.68532537E-01  9.88366859E-01  2.50000000E-02  3.29846938E-08  1.33291447E-07 
     637  9.12500000E+02  3.87500000E+02  8.76020387E-01  1.12346469E-01  9.88366857E-01  2.50000000E-02  3.25946541E-08  7.30139733E-08 
     638  9.37500000E+02  3.87500000E+02 -3.08319958E-01  1.29668681E+00  9.88366850E-01  2.50000000E-02 -5.18665531E-08  1.87740530E-07 
     639  9.62500000E+02  3.87500000E+02 -6.58719114E-01  1.64708597E+00  9.88366855E-01  2.50000000E-02 -3.91377967E-08  5.77817561E-08 
     640  9.87500000E+02  3.87500000E+02 -2.55844584E-01  1.24421144E+00  9.88366854E-01  2.50000000E-02 -1.18212855E-08  1.69106016E-07 
     641  1.25000000E+01  4.12500000E+02 -1.14667748E-01  1.10303451E+00  9.88366766E-01  2.50000000E-02  1.34417563E-08 -8.98980990E-08 
     642  3.75000000E+01  4.12500000E+02 -1.19798821E-01  1.10816558E+00  9.88366762E-01  2.50000000E-02  2.66618454E-08 -1.59462809E-08 
     643  6.25000000E+01  4.12500000E+02 -1.99528805E-01  1.18789556E+00  9.88366753E-01  2.50000000E-02 -1.05015235E-09 -7.04760623E-08 
     644  8.75000000E+01  4.12500000E+02  4.43166795E-01  5.45199967E-01  9.88366762E-01  2.50000000E-02 -1.19758454E-07 -1.10385101E-07 
     645  1.12500000E+02  4.12500000E+02  6.67500279E-01  3.20866483E-01  9.88366763E-01  2.50000000E-02 -2.86489853E-07 -2.83901542E-07 
     646  1.37500000E+02  4.12500000E+02  6.79524660E-01  3.08842105E-01  9.88366765E-01  2.50000000E-02 -4.42239019E-07 -1.81185375E-08 
     647  1.62500000E+02  4.12500000E+02  7.83519136E-01  2.04847613E-01  9.88366749E-01  2.50000000E-02 -8.03326166E-07 -1.29789023E-06 
     648  1.87500000E+02  4.12500000E+02  5.42671422E-02  9.34099695E-01  9.88366837E-01  2.50000000E-02 -6.48445067E-07 -1.27385558E-07 
     649  2.12500000E+02  4.12500000E+02 -9.57887589E-02  1.08415556E+00  9.88366799E-01  2.50000000E-02 -6.87431629E-07 -2.44899411E-07 
     650  2.37500000E+02  4.12500000E+02 -7.04305250E-01  1.69267206E+00  9.88366810E-01  2.50000000E-02 -7.78264179E-07 -7.66289233E-07 
     651  2.62500000E+02  4.12500000E+02 -5.88823646E-01  1.57719042E+00  9.88366774E-01  2.50000000E-02 -8.96087094E-07 -1.05470272E-06 
     652  2.87500000E+02  4.12500000E+02 -5.23053373E-01  1.51142018E+00  9.88366809E-01  2.50000000E-02 -1.02172747E-06  7.99323807E-08 
     653  3.12500000E+02  4.12500000E+02 -8.25401872E-01  1.81376869E+00  9.88366820E-01  2.50000000E-02 -1.02194944E-06  9.52345446E-07 
     654  3.37500000E+02  4.12500000E+02  5.25067566E-01  4.63299230E-01  9.88366796E-01  2.50000000E-02 -9.15095324E-07  1.61447740E-07 
     655  3.62500000E+02  4.12500000E+02 -7.83024329E-01  1.77139114E+00  9.88366809E-01  2.50000000E-02 -8.47414161E-07  1.20132107E-07 
     656  3.87500000E+02  4.12500000E+02  5.73640254E-01  4.14726550E-01  9.88366804E-01  2.50000000E-02 -6.72284572E-07  6.64414120E-07 
     657  4.12500000E+02  4.12500000E+02  6.58338337E-01  3.30028443E-01  9.88366781E-01  2.50000000E-02 -5.73210519E-07  8.55941382E-08 
     658  4.37500000E+02  4.12500000E+02  8.36372757E-01  1.51994046E-01  9.88366803E-01  2.50000000E-02 -4.59681902E-07  1.20853013E-08 
     659  4.62500000E+02  4.12500000E+02 -5.76557963E-01  1.56492478E+00  9.88366817E-01  2.50000000E-02 -4.43468026E-08  6.87085797E-08 
     660  4.87500000E+02  4.12500000E+02 -5.98355215E-01  1.58672202E+00  9.88366807E-01  2.50000000E-02 -5.33571288E-08 -4.78104789E-07 
     661  5.12500000E+02  4.12500000E+02 -4.70305079E-01  1.45867189E+00  9.88366814E-01  2.50000000E-02 -7.29393819E-08  1.16892144E-07 
     662  5.37500000E+02  4.12500000E+02  9.68222219E-01  2.01446126E-02  9.88366832E-01  2.50000000E-02 -2.88689295E-07  5.92911865E-07 
     663  5.62500000E+02  4.12500000E+02  4.24524568E-01  5.63842271E-01  9.88366839E-01  2.50000000E-02  6.92101531E-08  1.27493319E-07 
     664  5.87500000E+02  4.12500000E+02 -1.70848611E-02  1.00545171E+00  9.88366847E-01  2.50000000E-02  1.06387973E-07  1.66519682E-07 
     665  6.12500000E+02  4.12500000E+02 -3.59020408E-01  1.34738725E+00  9.88366843E-01  2.50000000E-02  1.22165692E-07  5.98637234E-08 
     666  6.37500000E+02  4.12500000E+02 -5.20579146E-02  1.04042477E+00  9.88366857E-01  2.50000000E-02  1.66768444E-07  3.10058796E-07 
     667  6.62500000E+02  4.12500000E+02 -3.64641074E-01  1.35300792E+00  9.88366842E-01  2.50000000E-02  2.07220891E-07  1.87871751E-07 
     668  6.87500000E+02  4.12500000E+02  8.98391509E-01  8.99753431E-02  9.88366852E-01  2.50000000E-02 -2.09456647E-08  2.77132157E-07 
     669  7.12500000E+02  4.12500000E+02  6.22015577E-01  3.66351282E-01  9.88366860E-01  2.50000000E-02 -6.65744516E-08  2.89812840E-07 
     670  7.37500000E+02  4.12500000E+02 -1.48513640E-01  1.13688050E+00  9.88366862E-01  2.50000000E-02 -4.81496424E-08  9.33955900E-08 
     671  7.62500000E+02  4.12500000E+02  8.27164934E-01  1.61201916E-01  9.88366849E-01  2.50000000E-02 -2.94808730E-08  3.17187847E-07 
     672  7.87500000E+02  4.12500000E+02  6.44029528E-01  3.44337327E-01  9.88366855E-01  2.50000000E-02 -6.83503303E-08  2.09391883E-07 
     673  8.12500000E+02  4.12500000E+02 -6.87756908E-01  1.67612376E+00  9.88366857E-01  2.50000000E-02 -5.54488897E-08  2.71583070E-07 
     674  8.37500000E+02  4.12500000E+02  2.82743241E-01  7.05623602E-01  9.88366843E-01  2.50000000E-02 -9.68466832E-08  2.72201183E-07 
     675  8.62500000E+02  4.12500000E+02 -3.05489254E-02  1.01891578E+00  9.88366852E-01  2.50000000E-02 -1.53699593E-07  7.20984269E-07 
     676  8.87500000E+02  4.12500000E+02  2.06506390E-01  7.81860466E-01  9.88366856E-01  2.50000000E-02 -1.57812807E-07  1.14549380E-07 
     677  9.12500000E+02  4.12500000E+02 -5.37229149E-01  1.52559601E+00  9.88366859E-01  2.50000000E-02 -1.36448097E-07  7.19289907E-08 
     678  9.37500000E+02  4.12500000E+02 -5.68518548E-01  1.55688540E+00  9.88366856E-01  2.50000000E-02 -1.29137598E-07  1.70340218E-07 
     679  9.62500000E+02  4.12500000E+02  8.97037579E-01  9.13292681E-02  9.88366847E-01  2.50000000E-02 -4.61868361E-08  1.58495888E-07 
     680  9.87500000E+02  4.12500000E+02  3.11866661E-01  6.76500192E-01  9.88366853E-01  2.50000000E-02 -2.45333917E-09  1.69497228E-07 
     681  1.25000000E+01  4.37500000E+02 -5.21525428E-01  1.50989219E+00  9.88366763E-01  2.50000000E-02  3.22977774E-09 -1.04056571E-07 
     682  3.75000000E+01  4.37500000E+02  5.82371908E-01  4.05994855E-01  9.88366763E-01  2.50000000E-02  4.66393150E-08 -4.77250960E-08 
     683  6.25000000E+01  4.37500000E+02  8.74393557E-01  1.13973195E-01  9.88366751E-01  2.50000000E-02  2.10634773E-07 -1.27122986E-07 
     684  8.75000000E+01  4.37500000E+02 -3.58850876E-01  1.34721763E+00  9.88366751E-01  2.50000000E-02  2.60120136E-07 -1.18863796E-07 
     685  1.12500000E+02  4.37500000E+02  8.06857612E-01  1.81509145E-01  9.88366758E-01  2.50000000E-02  2.88123644E-07 -2.67886970E-07 
     686  1.37500000E+02  4.37500000E+02  8.47045990E-01  1.41320769E-01  9.88366759E-01  2.50000000E-02  3.98325052E-07 -8.68148159E-08 
     687  1.62500000E+02  4.37500000E+02 -3.74242936E-01  1.36260971E+00  9.88366771E-01  2.50000000E-02  6.08860217E-07 -6.81438719E-07 
     688  1.87500000E+02  4.37500000E+02 -2.19686907E-01  1.20805368E+00  9.88366777E-01  2.50000000E-02  6.32700340E-07  5.74668172E-08 
     689  2.12500000E+02  4.37500000E+02 -9.39235959E-01  1.92760270E+00  9.88366743E-01  2.50000000E-02  5.72305562E-07 -1.72050711E-07 
     690  2.37500000E+02  4.37500000E+02 -6.61510006E-01  1.64987675E+00  9.88366743E-01  2.50000000E-02  4.69541871E-07 -6.24653631E-07 
     691  2.62500000E+02  4.37500000E+02  5.06867385E-01  4.81499393E-01  9.88366778E-01  2.50000000E-02 -4.76992299E-08 -7.17681978E-07 
     692  2.87500000E+02  4.37500000E+02 -4.21473287E-01  1.40984010E+00  9.88366815E-01  2.50000000E-02 -2.38667249E-07  7.67860020E-08 
     693  3.12500000E+02  4.37500000E+02  7.66276348E-01  2.22090472E-01  9.88366820E-01  2.50000000E-02 -2.49159113E-07  9.31257218E-07 
     694  3.37500000E+02  4.37500000E+02 -8.48013906E-01  1.83638071E+00  9.88366807E-01  2.50000000E-02 -3.14238244E-07  2.04772065E-07 
     695  3.62500000E+02  4.37500000E+02  1.49155181E-01  8.39211632E-01  9.88366813E-01  2.50000000E-02 -3.11147283E-07  1.20973152E-07 
     696  3.87500000E+02  4.37500000E+02 -1.48167384E-01  1.13653419E+00  9.88366802E-01  2.50000000E-02 -3.23820000E-07  3.42993688E-07 
     697  4.12500000E+02  4.37500000E+02 -8.19904568E-01  1.80827138E+00  9.88366807E-01  2.50000000E-02 -3.39557637E-07 -5.30584229E-08 
     698  4.37500000E+02  4.37500000E+02 -1.08633900E-01  1.09700071E+00  9.88366805E-01  2.50000000E-02 -3.43395268E-07 -2.76813331E-07 
     699  4.62500000E+02  4.37500000E+02  7.80516317E-01  2.07850499E-01  9.88366816E-01  2.50000000E-02 -3.70370689E-07  8.21128171E-08 
     700  4.87500000E+02  4.37500000E+02  4.72469267E-01  5.15897555E-01  9.88366822E-01  2.50000000E-02 -2.78426257E-07 -4.25875380E-07 
     701  5.12500000E+02  4.37500000E+02  4.65935691E-01  5.22431121E-01  9.88366812E-01  2.50000000E-02 -2.82630977E-07  1.32257363E-07 
     702  5.37500000E+02  4.37500000E+02  5.45168541E-01  4.43198269E-01  9.88366810E-01  2.50000000E-02 -3.43671861E-07 -1.13399411E-07 
     703  5.62500000E+02  4.37500000E+02  8.40862699E-01  1.47504132E-01  9.88366832E-01  2.50000000E-02 -4.95705205E-07  1.51267629E-07 
     704  5.87500000E+02  4.37500000E+02  2.23931685E-01  7.64435175E-01  9.88366861E-01  2.50000000E-02 -2.16877434E-07  1.54794754E-07 
     705  6.12500000E+02  4.37500000E+02  7.57971950E-01  2.30394887E-01  9.88366837E-01  2.50000000E-02 -8.08404328E-08  1.17396865E-07 
     706  6.37500000E+02  4.37500000E+02  6.26097992E-01  3.62268844E-01  9.88366836E-01  2.50000000E-02 -1.00519486E-07  4.75140843E-07 
     707  6.62500000E+02  4.37500000E+02 -3.11012525E-01  1.29937937E+00  9.88366842E-01  2.50000000E-02 -7.73950811E-08  1.81660001E-07 
     708  6.87500000E+02  4.37500000E+02  4.87651479E-01  5.00715350E-01  9.88366829E-01  2.50000000E-02 -9.64618737E-08  1.53130295E-07 
     709  7.12500000E+02  4.37500000E+02  1.48012393E-01  8.40354435E-01  9.88366828E-01  2.50000000E-02 -1.74943939E-07  1.69340681E-07 
     710  7.37500000E+02  4.37500000E+02  8.30803344E-01  1.57563505E-01  9.88366849E-01  2.50000000E-02 -4.33913183E-07  2.89114551E-07 
     711  7.62500000E+02  4.37500000E+02  1.16134439E-03  9.87205503E-01  9.88366848E-01  2.50000000E-02 -5.24884916E-07  3.81362937E-07 
     712  7.87500000E+02  4.37500000E+02  2.39835834E-01  7.48531015E-01  9.88366848E-01  2.50000000E-02 -5.25363224E-07  2.08698895E-07 
     713  8.12500000E+02  4.37500000E+02 -5.16214511E-01  1.50458138E+00  9.88366872E-01  2.50000000E-02 -4.33207634E-07  2.53293724E-07 
     714  8.37500000E+02  4.37500000E+02  4.95133606E-01  4.93233223E-01  9.88366828E-01  2.50000000E-02 -2.75027818E-07  1.67854141E-07 
     715  8.62500000E+02  4.37500000E+02  8.93104765E-01  9.52620935E-02  9.88366858E-01  2.50000000E-02 -3.33305194E-07  4.25378936E-07 
     716  8.87500000E+02  4.37500000E+02 -9.15906093E-02  1.07995747E+00  9.88366865E-01  2.50000000E-02 -9.92702814E-09  1.22358174E-07 
     717  9.12500000E+02  4.37500000E+02 -2.09695417E-01  1.19806228E+00  9.88366865E-01  2.50000000E-02 -4.77140798E-10  8.82443501E-08 
     718  9.37500000E+02  4.37500000E+02  8.32850438E-01  1.55516418E-01  9.88366856E-01  2.50000000E-02  8.85181997E-08  1.57526981E-07 
     719  9.62500000E+02  4.37500000E+02  1.17914853E-01  8.70451991E-01  9.88366843E-01  2.50000000E-02  6.91608245E-09  1.29915696E-07 
     720  9.87500000E+02  4.37500000E+02 -4.81887803E-01  1.47025465E+00  9.88366845E-01  2.50000000E-02 -1.93757596E-12  1.35088829E-07 
     721  1.25000000E+01  4.62500000E+02  2.30331549E-02  9.65333612E-01  9.88366767E-01  2.50000000E-02 -1.98928780E-10 -1.18214721E-07 
     722  3.75000000E+01  4.62500000E+02 -3.31036185E-01  1.31940295E+00  9.88366765E-01  2.50000000E-02 -8.33959435E-09 -6.35709500E-08 
     723  6.25000000E+01  4.62500000E+02 -9.54557258E-02  1.08382249E+00  9.88366768E-01  2.50000000E-02 -1.34459536E-08 -4.12789817E-08 
     724  8.75000000E+01  4.62500000E+02  5.41319075E-01  4.47047688E-01  9.88366762E-01  2.50000000E-02 -2.66711128E-08 -1.36965716E-07 
     725  1.12500000E+02  4.62500000E+02  4.97923663E-01  4.90443109E-01  9.88366772E-01  2.50000000E-02 -1.95837524E-08 -1.79275770E-07 
     726  1.37500000E+02  4.62500000E+02  1.37524556E-01  8.50842218E-01  9.88366774E-01  2.50000000E-02  3.49924405E-08 -7.73702197E-08 
     727  1.62500000E+02  4.62500000E+02 -6.05547264E-01  1.59391403E+00  9.88366765E-01  2.50000000E-02  3.13066977E-08 -6.47257382E-07 
     728  1.87500000E+02  4.62500000E+02  6.21008015E-01  3.67358764E-01  9.88366779E-01  2.50000000E-02 -2.18040293E-08  2.16827155E-08 
     729  2.12500000E+02  4.62500000E+02  9.48864050E-02  8.93480347E-01  9.88366752E-01  2.50000000E-02 -1.42540669E-07 -2.66955588E-07 
     730  2.37500000E+02  4.62500000E+02  6.95596543E-01  2.92770230E-01  9.88366773E-01  2.50000000E-02 -3.86642794E-07 -6.88699394E-07 
     731  2.62500000E+02  4.62500000E+02 -2.82454880E-01  1.27082161E+00  9.88366734E-01  2.50000000E-02 -7.34102930E-07 -5.52889465E-07 
     732  2.87500000E+02  4.62500000E+02  5.94399696E-01  3.93967091E-01  9.88366787E-01  2.50000000E-02 -8.11753543E-07  2.15184386E-08 
     733  3.12500000E+02  4.62500000E+02 -9.60996431E-02  1.08446644E+00  9.88366802E-01  2.50000000E-02 -5.41008639E-07  7.73362758E-07 
     734  3.37500000E+02  4.62500000E+02 -3.82105376E-01  1.37047216E+00  9.88366783E-01  2.50000000E-02 -5.18846269E-07  1.58535651E-07 
     735  3.62500000E+02  4.62500000E+02  4.41596235E-01  5.46770567E-01  9.88366801E-01  2.50000000E-02 -5.26026533E-07  9.80237975E-08 
     736  3.87500000E+02  4.62500000E+02 -8.80956593E-01  1.86932340E+00  9.88366806E-01  2.50000000E-02 -4.33401993E-07  2.78335695E-07 
     737  4.12500000E+02  4.62500000E+02  3.44103553E-01  6.44263247E-01  9.88366800E-01  2.50000000E-02 -3.61905085E-07 -7.91410557E-08 
     738  4.37500000E+02  4.62500000E+02 -6.67223646E-01  1.65559044E+00  9.88366792E-01  2.50000000E-02 -3.39976510E-07 -3.27960032E-07 
     739  4.62500000E+02  4.62500000E+02  9.47055340E-01  4.13114647E-02  9.88366805E-01  2.50000000E-02 -2.88244607E-07 -4.66439375E-10 
     740  4.87500000E+02  4.62500000E+02 -3.31682521E-01  1.32004934E+00  9.88366817E-01  2.50000000E-02  1.48457466E-07 -3.17779478E-07 
     741  5.12500000E+02  4.62500000E+02 -7.27119042E-01  1.71548586E+00  9.88366814E-01  2.50000000E-02  1.41072521E-07  1.45058341E-07 
     742  5.37500000E+02  4.62500000E+02  4.57750880E-01  5.30615938E-01  9.88366818E-01  2.50000000E-02  8.35451102E-08 -8.36404890E-08 
     743  5.62500000E+02  4.62500000E+02 -9.99289089E-01  1.98765591E+00  9.88366822E-01  2.50000000E-02  5.90199574E-08  3.60808765E-08 
     744  5.87500000E+02  4.62500000E+02  8.67866651E-01  1.20500179E-01  9.88366830E-01  2.50000000E-02  1.13731243E-08  4.23653524E-07 
     745  6.12500000E+02  4.62500000E+02 -7.98927735E-02  1.06825960E+00  9.88366824E-01  2.50000000E-02 -2.03249890E-08  5.16540197E-08 
     746  6.37500000E+02  4.62500000E+02  2.82823129E-01  7.05543683E-01  9.88366812E-01  2.50000000E-02 -7.32767644E-08  3.95289360E-07 
     747  6.62500000E+02  4.62500000E+02 -7.17620941E-01  1.70598779E+00  9.88366851E-01  2.50000000E-02 -2.49311293E-08  1.99371780E-07 
     748  6.87500000E+02  4.62500000E+02 -7.01660539E-01  1.69002738E+00  9.88366838E-01  2.50000000E-02 -3.42403106E-09  1.66590624E-07 
     749  7.12500000E+02  4.62500000E+02 -4.17054967E-01  1.40542180E+00  9.88366835E-01  2.50000000E-02 -2.45787277E-08  1.10905141E-07 
     750  7.37500000E+02  4.62500000E+02 -1.97769449E-01  1.18613630E+00  9.88366848E-01  2.50000000E-02 -2.64747562E-08  3.63641958E-07 
     751  7.62500000E+02  4.62500000E+02 -8.30364190E-01  1.81873103E+00  9.88366839E-01  2.50000000E-02 -1.72399356E-08  3.53522153E-07 
     752  7.87500000E+02  4.62500000E+02  5.93635457E-01  3.94731392E-01  9.88366849E-01  2.50000000E-02 -4.74418820E-08  1.75836798E-07 
     753  8.12500000E+02  4.62500000E+02  7.04729898E-01  2.83636951E-01  9.88366850E-01  2.50000000E-02 -1.14213379E-08  3.43514162E-07 
     754  8.37500000E+02  4.62500000E+02 -7.00610497E-02  1.05842789E+00  9.88366843E-01  2.50000000E-02 -8.61264767E-09  6.11644027E-08 
     755  8.62500000E+02  4.62500000E+02 -8.14516724E-01  1.80288357E+00  9.88366843E-01  2.50000000E-02 -1.32390566E-08  1.73682824E-08 
     756  8.87500000E+02  4.62500000E+02  6.34207618E-01  3.54159231E-01  9.88366849E-01  2.50000000E-02 -1.96361881E-09  1.65507963E-07 
     757  9.12500000E+02  4.62500000E+02  5.73517688E-01  4.14849159E-01  9.88366847E-01  2.50000000E-02  2.85375019E-08  1.58334975E-07 
     758  9.37500000E+02  4.62500000E+02 -7.90801234E-01  1.77916808E+00  9.88366842E-01  2.50000000E-02  2.03863100E-08  2.61958238E-08 
     759  9.62500000E+02  4.62500000E+02  7.31669728E-01  2.56697119E-01  9.88366846E-01  2.50000000E-02 -1.77544173E-08  1.25073615E-07 
     760  9.87500000E+02  4.62500000E+02  2.14049060E-02  9.66961945E-01  9.88366851E-01  2.50000000E-02 -2.82839531E-09  1.13418004E-07 
     761  1.25000000E+01  4.87500000E+02 -8.92157871E-01  1.88052464E+00  9.88366771E-01  2.50000000E-02  3.65737908E-10 -1.07578595E-07 
     762  3.75000000E+01  4.87500000E+02  8.47139597E-01  1.41227170E-01  9.88366767E-01  2.50000000E-02  4.41630721E-09 -6.05254832E-08 
     763  6.25000000E+01  4.87500000E+02  9.07970650E-02  8.97569703E-01  9.88366768E-01  2.50000000E-02 -1.51715848E-08 -2.92916935E-08 
     764  8.75000000E+01  4.87500000E+02 -4.59866617E-01  1.44823338E+00  9.88366768E-01  2.50000000E-02 -1.48473637E-08 -7.27602686E-08 
     765  1.12500000E+02  4.87500000E+02  5.16185763E-01  4.72181002E-01  9.88366765E-01  2.50000000E-02 -2.78111496E-08 -1.64705705E-07 
     766  1.37500000E+02  4.87500000E+02 -7.13203339E-01  1.70157011E+00  9.88366773E-01  2.50000000E-02 -1.71087231E-08 -6.96261739E-08 
     767  1.62500000E+02  4.87500000E+02 -3.39224994E-01  1.32759174E+00  9.88366747E-01  2.50000000E-02 -7.80454301E-08 -6.71185986E-07 
     768  1.87500000E+02  4.87500000E+02 -4.02609231E-01  1.39097600E+00  9.88366765E-01  2.50000000E-02 -1.61278808E-07 -7.54835513E-08 
     769  2.12500000E+02  4.87500000E+02  7.36295286E-01  2.52071499E-01  9.88366785E-01  2.50000000E-02 -4.32865002E-07 -4.76414491E-07 
     770  2.37500000E+02  4.87500000E+02  2.15175153E-01  7.73191642E-01  9.88366795E-01  2.50000000E-02 -5.07542024E-07 -4.38646309E-07 
     771  2.62500000E+02  4.87500000E+02  9.58307377E-01  3.00593966E-02  9.88366774E-01  2.50000000E-02 -5.44066820E-07 -9.15720390E-07 
     772  2.87500000E+02  4.87500000E+02  4.14549800E-01  5.73817019E-01  9.88366819E-01  2.50000000E-02 -1.20508220E-07 -1.46248699E-08 
     773  3.12500000E+02  4.87500000E+02  3.57400243E-01  6.30966571E-01  9.88366815E-01  2.50000000E-02 -1.22957322E-07  7.54590909E-07 
     774  3.37500000E+02  4.87500000E+02  6.72171383E-02  9.21149680E-01  9.88366818E-01  2.50000000E-02 -1.25249436E-07  7.41230506E-08 
     775  3.62500000E+02  4.87500000E+02 -4.36419991E-02  1.03200881E+00  9.88366813E-01  2.50000000E-02 -1.34420867E-07  7.33944611E-08 
     776  3.87500000E+02  4.87500000E+02 -2.97094604E-01  1.28546142E+00  9.88366813E-01  2.50000000E-02 -1.55245625E-07  2.51628269E-07 
     777  4.12500000E+02  4.87500000E+02  3.84800043E-01  6.03566768E-01  9.88366811E-01  2.50000000E-02 -2.04386254E-07 -9.31997609E-08 
     778  4.37500000E+02  4.87500000E+02 -4.43349061E-01  1.43171586E+00  9.88366796E-01  2.50000000E-02 -3.19716005E-07 -3.77237617E-07 
     779  4.62500000E+02  4.87500000E+02  1.00492587E-01  8.87874225E-01  9.88366812E-01  2.50000000E-02 -3.60589137E-07 -1.35155370E-07 
     780  4.87500000E+02  4.87500000E+02 -2.99439289E-01  1.28780610E+00  9.88366808E-01  2.50000000E-02 -3.58604569E-07 -3.15250488E-07 
     781  5.12500000E+02  4.87500000E+02 -4.52742072E-01  1.44110889E+00  9.88366816E-01  2.50000000E-02 -3.40900550E-07  1.51390051E-07 
     782  5.37500000E+02  4.87500000E+02 -6.59007674E-01  1.64737449E+00  9.88366815E-01  2.50000000E-02 -3.05893470E-07 -4.13872414E-08 
     783  5.62500000E+02  4.87500000E+02 -5.76309235E-01  1.56467605E+00  9.88366816E-01  2.50000000E-02 -2.71102797E-07  1.40214944E-08 
     784  5.87500000E+02  4.87500000E+02 -8.12551513E-01  1.80091833E+00  9.88366818E-01  2.50000000E-02 -2.28084747E-07  2.95666046E-07 
     785  6.12500000E+02  4.87500000E+02 -8.28069798E-01  1.81643661E+00  9.88366816E-01  2.50000000E-02 -1.91064541E-07  1.24324844E-08 
     786  6.37500000E+02  4.87500000E+02 -8.90927969E-01  1.87929477E+00  9.88366802E-01  2.50000000E-02 -1.90251600E-07  2.77015294E-07 
     787  6.62500000E+02  4.87500000E+02  4.97326608E-01  4.91040219E-01  9.88366827E-01  2.50000000E-02 -3.03247493E-07  2.69367562E-07 
     788  6.87500000E+02  4.87500000E+02  5.52784999E-01  4.35581830E-01  9.88366829E-01  2.50000000E-02 -2.87042387E-07  1.84997229E-07 
     789  7.12500000E+02  4.87500000E+02 -5.92100234E-01  1.58046706E+00  9.88366824E-01  2.50000000E-02 -2.83158436E-07  6.40706665E-08 
     790  7.37500000E+02  4.87500000E+02  9.56743792E-01  3.16230458E-02  9.88366838E-01  2.50000000E-02 -2.66772084E-07  2.70211800E-07 
     791  7.62500000E+02  4.87500000E+02 -1.85259607E-01  1.17362645E+00  9.88366839E-01  2.50000000E-02  4.29182518E-08  3.07003016E-07 
     792  7.87500000E+02  4.87500000E+02 -6.28813263E-01  1.61718010E+00  9.88366834E-01  2.50000000E-02  2.71839685E-08  6.81709239E-08 
     793  8.12500000E+02  4.87500000E+02 -4.54073316E-01  1.44244014E+00  9.88366829E-01  2.50000000E-02 -8.16436706E-09  1.78541481E-07 
     794  8.37500000E+02  4.87500000E+02 -4.02023641E-02  1.02856921E+00  9.88366847E-01  2.50000000E-02 -3.12709799E-08  5.88486103E-08 
     795  8.62500000E+02  4.87500000E+02 -9.55158516E-01  1.94352536E+00  9.88366844E-01  2.50000000E-02 -9.23500255E-09  1.23536329E-08 
     796  8.87500000E+02  4.87500000E+02 -8.69613158E-01  1.85798000E+00  9.88366838E-01  2.50000000E-02 -1.79050712E-08  6.30165318E-08 
     797  9.12500000E+02  4.87500000E+02 -6.95422540E-01  1.68378938E+00  9.88366839E-01  2.50000000E-02 -4.20934263E-08  9.93101031E-08 
     798  9.37500000E+02  4.87500000E+02 -7.92456884E-01  1.78082373E+00  9.88366844E-01  2.50000000E-02 -5.01374620E-08  2.49422180E-08 
     799  9.62500000E+02  4.87500000E+02 -4.15251851E-01  1.40361869E+00  9.88366842E-01  2.50000000E-02 -4.71027409E-08  1.11245707E-07 
     800  9.87500000E+02  4.87500000E+02 -7.79383764E-01  1.76775062E+00  9.88366853E-01  2.50000000E-02 -1.99167140E-08  1.15405659E-07 
     801  1.25000000E+01  5.12500000E+02 -1.98694032E-01  1.18706080E+00  9.88366765E-01  2.50000000E-02  7.42057248E-10 -1.06640369E-07 
     802  3.75000000E+01  5.12500000E+02 -4.78622974E-01  1.46698974E+00  9.88366768E-01  2.50000000E-02  9.59671770E-09 -3.29649256E-08 
     803  6.25000000E+01  5.12500000E+02 -9.58897534E-01  1.94726430E+00  9.88366767E-01  2.50000000E-02  2.03903618E-08 -1.80366156E-08 
     804  8.75000000E+01  5.12500000E+02 -5.07965653E-02  1.03916333E+00  9.88366762E-01  2.50000000E-02  2.01358957E-08 -6.50742083E-08 
     805  1.12500000E+02  5.12500000E+02  6.52596013E-01  3.35770756E-01  9.88366769E-01  2.50000000E-02 -3.57206218E-08 -1.71528980E-07 
     806  1.37500000E+02  5.12500000E+02 -1.17375780E-02  1.00010435E+00  9.88366770E-01  2.50000000E-02 -5.07207144E-08 -7.63258895E-08 
     807  1.62500000E+02  5.12500000E+02  7.45253151E-02  9.13841452E-01  9.88366767E-01  2.50000000E-02 -6.04216931E-08 -7.24332421E-07 
     808  1.87500000E+02  5.12500000E+02 -6.49563682E-02  1.05332313E+00  9.88366765E-01  2.50000000E-02 -8.58527020E-08 -1.11331940E-07 
     809  2.12500000E+02  5.12500000E+02  8.08191733E-01  1.80175054E-01  9.88366787E-01  2.50000000E-02 -2.95983217E-07 -4.55503173E-07 
     810  2.37500000E+02  5.12500000E+02  2.21052568E-01  7.67314216E-01  9.88366784E-01  2.50000000E-02 -3.55260950E-07 -3.85150875E-07 
     811  2.62500000E+02  5.12500000E+02  8.05511088E-01  1.82855703E-01  9.88366791E-01  2.50000000E-02 -3.57019149E-07 -2.05522351E-07 
     812  2.87500000E+02  5.12500000E+02  4.40774896E-02  9.44289328E-01  9.88366817E-01  2.50000000E-02 -1.08778258E-07  4.76806497E-08 
     813  3.12500000E+02  5.12500000E+02 -1.61642956E-01  1.15000977E+00  9.88366812E-01  2.50000000E-02 -8.69917730E-08  7.71230353E-07 
     814  3.37500000E+02  5.12500000E+02 -9.76898104E-01  1.96526492E+00  9.88366816E-01  2.50000000E-02 -7.26958413E-08  9.59351464E-08 
     815  3.62500000E+02  5.12500000E+02  8.27916857E-02  9.05575126E-01  9.88366811E-01  2.50000000E-02 -5.04664371E-08  7.95657137E-08 
     816  3.87500000E+02  5.12500000E+02 -1.61012357E-01  1.14937917E+00  9.88366811E-01  2.50000000E-02 -4.31214721E-08  2.36070638E-07 
     817  4.12500000E+02  5.12500000E+02  5.20549297E-01  4.67817511E-01  9.88366807E-01  2.50000000E-02 -4.26322942E-08 -6.24360287E-08 
     818  4.37500000E+02  5.12500000E+02  2.25939986E-01  7.62426822E-01  9.88366808E-01  2.50000000E-02 -5.63530662E-08 -4.34759813E-07 
     819  4.62500000E+02  5.12500000E+02  8.43436565E-01  1.44930245E-01  9.88366810E-01  2.50000000E-02 -1.07948933E-07 -1.33035534E-07 
     820  4.87500000E+02  5.12500000E+02  2.73522224E-01  7.14844595E-01  9.88366819E-01  2.50000000E-02 -6.95269028E-08 -3.19634908E-07 
     821  5.12500000E+02  5.12500000E+02 -3.70256768E-01  1.35862359E+00  9.88366824E-01  2.50000000E-02 -3.73681033E-08  1.82650430E-07 
     822  5.37500000E+02  5.12500000E+02 -1.86799403E-01  1.17516622E+00  9.88366813E-01  2.50000000E-02 -4.24301995E-08 -3.66741177E-08 
     823  5.62500000E+02  5.12500000E+02 -8.19173114E-01  1.80753993E+00  9.88366818E-01  2.50000000E-02 -6.55176553E-08 -2.00900607E-08 
     824  5.87500000E+02  5.12500000E+02  8.27341694E-01  1.61025136E-01  9.88366830E-01  2.50000000E-02 -1.55164249E-07  1.86139953E-07 
     825  6.12500000E+02  5.12500000E+02 -3.74597517E-01  1.36296435E+00  9.88366831E-01  2.50000000E-02 -1.35995665E-07  7.86872471E-09 
     826  6.37500000E+02  5.12500000E+02  4.44141516E-01  5.44225314E-01  9.88366830E-01  2.50000000E-02 -1.30739935E-07  1.54445059E-07 
     827  6.62500000E+02  5.12500000E+02 -9.92785098E-01  1.98115193E+00  9.88366831E-01  2.50000000E-02 -1.23661902E-07  2.44666658E-07 
     828  6.87500000E+02  5.12500000E+02 -1.45848634E-02  1.00295169E+00  9.88366825E-01  2.50000000E-02 -1.35359182E-07  1.38302882E-07 
     829  7.12500000E+02  5.12500000E+02 -4.48516774E-01  1.43688361E+00  9.88366840E-01  2.50000000E-02 -1.16872011E-07  3.17995635E-08 
     830  7.37500000E+02  5.12500000E+02 -9.41310020E-01  1.92967686E+00  9.88366838E-01  2.50000000E-02 -8.35115014E-08 -6.91976397E-09 
     831  7.62500000E+02  5.12500000E+02 -6.99160594E-01  1.68752743E+00  9.88366833E-01  2.50000000E-02 -7.27793982E-08  2.40393353E-07 
     832  7.87500000E+02  5.12500000E+02 -9.23100187E-01  1.91146702E+00  9.88366834E-01  2.50000000E-02 -7.19123507E-08  4.53549299E-08 
     833  8.12500000E+02  5.12500000E+02 -3.81021602E-02  1.02646899E+00  9.88366832E-01  2.50000000E-02 -7.24233917E-08  1.41819067E-07 
     834  8.37500000E+02  5.12500000E+02  7.64165111E-01  2.24201726E-01  9.88366838E-01  2.50000000E-02 -8.61859007E-08  9.16615079E-08 
     835  8.62500000E+02  5.12500000E+02 -9.54580350E-01  1.94294719E+00  9.88366845E-01  2.50000000E-02 -7.82229310E-09  1.26680894E-08 
     836  8.87500000E+02  5.12500000E+02 -6.71656305E-01  1.66002315E+00  9.88366844E-01  2.50000000E-02 -5.07974632E-09  6.11412225E-08 
     837  9.12500000E+02  5.12500000E+02 -1.39158553E-01  1.12752540E+00  9.88366844E-01  2.50000000E-02 -6.34674530E-09  9.15728319E-08 
     838  9.37500000E+02  5.12500000E+02  6.36652324E-01  3.51714518E-01  9.88366842E-01  2.50000000E-02 -1.97482075E-08  5.74795450E-08 
     839  9.62500000E+02  5.12500000E+02  6.13608273E-01  3.74758572E-01  9.88366845E-01  2.50000000E-02 -2.94801277E-08  9.36092978E-08 
     840  9.87500000E+02  5.12500000E+02  7.10892811E-01  2.77474035E-01  9.88366847E-01  2.50000000E-02 -1.40155931E-08  1.29379094E-07 
     841  1.25000000E+01  5.37500000E+02 -5.58057742E-02  1.04417254E+00  9.88366768E-01  2.50000000E-02 -5.46432422E-10 -1.15448667E-07 
     842  3.75000000E+01  5.37500000E+02  7.54977705E-02  9.12868996E-01  9.88366767E-01  2.50000000E-02 -5.14767832E-09 -3.30309056E-08 
     843  6.25000000E+01  5.37500000E+02 -7.54745601E-01  1.74311237E+00  9.88366766E-01  2.50000000E-02 -1.74180403E-08 -1.86257504E-08 
     844  8.75000000E+01  5.37500000E+02  8.38551358E-01  1.49815415E-01  9.88366773E-01  2.50000000E-02 -2.04357641E-07 -1.72810734E-07 
     845  1.12500000E+02  5.37500000E+02 -7.14267579E-01  1.70263437E+00  9.88366787E-01  2.50000000E-02 -2.16208285E-07 -5.60645311E-08 
     846  1.37500000E+02  5.37500000E+02  7.66191250E-01  2.22175531E-01  9.88366781E-01  2.50000000E-02 -1.69461244E-07 -1.70361737E-07 
     847  1.62500000E+02  5.37500000E+02 -1.51205253E-02  1.00348731E+00  9.88366785E-01  2.50000000E-02 -1.31940213E-07 -6.46585472E-07 
     848  1.87500000E+02  5.37500000E+02  1.73922527E-01  8.14444247E-01  9.88366773E-01  2.50000000E-02 -1.62464621E-07 -1.34954037E-07 
     849  2.12500000E+02  5.37500000E+02  5.53943166E-01  4.34423635E-01  9.88366801E-01  2.50000000E-02 -2.07526601E-07 -3.07911540E-07 
     850  2.37500000E+02  5.37500000E+02 -8.89105826E-01  1.87747262E+00  9.88366797E-01  2.50000000E-02 -1.34928834E-07 -3.20963289E-07 
     851  2.62500000E+02  5.37500000E+02 -5.81463339E-01  1.56983013E+00  9.88366793E-01  2.50000000E-02 -1.36196739E-07 -1.14632570E-07 
     852  2.87500000E+02  5.37500000E+02  6.79526210E-01  3.08840595E-01  9.88366805E-01  2.50000000E-02 -1.91645708E-07  1.09089170E-07 
     853  3.12500000E+02  5.37500000E+02  3.42334854E-01  6.46031953E-01  9.88366807E-01  2.50000000E-02 -1.63497220E-07  7.49343787E-07 
     854  3.37500000E+02  5.37500000E+02  7.51277662E-01  2.37089147E-01  9.88366809E-01  2.50000000E-02 -7.67233052E-08  1.48796710E-07 
     855  3.62500000E+02  5.37500000E+02  2.00360265E-01  7.88006546E-01  9.88366811E-01  2.50000000E-02  3.65540405E-08  7.96070585E-08 
     856  3.87500000E+02  5.37500000E+02 -3.85167497E-01  1.37353431E+00  9.88366818E-01  2.50000000E-02  8.04646767E-08  2.32109328E-07 
     857  4.12500000E+02  5.37500000E+02  2.99418132E-01  6.88948675E-01  9.88366807E-01  2.50000000E-02  1.24101886E-07 -4.77084298E-08 
     858  4.37500000E+02  5.37500000E+02 -5.27998769E-01  1.51636557E+00  9.88366805E-01  2.50000000E-02  1.18998547E-07 -4.59546365E-07 
     859  4.62500000E+02  5.37500000E+02  8.96312519E-01  9.20542964E-02  9.88366816E-01  2.50000000E-02 -9.46269570E-08 -9.95028490E-08 
     860  4.87500000E+02  5.37500000E+02 -9.42534601E-01  1.93090141E+00  9.88366810E-01  2.50000000E-02 -2.43062495E-07 -3.07372723E-07 
     861  5.12500000E+02  5.37500000E+02  1.67468620E-01  8.20898189E-01  9.88366809E-01  2.50000000E-02 -2.43712000E-07  2.38920968E-07 
     862  5.37500000E+02  5.37500000E+02  9.81067012E-01  7.29980418E-03  9.88366816E-01  2.50000000E-02 -5.86088267E-07 -2.02208810E-07 
     863  5.62500000E+02  5.37500000E+02 -4.50558862E-01  1.43892569E+00  9.88366830E-01  2.50000000E-02 -3.52153596E-08 -2.10700230E-08 
     864  5.87500000E+02  5.37500000E+02 -4.81840688E-01  1.47020751E+00  9.88366822E-01  2.50000000E-02 -5.62183048E-08  1.08216326E-07 
     865  6.12500000E+02  5.37500000E+02 -5.85625669E-01  1.57399250E+00  9.88366827E-01  2.50000000E-02 -8.32299304E-08  3.29391838E-08 
     866  6.37500000E+02  5.37500000E+02 -3.44327821E-01  1.33269465E+00  9.88366830E-01  2.50000000E-02 -8.93926677E-08  1.52538119E-07 
     867  6.62500000E+02  5.37500000E+02  2.66264540E-01  7.22102291E-01  9.88366831E-01  2.50000000E-02 -7.98044242E-08  2.33033278E-07 
     868  6.87500000E+02  5.37500000E+02  1.56224060E-01  8.32142767E-01  9.88366827E-01  2.50000000E-02 -8.21731141E-08  1.18644038E-07 
     869  7.12500000E+02  5.37500000E+02  5.76540307E-01  4.11826525E-01  9.88366832E-01  2.50000000E-02 -9.61915954E-08  6.07201158E-08 
     870  7.37500000E+02  5.37500000E+02 -8.37868197E-01  1.82623504E+00  9.88366840E-01  2.50000000E-02 -4.40144225E-08 -1.98444442E-09 
     871  7.62500000E+02  5.37500000E+02 -5.81607387E-01  1.56997423E+00  9.88366841E-01  2.50000000E-02 -3.01247417E-08  2.02340732E-07 
     872  7.87500000E+02  5.37500000E+02 -3.57814128E-01  1.34618097E+00  9.88366840E-01  2.50000000E-02 -1.29040676E-08  3.17100111E-08 
     873  8.12500000E+02  5.37500000E+02  7.91384558E-02  9.09228381E-01  9.88366837E-01  2.50000000E-02  3.68618497E-09  1.20808586E-07 
     874  8.37500000E+02  5.37500000E+02 -5.08739061E-01  1.49710590E+00  9.88366835E-01  2.50000000E-02  5.41762531E-09  4.70508430E-08 
     875  8.62500000E+02  5.37500000E+02  8.16107980E-01  1.72258857E-01  9.88366837E-01  2.50000000E-02 -7.27032175E-09  7.67932375E-08 
     876  8.87500000E+02  5.37500000E+02 -2.94850547E-01  1.28321739E+00  9.88366839E-01  2.50000000E-02  7.99719177E-09  6.62911453E-08 
     877  9.12500000E+02  5.37500000E+02 -8.81591531E-03  9.97182759E-01  9.88366843E-01  2.50000000E-02  2.29560657E-08  9.79111667E-08 
     878  9.37500000E+02  5.37500000E+02 -8.78229413E-01  1.86659625E+00  9.88366835E-01  2.50000000E-02  2.43475195E-08  3.91719548E-08 
     879  9.62500000E+02  5.37500000E+02 -3.85030554E-01  1.37339739E+00  9.88366836E-01  2.50000000E-02  1.23320407E-08  4.30020383E-08 
     880  9.87500000E+02  5.37500000E+02 -8.45353893E-02  1.07290223E+00  9.88366837E-01  2.50000000E-02  3.08503572E-09  4.53745362E-08 
     881  1.25000000E+01  5.62500000E+02 -1.14584640E-01  1.10295140E+00  9.88366760E-01  2.50000000E-02 -1.01145854E-08 -1.39823994E-07 
     882  3.75000000E+01  5.62500000E+02  3.38627184E-01  6.49739580E-01  9.88366763E-01  2.50000000E-02 -4.03687535E-08 -5.04589806E-08 
     883  6.25000000E+01  5.62500000E+02  8.27180828E-01  1.61185943E-01  9.88366771E-01  2.50000000E-02 -1.08452449E-07 -1.43765799E-07 
     884  8.75000000E+01  5.62500000E+02  9.65357012E-01  2.30097641E-02  9.88366776E-01  2.50000000E-02 -1.51968138E-07 -3.52631488E-07 
     885  1.12500000E+02  5.62500000E+02 -3.42052154E-01  1.33041893E+00  9.88366779E-01  2.50000000E-02 -1.97785025E-08 -4.94637176E-08 
     886  1.37500000E+02  5.62500000E+02 -1.87288199E-01  1.17565498E+00  9.88366779E-01  2.50000000E-02 -2.03854182E-08 -2.00712378E-07 
     887  1.62500000E+02  5.62500000E+02 -2.76577068E-01  1.26494383E+00  9.88366761E-01  2.50000000E-02 -7.30605719E-08 -5.97649957E-07 
     888  1.87500000E+02  5.62500000E+02 -2.84951969E-01  1.27331874E+00  9.88366775E-01  2.50000000E-02 -1.25286019E-07 -1.19846312E-07 
     889  2.12500000E+02  5.62500000E+02  1.47953431E-01  8.40413351E-01  9.88366781E-01  2.50000000E-02 -1.24890199E-07 -3.30964960E-07 
     890  2.37500000E+02  5.62500000E+02  3.50708082E-01  6.37658686E-01  9.88366768E-01  2.50000000E-02 -1.41920449E-07 -2.77457454E-07 
     891  2.62500000E+02  5.62500000E+02 -8.82151087E-01  1.87051788E+00  9.88366789E-01  2.50000000E-02 -1.27509608E-07 -1.19525599E-07 
     892  2.87500000E+02  5.62500000E+02 -7.49584553E-01  1.73795134E+00  9.88366783E-01  2.50000000E-02 -1.19476720E-07 -2.46592268E-08 
     893  3.12500000E+02  5.62500000E+02 -3.56986072E-02  1.02406539E+00  9.88366784E-01  2.50000000E-02 -1.27811210E-07  6.13264289E-07 
     894  3.37500000E+02  5.62500000E+02  9.40667345E-01  4.76994561E-02  9.88366801E-01  2.50000000E-02 -2.65213712E-07  1.46449333E-07 
     895  3.62500000E+02  5.62500000E+02  7.28689455E-01  2.59677355E-01  9.88366810E-01  2.50000000E-02 -2.69832461E-08  6.20447926E-08 
     896  3.87500000E+02  5.62500000E+02  1.15865431E-01  8.72501380E-01  9.88366811E-01  2.50000000E-02  1.36291022E-08  2.31686269E-07 
     897  4.12500000E+02  5.62500000E+02 -4.70598467E-01  1.45896527E+00  9.88366807E-01  2.50000000E-02  5.59820354E-09 -4.28839030E-08 
     898  4.37500000E+02  5.62500000E+02  4.88022134E-01  5.00344679E-01  9.88366812E-01  2.50000000E-02 -2.52407358E-08 -4.89147811E-07 
     899  4.62500000E+02  5.62500000E+02 -7.43963884E-01  1.73233070E+00  9.88366813E-01  2.50000000E-02 -2.58319687E-08 -2.70031780E-08 
     900  4.87500000E+02  5.62500000E+02  8.86257588E-01  1.02109221E-01  9.88366809E-01  2.50000000E-02 -5.74954863E-09 -2.79972158E-07 
     901  5.12500000E+02  5.62500000E+02  9.75623130E-01  1.27436870E-02  9.88366817E-01  2.50000000E-02 -2.28779555E-07 -6.25861079E-09 
     902  5.37500000E+02  5.62500000E+02 -6.54186395E-02  1.05378546E+00  9.88366823E-01  2.50000000E-02 -3.76997951E-08  3.29458473E-08 
     903  5.62500000E+02  5.62500000E+02 -7.77567727E-01  1.76593455E+00  9.88366823E-01  2.50000000E-02 -3.71999930E-08 -7.23032346E-09 
     904  5.87500000E+02  5.62500000E+02  9.45151334E-02  8.93851690E-01  9.88366824E-01  2.50000000E-02 -3.56299656E-08  1.01010251E-07 
     905  6.12500000E+02  5.62500000E+02  9.22893731E-02  8.96077448E-01  9.88366821E-01  2.50000000E-02 -4.07201551E-08  4.08925369E-08 
     906  6.37500000E+02  5.62500000E+02  8.11235559E-01  1.77131273E-01  9.88366832E-01  2.50000000E-02 -1.04564370E-07  1.32098112E-07 
     907  6.62500000E+02  5.62500000E+02 -8.91170747E-02  1.07748391E+00  9.88366832E-01  2.50000000E-02 -8.53960568E-08  2.22657514E-07 
     908  6.87500000E+02  5.62500000E+02 -2.66929104E-01  1.25529594E+00  9.88366832E-01  2.50000000E-02 -8.31807745E-08  1.21908266E-07 
     909  7.12500000E+02  5.62500000E+02  2.93419202E-01  6.94947628E-01  9.88366831E-01  2.50000000E-02 -8.24992016E-08  4.23909132E-08 
     910  7.37500000E+02  5.62500000E+02 -2.95420456E-01  1.28378729E+00  9.88366838E-01  2.50000000E-02 -5.94430813E-08  8.78281557E-09 
     911  7.62500000E+02  5.62500000E+02 -8.01096706E-01  1.78946354E+00  9.88366834E-01  2.50000000E-02 -5.08542525E-08  1.63677868E-07 
     912  7.87500000E+02  5.62500000E+02  8.40895920E-01  1.47470916E-01  9.88366836E-01  2.50000000E-02 -9.54950027E-08  9.26911502E-08 
     913  8.12500000E+02  5.62500000E+02 -6.60223018E-01  1.64858986E+00  9.88366845E-01  2.50000000E-02 -4.32694623E-08  1.42699867E-07 
     914  8.37500000E+02  5.62500000E+02  3.75355603E-01  6.13011237E-01  9.88366840E-01  2.50000000E-02 -4.61057392E-08  5.09910625E-08 
     915  8.62500000E+02  5.62500000E+02 -4.03301253E-01  1.39166809E+00  9.88366837E-01  2.50000000E-02 -8.18877135E-08  7.38758766E-08 
     916  8.87500000E+02  5.62500000E+02 -8.82689989E-01  1.87105683E+00  9.88366841E-01  2.50000000E-02 -8.49976913E-08  6.22398729E-08 
     917  9.12500000E+02  5.62500000E+02  3.13189889E-01  6.75176954E-01  9.88366843E-01  2.50000000E-02 -5.07628555E-08  1.02802707E-07 
     918  9.37500000E+02  5.62500000E+02 -1.32217871E-01  1.12058471E+00  9.88366838E-01  2.50000000E-02 -2.61489715E-08  3.75379018E-08 
     919  9.62500000E+02  5.62500000E+02 -7.36039310E-01  1.72440615E+00  9.88366840E-01  2.50000000E-02 -1.65837109E-08  4.01070322E-08 
     920  9.87500000E+02  5.62500000E+02 -9.14987545E-01  1.90335439E+00  9.88366841E-01  2.50000000E-02 -5.68575797E-09  3.84422173E-08 
     921  1.25000000E+01  5.87500000E+02  5.48764479E-01  4.39602301E-01  9.88366780E-01  2.50000000E-02 -8.88020553E-09 -2.20481160E-07 
     922  3.75000000E+01  5.87500000E+02  8.40809812E-01  1.47556971E-01  9.88366783E-01  2.50000000E-02 -7.62818304E-08 -1.72732908E-07 
     923  6.25000000E+01  5.87500000E+02 -7.42145942E-02  1.06258139E+00  9.88366795E-01  2.50000000E-02 -1.93649933E-08 -3.57205289E-08 
     924  8.75000000E+01  5.87500000E+02 -2.39418201E-01  1.22778500E+00  9.88366796E-01  2.50000000E-02 -7.18622222E-09 -3.11746718E-08 
     925  1.12500000E+02  5.87500000E+02  5.81542128E-01  4.06824659E-01  9.88366786E-01  2.50000000E-02  1.19127964E-08 -9.56866063E-08 
     926  1.37500000E+02  5.87500000E+02  8.15503331E-01  1.72863456E-01  9.88366787E-01  2.50000000E-02 -9.18594263E-08 -1.74130495E-07 
     927  1.62500000E+02  5.87500000E+02  2.34071098E-01  7.54295674E-01  9.88366772E-01  2.50000000E-02 -3.04989928E-07 -5.88780477E-07 
     928  1.87500000E+02  5.87500000E+02 -5.13579934E-01  1.50194669E+00  9.88366761E-01  2.50000000E-02 -3.77789827E-07 -1.47952482E-07 
     929  2.12500000E+02  5.87500000E+02  5.64850116E-01  4.23516665E-01  9.88366781E-01  2.50000000E-02 -5.27885166E-07 -4.46159877E-07 
     930  2.37500000E+02  5.87500000E+02  6.95866772E-01  2.92500015E-01  9.88366787E-01  2.50000000E-02 -5.71078692E-07 -3.84743518E-07 
     931  2.62500000E+02  5.87500000E+02  4.21055040E-01  5.67311769E-01  9.88366809E-01  2.50000000E-02 -4.45388373E-07 -1.01585796E-07 
     932  2.87500000E+02  5.87500000E+02  3.90903367E-01  5.97463430E-01  9.88366797E-01  2.50000000E-02 -3.96228353E-07 -6.36747341E-08 
     933  3.12500000E+02  5.87500000E+02  2.90985599E-01  6.97381209E-01  9.88366808E-01  2.50000000E-02 -3.47056465E-07  4.95013074E-07 
     934  3.37500000E+02  5.87500000E+02  1.88690182E-01  7.99676613E-01  9.88366796E-01  2.50000000E-02 -3.14999490E-07 -5.21542349E-08 
     935  3.62500000E+02  5.87500000E+02  4.67830686E-01  5.20536117E-01  9.88366803E-01  2.50000000E-02 -2.99517400E-07 -6.50546681E-09 
     936  3.87500000E+02  5.87500000E+02 -2.62553830E-02  1.01462218E+00  9.88366794E-01  2.50000000E-02 -2.88925158E-07  1.49418704E-07 
     937  4.12500000E+02  5.87500000E+02  8.77213955E-01  1.11152851E-01  9.88366805E-01  2.50000000E-02 -4.09343076E-07 -3.04673511E-08 
     938  4.37500000E+02  5.87500000E+02 -6.36819589E-01  1.62518641E+00  9.88366820E-01  2.50000000E-02 -2.75547798E-07 -4.50625044E-07 
     939  4.62500000E+02  5.87500000E+02  2.32506691E-01  7.55860124E-01  9.88366815E-01  2.50000000E-02 -2.74355374E-07 -1.80064835E-08 
     940  4.87500000E+02  5.87500000E+02 -2.48784872E-01  1.23715170E+00  9.88366831E-01  2.50000000E-02 -2.31188765E-07 -3.19395431E-08 
     941  5.12500000E+02  5.87500000E+02 -5.22370654E-01  1.51073747E+00  9.88366820E-01  2.50000000E-02 -2.13829503E-07  4.94685774E-08 
     942  5.37500000E+02  5.87500000E+02 -6.24177793E-01  1.61254462E+00  9.88366824E-01  2.50000000E-02 -2.11875311E-07  3.53367544E-08 
     943  5.62500000E+02  5.87500000E+02 -5.12936838E-01  1.50130366E+00  9.88366821E-01  2.50000000E-02 -2.05706102E-07 -1.78555225E-08 
     944  5.87500000E+02  5.87500000E+02 -3.91293652E-01  1.37966048E+00  9.88366824E-01  2.50000000E-02 -1.99255107E-07  9.90363996E-08 
     945  6.12500000E+02  5.87500000E+02 -2.39706493E-01  1.22807332E+00  9.88366823E-01  2.50000000E-02 -1.81549005E-07  3.54788617E-08 
     946  6.37500000E+02  5.87500000E+02 -2.70095115E-01  1.25846193E+00  9.88366819E-01  2.50000000E-02 -1.77624178E-07  1.98085388E-08 
     947  6.62500000E+02  5.87500000E+02 -1.52645767E-01  1.14101258E+00  9.88366815E-01  2.50000000E-02 -1.97377960E-07  1.65552979E-07 
     948  6.87500000E+02  5.87500000E+02  6.09920179E-01  3.78446648E-01  9.88366828E-01  2.50000000E-02 -2.81520027E-07  1.61999165E-07 
     949  7.12500000E+02  5.87500000E+02  2.96242300E-01  6.92124540E-01  9.88366840E-01  2.50000000E-02 -2.36407795E-07  6.45075053E-08 
     950  7.37500000E+02  5.87500000E+02 -7.63312843E-01  1.75167969E+00  9.88366850E-01  2.50000000E-02 -1.51471233E-07  4.69650837E-08 
     951  7.62500000E+02  5.87500000E+02 -8.61664926E-01  1.85003177E+00  9.88366844E-01  2.50000000E-02 -1.33597570E-07  1.41090604E-07 
     952  7.87500000E+02  5.87500000E+02  7.90965086E-01  1.97401748E-01  9.88366834E-01  2.50000000E-02 -8.12557824E-08  1.01419528E-07 
     953  8.12500000E+02  5.87500000E+02  3.82152086E-01  6.06214752E-01  9.88366839E-01  2.50000000E-02 -6.72402628E-08  2.03179367E-07 
     954  8.37500000E+02  5.87500000E+02 -4.09702057E-01  1.39806889E+00  9.88366837E-01  2.50000000E-02 -6.23014763E-08  6.19358455E-08 
     955  8.62500000E+02  5.87500000E+02 -3.98703818E-01  1.38707065E+00  9.88366837E-01  2.50000000E-02 -6.26728345E-08  7.38553174E-08 
     956  8.87500000E+02  5.87500000E+02  8.83761814E-01  1.04605028E-01  9.88366842E-01  2.50000000E-02 -5.16652977E-08  4.92772135E-08 
     957  9.12500000E+02  5.87500000E+02  6.21648804E-01  3.66718037E-01  9.88366841E-01  2.50000000E-02  2.66660127E-09  1.00773260E-07 
     958  9.37500000E+02  5.87500000E+02 -6.34674977E-01  1.62304181E+00  9.88366837E-01  2.50000000E-02 -1.07793150E-08  4.28711649E-08 
     959  9.62500000E+02  5.87500000E+02  6.58150002E-02  9.22551839E-01  9.88366839E-01  2.50000000E-02 -1.34074305E-08  4.98090517E-08 
     960  9.87500000E+02  5.87500000E+02  6.34963127E-01  3.53403711E-01  9.88366838E-01  2.50000000E-02 -3.38392777E-09  4.66214758E-08 
     961  1.25000000E+01  6.12500000E+02  3.03453320E-01  6.84913471E-01  9.88366791E-01  2.50000000E-02 -8.77805674E-09 -1.51094222E-07 
     962  3.75000000E+01  6.12500000E+02 -5.37321985E-02  1.04209899E+00  9.88366794E-01  2.50000000E-02 -1.46483708E-08 -4.20344621E-08 
     963  6.25000000E+01  6.12500000E+02 -3.05673691E-01  1.29404048E+00  9.88366792E-01  2.50000000E-02 -1.76735139E-08 -2.72200403E-08 
     964  8.75000000E+01  6.12500000E+02 -2.61743157E-01  1.25010995E+00  9.88366793E-01  2.50000000E-02 -2.17512447E-08 -3.85794210E-08 
     965  1.12500000E+02  6.12500000E+02  8.15419797E-01  1.72946994E-01  9.88366791E-01  2.50000000E-02 -5.63798597E-08 -9.00457780E-08 
     966  1.37500000E+02  6.12500000E+02 -7.44647963E-01  1.73301476E+00  9.88366796E-01  2.50000000E-02 -6.47635597E-08 -9.55843408E-09 
     967  1.62500000E+02  6.12500000E+02  5.29176109E-01  4.59190668E-01  9.88366777E-01  2.50000000E-02 -1.43859001E-07 -4.51307214E-07 
     968  1.87500000E+02  6.12500000E+02  1.64077824E-01  8.24288955E-01  9.88366779E-01  2.50000000E-02 -3.01699898E-07 -2.14457162E-07 
     969  2.12500000E+02  6.12500000E+02 -5.50158379E-01  1.53852519E+00  9.88366810E-01  2.50000000E-02 -2.54416969E-07 -4.19787256E-07 
     970  2.37500000E+02  6.12500000E+02 -9.02006140E-01  1.89037293E+00  9.88366794E-01  2.50000000E-02 -2.32667838E-07 -3.39210224E-07 
     971  2.62500000E+02  6.12500000E+02  2.99165750E-01  6.89201049E-01  9.88366799E-01  2.50000000E-02 -2.66806430E-07 -3.96426922E-08 
     972  2.87500000E+02  6.12500000E+02 -8.96736737E-01  1.88510354E+00  9.88366806E-01  2.50000000E-02 -2.49987704E-07 -7.78002751E-09 
     973  3.12500000E+02  6.12500000E+02  1.61556385E-02  9.72211157E-01  9.88366796E-01  2.50000000E-02 -2.52865987E-07  4.17264175E-07 
     974  3.37500000E+02  6.12500000E+02 -2.51029848E-03  9.90877094E-01  9.88366796E-01  2.50000000E-02 -2.87198354E-07 -5.53484488E-08 
     975  3.62500000E+02  6.12500000E+02 -1.47085750E-01  1.13545256E+00  9.88366808E-01  2.50000000E-02 -2.77847423E-07 -2.11881991E-08 
     976  3.87500000E+02  6.12500000E+02 -5.05318059E-01  1.49368485E+00  9.88366791E-01  2.50000000E-02 -2.87343827E-07  2.57878088E-08 
     977  4.12500000E+02  6.12500000E+02  5.62001394E-01  4.26365409E-01  9.88366803E-01  2.50000000E-02 -4.81489269E-07 -5.15140980E-08 
     978  4.37500000E+02  6.12500000E+02  7.35463960E-01  2.52902854E-01  9.88366814E-01  2.50000000E-02 -6.91947857E-07 -2.80466424E-07 
     979  4.62500000E+02  6.12500000E+02 -4.48297505E-01  1.43666432E+00  9.88366811E-01  2.50000000E-02 -8.39233942E-07 -1.76323713E-08 
     980  4.87500000E+02  6.12500000E+02  7.97431476E-01  1.90935340E-01  9.88366816E-01  2.50000000E-02 -9.05282356E-07  8.95913968E-08 
     981  5.12500000E+02  6.12500000E+02 -6.28015485E-01  1.61638229E+00  9.88366809E-01  2.50000000E-02 -9.63438949E-07  2.15519112E-08 
     982  5.37500000E+02  6.12500000E+02  8.77500396E-01  1.10866410E-01  9.88366806E-01  2.50000000E-02 -7.46201196E-07 -6.95041081E-09 
     983  5.62500000E+02  6.12500000E+02 -2.13074037E-01  1.20144086E+00  9.88366827E-01  2.50000000E-02 -3.30025209E-07 -2.33801914E-08 
     984  5.87500000E+02  6.12500000E+02  6.01599391E-01  3.86767424E-01  9.88366815E-01  2.50000000E-02 -2.79815165E-07  4.57839440E-08 
     985  6.12500000E+02  6.12500000E+02  7.52456020E-01  2.35910799E-01  9.88366819E-01  2.50000000E-02 -2.67301622E-07  1.92664833E-08 
     986  6.37500000E+02  6.12500000E+02 -6.78948890E-01  1.66731572E+00  9.88366834E-01  2.50000000E-02 -1.26495567E-07  5.07136454E-08 
     987  6.62500000E+02  6.12500000E+02 -3.99877109E-01  1.38824394E+00  9.88366832E-01  2.50000000E-02 -1.11748289E-07  1.15646212E-07 
     988  6.87500000E+02  6.12500000E+02  4.94103848E-01  4.94262976E-01  9.88366824E-01  2.50000000E-02 -9.13210318E-08  1.57344200E-07 
     989  7.12500000E+02  6.12500000E+02 -8.35357542E-01  1.82372438E+00  9.88366834E-01  2.50000000E-02 -6.28020721E-08  9.85264903E-08 
     990  7.37500000E+02  6.12500000E+02 -1.75286905E-01  1.16365373E+00  9.88366829E-01  2.50000000E-02 -5.47974037E-08  6.99690676E-08 
     991  7.62500000E+02  6.12500000E+02  8.28031203E-01  1.60335635E-01  9.88366838E-01  2.50000000E-02 -8.34177836E-08  1.49102820E-07 
     992  7.87500000E+02  6.12500000E+02  5.71861485E-01  4.16505349E-01  9.88366834E-01  2.50000000E-02 -7.19195998E-08  9.72905256E-08 
     993  8.12500000E+02  6.12500000E+02 -4.06956404E-01  1.39532324E+00  9.88366839E-01  2.50000000E-02 -4.98346134E-08  2.38639005E-07 
     994  8.37500000E+02  6.12500000E+02 -9.24495417E-01  1.91286226E+00  9.88366839E-01  2.50000000E-02 -4.37578350E-08  6.48020071E-08 
     995  8.62500000E+02  6.12500000E+02  6.60746527E-01  3.27620308E-01  9.88366835E-01  2.50000000E-02 -2.43542361E-08  6.50137628E-08 
     996  8.87500000E+02  6.12500000E+02  9.95587154E-01  7.30551974E-07  9.95587885E-01  2.50000000E-02 -4.35824445E-10 -2.90989035E-10 
     997  9.12500000E+02  6.12500000E+02 -7.59677557E-01  1.74804439E+00  9.88366835E-01  2.50000000E-02 -2.70140483E-08  5.52911311E-08 
     998  9.37500000E+02  6.12500000E+02 -4.27104154E-01  1.41547099E+00  9.88366835E-01  2.50000000E-02 -2.52975305E-08  3.99121086E-08 
     999  9.62500000E+02  6.12500000E+02  4.11357170E-01  5.77009666E-01  9.88366836E-01  2.50000000E-02 -1.07812873E-08  4.73691802E-08 
    1000  9.87500000E+02  6.12500000E+02 -6.48242668E-01  1.63660950E+00  9.88366834E-01  2.50000000E-02 -4.61035128E-10  1.82719964E-08 
    1001  1.25000000E+01  6.37500000E+02 -9.40392861E-01  1.92875964E+00  9.88366780E-01  2.50000000E-02 -9.90475514E-09 -1.29507998E-07 
    1002  3.75000000E+01  6.37500000E+02  2.92199058E-01  6.96167732E-01  9.88366790E-01  2.50000000E-02 -6.25807766E-08 -3.46786608E-08 
    1003  6.25000000E+01  6.37500000E+02  4.03752741E-01  5.84614051E-01  9.88366791E-01  2.50000000E-02 -7.50531114E-08 -3.13176056E-08 
    1004  8.75000000E+01  6.37500000E+02 -9.40355357E-01  1.92872215E+00  9.88366798E-01  2.50000000E-02 -5.40596426E-08 -4.07100491E-08 
    1005  1.12500000E+02  6.37500000E+02 -6.69036089E-01  1.65740288E+00  9.88366795E-01  2.50000000E-02 -5.03690308E-08 -1.59339897E-08 
    1006  1.37500000E+02  6.37500000E+02 -6.30592728E-01  1.61895952E+00  9.88366795E-01  2.50000000E-02 -5.39581790E-08 -4.73284374E-09 
    1007  1.62500000E+02  6.37500000E+02 -5.73665813E-01  1.56203261E+00  9.88366796E-01  2.50000000E-02 -5.62964125E-08 -1.96914729E-07 
    1008  1.87500000E+02  6.37500000E+02  9.74206108E-01  1.41606865E-02  9.88366795E-01  2.50000000E-02 -3.11122029E-07 -4.11679720E-07 
    1009  2.12500000E+02  6.37500000E+02  5.58623786E-01  4.29743023E-01  9.88366809E-01  2.50000000E-02 -1.93119218E-07 -2.44192000E-07 
    1010  2.37500000E+02  6.37500000E+02  1.43151761E-01  8.45215038E-01  9.88366799E-01  2.50000000E-02 -2.36975550E-07 -2.97133481E-07 
    1011  2.62500000E+02  6.37500000E+02 -2.12071154E-01  1.20043796E+00  9.88366808E-01  2.50000000E-02 -2.37145144E-07  1.21322073E-08 
    1012  2.87500000E+02  6.37500000E+02 -4.21580013E-01  1.40994682E+00  9.88366804E-01  2.50000000E-02 -2.29812599E-07  1.16694853E-08 
    1013  3.12500000E+02  6.37500000E+02 -2.69652413E-01  1.25801922E+00  9.88366805E-01  2.50000000E-02 -2.31490154E-07  3.68544801E-07 
    1014  3.37500000E+02  6.37500000E+02  9.34500156E-01  5.38666433E-02  9.88366799E-01  2.50000000E-02 -1.45789541E-07 -1.32400044E-07 
    1015  3.62500000E+02  6.37500000E+02 -8.15144883E-01  1.80351169E+00  9.88366808E-01  2.50000000E-02 -1.17202066E-08 -1.97275363E-08 
    1016  3.87500000E+02  6.37500000E+02 -4.06610623E-01  1.39497743E+00  9.88366806E-01  2.50000000E-02 -1.56442961E-08 -1.69034517E-08 
    1017  4.12500000E+02  6.37500000E+02  3.49140391E-01  6.39226417E-01  9.88366808E-01  2.50000000E-02 -3.88440520E-08 -3.33702103E-08 
    1018  4.37500000E+02  6.37500000E+02 -2.34497289E-01  1.22286410E+00  9.88366809E-01  2.50000000E-02 -5.00802315E-08 -1.81695194E-07 
    1019  4.62500000E+02  6.37500000E+02 -6.23537321E-01  1.61190413E+00  9.88366808E-01  2.50000000E-02 -5.59164053E-08 -3.13084428E-08 
    1020  4.87500000E+02  6.37500000E+02  6.91516761E-01  2.96850051E-01  9.88366813E-01  2.50000000E-02 -9.95797854E-08  8.32490007E-08 
    1021  5.12500000E+02  6.37500000E+02 -6.90845646E-01  1.67921247E+00  9.88366824E-01  2.50000000E-02 -4.84986921E-08  8.67120580E-09 
    1022  5.37500000E+02  6.37500000E+02 -6.34222063E-01  1.62258889E+00  9.88366822E-01  2.50000000E-02 -4.42799875E-08 -7.13676186E-08 
    1023  5.62500000E+02  6.37500000E+02  4.58383699E-01  5.29983123E-01  9.88366822E-01  2.50000000E-02 -4.69124631E-08 -1.05689947E-09 
    1024  5.87500000E+02  6.37500000E+02 -3.65768581E-01  1.35413541E+00  9.88366826E-01  2.50000000E-02 -2.91150667E-08  5.29652251E-09 
    1025  6.12500000E+02  6.37500000E+02 -6.90980806E-01  1.67934763E+00  9.88366824E-01  2.50000000E-02 -2.62614274E-08  6.75121850E-09 
    1026  6.37500000E+02  6.37500000E+02 -6.60668753E-01  1.64903558E+00  9.88366824E-01  2.50000000E-02 -2.90837712E-08  7.49641710E-08 
    1027  6.62500000E+02  6.37500000E+02  9.10784558E-01  7.75822772E-02  9.88366835E-01  2.50000000E-02 -1.94563044E-07  1.30550484E-07 
    1028  6.87500000E+02  6.37500000E+02 -3.34732112E-01  1.32309895E+00  9.88366833E-01  2.50000000E-02 -2.47146736E-07  1.80658221E-07 
    1029  7.12500000E+02  6.37500000E+02  2.61776502E-01  7.26590331E-01  9.88366833E-01  2.50000000E-02 -2.46140932E-07  1.03068162E-07 
    1030  7.37500000E+02  6.37500000E+02 -2.93455060E-01  1.28182190E+00  9.88366837E-01  2.50000000E-02 -2.28394330E-07  5.40303385E-08 
    1031  7.62500000E+02  6.37500000E+02  3.10672546E-01  6.77694284E-01  9.88366830E-01  2.50000000E-02 -2.10873164E-07  4.58487964E-08 
    1032  7.87500000E+02  6.37500000E+02  2.80939941E-01  7.07426888E-01  9.88366829E-01  2.50000000E-02 -2.19574933E-07  7.20475852E-08 
    1033  8.12500000E+02  6.37500000E+02  3.32255791E-01  6.56111043E-01  9.88366834E-01  2.50000000E-02 -2.12724928E-07  2.45584736E-07 
    1034  8.37500000E+02  6.37500000E+02  6.39458614E-01  3.48908217E-01  9.88366831E-01  2.50000000E-02 -1.61489592E-07  6.61711656E-08 
    1035  8.62500000E+02  6.37500000E+02  6.53592954E-01  3.34773878E-01  9.88366832E-01  2.50000000E-02 -1.15687438E-07  2.67838787E-08 
    1036  8.87500000E+02  6.37500000E+02 -7.00726285E-01  1.68909312E+00  9.88366836E-01  2.50000000E-02 -3.93272081E-08  1.54931736E-08 
    1037  9.12500000E+02  6.37500000E+02 -4.87372950E-01  1.47573978E+00  9.88366834E-01  2.50000000E-02 -3.21142582E-08  4.36091783E-08 
    1038  9.37500000E+02  6.37500000E+02 -5.92334440E-02  1.04760028E+00  9.88366835E-01  2.50000000E-02 -2.24938718E-08  2.69098230E-08 
    1039  9.62500000E+02  6.37500000E+02 -7.99537434E-01  1.78790427E+00  9.88366834E-01  2.50000000E-02 -1.23202585E-08  2.52732140E-08 
    1040  9.87500000E+02  6.37500000E+02 -5.07206554E-02  1.03908749E+00  9.88366835E-01  2.50000000E-02 -4.31295190E-09  8.91573165E-09 
    1041  1.25000000E+01  6.62500000E+02  7.21507143E-01  2.66859644E-01  9.88366787E-01  2.50000000E-02 -8.89751180E-09 -1.57416568E-07 
    1042  3.75000000E+01  6.62500000E+02  5.28989000E-01  4.59377790E-01  9.88366790E-01  2.50000000E-02 -6.29144061E-09 -4.80769107E-08 
    1043  6.25000000E+01  6.62500000E+02  6.53154362E-01  3.35212429E-01  9.88366791E-01  2.50000000E-02  1.26096276E-08 -5.05699910E-08 
    1044  8.75000000E+01  6.62500000E+02  1.68424251E-01  8.19942540E-01  9.88366791E-01  2.50000000E-02  3.40559244E-08 -4.31266972E-08 
    1045  1.12500000E+02  6.62500000E+02  1.44999953E-01  8.43366839E-01  9.88366792E-01  2.50000000E-02  4.31619320E-08 -1.80985536E-08 
    1046  1.37500000E+02  6.62500000E+02 -5.02182718E-01  1.49054951E+00  9.88366790E-01  2.50000000E-02  4.99968738E-08 -1.53590094E-08 
    1047  1.62500000E+02  6.62500000E+02 -5.26667734E-01  1.51503452E+00  9.88366790E-01  2.50000000E-02  4.98334928E-08 -1.53146826E-07 
    1048  1.87500000E+02  6.62500000E+02  9.41039388E-01  4.73274087E-02  9.88366796E-01  2.50000000E-02 -4.83495894E-08 -1.21840081E-07 
    1049  2.12500000E+02  6.62500000E+02  1.10856106E-01  8.77510695E-01  9.88366801E-01  2.50000000E-02  1.44244758E-08 -1.07550606E-07 
    1050  2.37500000E+02  6.62500000E+02  3.92237814E-01  5.96128979E-01  9.88366793E-01  2.50000000E-02 -1.44068151E-08 -2.14953666E-07 
    1051  2.62500000E+02  6.62500000E+02 -2.56877494E-01  1.24524430E+00  9.88366803E-01  2.50000000E-02 -3.39576784E-08  3.48054083E-08 
    1052  2.87500000E+02  6.62500000E+02 -8.93025048E-01  1.88139185E+00  9.88366800E-01  2.50000000E-02 -3.44638161E-08  1.49331228E-08 
    1053  3.12500000E+02  6.62500000E+02  7.04383125E-01  2.83983686E-01  9.88366812E-01  2.50000000E-02 -4.03123407E-08  2.66835614E-07 
    1054  3.37500000E+02  6.62500000E+02 -6.20474723E-01  1.60884153E+00  9.88366810E-01  2.50000000E-02  9.97429746E-09 -1.45598689E-08 
    1055  3.62500000E+02  6.62500000E+02  2.15328870E-01  7.73037938E-01  9.88366808E-01  2.50000000E-02  1.32267158E-08 -1.87040616E-08 
    1056  3.87500000E+02  6.62500000E+02  1.03280951E-01  8.85085856E-01  9.88366807E-01  2.50000000E-02  7.67292367E-09 -1.64827466E-08 
    1057  4.12500000E+02  6.62500000E+02 -9.20204754E-01  1.90857156E+00  9.88366808E-01  2.50000000E-02  2.00418842E-09 -1.07930792E-08 
    1058  4.37500000E+02  6.62500000E+02  8.34153607E-01  1.54213200E-01  9.88366807E-01  2.50000000E-02 -5.72652089E-08 -1.04503595E-07 
    1059  4.62500000E+02  6.62500000E+02 -6.17011257E-01  1.60537807E+00  9.88366816E-01  2.50000000E-02 -4.89690249E-08 -2.90120100E-08 
    1060  4.87500000E+02  6.62500000E+02 -1.11500883E-01  1.09986769E+00  9.88366810E-01  2.50000000E-02 -6.18763626E-08  5.35963224E-08 
    1061  5.12500000E+02  6.62500000E+02 -4.38547116E-01  1.42691393E+00  9.88366817E-01  2.50000000E-02 -7.20379250E-08  1.96674965E-08 
    1062  5.37500000E+02  6.62500000E+02  1.24881031E-01  8.63485782E-01  9.88366814E-01  2.50000000E-02 -6.75962505E-08 -9.34957756E-08 
    1063  5.62500000E+02  6.62500000E+02  8.88143054E-01  1.00223767E-01  9.88366821E-01  2.50000000E-02 -1.31743748E-07 -6.66203789E-09 
    1064  5.87500000E+02  6.62500000E+02  7.56693025E-01  2.31673800E-01  9.88366824E-01  2.50000000E-02 -8.53569825E-08  3.64890489E-08 
    1065  6.12500000E+02  6.62500000E+02 -5.59181623E-01  1.54754845E+00  9.88366828E-01  2.50000000E-02 -4.01897016E-08  1.70681295E-08 
    1066  6.37500000E+02  6.62500000E+02 -2.36502072E-01  1.22486890E+00  9.88366826E-01  2.50000000E-02 -3.85381705E-08  8.07494552E-08 
    1067  6.62500000E+02  6.62500000E+02  7.69975015E-01  2.18391813E-01  9.88366827E-01  2.50000000E-02 -6.08992873E-08  8.15422094E-08 
    1068  6.87500000E+02  6.62500000E+02 -2.62419045E-01  1.25078588E+00  9.88366835E-01  2.50000000E-02 -2.37010749E-08  1.99721445E-07 
    1069  7.12500000E+02  6.62500000E+02 -7.47798696E-01  1.73616553E+00  9.88366834E-01  2.50000000E-02 -1.86467440E-08  1.07432020E-07 
    1070  7.37500000E+02  6.62500000E+02  7.17758291E-01  2.70608541E-01  9.88366832E-01  2.50000000E-02  4.55315234E-09  7.51895312E-08 
    1071  7.62500000E+02  6.62500000E+02 -2.70231324E-01  1.25859815E+00  9.88366830E-01  2.50000000E-02  2.02928641E-09  2.47466895E-08 
    1072  7.87500000E+02  6.62500000E+02 -6.08207114E-01  1.59657394E+00  9.88366828E-01  2.50000000E-02 -5.21619738E-09  4.37382955E-08 
    1073  8.12500000E+02  6.62500000E+02  6.27633483E-01  3.60733354E-01  9.88366837E-01  2.50000000E-02 -4.18439352E-08  2.18958822E-07 
    1074  8.37500000E+02  6.62500000E+02  3.77482458E-01  6.10884379E-01  9.88366837E-01  2.50000000E-02 -3.24659838E-08  5.55292688E-08 
    1075  8.62500000E+02  6.62500000E+02 -7.49113139E-01  1.73747998E+00  9.88366838E-01  2.50000000E-02 -2.33497310E-08  5.78045831E-09 
    1076  8.87500000E+02  6.62500000E+02 -4.20707946E-01  1.40907478E+00  9.88366837E-01  2.50000000E-02 -2.09803689E-08  1.90468888E-08 
    1077  9.12500000E+02  6.62500000E+02 -5.96752387E-01  1.58511923E+00  9.88366839E-01  2.50000000E-02 -1.56874012E-08  4.22433723E-08 
    1078  9.37500000E+02  6.62500000E+02 -6.47407324E-01  1.63577416E+00  9.88366838E-01  2.50000000E-02 -9.48912727E-09  2.17032623E-08 
    1079  9.62500000E+02  6.62500000E+02  1.30377829E-01  8.57989009E-01  9.88366838E-01  2.50000000E-02 -1.32062666E-09  2.00876484E-08 
    1080  9.87500000E+02  6.62500000E+02 -1.42309912E-01  1.13067675E+00  9.88366836E-01  2.50000000E-02  7.96551906E-10  5.28886133E-09 
    1081  1.25000000E+01  6.87500000E+02 -3.07977107E-01  1.29634390E+00  9.88366798E-01  2.50000000E-02  1.83927172E-09 -7.37365928E-08 
    1082  3.75000000E+01  6.87500000E+02 -5.64544706E-02  1.04482127E+00  9.88366797E-01  2.50000000E-02  3.76968190E-09 -2.97207503E-08 
    1083  6.25000000E+01  6.87500000E+02  5.18945662E-01  4.69421130E-01  9.88366793E-01  2.50000000E-02 -2.00105401E-08 -6.28563011E-08 
    1084  8.75000000E+01  6.87500000E+02 -6.36454859E-01  1.62482166E+00  9.88366800E-01  2.50000000E-02 -2.95568707E-08 -3.88056171E-08 
    1085  1.12500000E+02  6.87500000E+02 -6.85283209E-01  1.67365001E+00  9.88366798E-01  2.50000000E-02 -3.06693898E-08 -1.12613511E-08 
    1086  1.37500000E+02  6.87500000E+02 -9.97720077E-01  1.98608687E+00  9.88366795E-01  2.50000000E-02 -4.28374076E-08 -2.54007539E-08 
    1087  1.62500000E+02  6.87500000E+02 -3.34496651E-01  1.32286343E+00  9.88366781E-01  2.50000000E-02 -1.08699507E-07 -1.41649013E-07 
    1088  1.87500000E+02  6.87500000E+02 -1.78130384E-01  1.16649718E+00  9.88366801E-01  2.50000000E-02 -1.76333146E-07  4.27477032E-09 
    1089  2.12500000E+02  6.87500000E+02 -9.12266154E-01  1.90063296E+00  9.88366806E-01  2.50000000E-02 -1.68808355E-07 -5.67844097E-08 
    1090  2.37500000E+02  6.87500000E+02 -5.41857218E-01  1.53022402E+00  9.88366803E-01  2.50000000E-02 -1.58815938E-07 -1.12896264E-07 
    1091  2.62500000E+02  6.87500000E+02 -3.64935538E-01  1.35330233E+00  9.88366796E-01  2.50000000E-02 -1.71980305E-07  2.29690445E-08 
    1092  2.87500000E+02  6.87500000E+02  1.14057330E-01  8.74309474E-01  9.88366804E-01  2.50000000E-02 -2.06753360E-07  1.26379546E-08 
    1093  3.12500000E+02  6.87500000E+02  5.99342883E-02  9.28432521E-01  9.88366809E-01  2.50000000E-02 -1.96409646E-07  1.90760229E-07 
    1094  3.37500000E+02  6.87500000E+02 -6.29059867E-01  1.61742668E+00  9.88366814E-01  2.50000000E-02 -1.51415972E-07 -1.49352934E-09 
    1095  3.62500000E+02  6.87500000E+02 -5.54513131E-01  1.54287994E+00  9.88366807E-01  2.50000000E-02 -1.41018388E-07 -2.21773686E-08 
    1096  3.87500000E+02  6.87500000E+02 -2.96395410E-01  1.28476222E+00  9.88366805E-01  2.50000000E-02 -1.55883998E-07 -1.75956019E-08 
    1097  4.12500000E+02  6.87500000E+02 -1.48470216E-01  1.13683702E+00  9.88366805E-01  2.50000000E-02 -1.77709162E-07 -9.19497749E-09 
    1098  4.37500000E+02  6.87500000E+02  7.59800929E-03  9.80768800E-01  9.88366809E-01  2.50000000E-02 -1.90765075E-07 -2.94453476E-08 
    1099  4.62500000E+02  6.87500000E+02 -6.08590634E-01  1.59695745E+00  9.88366815E-01  2.50000000E-02 -1.70821945E-07 -8.47969171E-09 
    1100  4.87500000E+02  6.87500000E+02 -3.69620645E-01  1.35798745E+00  9.88366802E-01  2.50000000E-02 -1.81454294E-07  2.15988622E-08 
    1101  5.12500000E+02  6.87500000E+02  3.46211414E-01  6.42155406E-01  9.88366820E-01  2.50000000E-02 -2.48447126E-07  5.78736796E-09 
    1102  5.37500000E+02  6.87500000E+02 -2.26452086E-01  1.21481891E+00  9.88366828E-01  2.50000000E-02 -2.09974031E-07 -9.44259825E-08 
    1103  5.62500000E+02  6.87500000E+02 -5.15429995E-02  1.03990982E+00  9.88366820E-01  2.50000000E-02 -1.99097877E-07 -3.63185852E-08 
    1104  5.87500000E+02  6.87500000E+02  2.08717471E-01  7.79649350E-01  9.88366820E-01  2.50000000E-02 -2.15448329E-07  2.83228056E-08 
    1105  6.12500000E+02  6.87500000E+02 -4.30792963E-01  1.41915978E+00  9.88366821E-01  2.50000000E-02 -2.23210311E-07  2.23365488E-08 
    1106  6.37500000E+02  6.87500000E+02  4.02911505E-01  5.85455316E-01  9.88366822E-01  2.50000000E-02 -2.22165520E-07  9.64058842E-08 
    1107  6.62500000E+02  6.87500000E+02  1.26154343E-01  8.62212484E-01  9.88366827E-01  2.50000000E-02 -1.94729833E-07  4.97040447E-08 
    1108  6.87500000E+02  6.87500000E+02 -1.71976768E-01  1.16034359E+00  9.88366821E-01  2.50000000E-02 -1.86593906E-07  1.82432912E-07 
    1109  7.12500000E+02  6.87500000E+02  5.64254654E-01  4.24112176E-01  9.88366830E-01  2.50000000E-02 -1.71702397E-07  1.04280090E-07 
    1110  7.37500000E+02  6.87500000E+02 -1.49038884E-01  1.13740572E+00  9.88366833E-01  2.50000000E-02 -9.29523901E-08  7.22768650E-08 
    1111  7.62500000E+02  6.87500000E+02 -3.60254336E-01  1.34862117E+00  9.88366832E-01  2.50000000E-02 -7.55545679E-08  2.00920527E-08 
    1112  7.87500000E+02  6.87500000E+02 -7.85771987E-01  1.77413882E+00  9.88366829E-01  2.50000000E-02 -7.17892208E-08  3.63915864E-08 
    1113  8.12500000E+02  6.87500000E+02  4.57362621E-01  5.31004207E-01  9.88366828E-01  2.50000000E-02 -8.42980108E-08  1.59447256E-07 
    1114  8.37500000E+02  6.87500000E+02  6.66470773E-01  3.21896062E-01  9.88366835E-01  2.50000000E-02 -7.83352476E-08  6.97918605E-08 
    1115  8.62500000E+02  6.87500000E+02 -7.72833755E-01  1.76120059E+00  9.88366838E-01  2.50000000E-02 -1.81398816E-08  6.30806333E-09 
    1116  8.87500000E+02  6.87500000E+02  2.32845507E-01  7.55521327E-01  9.88366835E-01  2.50000000E-02 -7.68055927E-09  2.83685615E-08 
    1117  9.12500000E+02  6.87500000E+02  2.12036995E-01  7.76329839E-01  9.88366835E-01  2.50000000E-02 -8.46885071E-09  5.37420436E-08 
    1118  9.37500000E+02  6.87500000E+02  7.93162657E-01  1.95204178E-01  9.88366836E-01  2.50000000E-02 -1.04539370E-08  3.49474298E-08 
    1119  9.62500000E+02  6.87500000E+02  7.35826877E-01  2.52539958E-01  9.88366835E-01  2.50000000E-02 -8.37002306E-09  3.79975471E-08 
    1120  9.87500000E+02  6.87500000E+02 -1.15334343E-01  1.10370118E+00  9.88366836E-01  2.50000000E-02 -8.46956297E-10  7.02990205E-09 
    1121  1.25000000E+01  7.12500000E+02  2.12525782E-01  7.75841011E-01  9.88366794E-01  2.50000000E-02 -1.14341401E-09 -5.73330612E-08 
    1122  3.75000000E+01  7.12500000E+02 -1.04713308E-02  9.98838125E-01  9.88366794E-01  2.50000000E-02 -2.27626710E-09 -2.31561789E-08 
    1123  6.25000000E+01  7.12500000E+02  9.76343073E-01  1.20237198E-02  9.88366793E-01  2.50000000E-02 -7.18301170E-09 -1.01524431E-07 
    1124  8.75000000E+01  7.12500000E+02  5.34586808E-02  9.34908114E-01  9.88366794E-01  2.50000000E-02  3.66531906E-09 -2.59025025E-08 
    1125  1.12500000E+02  7.12500000E+02 -8.52450590E-01  1.84081738E+00  9.88366795E-01  2.50000000E-02  4.87900298E-09 -8.55189194E-09 
    1126  1.37500000E+02  7.12500000E+02 -9.64945501E-03  9.98016248E-01  9.88366793E-01  2.50000000E-02  2.67219062E-09 -2.53899962E-08 
    1127  1.62500000E+02  7.12500000E+02  7.74196494E-01  2.14170302E-01  9.88366797E-01  2.50000000E-02 -4.11058644E-08 -2.34297090E-07 
    1128  1.87500000E+02  7.12500000E+02  2.29713840E-01  7.58652961E-01  9.88366802E-01  2.50000000E-02 -2.70223287E-08  1.09190780E-08 
    1129  2.12500000E+02  7.12500000E+02 -2.32188020E-01  1.22055482E+00  9.88366800E-01  2.50000000E-02 -2.49622065E-08 -3.08592501E-08 
    1130  2.37500000E+02  7.12500000E+02 -9.98114426E-01  1.98648122E+00  9.88366796E-01  2.50000000E-02 -3.79732856E-08 -9.52479088E-08 
    1131  2.62500000E+02  7.12500000E+02 -9.56243896E-01  1.94461069E+00  9.88366798E-01  2.50000000E-02 -4.56531613E-08  5.80455266E-10 
    1132  2.87500000E+02  7.12500000E+02 -2.02079740E-01  1.19044654E+00  9.88366797E-01  2.50000000E-02 -5.43797192E-08  1.88734030E-10 
    1133  3.12500000E+02  7.12500000E+02  6.56841777E-01  3.31525032E-01  9.88366810E-01  2.50000000E-02 -5.83064938E-08  1.22468386E-07 
    1134  3.37500000E+02  7.12500000E+02 -4.28067939E-01  1.41643475E+00  9.88366809E-01  2.50000000E-02  1.40171175E-09  1.37551527E-08 
    1135  3.62500000E+02  7.12500000E+02 -5.78451388E-01  1.56681820E+00  9.88366807E-01  2.50000000E-02  2.90725853E-09 -2.40185467E-08 
    1136  3.87500000E+02  7.12500000E+02  6.96919818E-01  2.91446991E-01  9.88366809E-01  2.50000000E-02 -1.92162154E-08 -3.44364599E-08 
    1137  4.12500000E+02  7.12500000E+02  6.88016199E-01  3.00350611E-01  9.88366810E-01  2.50000000E-02 -2.72180442E-08 -2.92400524E-08 
    1138  4.37500000E+02  7.12500000E+02  4.50937987E-01  5.37428822E-01  9.88366810E-01  2.50000000E-02 -3.26444182E-08 -1.54495634E-08 
    1139  4.62500000E+02  7.12500000E+02 -8.72638106E-01  1.86100492E+00  9.88366813E-01  2.50000000E-02 -2.17516023E-08  3.57685837E-09 
    1140  4.87500000E+02  7.12500000E+02 -4.72261166E-01  1.46062798E+00  9.88366809E-01  2.50000000E-02 -2.51849957E-08  2.09668135E-10 
    1141  5.12500000E+02  7.12500000E+02  7.11608422E-01  2.76758398E-01  9.88366821E-01  2.50000000E-02 -1.02322664E-07  5.10073946E-09 
    1142  5.37500000E+02  7.12500000E+02  1.36578061E-01  8.51788760E-01  9.88366822E-01  2.50000000E-02 -1.04655226E-07 -6.66278808E-08 
    1143  5.62500000E+02  7.12500000E+02 -3.27990276E-01  1.31635710E+00  9.88366820E-01  2.50000000E-02 -1.09316785E-07 -3.65304881E-08 
    1144  5.87500000E+02  7.12500000E+02 -1.35230552E-01  1.12359737E+00  9.88366816E-01  2.50000000E-02 -1.26805044E-07  6.51783453E-09 
    1145  6.12500000E+02  7.12500000E+02  4.61645272E-01  5.26721555E-01  9.88366826E-01  2.50000000E-02 -1.67918109E-07 -6.67474620E-09 
    1146  6.37500000E+02  7.12500000E+02 -7.21591945E-01  1.70995878E+00  9.88366835E-01  2.50000000E-02 -1.26006821E-07  1.45202008E-07 
    1147  6.62500000E+02  7.12500000E+02 -6.19559136E-01  1.60792597E+00  9.88366829E-01  2.50000000E-02 -1.23872383E-07  5.23542484E-08 
    1148  6.87500000E+02  7.12500000E+02 -9.67050839E-01  1.95541767E+00  9.88366831E-01  2.50000000E-02 -1.28774858E-07  1.53340962E-07 
    1149  7.12500000E+02  7.12500000E+02  7.15133262E-01  2.73233570E-01  9.88366832E-01  2.50000000E-02 -1.03537022E-07  6.70117112E-08 
    1150  7.37500000E+02  7.12500000E+02  2.54938944E-01  7.33427891E-01  9.88366835E-01  2.50000000E-02 -5.39125353E-08  7.86976113E-08 
    1151  7.62500000E+02  7.12500000E+02 -4.88733671E-01  1.47710050E+00  9.88366831E-01  2.50000000E-02 -5.35201692E-08  1.72725669E-08 
    1152  7.87500000E+02  7.12500000E+02  5.88489260E-01  3.99877573E-01  9.88366834E-01  2.50000000E-02 -7.49508162E-08  2.10560306E-08 
    1153  8.12500000E+02  7.12500000E+02  1.42788505E-01  8.45578329E-01  9.88366834E-01  2.50000000E-02 -7.68060356E-08  1.24482213E-07 
    1154  8.37500000E+02  7.12500000E+02  9.09849421E-01  7.85174113E-02  9.88366832E-01  2.50000000E-02 -5.05246965E-08  7.38691101E-08 
    1155  8.62500000E+02  7.12500000E+02  9.96609287E-01  7.24010050E-07  9.96610011E-01  2.50000000E-02 -3.94429475E-10  3.31859551E-10 
    1156  8.87500000E+02  7.12500000E+02 -7.20531090E-01  1.70889792E+00  9.88366833E-01  2.50000000E-02 -1.12700337E-08  2.08791051E-08 
    1157  9.12500000E+02  7.12500000E+02  1.83987736E-01  8.04379098E-01  9.88366834E-01  2.50000000E-02 -6.80191626E-09  4.61235467E-08 
    1158  9.37500000E+02  7.12500000E+02 -3.67840359E-01  1.35620719E+00  9.88366832E-01  2.50000000E-02 -3.17675460E-09  6.99519237E-09 
    1159  9.62500000E+02  7.12500000E+02  5.24402463E-01  4.63964370E-01  9.88366833E-01  2.50000000E-02 -5.03996405E-09  2.43454407E-08 
    1160  9.87500000E+02  7.12500000E+02  8.48327636E-01  1.40039197E-01  9.88366833E-01  2.50000000E-02 -3.16301353E-09  2.82712260E-08 
    1161  1.25000000E+01  7.37500000E+02 -7.88650651E-01  1.77701745E+00  9.88366796E-01  2.50000000E-02 -2.95699409E-10 -4.54410766E-08 
    1162  3.75000000E+01  7.37500000E+02 -4.78120813E-01  1.46648761E+00  9.88366796E-01  2.50000000E-02 -1.70926382E-09 -1.83661341E-08 
    1163  6.25000000E+01  7.37500000E+02 -6.38564569E-01  1.62693137E+00  9.88366797E-01  2.50000000E-02 -1.82949149E-09 -5.64070945E-09 
    1164  8.75000000E+01  7.37500000E+02 -7.36592694E-01  1.72495949E+00  9.88366796E-01  2.50000000E-02 -3.51010544E-09 -2.65852097E-08 
    1165  1.12500000E+02  7.37500000E+02 -2.36763111E-02  1.01204311E+00  9.88366796E-01  2.50000000E-02 -1.13971891E-08 -1.36014024E-08 
    1166  1.37500000E+02  7.37500000E+02  7.75144578E-01  2.13222221E-01  9.88366799E-01  2.50000000E-02 -5.32817442E-08 -4.06761940E-08 
    1167  1.62500000E+02  7.37500000E+02  2.58238609E-01  7.30128187E-01  9.88366796E-01  2.50000000E-02 -9.38158489E-08 -2.15514789E-07 
    1168  1.87500000E+02  7.37500000E+02  4.67752723E-01  5.20614075E-01  9.88366799E-01  2.50000000E-02 -9.64596461E-08  1.51532715E-08 
    1169  2.12500000E+02  7.37500000E+02 -2.07987256E-01  1.19635406E+00  9.88366801E-01  2.50000000E-02 -7.60915279E-08 -1.75948517E-08 
    1170  2.37500000E+02  7.37500000E+02  1.81088697E-02  9.70257927E-01  9.88366796E-01  2.50000000E-02 -7.86251889E-08 -9.45849133E-08 
    1171  2.62500000E+02  7.37500000E+02  2.37743781E-01  7.50623020E-01  9.88366801E-01  2.50000000E-02 -8.64461159E-08 -3.01611709E-08 
    1172  2.87500000E+02  7.37500000E+02  7.38630632E-02  9.14503739E-01  9.88366802E-01  2.50000000E-02 -7.21494098E-08 -1.62950477E-08 
    1173  3.12500000E+02  7.37500000E+02 -6.92625819E-01  1.68099262E+00  9.88366799E-01  2.50000000E-02 -6.77991464E-08 -3.92958748E-10 
    1174  3.37500000E+02  7.37500000E+02  9.10884101E-01  7.74827048E-02  9.88366806E-01  2.50000000E-02 -1.29863728E-07  3.47623850E-08 
    1175  3.62500000E+02  7.37500000E+02 -8.89535876E-02  1.07732040E+00  9.88366811E-01  2.50000000E-02 -4.80626579E-08 -1.19280396E-08 
    1176  3.87500000E+02  7.37500000E+02  1.79161911E-01  8.09204899E-01  9.88366810E-01  2.50000000E-02 -4.79844743E-08 -2.23358850E-08 
    1177  4.12500000E+02  7.37500000E+02 -5.20105070E-01  1.50847188E+00  9.88366811E-01  2.50000000E-02 -4.96907162E-08 -1.56776248E-08 
    1178  4.37500000E+02  7.37500000E+02  1.44048664E-01  8.44318145E-01  9.88366809E-01  2.50000000E-02 -5.25312659E-08 -1.15218598E-09 
    1179  4.62500000E+02  7.37500000E+02 -2.93262894E-01  1.28162971E+00  9.88366813E-01  2.50000000E-02 -4.90718003E-08  1.19611864E-08 
    1180  4.87500000E+02  7.37500000E+02 -8.74837871E-01  1.86320468E+00  9.88366809E-01  2.50000000E-02 -5.01888923E-08 -3.43196885E-10 
    1181  5.12500000E+02  7.37500000E+02  1.28077772E-02  9.75559033E-01  9.88366811E-01  2.50000000E-02 -6.02445465E-08 -4.99825073E-08 
    1182  5.37500000E+02  7.37500000E+02  8.63247758E-01  1.25119056E-01  9.88366814E-01  2.50000000E-02 -1.42032853E-07 -2.64220441E-09 
    1183  5.62500000E+02  7.37500000E+02  9.08072132E-01  8.02946858E-02  9.88366818E-01  2.50000000E-02 -1.91822059E-07 -1.01612481E-08 
    1184  5.87500000E+02  7.37500000E+02  5.53396221E-01  4.34970607E-01  9.88366829E-01  2.50000000E-02 -7.65936483E-08 -2.35513006E-08 
    1185  6.12500000E+02  7.37500000E+02  2.10395785E-01  7.77971044E-01  9.88366829E-01  2.50000000E-02 -5.36798572E-08 -9.75210654E-10 
    1186  6.37500000E+02  7.37500000E+02  4.84775283E-02  9.39889300E-01  9.88366828E-01  2.50000000E-02 -4.61697410E-08  1.71748583E-07 
    1187  6.62500000E+02  7.37500000E+02 -4.85448113E-02  1.03691164E+00  9.88366828E-01  2.50000000E-02 -4.48959675E-08  5.42430324E-08 
    1188  6.87500000E+02  7.37500000E+02  9.81100052E-01  7.26677856E-03  9.88366830E-01  2.50000000E-02 -8.25005259E-08  1.35612784E-07 
    1189  7.12500000E+02  7.37500000E+02  2.79590471E-01  7.08776359E-01  9.88366830E-01  2.50000000E-02 -4.83702151E-09  2.98503014E-08 
    1190  7.37500000E+02  7.37500000E+02 -1.65822439E-01  1.15418927E+00  9.88366831E-01  2.50000000E-02 -3.42667405E-09  7.52547219E-08 
    1191  7.62500000E+02  7.37500000E+02 -6.23547884E-01  1.61191472E+00  9.88366832E-01  2.50000000E-02  2.48563337E-10  1.48037835E-08 
    1192  7.87500000E+02  7.37500000E+02 -7.41045783E-01  1.72941261E+00  9.88366831E-01  2.50000000E-02  1.72939449E-09  1.32001492E-08 
    1193  8.12500000E+02  7.37500000E+02  6.28917049E-01  3.59449785E-01  9.88366834E-01  2.50000000E-02  1.15685350E-08  1.01643637E-07 
    1194  8.37500000E+02  7.37500000E+02 -1.29294933E-01  1.11766176E+00  9.88366830E-01  2.50000000E-02  1.49885056E-08  1.24319546E-08 
    1195  8.62500000E+02  7.37500000E+02  6.99776301E-01  2.88590530E-01  9.88366831E-01  2.50000000E-02 -2.86828090E-09  1.21052932E-08 
    1196  8.87500000E+02  7.37500000E+02 -7.91778566E-01  1.78014540E+00  9.88366833E-01  2.50000000E-02  7.47216492E-10  1.75543058E-08 
    1197  9.12500000E+02  7.37500000E+02 -3.81969586E-01  1.37033642E+00  9.88366833E-01  2.50000000E-02  3.34435740E-10  3.09390194E-08 
    1198  9.37500000E+02  7.37500000E+02 -2.37369274E-01  1.22573611E+00  9.88366833E-01  2.50000000E-02 -1.03927549E-09  5.33811736E-09 
    1199  9.62500000E+02  7.37500000E+02 -1.28648872E-01  1.11701571E+00  9.88366834E-01  2.50000000E-02  2.31698857E-09  1.88161571E-08 
    1200  9.87500000E+02  7.37500000E+02 -9.95164348E-01  1.98353118E+00  9.88366832E-01  2.50000000E-02  1.69706026E-09  8.28259939E-09 
    1201  1.25000000E+01  7.62500000E+02 -1.29155342E-01  1.11752214E+00  9.88366793E-01  2.50000000E-02 -7.53861591E-09 -4.28951996E-08 
    1202  3.75000000E+01  7.62500000E+02 -5.83351884E-01  1.57171868E+00  9.88366795E-01  2.50000000E-02 -1.70321048E-08 -1.54090256E-08 
    1203  6.25000000E+01  7.62500000E+02  2.15780788E-01  7.72586008E-01  9.88366796E-01  2.50000000E-02 -1.83189819E-08 -7.81135435E-09 
    1204  8.75000000E+01  7.62500000E+02  1.67498107E-01  8.20868688E-01  9.88366795E-01  2.50000000E-02 -1.72926838E-08 -2.33770062E-08 
    1205  1.12500000E+02  7.62500000E+02 -4.84599483E-01  1.47296628E+00  9.88366796E-01  2.50000000E-02 -1.78032479E-08 -1.58548201E-08 
    1206  1.37500000E+02  7.62500000E+02  6.08456202E-01  3.79910594E-01  9.88366796E-01  2.50000000E-02 -1.24374137E-08 -3.74463181E-08 
    1207  1.62500000E+02  7.62500000E+02  9.15172981E-01  7.31938067E-02  9.88366788E-01  2.50000000E-02 -1.43024152E-08 -1.51172742E-07 
    1208  1.87500000E+02  7.62500000E+02 -9.82501712E-01  1.97086851E+00  9.88366798E-01  2.50000000E-02  1.64810035E-09  4.31054136E-10 
    1209  2.12500000E+02  7.62500000E+02 -9.44664556E-01  1.93303135E+00  9.88366797E-01  2.50000000E-02  2.20788600E-09 -1.25919581E-08 
    1210  2.37500000E+02  7.62500000E+02 -3.23494052E-01  1.31186085E+00  9.88366794E-01  2.50000000E-02 -7.65259201E-09 -1.01475281E-07 
    1211  2.62500000E+02  7.62500000E+02  4.96707116E-01  4.91659688E-01  9.88366804E-01  2.50000000E-02 -4.76739052E-08 -5.28831071E-08 
    1212  2.87500000E+02  7.62500000E+02 -2.92645816E-01  1.28101262E+00  9.88366802E-01  2.50000000E-02 -4.91441748E-08 -1.72656077E-08 
    1213  3.12500000E+02  7.62500000E+02  2.98231197E-01  6.90135608E-01  9.88366805E-01  2.50000000E-02 -4.54509256E-08 -3.61635365E-08 
    1214  3.37500000E+02  7.62500000E+02 -9.59836919E-01  1.94820372E+00  9.88366806E-01  2.50000000E-02 -2.82331533E-08  1.70266956E-08 
    1215  3.62500000E+02  7.62500000E+02 -6.97700009E-01  1.68606681E+00  9.88366804E-01  2.50000000E-02 -2.72180492E-08 -1.02831999E-08 
    1216  3.87500000E+02  7.62500000E+02  6.40197572E-01  3.48169235E-01  9.88366808E-01  2.50000000E-02 -4.31012357E-08 -2.11074864E-08 
    1217  4.12500000E+02  7.62500000E+02  3.51639594E-01  6.36727216E-01  9.88366810E-01  2.50000000E-02 -2.69487501E-08 -1.30084142E-08 
    1218  4.37500000E+02  7.62500000E+02 -2.59690226E-01  1.24805704E+00  9.88366809E-01  2.50000000E-02 -1.72238913E-08  4.39983247E-09 
    1219  4.62500000E+02  7.62500000E+02 -4.54942193E-01  1.44330900E+00  9.88366809E-01  2.50000000E-02 -1.60388242E-08  8.90985523E-09 
    1220  4.87500000E+02  7.62500000E+02  9.69373941E-01  1.89928747E-02  9.88366816E-01  2.50000000E-02 -2.24745605E-07 -1.22651737E-07 
    1221  5.12500000E+02  7.62500000E+02  4.18351814E-01  5.70015001E-01  9.88366815E-01  2.50000000E-02 -2.77657211E-07 -7.12815133E-08 
    1222  5.37500000E+02  7.62500000E+02  8.74381873E-01  1.13984940E-01  9.88366813E-01  2.50000000E-02 -2.50309325E-07 -1.33048316E-08 
    1223  5.62500000E+02  7.62500000E+02 -2.27439838E-01  1.21580666E+00  9.88366826E-01  2.50000000E-02 -1.12012296E-07  8.25331942E-08 
    1224  5.87500000E+02  7.62500000E+02  4.74677530E-01  5.13689293E-01  9.88366824E-01  2.50000000E-02 -9.03860350E-08 -1.57893044E-08 
    1225  6.12500000E+02  7.62500000E+02 -7.90045506E-01  1.77841234E+00  9.88366829E-01  2.50000000E-02 -5.25431704E-08  8.55139983E-09 
    1226  6.37500000E+02  7.62500000E+02 -1.95074996E-01  1.18344182E+00  9.88366825E-01  2.50000000E-02 -4.69452470E-08  1.64612822E-07 
    1227  6.62500000E+02  7.62500000E+02  6.23433476E-01  3.64933354E-01  9.88366830E-01  2.50000000E-02 -6.01740840E-08  4.83212465E-08 
    1228  6.87500000E+02  7.62500000E+02 -4.47466695E-01  1.43583352E+00  9.88366829E-01  2.50000000E-02 -4.76793445E-08  3.51908349E-08 
    1229  7.12500000E+02  7.62500000E+02 -7.85039710E-01  1.77340654E+00  9.88366828E-01  2.50000000E-02 -4.99777189E-08  9.37116480E-09 
    1230  7.37500000E+02  7.62500000E+02  7.57658276E-02  9.12601005E-01  9.88366833E-01  2.50000000E-02 -4.60307713E-08  6.66648070E-08 
    1231  7.62500000E+02  7.62500000E+02 -6.01492353E-02  1.04851607E+00  9.88366831E-01  2.50000000E-02 -3.11467718E-08  1.29482829E-08 
    1232  7.87500000E+02  7.62500000E+02 -2.35893939E-01  1.22426077E+00  9.88366831E-01  2.50000000E-02 -2.43444452E-08  8.69823259E-09 
    1233  8.12500000E+02  7.62500000E+02 -6.03943320E-02  1.04876116E+00  9.88366828E-01  2.50000000E-02 -2.53205093E-08  4.62008412E-08 
    1234  8.37500000E+02  7.62500000E+02 -7.55900906E-01  1.74426774E+00  9.88366829E-01  2.50000000E-02 -3.10093497E-08  9.17007015E-09 
    1235  8.62500000E+02  7.62500000E+02  4.88671498E-01  4.99695332E-01  9.88366830E-01  2.50000000E-02 -3.54643042E-08  7.00901762E-09 
    1236  8.87500000E+02  7.62500000E+02 -6.98894523E-01  1.68726136E+00  9.88366834E-01  2.50000000E-02 -1.60980318E-08  1.79527122E-08 
    1237  9.12500000E+02  7.62500000E+02 -7.87935242E-01  1.77630208E+00  9.88366835E-01  2.50000000E-02 -8.04337148E-09  2.87451313E-08 
    1238  9.37500000E+02  7.62500000E+02 -7.18559022E-01  1.70692586E+00  9.88366833E-01  2.50000000E-02 -3.04206478E-09  5.49119212E-09 
    1239  9.62500000E+02  7.62500000E+02  9.62182206E-01  2.61846268E-02  9.88366833E-01  2.50000000E-02  9.62358083E-09  2.87757427E-08 
    1240  9.87500000E+02  7.62500000E+02 -2.96470198E-01  1.28483703E+00  9.88366832E-01  2.50000000E-02  4.45856837E-11  7.78720640E-09 
    1241  1.25000000E+01  7.87500000E+02  5.12184706E-01  4.76182090E-01  9.88366796E-01  2.50000000E-02 -1.58796934E-09 -5.62240031E-08 
    1242  3.75000000E+01  7.87500000E+02 -5.05686300E-01  1.49405309E+00  9.88366795E-01  2.50000000E-02 -1.17009792E-08 -1.64618788E-08 
    1243  6.25000000E+01  7.87500000E+02 -6.10630668E-01  1.59899746E+00  9.88366796E-01  2.50000000E-02 -1.08375355E-08 -1.28869953E-08 
    1244  8.75000000E+01  7.87500000E+02 -7.69718752E-01  1.75808555E+00  9.88366794E-01  2.50000000E-02 -1.13006854E-08 -2.49946708E-08 
    1245  1.12500000E+02  7.87500000E+02 -3.74472949E-01  1.36283974E+00  9.88366796E-01  2.50000000E-02 -1.41513496E-08 -1.86812059E-08 
    1246  1.37500000E+02  7.87500000E+02 -3.26369102E-01  1.31473590E+00  9.88366795E-01  2.50000000E-02 -1.37643504E-08 -4.71502959E-08 
    1247  1.62500000E+02  7.87500000E+02  9.77163706E-01  1.12030897E-02  9.88366796E-01  2.50000000E-02 -1.72417482E-07 -3.18972229E-07 
    1248  1.87500000E+02  7.87500000E+02  1.55964062E-01  8.32402742E-01  9.88366803E-01  2.50000000E-02 -7.29398608E-08  1.11257577E-08 
    1249  2.12500000E+02  7.87500000E+02  5.81497036E-01  4.06869764E-01  9.88366800E-01  2.50000000E-02 -8.45778716E-08 -2.77176130E-08 
    1250  2.37500000E+02  7.87500000E+02  4.52434962E-01  5.35931840E-01  9.88366801E-01  2.50000000E-02 -1.04696446E-07 -1.01688086E-07 
    1251  2.62500000E+02  7.87500000E+02 -9.81250213E-01  1.96961701E+00  9.88366802E-01  2.50000000E-02 -1.11449807E-07 -7.19825744E-08 
    1252  2.87500000E+02  7.87500000E+02  9.24848470E-01  6.35183319E-02  9.88366802E-01  2.50000000E-02 -1.01745658E-07 -3.78431753E-08 
    1253  3.12500000E+02  7.87500000E+02 -1.50094150E-01  1.13846096E+00  9.88366806E-01  2.50000000E-02 -3.32180385E-08 -4.36768287E-08 
    1254  3.37500000E+02  7.87500000E+02 -6.36470323E-02  1.05201384E+00  9.88366806E-01  2.50000000E-02 -3.20196335E-08  1.65129867E-08 
    1255  3.62500000E+02  7.87500000E+02 -6.96106355E-01  1.68447316E+00  9.88366804E-01  2.50000000E-02 -3.64555679E-08 -2.06367844E-08 
    1256  3.87500000E+02  7.87500000E+02  7.16918299E-01  2.71448510E-01  9.88366809E-01  2.50000000E-02 -6.82414996E-08 -2.91294667E-08 
    1257  4.12500000E+02  7.87500000E+02  3.94637213E-01  5.93729599E-01  9.88366812E-01  2.50000000E-02 -5.19733091E-08 -6.73341804E-09 
    1258  4.37500000E+02  7.87500000E+02 -5.07367031E-01  1.49573384E+00  9.88366813E-01  2.50000000E-02 -3.66169555E-08  1.62968932E-08 
    1259  4.62500000E+02  7.87500000E+02 -5.70342437E-01  1.55870925E+00  9.88366809E-01  2.50000000E-02 -4.04297474E-08 -1.33898743E-09 
    1260  4.87500000E+02  7.87500000E+02  7.32570805E-01  2.55796015E-01  9.88366820E-01  2.50000000E-02 -1.53332630E-07 -2.26943149E-09 
    1261  5.12500000E+02  7.87500000E+02  8.03825180E-01  1.84541640E-01  9.88366820E-01  2.50000000E-02 -2.23499447E-07 -5.02589562E-08 
    1262  5.37500000E+02  7.87500000E+02 -2.96755179E-01  1.28512200E+00  9.88366820E-01  2.50000000E-02 -2.84983021E-07  2.93411112E-08 
    1263  5.62500000E+02  7.87500000E+02  7.65708990E-01  2.22657834E-01  9.88366823E-01  2.50000000E-02 -2.74677464E-07  9.46156480E-08 
    1264  5.87500000E+02  7.87500000E+02  5.18666491E-01  4.69700339E-01  9.88366830E-01  2.50000000E-02 -1.90418253E-07  5.87067640E-10 
    1265  6.12500000E+02  7.87500000E+02  1.92842463E-02  9.69082587E-01  9.88366833E-01  2.50000000E-02 -1.32586679E-07  2.69425651E-08 
    1266  6.37500000E+02  7.87500000E+02  1.01460689E-01  8.86906140E-01  9.88366829E-01  2.50000000E-02 -1.15677310E-07  1.57755023E-07 
    1267  6.62500000E+02  7.87500000E+02  7.70351714E-01  2.18015113E-01  9.88366827E-01  2.50000000E-02 -7.70074065E-08  4.10183255E-08 
    1268  6.87500000E+02  7.87500000E+02 -3.93053304E-01  1.38142014E+00  9.88366832E-01  2.50000000E-02 -2.07440919E-08  4.07955712E-08 
    1269  7.12500000E+02  7.87500000E+02 -4.89428734E-02  1.03730970E+00  9.88366830E-01  2.50000000E-02 -1.72805596E-08 -1.09914949E-09 
    1270  7.37500000E+02  7.87500000E+02  3.05378955E-01  6.82987877E-01  9.88366832E-01  2.50000000E-02 -1.32084630E-08  5.88283328E-08 
    1271  7.62500000E+02  7.87500000E+02  1.15064248E-02  9.76860406E-01  9.88366831E-01  2.50000000E-02 -4.35208102E-09  9.56292165E-09 
    1272  7.87500000E+02  7.87500000E+02 -6.54236181E-01  1.64260301E+00  9.88366831E-01  2.50000000E-02 -9.64192014E-10  5.22377314E-09 
    1273  8.12500000E+02  7.87500000E+02 -5.28859316E-01  1.51722615E+00  9.88366830E-01  2.50000000E-02 -2.56754805E-09  3.32639559E-08 
    1274  8.37500000E+02  7.87500000E+02  4.81049763E-01  5.07317069E-01  9.88366832E-01  2.50000000E-02 -1.87563165E-08  5.07200206E-09 
    1275  8.62500000E+02  7.87500000E+02 -1.20181723E-01  1.10854856E+00  9.88366833E-01  2.50000000E-02 -2.05817983E-08  1.43344347E-08 
    1276  8.87500000E+02  7.87500000E+02 -7.05859829E-01  1.69422666E+00  9.88366834E-01  2.50000000E-02 -1.76564494E-08  1.91100156E-08 
    1277  9.12500000E+02  7.87500000E+02  5.00367896E-01  4.87998936E-01  9.88366832E-01  2.50000000E-02 -9.71257518E-09  3.49834457E-08 
    1278  9.37500000E+02  7.87500000E+02  9.34024516E-01  5.43423161E-02  9.88366832E-01  2.50000000E-02 -6.66437851E-09  2.05780482E-08 
    1279  9.62500000E+02  7.87500000E+02  4.22830000E-02  9.46083832E-01  9.88366832E-01  2.50000000E-02  1.28088190E-09 -1.39214222E-09 
    1280  9.87500000E+02  7.87500000E+02 -5.49122951E-01  1.53748978E+00  9.88366832E-01  2.50000000E-02  4.46287505E-10  7.76467155E-09 
    1281  1.25000000E+01  8.12500000E+02 -3.17920717E-01  1.30628752E+00  9.88366798E-01  2.50000000E-02  1.44327012E-10 -4.50556592E-08 
    1282  3.75000000E+01  8.12500000E+02  7.63393325E-01  2.24973472E-01  9.88366797E-01  2.50000000E-02 -3.95764213E-09 -2.19562942E-08 
    1283  6.25000000E+01  8.12500000E+02  1.45936860E-02  9.73773110E-01  9.88366796E-01  2.50000000E-02 -2.08263595E-08 -1.63524605E-08 
    1284  8.75000000E+01  8.12500000E+02  5.94522513E-01  3.93844284E-01  9.88366796E-01  2.50000000E-02 -2.86480294E-08 -2.98700043E-08 
    1285  1.12500000E+02  8.12500000E+02 -2.83011310E-01  1.27137810E+00  9.88366795E-01  2.50000000E-02 -3.95495825E-08 -2.23418607E-08 
    1286  1.37500000E+02  8.12500000E+02  3.28146965E-01  6.60219829E-01  9.88366794E-01  2.50000000E-02 -5.06463080E-08 -5.66750212E-08 
    1287  1.62500000E+02  8.12500000E+02 -3.15538951E-01  1.30390575E+00  9.88366803E-01  2.50000000E-02 -3.12770249E-08 -1.60935712E-08 
    1288  1.87500000E+02  8.12500000E+02 -1.43462335E-01  1.13182913E+00  9.88366799E-01  2.50000000E-02 -1.91666429E-08  2.65086665E-08 
    1289  2.12500000E+02  8.12500000E+02  9.75605087E-01  1.27617146E-02  9.88366801E-01  2.50000000E-02 -9.92805729E-08 -7.91717941E-08 
    1290  2.37500000E+02  8.12500000E+02 -4.22574008E-02  1.03062421E+00  9.88366805E-01  2.50000000E-02 -5.68909260E-09 -5.23939181E-08 
    1291  2.62500000E+02  8.12500000E+02 -6.21157836E-02  1.05048258E+00  9.88366801E-01  2.50000000E-02 -1.90893118E-08 -8.40016393E-08 
    1292  2.87500000E+02  8.12500000E+02 -2.46924589E-01  1.23529139E+00  9.88366805E-01  2.50000000E-02 -3.27440514E-08 -2.73497393E-08 
    1293  3.12500000E+02  8.12500000E+02  9.10505203E-01  7.78616030E-02  9.88366805E-01  2.50000000E-02 -6.10420583E-08 -2.63052989E-08 
    1294  3.37500000E+02  8.12500000E+02 -8.91053726E-01  1.87942054E+00  9.88366810E-01  2.50000000E-02 -2.43357345E-08  2.97095696E-08 
    1295  3.62500000E+02  8.12500000E+02 -6.84249296E-01  1.67261610E+00  9.88366807E-01  2.50000000E-02 -3.18869938E-08 -2.40521039E-08 
    1296  3.87500000E+02  8.12500000E+02 -9.93029892E-01  1.98139670E+00  9.88366809E-01  2.50000000E-02 -4.23688614E-08 -2.96413729E-08 
    1297  4.12500000E+02  8.12500000E+02  3.01377228E-01  6.86989582E-01  9.88366810E-01  2.50000000E-02 -5.36247344E-08  2.95457822E-09 
    1298  4.37500000E+02  8.12500000E+02  8.46607542E-02  9.03706053E-01  9.88366807E-01  2.50000000E-02 -7.03501326E-08  3.18743613E-08 
    1299  4.62500000E+02  8.12500000E+02  6.76283780E-01  3.12083036E-01  9.88366816E-01  2.50000000E-02 -1.11710735E-07 -4.96811313E-08 
    1300  4.87500000E+02  8.12500000E+02 -5.87960715E-01  1.57632753E+00  9.88366820E-01  2.50000000E-02 -8.11802695E-08  2.86089377E-09 
    1301  5.12500000E+02  8.12500000E+02  4.45607059E-01  5.42759756E-01  9.88366815E-01  2.50000000E-02 -7.55277160E-08 -2.56070873E-08 
    1302  5.37500000E+02  8.12500000E+02  5.76082622E-01  4.12284193E-01  9.88366815E-01  2.50000000E-02 -9.55259704E-08  1.88280342E-08 
    1303  5.62500000E+02  8.12500000E+02  8.32685535E-01  1.55681287E-01  9.88366822E-01  2.50000000E-02 -1.20330527E-07  7.24713718E-08 
    1304  5.87500000E+02  8.12500000E+02  1.40966716E-01  8.47400111E-01  9.88366827E-01  2.50000000E-02 -4.76980184E-08  3.14892384E-08 
    1305  6.12500000E+02  8.12500000E+02  1.81870507E-01  8.06496318E-01  9.88366825E-01  2.50000000E-02 -4.49063480E-08  3.82360604E-08 
    1306  6.37500000E+02  8.12500000E+02  7.01653474E-01  2.86713352E-01  9.88366826E-01  2.50000000E-02 -5.46020724E-08  1.76966875E-07 
    1307  6.62500000E+02  8.12500000E+02 -6.77303998E-01  1.66567083E+00  9.88366831E-01  2.50000000E-02 -2.46407937E-08  4.37597227E-08 
    1308  6.87500000E+02  8.12500000E+02 -5.15245579E-02  1.03989139E+00  9.88366829E-01  2.50000000E-02 -2.16494846E-08  5.09310722E-08 
    1309  7.12500000E+02  8.12500000E+02  4.56894185E-01  5.31472646E-01  9.88366831E-01  2.50000000E-02 -2.35470035E-08 -8.54577083E-09 
    1310  7.37500000E+02  8.12500000E+02 -9.74321502E-01  1.96268833E+00  9.88366831E-01  2.50000000E-02 -1.95680385E-08  4.29103661E-08 
    1311  7.62500000E+02  8.12500000E+02 -6.91669106E-02  1.05753374E+00  9.88366831E-01  2.50000000E-02 -1.60549500E-08  6.80886141E-09 
    1312  7.87500000E+02  8.12500000E+02 -3.30246550E-01  1.31861338E+00  9.88366831E-01  2.50000000E-02 -1.06572457E-08  3.74693000E-09 
    1313  8.12500000E+02  8.12500000E+02 -6.12474222E-01  1.60084105E+00  9.88366831E-01  2.50000000E-02 -7.28018869E-09  3.11460605E-08 
    1314  8.37500000E+02  8.12500000E+02 -3.20882754E-01  1.30924958E+00  9.88366830E-01  2.50000000E-02 -7.10246401E-09  5.58555496E-09 
    1315  8.62500000E+02  8.12500000E+02  3.86736737E-01  6.01630095E-01  9.88366831E-01  2.50000000E-02 -1.07254158E-08  2.09186204E-08 
    1316  8.87500000E+02  8.12500000E+02  1.37639775E-01  8.50727059E-01  9.88366834E-01  2.50000000E-02  1.53348301E-09  1.85482777E-08 
    1317  9.12500000E+02  8.12500000E+02  1.69933067E-01  8.18433765E-01  9.88366831E-01  2.50000000E-02  7.63193036E-09  2.43446344E-08 
    1318  9.37500000E+02  8.12500000E+02  2.45947634E-01  7.42419197E-01  9.88366831E-01  2.50000000E-02  3.06041957E-09  8.11994444E-09 
    1319  9.62500000E+02  8.12500000E+02  3.15965527E-01  6.72401305E-01  9.88366832E-01  2.50000000E-02 -1.39345857E-10 -1.94929331E-09 
    1320  9.87500000E+02  8.12500000E+02 -5.10382206E-01  1.49874904E+00  9.88366832E-01  2.50000000E-02  5.01389888E-11  7.77056792E-09 
    1321  1.25000000E+01  8.37500000E+02  2.89857136E-01  6.98509662E-01  9.88366798E-01  2.50000000E-02 -8.48779399E-09 -3.41858734E-08 
    1322  3.75000000E+01  8.37500000E+02  2.06080072E-01  7.82286726E-01  9.88366798E-01  2.50000000E-02 -2.42723910E-08 -4.15673150E-09 
    1323  6.25000000E+01  8.37500000E+02  7.25636087E-01  2.62730713E-01  9.88366800E-01  2.50000000E-02 -7.18211443E-08 -1.26138414E-08 
    1324  8.75000000E+01  8.37500000E+02  1.75598290E-01  8.12768509E-01  9.88366799E-01  2.50000000E-02 -1.10226155E-07 -8.94085062E-09 
    1325  1.12500000E+02  8.37500000E+02  7.44273458E-01  2.44093341E-01  9.88366800E-01  2.50000000E-02 -1.45955224E-07 -3.94767314E-08 
    1326  1.37500000E+02  8.37500000E+02  7.08108041E-01  2.80258760E-01  9.88366801E-01  2.50000000E-02 -1.67522041E-07 -6.60980954E-08 
    1327  1.62500000E+02  8.37500000E+02 -9.21429355E-01  1.90979615E+00  9.88366800E-01  2.50000000E-02 -1.82997115E-07 -2.53576788E-08 
    1328  1.87500000E+02  8.37500000E+02  9.11841196E-01  7.65256019E-02  9.88366798E-01  2.50000000E-02 -1.21245181E-07 -8.85720512E-09 
    1329  2.12500000E+02  8.37500000E+02 -2.65279687E-02  1.01489477E+00  9.88366804E-01  2.50000000E-02  9.22456067E-10 -1.21470805E-08 
    1330  2.37500000E+02  8.37500000E+02 -9.89332990E-01  1.97769979E+00  9.88366801E-01  2.50000000E-02 -5.57826101E-09 -4.03283978E-08 
    1331  2.62500000E+02  8.37500000E+02  5.03447756E-01  4.84919050E-01  9.88366806E-01  2.50000000E-02 -3.35225689E-08 -1.06631088E-07 
    1332  2.87500000E+02  8.37500000E+02 -9.46414540E-01  1.93478135E+00  9.88366809E-01  2.50000000E-02 -2.28587710E-08 -1.31822827E-08 
    1333  3.12500000E+02  8.37500000E+02 -8.69568998E-01  1.85793581E+00  9.88366807E-01  2.50000000E-02 -2.53861318E-08  4.56332151E-10 
    1334  3.37500000E+02  8.37500000E+02 -3.06338779E-01  1.29470559E+00  9.88366807E-01  2.50000000E-02 -3.93454638E-08  4.01483720E-08 
    1335  3.62500000E+02  8.37500000E+02  1.77549684E-01  8.10817124E-01  9.88366808E-01  2.50000000E-02 -6.19425926E-08 -1.07315707E-08 
    1336  3.87500000E+02  8.37500000E+02 -3.66924104E-01  1.35529092E+00  9.88366812E-01  2.50000000E-02 -6.48423575E-08 -2.00269441E-08 
    1337  4.12500000E+02  8.37500000E+02 -5.20939004E-01  1.50930581E+00  9.88366810E-01  2.50000000E-02 -6.48615578E-08  4.55823970E-09 
    1338  4.37500000E+02  8.37500000E+02 -2.97072474E-01  1.28543928E+00  9.88366807E-01  2.50000000E-02 -7.80617762E-08  2.88189876E-08 
    1339  4.62500000E+02  8.37500000E+02  4.92806270E-01  4.95560548E-01  9.88366818E-01  2.50000000E-02 -1.13002705E-07 -4.96176251E-08 
    1340  4.87500000E+02  8.37500000E+02 -1.33237921E-01  1.12160474E+00  9.88366815E-01  2.50000000E-02 -1.11792866E-07 -1.02756377E-08 
    1341  5.12500000E+02  8.37500000E+02  8.06992906E-01  1.81373909E-01  9.88366815E-01  2.50000000E-02 -1.38719893E-07 -3.39717785E-08 
    1342  5.37500000E+02  8.37500000E+02 -3.12502795E-01  1.30086962E+00  9.88366825E-01  2.50000000E-02 -8.90898670E-08  3.23003872E-08 
    1343  5.62500000E+02  8.37500000E+02  7.73404179E-02  9.11026403E-01  9.88366821E-01  2.50000000E-02 -9.15325566E-08  2.77538907E-08 
    1344  5.87500000E+02  8.37500000E+02 -1.35382093E-01  1.12374891E+00  9.88366822E-01  2.50000000E-02 -1.03304982E-07  2.04797565E-08 
    1345  6.12500000E+02  8.37500000E+02  3.02996821E-01  6.85370004E-01  9.88366825E-01  2.50000000E-02 -1.00872741E-07  1.70315512E-08 
    1346  6.37500000E+02  8.37500000E+02  3.36412781E-01  6.51954040E-01  9.88366821E-01  2.50000000E-02 -9.84872491E-08  1.45285772E-07 
    1347  6.62500000E+02  8.37500000E+02  7.91097063E-01  1.97269764E-01  9.88366828E-01  2.50000000E-02 -1.19443356E-07  4.53240557E-08 
    1348  6.87500000E+02  8.37500000E+02  1.56250412E-01  8.32116421E-01  9.88366833E-01  2.50000000E-02 -5.69339267E-08  6.57875394E-08 
    1349  7.12500000E+02  8.37500000E+02 -4.94733205E-01  1.48310004E+00  9.88366832E-01  2.50000000E-02 -4.60482617E-08 -5.78400917E-09 
    1350  7.37500000E+02  8.37500000E+02 -1.83218777E-01  1.17158561E+00  9.88366832E-01  2.50000000E-02 -3.93327124E-08  3.83199789E-08 
    1351  7.62500000E+02  8.37500000E+02  4.35011613E-01  5.53355218E-01  9.88366831E-01  2.50000000E-02 -2.32235753E-08 -1.06160134E-09 
    1352  7.87500000E+02  8.37500000E+02 -6.86449221E-03  9.95231324E-01  9.88366832E-01  2.50000000E-02 -1.07484417E-08  3.00900136E-09 
    1353  8.12500000E+02  8.37500000E+02 -3.59093655E-01  1.34746049E+00  9.88366831E-01  2.50000000E-02 -7.00007452E-09  3.09185345E-08 
    1354  8.37500000E+02  8.37500000E+02  9.99038683E-02  8.88462962E-01  9.88366830E-01  2.50000000E-02 -6.67988446E-09  3.56380749E-09 
    1355  8.62500000E+02  8.37500000E+02  3.33395814E-01  6.54971016E-01  9.88366830E-01  2.50000000E-02 -7.56652246E-09  1.64812743E-08 
    1356  8.87500000E+02  8.37500000E+02  9.38366747E-01  5.00000850E-02  9.88366832E-01  2.50000000E-02 -1.53176430E-08  3.32160169E-08 
    1357  9.12500000E+02  8.37500000E+02 -2.65614161E-01  1.25398099E+00  9.88366833E-01  2.50000000E-02  7.38810845E-09  2.21980878E-08 
    1358  9.37500000E+02  8.37500000E+02 -2.86357394E-01  1.27472423E+00  9.88366832E-01  2.50000000E-02  5.28114216E-09  1.00185960E-08 
    1359  9.62500000E+02  8.37500000E+02 -7.96697996E-01  1.78506483E+00  9.88366832E-01  2.50000000E-02  2.22185282E-09 -2.31260073E-09 
    1360  9.87500000E+02  8.37500000E+02 -4.70365245E-01  1.45873208E+00  9.88366832E-01  2.50000000E-02  7.42727639E-10  8.64470329E-09 
    1361  1.25000000E+01  8.62500000E+02  4.07376454E-01  5.80990342E-01  9.88366796E-01  2.50000000E-02 -3.82598892E-09 -2.78201773E-08 
    1362  3.75000000E+01  8.62500000E+02 -1.21352181E-01  1.10971898E+00  9.88366798E-01  2.50000000E-02 -5.26706713E-09 -1.88458835E-09 
    1363  6.25000000E+01  8.62500000E+02 -8.73705486E-01  1.86207228E+00  9.88366798E-01  2.50000000E-02 -3.25748316E-09  8.46537578E-10 
    1364  8.75000000E+01  8.62500000E+02 -9.98413662E-01  1.98678046E+00  9.88366797E-01  2.50000000E-02 -3.22939204E-09 -3.62209519E-09 
    1365  1.12500000E+02  8.62500000E+02  8.33309439E-01  1.55057360E-01  9.88366799E-01  2.50000000E-02 -2.88044515E-08 -2.35329557E-08 
    1366  1.37500000E+02  8.62500000E+02 -2.60208690E-01  1.24857549E+00  9.88366804E-01  2.50000000E-02 -3.04858837E-09 -1.78474659E-08 
    1367  1.62500000E+02  8.62500000E+02 -9.63215529E-01  1.95158233E+00  9.88366802E-01  2.50000000E-02 -6.18331498E-09 -3.15156267E-08 
    1368  1.87500000E+02  8.62500000E+02  4.10194782E-01  5.78172021E-01  9.88366803E-01  2.50000000E-02 -2.71084939E-08  5.99536025E-09 
    1369  2.12500000E+02  8.62500000E+02 -9.43144540E-01  1.93151134E+00  9.88366805E-01  2.50000000E-02 -3.43341903E-08 -1.05574354E-08 
    1370  2.37500000E+02  8.62500000E+02  3.95919412E-01  5.92447390E-01  9.88366803E-01  2.50000000E-02 -4.25666926E-08 -3.23313485E-08 
    1371  2.62500000E+02  8.62500000E+02 -6.35564967E-01  1.62393177E+00  9.88366806E-01  2.50000000E-02 -4.46976677E-08 -1.02309564E-07 
    1372  2.87500000E+02  8.62500000E+02 -9.45198013E-01  1.93356482E+00  9.88366806E-01  2.50000000E-02 -4.25985908E-08 -7.12104676E-09 
    1373  3.12500000E+02  8.62500000E+02 -7.62488102E-01  1.75085491E+00  9.88366805E-01  2.50000000E-02 -4.36794473E-08 -3.89820099E-09 
    1374  3.37500000E+02  8.62500000E+02 -2.63138460E-01  1.25150527E+00  9.88366807E-01  2.50000000E-02 -4.38747823E-08  4.04465772E-08 
    1375  3.62500000E+02  8.62500000E+02 -2.05460750E-01  1.19382756E+00  9.88366805E-01  2.50000000E-02 -4.16394696E-08 -1.71835287E-09 
    1376  3.87500000E+02  8.62500000E+02 -4.39778244E-01  1.42814505E+00  9.88366807E-01  2.50000000E-02 -3.69926841E-08 -1.44331191E-08 
    1377  4.12500000E+02  8.62500000E+02 -8.44826290E-01  1.83319310E+00  9.88366805E-01  2.50000000E-02 -3.43514717E-08 -7.71325570E-09 
    1378  4.37500000E+02  8.62500000E+02  8.75594857E-01  1.12771954E-01  9.88366811E-01  2.50000000E-02 -8.93765012E-08 -1.79245661E-08 
    1379  4.62500000E+02  8.62500000E+02 -8.52560820E-01  1.84092764E+00  9.88366821E-01  2.50000000E-02  4.54942080E-09 -3.01487531E-08 
    1380  4.87500000E+02  8.62500000E+02 -9.46925678E-01  1.93529250E+00  9.88366820E-01  2.50000000E-02  5.90019376E-09 -2.15990251E-08 
    1381  5.12500000E+02  8.62500000E+02  9.58028009E-01  3.03388103E-02  9.88366819E-01  2.50000000E-02 -4.50644138E-08 -3.34702151E-08 
    1382  5.37500000E+02  8.62500000E+02 -7.76676945E-01  1.76504377E+00  9.88366824E-01  2.50000000E-02 -1.96274905E-08  4.14570490E-08 
    1383  5.62500000E+02  8.62500000E+02  3.62333463E-02  9.52133477E-01  9.88366823E-01  2.50000000E-02 -2.29892619E-08  3.15247066E-08 
    1384  5.87500000E+02  8.62500000E+02 -4.59899185E-01  1.44826601E+00  9.88366826E-01  2.50000000E-02 -2.04787921E-08  1.45849942E-08 
    1385  6.12500000E+02  8.62500000E+02 -8.32465217E-01  1.82083204E+00  9.88366824E-01  2.50000000E-02 -1.81578357E-08 -5.82445953E-09 
    1386  6.37500000E+02  8.62500000E+02  7.96846529E-01  1.91520300E-01  9.88366829E-01  2.50000000E-02 -2.99178332E-08  7.38509933E-08 
    1387  6.62500000E+02  8.62500000E+02 -5.05845840E-01  1.49421267E+00  9.88366827E-01  2.50000000E-02 -2.02508988E-08  1.68779156E-08 
    1388  6.87500000E+02  8.62500000E+02 -4.27833739E-02  1.03115020E+00  9.88366826E-01  2.50000000E-02 -2.48250951E-08  6.71199274E-08 
    1389  7.12500000E+02  8.62500000E+02  7.18106973E-01  2.70259857E-01  9.88366831E-01  2.50000000E-02 -6.42346627E-08  1.05295280E-08 
    1390  7.37500000E+02  8.62500000E+02  7.37711206E-01  2.50655626E-01  9.88366832E-01  2.50000000E-02 -6.62537136E-08  3.58104143E-08 
    1391  7.62500000E+02  8.62500000E+02 -6.70612918E-01  1.65897975E+00  9.88366830E-01  2.50000000E-02 -6.70697116E-08 -1.24140302E-08 
    1392  7.87500000E+02  8.62500000E+02  9.79470914E-01  8.89591651E-03  9.88366830E-01  2.50000000E-02 -4.33248250E-08  1.41489109E-08 
    1393  8.12500000E+02  8.62500000E+02 -3.75857959E-01  1.36422479E+00  9.88366831E-01  2.50000000E-02  5.96004636E-09  3.04636481E-08 
    1394  8.37500000E+02  8.62500000E+02 -2.83718146E-02  1.01673865E+00  9.88366831E-01  2.50000000E-02  5.46583327E-09  4.43115961E-09 
    1395  8.62500000E+02  8.62500000E+02  3.16682222E-01  6.71684609E-01  9.88366831E-01  2.50000000E-02  4.63750876E-09  1.27405457E-08 
    1396  8.87500000E+02  8.62500000E+02 -4.57398628E-02  1.03410669E+00  9.88366831E-01  2.50000000E-02  3.79943124E-09  4.27618375E-09 
    1397  9.12500000E+02  8.62500000E+02  6.75266436E-01  3.13100396E-01  9.88366832E-01  2.50000000E-02  2.42902069E-09  2.30194351E-08 
    1398  9.37500000E+02  8.62500000E+02  2.54067837E-03  9.85826153E-01  9.88366832E-01  2.50000000E-02  4.09833915E-09  1.20605442E-08 
    1399  9.62500000E+02  8.62500000E+02  9.73706620E-01  1.46602120E-02  9.88366832E-01  2.50000000E-02 -1.06080555E-08  1.77814451E-08 
    1400  9.87500000E+02  8.62500000E+02 -7.52633511E-01  1.74100034E+00  9.88366832E-01  2.50000000E-02 -1.17895436E-11  1.07856299E-08 
    1401  1.25000000E+01  8.87500000E+02  5.55101610E-01  4.33265188E-01  9.88366797E-01  2.50000000E-02 -5.57007790E-09 -2.32041769E-08 
    1402  3.75000000E+01  8.87500000E+02 -4.67493575E-01  1.45586037E+00  9.88366798E-01  2.50000000E-02 -1.15818946E-08  2.90552397E-10 
    1403  6.25000000E+01  8.87500000E+02  1.29263602E-01  8.59103196E-01  9.88366798E-01  2.50000000E-02 -1.26249295E-08  1.10186453E-09 
    1404  8.75000000E+01  8.87500000E+02 -1.04465240E-01  1.09283204E+00  9.88366797E-01  2.50000000E-02 -1.72530824E-08 -4.79482635E-09 
    1405  1.12500000E+02  8.87500000E+02  6.51993856E-01  3.36372943E-01  9.88366799E-01  2.50000000E-02 -3.43039528E-08 -1.05816273E-08 
    1406  1.37500000E+02  8.87500000E+02 -3.88128403E-01  1.37649521E+00  9.88366802E-01  2.50000000E-02 -2.28405621E-08 -1.43083483E-08 
    1407  1.62500000E+02  8.87500000E+02 -5.24665436E-01  1.51303224E+00  9.88366802E-01  2.50000000E-02 -2.04755340E-08 -3.24822727E-08 
    1408  1.87500000E+02  8.87500000E+02 -7.19673157E-01  1.70803996E+00  9.88366802E-01  2.50000000E-02 -2.00157891E-08  2.79769956E-09 
    1409  2.12500000E+02  8.87500000E+02 -2.54747273E-01  1.24311408E+00  9.88366803E-01  2.50000000E-02 -1.77514607E-08 -1.45715490E-08 
    1410  2.37500000E+02  8.87500000E+02  6.83815792E-02  9.19985222E-01  9.88366801E-01  2.50000000E-02 -1.55326673E-08 -2.41734600E-08 
    1411  2.62500000E+02  8.87500000E+02  8.39491579E-01  1.48875224E-01  9.88366803E-01  2.50000000E-02 -4.55933164E-08 -6.91919445E-08 
    1412  2.87500000E+02  8.87500000E+02  1.15899667E-01  8.72467140E-01  9.88366807E-01  2.50000000E-02 -2.38069268E-08 -9.26100635E-09 
    1413  3.12500000E+02  8.87500000E+02 -5.96846993E-01  1.58521380E+00  9.88366807E-01  2.50000000E-02 -2.05169654E-08 -8.95095577E-09 
    1414  3.37500000E+02  8.87500000E+02 -4.74669581E-02  1.03583376E+00  9.88366807E-01  2.50000000E-02 -1.95235160E-08  3.91456478E-08 
    1415  3.62500000E+02  8.87500000E+02  9.86726756E-01  1.64005126E-03  9.88366808E-01  2.50000000E-02 -3.79414951E-07 -2.52250782E-07 
    1416  3.87500000E+02  8.87500000E+02  2.24678442E-01  7.63688373E-01  9.88366814E-01  2.50000000E-02 -3.45489807E-08 -7.12410696E-09 
    1417  4.12500000E+02  8.87500000E+02 -7.30762253E-01  1.71912906E+00  9.88366810E-01  2.50000000E-02 -5.06989931E-08 -1.66444341E-08 
    1418  4.37500000E+02  8.87500000E+02  5.75043059E-01  4.13323756E-01  9.88366815E-01  2.50000000E-02 -1.01888480E-07  1.11705793E-08 
    1419  4.62500000E+02  8.87500000E+02 -6.31575044E-01  1.61994186E+00  9.88366820E-01  2.50000000E-02 -1.02757152E-07 -2.68248506E-08 
    1420  4.87500000E+02  8.87500000E+02  1.30468460E-01  8.57898359E-01  9.88366819E-01  2.50000000E-02 -9.72915280E-08 -1.97661508E-08 
    1421  5.12500000E+02  8.87500000E+02 -8.54843183E-02  1.07385114E+00  9.88366818E-01  2.50000000E-02 -9.60548571E-08  1.91632609E-08 
    1422  5.37500000E+02  8.87500000E+02 -4.66690687E-01  1.45505751E+00  9.88366819E-01  2.50000000E-02 -9.35913721E-08  3.32061308E-08 
    1423  5.62500000E+02  8.87500000E+02  1.98478416E-01  7.89888399E-01  9.88366815E-01  2.50000000E-02 -9.72496100E-08  1.84688621E-08 
    1424  5.87500000E+02  8.87500000E+02  6.91373008E-01  2.96993813E-01  9.88366821E-01  2.50000000E-02 -1.28647735E-07  3.65511002E-08 
    1425  6.12500000E+02  8.87500000E+02  4.36357020E-01  5.52009808E-01  9.88366828E-01  2.50000000E-02 -8.33313126E-08 -2.38996889E-08 
    1426  6.37500000E+02  8.87500000E+02 -3.75622754E-01  1.36398958E+00  9.88366826E-01  2.50000000E-02 -5.65193388E-08  3.74616152E-08 
    1427  6.62500000E+02  8.87500000E+02 -4.53691987E-01  1.44205881E+00  9.88366828E-01  2.50000000E-02 -4.77862272E-08  1.61281256E-08 
    1428  6.87500000E+02  8.87500000E+02 -3.82558556E-01  1.37092538E+00  9.88366824E-01  2.50000000E-02 -4.40499754E-08  4.59905532E-08 
    1429  7.12500000E+02  8.87500000E+02  6.95889476E-01  2.92477354E-01  9.88366829E-01  2.50000000E-02 -6.18310232E-08  8.19851757E-09 
    1430  7.37500000E+02  8.87500000E+02 -3.97057235E-02  1.02807256E+00  9.88366832E-01  2.50000000E-02 -3.70717455E-08  2.66872227E-08 
    1431  7.62500000E+02  8.87500000E+02 -3.21406477E-01  1.30977331E+00  9.88366831E-01  2.50000000E-02 -3.26181754E-08 -1.44095390E-08 
    1432  7.87500000E+02  8.87500000E+02 -1.37715400E-01  1.12608223E+00  9.88366831E-01  2.50000000E-02 -3.05383032E-08 -2.16166542E-09 
    1433  8.12500000E+02  8.87500000E+02 -1.24653555E-01  1.11302039E+00  9.88366831E-01  2.50000000E-02 -2.93970108E-08  2.94485164E-08 
    1434  8.37500000E+02  8.87500000E+02 -5.31782411E-02  1.04154507E+00  9.88366831E-01  2.50000000E-02 -2.76898034E-08  6.25374573E-09 
    1435  8.62500000E+02  8.87500000E+02 -6.70792831E-01  1.65915966E+00  9.88366831E-01  2.50000000E-02 -2.48488319E-08  1.06166778E-08 
    1436  8.87500000E+02  8.87500000E+02 -1.94368657E-01  1.18273549E+00  9.88366830E-01  2.50000000E-02 -2.33348050E-08  2.09579089E-09 
    1437  9.12500000E+02  8.87500000E+02 -6.22169355E-02  1.05058377E+00  9.88366830E-01  2.50000000E-02 -2.27759796E-08  1.15837424E-08 
    1438  9.37500000E+02  8.87500000E+02 -2.82240705E-01  1.27060754E+00  9.88366831E-01  2.50000000E-02 -1.91771318E-08  1.27734526E-08 
    1439  9.62500000E+02  8.87500000E+02  1.64184544E-01  8.24182287E-01  9.88366831E-01  2.50000000E-02 -1.21570912E-08 -4.24283237E-09 
    1440  9.87500000E+02  8.87500000E+02 -3.06219751E-02  1.01898881E+00  9.88366832E-01  2.50000000E-02 -4.15398429E-09  1.27876079E-08 
    1441  1.25000000E+01  9.12500000E+02  3.88405572E-01  5.99961225E-01  9.88366797E-01  2.50000000E-02 -4.29796347E-09 -1.66560642E-08 
    1442  3.75000000E+01  9.12500000E+02  1.51280795E-01  8.37086002E-01  9.88366798E-01  2.50000000E-02 -8.37605540E-09  3.98918817E-09 
    1443  6.25000000E+01  9.12500000E+02 -3.04139805E-01  1.29250660E+00  9.88366798E-01  2.50000000E-02 -6.79433365E-09  2.37549422E-09 
    1444  8.75000000E+01  9.12500000E+02 -7.90098644E-01  1.77846544E+00  9.88366797E-01  2.50000000E-02 -8.14918662E-09 -6.73017971E-09 
    1445  1.12500000E+02  9.12500000E+02  7.07785279E-01  2.80581519E-01  9.88366799E-01  2.50000000E-02 -3.93847509E-08 -8.08501588E-09 
    1446  1.37500000E+02  9.12500000E+02  8.57594923E-01  1.30771879E-01  9.88366802E-01  2.50000000E-02 -7.44402499E-08 -1.20432558E-08 
    1447  1.62500000E+02  9.12500000E+02 -8.07520116E-01  1.79588692E+00  9.88366802E-01  2.50000000E-02 -7.78635044E-08 -3.17568729E-08 
    1448  1.87500000E+02  9.12500000E+02  3.35942190E-01  6.52424612E-01  9.88366802E-01  2.50000000E-02 -7.47951653E-08 -3.84540534E-09 
    1449  2.12500000E+02  9.12500000E+02 -2.77486749E-01  1.26585355E+00  9.88366804E-01  2.50000000E-02 -6.12329043E-08 -1.92266684E-08 
    1450  2.37500000E+02  9.12500000E+02 -3.12058132E-01  1.30042493E+00  9.88366801E-01  2.50000000E-02 -6.32094917E-08 -2.46390629E-08 
    1451  2.62500000E+02  9.12500000E+02 -3.83367170E-01  1.37173397E+00  9.88366802E-01  2.50000000E-02 -7.01734973E-08 -6.48701486E-08 
    1452  2.87500000E+02  9.12500000E+02  8.70565118E-01  1.17801686E-01  9.88366805E-01  2.50000000E-02 -1.00858786E-07  1.73461092E-08 
    1453  3.12500000E+02  9.12500000E+02 -7.50646418E-01  1.73901323E+00  9.88366809E-01  2.50000000E-02 -6.57389729E-08 -2.69189572E-09 
    1454  3.37500000E+02  9.12500000E+02  4.16096782E-01  5.72270025E-01  9.88366807E-01  2.50000000E-02 -6.30756079E-08  3.87639240E-08 
    1455  3.62500000E+02  9.12500000E+02 -3.92942277E-01  1.38130909E+00  9.88366812E-01  2.50000000E-02 -4.85005407E-08  7.38127104E-08 
    1456  3.87500000E+02  9.12500000E+02 -9.57833220E-01  1.94620003E+00  9.88366810E-01  2.50000000E-02 -4.45576759E-08  9.75222185E-09 
    1457  4.12500000E+02  9.12500000E+02 -3.25219041E-01  1.31358585E+00  9.88366807E-01  2.50000000E-02 -5.35616611E-08 -2.11317929E-08 
    1458  4.37500000E+02  9.12500000E+02  2.64936649E-01  7.23430161E-01  9.88366810E-01  2.50000000E-02 -8.34327933E-08 -6.90462224E-09 
    1459  4.62500000E+02  9.12500000E+02  6.83520915E-01  3.04845902E-01  9.88366817E-01  2.50000000E-02 -1.07700646E-07 -3.05570850E-08 
    1460  4.87500000E+02  9.12500000E+02 -8.15006038E-02  1.06986743E+00  9.88366823E-01  2.50000000E-02 -5.44270715E-08 -7.54878975E-09 
    1461  5.12500000E+02  9.12500000E+02 -5.83436561E-01  1.57180338E+00  9.88366821E-01  2.50000000E-02 -4.87817344E-08  2.61373586E-08 
    1462  5.37500000E+02  9.12500000E+02 -8.37726170E-01  1.82609299E+00  9.88366823E-01  2.50000000E-02 -4.41305520E-08  2.06829427E-08 
    1463  5.62500000E+02  9.12500000E+02 -5.10982256E-01  1.49934907E+00  9.88366818E-01  2.50000000E-02 -4.38468883E-08 -1.09632993E-08 
    1464  5.87500000E+02  9.12500000E+02  2.44398885E-01  7.43967936E-01  9.88366821E-01  2.50000000E-02 -6.55810633E-08  2.74502251E-08 
    1465  6.12500000E+02  9.12500000E+02 -9.47668472E-01  1.93603530E+00  9.88366829E-01  2.50000000E-02 -4.82901225E-08 -2.23015906E-08 
    1466  6.37500000E+02  9.12500000E+02 -5.51132154E-01  1.53949898E+00  9.88366825E-01  2.50000000E-02 -4.25021824E-08  3.01293711E-08 
    1467  6.62500000E+02  9.12500000E+02  5.83388787E-01  4.04978041E-01  9.88366828E-01  2.50000000E-02 -5.96480488E-08  1.72974404E-08 
    1468  6.87500000E+02  9.12500000E+02  1.67800515E-01  8.20566313E-01  9.88366828E-01  2.50000000E-02 -5.85192838E-08  2.33175051E-08 
    1469  7.12500000E+02  9.12500000E+02  7.84184367E-01  2.04182461E-01  9.88366829E-01  2.50000000E-02 -3.98233360E-08 -1.05351393E-08 
    1470  7.37500000E+02  9.12500000E+02 -4.43871320E-02  1.03275396E+00  9.88366831E-01  2.50000000E-02  1.26132851E-09  2.47528822E-08 
    1471  7.62500000E+02  9.12500000E+02 -2.68744283E-01  1.25711111E+00  9.88366831E-01  2.50000000E-02  4.71506369E-09 -1.53096101E-08 
    1472  7.87500000E+02  9.12500000E+02 -9.53819213E-03  9.97905023E-01  9.88366831E-01  2.50000000E-02  5.83811365E-09 -2.44354685E-09 
    1473  8.12500000E+02  9.12500000E+02 -4.55987203E-01  1.44435403E+00  9.88366831E-01  2.50000000E-02  5.83309934E-09  2.63638642E-08 
    1474  8.37500000E+02  9.12500000E+02  7.36070775E-01  2.52296055E-01  9.88366830E-01  2.50000000E-02  6.41010183E-10  1.44621216E-08 
    1475  8.62500000E+02  9.12500000E+02  7.59808647E-02  9.12385967E-01  9.88366831E-01  2.50000000E-02  3.61007613E-10  9.59206661E-09 
    1476  8.87500000E+02  9.12500000E+02 -9.92158611E-01  1.98052544E+00  9.88366831E-01  2.50000000E-02  3.90909861E-10  8.06236975E-10 
    1477  9.12500000E+02  9.12500000E+02  3.02283360E-01  6.86083471E-01  9.88366831E-01  2.50000000E-02 -1.57775125E-10  8.44498930E-09 
    1478  9.37500000E+02  9.12500000E+02  9.20759821E-01  6.76070106E-02  9.88366831E-01  2.50000000E-02  3.98618290E-10  1.14208917E-08 
    1479  9.62500000E+02  9.12500000E+02 -5.80980122E-01  1.56934695E+00  9.88366831E-01  2.50000000E-02 -4.87756352E-09 -3.88675312E-09 
    1480  9.87500000E+02  9.12500000E+02  5.28786169E-01  4.59580662E-01  9.88366831E-01  2.50000000E-02 -2.55463056E-09  8.83729735E-09 
    1481  1.25000000E+01  9.37500000E+02  7.34919795E-01  2.53447001E-01  9.88366796E-01  2.50000000E-02 -7.14564842E-09 -1.11713575E-08 
    1482  3.75000000E+01  9.37500000E+02 -8.75809183E-01  1.86417598E+00  9.88366797E-01  2.50000000E-02 -1.51221484E-08  4.06127723E-09 
    1483  6.25000000E+01  9.37500000E+02  4.82332735E-01  5.06034062E-01  9.88366798E-01  2.50000000E-02 -1.30794823E-08  2.50338314E-09 
    1484  8.75000000E+01  9.37500000E+02  2.98046826E-01  6.90319970E-01  9.88366797E-01  2.50000000E-02 -1.27812963E-08 -1.20982327E-08 
    1485  1.12500000E+02  9.37500000E+02  9.53217469E-01  3.51493312E-02  9.88366800E-01  2.50000000E-02 -7.16679659E-08 -3.64837281E-08 
    1486  1.37500000E+02  9.37500000E+02  1.48860910E-01  8.39505894E-01  9.88366803E-01  2.50000000E-02 -1.52725744E-08 -5.94155698E-10 
    1487  1.62500000E+02  9.37500000E+02  6.29629172E-01  3.58737630E-01  9.88366802E-01  2.50000000E-02 -1.88694946E-08 -2.09853232E-08 
    1488  1.87500000E+02  9.37500000E+02 -3.04770272E-01  1.29313707E+00  9.88366803E-01  2.50000000E-02 -2.65660199E-08 -6.97291432E-09 
    1489  2.12500000E+02  9.37500000E+02  8.65550920E-01  1.22815883E-01  9.88366803E-01  2.50000000E-02 -3.59466901E-08 -2.06072573E-09 
    1490  2.37500000E+02  9.37500000E+02  8.68394624E-01  1.19972179E-01  9.88366802E-01  2.50000000E-02 -4.59406589E-08 -3.27220930E-08 
    1491  2.62500000E+02  9.37500000E+02 -8.26868350E-01  1.81523516E+00  9.88366806E-01  2.50000000E-02 -2.87011389E-08 -5.54381706E-08 
    1492  2.87500000E+02  9.37500000E+02 -9.47225403E-01  1.93559221E+00  9.88366803E-01  2.50000000E-02 -3.44216169E-08  3.53123920E-09 
    1493  3.12500000E+02  9.37500000E+02 -1.30141149E-01  1.11850795E+00  9.88366805E-01  2.50000000E-02 -5.21994098E-08  5.93725842E-09 
    1494  3.37500000E+02  9.37500000E+02  2.38649677E-01  7.49717127E-01  9.88366804E-01  2.50000000E-02 -7.42114059E-08  2.81431890E-08 
    1495  3.62500000E+02  9.37500000E+02  6.68767066E-01  3.19599747E-01  9.88366812E-01  2.50000000E-02 -1.19467258E-07  7.08554890E-08 
    1496  3.87500000E+02  9.37500000E+02  4.87360395E-01  5.01006418E-01  9.88366814E-01  2.50000000E-02 -1.10410606E-07  2.69757148E-08 
    1497  4.12500000E+02  9.37500000E+02  2.94828656E-01  6.93538155E-01  9.88366811E-01  2.50000000E-02 -1.10970840E-07 -3.65941797E-08 
    1498  4.37500000E+02  9.37500000E+02  1.98095948E-01  7.90270864E-01  9.88366812E-01  2.50000000E-02 -1.12174817E-07 -1.77327692E-08 
    1499  4.62500000E+02  9.37500000E+02 -9.78490582E-01  1.96685741E+00  9.88366825E-01  2.50000000E-02 -6.32455727E-08 -3.42838836E-09 
    1500  4.87500000E+02  9.37500000E+02 -9.35325731E-01  1.92369255E+00  9.88366820E-01  2.50000000E-02 -4.99369058E-08  1.77501917E-09 
    1501  5.12500000E+02  9.37500000E+02 -9.56784893E-01  1.94515171E+00  9.88366817E-01  2.50000000E-02 -5.44917815E-08  2.51533380E-08 
    1502  5.37500000E+02  9.37500000E+02  2.98263193E-01  6.90103631E-01  9.88366824E-01  2.50000000E-02 -7.56498092E-08  1.84121347E-08 
    1503  5.62500000E+02  9.37500000E+02  3.15803437E-01  6.72563385E-01  9.88366822E-01  2.50000000E-02 -7.81986780E-08 -2.14818200E-08 
    1504  5.87500000E+02  9.37500000E+02 -4.35304940E-01  1.42367176E+00  9.88366820E-01  2.50000000E-02 -9.53625202E-08  2.18355366E-08 
    1505  6.12500000E+02  9.37500000E+02  6.58213495E-01  3.30153332E-01  9.88366827E-01  2.50000000E-02 -1.19649900E-07 -2.17439215E-08 
    1506  6.37500000E+02  9.37500000E+02  2.65929123E-01  7.22437708E-01  9.88366831E-01  2.50000000E-02 -8.04426355E-08  2.37804403E-08 
    1507  6.62500000E+02  9.37500000E+02  2.53591048E-01  7.34775779E-01  9.88366827E-01  2.50000000E-02 -7.58791131E-08  1.46298067E-08 
    1508  6.87500000E+02  9.37500000E+02  4.20484636E-01  5.67882195E-01  9.88366830E-01  2.50000000E-02 -7.76178689E-08  1.55392355E-08 
    1509  7.12500000E+02  9.37500000E+02  9.27306853E-02  8.95636146E-01  9.88366831E-01  2.50000000E-02 -6.12858961E-08 -1.72513141E-08 
    1510  7.37500000E+02  9.37500000E+02  2.49961450E-01  7.38405381E-01  9.88366831E-01  2.50000000E-02 -4.72002895E-08  1.94041946E-08 
    1511  7.62500000E+02  9.37500000E+02 -6.40387268E-01  1.62875410E+00  9.88366831E-01  2.50000000E-02 -3.09438072E-08 -1.48727949E-08 
    1512  7.87500000E+02  9.37500000E+02 -7.41023022E-01  1.72938985E+00  9.88366831E-01  2.50000000E-02 -2.75782511E-08 -3.41784829E-09 
    1513  8.12500000E+02  9.37500000E+02 -6.82917758E-01  1.67128459E+00  9.88366831E-01  2.50000000E-02 -2.60080204E-08  2.42196555E-08 
    1514  8.37500000E+02  9.37500000E+02  1.12980395E-01  8.75386435E-01  9.88366830E-01  2.50000000E-02 -2.27283993E-08  1.74134926E-08 
    1515  8.62500000E+02  9.37500000E+02  2.45730310E-01  7.42636520E-01  9.88366830E-01  2.50000000E-02 -1.91134867E-08  7.05707831E-09 
    1516  8.87500000E+02  9.37500000E+02 -2.26569120E-01  1.21493595E+00  9.88366831E-01  2.50000000E-02 -1.18915691E-08  1.01390266E-09 
    1517  9.12500000E+02  9.37500000E+02 -5.49723705E-01  1.53809054E+00  9.88366831E-01  2.50000000E-02 -8.32785904E-09  6.11827514E-09 
    1518  9.37500000E+02  9.37500000E+02 -2.41878206E-01  1.23024504E+00  9.88366830E-01  2.50000000E-02 -6.83102495E-09 -4.08099080E-09 
    1519  9.62500000E+02  9.37500000E+02  5.59834469E-01  4.28532361E-01  9.88366830E-01  2.50000000E-02 -5.28699710E-09 -3.78480111E-09 
    1520  9.87500000E+02  9.37500000E+02 -6.51116848E-01  1.63948368E+00  9.88366831E-01  2.50000000E-02 -5.09156585E-10  1.40672871E-09 
    1521  1.25000000E+01  9.62500000E+02  8.96722093E-01  9.16447011E-02  9.88366795E-01  2.50000000E-02  7.25022976E-09 -1.39245351E-08 
    1522  3.75000000E+01  9.62500000E+02 -8.42159858E-01  1.83052665E+00  9.88366797E-01  2.50000000E-02  4.41241980E-08  2.58841783E-09 
    1523  6.25000000E+01  9.62500000E+02  7.35773468E-01  2.52593331E-01  9.88366798E-01  2.50000000E-02  2.93531770E-08  1.72025744E-09 
    1524  8.75000000E+01  9.62500000E+02 -4.75535013E-01  1.46390181E+00  9.88366797E-01  2.50000000E-02  1.34178631E-08 -1.52693044E-08 
    1525  1.12500000E+02  9.62500000E+02  7.68205346E-01  2.20161456E-01  9.88366802E-01  2.50000000E-02 -1.55502140E-08 -8.48403128E-09 
    1526  1.37500000E+02  9.62500000E+02 -3.04672445E-01  1.29303925E+00  9.88366803E-01  2.50000000E-02 -9.92968767E-09 -1.38837823E-10 
    1527  1.62500000E+02  9.62500000E+02  5.74915790E-01  4.13451012E-01  9.88366802E-01  2.50000000E-02 -1.39899376E-08 -9.78675304E-09 
    1528  1.87500000E+02  9.62500000E+02 -3.92427551E-01  1.38079435E+00  9.88366803E-01  2.50000000E-02 -1.70545357E-08 -4.83438450E-09 
    1529  2.12500000E+02  9.62500000E+02 -5.88412673E-02  1.04720807E+00  9.88366802E-01  2.50000000E-02 -2.02453090E-08 -5.43398149E-09 
    1530  2.37500000E+02  9.62500000E+02  5.45428619E-01  4.42938185E-01  9.88366804E-01  2.50000000E-02 -3.66148221E-08 -5.66144950E-09 
    1531  2.62500000E+02  9.62500000E+02 -7.43832154E-02  1.06275002E+00  9.88366803E-01  2.50000000E-02 -4.65466881E-08 -3.41474543E-08 
    1532  2.87500000E+02  9.62500000E+02 -8.95814017E-02  1.07794820E+00  9.88366802E-01  2.50000000E-02 -5.54349318E-08 -7.61923158E-10 
    1533  3.12500000E+02  9.62500000E+02  3.83351312E-01  6.05015494E-01  9.88366806E-01  2.50000000E-02 -7.09432306E-08  7.47738037E-10 
    1534  3.37500000E+02  9.62500000E+02  1.64148860E-01  8.24217944E-01  9.88366804E-01  2.50000000E-02 -7.70357422E-08  1.06332497E-08 
    1535  3.62500000E+02  9.62500000E+02  6.71659560E-01  3.16707250E-01  9.88366810E-01  2.50000000E-02 -7.97283669E-08  5.44093229E-08 
    1536  3.87500000E+02  9.62500000E+02  5.99661382E-01  3.88705423E-01  9.88366806E-01  2.50000000E-02 -7.13853769E-08  3.55855699E-08 
    1537  4.12500000E+02  9.62500000E+02  9.46653930E-01  4.17128819E-02  9.88366811E-01  2.50000000E-02 -2.53601796E-07  4.06296214E-08 
    1538  4.37500000E+02  9.62500000E+02  8.56148547E-01  1.32218273E-01  9.88366820E-01  2.50000000E-02 -2.13424488E-07  2.03911552E-08 
    1539  4.62500000E+02  9.62500000E+02 -9.11244148E-01  1.89961097E+00  9.88366824E-01  2.50000000E-02 -1.42232391E-07 -1.07200716E-09 
    1540  4.87500000E+02  9.62500000E+02  7.41694063E-01  2.46672758E-01  9.88366820E-01  2.50000000E-02 -1.17519551E-07 -3.99601066E-09 
    1541  5.12500000E+02  9.62500000E+02  2.66200869E-01  7.22165952E-01  9.88366820E-01  2.50000000E-02 -1.17510696E-07  4.85094787E-09 
    1542  5.37500000E+02  9.62500000E+02  7.96732860E-01  1.91633961E-01  9.88366821E-01  2.50000000E-02 -1.08202959E-07  1.91070496E-08 
    1543  5.62500000E+02  9.62500000E+02  5.98661757E-01  3.89705065E-01  9.88366823E-01  2.50000000E-02 -7.82610704E-08 -9.95535467E-09 
    1544  5.87500000E+02  9.62500000E+02  6.19124027E-01  3.69242795E-01  9.88366822E-01  2.50000000E-02 -6.52558655E-08  9.80898066E-09 
    1545  6.12500000E+02  9.62500000E+02 -4.32051852E-01  1.42041868E+00  9.88366828E-01  2.50000000E-02 -2.55410179E-08 -2.58287099E-08 
    1546  6.37500000E+02  9.62500000E+02 -7.08649779E-01  1.69701660E+00  9.88366826E-01  2.50000000E-02 -2.11879676E-08  2.19803097E-08 
    1547  6.62500000E+02  9.62500000E+02  5.82485926E-01  4.05880900E-01  9.88366826E-01  2.50000000E-02 -2.39690343E-08  3.05209478E-09 
    1548  6.87500000E+02  9.62500000E+02  9.49551748E-01  3.88150810E-02  9.88366829E-01  2.50000000E-02 -6.82537931E-08  2.37242771E-08 
    1549  7.12500000E+02  9.62500000E+02  6.77367560E-01  3.10999271E-01  9.88366831E-01  2.50000000E-02 -2.52815639E-08 -9.72682445E-09 
    1550  7.37500000E+02  9.62500000E+02  5.27567504E-01  4.60799328E-01  9.88366832E-01  2.50000000E-02 -1.71592876E-08  1.02762151E-08 
    1551  7.62500000E+02  9.62500000E+02  5.84450674E-01  4.03916157E-01  9.88366831E-01  2.50000000E-02 -1.54332838E-08 -6.19184838E-09 
    1552  7.87500000E+02  9.62500000E+02  1.27239764E-01  8.61127067E-01  9.88366831E-01  2.50000000E-02 -1.76734946E-08 -2.68677136E-09 
    1553  8.12500000E+02  9.62500000E+02  4.08184924E-01  5.80181907E-01  9.88366831E-01  2.50000000E-02 -1.73959367E-08  1.82436666E-08 
    1554  8.37500000E+02  9.62500000E+02  9.69415757E-01  1.89510734E-02  9.88366831E-01  2.50000000E-02 -5.81049065E-09 -3.06938899E-09 
    1555  8.62500000E+02  9.62500000E+02 -4.55126912E-01  1.44349374E+00  9.88366831E-01  2.50000000E-02  8.12157266E-10  3.03186227E-09 
    1556  8.87500000E+02  9.62500000E+02 -3.50936499E-02  1.02346048E+00  9.88366831E-01  2.50000000E-02  1.00534459E-09  8.63223840E-10 
    1557  9.12500000E+02  9.62500000E+02  3.37572878E-01  6.50793953E-01  9.88366831E-01  2.50000000E-02  2.18043407E-09  2.79573808E-09 
    1558  9.37500000E+02  9.62500000E+02 -8.75588298E-01  1.86395513E+00  9.88366831E-01  2.50000000E-02  2.23664256E-09 -3.04288968E-09 
    1559  9.62500000E+02  9.62500000E+02  4.93574482E-01  4.94792349E-01  9.88366831E-01  2.50000000E-02 -7.90513428E-11 -3.77364301E-09 
    1560  9.87500000E+02  9.62500000E+02 -5.51021495E-01  1.53938833E+00  9.88366831E-01  2.50000000E-02 -1.85562554E-10  6.42824128E-10 
    1561  1.25000000E+01  9.87500000E+02  7.80190091E-01  2.08176706E-01  9.88366797E-01  2.50000000E-02 -6.92849342E-09 -5.72197816E-09 
    1562  3.75000000E+01  9.87500000E+02 -1.81548055E-02  1.00652160E+00  9.88366798E-01  2.50000000E-02 -1.67035809E-08 -2.64602451E-10 
    1563  6.25000000E+01  9.87500000E+02  7.71319893E-01  2.17046905E-01  9.88366798E-01  2.50000000E-02 -2.22087554E-08  2.52213503E-09 
    1564  8.75000000E+01  9.87500000E+02  8.88495144E-01  9.98716541E-02  9.88366798E-01  2.50000000E-02 -4.38696492E-08 -6.46152572E-09 
    1565  1.12500000E+02  9.87500000E+02  4.92368360E-01  4.95998442E-01  9.88366802E-01  2.50000000E-02 -1.77248850E-08 -1.48959293E-09 
    1566  1.37500000E+02  9.87500000E+02 -4.30424939E-01  1.41879174E+00  9.88366803E-01  2.50000000E-02 -7.16020442E-09 -1.22543264E-10 
    1567  1.62500000E+02  9.87500000E+02 -5.44610253E-01  1.53297705E+00  9.88366802E-01  2.50000000E-02 -7.73786126E-09 -5.92609172E-10 
    1568  1.87500000E+02  9.87500000E+02  1.28043422E-01  8.60323380E-01  9.88366802E-01  2.50000000E-02 -1.52944007E-08 -1.96718527E-10 
    1569  2.12500000E+02  9.87500000E+02  4.76008640E-01  5.12358163E-01  9.88366803E-01  2.50000000E-02 -2.54986269E-08 -2.99338632E-09 
    1570  2.37500000E+02  9.87500000E+02 -2.24396448E-01  1.21276325E+00  9.88366804E-01  2.50000000E-02 -2.74076973E-08 -4.49655808E-10 
    1571  2.62500000E+02  9.87500000E+02  3.63342812E-01  6.25023990E-01  9.88366801E-01  2.50000000E-02 -3.53448123E-08 -8.73670946E-09 
    1572  2.87500000E+02  9.87500000E+02  1.71146563E-01  8.17220241E-01  9.88366804E-01  2.50000000E-02 -4.23943715E-08 -3.20305848E-09 
    1573  3.12500000E+02  9.87500000E+02 -2.55419759E-01  1.24378657E+00  9.88366806E-01  2.50000000E-02 -3.21986618E-08 -1.29937401E-10 
    1574  3.37500000E+02  9.87500000E+02 -8.66685646E-01  1.85505245E+00  9.88366806E-01  2.50000000E-02 -2.46537653E-08  5.88513953E-10 
    1575  3.62500000E+02  9.87500000E+02 -4.65567840E-01  1.45393465E+00  9.88366806E-01  2.50000000E-02 -1.83430846E-08  3.56407437E-09 
    1576  3.87500000E+02  9.87500000E+02 -4.61431498E-01  1.44979830E+00  9.88366805E-01  2.50000000E-02 -1.26371271E-08  2.42250014E-09 
    1577  4.12500000E+02  9.87500000E+02 -2.80989792E-01  1.26935660E+00  9.88366804E-01  2.50000000E-02 -1.31634245E-08  4.77294947E-10 
    1578  4.37500000E+02  9.87500000E+02  7.01271443E-01  2.87095365E-01  9.88366808E-01  2.50000000E-02 -3.75217839E-08  1.69608904E-08 
    1579  4.62500000E+02  9.87500000E+02  9.85313228E-01  3.05358952E-03  9.88366817E-01  2.50000000E-02 -4.52356181E-07  1.37215202E-07 
    1580  4.87500000E+02  9.87500000E+02 -5.00564128E-01  1.48893095E+00  9.88366821E-01  2.50000000E-02 -2.71725823E-09 -3.19565218E-10 
    1581  5.12500000E+02  9.87500000E+02  4.67460687E-02  9.41620753E-01  9.88366821E-01  2.50000000E-02 -2.59318268E-09  1.52443304E-10 
    1582  5.37500000E+02  9.87500000E+02 -3.67814905E-01  1.35618173E+00  9.88366822E-01  2.50000000E-02 -1.43919967E-09  4.62861891E-10 
    1583  5.62500000E+02  9.87500000E+02 -2.25677842E-01  1.21404466E+00  9.88366821E-01  2.50000000E-02 -8.27586208E-10 -1.57167171E-10 
    1584  5.87500000E+02  9.87500000E+02  9.68637570E-01  1.97292535E-02  9.88366824E-01  2.50000000E-02 -8.46146387E-08 -8.07968811E-09 
    1585  6.12500000E+02  9.87500000E+02  8.61150098E-01  1.27216729E-01  9.88366827E-01  2.50000000E-02 -3.25920279E-08 -6.34672108E-09 
    1586  6.37500000E+02  9.87500000E+02  4.40708159E-01  5.47658671E-01  9.88366829E-01  2.50000000E-02 -4.13655285E-09  2.65892734E-09 
    1587  6.62500000E+02  9.87500000E+02 -4.93636618E-01  1.48200345E+00  9.88366829E-01  2.50000000E-02 -2.50539868E-09 -6.14407122E-10 
    1588  6.87500000E+02  9.87500000E+02  2.86862288E-02  9.59680600E-01  9.88366828E-01  2.50000000E-02 -3.68038368E-09  1.48697186E-10 
    1589  7.12500000E+02  9.87500000E+02  8.13472892E-01  1.74893938E-01  9.88366830E-01  2.50000000E-02 -1.21756954E-08  8.05713555E-10 
    1590  7.37500000E+02  9.87500000E+02 -1.47160918E-01  1.13552775E+00  9.88366831E-01  2.50000000E-02  6.63992838E-10  1.63302053E-09 
    1591  7.62500000E+02  9.87500000E+02 -4.87373231E-01  1.47574006E+00  9.88366831E-01  2.50000000E-02  8.77692191E-10 -4.61533200E-10 
    1592  7.87500000E+02  9.87500000E+02  1.47170481E-01  8.41196350E-01  9.88366831E-01  2.50000000E-02 -4.21938544E-10 -5.30045441E-10 
    1593  8.12500000E+02  9.87500000E+02  7.84715252E-01  2.03651580E-01  9.88366832E-01  2.50000000E-02 -1.13722638E-09  4.22681606E-09 
    1594  8.37500000E+02  9.87500000E+02  8.76695779E-01  1.11671052E-01  9.88366831E-01  2.50000000E-02  6.30020626E-09 -3.58513371E-10 
    1595  8.62500000E+02  9.87500000E+02 -4.94772749E-03  9.93314558E-01  9.88366831E-01  2.50000000E-02  2.88632300E-09  1.10484822E-09 
    1596  8.87500000E+02  9.87500000E+02 -3.80833447E-01  1.36920028E+00  9.88366831E-01  2.50000000E-02  2.65725834E-09  3.19685738E-10 
    1597  9.12500000E+02  9.87500000E+02 -7.36947486E-01  1.72531432E+00  9.88366831E-01  2.50000000E-02  2.71091918E-09  3.64646970E-10 
    1598  9.37500000E+02  9.87500000E+02 -7.00983651E-01  1.68935048E+00  9.88366831E-01  2.50000000E-02  2.73471819E-09 -1.14314723E-09 
    1599  9.62500000E+02  9.87500000E+02  5.93900250E-01  3.94466581E-01  9.88366831E-01  2.50000000E-02  7.71077956E-10 -1.28635290E-09 
    1600  9.87500000E+02  9.87500000E+02  6.22605174E-01  3.65761657E-01  9.88366831E-01  2.50000000E-02 -3.47014968E-10  4.19949283E-10 
