 # Gnuplot DataFile Version
 # i x y bathy h zs Manning u v
       1  1.25000000E+01  1.25000000E+01  4.46335605E-01  5.42030590E-01  9.88366196E-01  2.50000000E-02  2.37361673E-08 -2.60904745E-08 
       2  3.75000000E+01  1.25000000E+01 -6.05345608E-03  9.94419668E-01  9.88366212E-01  2.50000000E-02  1.36088874E-07 -7.47448251E-08 
       3  6.25000000E+01  1.25000000E+01 -5.49514821E-01  1.53788104E+00  9.88366219E-01  2.50000000E-02  2.28675928E-07  5.05427987E-10 
       4  8.75000000E+01  1.25000000E+01  7.91149585E-01  1.97216478E-01  9.88366064E-01  2.50000000E-02  3.51284995E-07  4.93268166E-07 
       5  1.12500000E+02  1.25000000E+01  6.13669961E-02  9.26999163E-01  9.88366159E-01  2.50000000E-02 -3.48663337E-08 -1.11590013E-09 
       6  1.37500000E+02  1.25000000E+01  6.27517616E-01  3.60848680E-01  9.88366296E-01  2.50000000E-02  6.25148887E-07 -6.75951219E-07 
       7  1.62500000E+02  1.25000000E+01  2.46381453E-01  7.41984585E-01  9.88366038E-01  2.50000000E-02  5.99382839E-07  1.92804193E-07 
       8  1.87500000E+02  1.25000000E+01  3.71292612E-01  6.17073437E-01  9.88366049E-01  2.50000000E-02  1.93443723E-10  6.84440921E-07 
       9  2.12500000E+02  1.25000000E+01  9.46004258E-01  4.23627295E-02  9.88366987E-01  2.50000000E-02 -1.75692856E-05  1.68020703E-06 
      10  2.37500000E+02  1.25000000E+01  5.74937168E-01  4.13430431E-01  9.88367600E-01  2.50000000E-02 -1.17212371E-05  4.75331539E-06 
      11  2.62500000E+02  1.25000000E+01  4.39255120E-02  9.44443356E-01  9.88368868E-01  2.50000000E-02 -5.07970505E-06 -8.65025098E-07 
      12  2.87500000E+02  1.25000000E+01 -4.09949661E-02  1.02936334E+00  9.88368373E-01  2.50000000E-02 -2.99855324E-06 -8.47316310E-07 
      13  3.12500000E+02  1.25000000E+01  4.38687919E-01  5.49680342E-01  9.88368261E-01  2.50000000E-02 -2.54173851E-06  2.27824937E-08 
      14  3.37500000E+02  1.25000000E+01 -7.91228831E-02  1.06749159E+00  9.88368708E-01  2.50000000E-02 -8.30599565E-07 -7.45687519E-07 
      15  3.62500000E+02  1.25000000E+01  2.44044062E-01  7.44324700E-01  9.88368762E-01  2.50000000E-02  1.42444586E-06 -1.16576138E-06 
      16  3.87500000E+02  1.25000000E+01 -6.85643526E-01  1.67401205E+00  9.88368526E-01  2.50000000E-02  2.80711853E-06 -2.33874038E-07 
      17  4.12500000E+02  1.25000000E+01  2.59727577E-02  9.62395795E-01  9.88368553E-01  2.50000000E-02  2.85374839E-06 -1.91257505E-09 
      18  4.37500000E+02  1.25000000E+01 -5.16011811E-01  1.50438007E+00  9.88368263E-01  2.50000000E-02  1.84824987E-06  2.67233004E-07 
      19  4.62500000E+02  1.25000000E+01 -9.20531819E-01  1.90890055E+00  9.88368731E-01  2.50000000E-02  1.93866127E-06 -1.41588618E-07 
      20  4.87500000E+02  1.25000000E+01  2.92289694E-01  6.96078767E-01  9.88368460E-01  2.50000000E-02  4.51708844E-06 -5.44046298E-07 
      21  5.12500000E+02  1.25000000E+01 -6.29697380E-01  1.61806606E+00  9.88368675E-01  2.50000000E-02  6.57398180E-06 -8.71131853E-07 
      22  5.37500000E+02  1.25000000E+01  1.38086539E-01  8.50281444E-01  9.88367983E-01  2.50000000E-02  5.76751184E-06  1.64835091E-06 
      23  5.62500000E+02  1.25000000E+01 -7.46759496E-01  1.73512840E+00  9.88368903E-01  2.50000000E-02  5.48757101E-06  8.63992971E-08 
      24  5.87500000E+02  1.25000000E+01  7.38600993E-01  2.49766971E-01  9.88367964E-01  2.50000000E-02  1.44063004E-05 -1.32839383E-06 
      25  6.12500000E+02  1.25000000E+01 -7.02905248E-01  1.69127285E+00  9.88367601E-01  2.50000000E-02  1.42656479E-05  7.34505225E-07 
      26  6.37500000E+02  1.25000000E+01  8.08237824E-01  1.80130232E-01  9.88368056E-01  2.50000000E-02  4.64897730E-06  3.26087494E-06 
      27  6.62500000E+02  1.25000000E+01  2.71836042E-01  7.16532529E-01  9.88368571E-01  2.50000000E-02  1.61687718E-06 -6.56716363E-07 
      28  6.87500000E+02  1.25000000E+01  1.36223681E-01  8.52144669E-01  9.88368350E-01  2.50000000E-02  7.35731254E-07  6.52747203E-07 
      29  7.12500000E+02  1.25000000E+01 -3.85249797E-01  1.37361829E+00  9.88368493E-01  2.50000000E-02 -2.18097084E-07  1.86275323E-07 
      30  7.37500000E+02  1.25000000E+01 -2.31877380E-01  1.22024624E+00  9.88368857E-01  2.50000000E-02  4.53123691E-07 -8.41395081E-07 
      31  7.62500000E+02  1.25000000E+01  1.13778251E-01  8.74590125E-01  9.88368376E-01  2.50000000E-02  1.52448508E-06  2.90314282E-07 
      32  7.87500000E+02  1.25000000E+01 -2.03716185E-01  1.19208456E+00  9.88368377E-01  2.50000000E-02  8.92244666E-07  1.03778574E-07 
      33  8.12500000E+02  1.25000000E+01 -8.01970376E-01  1.79033886E+00  9.88368487E-01  2.50000000E-02  7.60153637E-07 -5.95002680E-08 
      34  8.37500000E+02  1.25000000E+01 -2.45458514E-01  1.23382701E+00  9.88368497E-01  2.50000000E-02  8.99356989E-07  2.32225502E-07 
      35  8.62500000E+02  1.25000000E+01  6.55172082E-01  3.33196336E-01  9.88368419E-01  2.50000000E-02  1.31247959E-06  2.25747152E-08 
      36  8.87500000E+02  1.25000000E+01 -7.59466771E-01  1.74783503E+00  9.88368259E-01  2.50000000E-02  2.86454551E-07  7.76134299E-08 
      37  9.12500000E+02  1.25000000E+01 -1.48571111E-01  1.13693940E+00  9.88368289E-01  2.50000000E-02  3.24225621E-08  8.31792104E-08 
      38  9.37500000E+02  1.25000000E+01 -9.38289085E-01  1.92665740E+00  9.88368320E-01  2.50000000E-02 -6.27941115E-08 -1.98016222E-09 
      39  9.62500000E+02  1.25000000E+01  6.10300161E-01  3.78068190E-01  9.88368351E-01  2.50000000E-02 -1.26094037E-07 -6.37854522E-08 
      40  9.87500000E+02  1.25000000E+01 -2.47851854E-01  1.23622022E+00  9.88368363E-01  2.50000000E-02 -1.32177270E-08 -2.43012246E-08 
      41  1.25000000E+01  3.75000000E+01 -5.98248598E-03  9.94348673E-01  9.88366187E-01  2.50000000E-02  5.33175118E-08 -1.12560815E-07 
      42  3.75000000E+01  3.75000000E+01 -2.67561176E-01  1.25592738E+00  9.88366204E-01  2.50000000E-02  2.11038654E-07 -2.49934464E-07 
      43  6.25000000E+01  3.75000000E+01 -5.60496726E-01  1.54886294E+00  9.88366216E-01  2.50000000E-02  3.93910503E-07 -6.76696801E-09 
      44  8.75000000E+01  3.75000000E+01  6.36443375E-01  3.51922698E-01  9.88366073E-01  2.50000000E-02  1.12301582E-06  1.56063321E-06 
      45  1.12500000E+02  3.75000000E+01  9.86166516E-01  2.19982932E-03  9.88366345E-01  2.50000000E-02 -2.10091740E-05 -6.61794289E-06 
      46  1.37500000E+02  3.75000000E+01 -5.10431734E-01  1.49879856E+00  9.88366822E-01  2.50000000E-02 -1.14398086E-06  7.19875194E-07 
      47  1.62500000E+02  3.75000000E+01 -4.55747954E-01  1.44411435E+00  9.88366394E-01  2.50000000E-02 -2.25252815E-06  1.87101658E-06 
      48  1.87500000E+02  3.75000000E+01 -9.26617771E-01  1.91498407E+00  9.88366298E-01  2.50000000E-02 -4.71657902E-06  3.03676359E-06 
      49  2.12500000E+02  3.75000000E+01 -6.05654847E-01  1.59402150E+00  9.88366652E-01  2.50000000E-02 -6.15378630E-06  8.77625625E-08 
      50  2.37500000E+02  3.75000000E+01 -4.45395756E-01  1.43376211E+00  9.88366356E-01  2.50000000E-02 -7.55756488E-06  8.21588396E-06 
      51  2.62500000E+02  3.75000000E+01  6.78131645E-01  3.10237319E-01  9.88368964E-01  2.50000000E-02 -1.43007022E-05 -9.42766121E-06 
      52  2.87500000E+02  3.75000000E+01  4.31827320E-01  5.56540923E-01  9.88368242E-01  2.50000000E-02 -1.02777242E-05 -5.62075977E-06 
      53  3.12500000E+02  3.75000000E+01  9.58920598E-01  2.94475319E-02  9.88368130E-01  2.50000000E-02 -6.99716266E-06  1.49484759E-06 
      54  3.37500000E+02  3.75000000E+01 -1.43604037E-01  1.13197263E+00  9.88368598E-01  2.50000000E-02  1.92027912E-06 -2.55048075E-06 
      55  3.62500000E+02  3.75000000E+01 -7.98346345E-01  1.78671525E+00  9.88368908E-01  2.50000000E-02  2.85817930E-06 -2.92217835E-06 
      56  3.87500000E+02  3.75000000E+01 -7.61416868E-01  1.74978553E+00  9.88368657E-01  2.50000000E-02  3.15838917E-06 -3.73091500E-07 
      57  4.12500000E+02  3.75000000E+01 -7.32299337E-01  1.72066815E+00  9.88368812E-01  2.50000000E-02  3.14247595E-06  8.14482213E-07 
      58  4.37500000E+02  3.75000000E+01  4.06542981E-03  9.84303131E-01  9.88368561E-01  2.50000000E-02  2.96479433E-06  2.21006720E-06 
      59  4.62500000E+02  3.75000000E+01  5.23048454E-01  4.65320516E-01  9.88368970E-01  2.50000000E-02  1.50956133E-06 -1.40055421E-06 
      60  4.87500000E+02  3.75000000E+01  8.70015014E-01  1.18354066E-01  9.88369080E-01  2.50000000E-02  4.81758905E-06 -1.02264109E-05 
      61  5.12500000E+02  3.75000000E+01  6.95774785E-02  9.18791213E-01  9.88368692E-01  2.50000000E-02  4.88289112E-06 -4.85566772E-06 
      62  5.37500000E+02  3.75000000E+01 -2.62874281E-01  1.25124254E+00  9.88368263E-01  2.50000000E-02  3.18288975E-06  5.84571716E-06 
      63  5.62500000E+02  3.75000000E+01  2.57640648E-02  9.62604817E-01  9.88368882E-01  2.50000000E-02  2.14215175E-06  4.18611662E-07 
      64  5.87500000E+02  3.75000000E+01  5.75245284E-01  4.13123156E-01  9.88368440E-01  2.50000000E-02  2.98118724E-06 -9.58834310E-07 
      65  6.12500000E+02  3.75000000E+01 -6.05455565E-01  1.59382344E+00  9.88367871E-01  2.50000000E-02 -1.37360821E-06  2.99562447E-06 
      66  6.37500000E+02  3.75000000E+01 -6.78783371E-01  1.66715112E+00  9.88367745E-01  2.50000000E-02 -2.66111281E-06  7.42286810E-06 
      67  6.62500000E+02  3.75000000E+01 -9.13459003E-01  1.90182728E+00  9.88368281E-01  2.50000000E-02 -2.87283718E-06 -2.98817893E-06 
      68  6.87500000E+02  3.75000000E+01 -6.50455217E-01  1.63882329E+00  9.88368076E-01  2.50000000E-02 -2.28005333E-06  1.03920128E-06 
      69  7.12500000E+02  3.75000000E+01  2.69543656E-01  7.18824551E-01  9.88368207E-01  2.50000000E-02 -1.60900163E-06  1.12685163E-07 
      70  7.37500000E+02  3.75000000E+01 -3.48170109E-01  1.33653878E+00  9.88368674E-01  2.50000000E-02  1.16746346E-06 -3.03525356E-06 
      71  7.62500000E+02  3.75000000E+01 -8.77683744E-01  1.86605203E+00  9.88368281E-01  2.50000000E-02  1.78768830E-06  5.40202289E-07 
      72  7.87500000E+02  3.75000000E+01 -6.64986548E-01  1.65335490E+00  9.88368350E-01  2.50000000E-02  1.54763424E-06  2.32120394E-07 
      73  8.12500000E+02  3.75000000E+01 -8.83911452E-01  1.87227992E+00  9.88368467E-01  2.50000000E-02  1.69664679E-06 -2.19872878E-07 
      74  8.37500000E+02  3.75000000E+01 -4.05378689E-01  1.39374709E+00  9.88368397E-01  2.50000000E-02  1.96980009E-06  4.08035359E-07 
      75  8.62500000E+02  3.75000000E+01 -9.46473242E-01  1.93484169E+00  9.88368448E-01  2.50000000E-02  2.10402072E-06  2.39572684E-07 
      76  8.87500000E+02  3.75000000E+01 -4.51688796E-02  1.03353723E+00  9.88368346E-01  2.50000000E-02  2.01031833E-06  6.93492205E-07 
      77  9.12500000E+02  3.75000000E+01  1.61625845E-01  8.26742625E-01  9.88368470E-01  2.50000000E-02  1.72167171E-06  9.80428490E-07 
      78  9.37500000E+02  3.75000000E+01  8.80252354E-01  1.08116032E-01  9.88368386E-01  2.50000000E-02  1.57420336E-06  3.29557810E-07 
      79  9.62500000E+02  3.75000000E+01 -4.78569655E-01  1.46693802E+00  9.88368365E-01  2.50000000E-02  5.18899709E-08 -1.00044690E-07 
      80  9.87500000E+02  3.75000000E+01 -4.41479578E-01  1.42984795E+00  9.88368368E-01  2.50000000E-02  1.55297809E-08 -5.65199247E-08 
      81  1.25000000E+01  6.25000000E+01 -2.22133777E-01  1.21050000E+00  9.88366219E-01  2.50000000E-02 -6.89840375E-08 -6.01873457E-08 
      82  3.75000000E+01  6.25000000E+01 -9.22805164E-01  1.91117139E+00  9.88366230E-01  2.50000000E-02 -1.78302358E-07 -3.20760949E-07 
      83  6.25000000E+01  6.25000000E+01  8.67690341E-01  1.20675974E-01  9.88366315E-01  2.50000000E-02 -2.05563452E-06  1.95762702E-07 
      84  8.75000000E+01  6.25000000E+01  5.96017279E-01  3.92348990E-01  9.88366269E-01  2.50000000E-02 -3.64114245E-06  3.09007059E-06 
      85  1.12500000E+02  6.25000000E+01  6.44978475E-01  3.43387822E-01  9.88366296E-01  2.50000000E-02 -3.95694693E-06  1.71484491E-07 
      86  1.37500000E+02  6.25000000E+01  1.31753819E-01  8.56612847E-01  9.88366666E-01  2.50000000E-02 -2.18171237E-06  1.32802462E-06 
      87  1.62500000E+02  6.25000000E+01 -4.55407585E-01  1.44377408E+00  9.88366496E-01  2.50000000E-02 -1.81967143E-06  3.21824956E-06 
      88  1.87500000E+02  6.25000000E+01 -5.64947174E-01  1.55331355E+00  9.88366374E-01  2.50000000E-02 -2.23673379E-06  4.04349213E-06 
      89  2.12500000E+02  6.25000000E+01  3.81153889E-01  6.07212631E-01  9.88366520E-01  2.50000000E-02 -4.33178585E-06 -4.19107763E-07 
      90  2.37500000E+02  6.25000000E+01  8.45212841E-01  1.43154352E-01  9.88367193E-01  2.50000000E-02 -1.18659781E-05  3.21978912E-06 
      91  2.62500000E+02  6.25000000E+01 -2.37008896E-01  1.22537760E+00  9.88368701E-01  2.50000000E-02 -1.31917333E-06 -1.87083164E-05 
      92  2.87500000E+02  6.25000000E+01 -1.01501098E-01  1.08987013E+00  9.88369031E-01  2.50000000E-02  7.54970389E-07 -7.52793065E-06 
      93  3.12500000E+02  6.25000000E+01 -3.41664032E-01  1.33003217E+00  9.88368138E-01  2.50000000E-02  1.09643481E-06  1.69802118E-06 
      94  3.37500000E+02  6.25000000E+01 -5.72670355E-01  1.56103909E+00  9.88368734E-01  2.50000000E-02  9.01913037E-07 -4.04491084E-06 
      95  3.62500000E+02  6.25000000E+01 -7.40812302E-01  1.72918105E+00  9.88368745E-01  2.50000000E-02  1.96708987E-06 -3.57026717E-06 
      96  3.87500000E+02  6.25000000E+01  1.39403546E-01  8.48964939E-01  9.88368485E-01  2.50000000E-02  3.53842161E-06 -3.89703708E-07 
      97  4.12500000E+02  6.25000000E+01 -3.42636639E-01  1.33100516E+00  9.88368516E-01  2.50000000E-02  4.14318396E-06  9.76549885E-07 
      98  4.37500000E+02  6.25000000E+01 -8.09230132E-01  1.79759859E+00  9.88368461E-01  2.50000000E-02  4.20135371E-06  4.71983885E-06 
      99  4.62500000E+02  6.25000000E+01  8.36185138E-01  1.52183858E-01  9.88368997E-01  2.50000000E-02  8.38201271E-07 -2.13263041E-06 
     100  4.87500000E+02  6.25000000E+01 -7.66004509E-01  1.75437376E+00  9.88369248E-01  2.50000000E-02  3.46852921E-06 -1.21085195E-05 
     101  5.12500000E+02  6.25000000E+01 -8.56193929E-01  1.84456344E+00  9.88369512E-01  2.50000000E-02  4.13947541E-06 -5.99152370E-06 
     102  5.37500000E+02  6.25000000E+01  7.96759260E-01  1.91607335E-01  9.88366595E-01  2.50000000E-02  1.67529728E-05  3.98030264E-05 
     103  5.62500000E+02  6.25000000E+01  9.10743014E-01  7.76253128E-02  9.88368326E-01  2.50000000E-02  4.39941772E-07  3.91176978E-06 
     104  5.87500000E+02  6.25000000E+01  4.33256348E-01  5.55111804E-01  9.88368152E-01  2.50000000E-02  1.28411130E-06 -7.46221785E-07 
     105  6.12500000E+02  6.25000000E+01 -2.25020687E-01  1.21338822E+00  9.88367535E-01  2.50000000E-02 -1.44859957E-06  6.40384955E-06 
     106  6.37500000E+02  6.25000000E+01  4.75225974E-01  5.13141993E-01  9.88367967E-01  2.50000000E-02 -5.59628274E-06  8.66507746E-06 
     107  6.62500000E+02  6.25000000E+01  4.58719477E-01  5.29648687E-01  9.88368164E-01  2.50000000E-02 -6.90016264E-06 -8.14940579E-06 
     108  6.87500000E+02  6.25000000E+01  9.60961101E-01  2.74084250E-02  9.88369526E-01  2.50000000E-02 -5.69917089E-06 -5.61515653E-05 
     109  7.12500000E+02  6.25000000E+01 -4.20474387E-01  1.40884280E+00  9.88368411E-01  2.50000000E-02 -2.30529114E-07 -2.52094752E-07 
     110  7.37500000E+02  6.25000000E+01 -3.14378457E-01  1.30274722E+00  9.88368764E-01  2.50000000E-02  6.94362925E-07 -5.19790582E-06 
     111  7.62500000E+02  6.25000000E+01 -1.11089879E-01  1.09945822E+00  9.88368343E-01  2.50000000E-02  1.86318916E-06  6.49540323E-07 
     112  7.87500000E+02  6.25000000E+01 -7.61144773E-01  1.74951313E+00  9.88368361E-01  2.50000000E-02  1.79109101E-06  2.91337960E-07 
     113  8.12500000E+02  6.25000000E+01 -3.67239481E-02  1.02509239E+00  9.88368443E-01  2.50000000E-02  1.95729459E-06 -7.35682171E-07 
     114  8.37500000E+02  6.25000000E+01 -9.98738683E-01  1.98710697E+00  9.88368288E-01  2.50000000E-02  1.84085832E-06  2.36923743E-08 
     115  8.62500000E+02  6.25000000E+01 -8.80356106E-01  1.86872455E+00  9.88368443E-01  2.50000000E-02  1.90175703E-06  2.52484315E-07 
     116  8.87500000E+02  6.25000000E+01 -6.14383111E-01  1.60275149E+00  9.88368378E-01  2.50000000E-02  2.19868131E-06  1.67280175E-06 
     117  9.12500000E+02  6.25000000E+01  3.58235454E-01  6.30132874E-01  9.88368328E-01  2.50000000E-02  2.27302322E-06  2.67916765E-06 
     118  9.37500000E+02  6.25000000E+01  6.03469246E-01  3.84899087E-01  9.88368333E-01  2.50000000E-02  1.72058775E-06  7.98704977E-07 
     119  9.62500000E+02  6.25000000E+01  4.41048308E-01  5.47320121E-01  9.88368429E-01  2.50000000E-02  1.46036304E-06  3.51867151E-07 
     120  9.87500000E+02  6.25000000E+01  9.11711479E-01  7.66569559E-02  9.88368435E-01  2.50000000E-02  5.43767627E-07 -1.92235859E-07 
     121  1.25000000E+01  8.75000000E+01  1.08678609E-01  8.79687703E-01  9.88366312E-01  2.50000000E-02 -4.05725685E-07  4.34398772E-07 
     122  3.75000000E+01  8.75000000E+01 -2.28846589E-01  1.21721294E+00  9.88366351E-01  2.50000000E-02 -1.09544075E-06  1.74432152E-08 
     123  6.25000000E+01  8.75000000E+01 -3.58835185E-01  1.34720153E+00  9.88366347E-01  2.50000000E-02 -1.46911148E-06  1.61941823E-06 
     124  8.75000000E+01  8.75000000E+01 -2.64391871E-01  1.25275804E+00  9.88366166E-01  2.50000000E-02 -2.36841310E-06  4.77693924E-06 
     125  1.12500000E+02  8.75000000E+01 -7.25763198E-02  1.06094269E+00  9.88366373E-01  2.50000000E-02 -3.58198407E-06  5.81702378E-07 
     126  1.37500000E+02  8.75000000E+01 -1.54400161E-01  1.14276682E+00  9.88366654E-01  2.50000000E-02 -3.35368429E-06  1.36840056E-06 
     127  1.62500000E+02  8.75000000E+01 -5.69328360E-02  1.04529910E+00  9.88366264E-01  2.50000000E-02 -3.49110580E-06  5.09055028E-06 
     128  1.87500000E+02  8.75000000E+01  9.24570212E-02  8.95909320E-01  9.88366341E-01  2.50000000E-02 -4.96961799E-06  6.61127381E-06 
     129  2.12500000E+02  8.75000000E+01 -4.43656183E-01  1.43202303E+00  9.88366847E-01  2.50000000E-02 -4.55130170E-06 -8.23664738E-08 
     130  2.37500000E+02  8.75000000E+01 -5.57667035E-01  1.54603347E+00  9.88366436E-01  2.50000000E-02 -4.62173993E-06 -1.09761765E-06 
     131  2.62500000E+02  8.75000000E+01  8.18492517E-01  1.69876739E-01  9.88369256E-01  2.50000000E-02 -1.20724401E-05 -3.72520050E-05 
     132  2.87500000E+02  8.75000000E+01 -5.73086483E-01  1.56145550E+00  9.88369021E-01  2.50000000E-02  1.71591384E-07 -6.93968302E-06 
     133  3.12500000E+02  8.75000000E+01 -8.05166683E-01  1.79353532E+00  9.88368641E-01  2.50000000E-02 -4.27259752E-07  3.10891661E-06 
     134  3.37500000E+02  8.75000000E+01 -3.46934284E-01  1.33530322E+00  9.88368939E-01  2.50000000E-02 -1.60072002E-06 -4.25165223E-06 
     135  3.62500000E+02  8.75000000E+01 -3.61523406E-01  1.34989240E+00  9.88368994E-01  2.50000000E-02 -1.80779608E-06 -4.26298604E-06 
     136  3.87500000E+02  8.75000000E+01 -3.84854875E-01  1.37322357E+00  9.88368691E-01  2.50000000E-02 -2.66197252E-06 -2.25974907E-07 
     137  4.12500000E+02  8.75000000E+01  6.99363783E-01  2.89005825E-01  9.88369608E-01  2.50000000E-02 -1.39378632E-05  5.66862758E-07 
     138  4.37500000E+02  8.75000000E+01 -8.75640272E-01  1.86400938E+00  9.88369112E-01  2.50000000E-02 -2.24400626E-05  7.01438114E-06 
     139  4.62500000E+02  8.75000000E+01  6.10751907E-01  3.77617483E-01  9.88369390E-01  2.50000000E-02 -2.61922899E-05  4.48891604E-07 
     140  4.87500000E+02  8.75000000E+01  3.56843358E-01  6.31526404E-01  9.88369762E-01  2.50000000E-02 -2.60223586E-05 -9.10192415E-06 
     141  5.12500000E+02  8.75000000E+01  1.64731033E-01  8.23638437E-01  9.88369470E-01  2.50000000E-02 -2.56968271E-05 -3.97624054E-06 
     142  5.37500000E+02  8.75000000E+01 -7.42538812E-01  1.73090427E+00  9.88365457E-01  2.50000000E-02 -3.96045282E-05  5.16990810E-05 
     143  5.62500000E+02  8.75000000E+01 -9.48118006E-01  1.93648494E+00  9.88366931E-01  2.50000000E-02 -4.46105294E-05 -1.51570649E-05 
     144  5.87500000E+02  8.75000000E+01 -3.36867799E-01  1.32523547E+00  9.88367669E-01  2.50000000E-02 -4.36889042E-05 -3.47558352E-06 
     145  6.12500000E+02  8.75000000E+01 -8.26321860E-01  1.81468643E+00  9.88364568E-01  2.50000000E-02 -4.84178660E-05  3.62203872E-07 
     146  6.37500000E+02  8.75000000E+01  4.72054294E-01  5.16314617E-01  9.88368911E-01  2.50000000E-02 -7.87536757E-05  1.49396821E-05 
     147  6.62500000E+02  8.75000000E+01  3.81361642E-01  6.07008540E-01  9.88370181E-01  2.50000000E-02 -8.23263029E-05 -4.78159723E-06 
     148  6.87500000E+02  8.75000000E+01  2.08037102E-01  7.80334011E-01  9.88371113E-01  2.50000000E-02 -7.47855658E-05 -4.80896785E-05 
     149  7.12500000E+02  8.75000000E+01  7.21356006E-01  2.67011660E-01  9.88367666E-01  2.50000000E-02 -4.80374933E-05 -2.75903827E-06 
     150  7.37500000E+02  8.75000000E+01 -6.36567943E-01  1.62493701E+00  9.88369070E-01  2.50000000E-02 -3.18279812E-05 -6.17698525E-06 
     151  7.62500000E+02  8.75000000E+01  2.81442429E-01  7.06925764E-01  9.88368194E-01  2.50000000E-02 -2.75263098E-05  6.43180377E-07 
     152  7.87500000E+02  8.75000000E+01 -8.69344436E-01  1.85771264E+00  9.88368205E-01  2.50000000E-02 -2.57350445E-05  7.81150803E-09 
     153  8.12500000E+02  8.75000000E+01  2.54507633E-01  7.33860489E-01  9.88368122E-01  2.50000000E-02 -2.26110991E-05 -2.78200883E-06 
     154  8.37500000E+02  8.75000000E+01 -1.03986893E-01  1.09235515E+00  9.88368257E-01  2.50000000E-02 -1.87200650E-05 -1.00603203E-06 
     155  8.62500000E+02  8.75000000E+01  1.39175414E-01  8.49192620E-01  9.88368035E-01  2.50000000E-02 -1.54103678E-05 -1.13417319E-06 
     156  8.87500000E+02  8.75000000E+01 -8.52254150E-01  1.84062240E+00  9.88368246E-01  2.50000000E-02 -1.18071352E-05  1.87663557E-06 
     157  9.12500000E+02  8.75000000E+01  9.24882240E-02  8.95879560E-01  9.88367784E-01  2.50000000E-02 -8.86480543E-06  1.59221035E-06 
     158  9.37500000E+02  8.75000000E+01  2.11924596E-01  7.76442846E-01  9.88367442E-01  2.50000000E-02 -8.11987896E-06 -3.66451363E-06 
     159  9.62500000E+02  8.75000000E+01  7.91661204E-01  1.96706674E-01  9.88367878E-01  2.50000000E-02 -7.45675352E-06  9.69044243E-08 
     160  9.87500000E+02  8.75000000E+01 -7.84772235E-01  1.77314057E+00  9.88368332E-01  2.50000000E-02 -1.94908998E-07 -6.03667584E-07 
     161  1.25000000E+01  1.12500000E+02 -1.38517810E-01  1.12688409E+00  9.88366280E-01  2.50000000E-02 -3.30114437E-08  1.14096482E-06 
     162  3.75000000E+01  1.12500000E+02 -5.15752501E-01  1.50411878E+00  9.88366274E-01  2.50000000E-02 -1.14570675E-07  4.82174915E-07 
     163  6.25000000E+01  1.12500000E+02  6.79722152E-01  3.08644152E-01  9.88366304E-01  2.50000000E-02 -6.35215620E-07  2.16172288E-06 
     164  8.75000000E+01  1.12500000E+02  3.93778443E-01  5.94587788E-01  9.88366231E-01  2.50000000E-02 -1.41701562E-06  5.71199994E-06 
     165  1.12500000E+02  1.12500000E+02 -7.51376039E-01  1.73974233E+00  9.88366292E-01  2.50000000E-02 -1.62339375E-06  4.94233421E-07 
     166  1.37500000E+02  1.12500000E+02  9.94759526E-01  3.09742195E-06  9.94762623E-01  2.50000000E-02  4.71108588E-09  5.72321289E-09 
     167  1.62500000E+02  1.12500000E+02 -5.96844762E-03  9.94335263E-01  9.88366816E-01  2.50000000E-02 -6.47161726E-06  8.03171508E-06 
     168  1.87500000E+02  1.12500000E+02  2.73210245E-01  7.15156103E-01  9.88366348E-01  2.50000000E-02 -8.13549653E-06  9.99508448E-06 
     169  2.12500000E+02  1.12500000E+02 -7.97240036E-01  1.78560736E+00  9.88367319E-01  2.50000000E-02 -7.86954267E-06  1.64688875E-06 
     170  2.37500000E+02  1.12500000E+02 -5.90233836E-01  1.57860010E+00  9.88366265E-01  2.50000000E-02 -9.27470539E-06 -1.86329401E-06 
     171  2.62500000E+02  1.12500000E+02  4.42065805E-01  5.46305298E-01  9.88371103E-01  2.50000000E-02 -8.38714901E-06 -3.64550521E-05 
     172  2.87500000E+02  1.12500000E+02 -3.93244859E-01  1.38161363E+00  9.88368773E-01  2.50000000E-02  3.06208127E-06 -7.09425378E-06 
     173  3.12500000E+02  1.12500000E+02  3.09424066E-01  6.78944093E-01  9.88368159E-01  2.50000000E-02  1.41684287E-06  9.03953879E-06 
     174  3.37500000E+02  1.12500000E+02 -9.66486511E-01  1.95485513E+00  9.88368623E-01  2.50000000E-02 -1.00317540E-06 -4.68990009E-06 
     175  3.62500000E+02  1.12500000E+02 -3.44924414E-01  1.33329314E+00  9.88368729E-01  2.50000000E-02 -1.08049109E-06 -4.88530404E-06 
     176  3.87500000E+02  1.12500000E+02  3.36817882E-02  9.54686809E-01  9.88368597E-01  2.50000000E-02 -1.27745414E-06  2.93139722E-07 
     177  4.12500000E+02  1.12500000E+02  5.63483232E-01  4.24885889E-01  9.88369120E-01  2.50000000E-02 -1.19994066E-06  3.61981918E-06 
     178  4.37500000E+02  1.12500000E+02 -4.61520794E-01  1.44988929E+00  9.88368494E-01  2.50000000E-02 -1.81208615E-06  1.04477991E-05 
     179  4.62500000E+02  1.12500000E+02 -8.93975861E-02  1.07776637E+00  9.88368782E-01  2.50000000E-02 -1.92738041E-06 -1.21853028E-06 
     180  4.87500000E+02  1.12500000E+02  5.86560371E-01  4.01808212E-01  9.88368583E-01  2.50000000E-02  1.20444211E-07 -4.41341059E-06 
     181  5.12500000E+02  1.12500000E+02  8.29051939E-01  1.59316267E-01  9.88368205E-01  2.50000000E-02  2.53966270E-07  9.25295415E-06 
     182  5.37500000E+02  1.12500000E+02 -2.66416548E-01  1.25478486E+00  9.88368309E-01  2.50000000E-02 -2.34405744E-06  5.85669282E-05 
     183  5.62500000E+02  1.12500000E+02 -5.82060613E-02  1.04657283E+00  9.88366769E-01  2.50000000E-02 -7.19669322E-06 -1.58383436E-05 
     184  5.87500000E+02  1.12500000E+02 -2.17671230E-01  1.20603935E+00  9.88368120E-01  2.50000000E-02 -1.25553643E-05 -3.57172672E-06 
     185  6.12500000E+02  1.12500000E+02 -1.44100279E-01  1.13246731E+00  9.88367033E-01  2.50000000E-02 -1.66660258E-05 -8.33732259E-06 
     186  6.37500000E+02  1.12500000E+02  1.79934253E-01  8.08434321E-01  9.88368574E-01  2.50000000E-02 -2.30095711E-05  2.35215454E-05 
     187  6.62500000E+02  1.12500000E+02  3.46347084E-01  6.42021696E-01  9.88368779E-01  2.50000000E-02 -2.29308181E-05 -3.84183979E-07 
     188  6.87500000E+02  1.12500000E+02  1.33810219E-02  9.74989353E-01  9.88370374E-01  2.50000000E-02 -1.52547900E-05 -4.92292931E-05 
     189  7.12500000E+02  1.12500000E+02  4.88346163E-01  5.00021830E-01  9.88367993E-01  2.50000000E-02 -4.77907086E-06 -7.53026202E-06 
     190  7.37500000E+02  1.12500000E+02  9.85545454E-01  2.82281945E-03  9.88368273E-01  2.50000000E-02 -1.42597144E-05  1.50059564E-05 
     191  7.62500000E+02  1.12500000E+02  8.44931991E-01  1.43436547E-01  9.88368538E-01  2.50000000E-02 -1.35598950E-07 -2.67952429E-06 
     192  7.87500000E+02  1.12500000E+02 -2.61429806E-01  1.24979828E+00  9.88368470E-01  2.50000000E-02 -4.45490276E-07 -3.03245044E-07 
     193  8.12500000E+02  1.12500000E+02 -4.19086636E-01  1.40745523E+00  9.88368596E-01  2.50000000E-02 -9.25145002E-08 -4.08181277E-06 
     194  8.37500000E+02  1.12500000E+02 -6.24126360E-01  1.61249479E+00  9.88368433E-01  2.50000000E-02  7.93273381E-08 -1.53197541E-06 
     195  8.62500000E+02  1.12500000E+02 -1.03208890E-01  1.09157739E+00  9.88368500E-01  2.50000000E-02 -1.01318423E-07 -2.26831045E-06 
     196  8.87500000E+02  1.12500000E+02  8.56216663E-01  1.32151883E-01  9.88368546E-01  2.50000000E-02  8.46666301E-07 -2.25241201E-06 
     197  9.12500000E+02  1.12500000E+02  5.22711667E-01  4.65656685E-01  9.88368352E-01  2.50000000E-02  4.03658120E-07 -9.75404205E-07 
     198  9.37500000E+02  1.12500000E+02 -9.57883280E-01  1.94625170E+00  9.88368421E-01  2.50000000E-02  3.83761116E-07 -3.19182605E-06 
     199  9.62500000E+02  1.12500000E+02 -8.96224899E-01  1.88459330E+00  9.88368402E-01  2.50000000E-02  3.71589088E-07 -2.17126560E-07 
     200  9.87500000E+02  1.12500000E+02 -8.69716605E-01  1.85808495E+00  9.88368343E-01  2.50000000E-02  1.70702473E-07 -5.73715366E-07 
     201  1.25000000E+01  1.37500000E+02  7.23899730E-01  2.64466189E-01  9.88365919E-01  2.50000000E-02  2.74544603E-07  2.76970165E-06 
     202  3.75000000E+01  1.37500000E+02  8.12980265E-01  1.75385640E-01  9.88365905E-01  2.50000000E-02  1.16914503E-06  2.42031526E-06 
     203  6.25000000E+01  1.37500000E+02 -3.66884301E-01  1.35525012E+00  9.88365816E-01  2.50000000E-02  1.23600514E-06 -2.15790037E-07 
     204  8.75000000E+01  1.37500000E+02 -5.83269168E-01  1.57163484E+00  9.88365670E-01  2.50000000E-02  7.97365045E-07  4.64480570E-06 
     205  1.12500000E+02  1.37500000E+02  7.75219159E-01  2.13147414E-01  9.88366574E-01  2.50000000E-02 -6.75450705E-06 -1.12549797E-06 
     206  1.37500000E+02  1.37500000E+02 -4.95104883E-01  1.48347169E+00  9.88366808E-01  2.50000000E-02 -6.71466243E-06  5.03270248E-06 
     207  1.62500000E+02  1.37500000E+02 -3.69251004E-01  1.35761801E+00  9.88367002E-01  2.50000000E-02 -6.17410231E-06  1.32264425E-05 
     208  1.87500000E+02  1.37500000E+02 -8.84234157E-01  1.87260111E+00  9.88366949E-01  2.50000000E-02 -5.33279372E-06  1.55230671E-05 
     209  2.12500000E+02  1.37500000E+02 -6.39689322E-01  1.62805618E+00  9.88366863E-01  2.50000000E-02 -5.08942134E-06  3.00445977E-06 
     210  2.37500000E+02  1.37500000E+02  3.91397575E-02  9.49227017E-01  9.88366775E-01  2.50000000E-02 -5.43886689E-06 -2.79460198E-06 
     211  2.62500000E+02  1.37500000E+02 -8.48776607E-01  1.83714828E+00  9.88371669E-01  2.50000000E-02  9.58389476E-06 -3.09162203E-05 
     212  2.87500000E+02  1.37500000E+02 -9.42180406E-01  1.93055005E+00  9.88369644E-01  2.50000000E-02  1.61812726E-05 -5.47502630E-06 
     213  3.12500000E+02  1.37500000E+02 -3.69058054E-01  1.35742717E+00  9.88369113E-01  2.50000000E-02  1.74591530E-05  1.67937682E-05 
     214  3.37500000E+02  1.37500000E+02  3.15102034E-01  6.73267137E-01  9.88369171E-01  2.50000000E-02  1.65243682E-05 -5.89717040E-06 
     215  3.62500000E+02  1.37500000E+02 -1.07956865E-01  1.09632621E+00  9.88369348E-01  2.50000000E-02  1.60767909E-05 -4.66029148E-06 
     216  3.87500000E+02  1.37500000E+02  7.69074484E-01  2.19295075E-01  9.88369559E-01  2.50000000E-02  1.52691228E-05  9.21659668E-06 
     217  4.12500000E+02  1.37500000E+02  9.99470287E-01  2.93727964E-06  9.99473225E-01  2.50000000E-02  2.96348521E-09 -6.03679830E-09 
     218  4.37500000E+02  1.37500000E+02 -7.43699164E-01  1.73206776E+00  9.88368592E-01  2.50000000E-02  6.84239253E-06  1.23088028E-05 
     219  4.62500000E+02  1.37500000E+02 -4.07240404E-01  1.39560935E+00  9.88368946E-01  2.50000000E-02  7.60232144E-06 -1.71543660E-06 
     220  4.87500000E+02  1.37500000E+02  1.67925225E-01  8.20443674E-01  9.88368899E-01  2.50000000E-02  1.08276514E-05 -3.76146116E-06 
     221  5.12500000E+02  1.37500000E+02  6.80805707E-01  3.07562322E-01  9.88368029E-01  2.50000000E-02  1.77318280E-05  1.07576792E-05 
     222  5.37500000E+02  1.37500000E+02  2.17428979E-02  9.66625286E-01  9.88368184E-01  2.50000000E-02  1.96697280E-05  7.85315775E-05 
     223  5.62500000E+02  1.37500000E+02  6.58877397E-01  3.29490321E-01  9.88367718E-01  2.50000000E-02  1.68982777E-05 -1.56473324E-05 
     224  5.87500000E+02  1.37500000E+02 -3.39958281E-02  1.02236348E+00  9.88367648E-01  2.50000000E-02  1.04090084E-05 -3.37873787E-06 
     225  6.12500000E+02  1.37500000E+02  4.87976919E-01  5.00391197E-01  9.88368116E-01  2.50000000E-02  8.00513447E-06 -7.63585475E-06 
     226  6.37500000E+02  1.37500000E+02  8.01521395E-01  1.86846075E-01  9.88367470E-01  2.50000000E-02  5.16156858E-07  4.44949159E-05 
     227  6.62500000E+02  1.37500000E+02 -8.98507145E-01  1.88687612E+00  9.88368976E-01  2.50000000E-02 -9.31455366E-07 -6.90108703E-07 
     228  6.87500000E+02  1.37500000E+02  7.01774916E-03  9.81351983E-01  9.88369733E-01  2.50000000E-02  2.20931980E-06 -5.28293807E-05 
     229  7.12500000E+02  1.37500000E+02  3.74468801E-01  6.13899259E-01  9.88368060E-01  2.50000000E-02  6.51192865E-06 -8.04960540E-06 
     230  7.37500000E+02  1.37500000E+02  5.87595617E-01  4.00772823E-01  9.88368439E-01  2.50000000E-02  3.34718476E-06  1.43093526E-06 
     231  7.62500000E+02  1.37500000E+02  3.25762240E-01  6.62606400E-01  9.88368640E-01  2.50000000E-02  2.82122995E-06 -2.01139887E-06 
     232  7.87500000E+02  1.37500000E+02 -6.78944753E-01  1.66731317E+00  9.88368420E-01  2.50000000E-02  2.05255380E-06  1.30820231E-08 
     233  8.12500000E+02  1.37500000E+02 -5.91976095E-02  1.04756607E+00  9.88368457E-01  2.50000000E-02  1.24155802E-06 -3.96681510E-06 
     234  8.37500000E+02  1.37500000E+02  1.04583311E-01  8.83785186E-01  9.88368497E-01  2.50000000E-02  4.28313191E-07 -1.11783362E-06 
     235  8.62500000E+02  1.37500000E+02 -9.53455028E-01  1.94182365E+00  9.88368622E-01  2.50000000E-02  1.63704820E-07 -1.50632482E-06 
     236  8.87500000E+02  1.37500000E+02  2.42194233E-01  7.46174515E-01  9.88368747E-01  2.50000000E-02  8.48458752E-07 -1.56776155E-06 
     237  9.12500000E+02  1.37500000E+02  5.61472783E-01  4.26895629E-01  9.88368411E-01  2.50000000E-02  1.79344673E-06 -5.74317130E-07 
     238  9.37500000E+02  1.37500000E+02 -8.09283821E-01  1.79765200E+00  9.88368183E-01  2.50000000E-02 -1.20430953E-07 -2.56015410E-06 
     239  9.62500000E+02  1.37500000E+02 -8.07533917E-01  1.79590220E+00  9.88368288E-01  2.50000000E-02 -2.33969158E-07 -3.35046585E-07 
     240  9.87500000E+02  1.37500000E+02  3.82521626E-02  9.50116085E-01  9.88368248E-01  2.50000000E-02 -3.36008013E-08 -6.90149767E-07 
     241  1.25000000E+01  1.62500000E+02  8.35147174E-02  9.04851104E-01  9.88365822E-01  2.50000000E-02 -4.26011186E-07  1.71176433E-06 
     242  3.75000000E+01  1.62500000E+02 -4.14718301E-01  1.40308419E+00  9.88365892E-01  2.50000000E-02 -1.05760272E-06  1.63730954E-06 
     243  6.25000000E+01  1.62500000E+02 -9.45091518E-01  1.93345744E+00  9.88365921E-01  2.50000000E-02 -1.21148618E-06 -4.70279588E-07 
     244  8.75000000E+01  1.62500000E+02 -9.93943173E-01  1.98230910E+00  9.88365928E-01  2.50000000E-02 -1.25740822E-06  4.50579673E-06 
     245  1.12500000E+02  1.62500000E+02  9.48005754E-01  4.03606321E-02  9.88366386E-01  2.50000000E-02 -7.07166897E-06  1.73855271E-07 
     246  1.37500000E+02  1.62500000E+02 -5.04923905E-01  1.49329063E+00  9.88366722E-01  2.50000000E-02 -3.29879641E-07  4.87165595E-06 
     247  1.62500000E+02  1.62500000E+02  7.85674229E-01  2.02690335E-01  9.88364564E-01  2.50000000E-02 -1.24890111E-05  5.75239593E-05 
     248  1.87500000E+02  1.62500000E+02  6.65479012E-01  3.22886614E-01  9.88365626E-01  2.50000000E-02 -3.18677409E-05  3.24882939E-05 
     249  2.12500000E+02  1.62500000E+02  7.59975092E-01  2.28391403E-01  9.88366495E-01  2.50000000E-02 -3.52215446E-05  5.56085326E-06 
     250  2.37500000E+02  1.62500000E+02 -4.00673773E-01  1.38904261E+00  9.88368839E-01  2.50000000E-02 -1.67766696E-05  4.48943678E-06 
     251  2.62500000E+02  1.62500000E+02 -7.55400846E-01  1.74377093E+00  9.88370082E-01  2.50000000E-02 -1.10685814E-05 -3.30011307E-05 
     252  2.87500000E+02  1.62500000E+02 -5.99398565E-01  1.58776683E+00  9.88368262E-01  2.50000000E-02 -8.10873419E-06 -5.61338927E-06 
     253  3.12500000E+02  1.62500000E+02 -1.85486079E-02  1.00691704E+00  9.88368431E-01  2.50000000E-02 -1.04967337E-05  2.08641569E-05 
     254  3.37500000E+02  1.62500000E+02 -9.00384404E-01  1.88875299E+00  9.88368586E-01  2.50000000E-02 -1.17086447E-05 -7.08952667E-06 
     255  3.62500000E+02  1.62500000E+02  7.23953227E-01  2.64415070E-01  9.88368296E-01  2.50000000E-02 -1.62022549E-05  7.73844798E-06 
     256  3.87500000E+02  1.62500000E+02 -4.26425104E-01  1.41479383E+00  9.88368725E-01  2.50000000E-02 -1.90334676E-05  1.87607976E-05 
     257  4.12500000E+02  1.62500000E+02 -4.08711126E-01  1.39708030E+00  9.88369173E-01  2.50000000E-02 -1.74437895E-05 -1.92223075E-04 
     258  4.37500000E+02  1.62500000E+02  6.49783679E-01  3.38583041E-01  9.88366719E-01  2.50000000E-02 -4.26178937E-06  1.84434523E-05 
     259  4.62500000E+02  1.62500000E+02  9.96707638E-01  2.86705962E-06  9.96710505E-01  2.50000000E-02  6.36242885E-09 -9.50414670E-10 
     260  4.87500000E+02  1.62500000E+02  8.78262420E-01  1.10105760E-01  9.88368180E-01  2.50000000E-02 -3.79040895E-06  6.94199479E-06 
     261  5.12500000E+02  1.62500000E+02  8.69145546E-01  1.19222594E-01  9.88368140E-01  2.50000000E-02 -4.10673483E-06  1.06867741E-05 
     262  5.37500000E+02  1.62500000E+02  2.82105952E-01  7.06261871E-01  9.88367824E-01  2.50000000E-02 -7.45030894E-06  1.05940737E-04 
     263  5.62500000E+02  1.62500000E+02 -1.76678378E-01  1.16504620E+00  9.88367820E-01  2.50000000E-02 -7.71198389E-06 -9.16969608E-06 
     264  5.87500000E+02  1.62500000E+02  5.52505683E-01  4.35862243E-01  9.88367926E-01  2.50000000E-02 -7.11599366E-06 -6.13398381E-06 
     265  6.12500000E+02  1.62500000E+02 -2.66796525E-01  1.25516446E+00  9.88367936E-01  2.50000000E-02 -5.74987445E-06 -2.52974490E-06 
     266  6.37500000E+02  1.62500000E+02  4.53008486E-01  5.35356881E-01  9.88365368E-01  2.50000000E-02 -1.55046557E-05  4.04081771E-05 
     267  6.62500000E+02  1.62500000E+02 -7.65433764E-01  1.75380308E+00  9.88369313E-01  2.50000000E-02 -1.90238137E-05  2.49976926E-07 
     268  6.87500000E+02  1.62500000E+02 -6.92202912E-02  1.05758872E+00  9.88368434E-01  2.50000000E-02 -1.62714297E-05 -6.13041492E-05 
     269  7.12500000E+02  1.62500000E+02  8.76503252E-01  1.11864638E-01  9.88367890E-01  2.50000000E-02 -9.61783998E-06 -8.74756747E-06 
     270  7.37500000E+02  1.62500000E+02 -5.37976910E-01  1.52634544E+00  9.88368527E-01  2.50000000E-02 -1.72063954E-06  1.85371047E-06 
     271  7.62500000E+02  1.62500000E+02 -7.99079871E-04  9.89167647E-01  9.88368567E-01  2.50000000E-02 -1.03264449E-06 -2.03750147E-06 
     272  7.87500000E+02  1.62500000E+02 -6.09372242E-01  1.59774064E+00  9.88368399E-01  2.50000000E-02 -7.36891794E-07  9.28922251E-08 
     273  8.12500000E+02  1.62500000E+02  2.42801476E-01  7.45566971E-01  9.88368448E-01  2.50000000E-02 -8.89519532E-07 -4.13022459E-06 
     274  8.37500000E+02  1.62500000E+02 -4.07254055E-01  1.39562251E+00  9.88368456E-01  2.50000000E-02 -8.10599749E-07 -5.16446734E-07 
     275  8.62500000E+02  1.62500000E+02 -9.32943653E-01  1.92131205E+00  9.88368400E-01  2.50000000E-02 -8.99710913E-07 -1.47320112E-06 
     276  8.87500000E+02  1.62500000E+02 -8.73369498E-01  1.86173796E+00  9.88368462E-01  2.50000000E-02 -8.85939687E-07 -2.25341527E-06 
     277  9.12500000E+02  1.62500000E+02  3.87206214E-01  6.01162124E-01  9.88368338E-01  2.50000000E-02 -4.08564538E-07 -1.70704970E-07 
     278  9.37500000E+02  1.62500000E+02 -4.53648108E-01  1.44201634E+00  9.88368233E-01  2.50000000E-02 -8.68823862E-07 -2.25463879E-06 
     279  9.62500000E+02  1.62500000E+02  1.48897342E-01  8.39470979E-01  9.88368321E-01  2.50000000E-02 -1.07398885E-06 -1.32842768E-06 
     280  9.87500000E+02  1.62500000E+02  6.70755937E-01  3.17612409E-01  9.88368346E-01  2.50000000E-02 -4.06077777E-07 -2.17411004E-06 
     281  1.25000000E+01  1.87500000E+02 -1.66476527E-01  1.15484241E+00  9.88365881E-01  2.50000000E-02  3.76896494E-08  1.68513682E-06 
     282  3.75000000E+01  1.87500000E+02  2.37551903E-01  7.50813974E-01  9.88365878E-01  2.50000000E-02  1.63991671E-07  1.60346782E-06 
     283  6.25000000E+01  1.87500000E+02  8.86512986E-01  1.01852792E-01  9.88365778E-01  2.50000000E-02  1.19897418E-06  8.62620600E-07 
     284  8.75000000E+01  1.87500000E+02  7.99757613E-02  9.08389969E-01  9.88365730E-01  2.50000000E-02  3.55309207E-07  4.96026965E-06 
     285  1.12500000E+02  1.87500000E+02 -3.21040265E-01  1.30940634E+00  9.88366071E-01  2.50000000E-02  1.33841965E-06 -5.58293950E-06 
     286  1.37500000E+02  1.87500000E+02 -7.68747739E-01  1.75711456E+00  9.88366822E-01  2.50000000E-02  4.50537203E-06  4.80371141E-06 
     287  1.62500000E+02  1.87500000E+02  6.97657624E-01  2.90704379E-01  9.88362002E-01  2.50000000E-02  2.46378885E-05  6.59861602E-05 
     288  1.87500000E+02  1.87500000E+02 -7.86922382E-01  1.77528333E+00  9.88360943E-01  2.50000000E-02  1.01094735E-05  1.59050522E-05 
     289  2.12500000E+02  1.87500000E+02  8.79619040E-01  1.08747222E-01  9.88366262E-01  2.50000000E-02 -3.68199692E-05  3.74772958E-06 
     290  2.37500000E+02  1.87500000E+02 -5.35190590E-01  1.52355922E+00  9.88368626E-01  2.50000000E-02 -1.00454032E-05  1.16847411E-05 
     291  2.62500000E+02  1.87500000E+02 -9.78600396E-01  1.96696926E+00  9.88368868E-01  2.50000000E-02 -8.47517703E-06 -4.14446052E-05 
     292  2.87500000E+02  1.87500000E+02  3.11980387E-01  6.76388526E-01  9.88368913E-01  2.50000000E-02 -1.23952715E-06 -1.57335861E-05 
     293  3.12500000E+02  1.87500000E+02 -1.53058204E-02  1.00367381E+00  9.88367994E-01  2.50000000E-02  2.57950848E-06  2.13127448E-05 
     294  3.37500000E+02  1.87500000E+02 -5.46319126E-01  1.53468695E+00  9.88367822E-01  2.50000000E-02  2.16107664E-06 -9.90708781E-06 
     295  3.62500000E+02  1.87500000E+02 -2.35273906E-01  1.22364110E+00  9.88367194E-01  2.50000000E-02 -3.63122168E-07  7.02769900E-06 
     296  3.87500000E+02  1.87500000E+02 -3.51627214E-01  1.33999537E+00  9.88368154E-01  2.50000000E-02 -1.93879708E-06  1.70794396E-05 
     297  4.12500000E+02  1.87500000E+02  8.13906002E-01  1.74458437E-01  9.88364440E-01  2.50000000E-02 -8.46285040E-06 -1.27284788E-04 
     298  4.37500000E+02  1.87500000E+02  4.28358932E-01  5.60009260E-01  9.88368192E-01  2.50000000E-02 -1.47760078E-05  2.16673118E-05 
     299  4.62500000E+02  1.87500000E+02 -1.51875673E-01  1.14024274E+00  9.88367065E-01  2.50000000E-02 -1.54359282E-05  5.10944887E-06 
     300  4.87500000E+02  1.87500000E+02  2.23783840E-01  7.64583497E-01  9.88367337E-01  2.50000000E-02 -1.74756882E-05  2.49408668E-06 
     301  5.12500000E+02  1.87500000E+02 -5.94372845E-01  1.58273979E+00  9.88366943E-01  2.50000000E-02 -1.96783701E-05  4.09288619E-07 
     302  5.37500000E+02  1.87500000E+02  4.10290570E-01  5.78079556E-01  9.88370127E-01  2.50000000E-02 -1.11316215E-05  1.47204108E-04 
     303  5.62500000E+02  1.87500000E+02  2.14724687E-01  7.73642804E-01  9.88367491E-01  2.50000000E-02 -2.23812410E-07 -8.05752887E-06 
     304  5.87500000E+02  1.87500000E+02 -9.92053210E-01  1.98042127E+00  9.88368057E-01  2.50000000E-02  1.71196464E-06 -6.54277710E-06 
     305  6.12500000E+02  1.87500000E+02 -9.90360644E-01  1.97872854E+00  9.88367901E-01  2.50000000E-02  2.23698862E-06 -1.41242875E-06 
     306  6.37500000E+02  1.87500000E+02 -5.38917583E-02  1.04225825E+00  9.88366492E-01  2.50000000E-02 -1.90492704E-06  4.01679935E-05 
     307  6.62500000E+02  1.87500000E+02  1.33030385E-01  8.55338176E-01  9.88368561E-01  2.50000000E-02 -6.40378675E-06  2.87347318E-06 
     308  6.87500000E+02  1.87500000E+02 -4.04030470E-01  1.39240003E+00  9.88369557E-01  2.50000000E-02 -5.01867848E-07 -6.77724340E-05 
     309  7.12500000E+02  1.87500000E+02 -8.13372492E-01  1.80174141E+00  9.88368922E-01  2.50000000E-02  2.21596036E-06 -6.84349889E-07 
     310  7.37500000E+02  1.87500000E+02  5.26055641E-01  4.62312883E-01  9.88368525E-01  2.50000000E-02  4.98414982E-06  2.56593044E-06 
     311  7.62500000E+02  1.87500000E+02 -1.21979092E-01  1.11034766E+00  9.88368568E-01  2.50000000E-02  5.76523640E-06 -2.11877910E-06 
     312  7.87500000E+02  1.87500000E+02  9.51504665E-01  3.68636038E-02  9.88368268E-01  2.50000000E-02  5.68626712E-06  7.32572295E-06 
     313  8.12500000E+02  1.87500000E+02  1.21368449E-02  9.76231534E-01  9.88368379E-01  2.50000000E-02  1.32188310E-06 -4.24611480E-06 
     314  8.37500000E+02  1.87500000E+02  5.57994914E-02  9.32568900E-01  9.88368392E-01  2.50000000E-02  1.21003644E-06 -1.53092821E-07 
     315  8.62500000E+02  1.87500000E+02  3.00266358E-01  6.88102184E-01  9.88368543E-01  2.50000000E-02  1.49196111E-06 -2.88128673E-06 
     316  8.87500000E+02  1.87500000E+02  1.38933373E-02  9.74475126E-01  9.88368463E-01  2.50000000E-02  1.92893531E-06 -3.06699201E-06 
     317  9.12500000E+02  1.87500000E+02 -7.75471231E-01  1.76383952E+00  9.88368286E-01  2.50000000E-02  1.33952334E-06 -3.00525983E-07 
     318  9.37500000E+02  1.87500000E+02 -8.13535488E-01  1.80190376E+00  9.88368272E-01  2.50000000E-02  7.86814311E-07 -1.65942773E-06 
     319  9.62500000E+02  1.87500000E+02 -3.31835338E-01  1.32020383E+00  9.88368495E-01  2.50000000E-02  4.52649225E-07 -1.50556638E-06 
     320  9.87500000E+02  1.87500000E+02 -3.84744574E-01  1.37311291E+00  9.88368341E-01  2.50000000E-02  2.84591024E-07 -2.97029657E-06 
     321  1.25000000E+01  2.12500000E+02  2.44844554E-01  7.43521269E-01  9.88365823E-01  2.50000000E-02  1.78744768E-07  1.76858840E-06 
     322  3.75000000E+01  2.12500000E+02 -8.38942158E-01  1.82730801E+00  9.88365848E-01  2.50000000E-02  6.18865674E-07  1.46679567E-06 
     323  6.25000000E+01  2.12500000E+02  8.76437427E-01  1.11928151E-01  9.88365578E-01  2.50000000E-02  6.43250889E-06 -9.27989669E-07 
     324  8.75000000E+01  2.12500000E+02 -9.82525714E-01  1.97089117E+00  9.88365453E-01  2.50000000E-02  8.27092610E-06  3.84150818E-06 
     325  1.12500000E+02  2.12500000E+02  5.51450105E-01  4.36915899E-01  9.88366004E-01  2.50000000E-02  1.04132062E-05 -4.98462167E-06 
     326  1.37500000E+02  2.12500000E+02  9.23851166E-01  6.45130409E-02  9.88364207E-01  2.50000000E-02  6.95936374E-05  2.79648751E-07 
     327  1.62500000E+02  2.12500000E+02  7.21559825E-01  2.66802799E-01  9.88362624E-01  2.50000000E-02  8.46213780E-05  6.23714077E-05 
     328  1.87500000E+02  2.12500000E+02 -5.98162436E-01  1.58652006E+00  9.88357622E-01  2.50000000E-02  5.22734773E-05  3.63695883E-06 
     329  2.12500000E+02  2.12500000E+02 -2.67355377E-01  1.25571920E+00  9.88363819E-01  2.50000000E-02  6.29020451E-05 -2.34502928E-05 
     330  2.37500000E+02  2.12500000E+02  9.29246853E-01  5.90525929E-02  9.88299446E-01  2.50000000E-02  1.92448609E-03 -1.43278204E-04 
     331  2.62500000E+02  2.12500000E+02 -5.41489150E-01  1.52986503E+00  9.88375881E-01  2.50000000E-02  3.94320581E-03 -3.70093247E-05 
     332  2.87500000E+02  2.12500000E+02  9.61606288E-01  2.68136342E-02  9.88419923E-01  2.50000000E-02  2.01812941E-03  2.16521075E-05 
     333  3.12500000E+02  2.12500000E+02 -9.96976256E-01  1.98534676E+00  9.88370508E-01  2.50000000E-02  1.76699544E-04  2.81144178E-05 
     334  3.37500000E+02  2.12500000E+02  7.03037147E-01  2.85337613E-01  9.88374760E-01  2.50000000E-02  1.01060612E-04 -2.71491086E-05 
     335  3.62500000E+02  2.12500000E+02 -9.91669405E-01  1.98003788E+00  9.88368472E-01  2.50000000E-02  1.19248801E-05  9.84967730E-06 
     336  3.87500000E+02  2.12500000E+02 -7.82311094E-01  1.77068187E+00  9.88370774E-01  2.50000000E-02  9.14059632E-06  2.05874443E-05 
     337  4.12500000E+02  2.12500000E+02  6.48352156E-01  3.40015104E-01  9.88367261E-01  2.50000000E-02  2.10729515E-05 -6.83059709E-05 
     338  4.37500000E+02  2.12500000E+02  6.96944532E-01  2.91423113E-01  9.88367645E-01  2.50000000E-02  1.37331382E-05  3.07146744E-05 
     339  4.62500000E+02  2.12500000E+02 -8.76132359E-01  1.86449946E+00  9.88367097E-01  2.50000000E-02  4.88560150E-06  5.13919633E-06 
     340  4.87500000E+02  2.12500000E+02 -5.73095536E-01  1.56146300E+00  9.88367464E-01  2.50000000E-02  4.72923026E-06  2.24616279E-06 
     341  5.12500000E+02  2.12500000E+02 -9.01463864E-01  1.88983142E+00  9.88367555E-01  2.50000000E-02  5.63826709E-06  1.49892096E-06 
     342  5.37500000E+02  2.12500000E+02  7.33343231E-01  2.55020709E-01  9.88363939E-01  2.50000000E-02 -1.34052502E-06  2.68729507E-04 
     343  5.62500000E+02  2.12500000E+02 -1.68227038E-01  1.15659446E+00  9.88367426E-01  2.50000000E-02 -9.13224117E-06 -8.15426250E-06 
     344  5.87500000E+02  2.12500000E+02 -1.82784566E-01  1.17115198E+00  9.88367418E-01  2.50000000E-02 -7.55608541E-06 -7.87045829E-06 
     345  6.12500000E+02  2.12500000E+02 -7.99218124E-03  9.96359353E-01  9.88367172E-01  2.50000000E-02 -6.21809480E-06 -2.04917808E-06 
     346  6.37500000E+02  2.12500000E+02  2.75438084E-01  7.12928835E-01  9.88366919E-01  2.50000000E-02 -6.04938180E-06  4.33225991E-05 
     347  6.62500000E+02  2.12500000E+02  9.24385959E-01  6.39821966E-02  9.88368155E-01  2.50000000E-02 -1.50659636E-05  5.77795726E-07 
     348  6.87500000E+02  2.12500000E+02 -1.36616828E-01  1.12498573E+00  9.88368902E-01  2.50000000E-02  1.71149879E-06 -7.06748341E-05 
     349  7.12500000E+02  2.12500000E+02 -5.19049607E-01  1.50741851E+00  9.88368904E-01  2.50000000E-02  2.04713007E-06 -3.72799849E-07 
     350  7.37500000E+02  2.12500000E+02  8.47420159E-01  1.40948388E-01  9.88368547E-01  2.50000000E-02  5.73660840E-06  7.05786541E-06 
     351  7.62500000E+02  2.12500000E+02  9.79561948E-01  8.80633542E-03  9.88368284E-01  2.50000000E-02  8.30283211E-06  1.07822435E-05 
     352  7.87500000E+02  2.12500000E+02  3.08941214E-01  6.79426822E-01  9.88368036E-01  2.50000000E-02 -7.93280871E-06  8.53997429E-06 
     353  8.12500000E+02  2.12500000E+02 -3.97161530E-01  1.38552951E+00  9.88367982E-01  2.50000000E-02 -7.96083692E-06 -5.41661923E-06 
     354  8.37500000E+02  2.12500000E+02  7.58434357E-01  2.29933703E-01  9.88368060E-01  2.50000000E-02 -6.56379291E-06 -2.35675301E-07 
     355  8.62500000E+02  2.12500000E+02 -5.78647185E-01  1.56701594E+00  9.88368752E-01  2.50000000E-02  4.48582302E-08 -2.79851841E-06 
     356  8.87500000E+02  2.12500000E+02  4.66734109E-02  9.41695186E-01  9.88368597E-01  2.50000000E-02  7.88380573E-07 -3.25802355E-06 
     357  9.12500000E+02  2.12500000E+02  8.68719284E-01  1.19649100E-01  9.88368384E-01  2.50000000E-02  2.48802964E-06 -1.00301252E-06 
     358  9.37500000E+02  2.12500000E+02 -2.26269460E-01  1.21463756E+00  9.88368096E-01  2.50000000E-02 -8.53620564E-07 -1.19009101E-06 
     359  9.62500000E+02  2.12500000E+02 -7.63339254E-01  1.75170738E+00  9.88368122E-01  2.50000000E-02 -9.51597389E-07 -2.21521159E-06 
     360  9.87500000E+02  2.12500000E+02  9.44908009E-01  4.34601476E-02  9.88368156E-01  2.50000000E-02 -4.96008005E-07 -2.52989737E-06 
     361  1.25000000E+01  2.37500000E+02  3.55041820E-01  6.33323955E-01  9.88365775E-01  2.50000000E-02  2.08561455E-07  1.48941466E-06 
     362  3.75000000E+01  2.37500000E+02  3.41509921E-01  6.46855870E-01  9.88365791E-01  2.50000000E-02  6.70160294E-07  1.13145922E-06 
     363  6.25000000E+01  2.37500000E+02 -5.68093173E-01  1.55645895E+00  9.88365775E-01  2.50000000E-02  1.07733252E-06 -1.96360591E-06 
     364  8.75000000E+01  2.37500000E+02  2.68487339E-01  7.19878452E-01  9.88365792E-01  2.50000000E-02  1.29013343E-06  2.31500611E-06 
     365  1.12500000E+02  2.37500000E+02 -7.27306446E-01  1.71567216E+00  9.88365709E-01  2.50000000E-02  1.18103257E-06 -5.71030248E-06 
     366  1.37500000E+02  2.37500000E+02  5.67759217E-01  4.20606623E-01  9.88365840E-01  2.50000000E-02  6.23345733E-07 -1.53078841E-05 
     367  1.62500000E+02  2.37500000E+02  9.79894557E-01  8.47063521E-03  9.88365192E-01  2.50000000E-02  5.54328868E-06 -9.18709716E-06 
     368  1.87500000E+02  2.37500000E+02  1.12566056E-02  9.77108795E-01  9.88365400E-01  2.50000000E-02 -7.68189420E-06 -1.42132230E-05 
     369  2.12500000E+02  2.37500000E+02  1.03523423E-01  8.84841136E-01  9.88364559E-01  2.50000000E-02 -1.04648233E-05 -2.28404036E-05 
     370  2.37500000E+02  2.37500000E+02  3.41537357E-01  6.46827255E-01  9.88364612E-01  2.50000000E-02 -1.91137877E-05 -3.48964033E-04 
     371  2.62500000E+02  2.37500000E+02  3.30516002E-01  6.57849429E-01  9.88365431E-01  2.50000000E-02 -2.42264286E-05  2.44144160E-06 
     372  2.87500000E+02  2.37500000E+02  4.31850495E-01  5.56516260E-01  9.88366756E-01  2.50000000E-02 -2.08322655E-05  2.20529931E-05 
     373  3.12500000E+02  2.37500000E+02  3.44948787E-01  6.43416786E-01  9.88365573E-01  2.50000000E-02 -1.67369785E-05  3.66776196E-05 
     374  3.37500000E+02  2.37500000E+02  8.99211308E-01  8.91559023E-02  9.88367210E-01  2.50000000E-02 -1.24894240E-05  3.12028947E-05 
     375  3.62500000E+02  2.37500000E+02 -2.08322164E-01  1.19668896E+00  9.88366799E-01  2.50000000E-02  4.07395510E-06  1.15630426E-05 
     376  3.87500000E+02  2.37500000E+02  1.34885945E-01  8.53481589E-01  9.88367534E-01  2.50000000E-02  6.71183878E-06  2.95343443E-05 
     377  4.12500000E+02  2.37500000E+02  6.77860891E-01  3.10503785E-01  9.88364676E-01  2.50000000E-02  1.27171725E-05 -4.49717902E-05 
     378  4.37500000E+02  2.37500000E+02  5.42106827E-01  4.46260718E-01  9.88367545E-01  2.50000000E-02  1.77992586E-05  3.48905591E-05 
     379  4.62500000E+02  2.37500000E+02  5.81020619E-01  4.07347043E-01  9.88367661E-01  2.50000000E-02  3.15127605E-05  8.08323200E-06 
     380  4.87500000E+02  2.37500000E+02  8.48891551E-01  1.39474048E-01  9.88365599E-01  2.50000000E-02  7.90303235E-05 -1.09524751E-05 
     381  5.12500000E+02  2.37500000E+02  6.13149962E-01  3.75214161E-01  9.88364123E-01  2.50000000E-02  9.18192987E-05  6.48491722E-06 
     382  5.37500000E+02  2.37500000E+02  7.83830333E-01  2.04532676E-01  9.88363009E-01  2.50000000E-02  7.54542648E-05  3.63159611E-04 
     383  5.62500000E+02  2.37500000E+02  9.08825902E-01  7.95419413E-02  9.88367843E-01  2.50000000E-02  1.33966189E-05 -4.08261910E-06 
     384  5.87500000E+02  2.37500000E+02 -1.34468632E-01  1.12283618E+00  9.88367547E-01  2.50000000E-02 -1.01478965E-07 -1.05345568E-05 
     385  6.12500000E+02  2.37500000E+02  3.34650640E-01  6.53717096E-01  9.88367736E-01  2.50000000E-02 -1.17067912E-07 -5.14459404E-06 
     386  6.37500000E+02  2.37500000E+02  4.15609584E-01  5.72757417E-01  9.88367001E-01  2.50000000E-02 -2.30295784E-06  4.87717586E-05 
     387  6.62500000E+02  2.37500000E+02 -9.77713809E-01  1.96608233E+00  9.88368520E-01  2.50000000E-02 -1.19526928E-06 -1.76758325E-06 
     388  6.87500000E+02  2.37500000E+02 -1.11305828E-01  1.09967396E+00  9.88368130E-01  2.50000000E-02  4.03849663E-07 -7.63991597E-05 
     389  7.12500000E+02  2.37500000E+02  8.58179792E-01  1.30188170E-01  9.88367963E-01  2.50000000E-02  8.25182244E-06  1.65000278E-06 
     390  7.37500000E+02  2.37500000E+02  4.32972426E-01  5.55395360E-01  9.88367787E-01  2.50000000E-02  1.24730468E-05  5.41220334E-06 
     391  7.62500000E+02  2.37500000E+02  9.65989899E-01  2.23782160E-02  9.88368115E-01  2.50000000E-02  1.86309189E-07  1.02389373E-05 
     392  7.87500000E+02  2.37500000E+02  1.24913734E-01  8.63454519E-01  9.88368253E-01  2.50000000E-02 -3.02549000E-06  9.14293548E-06 
     393  8.12500000E+02  2.37500000E+02 -2.80744632E-01  1.26911275E+00  9.88368122E-01  2.50000000E-02 -3.37099203E-06 -6.32611542E-06 
     394  8.37500000E+02  2.37500000E+02 -2.61851218E-01  1.25021947E+00  9.88368253E-01  2.50000000E-02 -3.34601115E-06 -7.76962657E-07 
     395  8.62500000E+02  2.37500000E+02 -7.91797223E-01  1.78016556E+00  9.88368340E-01  2.50000000E-02 -2.62616191E-06 -3.47150260E-06 
     396  8.87500000E+02  2.37500000E+02 -5.79944574E-01  1.56831277E+00  9.88368200E-01  2.50000000E-02 -2.23841593E-06 -4.06762786E-06 
     397  9.12500000E+02  2.37500000E+02 -3.91335675E-01  1.37970384E+00  9.88368162E-01  2.50000000E-02 -2.22225556E-06 -2.38700817E-06 
     398  9.37500000E+02  2.37500000E+02  9.45837524E-01  4.25306099E-02  9.88368134E-01  2.50000000E-02 -4.15936856E-06 -9.15028689E-07 
     399  9.62500000E+02  2.37500000E+02  3.37232494E-01  6.51136056E-01  9.88368550E-01  2.50000000E-02  6.21444719E-07 -5.06285500E-06 
     400  9.87500000E+02  2.37500000E+02  1.21210509E-01  8.67157894E-01  9.88368404E-01  2.50000000E-02  2.86420520E-07  3.63297203E-07 
     401  1.25000000E+01  2.62500000E+02 -9.34840164E-01  1.92320596E+00  9.88365792E-01  2.50000000E-02  1.40703984E-07  1.17346322E-06 
     402  3.75000000E+01  2.62500000E+02 -9.55515730E-01  1.94388148E+00  9.88365746E-01  2.50000000E-02  3.25866429E-07  4.71239880E-07 
     403  6.25000000E+01  2.62500000E+02  6.26565141E-01  3.61800510E-01  9.88365651E-01  2.50000000E-02  9.55468877E-07 -1.55231771E-06 
     404  8.75000000E+01  2.62500000E+02 -7.22820953E-01  1.71118685E+00  9.88365898E-01  2.50000000E-02  2.28679062E-06  2.47467520E-06 
     405  1.12500000E+02  2.62500000E+02  7.85906675E-01  2.02459085E-01  9.88365760E-01  2.50000000E-02  6.33888935E-06 -6.77577114E-06 
     406  1.37500000E+02  2.62500000E+02  8.95852159E-01  9.25131830E-02  9.88365342E-01  2.50000000E-02  1.16183095E-05 -1.17035598E-05 
     407  1.62500000E+02  2.62500000E+02 -5.06916641E-01  1.49528144E+00  9.88364801E-01  2.50000000E-02  6.63487107E-06 -5.83912319E-06 
     408  1.87500000E+02  2.62500000E+02 -5.87829816E-01  1.57619486E+00  9.88365044E-01  2.50000000E-02  7.08673689E-06 -8.36221731E-06 
     409  2.12500000E+02  2.62500000E+02 -1.34708598E-01  1.12307370E+00  9.88365100E-01  2.50000000E-02  8.86776448E-06 -1.77535972E-05 
     410  2.37500000E+02  2.62500000E+02  8.47734741E-01  1.40622302E-01  9.88357043E-01  2.50000000E-02 -1.58577427E-05 -1.97529991E-04 
     411  2.62500000E+02  2.62500000E+02  4.76887218E-01  5.11479201E-01  9.88366418E-01  2.50000000E-02 -2.92058279E-05  5.48905399E-06 
     412  2.87500000E+02  2.62500000E+02  2.00159583E-01  7.88207373E-01  9.88366956E-01  2.50000000E-02 -1.71179140E-05  1.19658541E-05 
     413  3.12500000E+02  2.62500000E+02 -4.78297783E-01  1.46666409E+00  9.88366309E-01  2.50000000E-02 -1.17142191E-05  2.84856163E-05 
     414  3.37500000E+02  2.62500000E+02  3.56056858E-01  6.32309400E-01  9.88366258E-01  2.50000000E-02 -7.42911190E-06 -1.14606864E-07 
     415  3.62500000E+02  2.62500000E+02 -4.05332105E-01  1.39369946E+00  9.88367358E-01  2.50000000E-02  9.80618322E-07  9.99412992E-06 
     416  3.87500000E+02  2.62500000E+02 -3.03954547E-01  1.29232089E+00  9.88366342E-01  2.50000000E-02  2.48730003E-06  2.29799712E-05 
     417  4.12500000E+02  2.62500000E+02 -8.01330835E-01  1.78969754E+00  9.88366704E-01  2.50000000E-02  2.12704279E-06 -2.20696499E-05 
     418  4.37500000E+02  2.62500000E+02  9.54547333E-01  3.38173888E-02  9.88364722E-01  2.50000000E-02  9.22044378E-05  3.08367884E-05 
     419  4.62500000E+02  2.62500000E+02  8.90316133E-01  9.80464286E-02  9.88362561E-01  2.50000000E-02  9.83326404E-05  4.81698183E-06 
     420  4.87500000E+02  2.62500000E+02  7.08974002E-01  2.79389195E-01  9.88363196E-01  2.50000000E-02  9.06383955E-05 -5.87779485E-05 
     421  5.12500000E+02  2.62500000E+02  6.65835253E-01  3.22528772E-01  9.88364025E-01  2.50000000E-02  9.10912650E-05 -9.85057296E-06 
     422  5.37500000E+02  2.62500000E+02 -7.56810450E-01  1.74518029E+00  9.88369840E-01  2.50000000E-02  1.23652629E-04  4.82234661E-04 
     423  5.62500000E+02  2.62500000E+02  2.22872355E-01  7.65495571E-01  9.88367926E-01  2.50000000E-02  1.27372604E-04  6.72605341E-06 
     424  5.87500000E+02  2.62500000E+02  1.94286672E-01  7.94082738E-01  9.88369409E-01  2.50000000E-02  1.26318650E-04 -7.12727495E-06 
     425  6.12500000E+02  2.62500000E+02  3.02195158E-01  6.86173519E-01  9.88368678E-01  2.50000000E-02  1.24558972E-04 -2.13754712E-06 
     426  6.37500000E+02  2.62500000E+02 -1.01702793E-01  1.09006937E+00  9.88366572E-01  2.50000000E-02  1.08642678E-04  5.14457814E-05 
     427  6.62500000E+02  2.62500000E+02 -8.44736268E-01  1.83310569E+00  9.88369422E-01  2.50000000E-02  1.02919101E-04  3.88362704E-07 
     428  6.87500000E+02  2.62500000E+02 -1.13311707E-02  9.99701023E-01  9.88369852E-01  2.50000000E-02  1.03244423E-04 -7.83567929E-05 
     429  7.12500000E+02  2.62500000E+02  6.77916363E-01  3.10453160E-01  9.88369523E-01  2.50000000E-02  9.76661234E-05  9.14077408E-06 
     430  7.37500000E+02  2.62500000E+02 -5.21512721E-01  1.50987992E+00  9.88367196E-01  2.50000000E-02  7.32452521E-05  1.83879836E-06 
     431  7.62500000E+02  2.62500000E+02  4.69066451E-01  5.19302418E-01  9.88368869E-01  2.50000000E-02  5.65594601E-05  2.64787029E-05 
     432  7.87500000E+02  2.62500000E+02 -8.56823764E-01  1.84519197E+00  9.88368207E-01  2.50000000E-02  4.25039040E-05  9.78841872E-06 
     433  8.12500000E+02  2.62500000E+02  8.59767371E-02  9.02392188E-01  9.88368925E-01  2.50000000E-02  3.54290004E-05 -4.00014438E-06 
     434  8.37500000E+02  2.62500000E+02 -1.82638404E-01  1.17100768E+00  9.88369279E-01  2.50000000E-02  3.10586281E-05  2.41388725E-06 
     435  8.62500000E+02  2.62500000E+02  2.06930704E-01  7.81439040E-01  9.88369744E-01  2.50000000E-02  2.75401620E-05 -2.95026929E-06 
     436  8.87500000E+02  2.62500000E+02  4.00383273E-01  5.87986163E-01  9.88369436E-01  2.50000000E-02  2.23324887E-05 -2.41662778E-06 
     437  9.12500000E+02  2.62500000E+02 -2.58413072E-01  1.24678123E+00  9.88368156E-01  2.50000000E-02  1.00267616E-05 -2.38031636E-06 
     438  9.37500000E+02  2.62500000E+02 -7.37106387E-01  1.72547470E+00  9.88368317E-01  2.50000000E-02  4.65085463E-06  4.54337428E-06 
     439  9.62500000E+02  2.62500000E+02 -8.13081408E-01  1.80145010E+00  9.88368694E-01  2.50000000E-02  2.45755198E-06 -5.37636480E-06 
     440  9.87500000E+02  2.62500000E+02 -5.16564687E-01  1.50493338E+00  9.88368695E-01  2.50000000E-02  8.20218838E-07  1.48229409E-06 
     441  1.25000000E+01  2.87500000E+02  8.33477417E-01  1.54888246E-01  9.88365663E-01  2.50000000E-02  6.15054107E-07  1.17687644E-06 
     442  3.75000000E+01  2.87500000E+02 -9.98707575E-01  1.98707318E+00  9.88365601E-01  2.50000000E-02  1.32328464E-06  1.66527342E-08 
     443  6.25000000E+01  2.87500000E+02 -3.28974606E-01  1.31734036E+00  9.88365754E-01  2.50000000E-02  1.71292565E-06 -1.05136641E-06 
     444  8.75000000E+01  2.87500000E+02  7.84918661E-01  2.03446556E-01  9.88365217E-01  2.50000000E-02  1.06602111E-05  2.07765349E-06 
     445  1.12500000E+02  2.87500000E+02 -9.03909283E-02  1.07875606E+00  9.88365130E-01  2.50000000E-02  1.44084987E-05 -1.11701919E-05 
     446  1.37500000E+02  2.87500000E+02  4.75391453E-02  9.40826326E-01  9.88365471E-01  2.50000000E-02  1.51799107E-05 -1.08204045E-05 
     447  1.62500000E+02  2.87500000E+02 -8.47335720E-01  1.83569993E+00  9.88364206E-01  2.50000000E-02  1.23714090E-05 -7.37008332E-06 
     448  1.87500000E+02  2.87500000E+02 -4.00822679E-01  1.38918712E+00  9.88364444E-01  2.50000000E-02  8.55238004E-06 -7.01730531E-06 
     449  2.12500000E+02  2.87500000E+02  2.14785155E-02  9.66885384E-01  9.88363900E-01  2.50000000E-02  5.88182802E-07 -1.53659297E-05 
     450  2.37500000E+02  2.87500000E+02 -5.47241463E-01  1.53560830E+00  9.88366839E-01  2.50000000E-02 -2.33094040E-07 -2.22822719E-05 
     451  2.62500000E+02  2.87500000E+02 -2.74508318E-01  1.26287392E+00  9.88365607E-01  2.50000000E-02  1.50810277E-06  9.27823066E-06 
     452  2.87500000E+02  2.87500000E+02  1.64184089E-01  8.24182898E-01  9.88366987E-01  2.50000000E-02  2.07232506E-06  6.56316877E-06 
     453  3.12500000E+02  2.87500000E+02  3.72539936E-01  6.15826721E-01  9.88366657E-01  2.50000000E-02  7.74039120E-06  2.34383523E-05 
     454  3.37500000E+02  2.87500000E+02 -6.12205178E-01  1.60057192E+00  9.88366741E-01  2.50000000E-02  1.12746125E-05 -3.32372763E-07 
     455  3.62500000E+02  2.87500000E+02  5.38933411E-01  4.49433647E-01  9.88367059E-01  2.50000000E-02  1.34739068E-05  8.56835345E-06 
     456  3.87500000E+02  2.87500000E+02 -6.94758963E-01  1.68312583E+00  9.88366867E-01  2.50000000E-02  1.45621641E-05  1.84755840E-05 
     457  4.12500000E+02  2.87500000E+02  2.53964569E-01  7.34400483E-01  9.88365052E-01  2.50000000E-02  5.18608796E-06 -1.66424671E-05 
     458  4.37500000E+02  2.87500000E+02 -4.05095158E-01  1.39346156E+00  9.88366398E-01  2.50000000E-02 -6.74640664E-06  6.08766566E-06 
     459  4.62500000E+02  2.87500000E+02  4.50713467E-01  5.37653877E-01  9.88367344E-01  2.50000000E-02 -1.52424996E-05 -1.07549315E-06 
     460  4.87500000E+02  2.87500000E+02  4.34032856E-01  5.54334901E-01  9.88367757E-01  2.50000000E-02 -1.81425597E-05 -5.28459712E-05 
     461  5.12500000E+02  2.87500000E+02  8.53116490E-01  1.35250958E-01  9.88367448E-01  2.50000000E-02 -3.07971636E-05 -4.00881721E-05 
     462  5.37500000E+02  2.87500000E+02  9.51742552E-01  3.66324704E-02  9.88375022E-01  2.50000000E-02 -1.63598641E-05  2.79793456E-04 
     463  5.62500000E+02  2.87500000E+02  4.66086404E-01  5.22281529E-01  9.88367933E-01  2.50000000E-02  3.71968767E-06  7.54354762E-06 
     464  5.87500000E+02  2.87500000E+02 -6.44614476E-01  1.63298235E+00  9.88367876E-01  2.50000000E-02  1.52434679E-06 -2.09739636E-06 
     465  6.12500000E+02  2.87500000E+02 -3.96191500E-01  1.38455949E+00  9.88367985E-01  2.50000000E-02  1.20401544E-06  1.63059798E-06 
     466  6.37500000E+02  2.87500000E+02  9.33081605E-01  5.52869180E-02  9.88368523E-01  2.50000000E-02  1.01730388E-06  1.89558690E-05 
     467  6.62500000E+02  2.87500000E+02 -3.17314769E-01  1.30568288E+00  9.88368114E-01  2.50000000E-02  2.29284019E-06  3.89358493E-06 
     468  6.87500000E+02  2.87500000E+02  7.96572196E-01  1.91794592E-01  9.88366788E-01  2.50000000E-02 -7.98233634E-06 -3.84098420E-05 
     469  7.12500000E+02  2.87500000E+02  8.09256149E-01  1.79112290E-01  9.88368439E-01  2.50000000E-02 -1.72111618E-05  1.39006270E-05 
     470  7.37500000E+02  2.87500000E+02  4.17497295E-01  5.70870744E-01  9.88368039E-01  2.50000000E-02 -1.62951404E-05 -4.14621730E-07 
     471  7.62500000E+02  2.87500000E+02  7.71770057E-01  2.16597966E-01  9.88368023E-01  2.50000000E-02 -1.60014430E-05  1.96273613E-05 
     472  7.87500000E+02  2.87500000E+02  9.31914994E-01  5.64529398E-02  9.88367933E-01  2.50000000E-02 -1.03727937E-05  8.16165893E-06 
     473  8.12500000E+02  2.87500000E+02 -3.74138657E-01  1.36250687E+00  9.88368212E-01  2.50000000E-02 -1.30334805E-06 -1.01699127E-06 
     474  8.37500000E+02  2.87500000E+02 -8.49988818E-01  1.83835695E+00  9.88368133E-01  2.50000000E-02 -1.34769489E-06  5.34693563E-06 
     475  8.62500000E+02  2.87500000E+02  7.00082609E-01  2.88285316E-01  9.88367924E-01  2.50000000E-02 -4.37605467E-06  1.18304850E-05 
     476  8.87500000E+02  2.87500000E+02 -9.10670425E-01  1.89903892E+00  9.88368491E-01  2.50000000E-02 -5.13307147E-06  7.05220858E-07 
     477  9.12500000E+02  2.87500000E+02  6.07538114E-01  3.80830029E-01  9.88368143E-01  2.50000000E-02 -4.11034820E-06 -1.83124036E-06 
     478  9.37500000E+02  2.87500000E+02  2.30521661E-01  7.57846497E-01  9.88368158E-01  2.50000000E-02 -4.51538938E-06  4.27178179E-06 
     479  9.62500000E+02  2.87500000E+02  7.48881598E-01  2.39486604E-01  9.88368202E-01  2.50000000E-02 -3.99167743E-06 -3.40103594E-06 
     480  9.87500000E+02  2.87500000E+02 -4.58150855E-01  1.44651950E+00  9.88368640E-01  2.50000000E-02 -2.23136551E-07  2.34175320E-06 
     481  1.25000000E+01  3.12500000E+02  8.89455632E-01  9.89100997E-02  9.88365732E-01  2.50000000E-02 -2.37666592E-07  5.93301749E-07 
     482  3.75000000E+01  3.12500000E+02 -6.31376517E-01  1.61974230E+00  9.88365786E-01  2.50000000E-02 -1.10353289E-07 -5.03816467E-07 
     483  6.25000000E+01  3.12500000E+02  3.05552792E-01  6.82812918E-01  9.88365710E-01  2.50000000E-02 -2.44663524E-07 -5.59724402E-07 
     484  8.75000000E+01  3.12500000E+02  1.01249800E-01  8.87115876E-01  9.88365676E-01  2.50000000E-02 -7.35920562E-07  3.90505810E-07 
     485  1.12500000E+02  3.12500000E+02 -6.71278176E-01  1.65964402E+00  9.88365843E-01  2.50000000E-02 -5.54679506E-07 -9.31537704E-06 
     486  1.37500000E+02  3.12500000E+02  7.13473855E-01  2.74891489E-01  9.88365344E-01  2.50000000E-02  9.43103923E-07 -8.92117377E-06 
     487  1.62500000E+02  3.12500000E+02  3.81535222E-01  6.06830166E-01  9.88365389E-01  2.50000000E-02 -2.72508896E-07 -1.42747020E-05 
     488  1.87500000E+02  3.12500000E+02  9.56451482E-01  3.19141906E-02  9.88365673E-01  2.50000000E-02 -1.57669171E-05 -1.95248639E-05 
     489  2.12500000E+02  3.12500000E+02  7.75383494E-01  2.12982511E-01  9.88366005E-01  2.50000000E-02 -1.96612958E-05 -1.35453641E-05 
     490  2.37500000E+02  3.12500000E+02 -7.42396327E-01  1.73076154E+00  9.88365216E-01  2.50000000E-02 -2.43942224E-05 -1.89754838E-05 
     491  2.62500000E+02  3.12500000E+02  1.02374976E-01  8.85990556E-01  9.88365532E-01  2.50000000E-02 -2.38017815E-05  8.89028002E-06 
     492  2.87500000E+02  3.12500000E+02 -7.45134914E-01  1.73350278E+00  9.88367866E-01  2.50000000E-02 -1.40238637E-05  4.66275580E-06 
     493  3.12500000E+02  3.12500000E+02 -9.64563739E-01  1.95293100E+00  9.88367261E-01  2.50000000E-02 -8.88434182E-06  2.19401781E-05 
     494  3.37500000E+02  3.12500000E+02 -5.81170204E-01  1.56953670E+00  9.88366498E-01  2.50000000E-02 -6.32684926E-06 -5.12553885E-07 
     495  3.62500000E+02  3.12500000E+02 -7.55561457E-01  1.74392776E+00  9.88366308E-01  2.50000000E-02 -6.03860650E-06  2.27641964E-06 
     496  3.87500000E+02  3.12500000E+02 -3.49295018E-01  1.33766133E+00  9.88366312E-01  2.50000000E-02 -6.13614441E-06  1.38908913E-05 
     497  4.12500000E+02  3.12500000E+02  9.88179630E-01  1.85896527E-04  9.88365526E-01  2.50000000E-02 -9.23428599E-06 -2.12013245E-05 
     498  4.37500000E+02  3.12500000E+02  1.76495243E-01  8.11871874E-01  9.88367117E-01  2.50000000E-02 -4.45183127E-06  8.13871103E-06 
     499  4.62500000E+02  3.12500000E+02 -6.12133846E-02  1.04958049E+00  9.88367109E-01  2.50000000E-02 -4.61378457E-06  1.27856761E-06 
     500  4.87500000E+02  3.12500000E+02 -1.10749767E-01  1.09911649E+00  9.88366724E-01  2.50000000E-02 -6.06189964E-06 -4.39159904E-05 
     501  5.12500000E+02  3.12500000E+02  1.54185328E-01  8.34181357E-01  9.88366686E-01  2.50000000E-02 -1.01419383E-05 -4.48324647E-05 
     502  5.37500000E+02  3.12500000E+02  1.54441631E-03  9.86822977E-01  9.88367394E-01  2.50000000E-02 -1.20717533E-05  1.18922860E-05 
     503  5.62500000E+02  3.12500000E+02 -2.09939076E-01  1.19830679E+00  9.88367719E-01  2.50000000E-02 -1.07579023E-05  7.55270106E-06 
     504  5.87500000E+02  3.12500000E+02  8.37053587E-02  9.04662217E-01  9.88367576E-01  2.50000000E-02 -8.69754447E-06 -2.81057650E-06 
     505  6.12500000E+02  3.12500000E+02 -9.84763029E-01  1.97313044E+00  9.88367408E-01  2.50000000E-02 -7.73823316E-06  5.24910951E-07 
     506  6.37500000E+02  3.12500000E+02  4.72295481E-01  5.16072105E-01  9.88367586E-01  2.50000000E-02 -6.31444007E-06  6.59135889E-08 
     507  6.62500000E+02  3.12500000E+02 -6.67066766E-01  1.65543475E+00  9.88367980E-01  2.50000000E-02 -2.52273486E-06  3.41682436E-06 
     508  6.87500000E+02  3.12500000E+02 -4.64834171E-01  1.45320222E+00  9.88368047E-01  2.50000000E-02 -1.26040116E-06 -9.28892382E-06 
     509  7.12500000E+02  3.12500000E+02 -2.73507669E-01  1.26187526E+00  9.88367589E-01  2.50000000E-02 -8.45041539E-07  4.04072260E-06 
     510  7.37500000E+02  3.12500000E+02 -9.70003133E-01  1.95837090E+00  9.88367768E-01  2.50000000E-02 -1.29973716E-06 -2.01593212E-07 
     511  7.62500000E+02  3.12500000E+02  2.81929733E-01  7.06438103E-01  9.88367836E-01  2.50000000E-02 -1.30963377E-06  5.18680550E-06 
     512  7.87500000E+02  3.12500000E+02  2.41078169E-01  7.47289591E-01  9.88367761E-01  2.50000000E-02 -1.49042979E-06  8.38252791E-07 
     513  8.12500000E+02  3.12500000E+02  3.95770170E-01  5.92597733E-01  9.88367903E-01  2.50000000E-02 -1.75320711E-06 -1.76068684E-07 
     514  8.37500000E+02  3.12500000E+02 -6.42047305E-02  1.05257277E+00  9.88368036E-01  2.50000000E-02 -1.11019757E-06  4.73970374E-06 
     515  8.62500000E+02  3.12500000E+02  6.23029571E-01  3.65338017E-01  9.88367589E-01  2.50000000E-02 -1.79133221E-06  1.39205980E-05 
     516  8.87500000E+02  3.12500000E+02  7.02108725E-01  2.86259509E-01  9.88368235E-01  2.50000000E-02 -2.69205520E-06 -8.08133423E-07 
     517  9.12500000E+02  3.12500000E+02 -3.55302842E-03  9.91921182E-01  9.88368153E-01  2.50000000E-02 -3.96722511E-07 -1.04884117E-06 
     518  9.37500000E+02  3.12500000E+02 -9.62513231E-01  1.95088147E+00  9.88368239E-01  2.50000000E-02  1.35563585E-07  3.83105532E-06 
     519  9.62500000E+02  3.12500000E+02 -6.76846554E-01  1.66521471E+00  9.88368152E-01  2.50000000E-02  2.83539170E-07 -4.33476265E-06 
     520  9.87500000E+02  3.12500000E+02  5.26013183E-01  4.62355008E-01  9.88368191E-01  2.50000000E-02  2.40526921E-08  4.41786211E-06 
     521  1.25000000E+01  3.37500000E+02 -4.61756070E-01  1.45012179E+00  9.88365724E-01  2.50000000E-02 -5.31025682E-07  1.11381902E-06 
     522  3.75000000E+01  3.37500000E+02 -5.57306245E-01  1.54567207E+00  9.88365823E-01  2.50000000E-02 -1.33746426E-06 -4.28121981E-07 
     523  6.25000000E+01  3.37500000E+02 -8.43123585E-01  1.83148940E+00  9.88365816E-01  2.50000000E-02 -1.84516948E-06  2.67717714E-07 
     524  8.75000000E+01  3.37500000E+02 -6.36874693E-01  1.62524049E+00  9.88365802E-01  2.50000000E-02 -2.34045649E-06  1.05169189E-06 
     525  1.12500000E+02  3.37500000E+02 -8.62173038E-01  1.85053817E+00  9.88365137E-01  2.50000000E-02 -4.47256164E-06 -8.66052663E-06 
     526  1.37500000E+02  3.37500000E+02 -9.98801574E-01  1.98716727E+00  9.88365696E-01  2.50000000E-02 -6.19841145E-06 -5.15871385E-06 
     527  1.62500000E+02  3.37500000E+02  4.97561888E-01  4.90803847E-01  9.88365735E-01  2.50000000E-02 -8.19655270E-06 -1.52716596E-05 
     528  1.87500000E+02  3.37500000E+02  5.55506505E-01  4.32859523E-01  9.88366028E-01  2.50000000E-02 -8.63925628E-06 -2.41483414E-06 
     529  2.12500000E+02  3.37500000E+02 -5.14768477E-01  1.50313409E+00  9.88365613E-01  2.50000000E-02 -9.36417475E-06  2.05308071E-07 
     530  2.37500000E+02  3.37500000E+02  4.49690095E-01  5.38675503E-01  9.88365598E-01  2.50000000E-02 -1.06155182E-05 -1.97175864E-05 
     531  2.62500000E+02  3.37500000E+02  2.08834336E-01  7.79531277E-01  9.88365613E-01  2.50000000E-02 -1.15931514E-05  8.14759715E-06 
     532  2.87500000E+02  3.37500000E+02  8.80607532E-01  1.07758800E-01  9.88366333E-01  2.50000000E-02 -1.09565753E-05  1.43951491E-05 
     533  3.12500000E+02  3.37500000E+02  7.62143809E-01  2.26222921E-01  9.88366729E-01  2.50000000E-02  3.66704404E-07  1.94112759E-05 
     534  3.37500000E+02  3.37500000E+02  1.91182312E-01  7.97184145E-01  9.88366457E-01  2.50000000E-02  3.22152016E-06 -2.85537275E-06 
     535  3.62500000E+02  3.37500000E+02 -4.39467332E-01  1.42783376E+00  9.88366430E-01  2.50000000E-02  3.08726576E-06  9.19902101E-07 
     536  3.87500000E+02  3.37500000E+02 -6.68779376E-01  1.65714613E+00  9.88366753E-01  2.50000000E-02  3.70712358E-06  8.96639498E-06 
     537  4.12500000E+02  3.37500000E+02 -5.55079330E-01  1.54344577E+00  9.88366441E-01  2.50000000E-02  4.07870907E-06  4.89222250E-06 
     538  4.37500000E+02  3.37500000E+02 -1.77210822E-01  1.16557710E+00  9.88366281E-01  2.50000000E-02  2.73073957E-06  9.57407897E-06 
     539  4.62500000E+02  3.37500000E+02 -3.32755791E-01  1.32112268E+00  9.88366888E-01  2.50000000E-02  2.47678906E-06  1.15410981E-06 
     540  4.87500000E+02  3.37500000E+02  4.02397733E-01  5.85968724E-01  9.88366457E-01  2.50000000E-02  4.26802980E-06 -3.87843913E-05 
     541  5.12500000E+02  3.37500000E+02  9.35292297E-01  5.30740503E-02  9.88366347E-01  2.50000000E-02 -1.00294343E-05 -2.60179101E-05 
     542  5.37500000E+02  3.37500000E+02  9.15586516E-02  8.96809250E-01  9.88367902E-01  2.50000000E-02 -5.98830230E-06  1.01280095E-05 
     543  5.62500000E+02  3.37500000E+02  8.15716200E-01  1.72651657E-01  9.88367857E-01  2.50000000E-02 -4.14366570E-06  5.06345927E-06 
     544  5.87500000E+02  3.37500000E+02 -5.03468074E-01  1.49183601E+00  9.88367939E-01  2.50000000E-02 -2.29338586E-06 -3.02947193E-06 
     545  6.12500000E+02  3.37500000E+02 -6.69021962E-01  1.65738979E+00  9.88367830E-01  2.50000000E-02 -2.42176989E-06 -4.65616942E-07 
     546  6.37500000E+02  3.37500000E+02 -6.42252231E-01  1.63062004E+00  9.88367809E-01  2.50000000E-02 -2.77806301E-06  1.31415816E-07 
     547  6.62500000E+02  3.37500000E+02 -9.15931343E-01  1.90429943E+00  9.88368087E-01  2.50000000E-02 -2.48868205E-06  3.07481941E-06 
     548  6.87500000E+02  3.37500000E+02 -3.57765820E-02  1.02414416E+00  9.88367581E-01  2.50000000E-02 -2.14534230E-06 -7.35886547E-06 
     549  7.12500000E+02  3.37500000E+02  1.43321703E-02  9.74035654E-01  9.88367824E-01  2.50000000E-02 -2.70754876E-06  3.51461527E-06 
     550  7.37500000E+02  3.37500000E+02 -8.25790495E-01  1.81415838E+00  9.88367881E-01  2.50000000E-02 -2.32202742E-06 -9.20232497E-08 
     551  7.62500000E+02  3.37500000E+02 -5.13702550E-01  1.50207027E+00  9.88367722E-01  2.50000000E-02 -2.43822189E-06  2.03411458E-06 
     552  7.87500000E+02  3.37500000E+02  6.87706151E-02  9.19597191E-01  9.88367806E-01  2.50000000E-02 -3.26060614E-06  8.63873276E-07 
     553  8.12500000E+02  3.37500000E+02  1.57189289E-01  8.31178608E-01  9.88367897E-01  2.50000000E-02 -3.60083497E-06 -2.06874139E-07 
     554  8.37500000E+02  3.37500000E+02 -3.94510543E-01  1.38287842E+00  9.88367875E-01  2.50000000E-02 -3.74548174E-06  3.45702494E-06 
     555  8.62500000E+02  3.37500000E+02  3.74971382E-01  6.13396821E-01  9.88368203E-01  2.50000000E-02 -2.96795547E-06  1.69857981E-05 
     556  8.87500000E+02  3.37500000E+02 -3.79816420E-01  1.36818487E+00  9.88368455E-01  2.50000000E-02  4.32604635E-08 -2.10903347E-06 
     557  9.12500000E+02  3.37500000E+02  1.94168431E-01  7.94199639E-01  9.88368070E-01  2.50000000E-02  1.21168827E-06 -9.01863917E-07 
     558  9.37500000E+02  3.37500000E+02  4.57312719E-01  5.31055471E-01  9.88368190E-01  2.50000000E-02  1.16312757E-06  4.15414506E-06 
     559  9.62500000E+02  3.37500000E+02  8.05780058E-01  1.82587888E-01  9.88367945E-01  2.50000000E-02  1.33213616E-06 -1.43490860E-06 
     560  9.87500000E+02  3.37500000E+02  3.18677521E-01  6.69690464E-01  9.88367985E-01  2.50000000E-02  6.23163726E-08  3.70935197E-06 
     561  1.25000000E+01  3.62500000E+02 -9.66060666E-01  1.95442650E+00  9.88365836E-01  2.50000000E-02 -3.47708739E-08  1.42507492E-06 
     562  3.75000000E+01  3.62500000E+02  5.15856432E-01  4.72509357E-01  9.88365789E-01  2.50000000E-02 -8.36133998E-07  6.83015501E-07 
     563  6.25000000E+01  3.62500000E+02 -3.34530843E-01  1.32289665E+00  9.88365806E-01  2.50000000E-02 -1.76768769E-06  7.43591420E-07 
     564  8.75000000E+01  3.62500000E+02  3.69791417E-01  6.18574286E-01  9.88365703E-01  2.50000000E-02 -2.67725480E-06  2.69852885E-06 
     565  1.12500000E+02  3.62500000E+02  3.35961265E-01  6.52404225E-01  9.88365490E-01  2.50000000E-02 -4.78939280E-06 -1.04561682E-05 
     566  1.37500000E+02  3.62500000E+02 -9.76369505E-01  1.96473509E+00  9.88365582E-01  2.50000000E-02 -7.03891926E-06 -5.00267491E-06 
     567  1.62500000E+02  3.62500000E+02 -7.03027348E-01  1.69139288E+00  9.88365527E-01  2.50000000E-02 -7.45848529E-06 -1.52584199E-05 
     568  1.87500000E+02  3.62500000E+02 -3.95054195E-01  1.38342005E+00  9.88365852E-01  2.50000000E-02 -7.13621305E-06 -2.70132036E-06 
     569  2.12500000E+02  3.62500000E+02 -6.06662382E-01  1.59502770E+00  9.88365316E-01  2.50000000E-02 -7.22480763E-06  2.04215033E-08 
     570  2.37500000E+02  3.62500000E+02  1.31333254E-01  8.57032414E-01  9.88365667E-01  2.50000000E-02 -8.78706777E-06 -1.79749889E-05 
     571  2.62500000E+02  3.62500000E+02  6.78557906E-01  3.09807599E-01  9.88365506E-01  2.50000000E-02 -1.04285706E-05  4.83560643E-06 
     572  2.87500000E+02  3.62500000E+02  8.98066731E-01  9.02996898E-02  9.88366421E-01  2.50000000E-02 -1.54476880E-05  8.60417523E-06 
     573  3.12500000E+02  3.62500000E+02  6.28986818E-01  3.59380003E-01  9.88366821E-01  2.50000000E-02 -6.36649232E-06  1.37949706E-05 
     574  3.37500000E+02  3.62500000E+02 -5.61567362E-01  1.54993450E+00  9.88367135E-01  2.50000000E-02 -3.11878849E-06 -2.87408331E-06 
     575  3.62500000E+02  3.62500000E+02 -2.10584714E-01  1.19895154E+00  9.88366829E-01  2.50000000E-02 -3.27775538E-06  8.03001999E-07 
     576  3.87500000E+02  3.62500000E+02 -6.15901412E-01  1.60426876E+00  9.88367347E-01  2.50000000E-02 -2.89750691E-06  7.62791140E-06 
     577  4.12500000E+02  3.62500000E+02  4.92716108E-01  4.95650434E-01  9.88366542E-01  2.50000000E-02  1.40192377E-07  5.12992928E-06 
     578  4.37500000E+02  3.62500000E+02 -3.55685850E-01  1.34405266E+00  9.88366808E-01  2.50000000E-02  5.86181074E-07  1.01371274E-05 
     579  4.62500000E+02  3.62500000E+02 -9.76551710E-01  1.96491864E+00  9.88366934E-01  2.50000000E-02  1.19989302E-06  7.40691355E-07 
     580  4.87500000E+02  3.62500000E+02 -8.66758993E-01  1.85512576E+00  9.88366770E-01  2.50000000E-02  1.34498301E-06 -3.26149763E-05 
     581  5.12500000E+02  3.62500000E+02  5.96923364E-01  3.91443507E-01  9.88366871E-01  2.50000000E-02 -1.15976862E-06 -1.12654943E-06 
     582  5.37500000E+02  3.62500000E+02 -8.49782317E-01  1.83815008E+00  9.88367761E-01  2.50000000E-02  1.12946668E-06  9.44459461E-06 
     583  5.62500000E+02  3.62500000E+02 -4.39410726E-01  1.42777832E+00  9.88367591E-01  2.50000000E-02  1.56517909E-06  1.79601302E-06 
     584  5.87500000E+02  3.62500000E+02  5.24814540E-01  4.63553102E-01  9.88367642E-01  2.50000000E-02  1.36694935E-06 -4.71006363E-07 
     585  6.12500000E+02  3.62500000E+02  9.17688554E-01  7.06791744E-02  9.88367729E-01  2.50000000E-02 -4.67745148E-07  1.64398802E-06 
     586  6.37500000E+02  3.62500000E+02 -7.46181453E-02  1.06298596E+00  9.88367816E-01  2.50000000E-02 -1.15553245E-06  7.61777383E-07 
     587  6.62500000E+02  3.62500000E+02  3.43220318E-01  6.45147838E-01  9.88368156E-01  2.50000000E-02 -1.49002309E-07  3.00913538E-06 
     588  6.87500000E+02  3.62500000E+02  4.11170400E-02  9.47250606E-01  9.88367646E-01  2.50000000E-02  1.01361102E-08 -6.43286063E-06 
     589  7.12500000E+02  3.62500000E+02  1.37093551E-01  8.51274351E-01  9.88367902E-01  2.50000000E-02 -4.63565780E-07  4.06447133E-06 
     590  7.37500000E+02  3.62500000E+02 -5.61127821E-01  1.54949567E+00  9.88367846E-01  2.50000000E-02 -3.54756652E-07  2.92758130E-07 
     591  7.62500000E+02  3.62500000E+02 -6.32209528E-01  1.62057743E+00  9.88367897E-01  2.50000000E-02 -3.12697595E-07  1.31244954E-06 
     592  7.87500000E+02  3.62500000E+02  1.59330829E-01  8.29036986E-01  9.88367814E-01  2.50000000E-02 -3.09463583E-07  1.12844966E-06 
     593  8.12500000E+02  3.62500000E+02 -8.43544998E-01  1.83191289E+00  9.88367891E-01  2.50000000E-02 -4.47544808E-07  3.50545361E-08 
     594  8.37500000E+02  3.62500000E+02 -7.98577645E-01  1.78694572E+00  9.88368074E-01  2.50000000E-02 -6.02846218E-08  2.89643239E-06 
     595  8.62500000E+02  3.62500000E+02  8.70439201E-01  1.17927577E-01  9.88366778E-01  2.50000000E-02  3.13986717E-05  3.46035951E-05 
     596  8.87500000E+02  3.62500000E+02 -5.89937129E-01  1.57830592E+00  9.88368795E-01  2.50000000E-02  6.73032172E-05 -1.10050804E-06 
     597  9.12500000E+02  3.62500000E+02  9.76380787E-01  1.19879883E-02  9.88368775E-01  2.50000000E-02  4.78079925E-05  1.64365231E-06 
     598  9.37500000E+02  3.62500000E+02  3.75203281E-01  6.13164752E-01  9.88368033E-01  2.50000000E-02  1.03451740E-06  3.82617711E-06 
     599  9.62500000E+02  3.62500000E+02  9.65871543E-03  9.78709209E-01  9.88367925E-01  2.50000000E-02  4.58662299E-07  2.83402071E-07 
     600  9.87500000E+02  3.62500000E+02  1.09596903E-01  8.78771075E-01  9.88367977E-01  2.50000000E-02  8.80366069E-08  2.94024244E-06 
     601  1.25000000E+01  3.87500000E+02  1.55109543E-01  8.33256137E-01  9.88365679E-01  2.50000000E-02 -1.84117991E-07  2.31009567E-06 
     602  3.75000000E+01  3.87500000E+02 -7.71215314E-01  1.75958099E+00  9.88365674E-01  2.50000000E-02 -5.83352202E-07  1.18728862E-06 
     603  6.25000000E+01  3.87500000E+02 -6.58958607E-01  1.64732430E+00  9.88365696E-01  2.50000000E-02 -6.99851007E-07  9.10233928E-07 
     604  8.75000000E+01  3.87500000E+02 -5.58975465E-02  1.04426317E+00  9.88365625E-01  2.50000000E-02 -1.08220260E-06  3.68185852E-06 
     605  1.12500000E+02  3.87500000E+02  5.28193489E-01  4.60171932E-01  9.88365421E-01  2.50000000E-02 -4.17197218E-06 -1.06357563E-05 
     606  1.37500000E+02  3.87500000E+02  6.72831520E-01  3.15534280E-01  9.88365800E-01  2.50000000E-02 -9.10222509E-06 -3.76469331E-06 
     607  1.62500000E+02  3.87500000E+02  4.06350372E-01  5.82015024E-01  9.88365396E-01  2.50000000E-02 -1.39248007E-05 -1.53065719E-05 
     608  1.87500000E+02  3.87500000E+02  3.95698919E-02  9.48796363E-01  9.88366255E-01  2.50000000E-02 -1.29108110E-05 -1.65839476E-06 
     609  2.12500000E+02  3.87500000E+02 -1.17352384E-02  1.00010101E+00  9.88365776E-01  2.50000000E-02 -1.20377406E-05 -2.95827765E-07 
     610  2.37500000E+02  3.87500000E+02 -5.69130758E-01  1.55749690E+00  9.88366139E-01  2.50000000E-02 -1.13074097E-05 -1.49116594E-05 
     611  2.62500000E+02  3.87500000E+02  3.82325208E-01  6.06040037E-01  9.88365245E-01  2.50000000E-02 -1.03825798E-05 -8.39321058E-07 
     612  2.87500000E+02  3.87500000E+02  8.00741049E-01  1.87625282E-01  9.88366331E-01  2.50000000E-02 -1.73739462E-05  2.96381708E-06 
     613  3.12500000E+02  3.87500000E+02 -4.36175349E-01  1.42454203E+00  9.88366685E-01  2.50000000E-02 -1.36422861E-05  1.06270703E-05 
     614  3.37500000E+02  3.87500000E+02 -1.47161939E-02  1.00308281E+00  9.88366615E-01  2.50000000E-02 -1.33469914E-05 -2.56248900E-06 
     615  3.62500000E+02  3.87500000E+02 -7.06845146E-01  1.69521165E+00  9.88366501E-01  2.50000000E-02 -1.36045762E-05  9.98734817E-07 
     616  3.87500000E+02  3.87500000E+02  4.85538138E-02  9.39813457E-01  9.88367271E-01  2.50000000E-02 -1.17208901E-05  7.79171507E-06 
     617  4.12500000E+02  3.87500000E+02 -7.71735505E-01  1.76010200E+00  9.88366498E-01  2.50000000E-02 -9.81591236E-06  5.58072988E-06 
     618  4.37500000E+02  3.87500000E+02  1.87056193E-01  8.01310323E-01  9.88366516E-01  2.50000000E-02 -1.04447470E-05  1.25849697E-05 
     619  4.62500000E+02  3.87500000E+02  8.80330275E-01  1.08037054E-01  9.88367328E-01  2.50000000E-02 -1.37420883E-05 -7.55660216E-06 
     620  4.87500000E+02  3.87500000E+02  3.42345162E-01  6.46021879E-01  9.88367041E-01  2.50000000E-02 -1.21465469E-05 -2.36507505E-05 
     621  5.12500000E+02  3.87500000E+02 -8.72640495E-01  1.86100737E+00  9.88366871E-01  2.50000000E-02 -1.27639018E-05  7.09214210E-07 
     622  5.37500000E+02  3.87500000E+02  2.94931678E-01  6.93436368E-01  9.88368045E-01  2.50000000E-02 -9.28634316E-06  8.54590068E-06 
     623  5.62500000E+02  3.87500000E+02 -6.37404482E-01  1.62577217E+00  9.88367691E-01  2.50000000E-02 -2.71261744E-06  1.81800020E-06 
     624  5.87500000E+02  3.87500000E+02 -4.38549149E-01  1.42691644E+00  9.88367287E-01  2.50000000E-02 -2.01491946E-06 -5.75871488E-07 
     625  6.12500000E+02  3.87500000E+02  3.51708111E-01  6.36659361E-01  9.88367472E-01  2.50000000E-02 -2.56129475E-06  1.83884093E-07 
     626  6.37500000E+02  3.87500000E+02  6.49206713E-02  9.23446768E-01  9.88367439E-01  2.50000000E-02 -2.56536192E-06  6.17483690E-07 
     627  6.62500000E+02  3.87500000E+02  9.18175539E-01  7.01922875E-02  9.88367827E-01  2.50000000E-02 -5.37991549E-06  5.24160030E-06 
     628  6.87500000E+02  3.87500000E+02 -9.20605568E-01  1.90897297E+00  9.88367403E-01  2.50000000E-02 -9.26869536E-06 -5.93560564E-06 
     629  7.12500000E+02  3.87500000E+02  4.03094956E-01  5.85272684E-01  9.88367640E-01  2.50000000E-02 -8.01342897E-06  4.48472193E-06 
     630  7.37500000E+02  3.87500000E+02  1.94257328E-01  7.94110337E-01  9.88367666E-01  2.50000000E-02 -5.49922402E-06  4.92465869E-07 
     631  7.62500000E+02  3.87500000E+02 -4.74625661E-01  1.46299363E+00  9.88367971E-01  2.50000000E-02 -2.67607247E-06  1.20376526E-06 
     632  7.87500000E+02  3.87500000E+02 -3.33009062E-01  1.32137676E+00  9.88367699E-01  2.50000000E-02 -1.58101700E-06  1.12089910E-06 
     633  8.12500000E+02  3.87500000E+02 -1.39707627E-01  1.12807523E+00  9.88367603E-01  2.50000000E-02 -1.40779747E-06 -2.76413251E-07 
     634  8.37500000E+02  3.87500000E+02  8.25223234E-01  1.63144519E-01  9.88367753E-01  2.50000000E-02 -2.01734698E-06  2.51333714E-06 
     635  8.62500000E+02  3.87500000E+02  9.51776039E-01  3.65908979E-02  9.88366937E-01  2.50000000E-02 -9.12974863E-06  5.32725362E-05 
     636  8.87500000E+02  3.87500000E+02  3.19834321E-01  6.68533709E-01  9.88368030E-01  2.50000000E-02 -1.06049326E-05  1.89125783E-06 
     637  9.12500000E+02  3.87500000E+02  8.76020387E-01  1.12347403E-01  9.88367790E-01  2.50000000E-02 -5.22349452E-06 -1.48725923E-06 
     638  9.37500000E+02  3.87500000E+02 -3.08319958E-01  1.29668783E+00  9.88367868E-01  2.50000000E-02 -9.36509566E-07  2.53021207E-06 
     639  9.62500000E+02  3.87500000E+02 -6.58719114E-01  1.64708701E+00  9.88367891E-01  2.50000000E-02 -7.61901529E-07  3.39192054E-07 
     640  9.87500000E+02  3.87500000E+02 -2.55844584E-01  1.24421255E+00  9.88367965E-01  2.50000000E-02 -3.21316599E-07  2.54250481E-06 
     641  1.25000000E+01  4.12500000E+02 -1.14667748E-01  1.10303337E+00  9.88365622E-01  2.50000000E-02 -3.13828247E-07  2.49407714E-06 
     642  3.75000000E+01  4.12500000E+02 -1.19798821E-01  1.10816458E+00  9.88365760E-01  2.50000000E-02 -5.44643680E-07  1.48494624E-06 
     643  6.25000000E+01  4.12500000E+02 -1.99528805E-01  1.18789457E+00  9.88365762E-01  2.50000000E-02 -3.82986046E-07  9.54050655E-07 
     644  8.75000000E+01  4.12500000E+02  4.43166795E-01  5.45198819E-01  9.88365614E-01  2.50000000E-02 -6.00874527E-07  4.47221513E-06 
     645  1.12500000E+02  4.12500000E+02  6.67500279E-01  3.20865075E-01  9.88365354E-01  2.50000000E-02 -4.03808983E-06 -1.07754014E-05 
     646  1.37500000E+02  4.12500000E+02  6.79524660E-01  3.08840841E-01  9.88365501E-01  2.50000000E-02 -8.33498383E-06 -2.68724747E-06 
     647  1.62500000E+02  4.12500000E+02  7.83519136E-01  2.04846530E-01  9.88365666E-01  2.50000000E-02 -1.32278034E-05 -1.41058390E-05 
     648  1.87500000E+02  4.12500000E+02  5.42671422E-02  9.34099580E-01  9.88366722E-01  2.50000000E-02 -9.35237599E-06  2.29281264E-06 
     649  2.12500000E+02  4.12500000E+02 -9.57887589E-02  1.08415492E+00  9.88366162E-01  2.50000000E-02 -9.95578544E-06  2.03731383E-06 
     650  2.37500000E+02  4.12500000E+02 -7.04305250E-01  1.69267174E+00  9.88366492E-01  2.50000000E-02 -1.08377272E-05 -1.18373209E-05 
     651  2.62500000E+02  4.12500000E+02 -5.88823646E-01  1.57718971E+00  9.88366060E-01  2.50000000E-02 -1.18039201E-05 -2.52676180E-07 
     652  2.87500000E+02  4.12500000E+02 -5.23053373E-01  1.51141971E+00  9.88366339E-01  2.50000000E-02 -1.32235053E-05  1.03298251E-06 
     653  3.12500000E+02  4.12500000E+02 -8.25401872E-01  1.81376841E+00  9.88366536E-01  2.50000000E-02 -1.33882537E-05  9.76832481E-06 
     654  3.37500000E+02  4.12500000E+02  5.25067566E-01  4.63299066E-01  9.88366632E-01  2.50000000E-02 -1.07143336E-05 -5.98538610E-06 
     655  3.62500000E+02  4.12500000E+02 -7.83024329E-01  1.77139082E+00  9.88366486E-01  2.50000000E-02 -8.23641870E-06  6.02121603E-07 
     656  3.87500000E+02  4.12500000E+02  5.73640254E-01  4.14726431E-01  9.88366685E-01  2.50000000E-02 -5.00808569E-06  5.03320180E-06 
     657  4.12500000E+02  4.12500000E+02  6.58338337E-01  3.30027921E-01  9.88366258E-01  2.50000000E-02 -1.41698227E-06  4.69890680E-06 
     658  4.37500000E+02  4.12500000E+02  8.36372757E-01  1.51993050E-01  9.88365808E-01  2.50000000E-02 -1.53474765E-06  2.26241143E-05 
     659  4.62500000E+02  4.12500000E+02 -5.76557963E-01  1.56492461E+00  9.88366647E-01  2.50000000E-02  1.11671649E-06 -1.78801078E-05 
     660  4.87500000E+02  4.12500000E+02 -5.98355215E-01  1.58672128E+00  9.88366065E-01  2.50000000E-02 -9.97833211E-08 -1.71314267E-05 
     661  5.12500000E+02  4.12500000E+02 -4.70305079E-01  1.45867171E+00  9.88366636E-01  2.50000000E-02 -1.61869243E-06  4.33987281E-07 
     662  5.37500000E+02  4.12500000E+02  9.68222219E-01  2.01451576E-02  9.88367377E-01  2.50000000E-02 -1.13652577E-05  1.65070060E-05 
     663  5.62500000E+02  4.12500000E+02  4.24524568E-01  5.63843058E-01  9.88367626E-01  2.50000000E-02  8.48946336E-07  2.60783548E-06 
     664  5.87500000E+02  4.12500000E+02 -1.70848611E-02  1.00545229E+00  9.88367430E-01  2.50000000E-02  1.31162319E-07 -5.33711541E-07 
     665  6.12500000E+02  4.12500000E+02 -3.59020408E-01  1.34738791E+00  9.88367501E-01  2.50000000E-02 -2.73738628E-07  2.29984454E-07 
     666  6.37500000E+02  4.12500000E+02 -5.20579146E-02  1.04042545E+00  9.88367539E-01  2.50000000E-02 -2.85586203E-07 -1.32864074E-07 
     667  6.62500000E+02  4.12500000E+02 -3.64641074E-01  1.35300856E+00  9.88367483E-01  2.50000000E-02 -2.72766396E-07  1.39254253E-07 
     668  6.87500000E+02  4.12500000E+02  8.98391509E-01  8.99759096E-02  9.88367419E-01  2.50000000E-02 -1.15226633E-06 -5.18060265E-06 
     669  7.12500000E+02  4.12500000E+02  6.22015577E-01  3.66352115E-01  9.88367692E-01  2.50000000E-02 -2.93392671E-07  3.66085396E-06 
     670  7.37500000E+02  4.12500000E+02 -1.48513640E-01  1.13688136E+00  9.88367724E-01  2.50000000E-02  8.11403069E-08  3.23515907E-07 
     671  7.62500000E+02  4.12500000E+02  8.27164934E-01  1.61202870E-01  9.88367804E-01  2.50000000E-02  1.01839923E-07  1.83632452E-06 
     672  7.87500000E+02  4.12500000E+02  6.44029528E-01  3.44338223E-01  9.88367750E-01  2.50000000E-02  9.83887563E-08  8.22972958E-07 
     673  8.12500000E+02  4.12500000E+02 -6.87756908E-01  1.67612469E+00  9.88367784E-01  2.50000000E-02 -4.25637431E-08 -6.51003144E-07 
     674  8.37500000E+02  4.12500000E+02  2.82743241E-01  7.05624556E-01  9.88367797E-01  2.50000000E-02 -2.03277245E-07  6.48444326E-07 
     675  8.62500000E+02  4.12500000E+02 -3.05489254E-02  1.01891634E+00  9.88367416E-01  2.50000000E-02 -1.86975023E-06  7.68900707E-05 
     676  8.87500000E+02  4.12500000E+02  2.06506390E-01  7.81861495E-01  9.88367884E-01  2.50000000E-02 -3.00520518E-06  1.52411596E-06 
     677  9.12500000E+02  4.12500000E+02 -5.37229149E-01  1.52559719E+00  9.88368038E-01  2.50000000E-02 -2.00466396E-06  1.56964414E-07 
     678  9.37500000E+02  4.12500000E+02 -5.68518548E-01  1.55688650E+00  9.88367953E-01  2.50000000E-02 -1.70968677E-06  2.20943912E-06 
     679  9.62500000E+02  4.12500000E+02  8.97037579E-01  9.13303074E-02  9.88367887E-01  2.50000000E-02 -9.26240447E-07  2.43376666E-07 
     680  9.87500000E+02  4.12500000E+02  3.11866661E-01  6.76501306E-01  9.88367967E-01  2.50000000E-02 -4.18624709E-08  2.31219166E-06 
     681  1.25000000E+01  4.37500000E+02 -5.21525428E-01  1.50989096E+00  9.88365531E-01  2.50000000E-02  2.48402522E-07  2.26178545E-06 
     682  3.75000000E+01  4.37500000E+02  5.82371908E-01  4.05993490E-01  9.88365398E-01  2.50000000E-02  3.11910239E-06  2.33755859E-06 
     683  6.25000000E+01  4.37500000E+02  8.74393557E-01  1.13971441E-01  9.88364998E-01  2.50000000E-02  1.33789545E-05  1.72189474E-06 
     684  8.75000000E+01  4.37500000E+02 -3.58850876E-01  1.34721615E+00  9.88365276E-01  2.50000000E-02  2.12868467E-05  3.76271718E-06 
     685  1.12500000E+02  4.37500000E+02  8.06857612E-01  1.81508004E-01  9.88365617E-01  2.50000000E-02  1.83907980E-05 -8.12530891E-06 
     686  1.37500000E+02  4.37500000E+02  8.47045990E-01  1.41319693E-01  9.88365683E-01  2.50000000E-02  1.65307641E-05 -2.49704997E-06 
     687  1.62500000E+02  4.37500000E+02 -3.74242936E-01  1.36260845E+00  9.88365513E-01  2.50000000E-02  1.23990383E-05 -1.11746401E-05 
     688  1.87500000E+02  4.37500000E+02 -2.19686907E-01  1.20805290E+00  9.88365992E-01  2.50000000E-02  1.30453006E-05  5.39614738E-06 
     689  2.12500000E+02  4.37500000E+02 -9.39235959E-01  1.92760127E+00  9.88365315E-01  2.50000000E-02  1.26929274E-05  2.60116717E-06 
     690  2.37500000E+02  4.37500000E+02 -6.61510006E-01  1.64987571E+00  9.88365709E-01  2.50000000E-02  1.18343054E-05 -9.85372678E-06 
     691  2.62500000E+02  4.37500000E+02  5.06867385E-01  4.81498311E-01  9.88365696E-01  2.50000000E-02  1.04291432E-05  3.22139378E-06 
     692  2.87500000E+02  4.37500000E+02 -4.21473287E-01  1.40983983E+00  9.88366544E-01  2.50000000E-02  1.21746304E-05  1.51453500E-06 
     693  3.12500000E+02  4.37500000E+02  7.66276348E-01  2.22090515E-01  9.88366863E-01  2.50000000E-02  2.56274192E-05 -7.57935341E-06 
     694  3.37500000E+02  4.37500000E+02 -8.48013906E-01  1.83637941E+00  9.88365500E-01  2.50000000E-02  3.04891966E-05 -1.40500938E-05 
     695  3.62500000E+02  4.37500000E+02  1.49155181E-01  8.39211102E-01  9.88366283E-01  2.50000000E-02  3.04422733E-05 -1.07709378E-06 
     696  3.87500000E+02  4.37500000E+02 -1.48167384E-01  1.13653321E+00  9.88365830E-01  2.50000000E-02  3.05630053E-05 -4.37498825E-06 
     697  4.12500000E+02  4.37500000E+02 -8.19904568E-01  1.80827091E+00  9.88366337E-01  2.50000000E-02  3.03012350E-05  2.98503786E-06 
     698  4.37500000E+02  4.37500000E+02 -1.08633900E-01  1.09700019E+00  9.88366286E-01  2.50000000E-02  2.99793454E-05  2.96050971E-05 
     699  4.62500000E+02  4.37500000E+02  7.80516317E-01  2.07850171E-01  9.88366489E-01  2.50000000E-02  1.47214013E-05 -1.70065501E-05 
     700  4.87500000E+02  4.37500000E+02  4.72469267E-01  5.15897066E-01  9.88366333E-01  2.50000000E-02 -1.66182462E-06 -1.15293878E-05 
     701  5.12500000E+02  4.37500000E+02  4.65935691E-01  5.22431247E-01  9.88366938E-01  2.50000000E-02 -3.69325064E-06 -2.04502880E-06 
     702  5.37500000E+02  4.37500000E+02  5.45168541E-01  4.43198313E-01  9.88366854E-01  2.50000000E-02 -3.49895533E-06 -1.03572387E-06 
     703  5.62500000E+02  4.37500000E+02  8.40862699E-01  1.47504507E-01  9.88367206E-01  2.50000000E-02 -2.93295406E-06  2.98858138E-06 
     704  5.87500000E+02  4.37500000E+02  2.23931685E-01  7.64435576E-01  9.88367261E-01  2.50000000E-02  6.58573338E-08 -3.06250826E-07 
     705  6.12500000E+02  4.37500000E+02  7.57971950E-01  2.30395373E-01  9.88367323E-01  2.50000000E-02  2.12141217E-07  9.46965754E-07 
     706  6.37500000E+02  4.37500000E+02  6.26097992E-01  3.62269432E-01  9.88367425E-01  2.50000000E-02  1.01491564E-06 -9.54529503E-07 
     707  6.62500000E+02  4.37500000E+02 -3.11012525E-01  1.29937996E+00  9.88367439E-01  2.50000000E-02  1.51633788E-06  1.08480532E-08 
     708  6.87500000E+02  4.37500000E+02  4.87651479E-01  5.00716055E-01  9.88367534E-01  2.50000000E-02  1.76576556E-06 -1.52780087E-06 
     709  7.12500000E+02  4.37500000E+02  1.48012393E-01  8.40355141E-01  9.88367535E-01  2.50000000E-02  2.21238616E-06  2.65087492E-06 
     710  7.37500000E+02  4.37500000E+02  8.30803344E-01  1.57564267E-01  9.88367611E-01  2.50000000E-02  1.90575287E-06  1.32301612E-06 
     711  7.62500000E+02  4.37500000E+02  1.16134439E-03  9.87206254E-01  9.88367598E-01  2.50000000E-02  9.68301083E-07  5.04267849E-08 
     712  7.87500000E+02  4.37500000E+02  2.39835834E-01  7.48531868E-01  9.88367702E-01  2.50000000E-02  5.65934906E-07  1.04092385E-06 
     713  8.12500000E+02  4.37500000E+02 -5.16214511E-01  1.50458222E+00  9.88367707E-01  2.50000000E-02  5.33693445E-08 -5.29877751E-07 
     714  8.37500000E+02  4.37500000E+02  4.95133606E-01  4.93234243E-01  9.88367848E-01  2.50000000E-02 -1.73300986E-06  1.13173979E-06 
     715  8.62500000E+02  4.37500000E+02  8.93104765E-01  9.52647719E-02  9.88369537E-01  2.50000000E-02 -9.12590738E-07  4.01355665E-05 
     716  8.87500000E+02  4.37500000E+02 -9.15906093E-02  1.07995863E+00  9.88368025E-01  2.50000000E-02  9.56445544E-07  1.41730914E-06 
     717  9.12500000E+02  4.37500000E+02 -2.09695417E-01  1.19806352E+00  9.88368103E-01  2.50000000E-02  8.20440134E-07  5.35881868E-07 
     718  9.37500000E+02  4.37500000E+02  8.32850438E-01  1.55517525E-01  9.88367963E-01  2.50000000E-02  1.43698868E-06  2.43286914E-06 
     719  9.62500000E+02  4.37500000E+02  1.17914853E-01  8.70452983E-01  9.88367836E-01  2.50000000E-02  1.70948284E-07  1.95199658E-07 
     720  9.87500000E+02  4.37500000E+02 -4.81887803E-01  1.47025564E+00  9.88367842E-01  2.50000000E-02  2.80403428E-08  1.86824870E-06 
     721  1.25000000E+01  4.62500000E+02  2.30331549E-02  9.65332290E-01  9.88365445E-01  2.50000000E-02  4.97169403E-07  1.48112751E-06 
     722  3.75000000E+01  4.62500000E+02 -3.31036185E-01  1.31940157E+00  9.88365385E-01  2.50000000E-02  1.28524593E-06  1.44344848E-06 
     723  6.25000000E+01  4.62500000E+02 -9.54557258E-02  1.08382119E+00  9.88365460E-01  2.50000000E-02  1.98024513E-06 -2.53094704E-07 
     724  8.75000000E+01  4.62500000E+02  5.41319075E-01  4.47046265E-01  9.88365339E-01  2.50000000E-02  4.72965131E-06  1.25349901E-06 
     725  1.12500000E+02  4.62500000E+02  4.97923663E-01  4.90441665E-01  9.88365328E-01  2.50000000E-02  6.64996029E-06 -4.63784471E-06 
     726  1.37500000E+02  4.62500000E+02  1.37524556E-01  8.50840724E-01  9.88365280E-01  2.50000000E-02  7.74264391E-06 -3.77113775E-06 
     727  1.62500000E+02  4.62500000E+02 -6.05547264E-01  1.59391290E+00  9.88365631E-01  2.50000000E-02  9.00176576E-06 -1.03791395E-05 
     728  1.87500000E+02  4.62500000E+02  6.21008015E-01  3.67357373E-01  9.88365388E-01  2.50000000E-02  1.39149870E-05  5.19746711E-06 
     729  2.12500000E+02  4.62500000E+02  9.48864050E-02  8.93479338E-01  9.88365743E-01  2.50000000E-02  1.85376181E-05  1.34807761E-06 
     730  2.37500000E+02  4.62500000E+02  6.95596543E-01  2.92768778E-01  9.88365321E-01  2.50000000E-02  2.15277827E-05 -7.82202748E-06 
     731  2.62500000E+02  4.62500000E+02 -2.82454880E-01  1.27082043E+00  9.88365549E-01  2.50000000E-02  2.20626632E-05  4.21444519E-06 
     732  2.87500000E+02  4.62500000E+02  5.94399696E-01  3.93966164E-01  9.88365860E-01  2.50000000E-02  2.09144205E-05  5.13498574E-06 
     733  3.12500000E+02  4.62500000E+02 -9.60996431E-02  1.08446571E+00  9.88366069E-01  2.50000000E-02  2.12405452E-05 -2.69494642E-05 
     734  3.37500000E+02  4.62500000E+02 -3.82105376E-01  1.37047175E+00  9.88366370E-01  2.50000000E-02  2.17942403E-05 -1.37826290E-05 
     735  3.62500000E+02  4.62500000E+02  4.41596235E-01  5.46770250E-01  9.88366484E-01  2.50000000E-02  2.40329671E-05 -4.33079311E-06 
     736  3.87500000E+02  4.62500000E+02 -8.80956593E-01  1.86932279E+00  9.88366192E-01  2.50000000E-02  2.45629186E-05 -5.97905950E-06 
     737  4.12500000E+02  4.62500000E+02  3.44103553E-01  6.44262973E-01  9.88366526E-01  2.50000000E-02  2.27761504E-05  3.36501443E-06 
     738  4.37500000E+02  4.62500000E+02 -6.67223646E-01  1.65559058E+00  9.88366935E-01  2.50000000E-02  2.30712493E-05  3.12936305E-05 
     739  4.62500000E+02  4.62500000E+02  9.47055340E-01  4.13114070E-02  9.88366747E-01  2.50000000E-02  8.32548002E-06 -2.64190910E-06 
     740  4.87500000E+02  4.62500000E+02 -3.31682521E-01  1.32004971E+00  9.88367185E-01  2.50000000E-02 -3.97975097E-06 -9.95090301E-07 
     741  5.12500000E+02  4.62500000E+02 -7.27119042E-01  1.71548605E+00  9.88367013E-01  2.50000000E-02 -4.26612509E-06 -2.61371195E-06 
     742  5.37500000E+02  4.62500000E+02  4.57750880E-01  5.30616188E-01  9.88367068E-01  2.50000000E-02 -5.90375667E-06 -3.53203217E-07 
     743  5.62500000E+02  4.62500000E+02 -9.99289089E-01  1.98765611E+00  9.88367021E-01  2.50000000E-02 -7.16931197E-06 -1.37568909E-06 
     744  5.87500000E+02  4.62500000E+02  8.67866651E-01  1.20500650E-01  9.88367301E-01  2.50000000E-02 -6.05340480E-06 -4.83448653E-06 
     745  6.12500000E+02  4.62500000E+02 -7.98927735E-02  1.06826010E+00  9.88367327E-01  2.50000000E-02 -1.86682890E-06  8.95478799E-07 
     746  6.37500000E+02  4.62500000E+02  2.82823129E-01  7.05544300E-01  9.88367429E-01  2.50000000E-02 -1.34933951E-06 -1.51978426E-06 
     747  6.62500000E+02  4.62500000E+02 -7.17620941E-01  1.70598839E+00  9.88367449E-01  2.50000000E-02 -5.54189889E-07 -1.10821923E-07 
     748  6.87500000E+02  4.62500000E+02 -7.01660539E-01  1.69002793E+00  9.88367394E-01  2.50000000E-02 -5.24524852E-07 -1.45809105E-06 
     749  7.12500000E+02  4.62500000E+02 -4.17054967E-01  1.40542237E+00  9.88367407E-01  2.50000000E-02 -6.97098682E-07  1.82671943E-06 
     750  7.37500000E+02  4.62500000E+02 -1.97769449E-01  1.18613695E+00  9.88367497E-01  2.50000000E-02 -7.17967822E-07  8.92298940E-07 
     751  7.62500000E+02  4.62500000E+02 -8.30364190E-01  1.81873167E+00  9.88367485E-01  2.50000000E-02 -6.07544113E-07 -2.22434928E-07 
     752  7.87500000E+02  4.62500000E+02  5.93635457E-01  3.94732100E-01  9.88367557E-01  2.50000000E-02 -6.48260236E-07  1.21545303E-06 
     753  8.12500000E+02  4.62500000E+02  7.04729898E-01  2.83637668E-01  9.88367567E-01  2.50000000E-02 -4.99468949E-07 -5.68310735E-08 
     754  8.37500000E+02  4.62500000E+02 -7.00610497E-02  1.05842866E+00  9.88367611E-01  2.50000000E-02 -2.34320069E-07  1.02746524E-06 
     755  8.62500000E+02  4.62500000E+02 -8.14516724E-01  1.80288430E+00  9.88367580E-01  2.50000000E-02 -3.06638380E-07  2.07807453E-06 
     756  8.87500000E+02  4.62500000E+02  6.34207618E-01  3.54160146E-01  9.88367764E-01  2.50000000E-02 -6.01220346E-07  2.01689922E-06 
     757  9.12500000E+02  4.62500000E+02  5.73517688E-01  4.14850051E-01  9.88367739E-01  2.50000000E-02 -7.02886192E-08  1.89847823E-06 
     758  9.37500000E+02  4.62500000E+02 -7.90801234E-01  1.77916887E+00  9.88367640E-01  2.50000000E-02 -2.05456093E-07  4.35804197E-07 
     759  9.62500000E+02  4.62500000E+02  7.31669728E-01  2.56698005E-01  9.88367733E-01  2.50000000E-02 -7.44856246E-07  7.19211038E-07 
     760  9.87500000E+02  4.62500000E+02  2.14049060E-02  9.66962935E-01  9.88367841E-01  2.50000000E-02 -8.89421150E-08  1.60483886E-06 
     761  1.25000000E+01  4.87500000E+02 -8.92157871E-01  1.88052340E+00  9.88365533E-01  2.50000000E-02  1.24718521E-08  8.05484696E-07 
     762  3.75000000E+01  4.87500000E+02  8.47139597E-01  1.41225883E-01  9.88365480E-01  2.50000000E-02  7.48683733E-07  1.12283758E-07 
     763  6.25000000E+01  4.87500000E+02  9.07970650E-02  8.97568341E-01  9.88365406E-01  2.50000000E-02  3.40337270E-07 -2.83158357E-07 
     764  8.75000000E+01  4.87500000E+02 -4.59866617E-01  1.44823211E+00  9.88365489E-01  2.50000000E-02  5.49212717E-07 -1.34834671E-07 
     765  1.12500000E+02  4.87500000E+02  5.16185763E-01  4.72179454E-01  9.88365217E-01  2.50000000E-02  5.26741744E-07 -4.40243381E-06 
     766  1.37500000E+02  4.87500000E+02 -7.13203339E-01  1.70156871E+00  9.88365369E-01  2.50000000E-02 -4.69384196E-08 -3.61004643E-06 
     767  1.62500000E+02  4.87500000E+02 -3.39224994E-01  1.32759004E+00  9.88365043E-01  2.50000000E-02 -8.83854287E-07 -1.03990893E-05 
     768  1.87500000E+02  4.87500000E+02 -4.02609231E-01  1.39097444E+00  9.88365211E-01  2.50000000E-02 -2.10122140E-06  9.85811855E-07 
     769  2.12500000E+02  4.87500000E+02  7.36295286E-01  2.52070473E-01  9.88365759E-01  2.50000000E-02 -6.75189361E-06  2.81662107E-06 
     770  2.37500000E+02  4.87500000E+02  2.15175153E-01  7.73190527E-01  9.88365681E-01  2.50000000E-02 -8.03444262E-06 -5.45886287E-06 
     771  2.62500000E+02  4.87500000E+02  9.58307377E-01  3.00584897E-02  9.88365867E-01  2.50000000E-02 -1.21260673E-05 -1.27463593E-06 
     772  2.87500000E+02  4.87500000E+02  4.14549800E-01  5.73816464E-01  9.88366264E-01  2.50000000E-02 -5.53272619E-06  7.21288822E-06 
     773  3.12500000E+02  4.87500000E+02  3.57400243E-01  6.30966100E-01  9.88366344E-01  2.50000000E-02 -4.98729846E-06 -2.89913973E-05 
     774  3.37500000E+02  4.87500000E+02  6.72171383E-02  9.21148845E-01  9.88365983E-01  2.50000000E-02 -5.64435678E-06 -9.64293415E-06 
     775  3.62500000E+02  4.87500000E+02 -4.36419991E-02  1.03200864E+00  9.88366640E-01  2.50000000E-02 -4.66844327E-06 -5.71076966E-06 
     776  3.87500000E+02  4.87500000E+02 -2.97094604E-01  1.28546062E+00  9.88366017E-01  2.50000000E-02 -3.97976392E-06 -6.45895479E-06 
     777  4.12500000E+02  4.87500000E+02  3.84800043E-01  6.03566399E-01  9.88366442E-01  2.50000000E-02 -5.23452914E-06  4.25120019E-06 
     778  4.37500000E+02  4.87500000E+02 -4.43349061E-01  1.43171749E+00  9.88368431E-01  2.50000000E-02  3.09000284E-06  3.67727551E-05 
     779  4.62500000E+02  4.87500000E+02  1.00492587E-01  8.87874263E-01  9.88366850E-01  2.50000000E-02  6.36185897E-06  1.80863944E-05 
     780  4.87500000E+02  4.87500000E+02 -2.99439289E-01  1.28780609E+00  9.88366805E-01  2.50000000E-02  3.73750449E-06  1.38157347E-06 
     781  5.12500000E+02  4.87500000E+02 -4.52742072E-01  1.44110910E+00  9.88367031E-01  2.50000000E-02  2.42990523E-06 -2.40500519E-06 
     782  5.37500000E+02  4.87500000E+02 -6.59007674E-01  1.64737473E+00  9.88367057E-01  2.50000000E-02  1.64227647E-06  8.46021835E-07 
     783  5.62500000E+02  4.87500000E+02 -5.76309235E-01  1.56467638E+00  9.88367143E-01  2.50000000E-02  9.84035454E-07 -1.15186633E-06 
     784  5.87500000E+02  4.87500000E+02 -8.12551513E-01  1.80091880E+00  9.88367283E-01  2.50000000E-02  7.01515855E-07 -8.26361432E-06 
     785  6.12500000E+02  4.87500000E+02 -8.28069798E-01  1.81643709E+00  9.88367292E-01  2.50000000E-02  6.30943376E-07  9.03147492E-07 
     786  6.37500000E+02  4.87500000E+02 -8.90927969E-01  1.87929535E+00  9.88367378E-01  2.50000000E-02  6.57794025E-07 -1.41476791E-06 
     787  6.62500000E+02  4.87500000E+02  4.97326608E-01  4.91040766E-01  9.88367374E-01  2.50000000E-02  1.31220761E-06 -1.74199878E-07 
     788  6.87500000E+02  4.87500000E+02  5.52784999E-01  4.35582340E-01  9.88367340E-01  2.50000000E-02  1.42156432E-06 -1.04890660E-06 
     789  7.12500000E+02  4.87500000E+02 -5.92100234E-01  1.58046780E+00  9.88367564E-01  2.50000000E-02  2.00142990E-06  1.71495630E-06 
     790  7.37500000E+02  4.87500000E+02  9.56743792E-01  3.16237593E-02  9.88367551E-01  2.50000000E-02  1.64754450E-06  2.09116738E-06 
     791  7.62500000E+02  4.87500000E+02 -1.85259607E-01  1.17362718E+00  9.88367573E-01  2.50000000E-02 -4.84510622E-07 -7.47248578E-08 
     792  7.87500000E+02  4.87500000E+02 -6.28813263E-01  1.61718076E+00  9.88367495E-01  2.50000000E-02 -7.11868539E-07  7.39270686E-07 
     793  8.12500000E+02  4.87500000E+02 -4.54073316E-01  1.44244084E+00  9.88367525E-01  2.50000000E-02 -9.77686897E-07 -1.06264647E-07 
     794  8.37500000E+02  4.87500000E+02 -4.02023641E-02  1.02857004E+00  9.88367672E-01  2.50000000E-02 -8.98435993E-07  9.15094630E-07 
     795  8.62500000E+02  4.87500000E+02 -9.55158516E-01  1.94352621E+00  9.88367692E-01  2.50000000E-02 -3.55016554E-07  1.58829691E-06 
     796  8.87500000E+02  4.87500000E+02 -8.69613158E-01  1.85798076E+00  9.88367601E-01  2.50000000E-02 -3.34272892E-07  6.70883654E-07 
     797  9.12500000E+02  4.87500000E+02 -6.95422540E-01  1.68379015E+00  9.88367612E-01  2.50000000E-02 -5.58596563E-07  1.10557627E-06 
     798  9.37500000E+02  4.87500000E+02 -7.92456884E-01  1.78082457E+00  9.88367685E-01  2.50000000E-02 -6.31501007E-07  4.39780069E-07 
     799  9.62500000E+02  4.87500000E+02 -4.15251851E-01  1.40361952E+00  9.88367669E-01  2.50000000E-02 -6.19778582E-07  5.43307869E-07 
     800  9.87500000E+02  4.87500000E+02 -7.79383764E-01  1.76775160E+00  9.88367836E-01  2.50000000E-02 -2.69082169E-07  1.48057888E-06 
     801  1.25000000E+01  5.12500000E+02 -1.98694032E-01  1.18705954E+00  9.88365506E-01  2.50000000E-02  1.56573016E-07  5.84707798E-07 
     802  3.75000000E+01  5.12500000E+02 -4.78622974E-01  1.46698844E+00  9.88365466E-01  2.50000000E-02  3.49411426E-07 -2.37763490E-07 
     803  6.25000000E+01  5.12500000E+02 -9.58897534E-01  1.94726301E+00  9.88365477E-01  2.50000000E-02  4.15549430E-07 -2.28186702E-07 
     804  8.75000000E+01  5.12500000E+02 -5.07965653E-02  1.03916206E+00  9.88365495E-01  2.50000000E-02  5.54115180E-07 -2.22553120E-07 
     805  1.12500000E+02  5.12500000E+02  6.52596013E-01  3.35769290E-01  9.88365302E-01  2.50000000E-02  2.64018146E-07 -3.78289900E-06 
     806  1.37500000E+02  5.12500000E+02 -1.17375780E-02  1.00010274E+00  9.88365157E-01  2.50000000E-02 -1.92636296E-06 -3.67852483E-06 
     807  1.62500000E+02  5.12500000E+02  7.45253151E-02  9.13839981E-01  9.88365296E-01  2.50000000E-02 -2.10021592E-06 -1.17931147E-05 
     808  1.87500000E+02  5.12500000E+02 -6.49563682E-02  1.05332156E+00  9.88365196E-01  2.50000000E-02 -2.11109349E-06 -1.24674000E-08 
     809  2.12500000E+02  5.12500000E+02  8.08191733E-01  1.80173762E-01  9.88365495E-01  2.50000000E-02 -3.41337645E-06  3.66538877E-06 
     810  2.37500000E+02  5.12500000E+02  2.21052568E-01  7.67312913E-01  9.88365482E-01  2.50000000E-02 -2.61955058E-06 -4.89997234E-06 
     811  2.62500000E+02  5.12500000E+02  8.05511088E-01  1.82854631E-01  9.88365719E-01  2.50000000E-02 -1.25738870E-06 -3.03168345E-06 
     812  2.87500000E+02  5.12500000E+02  4.40774896E-02  9.44288409E-01  9.88365899E-01  2.50000000E-02  2.72456250E-06  7.86894687E-06 
     813  3.12500000E+02  5.12500000E+02 -1.61642956E-01  1.15000893E+00  9.88365976E-01  2.50000000E-02  3.26909543E-06 -3.01398142E-05 
     814  3.37500000E+02  5.12500000E+02 -9.76898104E-01  1.96526340E+00  9.88365291E-01  2.50000000E-02  1.70972140E-06 -8.67904338E-06 
     815  3.62500000E+02  5.12500000E+02  8.27916857E-02  9.05574615E-01  9.88366301E-01  2.50000000E-02 -3.24788814E-07 -6.84169036E-06 
     816  3.87500000E+02  5.12500000E+02 -1.61012357E-01  1.14937849E+00  9.88366129E-01  2.50000000E-02  3.64768805E-07 -6.89863764E-06 
     817  4.12500000E+02  5.12500000E+02  5.20549297E-01  4.67816940E-01  9.88366236E-01  2.50000000E-02  1.02248980E-06  4.08740018E-06 
     818  4.37500000E+02  5.12500000E+02  2.25939986E-01  7.62425840E-01  9.88365826E-01  2.50000000E-02  1.74010951E-07  4.93916461E-05 
     819  4.62500000E+02  5.12500000E+02  8.43436565E-01  1.44930636E-01  9.88367201E-01  2.50000000E-02 -5.47499442E-06  1.63372676E-05 
     820  4.87500000E+02  5.12500000E+02  2.73522224E-01  7.14844597E-01  9.88366821E-01  2.50000000E-02 -3.02274530E-06  4.05105147E-06 
     821  5.12500000E+02  5.12500000E+02 -3.70256768E-01  1.35862366E+00  9.88366889E-01  2.50000000E-02 -2.81158783E-06 -2.31418680E-06 
     822  5.37500000E+02  5.12500000E+02 -1.86799403E-01  1.17516642E+00  9.88367015E-01  2.50000000E-02 -2.17430037E-06  1.01318496E-06 
     823  5.62500000E+02  5.12500000E+02 -8.19173114E-01  1.80753993E+00  9.88366815E-01  2.50000000E-02 -1.71899707E-06 -1.39257609E-06 
     824  5.87500000E+02  5.12500000E+02  8.27341694E-01  1.61025243E-01  9.88366937E-01  2.50000000E-02 -2.97558298E-06 -5.40834683E-06 
     825  6.12500000E+02  5.12500000E+02 -3.74597517E-01  1.36296478E+00  9.88367266E-01  2.50000000E-02 -8.88423926E-07  8.60557457E-07 
     826  6.37500000E+02  5.12500000E+02  4.44141516E-01  5.44225710E-01  9.88367227E-01  2.50000000E-02 -7.67193598E-07 -7.42428172E-07 
     827  6.62500000E+02  5.12500000E+02 -9.92785098E-01  1.98115244E+00  9.88367340E-01  2.50000000E-02 -5.07277218E-07 -3.89383306E-07 
     828  6.87500000E+02  5.12500000E+02 -1.45848634E-02  1.00295220E+00  9.88367341E-01  2.50000000E-02 -4.76519800E-07 -5.42024030E-07 
     829  7.12500000E+02  5.12500000E+02 -4.48516774E-01  1.43688436E+00  9.88367585E-01  2.50000000E-02  1.69067003E-07  2.08462527E-06 
     830  7.37500000E+02  5.12500000E+02 -9.41310020E-01  1.92967735E+00  9.88367334E-01  2.50000000E-02  2.10723039E-07  5.57985373E-07 
     831  7.62500000E+02  5.12500000E+02 -6.99160594E-01  1.68752805E+00  9.88367454E-01  2.50000000E-02 -8.81484705E-08  1.88694736E-07 
     832  7.87500000E+02  5.12500000E+02 -9.23100187E-01  1.91146768E+00  9.88367497E-01  2.50000000E-02 -7.38144600E-08  7.25601484E-07 
     833  8.12500000E+02  5.12500000E+02 -3.81021602E-02  1.02646966E+00  9.88367497E-01  2.50000000E-02 -1.09130120E-08 -4.19272484E-08 
     834  8.37500000E+02  5.12500000E+02  7.64165111E-01  2.24202430E-01  9.88367542E-01  2.50000000E-02 -8.80476268E-08  1.63736455E-06 
     835  8.62500000E+02  5.12500000E+02 -9.54580350E-01  1.94294812E+00  9.88367768E-01  2.50000000E-02  1.37669309E-06  1.51936093E-06 
     836  8.87500000E+02  5.12500000E+02 -6.71656305E-01  1.66002406E+00  9.88367756E-01  2.50000000E-02  1.43702950E-06  8.95048858E-07 
     837  9.12500000E+02  5.12500000E+02 -1.39158553E-01  1.12752635E+00  9.88367797E-01  2.50000000E-02  1.52702642E-06  1.49304258E-06 
     838  9.37500000E+02  5.12500000E+02  6.36652324E-01  3.51715315E-01  9.88367639E-01  2.50000000E-02  1.52621076E-06  1.62047492E-06 
     839  9.62500000E+02  5.12500000E+02  6.13608273E-01  3.74759409E-01  9.88367682E-01  2.50000000E-02  7.46125371E-07  1.22252384E-06 
     840  9.87500000E+02  5.12500000E+02  7.10892811E-01  2.77474941E-01  9.88367752E-01  2.50000000E-02  1.33501502E-07  2.09263335E-06 
     841  1.25000000E+01  5.37500000E+02 -5.58057742E-02  1.04417127E+00  9.88365498E-01  2.50000000E-02  1.17245456E-07  3.08150610E-07 
     842  3.75000000E+01  5.37500000E+02  7.54977705E-02  9.12867677E-01  9.88365447E-01  2.50000000E-02  2.33579254E-07 -2.44444418E-07 
     843  6.25000000E+01  5.37500000E+02 -7.54745601E-01  1.74311105E+00  9.88365446E-01  2.50000000E-02  1.70882561E-07 -1.79134505E-07 
     844  8.75000000E+01  5.37500000E+02  8.38551358E-01  1.49814135E-01  9.88365493E-01  2.50000000E-02 -6.73854500E-07 -5.23303441E-07 
     845  1.12500000E+02  5.37500000E+02 -7.14267579E-01  1.70263312E+00  9.88365544E-01  2.50000000E-02 -6.73159040E-07 -1.00967283E-06 
     846  1.37500000E+02  5.37500000E+02  7.66191250E-01  2.22174328E-01  9.88365579E-01  2.50000000E-02 -1.04475443E-06 -6.59835996E-06 
     847  1.62500000E+02  5.37500000E+02 -1.51205253E-02  1.00348610E+00  9.88365579E-01  2.50000000E-02 -1.30354455E-06 -1.09614422E-05 
     848  1.87500000E+02  5.37500000E+02  1.73922527E-01  8.14442910E-01  9.88365436E-01  2.50000000E-02 -1.84210832E-06 -5.75142745E-07 
     849  2.12500000E+02  5.37500000E+02  5.53943166E-01  4.34422365E-01  9.88365531E-01  2.50000000E-02 -3.98364565E-06  2.97339961E-06 
     850  2.37500000E+02  5.37500000E+02 -8.89105826E-01  1.87747177E+00  9.88365941E-01  2.50000000E-02 -3.60814750E-06 -3.20837588E-06 
     851  2.62500000E+02  5.37500000E+02 -5.81463339E-01  1.56982911E+00  9.88365771E-01  2.50000000E-02 -3.62026930E-06 -2.66423328E-06 
     852  2.87500000E+02  5.37500000E+02  6.79526210E-01  3.08839929E-01  9.88366139E-01  2.50000000E-02 -5.88295308E-06  6.62958330E-06 
     853  3.12500000E+02  5.37500000E+02  3.42334854E-01  6.46031097E-01  9.88365952E-01  2.50000000E-02 -7.10707483E-06 -3.03557010E-05 
     854  3.37500000E+02  5.37500000E+02  7.51277662E-01  2.37087876E-01  9.88365539E-01  2.50000000E-02 -1.31946601E-05 -1.13124041E-05 
     855  3.62500000E+02  5.37500000E+02  2.00360265E-01  7.88006571E-01  9.88366837E-01  2.50000000E-02 -1.32234603E-05 -7.34471112E-06 
     856  3.87500000E+02  5.37500000E+02 -3.85167497E-01  1.37353350E+00  9.88366002E-01  2.50000000E-02 -1.44209321E-05 -7.03650279E-06 
     857  4.12500000E+02  5.37500000E+02  2.99418132E-01  6.88948226E-01  9.88366359E-01  2.50000000E-02 -1.72182106E-05  3.57542089E-06 
     858  4.37500000E+02  5.37500000E+02 -5.27998769E-01  1.51636512E+00  9.88366353E-01  2.50000000E-02 -1.81471800E-05  5.30375116E-05 
     859  4.62500000E+02  5.37500000E+02  8.96312519E-01  9.20541508E-02  9.88366670E-01  2.50000000E-02 -1.01622145E-05  1.09968901E-05 
     860  4.87500000E+02  5.37500000E+02 -9.42534601E-01  1.93090140E+00  9.88366795E-01  2.50000000E-02  2.52204663E-06  6.24389966E-06 
     861  5.12500000E+02  5.37500000E+02  1.67468620E-01  8.20898254E-01  9.88366874E-01  2.50000000E-02  2.55601706E-06 -2.55863124E-06 
     862  5.37500000E+02  5.37500000E+02  9.81067012E-01  7.30008832E-03  9.88367101E-01  2.50000000E-02 -1.72964442E-06 -4.19160848E-07 
     863  5.62500000E+02  5.37500000E+02 -4.50558862E-01  1.43892604E+00  9.88367178E-01  2.50000000E-02 -7.68017807E-07 -1.59915206E-06 
     864  5.87500000E+02  5.37500000E+02 -4.81840688E-01  1.47020797E+00  9.88367280E-01  2.50000000E-02 -5.23158208E-07 -2.01864852E-06 
     865  6.12500000E+02  5.37500000E+02 -5.85625669E-01  1.57399292E+00  9.88367255E-01  2.50000000E-02 -1.41845735E-07  7.89729125E-07 
     866  6.37500000E+02  5.37500000E+02 -3.44327821E-01  1.33269498E+00  9.88367160E-01  2.50000000E-02 -1.30342538E-07 -7.31342633E-07 
     867  6.62500000E+02  5.37500000E+02  2.66264540E-01  7.22102720E-01  9.88367261E-01  2.50000000E-02 -5.78705928E-07 -9.42521942E-08 
     868  6.87500000E+02  5.37500000E+02  1.56224060E-01  8.32143202E-01  9.88367262E-01  2.50000000E-02 -7.41080672E-07 -3.80298476E-07 
     869  7.12500000E+02  5.37500000E+02  5.76540307E-01  4.11827015E-01  9.88367322E-01  2.50000000E-02 -1.07898183E-06  3.52891738E-06 
     870  7.37500000E+02  5.37500000E+02 -8.37868197E-01  1.82623564E+00  9.88367444E-01  2.50000000E-02 -6.92565751E-07  7.90846489E-07 
     871  7.62500000E+02  5.37500000E+02 -5.81607387E-01  1.56997480E+00  9.88367417E-01  2.50000000E-02 -6.78546857E-07  2.02291571E-07 
     872  7.87500000E+02  5.37500000E+02 -3.57814128E-01  1.34618162E+00  9.88367496E-01  2.50000000E-02 -5.76184992E-07  7.93398040E-07 
     873  8.12500000E+02  5.37500000E+02  7.91384558E-02  9.09228994E-01  9.88367450E-01  2.50000000E-02 -2.06079744E-07 -1.12667064E-07 
     874  8.37500000E+02  5.37500000E+02 -5.08739061E-01  1.49710646E+00  9.88367402E-01  2.50000000E-02 -1.49892296E-07  8.32624908E-07 
     875  8.62500000E+02  5.37500000E+02  8.16107980E-01  1.72259563E-01  9.88367543E-01  2.50000000E-02 -3.36576830E-07  2.47622217E-06 
     876  8.87500000E+02  5.37500000E+02 -2.94850547E-01  1.28321807E+00  9.88367526E-01  2.50000000E-02  3.89400802E-07  1.21459412E-06 
     877  9.12500000E+02  5.37500000E+02 -8.81591531E-03  9.97183527E-01  9.88367611E-01  2.50000000E-02  7.05323113E-07  2.13305631E-06 
     878  9.37500000E+02  5.37500000E+02 -8.78229413E-01  1.86659680E+00  9.88367384E-01  2.50000000E-02  5.92002691E-07  1.28028664E-06 
     879  9.62500000E+02  5.37500000E+02 -3.85030554E-01  1.37339799E+00  9.88367434E-01  2.50000000E-02  2.33394008E-07  8.60082763E-07 
     880  9.87500000E+02  5.37500000E+02 -8.45353893E-02  1.07290286E+00  9.88367473E-01  2.50000000E-02  3.70598789E-08  8.54974959E-07 
     881  1.25000000E+01  5.62500000E+02 -1.14584640E-01  1.10295014E+00  9.88365500E-01  2.50000000E-02  7.17667002E-08  1.25262820E-07 
     882  3.75000000E+01  5.62500000E+02  3.38627184E-01  6.49738258E-01  9.88365442E-01  2.50000000E-02  1.85327760E-07 -2.95228665E-07 
     883  6.25000000E+01  5.62500000E+02  8.27180828E-01  1.61184624E-01  9.88365452E-01  2.50000000E-02 -2.10929353E-07 -5.33429881E-07 
     884  8.75000000E+01  5.62500000E+02  9.65357012E-01  2.30084381E-02  9.88365450E-01  2.50000000E-02 -3.62258552E-08 -1.36990555E-06 
     885  1.12500000E+02  5.62500000E+02 -3.42052154E-01  1.33041757E+00  9.88365414E-01  2.50000000E-02 -5.07704831E-07 -7.66053608E-07 
     886  1.37500000E+02  5.62500000E+02 -1.87288199E-01  1.17565356E+00  9.88365365E-01  2.50000000E-02 -6.43411028E-07 -7.52224921E-06 
     887  1.62500000E+02  5.62500000E+02 -2.76577068E-01  1.26494220E+00  9.88365130E-01  2.50000000E-02 -1.59171837E-06 -1.04164851E-05 
     888  1.87500000E+02  5.62500000E+02 -2.84951969E-01  1.27331728E+00  9.88365314E-01  2.50000000E-02 -2.50011816E-06 -6.15391777E-07 
     889  2.12500000E+02  5.62500000E+02  1.47953431E-01  8.40411967E-01  9.88365398E-01  2.50000000E-02 -2.82565314E-06  2.26306945E-06 
     890  2.37500000E+02  5.62500000E+02  3.50708082E-01  6.37657232E-01  9.88365314E-01  2.50000000E-02 -3.09646571E-06 -7.31134685E-07 
     891  2.62500000E+02  5.62500000E+02 -8.82151087E-01  1.87051670E+00  9.88365615E-01  2.50000000E-02 -2.41313680E-06 -2.96025418E-06 
     892  2.87500000E+02  5.62500000E+02 -7.49584553E-01  1.73795000E+00  9.88365443E-01  2.50000000E-02 -2.35387293E-06  2.93972394E-06 
     893  3.12500000E+02  5.62500000E+02 -3.56986072E-02  1.02406413E+00  9.88365526E-01  2.50000000E-02 -2.77657620E-06 -3.09552345E-05 
     894  3.37500000E+02  5.62500000E+02  9.40667345E-01  4.76983821E-02  9.88365727E-01  2.50000000E-02 -1.17964851E-05 -9.59140229E-06 
     895  3.62500000E+02  5.62500000E+02  7.28689455E-01  2.59676963E-01  9.88366417E-01  2.50000000E-02 -7.58555646E-06 -7.40817651E-07 
     896  3.87500000E+02  5.62500000E+02  1.15865431E-01  8.72501073E-01  9.88366504E-01  2.50000000E-02 -5.77156541E-06 -5.45578523E-06 
     897  4.12500000E+02  5.62500000E+02 -4.70598467E-01  1.45896485E+00  9.88366378E-01  2.50000000E-02 -5.73456433E-06  3.70362866E-06 
     898  4.37500000E+02  5.62500000E+02  4.88022134E-01  5.00344074E-01  9.88366207E-01  2.50000000E-02 -7.01176352E-06  5.66945708E-05 
     899  4.62500000E+02  5.62500000E+02 -7.43963884E-01  1.73233025E+00  9.88366367E-01  2.50000000E-02 -8.10166855E-06 -3.67105583E-06 
     900  4.87500000E+02  5.62500000E+02  8.86257588E-01  1.02108414E-01  9.88366002E-01  2.50000000E-02 -5.73973168E-06  1.22740100E-05 
     901  5.12500000E+02  5.62500000E+02  9.75623130E-01  1.27434591E-02  9.88366589E-01  2.50000000E-02 -1.84224491E-05  9.05350634E-07 
     902  5.37500000E+02  5.62500000E+02 -6.54186395E-02  1.05378573E+00  9.88367090E-01  2.50000000E-02 -5.29360132E-07  3.21660324E-07 
     903  5.62500000E+02  5.62500000E+02 -7.77567727E-01  1.76593478E+00  9.88367055E-01  2.50000000E-02 -6.48869868E-07 -1.12139860E-06 
     904  5.87500000E+02  5.62500000E+02  9.45151334E-02  8.93852004E-01  9.88367138E-01  2.50000000E-02 -7.77425564E-07 -1.72911942E-06 
     905  6.12500000E+02  5.62500000E+02  9.22893731E-02  8.96077770E-01  9.88367143E-01  2.50000000E-02 -6.66958756E-07  4.48521418E-07 
     906  6.37500000E+02  5.62500000E+02  8.11235559E-01  1.77131494E-01  9.88367053E-01  2.50000000E-02 -6.12443650E-07  6.64648059E-07 
     907  6.62500000E+02  5.62500000E+02 -8.91170747E-02  1.07748429E+00  9.88367219E-01  2.50000000E-02 -2.83585798E-07  3.62661844E-08 
     908  6.87500000E+02  5.62500000E+02 -2.66929104E-01  1.25529631E+00  9.88367202E-01  2.50000000E-02 -3.16427650E-07 -5.20434899E-07 
     909  7.12500000E+02  5.62500000E+02  2.93419202E-01  6.94947974E-01  9.88367177E-01  2.50000000E-02 -7.49947380E-07  3.02513880E-06 
     910  7.37500000E+02  5.62500000E+02 -2.95420456E-01  1.28378778E+00  9.88367325E-01  2.50000000E-02 -8.07657598E-07  1.28309915E-06 
     911  7.62500000E+02  5.62500000E+02 -8.01096706E-01  1.78946401E+00  9.88367300E-01  2.50000000E-02 -7.22231202E-07 -4.19593802E-08 
     912  7.87500000E+02  5.62500000E+02  8.40895920E-01  1.47471423E-01  9.88367343E-01  2.50000000E-02 -1.36910363E-06  2.44298992E-06 
     913  8.12500000E+02  5.62500000E+02 -6.60223018E-01  1.64859051E+00  9.88367492E-01  2.50000000E-02 -7.58572997E-07 -1.39018012E-07 
     914  8.37500000E+02  5.62500000E+02  3.75355603E-01  6.13011863E-01  9.88367467E-01  2.50000000E-02 -9.23026296E-07  8.78966912E-07 
     915  8.62500000E+02  5.62500000E+02 -4.03301253E-01  1.39166872E+00  9.88367467E-01  2.50000000E-02 -1.28728056E-06  1.18504732E-06 
     916  8.87500000E+02  5.62500000E+02 -8.82689989E-01  1.87105755E+00  9.88367560E-01  2.50000000E-02 -1.22619673E-06  1.04421368E-06 
     917  9.12500000E+02  5.62500000E+02  3.13189889E-01  6.75177711E-01  9.88367600E-01  2.50000000E-02 -4.94756594E-07  2.32843443E-06 
     918  9.37500000E+02  5.62500000E+02 -1.32217871E-01  1.12058534E+00  9.88367465E-01  2.50000000E-02 -2.18594322E-07  1.27573876E-06 
     919  9.62500000E+02  5.62500000E+02 -7.36039310E-01  1.72440683E+00  9.88367516E-01  2.50000000E-02 -2.16890090E-07  8.81385814E-07 
     920  9.87500000E+02  5.62500000E+02 -9.14987545E-01  1.90335509E+00  9.88367546E-01  2.50000000E-02 -8.43579817E-08  7.43090739E-07 
     921  1.25000000E+01  5.87500000E+02  5.48764479E-01  4.39601000E-01  9.88365479E-01  2.50000000E-02  6.14807444E-08 -8.62245512E-08 
     922  3.75000000E+01  5.87500000E+02  8.40809812E-01  1.47555616E-01  9.88365429E-01  2.50000000E-02  2.88837864E-07 -2.96376362E-07 
     923  6.25000000E+01  5.87500000E+02 -7.42145942E-02  1.06258006E+00  9.88365463E-01  2.50000000E-02  3.57315762E-07 -4.37097662E-07 
     924  8.75000000E+01  5.87500000E+02 -2.39418201E-01  1.22778370E+00  9.88365495E-01  2.50000000E-02  4.04423111E-07  1.09132611E-07 
     925  1.12500000E+02  5.87500000E+02  5.81542128E-01  4.06823320E-01  9.88365448E-01  2.50000000E-02  3.73037871E-07 -9.04928828E-07 
     926  1.37500000E+02  5.87500000E+02  8.15503331E-01  1.72862055E-01  9.88365386E-01  2.50000000E-02 -1.91990445E-06 -5.18176204E-06 
     927  1.62500000E+02  5.87500000E+02  2.34071098E-01  7.54294194E-01  9.88365292E-01  2.50000000E-02 -5.74323682E-06 -1.03775179E-05 
     928  1.87500000E+02  5.87500000E+02 -5.13579934E-01  1.50194507E+00  9.88365132E-01  2.50000000E-02 -6.71310482E-06 -1.29593198E-06 
     929  2.12500000E+02  5.87500000E+02  5.64850116E-01  4.23515224E-01  9.88365341E-01  2.50000000E-02 -8.69519814E-06  6.69560971E-07 
     930  2.37500000E+02  5.87500000E+02  6.95866772E-01  2.92498580E-01  9.88365352E-01  2.50000000E-02 -9.92617742E-06 -9.00267264E-08 
     931  2.62500000E+02  5.87500000E+02  4.21055040E-01  5.67310956E-01  9.88365996E-01  2.50000000E-02 -7.12045367E-06 -4.13245006E-06 
     932  2.87500000E+02  5.87500000E+02  3.90903367E-01  5.97462366E-01  9.88365733E-01  2.50000000E-02 -5.75998593E-06  1.72055836E-06 
     933  3.12500000E+02  5.87500000E+02  2.90985599E-01  6.97380032E-01  9.88365631E-01  2.50000000E-02 -5.93868556E-06 -3.06713156E-05 
     934  3.37500000E+02  5.87500000E+02  1.88690182E-01  7.99675586E-01  9.88365768E-01  2.50000000E-02 -5.87803187E-06 -2.30999236E-06 
     935  3.62500000E+02  5.87500000E+02  4.67830686E-01  5.20535120E-01  9.88365806E-01  2.50000000E-02 -4.81649432E-06 -1.14894696E-08 
     936  3.87500000E+02  5.87500000E+02 -2.62553830E-02  1.01462110E+00  9.88365717E-01  2.50000000E-02 -4.06292028E-06 -4.39976081E-06 
     937  4.12500000E+02  5.87500000E+02  8.77213955E-01  1.11151976E-01  9.88365930E-01  2.50000000E-02 -1.50332040E-06  3.65534643E-06 
     938  4.37500000E+02  5.87500000E+02 -6.36819589E-01  1.62518693E+00  9.88367343E-01  2.50000000E-02  1.52400927E-05  6.25410960E-05 
     939  4.62500000E+02  5.87500000E+02  2.32506691E-01  7.55860195E-01  9.88366886E-01  2.50000000E-02  1.38557322E-05 -2.22933244E-06 
     940  4.87500000E+02  5.87500000E+02 -2.48784872E-01  1.23715129E+00  9.88366419E-01  2.50000000E-02  8.49420313E-06  1.26950481E-05 
     941  5.12500000E+02  5.87500000E+02 -5.22370654E-01  1.51073732E+00  9.88366663E-01  2.50000000E-02  5.43404680E-06  9.92132780E-07 
     942  5.37500000E+02  5.87500000E+02 -6.24177793E-01  1.61254489E+00  9.88367101E-01  2.50000000E-02  4.49367070E-06  4.09570219E-07 
     943  5.62500000E+02  5.87500000E+02 -5.12936838E-01  1.50130394E+00  9.88367098E-01  2.50000000E-02  4.35576982E-06 -7.89683870E-07 
     944  5.87500000E+02  5.87500000E+02 -3.91293652E-01  1.37966080E+00  9.88367148E-01  2.50000000E-02  4.01869639E-06 -1.70652921E-06 
     945  6.12500000E+02  5.87500000E+02 -2.39706493E-01  1.22807374E+00  9.88367247E-01  2.50000000E-02  3.74261052E-06  2.15283963E-07 
     946  6.37500000E+02  5.87500000E+02 -2.70095115E-01  1.25846218E+00  9.88367061E-01  2.50000000E-02  2.98649423E-06  1.74381618E-06 
     947  6.62500000E+02  5.87500000E+02 -1.52645767E-01  1.14101317E+00  9.88367400E-01  2.50000000E-02  2.31537307E-06  7.97663149E-07 
     948  6.87500000E+02  5.87500000E+02  6.09920179E-01  3.78447114E-01  9.88367293E-01  2.50000000E-02  2.28943646E-06 -2.69346492E-07 
     949  7.12500000E+02  5.87500000E+02  2.96242300E-01  6.92124974E-01  9.88367274E-01  2.50000000E-02  1.12693089E-06  2.87205550E-06 
     950  7.37500000E+02  5.87500000E+02 -7.63312843E-01  1.75168015E+00  9.88367303E-01  2.50000000E-02  4.48181611E-07  1.39411870E-06 
     951  7.62500000E+02  5.87500000E+02 -8.61664926E-01  1.85003230E+00  9.88367370E-01  2.50000000E-02  3.62860858E-07 -2.21641870E-07 
     952  7.87500000E+02  5.87500000E+02  7.90965086E-01  1.97402248E-01  9.88367334E-01  2.50000000E-02 -4.43265038E-07  3.02492263E-06 
     953  8.12500000E+02  5.87500000E+02  3.82152086E-01  6.06215384E-01  9.88367470E-01  2.50000000E-02 -7.48947750E-07  2.59725987E-07 
     954  8.37500000E+02  5.87500000E+02 -4.09702057E-01  1.39806948E+00  9.88367427E-01  2.50000000E-02 -8.96180488E-07  1.08662865E-06 
     955  8.62500000E+02  5.87500000E+02 -3.98703818E-01  1.38707128E+00  9.88367464E-01  2.50000000E-02 -9.46159478E-07  1.15598935E-06 
     956  8.87500000E+02  5.87500000E+02  8.83761814E-01  1.04605738E-01  9.88367552E-01  2.50000000E-02 -4.13946735E-07  1.04604596E-06 
     957  9.12500000E+02  5.87500000E+02  6.21648804E-01  3.66718703E-01  9.88367507E-01  2.50000000E-02  3.26510773E-07  2.47282226E-06 
     958  9.37500000E+02  5.87500000E+02 -6.34674977E-01  1.62304239E+00  9.88367412E-01  2.50000000E-02 -1.30056813E-07  1.38420376E-06 
     959  9.62500000E+02  5.87500000E+02  6.58150002E-02  9.22552467E-01  9.88367467E-01  2.50000000E-02 -2.20756297E-07  1.22914819E-06 
     960  9.87500000E+02  5.87500000E+02  6.34963127E-01  3.53404321E-01  9.88367448E-01  2.50000000E-02 -3.53247885E-08  1.18046996E-06 
     961  1.25000000E+01  6.12500000E+02  3.03453320E-01  6.84912137E-01  9.88365457E-01  2.50000000E-02  4.26427230E-08 -1.77373997E-07 
     962  3.75000000E+01  6.12500000E+02 -5.37321985E-02  1.04209762E+00  9.88365425E-01  2.50000000E-02  2.88345357E-09  6.06364620E-08 
     963  6.25000000E+01  6.12500000E+02 -3.05673691E-01  1.29403912E+00  9.88365425E-01  2.50000000E-02 -1.03167426E-07 -4.53397287E-07 
     964  8.75000000E+01  6.12500000E+02 -2.61743157E-01  1.25010861E+00  9.88365455E-01  2.50000000E-02 -1.08596399E-07 -1.29175063E-08 
     965  1.12500000E+02  6.12500000E+02  8.15419797E-01  1.72945572E-01  9.88365370E-01  2.50000000E-02  7.49133143E-07 -5.98940243E-07 
     966  1.37500000E+02  6.12500000E+02 -7.44647963E-01  1.73301350E+00  9.88365538E-01  2.50000000E-02  1.88239667E-06 -8.39509632E-07 
     967  1.62500000E+02  6.12500000E+02  5.29176109E-01  4.59189220E-01  9.88365329E-01  2.50000000E-02 -1.31532081E-08 -7.86072822E-06 
     968  1.87500000E+02  6.12500000E+02  1.64077824E-01  8.24287595E-01  9.88365419E-01  2.50000000E-02 -2.74043087E-06 -2.41789750E-06 
     969  2.12500000E+02  6.12500000E+02 -5.50158379E-01  1.53852412E+00  9.88365739E-01  2.50000000E-02 -2.60930514E-06  8.24661358E-07 
     970  2.37500000E+02  6.12500000E+02 -9.02006140E-01  1.89037144E+00  9.88365299E-01  2.50000000E-02 -3.20704941E-06  6.39965525E-07 
     971  2.62500000E+02  6.12500000E+02  2.99165750E-01  6.89200262E-01  9.88366012E-01  2.50000000E-02 -6.05456154E-06 -3.41957657E-06 
     972  2.87500000E+02  6.12500000E+02 -8.96736737E-01  1.88510261E+00  9.88365868E-01  2.50000000E-02 -6.66054702E-06  2.37618542E-06 
     973  3.12500000E+02  6.12500000E+02  1.61556385E-02  9.72210680E-01  9.88366318E-01  2.50000000E-02 -5.81292694E-06 -2.61669932E-05 
     974  3.37500000E+02  6.12500000E+02 -2.51029848E-03  9.90876018E-01  9.88365719E-01  2.50000000E-02 -5.42172867E-06 -2.28757825E-06 
     975  3.62500000E+02  6.12500000E+02 -1.47085750E-01  1.13545176E+00  9.88366014E-01  2.50000000E-02 -5.95465215E-06  3.70428970E-08 
     976  3.87500000E+02  6.12500000E+02 -5.05318059E-01  1.49368379E+00  9.88365731E-01  2.50000000E-02 -6.43619176E-06 -5.28022326E-06 
     977  4.12500000E+02  6.12500000E+02  5.62001394E-01  4.26364568E-01  9.88365962E-01  2.50000000E-02 -1.08535954E-05 -1.82615693E-08 
     978  4.37500000E+02  6.12500000E+02  7.35463960E-01  2.52902663E-01  9.88366623E-01  2.50000000E-02 -1.37103536E-05  6.73597463E-05 
     979  4.62500000E+02  6.12500000E+02 -4.48297505E-01  1.43666387E+00  9.88366368E-01  2.50000000E-02 -1.37877524E-05 -6.52742453E-07 
     980  4.87500000E+02  6.12500000E+02  7.97431476E-01  1.90935121E-01  9.88366597E-01  2.50000000E-02 -1.24988825E-05  8.76713707E-06 
     981  5.12500000E+02  6.12500000E+02 -6.28015485E-01  1.61638200E+00  9.88366514E-01  2.50000000E-02 -1.02086735E-05  6.75976764E-07 
     982  5.37500000E+02  6.12500000E+02  8.77500396E-01  1.10866277E-01  9.88366673E-01  2.50000000E-02 -9.59952005E-06  2.48569729E-06 
     983  5.62500000E+02  6.12500000E+02 -2.13074037E-01  1.20144105E+00  9.88367015E-01  2.50000000E-02 -4.59885762E-06 -3.45270102E-07 
     984  5.87500000E+02  6.12500000E+02  6.01599391E-01  3.86767491E-01  9.88366882E-01  2.50000000E-02 -4.05744158E-06 -1.90349858E-06 
     985  6.12500000E+02  6.12500000E+02  7.52456020E-01  2.35910975E-01  9.88366995E-01  2.50000000E-02 -3.65327294E-06  6.65704053E-07 
     986  6.37500000E+02  6.12500000E+02 -6.78948890E-01  1.66731604E+00  9.88367148E-01  2.50000000E-02 -1.66300251E-06  2.05811850E-06 
     987  6.62500000E+02  6.12500000E+02 -3.99877109E-01  1.38824426E+00  9.88367152E-01  2.50000000E-02 -1.53458448E-06  1.42343794E-06 
     988  6.87500000E+02  6.12500000E+02  4.94103848E-01  4.94263299E-01  9.88367147E-01  2.50000000E-02 -1.23439245E-06  2.98620599E-08 
     989  7.12500000E+02  6.12500000E+02 -8.35357542E-01  1.82372477E+00  9.88367229E-01  2.50000000E-02 -6.90107764E-07  2.97595191E-06 
     990  7.37500000E+02  6.12500000E+02 -1.75286905E-01  1.16365411E+00  9.88367201E-01  2.50000000E-02 -6.02798958E-07  1.21288468E-06 
     991  7.62500000E+02  6.12500000E+02  8.28031203E-01  1.60336023E-01  9.88367226E-01  2.50000000E-02 -1.22734002E-06  1.35757493E-06 
     992  7.87500000E+02  6.12500000E+02  5.71861485E-01  4.16505758E-01  9.88367243E-01  2.50000000E-02 -1.78394750E-06  2.93028083E-06 
     993  8.12500000E+02  6.12500000E+02 -4.06956404E-01  1.39532386E+00  9.88367452E-01  2.50000000E-02 -9.88958420E-07  6.89304794E-07 
     994  8.37500000E+02  6.12500000E+02 -9.24495417E-01  1.91286284E+00  9.88367424E-01  2.50000000E-02 -8.12340857E-07  1.14347878E-06 
     995  8.62500000E+02  6.12500000E+02  6.60746527E-01  3.27620866E-01  9.88367393E-01  2.50000000E-02 -5.81996562E-07  9.76057978E-07 
     996  8.87500000E+02  6.12500000E+02  9.95587154E-01  3.09452416E-06  9.95590249E-01  2.50000000E-02 -6.15436971E-09 -4.10911806E-09 
     997  9.12500000E+02  6.12500000E+02 -7.59677557E-01  1.74804489E+00  9.88367337E-01  2.50000000E-02 -7.08051846E-07  1.39570397E-06 
     998  9.37500000E+02  6.12500000E+02 -4.27104154E-01  1.41547153E+00  9.88367371E-01  2.50000000E-02 -6.51896613E-07  1.28165578E-06 
     999  9.62500000E+02  6.12500000E+02  4.11357170E-01  5.77010193E-01  9.88367364E-01  2.50000000E-02 -2.22232177E-07  1.26880638E-06 
    1000  9.87500000E+02  6.12500000E+02 -6.48242668E-01  1.63660999E+00  9.88367326E-01  2.50000000E-02 -5.44825272E-09  5.15009617E-07 
    1001  1.25000000E+01  6.37500000E+02 -9.40392861E-01  1.92875829E+00  9.88365424E-01  2.50000000E-02 -6.29495116E-08 -2.14969048E-07 
    1002  3.75000000E+01  6.37500000E+02  2.92199058E-01  6.96166386E-01  9.88365444E-01  2.50000000E-02 -5.39009790E-07  2.95242423E-07 
    1003  6.25000000E+01  6.37500000E+02  4.03752741E-01  5.84612704E-01  9.88365445E-01  2.50000000E-02 -9.76773045E-07 -4.41088320E-07 
    1004  8.75000000E+01  6.37500000E+02 -9.40355357E-01  1.92872093E+00  9.88365571E-01  2.50000000E-02 -8.08769539E-07  7.30663691E-08 
    1005  1.12500000E+02  6.37500000E+02 -6.69036089E-01  1.65740157E+00  9.88365477E-01  2.50000000E-02 -8.62519902E-07  2.62689178E-07 
    1006  1.37500000E+02  6.37500000E+02 -6.30592728E-01  1.61895822E+00  9.88365495E-01  2.50000000E-02 -1.09133656E-06 -6.84099358E-07 
    1007  1.62500000E+02  6.37500000E+02 -5.73665813E-01  1.56203134E+00  9.88365530E-01  2.50000000E-02 -1.17798956E-06 -3.69844554E-06 
    1008  1.87500000E+02  6.37500000E+02  9.74206108E-01  1.41591265E-02  9.88365235E-01  2.50000000E-02  1.70397199E-05 -7.31881735E-06 
    1009  2.12500000E+02  6.37500000E+02  5.58623786E-01  4.29740941E-01  9.88364728E-01  2.50000000E-02  7.96663632E-06 -1.64022961E-06 
    1010  2.37500000E+02  6.37500000E+02  1.43151761E-01  8.45212993E-01  9.88364755E-01  2.50000000E-02  7.56519416E-06 -1.05393479E-06 
    1011  2.62500000E+02  6.37500000E+02 -2.12071154E-01  1.20043643E+00  9.88365273E-01  2.50000000E-02  8.96232534E-06 -5.38662426E-06 
    1012  2.87500000E+02  6.37500000E+02 -4.21580013E-01  1.40994539E+00  9.88365381E-01  2.50000000E-02  1.08562224E-05  1.48795580E-06 
    1013  3.12500000E+02  6.37500000E+02 -2.69652413E-01  1.25801753E+00  9.88365113E-01  2.50000000E-02  1.17810644E-05 -2.48049701E-05 
    1014  3.37500000E+02  6.37500000E+02  9.34500156E-01  5.38657163E-02  9.88365872E-01  2.50000000E-02  9.32378421E-07 -3.47215282E-06 
    1015  3.62500000E+02  6.37500000E+02 -8.15144883E-01  1.80351079E+00  9.88365907E-01  2.50000000E-02  2.31713553E-07  8.36478110E-08 
    1016  3.87500000E+02  6.37500000E+02 -4.06610623E-01  1.39497627E+00  9.88365651E-01  2.50000000E-02 -4.70428745E-07 -5.77806457E-06 
    1017  4.12500000E+02  6.37500000E+02  3.49140391E-01  6.39225727E-01  9.88366118E-01  2.50000000E-02 -3.08494081E-06  3.08100152E-07 
    1018  4.37500000E+02  6.37500000E+02 -2.34497289E-01  1.22286488E+00  9.88367589E-01  2.50000000E-02  1.97907375E-06  7.04795929E-05 
    1019  4.62500000E+02  6.37500000E+02 -6.23537321E-01  1.61190421E+00  9.88366885E-01  2.50000000E-02  4.01997125E-06  6.54004722E-07 
    1020  4.87500000E+02  6.37500000E+02  6.91516761E-01  2.96850018E-01  9.88366779E-01  2.50000000E-02  2.62965580E-06  7.09047037E-06 
    1021  5.12500000E+02  6.37500000E+02 -6.90845646E-01  1.67921236E+00  9.88366718E-01  2.50000000E-02 -7.87522598E-10  6.06872620E-07 
    1022  5.37500000E+02  6.37500000E+02 -6.34222063E-01  1.62258876E+00  9.88366697E-01  2.50000000E-02 -3.20725588E-07  8.86892864E-07 
    1023  5.62500000E+02  6.37500000E+02  4.58383699E-01  5.29983229E-01  9.88366928E-01  2.50000000E-02 -1.46065998E-06  1.19216861E-07 
    1024  5.87500000E+02  6.37500000E+02 -3.65768581E-01  1.35413560E+00  9.88367021E-01  2.50000000E-02 -1.21945230E-06 -2.46096373E-06 
    1025  6.12500000E+02  6.37500000E+02 -6.90980806E-01  1.67934784E+00  9.88367034E-01  2.50000000E-02 -1.00337888E-06  9.82160636E-09 
    1026  6.37500000E+02  6.37500000E+02 -6.60668753E-01  1.64903575E+00  9.88366998E-01  2.50000000E-02 -9.00010030E-07  2.09507041E-06 
    1027  6.62500000E+02  6.37500000E+02  9.10784558E-01  7.75824949E-02  9.88367053E-01  2.50000000E-02  6.99266599E-08  9.94467520E-07 
    1028  6.87500000E+02  6.37500000E+02 -3.34732112E-01  1.32309917E+00  9.88367057E-01  2.50000000E-02  1.05680390E-06 -4.03642205E-07 
    1029  7.12500000E+02  6.37500000E+02  2.61776502E-01  7.26590673E-01  9.88367175E-01  2.50000000E-02  9.42226973E-07  2.97427913E-06 
    1030  7.37500000E+02  6.37500000E+02 -2.93455060E-01  1.28182238E+00  9.88367319E-01  2.50000000E-02  1.47196010E-06  1.12785784E-06 
    1031  7.62500000E+02  6.37500000E+02  3.10672546E-01  6.77694589E-01  9.88367135E-01  2.50000000E-02  1.36020516E-06  1.40529495E-06 
    1032  7.87500000E+02  6.37500000E+02  2.80939941E-01  7.07427255E-01  9.88367196E-01  2.50000000E-02  4.88876422E-07  2.59442315E-06 
    1033  8.12500000E+02  6.37500000E+02  3.32255791E-01  6.56111579E-01  9.88367370E-01  2.50000000E-02  1.66565724E-07  1.22764257E-06 
    1034  8.37500000E+02  6.37500000E+02  6.39458614E-01  3.48908738E-01  9.88367352E-01  2.50000000E-02  2.36782056E-07  1.73418760E-06 
    1035  8.62500000E+02  6.37500000E+02  6.53592954E-01  3.34774465E-01  9.88367419E-01  2.50000000E-02  2.35758285E-07  6.25269104E-07 
    1036  8.87500000E+02  6.37500000E+02 -7.00726285E-01  1.68909359E+00  9.88367307E-01  2.50000000E-02 -2.41163169E-07  4.13735257E-07 
    1037  9.12500000E+02  6.37500000E+02 -4.87372950E-01  1.47574030E+00  9.88367348E-01  2.50000000E-02 -2.93883850E-07  1.23428115E-06 
    1038  9.37500000E+02  6.37500000E+02 -5.92334440E-02  1.04760082E+00  9.88367380E-01  2.50000000E-02 -1.55819579E-07  1.02999565E-06 
    1039  9.62500000E+02  6.37500000E+02 -7.99537434E-01  1.78790478E+00  9.88367346E-01  2.50000000E-02 -4.56524425E-08  8.64712904E-07 
    1040  9.87500000E+02  6.37500000E+02 -5.07206554E-02  1.03908801E+00  9.88367359E-01  2.50000000E-02 -2.58187752E-08  3.71425980E-07 
    1041  1.25000000E+01  6.62500000E+02  7.21507143E-01  2.66858171E-01  9.88365314E-01  2.50000000E-02 -1.10890626E-07  4.77715852E-07 
    1042  3.75000000E+01  6.62500000E+02  5.28989000E-01  4.59376350E-01  9.88365350E-01  2.50000000E-02 -1.12964701E-07  5.75324274E-07 
    1043  6.25000000E+01  6.62500000E+02  6.53154362E-01  3.35211005E-01  9.88365367E-01  2.50000000E-02  9.48233942E-08 -3.81380481E-07 
    1044  8.75000000E+01  6.62500000E+02  1.68424251E-01  8.19941146E-01  9.88365397E-01  2.50000000E-02  5.08831785E-07  2.10806299E-07 
    1045  1.12500000E+02  6.62500000E+02  1.44999953E-01  8.43365457E-01  9.88365410E-01  2.50000000E-02  6.54100315E-07  2.97024382E-07 
    1046  1.37500000E+02  6.62500000E+02 -5.02182718E-01  1.49054812E+00  9.88365400E-01  2.50000000E-02  7.46400940E-07 -8.07106967E-07 
    1047  1.62500000E+02  6.62500000E+02 -5.26667734E-01  1.51503314E+00  9.88365405E-01  2.50000000E-02  7.44483648E-07 -3.04534254E-06 
    1048  1.87500000E+02  6.62500000E+02  9.41039388E-01  4.73262026E-02  9.88365590E-01  2.50000000E-02 -1.54802084E-06 -4.33112316E-06 
    1049  2.12500000E+02  6.62500000E+02  1.10856106E-01  8.77509664E-01  9.88365770E-01  2.50000000E-02  8.30815370E-07 -3.76207033E-06 
    1050  2.37500000E+02  6.62500000E+02  3.92237814E-01  5.96127811E-01  9.88365625E-01  2.50000000E-02  1.50114293E-07 -3.37608263E-06 
    1051  2.62500000E+02  6.62500000E+02 -2.56877494E-01  1.24524322E+00  9.88365731E-01  2.50000000E-02 -8.08368124E-07 -5.91690759E-06 
    1052  2.87500000E+02  6.62500000E+02 -8.93025048E-01  1.88139078E+00  9.88365732E-01  2.50000000E-02 -1.03306656E-06  2.98923831E-07 
    1053  3.12500000E+02  6.62500000E+02  7.04383125E-01  2.83982754E-01  9.88365880E-01  2.50000000E-02 -2.84093519E-06 -2.91972135E-05 
    1054  3.37500000E+02  6.62500000E+02 -6.20474723E-01  1.60884081E+00  9.88366090E-01  2.50000000E-02 -2.57564549E-06  4.43963525E-07 
    1055  3.62500000E+02  6.62500000E+02  2.15328870E-01  7.73037119E-01  9.88365989E-01  2.50000000E-02 -2.56208144E-06  7.56467146E-08 
    1056  3.87500000E+02  6.62500000E+02  1.03280951E-01  8.85084979E-01  9.88365930E-01  2.50000000E-02 -3.08833284E-06 -5.85319636E-06 
    1057  4.12500000E+02  6.62500000E+02 -9.20204754E-01  1.90857057E+00  9.88365817E-01  2.50000000E-02 -4.01758571E-06 -2.84318673E-07 
    1058  4.37500000E+02  6.62500000E+02  8.34153607E-01  1.54214165E-01  9.88367772E-01  2.50000000E-02 -4.44692934E-06  5.60782124E-05 
    1059  4.62500000E+02  6.62500000E+02 -6.17011257E-01  1.60537774E+00  9.88366479E-01  2.50000000E-02  2.68176718E-07  1.92662737E-06 
    1060  4.87500000E+02  6.62500000E+02 -1.11500883E-01  1.09986717E+00  9.88366292E-01  2.50000000E-02 -7.56561958E-07  3.94662582E-06 
    1061  5.12500000E+02  6.62500000E+02 -4.38547116E-01  1.42691373E+00  9.88366617E-01  2.50000000E-02 -1.48295877E-06  9.37991126E-07 
    1062  5.37500000E+02  6.62500000E+02  1.24881031E-01  8.63485552E-01  9.88366583E-01  2.50000000E-02 -1.43992199E-06  3.50136266E-07 
    1063  5.62500000E+02  6.62500000E+02  8.88143054E-01  1.00223759E-01  9.88366813E-01  2.50000000E-02 -3.40340853E-06  1.19852770E-06 
    1064  5.87500000E+02  6.62500000E+02  7.56693025E-01  2.31673867E-01  9.88366892E-01  2.50000000E-02 -2.83919613E-06 -5.81558161E-07 
    1065  6.12500000E+02  6.62500000E+02 -5.59181623E-01  1.54754873E+00  9.88367112E-01  2.50000000E-02 -1.16876910E-06  2.36739133E-07 
    1066  6.37500000E+02  6.62500000E+02 -2.36502072E-01  1.22486915E+00  9.88367082E-01  2.50000000E-02 -1.04123083E-06  1.90489696E-06 
    1067  6.62500000E+02  6.62500000E+02  7.69975015E-01  2.18392054E-01  9.88367068E-01  2.50000000E-02 -1.00716050E-06  3.20900956E-07 
    1068  6.87500000E+02  6.62500000E+02 -2.62419045E-01  1.25078618E+00  9.88367135E-01  2.50000000E-02 -7.61220927E-07 -1.93432120E-07 
    1069  7.12500000E+02  6.62500000E+02 -7.47798696E-01  1.73616585E+00  9.88367158E-01  2.50000000E-02 -6.76390853E-07  2.82389933E-06 
    1070  7.37500000E+02  6.62500000E+02  7.17758291E-01  2.70608794E-01  9.88367084E-01  2.50000000E-02 -2.05143767E-08  2.34683583E-06 
    1071  7.62500000E+02  6.62500000E+02 -2.70231324E-01  1.25859837E+00  9.88367044E-01  2.50000000E-02 -1.18900701E-07  1.04104762E-06 
    1072  7.87500000E+02  6.62500000E+02 -6.08207114E-01  1.59657410E+00  9.88366990E-01  2.50000000E-02 -3.34979922E-07  1.62881875E-06 
    1073  8.12500000E+02  6.62500000E+02  6.27633483E-01  3.60733766E-01  9.88367248E-01  2.50000000E-02 -1.69369645E-06  1.79653122E-06 
    1074  8.37500000E+02  6.62500000E+02  3.77482458E-01  6.10884893E-01  9.88367351E-01  2.50000000E-02 -1.31866184E-06  2.02315362E-06 
    1075  8.62500000E+02  6.62500000E+02 -7.49113139E-01  1.73748054E+00  9.88367398E-01  2.50000000E-02 -8.17244862E-07  3.14628031E-07 
    1076  8.87500000E+02  6.62500000E+02 -4.20707946E-01  1.40907530E+00  9.88367359E-01  2.50000000E-02 -7.77245868E-07  5.63794401E-07 
    1077  9.12500000E+02  6.62500000E+02 -5.96752387E-01  1.58511982E+00  9.88367437E-01  2.50000000E-02 -6.70328814E-07  1.36512152E-06 
    1078  9.37500000E+02  6.62500000E+02 -6.47407324E-01  1.63577475E+00  9.88367425E-01  2.50000000E-02 -4.64365294E-07  9.72922991E-07 
    1079  9.62500000E+02  6.62500000E+02  1.30377829E-01  8.57989581E-01  9.88367410E-01  2.50000000E-02 -1.23231452E-07  8.78321805E-07 
    1080  9.87500000E+02  6.62500000E+02 -1.42309912E-01  1.13067728E+00  9.88367367E-01  2.50000000E-02  6.84669642E-09  3.53025102E-07 
    1081  1.25000000E+01  6.87500000E+02 -3.07977107E-01  1.29634239E+00  9.88365281E-01  2.50000000E-02 -1.41974378E-07  6.14771688E-07 
    1082  3.75000000E+01  6.87500000E+02 -5.64544706E-02  1.04481978E+00  9.88365311E-01  2.50000000E-02 -4.55150263E-07  3.47686923E-07 
    1083  6.25000000E+01  6.87500000E+02  5.18945662E-01  4.69419709E-01  9.88365371E-01  2.50000000E-02 -1.03338054E-06 -5.90914466E-07 
    1084  8.75000000E+01  6.87500000E+02 -6.36454859E-01  1.62482039E+00  9.88365535E-01  2.50000000E-02 -6.96584256E-07  2.11956420E-07 
    1085  1.12500000E+02  6.87500000E+02 -6.85283209E-01  1.67364867E+00  9.88365464E-01  2.50000000E-02 -7.53158930E-07  3.28061048E-07 
    1086  1.37500000E+02  6.87500000E+02 -9.97720077E-01  1.98608552E+00  9.88365440E-01  2.50000000E-02 -1.09138749E-06 -1.01709674E-06 
    1087  1.62500000E+02  6.87500000E+02 -3.34496651E-01  1.32286186E+00  9.88365213E-01  2.50000000E-02 -2.39436147E-06 -3.05572003E-06 
    1088  1.87500000E+02  6.87500000E+02 -1.78130384E-01  1.16649607E+00  9.88365686E-01  2.50000000E-02 -3.42683976E-06 -7.23207828E-07 
    1089  2.12500000E+02  6.87500000E+02 -9.12266154E-01  1.90063193E+00  9.88365776E-01  2.50000000E-02 -2.88847427E-06 -2.56855073E-06 
    1090  2.37500000E+02  6.87500000E+02 -5.41857218E-01  1.53022292E+00  9.88365699E-01  2.50000000E-02 -2.62015882E-06 -1.65989749E-06 
    1091  2.62500000E+02  6.87500000E+02 -3.64935538E-01  1.35330111E+00  9.88365572E-01  2.50000000E-02 -2.95011095E-06 -5.37758278E-06 
    1092  2.87500000E+02  6.87500000E+02  1.14057330E-01  8.74308455E-01  9.88365784E-01  2.50000000E-02 -3.70294735E-06  1.69735534E-07 
    1093  3.12500000E+02  6.87500000E+02  5.99342883E-02  9.28431595E-01  9.88365884E-01  2.50000000E-02 -3.53384170E-06 -2.74318497E-05 
    1094  3.37500000E+02  6.87500000E+02 -6.29059867E-01  1.61742597E+00  9.88366106E-01  2.50000000E-02 -2.46133314E-06  5.15270848E-07 
    1095  3.62500000E+02  6.87500000E+02 -5.54513131E-01  1.54287903E+00  9.88365898E-01  2.50000000E-02 -2.22318355E-06  1.33141788E-07 
    1096  3.87500000E+02  6.87500000E+02 -2.96395410E-01  1.28476100E+00  9.88365590E-01  2.50000000E-02 -3.55564372E-06 -5.86508076E-06 
    1097  4.12500000E+02  6.87500000E+02 -1.48470216E-01  1.13683611E+00  9.88365899E-01  2.50000000E-02 -5.35700738E-06 -7.75795813E-07 
    1098  4.37500000E+02  6.87500000E+02  7.59800929E-03  9.80767663E-01  9.88365673E-01  2.50000000E-02 -7.23268320E-06  2.29610420E-05 
    1099  4.62500000E+02  6.87500000E+02 -6.08590634E-01  1.59695711E+00  9.88366480E-01  2.50000000E-02 -7.28978144E-06  2.21849918E-06 
    1100  4.87500000E+02  6.87500000E+02 -3.69620645E-01  1.35798656E+00  9.88365920E-01  2.50000000E-02 -7.27037140E-06  1.98757158E-06 
    1101  5.12500000E+02  6.87500000E+02  3.46211414E-01  6.42155162E-01  9.88366576E-01  2.50000000E-02 -9.34226928E-06  1.21518073E-06 
    1102  5.37500000E+02  6.87500000E+02 -2.26452086E-01  1.21481902E+00  9.88366939E-01  2.50000000E-02 -7.48748223E-06  5.39557079E-07 
    1103  5.62500000E+02  6.87500000E+02 -5.15429995E-02  1.03990959E+00  9.88366589E-01  2.50000000E-02 -7.01110321E-06 -8.95873008E-07 
    1104  5.87500000E+02  6.87500000E+02  2.08717471E-01  7.79649280E-01  9.88366751E-01  2.50000000E-02 -7.41149038E-06 -1.05085983E-07 
    1105  6.12500000E+02  6.87500000E+02 -4.30792963E-01  1.41915978E+00  9.88366816E-01  2.50000000E-02 -7.06711229E-06  6.50134960E-09 
    1106  6.37500000E+02  6.87500000E+02  4.02911505E-01  5.85455379E-01  9.88366884E-01  2.50000000E-02 -6.12034099E-06  1.48510105E-06 
    1107  6.62500000E+02  6.87500000E+02  1.26154343E-01  8.62212678E-01  9.88367020E-01  2.50000000E-02 -4.43142716E-06  1.95451582E-07 
    1108  6.87500000E+02  6.87500000E+02 -1.71976768E-01  1.16034357E+00  9.88366802E-01  2.50000000E-02 -4.01838381E-06 -4.51639158E-07 
    1109  7.12500000E+02  6.87500000E+02  5.64254654E-01  4.24112445E-01  9.88367099E-01  2.50000000E-02 -4.01475185E-06  2.69784237E-06 
    1110  7.37500000E+02  6.87500000E+02 -1.49038884E-01  1.13740602E+00  9.88367136E-01  2.50000000E-02 -2.56749167E-06  2.54122300E-06 
    1111  7.62500000E+02  6.87500000E+02 -3.60254336E-01  1.34862145E+00  9.88367114E-01  2.50000000E-02 -2.30555625E-06  9.95635559E-07 
    1112  7.87500000E+02  6.87500000E+02 -7.85771987E-01  1.77413907E+00  9.88367083E-01  2.50000000E-02 -2.26643053E-06  1.35697845E-06 
    1113  8.12500000E+02  6.87500000E+02  4.57362621E-01  5.31004452E-01  9.88367073E-01  2.50000000E-02 -2.64349016E-06  1.14612660E-06 
    1114  8.37500000E+02  6.87500000E+02  6.66470773E-01  3.21896537E-01  9.88367310E-01  2.50000000E-02 -2.36520787E-06  2.28823643E-06 
    1115  8.62500000E+02  6.87500000E+02 -7.72833755E-01  1.76120116E+00  9.88367402E-01  2.50000000E-02 -3.48436896E-07  2.95612501E-07 
    1116  8.87500000E+02  6.87500000E+02  2.32845507E-01  7.55521767E-01  9.88367275E-01  2.50000000E-02 -6.35227462E-08  1.02287984E-06 
    1117  9.12500000E+02  6.87500000E+02  2.12036995E-01  7.76330288E-01  9.88367283E-01  2.50000000E-02 -1.83731149E-07  1.85963031E-06 
    1118  9.37500000E+02  6.87500000E+02  7.93162657E-01  1.95204660E-01  9.88367317E-01  2.50000000E-02 -4.58700966E-07  1.74302153E-06 
    1119  9.62500000E+02  6.87500000E+02  7.35826877E-01  2.52540425E-01  9.88367302E-01  2.50000000E-02 -5.32750256E-07  1.77380835E-06 
    1120  9.87500000E+02  6.87500000E+02 -1.15334343E-01  1.10370173E+00  9.88367389E-01  2.50000000E-02 -5.68992456E-08  4.19074488E-07 
    1121  1.25000000E+01  7.12500000E+02  2.12525782E-01  7.75839497E-01  9.88365280E-01  2.50000000E-02 -8.21574728E-08  7.46228973E-07 
    1122  3.75000000E+01  7.12500000E+02 -1.04713308E-02  9.98836632E-01  9.88365301E-01  2.50000000E-02 -1.67461677E-07  2.42231150E-07 
    1123  6.25000000E+01  7.12500000E+02  9.76343073E-01  1.20222988E-02  9.88365372E-01  2.50000000E-02 -1.77473627E-07 -2.21578481E-06 
    1124  8.75000000E+01  7.12500000E+02  5.34586808E-02  9.34906702E-01  9.88365383E-01  2.50000000E-02  4.76081781E-07  1.94602986E-07 
    1125  1.12500000E+02  7.12500000E+02 -8.52450590E-01  1.84081603E+00  9.88365438E-01  2.50000000E-02  5.80279483E-07  3.72171734E-07 
    1126  1.37500000E+02  7.12500000E+02 -9.64945501E-03  9.98014865E-01  9.88365410E-01  2.50000000E-02  6.17006076E-07 -1.15718972E-06 
    1127  1.62500000E+02  7.12500000E+02  7.74196494E-01  2.14169122E-01  9.88365616E-01  2.50000000E-02  7.65745762E-07 -7.39631763E-06 
    1128  1.87500000E+02  7.12500000E+02  2.29713840E-01  7.58651671E-01  9.88365511E-01  2.50000000E-02  1.31392099E-06 -1.25930889E-06 
    1129  2.12500000E+02  7.12500000E+02 -2.32188020E-01  1.22055354E+00  9.88365524E-01  2.50000000E-02  1.19049652E-06 -2.34018796E-06 
    1130  2.37500000E+02  7.12500000E+02 -9.98114426E-01  1.98647989E+00  9.88365461E-01  2.50000000E-02  8.81789331E-07 -1.70354629E-06 
    1131  2.62500000E+02  7.12500000E+02 -9.56243896E-01  1.94460923E+00  9.88365336E-01  2.50000000E-02  2.99675346E-07 -5.71531856E-06 
    1132  2.87500000E+02  7.12500000E+02 -2.02079740E-01  1.19044540E+00  9.88365665E-01  2.50000000E-02 -6.45713208E-07 -8.37678647E-08 
    1133  3.12500000E+02  7.12500000E+02  6.56841777E-01  3.31523742E-01  9.88365519E-01  2.50000000E-02 -1.64352886E-06 -2.42562104E-05 
    1134  3.37500000E+02  7.12500000E+02 -4.28067939E-01  1.41643403E+00  9.88366088E-01  2.50000000E-02 -3.76098503E-07  5.95521931E-07 
    1135  3.62500000E+02  7.12500000E+02 -5.78451388E-01  1.56681733E+00  9.88365947E-01  2.50000000E-02 -2.52358296E-07  2.05521426E-07 
    1136  3.87500000E+02  7.12500000E+02  6.96919818E-01  2.91446221E-01  9.88366039E-01  2.50000000E-02 -2.34752561E-06 -7.23856462E-06 
    1137  4.12500000E+02  7.12500000E+02  6.88016199E-01  3.00349912E-01  9.88366111E-01  2.50000000E-02 -3.42119246E-06 -1.29922807E-06 
    1138  4.37500000E+02  7.12500000E+02  4.50937987E-01  5.37428581E-01  9.88366568E-01  2.50000000E-02 -1.37456701E-06  1.78009488E-05 
    1139  4.62500000E+02  7.12500000E+02 -8.72638106E-01  1.86100456E+00  9.88366451E-01  2.50000000E-02  3.39623808E-08  2.48396802E-06 
    1140  4.87500000E+02  7.12500000E+02 -4.72261166E-01  1.46062755E+00  9.88366388E-01  2.50000000E-02  4.64377306E-08  1.00635252E-06 
    1141  5.12500000E+02  7.12500000E+02  7.11608422E-01  2.76758115E-01  9.88366538E-01  2.50000000E-02 -1.15894595E-06  1.75710083E-06 
    1142  5.37500000E+02  7.12500000E+02  1.36578061E-01  8.51788750E-01  9.88366812E-01  2.50000000E-02 -3.41109673E-08  1.35664407E-06 
    1143  5.62500000E+02  7.12500000E+02 -3.27990276E-01  1.31635689E+00  9.88366614E-01  2.50000000E-02 -3.31720697E-07 -9.55718771E-07 
    1144  5.87500000E+02  7.12500000E+02 -1.35230552E-01  1.12359726E+00  9.88366710E-01  2.50000000E-02 -8.19684513E-07 -2.13295560E-07 
    1145  6.12500000E+02  7.12500000E+02  4.61645272E-01  5.26721784E-01  9.88367056E-01  2.50000000E-02 -3.19248820E-07 -3.01087846E-06 
    1146  6.37500000E+02  7.12500000E+02 -7.21591945E-01  1.70995879E+00  9.88366848E-01  2.50000000E-02  5.26967557E-07  2.67353892E-07 
    1147  6.62500000E+02  7.12500000E+02 -6.19559136E-01  1.60792607E+00  9.88366938E-01  2.50000000E-02  6.00011561E-07 -4.49866242E-08 
    1148  6.87500000E+02  7.12500000E+02 -9.67050839E-01  1.95541776E+00  9.88366919E-01  2.50000000E-02  7.16412849E-07 -1.12755009E-06 
    1149  7.12500000E+02  7.12500000E+02  7.15133262E-01  2.73233834E-01  9.88367096E-01  2.50000000E-02  3.04291005E-07  2.17030941E-06 
    1150  7.37500000E+02  7.12500000E+02  2.54938944E-01  7.33428127E-01  9.88367071E-01  2.50000000E-02  5.00507435E-07  2.47678032E-06 
    1151  7.62500000E+02  7.12500000E+02 -4.88733671E-01  1.47710076E+00  9.88367091E-01  2.50000000E-02  4.77179875E-07  1.10785534E-06 
    1152  7.87500000E+02  7.12500000E+02  5.88489260E-01  3.99877869E-01  9.88367129E-01  2.50000000E-02  2.56967980E-07  1.27668917E-06 
    1153  8.12500000E+02  7.12500000E+02  1.42788505E-01  8.45578676E-01  9.88367181E-01  2.50000000E-02  3.05314829E-07  9.52791229E-07 
    1154  8.37500000E+02  7.12500000E+02  9.09849421E-01  7.85178221E-02  9.88367243E-01  2.50000000E-02 -1.56120814E-08  3.01061709E-06 
    1155  8.62500000E+02  7.12500000E+02  9.96609287E-01  3.03787756E-06  9.96612325E-01  2.50000000E-02 -5.47377305E-09  4.60544655E-09 
    1156  8.87500000E+02  7.12500000E+02 -7.20531090E-01  1.70889823E+00  9.88367138E-01  2.50000000E-02 -1.83913290E-07  7.16690657E-07 
    1157  9.12500000E+02  7.12500000E+02  1.83987736E-01  8.04379475E-01  9.88367210E-01  2.50000000E-02 -2.22964304E-08  1.61725742E-06 
    1158  9.37500000E+02  7.12500000E+02 -3.67840359E-01  1.35620750E+00  9.88367138E-01  2.50000000E-02  1.03619247E-07  5.14261751E-07 
    1159  9.62500000E+02  7.12500000E+02  5.24402463E-01  4.63964715E-01  9.88367178E-01  2.50000000E-02 -1.04978301E-07  1.28848453E-06 
    1160  9.87500000E+02  7.12500000E+02  8.48327636E-01  1.40039575E-01  9.88367211E-01  2.50000000E-02 -1.21058544E-07  1.73604114E-06 
    1161  1.25000000E+01  7.37500000E+02 -7.88650651E-01  1.77701596E+00  9.88365311E-01  2.50000000E-02 -1.99485230E-07  1.04663249E-06 
    1162  3.75000000E+01  7.37500000E+02 -4.78120813E-01  1.46648617E+00  9.88365360E-01  2.50000000E-02 -6.05627621E-07  3.25759278E-07 
    1163  6.25000000E+01  7.37500000E+02 -6.38564569E-01  1.62692997E+00  9.88365403E-01  2.50000000E-02 -7.74756408E-07  2.19823179E-07 
    1164  8.75000000E+01  7.37500000E+02 -7.36592694E-01  1.72495808E+00  9.88365384E-01  2.50000000E-02 -8.81662983E-07 -2.05374410E-07 
    1165  1.12500000E+02  7.37500000E+02 -2.36763111E-02  1.01204169E+00  9.88365375E-01  2.50000000E-02 -1.26120281E-06  2.20835601E-07 
    1166  1.37500000E+02  7.37500000E+02  7.75144578E-01  2.13221032E-01  9.88365610E-01  2.50000000E-02 -4.12241092E-06 -1.29482094E-06 
    1167  1.62500000E+02  7.37500000E+02  2.58238609E-01  7.30127107E-01  9.88365716E-01  2.50000000E-02 -4.76841809E-06 -7.94634219E-06 
    1168  1.87500000E+02  7.37500000E+02  4.67752723E-01  5.20612998E-01  9.88365722E-01  2.50000000E-02 -4.73562114E-06 -2.29859285E-06 
    1169  2.12500000E+02  7.37500000E+02 -2.07987256E-01  1.19635306E+00  9.88365807E-01  2.50000000E-02 -4.31200751E-06 -1.90111345E-06 
    1170  2.37500000E+02  7.37500000E+02  1.81088697E-02  9.70256741E-01  9.88365611E-01  2.50000000E-02 -4.61218301E-06 -2.31495638E-06 
    1171  2.62500000E+02  7.37500000E+02  2.37743781E-01  7.50621723E-01  9.88365504E-01  2.50000000E-02 -6.32690793E-06 -6.74847081E-06 
    1172  2.87500000E+02  7.37500000E+02  7.38630632E-02  9.14502797E-01  9.88365860E-01  2.50000000E-02 -7.07290439E-06  4.34819823E-08 
    1173  3.12500000E+02  7.37500000E+02 -6.92625819E-01  1.68099156E+00  9.88365744E-01  2.50000000E-02 -6.94196754E-06 -2.07282094E-05 
    1174  3.37500000E+02  7.37500000E+02  9.10884101E-01  7.74817870E-02  9.88365888E-01  2.50000000E-02 -6.99201072E-06  1.13510503E-06 
    1175  3.62500000E+02  7.37500000E+02 -8.89535876E-02  1.07731971E+00  9.88366127E-01  2.50000000E-02 -2.71443606E-06  1.15476442E-06 
    1176  3.87500000E+02  7.37500000E+02  1.79161911E-01  8.09204125E-01  9.88366036E-01  2.50000000E-02 -2.85447705E-06 -5.43311497E-06 
    1177  4.12500000E+02  7.37500000E+02 -5.20105070E-01  1.50847119E+00  9.88366116E-01  2.50000000E-02 -3.05247169E-06 -5.09334967E-07 
    1178  4.37500000E+02  7.37500000E+02  1.44048664E-01  8.44317328E-01  9.88365992E-01  2.50000000E-02 -3.45468160E-06  1.34641036E-05 
    1179  4.62500000E+02  7.37500000E+02 -2.93262894E-01  1.28162927E+00  9.88366378E-01  2.50000000E-02 -2.99927292E-06  2.63844415E-06 
    1180  4.87500000E+02  7.37500000E+02 -8.74837871E-01  1.86320421E+00  9.88366340E-01  2.50000000E-02 -2.18002950E-06  1.13215175E-06 
    1181  5.12500000E+02  7.37500000E+02  1.28077772E-02  9.75558365E-01  9.88366142E-01  2.50000000E-02 -1.79192852E-06 -9.86488074E-08 
    1182  5.37500000E+02  7.37500000E+02  8.63247758E-01  1.25118725E-01  9.88366483E-01  2.50000000E-02 -4.92502052E-06  3.38817753E-06 
    1183  5.62500000E+02  7.37500000E+02  9.08072132E-01  8.02944426E-02  9.88366575E-01  2.50000000E-02 -4.90053251E-06 -1.04757539E-06 
    1184  5.87500000E+02  7.37500000E+02  5.53396221E-01  4.34970605E-01  9.88366826E-01  2.50000000E-02 -1.85082250E-06  7.20650290E-11 
    1185  6.12500000E+02  7.37500000E+02  2.10395785E-01  7.77971377E-01  9.88367162E-01  2.50000000E-02  9.64732103E-08 -4.22466058E-06 
    1186  6.37500000E+02  7.37500000E+02  4.84775283E-02  9.39889390E-01  9.88366918E-01  2.50000000E-02  5.77662289E-07  2.00545327E-07 
    1187  6.62500000E+02  7.37500000E+02 -4.85448113E-02  1.03691181E+00  9.88367002E-01  2.50000000E-02  4.33643248E-07 -9.50399870E-08 
    1188  6.87500000E+02  7.37500000E+02  9.81100052E-01  7.26690160E-03  9.88366953E-01  2.50000000E-02  3.09316265E-06  3.38128756E-07 
    1189  7.12500000E+02  7.37500000E+02  2.79590471E-01  7.08776516E-01  9.88366987E-01  2.50000000E-02 -1.43001796E-07  1.10836363E-06 
    1190  7.37500000E+02  7.37500000E+02 -1.65822439E-01  1.15418945E+00  9.88367016E-01  2.50000000E-02 -7.65972380E-08  2.02435680E-06 
    1191  7.62500000E+02  7.37500000E+02 -6.23547884E-01  1.61191496E+00  9.88367074E-01  2.50000000E-02  1.52358377E-07  1.13864934E-06 
    1192  7.87500000E+02  7.37500000E+02 -7.41045783E-01  1.72941281E+00  9.88367023E-01  2.50000000E-02  2.53885108E-07  8.67736771E-07 
    1193  8.12500000E+02  7.37500000E+02  6.28917049E-01  3.59450020E-01  9.88367069E-01  2.50000000E-02  1.41832192E-07  1.34439840E-06 
    1194  8.37500000E+02  7.37500000E+02 -1.29294933E-01  1.11766193E+00  9.88366995E-01  2.50000000E-02 -1.25526613E-07  4.90255688E-07 
    1195  8.62500000E+02  7.37500000E+02  6.99776301E-01  2.88590761E-01  9.88367062E-01  2.50000000E-02 -6.58351645E-07  2.13760719E-07 
    1196  8.87500000E+02  7.37500000E+02 -7.91778566E-01  1.78014574E+00  9.88367175E-01  2.50000000E-02 -1.63975651E-07  5.91419874E-07 
    1197  9.12500000E+02  7.37500000E+02 -3.81969586E-01  1.37033674E+00  9.88367151E-01  2.50000000E-02 -1.17183709E-07  1.00607309E-06 
    1198  9.37500000E+02  7.37500000E+02 -2.37369274E-01  1.22573644E+00  9.88367161E-01  2.50000000E-02 -1.11019130E-07  4.14872737E-07 
    1199  9.62500000E+02  7.37500000E+02 -1.28648872E-01  1.11701610E+00  9.88367223E-01  2.50000000E-02  1.04197688E-07  1.02602518E-06 
    1200  9.87500000E+02  7.37500000E+02 -9.95164348E-01  1.98353143E+00  9.88367085E-01  2.50000000E-02  8.95417037E-08  4.87336618E-07 
    1201  1.25000000E+01  7.62500000E+02 -1.29155342E-01  1.11752073E+00  9.88365384E-01  2.50000000E-02 -2.88094103E-08  1.55729829E-06 
    1202  3.75000000E+01  7.62500000E+02 -5.83351884E-01  1.57171724E+00  9.88365353E-01  2.50000000E-02 -1.73593035E-07  4.76341038E-07 
    1203  6.25000000E+01  7.62500000E+02  2.15780788E-01  7.72584611E-01  9.88365399E-01  2.50000000E-02 -3.98198882E-07  2.78143195E-07 
    1204  8.75000000E+01  7.62500000E+02  1.67498107E-01  8.20867298E-01  9.88365405E-01  2.50000000E-02 -4.31344357E-07 -3.13376645E-07 
    1205  1.12500000E+02  7.62500000E+02 -4.84599483E-01  1.47296488E+00  9.88365397E-01  2.50000000E-02 -4.72996681E-07 -4.60678131E-09 
    1206  1.37500000E+02  7.62500000E+02  6.08456202E-01  3.79909249E-01  9.88365451E-01  2.50000000E-02 -4.81638196E-07 -9.67302596E-07 
    1207  1.62500000E+02  7.62500000E+02  9.15172981E-01  7.31922829E-02  9.88365264E-01  2.50000000E-02 -7.27345251E-08 -4.63264307E-06 
    1208  1.87500000E+02  7.62500000E+02 -9.82501712E-01  1.97086724E+00  9.88365530E-01  2.50000000E-02  7.44922333E-07 -3.09408065E-06 
    1209  2.12500000E+02  7.62500000E+02 -9.44664556E-01  1.93303006E+00  9.88365507E-01  2.50000000E-02  6.73730111E-07 -1.39362906E-06 
    1210  2.37500000E+02  7.62500000E+02 -3.23494052E-01  1.31185958E+00  9.88365531E-01  2.50000000E-02  4.49095476E-07 -2.56735420E-06 
    1211  2.62500000E+02  7.62500000E+02  4.96707116E-01  4.91658452E-01  9.88365568E-01  2.50000000E-02 -2.32341987E-07 -6.69206498E-06 
    1212  2.87500000E+02  7.62500000E+02 -2.92645816E-01  1.28101155E+00  9.88365731E-01  2.50000000E-02 -7.22679547E-08  4.28866991E-07 
    1213  3.12500000E+02  7.62500000E+02  2.98231197E-01  6.90134294E-01  9.88365491E-01  2.50000000E-02 -4.68971620E-07 -1.87394769E-05 
    1214  3.37500000E+02  7.62500000E+02 -9.59836919E-01  1.94820278E+00  9.88365861E-01  2.50000000E-02 -3.58646357E-07 -4.55477732E-07 
    1215  3.62500000E+02  7.62500000E+02 -6.97700009E-01  1.68606575E+00  9.88365743E-01  2.50000000E-02 -2.64801248E-07  1.54629710E-06 
    1216  3.87500000E+02  7.62500000E+02  6.40197572E-01  3.48168258E-01  9.88365830E-01  2.50000000E-02 -2.10492523E-06 -4.08380770E-06 
    1217  4.12500000E+02  7.62500000E+02  3.51639594E-01  6.36726505E-01  9.88366099E-01  2.50000000E-02 -2.10999215E-06 -1.94639186E-07 
    1218  4.37500000E+02  7.62500000E+02 -2.59690226E-01  1.24805625E+00  9.88366024E-01  2.50000000E-02 -1.82257579E-06  9.80786988E-06 
    1219  4.62500000E+02  7.62500000E+02 -4.54942193E-01  1.44330821E+00  9.88366019E-01  2.50000000E-02 -1.83336501E-06  1.66217389E-06 
    1220  4.87500000E+02  7.62500000E+02  9.69373941E-01  1.89923371E-02  9.88366278E-01  2.50000000E-02 -5.58252286E-06  1.99930164E-06 
    1221  5.12500000E+02  7.62500000E+02  4.18351814E-01  5.70014520E-01  9.88366334E-01  2.50000000E-02 -3.37285433E-06 -6.92461820E-07 
    1222  5.37500000E+02  7.62500000E+02  8.74381873E-01  1.13984638E-01  9.88366511E-01  2.50000000E-02 -3.98032161E-06  2.50463659E-06 
    1223  5.62500000E+02  7.62500000E+02 -2.27439838E-01  1.21580656E+00  9.88366720E-01  2.50000000E-02 -1.49936969E-06  1.19015986E-07 
    1224  5.87500000E+02  7.62500000E+02  4.74677530E-01  5.13689194E-01  9.88366725E-01  2.50000000E-02 -1.38569290E-06  3.41748747E-07 
    1225  6.12500000E+02  7.62500000E+02 -7.90045506E-01  1.77841257E+00  9.88367062E-01  2.50000000E-02  9.80795727E-08 -4.68934918E-06 
    1226  6.37500000E+02  7.62500000E+02 -1.95074996E-01  1.18344193E+00  9.88366933E-01  2.50000000E-02  4.31527966E-07  6.38436244E-07 
    1227  6.62500000E+02  7.62500000E+02  6.23433476E-01  3.64933494E-01  9.88366969E-01  2.50000000E-02 -2.02741642E-07  8.63897346E-07 
    1228  6.87500000E+02  7.62500000E+02 -4.47466695E-01  1.43583359E+00  9.88366899E-01  2.50000000E-02 -1.22108836E-06  1.24452439E-06 
    1229  7.12500000E+02  7.62500000E+02 -7.85039710E-01  1.77340662E+00  9.88366911E-01  2.50000000E-02 -1.41906749E-06  4.77630054E-07 
    1230  7.37500000E+02  7.62500000E+02  7.57658276E-02  9.12601236E-01  9.88367063E-01  2.50000000E-02 -1.37433884E-06  1.78262476E-06 
    1231  7.62500000E+02  7.62500000E+02 -6.01492353E-02  1.04851629E+00  9.88367050E-01  2.50000000E-02 -9.41195188E-07  1.09309474E-06 
    1232  7.87500000E+02  7.62500000E+02 -2.35893939E-01  1.22426098E+00  9.88367037E-01  2.50000000E-02 -7.12722522E-07  7.03517357E-07 
    1233  8.12500000E+02  7.62500000E+02 -6.03943320E-02  1.04876131E+00  9.88366975E-01  2.50000000E-02 -7.59318957E-07  8.01458161E-07 
    1234  8.37500000E+02  7.62500000E+02 -7.55900906E-01  1.74426791E+00  9.88367002E-01  2.50000000E-02 -9.49692267E-07  4.20390923E-07 
    1235  8.62500000E+02  7.62500000E+02  4.88671498E-01  4.99695560E-01  9.88367059E-01  2.50000000E-02 -1.22938435E-06  2.07702237E-07 
    1236  8.87500000E+02  7.62500000E+02 -6.98894523E-01  1.68726173E+00  9.88367211E-01  2.50000000E-02 -6.42131883E-07  6.63332792E-07 
    1237  9.12500000E+02  7.62500000E+02 -7.87935242E-01  1.77630248E+00  9.88367236E-01  2.50000000E-02 -3.92327050E-07  9.05306948E-07 
    1238  9.37500000E+02  7.62500000E+02 -7.18559022E-01  1.70692620E+00  9.88367173E-01  2.50000000E-02 -2.42806068E-07  4.07350389E-07 
    1239  9.62500000E+02  7.62500000E+02  9.62182206E-01  2.61849552E-02  9.88367161E-01  2.50000000E-02  5.37098410E-07  1.63571266E-06 
    1240  9.87500000E+02  7.62500000E+02 -2.96470198E-01  1.28483730E+00  9.88367104E-01  2.50000000E-02  2.36240423E-09  4.55598519E-07 
    1241  1.25000000E+01  7.87500000E+02  5.12184706E-01  4.76180493E-01  9.88365200E-01  2.50000000E-02 -5.32599663E-07  3.43750884E-06 
    1242  3.75000000E+01  7.87500000E+02 -5.05686300E-01  1.49405172E+00  9.88365417E-01  2.50000000E-02 -6.09954648E-07  7.80406696E-07 
    1243  6.25000000E+01  7.87500000E+02 -6.10630668E-01  1.59899605E+00  9.88365383E-01  2.50000000E-02 -5.23923930E-07  2.91844591E-07 
    1244  8.75000000E+01  7.87500000E+02 -7.69718752E-01  1.75808410E+00  9.88365352E-01  2.50000000E-02 -5.94697614E-07 -3.95822242E-07 
    1245  1.12500000E+02  7.87500000E+02 -3.74472949E-01  1.36283834E+00  9.88365393E-01  2.50000000E-02 -6.59854805E-07 -8.73892843E-08 
    1246  1.37500000E+02  7.87500000E+02 -3.26369102E-01  1.31473448E+00  9.88365376E-01  2.50000000E-02 -6.40456003E-07 -1.60012725E-06 
    1247  1.62500000E+02  7.87500000E+02  9.77163706E-01  1.12018333E-02  9.88365540E-01  2.50000000E-02 -7.16653776E-06 -1.13996931E-05 
    1248  1.87500000E+02  7.87500000E+02  1.55964062E-01  8.32401691E-01  9.88365752E-01  2.50000000E-02 -2.93269591E-06 -2.65282850E-06 
    1249  2.12500000E+02  7.87500000E+02  5.81497036E-01  4.06868536E-01  9.88365573E-01  2.50000000E-02 -3.82335866E-06 -1.96270143E-06 
    1250  2.37500000E+02  7.87500000E+02  4.52434962E-01  5.35930777E-01  9.88365739E-01  2.50000000E-02 -4.72075080E-06 -2.42216083E-06 
    1251  2.62500000E+02  7.87500000E+02 -9.81250213E-01  1.96961590E+00  9.88365687E-01  2.50000000E-02 -4.88603287E-06 -5.47453556E-06 
    1252  2.87500000E+02  7.87500000E+02  9.24848470E-01  6.35172523E-02  9.88365722E-01  2.50000000E-02 -5.02952722E-06  1.15707016E-07 
    1253  3.12500000E+02  7.87500000E+02 -1.50094150E-01  1.13845937E+00  9.88365216E-01  2.50000000E-02 -1.09494602E-05 -1.82708397E-05 
    1254  3.37500000E+02  7.87500000E+02 -6.36470323E-02  1.05201255E+00  9.88365516E-01  2.50000000E-02 -9.99896120E-06 -1.40968151E-06 
    1255  3.62500000E+02  7.87500000E+02 -6.96106355E-01  1.68447140E+00  9.88365046E-01  2.50000000E-02 -9.40122641E-06 -5.05085288E-07 
    1256  3.87500000E+02  7.87500000E+02  7.16918299E-01  2.71447287E-01  9.88365587E-01  2.50000000E-02 -1.09832723E-05 -4.64032501E-06 
    1257  4.12500000E+02  7.87500000E+02  3.94637213E-01  5.93728878E-01  9.88366090E-01  2.50000000E-02 -6.11876576E-06  9.14754022E-08 
    1258  4.37500000E+02  7.87500000E+02 -5.07367031E-01  1.49573364E+00  9.88366612E-01  2.50000000E-02 -1.55902320E-06  9.30246731E-06 
    1259  4.62500000E+02  7.87500000E+02 -5.70342437E-01  1.55870875E+00  9.88366314E-01  2.50000000E-02 -7.09545703E-07  8.46816850E-07 
    1260  4.87500000E+02  7.87500000E+02  7.32570805E-01  2.55795467E-01  9.88366272E-01  2.50000000E-02 -8.03386179E-07  4.92734742E-07 
    1261  5.12500000E+02  7.87500000E+02  8.03825180E-01  1.84541130E-01  9.88366310E-01  2.50000000E-02 -1.55069990E-06  1.52833617E-07 
    1262  5.37500000E+02  7.87500000E+02 -2.96755179E-01  1.28512162E+00  9.88366440E-01  2.50000000E-02 -1.47017391E-06  1.13632738E-06 
    1263  5.62500000E+02  7.87500000E+02  7.65708990E-01  2.22657618E-01  9.88366607E-01  2.50000000E-02 -2.40993368E-06  1.11875861E-06 
    1264  5.87500000E+02  7.87500000E+02  5.18666491E-01  4.69700273E-01  9.88366764E-01  2.50000000E-02 -1.72246128E-06  4.56431267E-07 
    1265  6.12500000E+02  7.87500000E+02  1.92842463E-02  9.69082636E-01  9.88366883E-01  2.50000000E-02 -8.77255897E-07 -5.28818585E-06 
    1266  6.37500000E+02  7.87500000E+02  1.01460689E-01  8.86906142E-01  9.88366831E-01  2.50000000E-02 -6.65523183E-07  1.09176901E-06 
    1267  6.62500000E+02  7.87500000E+02  7.70351714E-01  2.18015154E-01  9.88366869E-01  2.50000000E-02 -1.11770626E-06  1.89718509E-06 
    1268  6.87500000E+02  7.87500000E+02 -3.93053304E-01  1.38142030E+00  9.88366998E-01  2.50000000E-02 -6.46341969E-07  1.53774186E-06 
    1269  7.12500000E+02  7.87500000E+02 -4.89428734E-02  1.03730985E+00  9.88366977E-01  2.50000000E-02 -6.18418106E-07  2.18653576E-07 
    1270  7.37500000E+02  7.87500000E+02  3.05378955E-01  6.82988074E-01  9.88367030E-01  2.50000000E-02 -5.29894846E-07  1.60765649E-06 
    1271  7.62500000E+02  7.87500000E+02  1.15064248E-02  9.76860615E-01  9.88367040E-01  2.50000000E-02 -2.32453383E-07  9.68535679E-07 
    1272  7.87500000E+02  7.87500000E+02 -6.54236181E-01  1.64260322E+00  9.88367040E-01  2.50000000E-02 -5.29243044E-08  5.64793591E-07 
    1273  8.12500000E+02  7.87500000E+02 -5.28859316E-01  1.51722631E+00  9.88366992E-01  2.50000000E-02 -9.43535458E-08  6.81180526E-07 
    1274  8.37500000E+02  7.87500000E+02  4.81049763E-01  5.07317297E-01  9.88367060E-01  2.50000000E-02 -7.16139026E-07  5.28658719E-07 
    1275  8.62500000E+02  7.87500000E+02 -1.20181723E-01  1.10854886E+00  9.88367133E-01  2.50000000E-02 -7.78692274E-07  5.29113365E-07 
    1276  8.87500000E+02  7.87500000E+02 -7.05859829E-01  1.69422699E+00  9.88367165E-01  2.50000000E-02 -6.42967469E-07  7.33858273E-07 
    1277  9.12500000E+02  7.87500000E+02  5.00367896E-01  4.87999208E-01  9.88367104E-01  2.50000000E-02 -3.16320980E-07  1.14997426E-06 
    1278  9.37500000E+02  7.87500000E+02  9.34024516E-01  5.43425883E-02  9.88367104E-01  2.50000000E-02 -2.25609055E-08  1.23221124E-06 
    1279  9.62500000E+02  7.87500000E+02  4.22830000E-02  9.46084100E-01  9.88367100E-01  2.50000000E-02  3.39335922E-08  2.75379637E-08 
    1280  9.87500000E+02  7.87500000E+02 -5.49122951E-01  1.53749004E+00  9.88367092E-01  2.50000000E-02  1.11579916E-08  4.42220053E-07 
    1281  1.25000000E+01  8.12500000E+02 -3.17920717E-01  1.30628568E+00  9.88364961E-01  2.50000000E-02 -8.56736319E-08  3.42342745E-06 
    1282  3.75000000E+01  8.12500000E+02  7.63393325E-01  2.24971651E-01  9.88364976E-01  2.50000000E-02 -2.40429120E-06  5.95575658E-06 
    1283  6.25000000E+01  8.12500000E+02  1.45936860E-02  9.73771685E-01  9.88365371E-01  2.50000000E-02 -2.04185543E-06  2.68782366E-07 
    1284  8.75000000E+01  8.12500000E+02  5.94522513E-01  3.93842775E-01  9.88365287E-01  2.50000000E-02 -1.21445505E-06 -5.98296081E-07 
    1285  1.12500000E+02  8.12500000E+02 -2.83011310E-01  1.27137667E+00  9.88365364E-01  2.50000000E-02 -4.88490518E-07 -2.53671811E-07 
    1286  1.37500000E+02  8.12500000E+02  3.28146965E-01  6.60218337E-01  9.88365302E-01  2.50000000E-02 -3.69738311E-07 -2.25050943E-06 
    1287  1.62500000E+02  8.12500000E+02 -3.15538951E-01  1.30390465E+00  9.88365699E-01  2.50000000E-02  9.47842262E-07 -1.66960675E-06 
    1288  1.87500000E+02  8.12500000E+02 -1.43462335E-01  1.13182786E+00  9.88365526E-01  2.50000000E-02  1.57849135E-06 -1.99385700E-06 
    1289  2.12500000E+02  8.12500000E+02  9.75605087E-01  1.27605494E-02  9.88365636E-01  2.50000000E-02  2.98224749E-07 -5.06162887E-06 
    1290  2.37500000E+02  8.12500000E+02 -4.22574008E-02  1.03062303E+00  9.88365629E-01  2.50000000E-02  6.14743572E-07 -1.63747431E-06 
    1291  2.62500000E+02  8.12500000E+02 -6.21157836E-02  1.05048115E+00  9.88365361E-01  2.50000000E-02 -2.95743067E-07 -5.62323155E-06 
    1292  2.87500000E+02  8.12500000E+02 -2.46924589E-01  1.23529025E+00  9.88365657E-01  2.50000000E-02 -1.13734889E-06 -9.34756640E-07 
    1293  3.12500000E+02  8.12500000E+02  9.10505203E-01  7.78600924E-02  9.88365295E-01  2.50000000E-02 -4.03656843E-06 -1.28498453E-05 
    1294  3.37500000E+02  8.12500000E+02 -8.91053726E-01  1.87941988E+00  9.88366150E-01  2.50000000E-02 -1.44045337E-06 -1.38002092E-06 
    1295  3.62500000E+02  8.12500000E+02 -6.84249296E-01  1.67261514E+00  9.88365843E-01  2.50000000E-02 -2.08236644E-06 -2.31222525E-06 
    1296  3.87500000E+02  8.12500000E+02 -9.93029892E-01  1.98139599E+00  9.88366101E-01  2.50000000E-02 -2.84731508E-06 -3.18685114E-06 
    1297  4.12500000E+02  8.12500000E+02  3.01377228E-01  6.86988880E-01  9.88366108E-01  2.50000000E-02 -3.33885353E-06  4.80428406E-07 
    1298  4.37500000E+02  8.12500000E+02  8.46607542E-02  9.03705414E-01  9.88366168E-01  2.50000000E-02 -3.60091162E-06  9.42340879E-06 
    1299  4.62500000E+02  8.12500000E+02  6.76283780E-01  3.12082473E-01  9.88366253E-01  2.50000000E-02 -3.47730056E-06  6.80019007E-07 
    1300  4.87500000E+02  8.12500000E+02 -5.87960715E-01  1.57632702E+00  9.88366301E-01  2.50000000E-02 -2.82781016E-06  5.30999584E-07 
    1301  5.12500000E+02  8.12500000E+02  4.45607059E-01  5.42759177E-01  9.88366236E-01  2.50000000E-02 -3.04260314E-06  3.02676762E-07 
    1302  5.37500000E+02  8.12500000E+02  5.76082622E-01  4.12283663E-01  9.88366285E-01  2.50000000E-02 -3.68185837E-06  2.56521981E-07 
    1303  5.62500000E+02  8.12500000E+02  8.32685535E-01  1.55680960E-01  9.88366495E-01  2.50000000E-02 -4.37601332E-06  1.11274833E-06 
    1304  5.87500000E+02  8.12500000E+02  1.40966716E-01  8.47400054E-01  9.88366771E-01  2.50000000E-02 -1.61511846E-06  8.50674100E-07 
    1305  6.12500000E+02  8.12500000E+02  1.81870507E-01  8.06496225E-01  9.88366733E-01  2.50000000E-02 -1.41944755E-06 -6.88356785E-06 
    1306  6.37500000E+02  8.12500000E+02  7.01653474E-01  2.86713245E-01  9.88366719E-01  2.50000000E-02 -1.60368375E-06  1.95166058E-06 
    1307  6.62500000E+02  8.12500000E+02 -6.77303998E-01  1.66567094E+00  9.88366945E-01  2.50000000E-02 -7.46679931E-07  2.63350593E-06 
    1308  6.87500000E+02  8.12500000E+02 -5.15245579E-02  1.03989145E+00  9.88366887E-01  2.50000000E-02 -6.97343079E-07  2.10423373E-06 
    1309  7.12500000E+02  8.12500000E+02  4.56894185E-01  5.31472783E-01  9.88366968E-01  2.50000000E-02 -8.38211612E-07  8.19625478E-08 
    1310  7.37500000E+02  8.12500000E+02 -9.74321502E-01  1.96268849E+00  9.88366985E-01  2.50000000E-02 -6.50490227E-07  1.19696987E-06 
    1311  7.62500000E+02  8.12500000E+02 -6.91669106E-02  1.05753396E+00  9.88367053E-01  2.50000000E-02 -4.64656002E-07  8.91076689E-07 
    1312  7.87500000E+02  8.12500000E+02 -3.30246550E-01  1.31861360E+00  9.88367051E-01  2.50000000E-02 -1.26029360E-07  4.54706160E-07 
    1313  8.12500000E+02  8.12500000E+02 -6.12474222E-01  1.60084124E+00  9.88367014E-01  2.50000000E-02 -2.35267179E-08  7.14198702E-07 
    1314  8.37500000E+02  8.12500000E+02 -3.20882754E-01  1.30924975E+00  9.88367000E-01  2.50000000E-02 -9.68940868E-08  6.17658283E-07 
    1315  8.62500000E+02  8.12500000E+02  3.86736737E-01  6.01630325E-01  9.88367062E-01  2.50000000E-02 -3.01229582E-07  7.85583672E-07 
    1316  8.87500000E+02  8.12500000E+02  1.37639775E-01  8.50727397E-01  9.88367173E-01  2.50000000E-02  1.38313972E-07  7.06565364E-07 
    1317  9.12500000E+02  8.12500000E+02  1.69933067E-01  8.18434019E-01  9.88367086E-01  2.50000000E-02  3.78352636E-07  7.94825066E-07 
    1318  9.37500000E+02  8.12500000E+02  2.45947634E-01  7.42419418E-01  9.88367052E-01  2.50000000E-02  1.81515277E-07  4.54835793E-07 
    1319  9.62500000E+02  8.12500000E+02  3.15965527E-01  6.72401577E-01  9.88367103E-01  2.50000000E-02 -1.15325913E-09  1.35758050E-08 
    1320  9.87500000E+02  8.12500000E+02 -5.10382206E-01  1.49874931E+00  9.88367102E-01  2.50000000E-02  6.66826663E-10  4.31274700E-07 
    1321  1.25000000E+01  8.37500000E+02  2.89857136E-01  6.98508052E-01  9.88365188E-01  2.50000000E-02 -2.56188192E-07  3.65559122E-06 
    1322  3.75000000E+01  8.37500000E+02  2.06080072E-01  7.82284583E-01  9.88364655E-01  2.50000000E-02 -2.75459350E-06  5.90196934E-06 
    1323  6.25000000E+01  8.37500000E+02  7.25636087E-01  2.62729701E-01  9.88365788E-01  2.50000000E-02 -1.48967206E-05  2.64868599E-06 
    1324  8.75000000E+01  8.37500000E+02  1.75598290E-01  8.12767283E-01  9.88365574E-01  2.50000000E-02 -2.07037542E-05  5.71373569E-07 
    1325  1.12500000E+02  8.37500000E+02  7.44273458E-01  2.44092257E-01  9.88365715E-01  2.50000000E-02 -2.45233657E-05 -6.57387505E-07 
    1326  1.37500000E+02  8.37500000E+02  7.08108041E-01  2.80257791E-01  9.88365832E-01  2.50000000E-02 -2.56149312E-05 -2.29131411E-06 
    1327  1.62500000E+02  8.37500000E+02 -9.21429355E-01  1.90979450E+00  9.88365143E-01  2.50000000E-02 -2.88779530E-05 -3.12201723E-06 
    1328  1.87500000E+02  8.37500000E+02  9.11841196E-01  7.65236677E-02  9.88364863E-01  2.50000000E-02 -1.89425114E-05 -2.68326201E-06 
    1329  2.12500000E+02  8.37500000E+02 -2.65279687E-02  1.01489372E+00  9.88365754E-01  2.50000000E-02 -7.35227020E-07 -7.54144638E-07 
    1330  2.37500000E+02  8.37500000E+02 -9.89332990E-01  1.97769854E+00  9.88365545E-01  2.50000000E-02 -8.73674104E-07 -1.62790880E-06 
    1331  2.62500000E+02  8.37500000E+02  5.03447756E-01  4.84918029E-01  9.88365785E-01  2.50000000E-02 -2.62099915E-06 -6.93394251E-06 
    1332  2.87500000E+02  8.37500000E+02 -9.46414540E-01  1.93478058E+00  9.88366041E-01  2.50000000E-02 -2.18030423E-06  1.01909749E-07 
    1333  3.12500000E+02  8.37500000E+02 -8.69568998E-01  1.85793477E+00  9.88365771E-01  2.50000000E-02 -2.58728858E-06 -1.28996193E-07 
    1334  3.37500000E+02  8.37500000E+02 -3.06338779E-01  1.29470462E+00  9.88365841E-01  2.50000000E-02 -4.15342868E-06 -6.13345965E-07 
    1335  3.62500000E+02  8.37500000E+02  1.77549684E-01  8.10816313E-01  9.88365997E-01  2.50000000E-02 -6.36158903E-06 -1.22965239E-06 
    1336  3.87500000E+02  8.37500000E+02 -3.66924104E-01  1.35529049E+00  9.88366391E-01  2.50000000E-02 -6.63526557E-06 -1.90890763E-06 
    1337  4.12500000E+02  8.37500000E+02 -5.20939004E-01  1.50930510E+00  9.88366097E-01  2.50000000E-02 -6.89591235E-06  8.84093541E-07 
    1338  4.37500000E+02  8.37500000E+02 -2.97072474E-01  1.28543890E+00  9.88366425E-01  2.50000000E-02 -7.10194096E-06  8.81002412E-06 
    1339  4.62500000E+02  8.37500000E+02  4.92806270E-01  4.95559919E-01  9.88366189E-01  2.50000000E-02 -5.21966922E-06 -1.93157606E-07 
    1340  4.87500000E+02  8.37500000E+02 -1.33237921E-01  1.12160402E+00  9.88366097E-01  2.50000000E-02 -4.90865439E-06 -7.29715383E-08 
    1341  5.12500000E+02  8.37500000E+02  8.06992906E-01  1.81373344E-01  9.88366250E-01  2.50000000E-02 -5.45853518E-06 -9.92698242E-09 
    1342  5.37500000E+02  8.37500000E+02 -3.12502795E-01  1.30086943E+00  9.88366639E-01  2.50000000E-02 -2.30563978E-06  3.83237199E-07 
    1343  5.62500000E+02  8.37500000E+02  7.73404179E-02  9.11026095E-01  9.88366513E-01  2.50000000E-02 -2.34179184E-06  6.44390779E-07 
    1344  5.87500000E+02  8.37500000E+02 -1.35382093E-01  1.12374870E+00  9.88366603E-01  2.50000000E-02 -2.61208801E-06  5.39471646E-07 
    1345  6.12500000E+02  8.37500000E+02  3.02996821E-01  6.85369982E-01  9.88366803E-01  2.50000000E-02 -2.07449982E-06 -8.72578933E-06 
    1346  6.37500000E+02  8.37500000E+02  3.36412781E-01  6.51953826E-01  9.88366607E-01  2.50000000E-02 -1.61494835E-06  1.82892528E-06 
    1347  6.62500000E+02  8.37500000E+02  7.91097063E-01  1.97269810E-01  9.88366873E-01  2.50000000E-02 -2.63374271E-06  2.54744848E-06 
    1348  6.87500000E+02  8.37500000E+02  1.56250412E-01  8.32116553E-01  9.88366965E-01  2.50000000E-02 -1.58953551E-06  2.75533014E-06 
    1349  7.12500000E+02  8.37500000E+02 -4.94733205E-01  1.48310022E+00  9.88367011E-01  2.50000000E-02 -1.34126891E-06  1.24877370E-07 
    1350  7.37500000E+02  8.37500000E+02 -1.83218777E-01  1.17158579E+00  9.88367017E-01  2.50000000E-02 -1.16301353E-06  1.10813242E-06 
    1351  7.62500000E+02  8.37500000E+02  4.35011613E-01  5.53355396E-01  9.88367009E-01  2.50000000E-02 -7.56944748E-07  7.09949932E-07 
    1352  7.87500000E+02  8.37500000E+02 -6.86449221E-03  9.95231569E-01  9.88367077E-01  2.50000000E-02 -1.39911631E-07  3.91336166E-07 
    1353  8.12500000E+02  8.37500000E+02 -3.59093655E-01  1.34746066E+00  9.88367006E-01  2.50000000E-02 -1.24136705E-08  8.15400267E-07 
    1354  8.37500000E+02  8.37500000E+02  9.99038683E-02  8.88463155E-01  9.88367023E-01  2.50000000E-02 -1.08557454E-07  5.92045271E-07 
    1355  8.62500000E+02  8.37500000E+02  3.33395814E-01  6.54971223E-01  9.88367037E-01  2.50000000E-02 -1.55184383E-07  6.98145332E-07 
    1356  8.87500000E+02  8.37500000E+02  9.38366747E-01  5.00003426E-02  9.88367090E-01  2.50000000E-02 -4.33508999E-07  1.43343243E-06 
    1357  9.12500000E+02  8.37500000E+02 -2.65614161E-01  1.25398128E+00  9.88367116E-01  2.50000000E-02  2.13687418E-07  7.32661333E-07 
    1358  9.37500000E+02  8.37500000E+02 -2.86357394E-01  1.27472447E+00  9.88367077E-01  2.50000000E-02  1.24600558E-07  5.21405759E-07 
    1359  9.62500000E+02  8.37500000E+02 -7.96697996E-01  1.78506510E+00  9.88367108E-01  2.50000000E-02  2.78805162E-08  2.58402900E-08 
    1360  9.87500000E+02  8.37500000E+02 -4.70365245E-01  1.45873235E+00  9.88367104E-01  2.50000000E-02  1.28205910E-08  4.52979128E-07 
    1361  1.25000000E+01  8.62500000E+02  4.07376454E-01  5.80988707E-01  9.88365161E-01  2.50000000E-02  1.50230671E-08  4.93969484E-06 
    1362  3.75000000E+01  8.62500000E+02 -1.21352181E-01  1.10971698E+00  9.88364796E-01  2.50000000E-02 -1.44936764E-06  5.90493026E-06 
    1363  6.25000000E+01  8.62500000E+02 -8.73705486E-01  1.86207053E+00  9.88365042E-01  2.50000000E-02 -1.79689485E-06  3.06525656E-06 
    1364  8.75000000E+01  8.62500000E+02 -9.98413662E-01  1.98677863E+00  9.88364966E-01  2.50000000E-02 -1.75983131E-06 -5.67867185E-07 
    1365  1.12500000E+02  8.62500000E+02  8.33309439E-01  1.55055909E-01  9.88365347E-01  2.50000000E-02 -3.09491347E-06  5.16917701E-07 
    1366  1.37500000E+02  8.62500000E+02 -2.60208690E-01  1.24857425E+00  9.88365558E-01  2.50000000E-02  2.16941245E-07 -7.59000999E-07 
    1367  1.62500000E+02  8.62500000E+02 -9.63215529E-01  1.95158095E+00  9.88365418E-01  2.50000000E-02  4.69159097E-09 -4.10896105E-06 
    1368  1.87500000E+02  8.62500000E+02  4.10194782E-01  5.78170884E-01  9.88365666E-01  2.50000000E-02 -1.08253921E-06 -1.04217115E-06 
    1369  2.12500000E+02  8.62500000E+02 -9.43144540E-01  1.93151028E+00  9.88365739E-01  2.50000000E-02 -9.51896220E-07 -6.99022243E-07 
    1370  2.37500000E+02  8.62500000E+02  3.95919412E-01  5.92446228E-01  9.88365641E-01  2.50000000E-02 -1.44498397E-06 -1.14496112E-06 
    1371  2.62500000E+02  8.62500000E+02 -6.35564967E-01  1.62393067E+00  9.88365707E-01  2.50000000E-02 -2.19155723E-06 -6.49829696E-06 
    1372  2.87500000E+02  8.62500000E+02 -9.45198013E-01  1.93356384E+00  9.88365830E-01  2.50000000E-02 -2.01249450E-06  6.88425501E-07 
    1373  3.12500000E+02  8.62500000E+02 -7.62488102E-01  1.75085379E+00  9.88365683E-01  2.50000000E-02 -1.94627451E-06 -1.64137786E-07 
    1374  3.37500000E+02  8.62500000E+02 -2.63138460E-01  1.25150424E+00  9.88365779E-01  2.50000000E-02 -2.18309591E-06 -7.43984366E-07 
    1375  3.62500000E+02  8.62500000E+02 -2.05460750E-01  1.19382649E+00  9.88365739E-01  2.50000000E-02 -2.29720012E-06 -4.32062547E-07 
    1376  3.87500000E+02  8.62500000E+02 -4.39778244E-01  1.42814413E+00  9.88365890E-01  2.50000000E-02 -2.11053492E-06 -1.15360939E-06 
    1377  4.12500000E+02  8.62500000E+02 -8.44826290E-01  1.83319207E+00  9.88365776E-01  2.50000000E-02 -1.93651466E-06  1.99941907E-07 
    1378  4.37500000E+02  8.62500000E+02  8.75594857E-01  1.12771354E-01  9.88366211E-01  2.50000000E-02 -3.40335995E-06  8.62735473E-06 
    1379  4.62500000E+02  8.62500000E+02 -8.52560820E-01  1.84092713E+00  9.88366308E-01  2.50000000E-02 -4.91186029E-08 -3.21449516E-07 
    1380  4.87500000E+02  8.62500000E+02 -9.46925678E-01  1.93529197E+00  9.88366287E-01  2.50000000E-02 -2.18847703E-08 -7.43090578E-07 
    1381  5.12500000E+02  8.62500000E+02  9.58028009E-01  3.03383694E-02  9.88366378E-01  2.50000000E-02 -2.31722920E-06 -1.34884557E-06 
    1382  5.37500000E+02  8.62500000E+02 -7.76676945E-01  1.76504350E+00  9.88366559E-01  2.50000000E-02 -1.03171559E-07  5.33176782E-07 
    1383  5.62500000E+02  8.62500000E+02  3.62333463E-02  9.52133202E-01  9.88366548E-01  2.50000000E-02 -2.16737951E-07  7.82619150E-07 
    1384  5.87500000E+02  8.62500000E+02 -4.59899185E-01  1.44826585E+00  9.88366662E-01  2.50000000E-02 -6.34370316E-08  1.84791745E-07 
    1385  6.12500000E+02  8.62500000E+02 -8.32465217E-01  1.82083184E+00  9.88366619E-01  2.50000000E-02  5.48654669E-08 -1.04792306E-05 
    1386  6.37500000E+02  8.62500000E+02  7.96846529E-01  1.91520136E-01  9.88366665E-01  2.50000000E-02 -5.52424076E-07  1.73665438E-06 
    1387  6.62500000E+02  8.62500000E+02 -5.05845840E-01  1.49421255E+00  9.88366706E-01  2.50000000E-02 -6.62957195E-07  7.57813330E-07 
    1388  6.87500000E+02  8.62500000E+02 -4.27833739E-02  1.03115005E+00  9.88366673E-01  2.50000000E-02 -7.91920799E-07  2.74388978E-06 
    1389  7.12500000E+02  8.62500000E+02  7.18106973E-01  2.70259897E-01  9.88366870E-01  2.50000000E-02 -1.56468281E-06  4.24855046E-07 
    1390  7.37500000E+02  8.62500000E+02  7.37711206E-01  2.50655708E-01  9.88366914E-01  2.50000000E-02 -1.00910429E-06  9.48363105E-07 
    1391  7.62500000E+02  8.62500000E+02 -6.70612918E-01  1.65897989E+00  9.88366969E-01  2.50000000E-02 -1.34251897E-08  1.99369507E-07 
    1392  7.87500000E+02  8.62500000E+02  9.79470914E-01  8.89609588E-03  9.88367010E-01  2.50000000E-02 -2.93101637E-07  2.42282950E-06 
    1393  8.12500000E+02  8.62500000E+02 -3.75857959E-01  1.36422498E+00  9.88367019E-01  2.50000000E-02 -1.11005782E-08  9.40399624E-07 
    1394  8.37500000E+02  8.62500000E+02 -2.83718146E-02  1.01673883E+00  9.88367014E-01  2.50000000E-02 -3.02593322E-08  5.86304987E-07 
    1395  8.62500000E+02  8.62500000E+02  3.16682222E-01  6.71684817E-01  9.88367039E-01  2.50000000E-02 -1.14099801E-08  5.64430736E-07 
    1396  8.87500000E+02  8.62500000E+02 -4.57398628E-02  1.03410688E+00  9.88367016E-01  2.50000000E-02 -3.91500404E-09  1.57130054E-07 
    1397  9.12500000E+02  8.62500000E+02  6.75266436E-01  3.13100628E-01  9.88367064E-01  2.50000000E-02 -9.13234470E-08  8.34231437E-07 
    1398  9.37500000E+02  8.62500000E+02  2.54067837E-03  9.85826381E-01  9.88367060E-01  2.50000000E-02  3.80891453E-08  5.79877986E-07 
    1399  9.62500000E+02  8.62500000E+02  9.73706620E-01  1.46604626E-02  9.88367082E-01  2.50000000E-02 -5.87807838E-07  1.06508011E-06 
    1400  9.87500000E+02  8.62500000E+02 -7.52633511E-01  1.74100064E+00  9.88367125E-01  2.50000000E-02 -6.46082522E-10  5.36631820E-07 
    1401  1.25000000E+01  8.87500000E+02  5.55101610E-01  4.33263526E-01  9.88365136E-01  2.50000000E-02 -6.93320485E-07  6.51695996E-06 
    1402  3.75000000E+01  8.87500000E+02 -4.67493575E-01  1.45585878E+00  9.88365209E-01  2.50000000E-02 -1.71726159E-06  7.27924676E-06 
    1403  6.25000000E+01  8.87500000E+02  1.29263602E-01  8.59101598E-01  9.88365200E-01  2.50000000E-02 -1.94849360E-06  2.80527151E-06 
    1404  8.75000000E+01  8.87500000E+02 -1.04465240E-01  1.09283041E+00  9.88365172E-01  2.50000000E-02 -2.28364718E-06 -1.89402303E-06 
    1405  1.12500000E+02  8.87500000E+02  6.51993856E-01  3.36371528E-01  9.88365384E-01  2.50000000E-02 -2.81713200E-06 -7.26665515E-07 
    1406  1.37500000E+02  8.87500000E+02 -3.88128403E-01  1.37649395E+00  9.88365551E-01  2.50000000E-02 -1.34582359E-06 -7.78206538E-07 
    1407  1.62500000E+02  8.87500000E+02 -5.24665436E-01  1.51303094E+00  9.88365505E-01  2.50000000E-02 -1.19684268E-06 -4.28699407E-06 
    1408  1.87500000E+02  8.87500000E+02 -7.19673157E-01  1.70803867E+00  9.88365508E-01  2.50000000E-02 -1.17473901E-06 -1.04769657E-06 
    1409  2.12500000E+02  8.87500000E+02 -2.54747273E-01  1.24311286E+00  9.88365584E-01  2.50000000E-02 -9.39253356E-07 -1.01418706E-06 
    1410  2.37500000E+02  8.87500000E+02  6.83815792E-02  9.19983897E-01  9.88365476E-01  2.50000000E-02 -6.19629731E-07 -7.83683133E-07 
    1411  2.62500000E+02  8.87500000E+02  8.39491579E-01  1.48873921E-01  9.88365500E-01  2.50000000E-02 -1.36023640E-06 -4.35256489E-06 
    1412  2.87500000E+02  8.87500000E+02  1.15899667E-01  8.72466127E-01  9.88365794E-01  2.50000000E-02  2.99949790E-07  8.57552099E-07 
    1413  3.12500000E+02  8.87500000E+02 -5.96846993E-01  1.58521274E+00  9.88365748E-01  2.50000000E-02  3.64630566E-07 -2.85187062E-07 
    1414  3.37500000E+02  8.87500000E+02 -4.74669581E-02  1.03583274E+00  9.88365784E-01  2.50000000E-02  3.13175688E-07 -9.51971634E-07 
    1415  3.62500000E+02  8.87500000E+02  9.86726756E-01  1.63935726E-03  9.88366114E-01  2.50000000E-02 -6.79879693E-06 -1.33946307E-05 
    1416  3.87500000E+02  8.87500000E+02  2.24678442E-01  7.63687662E-01  9.88366103E-01  2.50000000E-02 -2.75701065E-07 -1.67379354E-06 
    1417  4.12500000E+02  8.87500000E+02 -7.30762253E-01  1.71912831E+00  9.88366052E-01  2.50000000E-02 -5.40258758E-07 -3.62509372E-07 
    1418  4.37500000E+02  8.87500000E+02  5.75043059E-01  4.13322982E-01  9.88366042E-01  2.50000000E-02 -2.29341922E-06  4.34893831E-06 
    1419  4.62500000E+02  8.87500000E+02 -6.31575044E-01  1.61994140E+00  9.88366361E-01  2.50000000E-02 -2.74507316E-06 -1.56566221E-07 
    1420  4.87500000E+02  8.87500000E+02  1.30468460E-01  8.57897879E-01  9.88366339E-01  2.50000000E-02 -2.70576413E-06 -8.07836830E-07 
    1421  5.12500000E+02  8.87500000E+02 -8.54843183E-02  1.07385073E+00  9.88366410E-01  2.50000000E-02 -2.62499613E-06  3.05455804E-07 
    1422  5.37500000E+02  8.87500000E+02 -4.66690687E-01  1.45505712E+00  9.88366436E-01  2.50000000E-02 -2.43701121E-06  2.18707811E-07 
    1423  5.62500000E+02  8.87500000E+02  1.98478416E-01  7.89887943E-01  9.88366359E-01  2.50000000E-02 -2.55652839E-06  4.99011279E-07 
    1424  5.87500000E+02  8.87500000E+02  6.91373008E-01  2.96993650E-01  9.88366659E-01  2.50000000E-02 -3.21661392E-06 -7.57494700E-07 
    1425  6.12500000E+02  8.87500000E+02  4.36357020E-01  5.52009748E-01  9.88366768E-01  2.50000000E-02 -1.90851489E-06 -1.13263789E-05 
    1426  6.37500000E+02  8.87500000E+02 -3.75622754E-01  1.36398937E+00  9.88366616E-01  2.50000000E-02 -1.97107575E-06  1.69894171E-06 
    1427  6.62500000E+02  8.87500000E+02 -4.53691987E-01  1.44205873E+00  9.88366747E-01  2.50000000E-02 -1.85472242E-06  7.19013934E-07 
    1428  6.87500000E+02  8.87500000E+02 -3.82558556E-01  1.37092519E+00  9.88366630E-01  2.50000000E-02 -1.74364339E-06  1.94820591E-06 
    1429  7.12500000E+02  8.87500000E+02  6.95889476E-01  2.92477394E-01  9.88366869E-01  2.50000000E-02 -2.77690627E-06  2.40136996E-08 
    1430  7.37500000E+02  8.87500000E+02 -3.97057235E-02  1.02807274E+00  9.88367017E-01  2.50000000E-02 -1.66756149E-06  8.71039294E-07 
    1431  7.62500000E+02  8.87500000E+02 -3.21406477E-01  1.30977348E+00  9.88367002E-01  2.50000000E-02 -1.44028336E-06  9.52153336E-08 
    1432  7.87500000E+02  8.87500000E+02 -1.37715400E-01  1.12608236E+00  9.88366959E-01  2.50000000E-02 -1.43007268E-06  1.42349961E-07 
    1433  8.12500000E+02  8.87500000E+02 -1.24653555E-01  1.11302053E+00  9.88366973E-01  2.50000000E-02 -1.52031438E-06  1.02834918E-06 
    1434  8.37500000E+02  8.87500000E+02 -5.31782411E-02  1.04154528E+00  9.88367038E-01  2.50000000E-02 -1.38669904E-06  6.10922777E-07 
    1435  8.62500000E+02  8.87500000E+02 -6.70792831E-01  1.65915985E+00  9.88367022E-01  2.50000000E-02 -1.12118527E-06  3.93305965E-07 
    1436  8.87500000E+02  8.87500000E+02 -1.94368657E-01  1.18273566E+00  9.88366998E-01  2.50000000E-02 -1.04506408E-06  7.42437888E-08 
    1437  9.12500000E+02  8.87500000E+02 -6.22169355E-02  1.05058394E+00  9.88367009E-01  2.50000000E-02 -1.02907662E-06  3.93356857E-07 
    1438  9.37500000E+02  8.87500000E+02 -2.82240705E-01  1.27060776E+00  9.88367057E-01  2.50000000E-02 -8.55396207E-07  5.82845896E-07 
    1439  9.62500000E+02  8.87500000E+02  1.64184544E-01  8.24182476E-01  9.88367019E-01  2.50000000E-02 -5.61447084E-07 -1.22275042E-07 
    1440  9.87500000E+02  8.87500000E+02 -3.06219751E-02  1.01898905E+00  9.88367079E-01  2.50000000E-02 -2.03932714E-07  6.42550061E-07 
    1441  1.25000000E+01  9.12500000E+02  3.88405572E-01  5.99959707E-01  9.88365278E-01  2.50000000E-02  2.60099419E-07  8.47524431E-06 
    1442  3.75000000E+01  9.12500000E+02  1.51280795E-01  8.37084147E-01  9.88364942E-01  2.50000000E-02 -5.92049059E-07  9.95613323E-06 
    1443  6.25000000E+01  9.12500000E+02 -3.04139805E-01  1.29250509E+00  9.88365285E-01  2.50000000E-02 -7.55667961E-07  3.32270772E-06 
    1444  8.75000000E+01  9.12500000E+02 -7.90098644E-01  1.77846377E+00  9.88365123E-01  2.50000000E-02 -6.74949806E-07 -2.65522480E-06 
    1445  1.12500000E+02  9.12500000E+02  7.07785279E-01  2.80580054E-01  9.88365334E-01  2.50000000E-02 -3.11655177E-06 -1.21825167E-06 
    1446  1.37500000E+02  9.12500000E+02  8.57594923E-01  1.30770645E-01  9.88365568E-01  2.50000000E-02 -4.82881054E-06 -1.25144467E-06 
    1447  1.62500000E+02  9.12500000E+02 -8.07520116E-01  1.79588544E+00  9.88365328E-01  2.50000000E-02 -6.64398407E-06 -4.60415077E-06 
    1448  1.87500000E+02  9.12500000E+02  3.35942190E-01  6.52423243E-01  9.88365433E-01  2.50000000E-02 -6.31724419E-06 -1.60303337E-06 
    1449  2.12500000E+02  9.12500000E+02 -2.77486749E-01  1.26585242E+00  9.88365673E-01  2.50000000E-02 -4.55817885E-06 -1.45539785E-06 
    1450  2.37500000E+02  9.12500000E+02 -3.12058132E-01  1.30042358E+00  9.88365446E-01  2.50000000E-02 -4.14131691E-06 -9.77167652E-07 
    1451  2.62500000E+02  9.12500000E+02 -3.83367170E-01  1.37173262E+00  9.88365452E-01  2.50000000E-02 -4.27750890E-06 -3.99732224E-06 
    1452  2.87500000E+02  9.12500000E+02  8.70565118E-01  1.17800560E-01  9.88365679E-01  2.50000000E-02 -4.46245526E-06 -2.12550444E-08 
    1453  3.12500000E+02  9.12500000E+02 -7.50646418E-01  1.73901221E+00  9.88365793E-01  2.50000000E-02 -1.63057532E-06 -1.36071491E-07 
    1454  3.37500000E+02  9.12500000E+02  4.16096782E-01  5.72269012E-01  9.88365795E-01  2.50000000E-02 -1.68995593E-06 -9.85555374E-07 
    1455  3.62500000E+02  9.12500000E+02 -3.92942277E-01  1.38130832E+00  9.88366043E-01  2.50000000E-02 -8.43011737E-07 -1.28067116E-06 
    1456  3.87500000E+02  9.12500000E+02 -9.57833220E-01  1.94619918E+00  9.88365957E-01  2.50000000E-02 -6.51168601E-07 -1.84212025E-06 
    1457  4.12500000E+02  9.12500000E+02 -3.25219041E-01  1.31358501E+00  9.88365965E-01  2.50000000E-02 -7.83605157E-07 -4.36368948E-07 
    1458  4.37500000E+02  9.12500000E+02  2.64936649E-01  7.23429287E-01  9.88365936E-01  2.50000000E-02 -1.36326207E-06  2.89542852E-06 
    1459  4.62500000E+02  9.12500000E+02  6.83520915E-01  3.04845234E-01  9.88366150E-01  2.50000000E-02 -3.21030666E-06  1.87431190E-06 
    1460  4.87500000E+02  9.12500000E+02 -8.15006038E-02  1.06986710E+00  9.88366501E-01  2.50000000E-02 -2.10894005E-06 -1.75721826E-07 
    1461  5.12500000E+02  9.12500000E+02 -5.83436561E-01  1.57180303E+00  9.88366472E-01  2.50000000E-02 -1.79108610E-06  5.42109467E-07 
    1462  5.37500000E+02  9.12500000E+02 -8.37726170E-01  1.82609266E+00  9.88366488E-01  2.50000000E-02 -1.67277775E-06 -2.30274267E-07 
    1463  5.62500000E+02  9.12500000E+02 -5.10982256E-01  1.49934864E+00  9.88366386E-01  2.50000000E-02 -1.82346310E-06 -3.19024035E-07 
    1464  5.87500000E+02  9.12500000E+02  2.44398885E-01  7.43967807E-01  9.88366692E-01  2.50000000E-02 -2.03258523E-06 -1.28435761E-06 
    1465  6.12500000E+02  9.12500000E+02 -9.47668472E-01  1.93603495E+00  9.88366478E-01  2.50000000E-02 -2.03699635E-06 -1.22171946E-05 
    1466  6.37500000E+02  9.12500000E+02 -5.51132154E-01  1.53949864E+00  9.88366486E-01  2.50000000E-02 -2.32994046E-06  1.33571575E-06 
    1467  6.62500000E+02  9.12500000E+02  5.83388787E-01  4.04977915E-01  9.88366702E-01  2.50000000E-02 -3.42260717E-06  9.82982424E-07 
    1468  6.87500000E+02  9.12500000E+02  1.67800515E-01  8.20566217E-01  9.88366733E-01  2.50000000E-02 -3.38044927E-06  1.08259872E-06 
    1469  7.12500000E+02  9.12500000E+02  7.84184367E-01  2.04182446E-01  9.88366813E-01  2.50000000E-02 -2.83249846E-06 -7.34919329E-07 
    1470  7.37500000E+02  9.12500000E+02 -4.43871320E-02  1.03275414E+00  9.88367010E-01  2.50000000E-02 -4.34686421E-07  9.43594428E-07 
    1471  7.62500000E+02  9.12500000E+02 -2.68744283E-01  1.25711127E+00  9.88366982E-01  2.50000000E-02 -1.86940490E-07  1.28583137E-08 
    1472  7.87500000E+02  9.12500000E+02 -9.53819213E-03  9.97905149E-01  9.88366957E-01  2.50000000E-02 -8.71977311E-08  1.25066220E-07 
    1473  8.12500000E+02  9.12500000E+02 -4.55987203E-01  1.44435414E+00  9.88366936E-01  2.50000000E-02 -1.20240289E-07  8.84428681E-07 
    1474  8.37500000E+02  9.12500000E+02  7.36070775E-01  2.52296211E-01  9.88366987E-01  2.50000000E-02 -4.40436100E-07  9.47879757E-07 
    1475  8.62500000E+02  9.12500000E+02  7.59808647E-02  9.12386175E-01  9.88367039E-01  2.50000000E-02 -1.08624912E-07  3.29352734E-07 
    1476  8.87500000E+02  9.12500000E+02 -9.92158611E-01  1.98052563E+00  9.88367021E-01  2.50000000E-02 -7.39967896E-08  2.20552494E-08 
    1477  9.12500000E+02  9.12500000E+02  3.02283360E-01  6.86083666E-01  9.88367025E-01  2.50000000E-02 -9.94755432E-08  2.56513298E-07 
    1478  9.37500000E+02  9.12500000E+02  9.20759821E-01  6.76072238E-02  9.88367045E-01  2.50000000E-02 -1.98341604E-07  6.16316042E-07 
    1479  9.62500000E+02  9.12500000E+02 -5.80980122E-01  1.56934715E+00  9.88367033E-01  2.50000000E-02 -2.13831020E-07 -9.13477033E-08 
    1480  9.87500000E+02  9.12500000E+02  5.28786169E-01  4.59580895E-01  9.88367064E-01  2.50000000E-02 -1.17603766E-07  4.80277522E-07 
    1481  1.25000000E+01  9.37500000E+02  7.34919795E-01  2.53445727E-01  9.88365522E-01  2.50000000E-02 -2.88224646E-07  1.50795885E-05 
    1482  3.75000000E+01  9.37500000E+02 -8.75809183E-01  1.86417334E+00  9.88364159E-01  2.50000000E-02 -9.33401898E-06  8.73847043E-06 
    1483  6.25000000E+01  9.37500000E+02  4.82332735E-01  5.06032280E-01  9.88365015E-01  2.50000000E-02 -1.04714613E-05  3.73947561E-06 
    1484  8.75000000E+01  9.37500000E+02  2.98046826E-01  6.90317739E-01  9.88364566E-01  2.50000000E-02 -9.41096967E-06 -6.21352925E-06 
    1485  1.12500000E+02  9.37500000E+02  9.53217469E-01  3.51480110E-02  9.88365479E-01  2.50000000E-02 -1.70945959E-05 -1.26271662E-05 
    1486  1.37500000E+02  9.37500000E+02  1.48860910E-01  8.39504853E-01  9.88365763E-01  2.50000000E-02 -2.93257993E-06  2.88793916E-07 
    1487  1.62500000E+02  9.37500000E+02  6.29629172E-01  3.58736596E-01  9.88365768E-01  2.50000000E-02 -2.14905514E-06 -7.90198588E-06 
    1488  1.87500000E+02  9.37500000E+02 -3.04770272E-01  1.29313594E+00  9.88365666E-01  2.50000000E-02 -1.84285010E-06 -1.43385895E-06 
    1489  2.12500000E+02  9.37500000E+02  8.65550920E-01  1.22814909E-01  9.88365829E-01  2.50000000E-02 -1.88796144E-06 -4.39311984E-06 
    1490  2.37500000E+02  9.37500000E+02  8.68394624E-01  1.19971110E-01  9.88365734E-01  2.50000000E-02 -1.45719005E-06 -3.07762358E-06 
    1491  2.62500000E+02  9.37500000E+02 -8.26868350E-01  1.81523410E+00  9.88365750E-01  2.50000000E-02 -2.00996055E-06 -3.14911907E-06 
    1492  2.87500000E+02  9.37500000E+02 -9.47225403E-01  1.93559113E+00  9.88365730E-01  2.50000000E-02 -2.05148548E-06 -1.28971046E-06 
    1493  3.12500000E+02  9.37500000E+02 -1.30141149E-01  1.11850683E+00  9.88365679E-01  2.50000000E-02 -2.38016319E-06 -2.07708644E-08 
    1494  3.37500000E+02  9.37500000E+02  2.38649677E-01  7.49716008E-01  9.88365685E-01  2.50000000E-02 -3.29412823E-06 -1.21420901E-06 
    1495  3.62500000E+02  9.37500000E+02  6.68767066E-01  3.19598880E-01  9.88365946E-01  2.50000000E-02 -5.32440516E-06 -2.30262352E-07 
    1496  3.87500000E+02  9.37500000E+02  4.87360395E-01  5.01005716E-01  9.88366111E-01  2.50000000E-02 -5.23145300E-06 -1.71390078E-06 
    1497  4.12500000E+02  9.37500000E+02  2.94828656E-01  6.93537448E-01  9.88366104E-01  2.50000000E-02 -4.92387942E-06 -7.10890441E-07 
    1498  4.37500000E+02  9.37500000E+02  1.98095948E-01  7.90270303E-01  9.88366251E-01  2.50000000E-02 -4.33487618E-06  3.11711448E-06 
    1499  4.62500000E+02  9.37500000E+02 -9.78490582E-01  1.96685674E+00  9.88366161E-01  2.50000000E-02 -3.85067678E-06  2.59225089E-06 
    1500  4.87500000E+02  9.37500000E+02 -9.35325731E-01  1.92369200E+00  9.88366265E-01  2.50000000E-02 -3.60332078E-06 -5.44705859E-08 
    1501  5.12500000E+02  9.37500000E+02 -9.56784893E-01  1.94515095E+00  9.88366059E-01  2.50000000E-02 -3.60229286E-06 -2.10420626E-07 
    1502  5.37500000E+02  9.37500000E+02  2.98263193E-01  6.90103252E-01  9.88366445E-01  2.50000000E-02 -4.42883959E-06 -1.21058801E-06 
    1503  5.62500000E+02  9.37500000E+02  3.15803437E-01  6.72562986E-01  9.88366423E-01  2.50000000E-02 -3.96192471E-06 -1.13425708E-06 
    1504  5.87500000E+02  9.37500000E+02 -4.35304940E-01  1.42367131E+00  9.88366371E-01  2.50000000E-02 -3.91225805E-06 -2.40339104E-06 
    1505  6.12500000E+02  9.37500000E+02  6.58213495E-01  3.30152995E-01  9.88366490E-01  2.50000000E-02 -4.93304911E-06 -1.21728142E-05 
    1506  6.37500000E+02  9.37500000E+02  2.65929123E-01  7.22437724E-01  9.88366848E-01  2.50000000E-02 -3.68995546E-06  8.25370416E-07 
    1507  6.62500000E+02  9.37500000E+02  2.53591048E-01  7.34775619E-01  9.88366666E-01  2.50000000E-02 -3.50260658E-06  8.50238077E-07 
    1508  6.87500000E+02  9.37500000E+02  4.20484636E-01  5.67882202E-01  9.88366838E-01  2.50000000E-02 -3.65256533E-06  6.75974346E-07 
    1509  7.12500000E+02  9.37500000E+02  9.27306853E-02  8.95636227E-01  9.88366913E-01  2.50000000E-02 -2.90993654E-06 -1.07859946E-06 
    1510  7.37500000E+02  9.37500000E+02  2.49961450E-01  7.38405488E-01  9.88366938E-01  2.50000000E-02 -2.21821813E-06  7.99833622E-07 
    1511  7.62500000E+02  9.37500000E+02 -6.40387268E-01  1.62875430E+00  9.88367031E-01  2.50000000E-02 -1.16335253E-06 -1.60486795E-09 
    1512  7.87500000E+02  9.37500000E+02 -7.41023022E-01  1.72938998E+00  9.88366961E-01  2.50000000E-02 -9.38712175E-07  1.08524508E-07 
    1513  8.12500000E+02  9.37500000E+02 -6.82917758E-01  1.67128472E+00  9.88366959E-01  2.50000000E-02 -9.18645614E-07  7.87349839E-07 
    1514  8.37500000E+02  9.37500000E+02  1.12980395E-01  8.75386589E-01  9.88366984E-01  2.50000000E-02 -8.59249324E-07  9.30435515E-07 
    1515  8.62500000E+02  9.37500000E+02  2.45730310E-01  7.42636692E-01  9.88367002E-01  2.50000000E-02 -6.54870515E-07  2.05496941E-07 
    1516  8.87500000E+02  9.37500000E+02 -2.26569120E-01  1.21493614E+00  9.88367016E-01  2.50000000E-02 -3.70686780E-07  1.30642433E-08 
    1517  9.12500000E+02  9.37500000E+02 -5.49723705E-01  1.53809072E+00  9.88367011E-01  2.50000000E-02 -2.46710150E-07  1.41398951E-07 
    1518  9.37500000E+02  9.37500000E+02 -2.41878206E-01  1.23024520E+00  9.88366996E-01  2.50000000E-02 -2.02217972E-07 -7.66187870E-08 
    1519  9.62500000E+02  9.37500000E+02  5.59834469E-01  4.28532541E-01  9.88367010E-01  2.50000000E-02 -1.90935375E-07 -3.86759080E-08 
    1520  9.87500000E+02  9.37500000E+02 -6.51116848E-01  1.63948388E+00  9.88367033E-01  2.50000000E-02 -1.84781927E-08  1.08434261E-07 
    1521  1.25000000E+01  9.62500000E+02  8.96722093E-01  9.16396735E-02  9.88361767E-01  2.50000000E-02  2.16749636E-05  1.04211412E-05 
    1522  3.75000000E+01  9.62500000E+02 -8.42159858E-01  1.83052336E+00  9.88363506E-01  2.50000000E-02  8.08675592E-05  5.83851358E-06 
    1523  6.25000000E+01  9.62500000E+02  7.35773468E-01  2.52591685E-01  9.88365153E-01  2.50000000E-02  7.37834123E-05  2.22370127E-06 
    1524  8.75000000E+01  9.62500000E+02 -4.75535013E-01  1.46390028E+00  9.88365268E-01  2.50000000E-02  7.33044387E-05 -8.97741178E-06 
    1525  1.12500000E+02  9.62500000E+02  7.68205346E-01  2.20161677E-01  9.88367023E-01  2.50000000E-02  5.37780235E-05  6.22233556E-06 
    1526  1.37500000E+02  9.62500000E+02 -3.04672445E-01  1.29303817E+00  9.88365722E-01  2.50000000E-02  3.36777171E-05  3.33188703E-07 
    1527  1.62500000E+02  9.62500000E+02  5.74915790E-01  4.13450926E-01  9.88366716E-01  2.50000000E-02  2.20781134E-05 -3.49563226E-06 
    1528  1.87500000E+02  9.62500000E+02 -3.92427551E-01  1.38079318E+00  9.88365626E-01  2.50000000E-02  8.87944121E-06 -1.10945598E-06 
    1529  2.12500000E+02  9.62500000E+02 -5.88412673E-02  1.04720799E+00  9.88366724E-01  2.50000000E-02  7.24346090E-06  2.68534629E-06 
    1530  2.37500000E+02  9.62500000E+02  5.45428619E-01  4.42937408E-01  9.88366028E-01  2.50000000E-02  9.27651985E-06  4.41907437E-07 
    1531  2.62500000E+02  9.62500000E+02 -7.43832154E-02  1.06274853E+00  9.88365310E-01  2.50000000E-02  4.08386708E-06 -1.99088281E-06 
    1532  2.87500000E+02  9.62500000E+02 -8.95814017E-02  1.07794721E+00  9.88365809E-01  2.50000000E-02  3.08305727E-06 -9.67288461E-07 
    1533  3.12500000E+02  9.62500000E+02  3.83351312E-01  6.05014424E-01  9.88365736E-01  2.50000000E-02  3.54061260E-06 -2.76267315E-07 
    1534  3.37500000E+02  9.62500000E+02  1.64148860E-01  8.24217004E-01  9.88365864E-01  2.50000000E-02  3.90914564E-06 -8.64228152E-07 
    1535  3.62500000E+02  9.62500000E+02  6.71659560E-01  3.16706264E-01  9.88365823E-01  2.50000000E-02  4.77363327E-06 -5.96950695E-08 
    1536  3.87500000E+02  9.62500000E+02  5.99661382E-01  3.88704673E-01  9.88366055E-01  2.50000000E-02  6.17233896E-06 -4.56147624E-07 
    1537  4.12500000E+02  9.62500000E+02  9.46653930E-01  4.17112641E-02  9.88365194E-01  2.50000000E-02  3.45502144E-05  4.73357484E-07 
    1538  4.37500000E+02  9.62500000E+02  8.56148547E-01  1.32215847E-01  9.88364394E-01  2.50000000E-02  3.07375675E-05  3.13351588E-06 
    1539  4.62500000E+02  9.62500000E+02 -9.11244148E-01  1.89961032E+00  9.88366170E-01  2.50000000E-02  3.98004804E-05  2.61438419E-06 
    1540  4.87500000E+02  9.62500000E+02  7.41694063E-01  2.46672806E-01  9.88366869E-01  2.50000000E-02  3.41051700E-05 -1.47777261E-06 
    1541  5.12500000E+02  9.62500000E+02  2.66200869E-01  7.22166380E-01  9.88367248E-01  2.50000000E-02  3.30607551E-05 -1.34433812E-06 
    1542  5.37500000E+02  9.62500000E+02  7.96732860E-01  1.91634530E-01  9.88367390E-01  2.50000000E-02  2.69460576E-05 -1.76117362E-06 
    1543  5.62500000E+02  9.62500000E+02  5.98661757E-01  3.89704926E-01  9.88366683E-01  2.50000000E-02  1.47341705E-05 -1.41032417E-06 
    1544  5.87500000E+02  9.62500000E+02  6.19124027E-01  3.69242891E-01  9.88366918E-01  2.50000000E-02  8.53663016E-06 -5.33389797E-06 
    1545  6.12500000E+02  9.62500000E+02 -4.32051852E-01  1.42041822E+00  9.88366365E-01  2.50000000E-02  1.00434163E-07 -1.19850410E-05 
    1546  6.37500000E+02  9.62500000E+02 -7.08649779E-01  1.69701643E+00  9.88366651E-01  2.50000000E-02 -6.73337910E-07  9.17316097E-07 
    1547  6.62500000E+02  9.62500000E+02  5.82485926E-01  4.05880727E-01  9.88366653E-01  2.50000000E-02 -8.23438614E-07  4.56920028E-07 
    1548  6.87500000E+02  9.62500000E+02  9.49551748E-01  3.88150230E-02  9.88366771E-01  2.50000000E-02 -3.66284449E-06  2.55808382E-06 
    1549  7.12500000E+02  9.62500000E+02  6.77367560E-01  3.10999393E-01  9.88366953E-01  2.50000000E-02 -1.80620189E-06 -5.45689461E-07 
    1550  7.37500000E+02  9.62500000E+02  5.27567504E-01  4.60799494E-01  9.88366998E-01  2.50000000E-02 -1.31499062E-06  2.83951261E-07 
    1551  7.62500000E+02  9.62500000E+02  5.84450674E-01  4.03916285E-01  9.88366958E-01  2.50000000E-02 -9.79877388E-07  2.05232135E-07 
    1552  7.87500000E+02  9.62500000E+02  1.27239764E-01  8.61127207E-01  9.88366971E-01  2.50000000E-02 -7.63132020E-07  1.16828929E-07 
    1553  8.12500000E+02  9.62500000E+02  4.08184924E-01  5.80182026E-01  9.88366950E-01  2.50000000E-02 -6.84567019E-07  6.63293800E-07 
    1554  8.37500000E+02  9.62500000E+02  9.69415757E-01  1.89512296E-02  9.88366987E-01  2.50000000E-02 -1.30997347E-06  6.13916093E-07 
    1555  8.62500000E+02  9.62500000E+02 -4.55126912E-01  1.44349394E+00  9.88367028E-01  2.50000000E-02 -5.52157210E-09  5.55604890E-08 
    1556  8.87500000E+02  9.62500000E+02 -3.50936499E-02  1.02346067E+00  9.88367024E-01  2.50000000E-02 -7.43548706E-09  3.43636117E-09 
    1557  9.12500000E+02  9.62500000E+02  3.37572878E-01  6.50794151E-01  9.88367029E-01  2.50000000E-02 -1.10506651E-08  5.30234850E-08 
    1558  9.37500000E+02  9.62500000E+02 -8.75588298E-01  1.86395531E+00  9.88367014E-01  2.50000000E-02 -4.78296626E-08 -5.31438932E-08 
    1559  9.62500000E+02  9.62500000E+02  4.93574482E-01  4.94792541E-01  9.88367022E-01  2.50000000E-02 -1.20985063E-07 -5.14084921E-08 
    1560  9.87500000E+02  9.62500000E+02 -5.51021495E-01  1.53938855E+00  9.88367052E-01  2.50000000E-02 -2.10092321E-08  7.00447369E-08 
    1561  1.25000000E+01  9.87500000E+02  7.80190091E-01  2.08174685E-01  9.88364776E-01  2.50000000E-02 -2.64499163E-06 -2.72091519E-06 
    1562  3.75000000E+01  9.87500000E+02 -1.81548055E-02  1.00652005E+00  9.88365240E-01  2.50000000E-02 -4.63117367E-06  1.41790060E-07 
    1563  6.25000000E+01  9.87500000E+02  7.71319893E-01  2.17045187E-01  9.88365080E-01  2.50000000E-02 -3.80543311E-06  9.01189650E-07 
    1564  8.75000000E+01  9.87500000E+02  8.88495144E-01  9.98697711E-02  9.88364915E-01  2.50000000E-02 -5.95402523E-06 -1.90625104E-06 
    1565  1.12500000E+02  9.87500000E+02  4.92368360E-01  4.95997634E-01  9.88365994E-01  2.50000000E-02  1.05160581E-06  1.72305857E-06 
    1566  1.37500000E+02  9.87500000E+02 -4.30424939E-01  1.41879061E+00  9.88365676E-01  2.50000000E-02  1.07391159E-06  1.41708503E-07 
    1567  1.62500000E+02  9.87500000E+02 -5.44610253E-01  1.53297610E+00  9.88365850E-01  2.50000000E-02  1.17916625E-06  4.72099280E-08 
    1568  1.87500000E+02  9.87500000E+02  1.28043422E-01  8.60322262E-01  9.88365684E-01  2.50000000E-02  1.65133377E-06 -4.43360841E-07 
    1569  2.12500000E+02  9.87500000E+02  4.76008640E-01  5.12357520E-01  9.88366159E-01  2.50000000E-02  3.23944514E-06  1.74518362E-06 
    1570  2.37500000E+02  9.87500000E+02 -2.24396448E-01  1.21276223E+00  9.88365786E-01  2.50000000E-02  4.97492900E-06  1.58634852E-07 
    1571  2.62500000E+02  9.87500000E+02  3.63342812E-01  6.25022802E-01  9.88365614E-01  2.50000000E-02  3.68359086E-06 -1.08129897E-06 
    1572  2.87500000E+02  9.87500000E+02  1.71146563E-01  8.17219186E-01  9.88365749E-01  2.50000000E-02  1.94741426E-06 -2.57715390E-07 
    1573  3.12500000E+02  9.87500000E+02 -2.55419759E-01  1.24378554E+00  9.88365783E-01  2.50000000E-02  1.07846273E-06 -7.02919383E-08 
    1574  3.37500000E+02  9.87500000E+02 -8.66685646E-01  1.85505146E+00  9.88365812E-01  2.50000000E-02  6.66267619E-07 -9.15090390E-08 
    1575  3.62500000E+02  9.87500000E+02 -4.65567840E-01  1.45393371E+00  9.88365875E-01  2.50000000E-02  4.94494607E-07 -2.09509813E-08 
    1576  3.87500000E+02  9.87500000E+02 -4.61431498E-01  1.44979741E+00  9.88365909E-01  2.50000000E-02  5.35060037E-07  1.44046655E-08 
    1577  4.12500000E+02  9.87500000E+02 -2.80989792E-01  1.26935573E+00  9.88365939E-01  2.50000000E-02  7.40956648E-07 -3.34106942E-08 
    1578  4.37500000E+02  9.87500000E+02  7.01271443E-01  2.87094303E-01  9.88365746E-01  2.50000000E-02  2.00687600E-06 -1.20725545E-06 
    1579  4.62500000E+02  9.87500000E+02  9.85313228E-01  3.05309530E-03  9.88366323E-01  2.50000000E-02 -1.90399661E-05 -7.19200893E-06 
    1580  4.87500000E+02  9.87500000E+02 -5.00564128E-01  1.48893084E+00  9.88366709E-01  2.50000000E-02 -1.18616934E-07 -1.55374682E-08 
    1581  5.12500000E+02  9.87500000E+02  4.67460687E-02  9.41620680E-01  9.88366749E-01  2.50000000E-02  8.05311707E-09  1.24817605E-07 
    1582  5.37500000E+02  9.87500000E+02 -3.67814905E-01  1.35618165E+00  9.88366749E-01  2.50000000E-02  2.58876127E-07  7.32055001E-08 
    1583  5.62500000E+02  9.87500000E+02 -2.25677842E-01  1.21404457E+00  9.88366725E-01  2.50000000E-02  3.53966332E-07 -1.36758497E-07 
    1584  5.87500000E+02  9.87500000E+02  9.68637570E-01  1.97290408E-02  9.88366611E-01  2.50000000E-02  5.58489140E-06  5.32646788E-07 
    1585  6.12500000E+02  9.87500000E+02  8.61150098E-01  1.27216031E-01  9.88366129E-01  2.50000000E-02 -5.67181277E-06 -3.41587935E-06 
    1586  6.37500000E+02  9.87500000E+02  4.40708159E-01  5.47658552E-01  9.88366711E-01  2.50000000E-02 -1.56532485E-06  2.22357446E-07 
    1587  6.62500000E+02  9.87500000E+02 -4.93636618E-01  1.48200328E+00  9.88366664E-01  2.50000000E-02 -6.69975203E-07  2.75428105E-08 
    1588  6.87500000E+02  9.87500000E+02  2.86862288E-02  9.59680343E-01  9.88366572E-01  2.50000000E-02 -6.37474865E-07  2.34193653E-08 
    1589  7.12500000E+02  9.87500000E+02  8.13472892E-01  1.74893912E-01  9.88366804E-01  2.50000000E-02 -2.10898028E-06  1.89285224E-07 
    1590  7.37500000E+02  9.87500000E+02 -1.47160918E-01  1.13552791E+00  9.88366993E-01  2.50000000E-02 -3.33597041E-07  3.44107533E-08 
    1591  7.62500000E+02  9.87500000E+02 -4.87373231E-01  1.47574018E+00  9.88366954E-01  2.50000000E-02 -2.46964830E-07  1.54533980E-08 
    1592  7.87500000E+02  9.87500000E+02  1.47170481E-01  8.41196466E-01  9.88366947E-01  2.50000000E-02 -2.97615911E-07  6.69546624E-08 
    1593  8.12500000E+02  9.87500000E+02  7.84715252E-01  2.03651732E-01  9.88366984E-01  2.50000000E-02 -5.62753368E-07  1.42740652E-07 
    1594  8.37500000E+02  9.87500000E+02  8.76695779E-01  1.11671202E-01  9.88366981E-01  2.50000000E-02 -5.31834640E-07  2.68803066E-08 
    1595  8.62500000E+02  9.87500000E+02 -4.94772749E-03  9.93314753E-01  9.88367025E-01  2.50000000E-02 -3.31380855E-08  2.05902754E-08 
    1596  8.87500000E+02  9.87500000E+02 -3.80833447E-01  1.36920047E+00  9.88367020E-01  2.50000000E-02 -6.10532331E-09  3.80353730E-09 
    1597  9.12500000E+02  9.87500000E+02 -7.36947486E-01  1.72531451E+00  9.88367021E-01  2.50000000E-02  9.15679574E-09  8.39030965E-09 
    1598  9.37500000E+02  9.87500000E+02 -7.00983651E-01  1.68935066E+00  9.88367013E-01  2.50000000E-02  7.69755035E-09 -1.63192705E-08 
    1599  9.62500000E+02  9.87500000E+02  5.93900250E-01  3.94466773E-01  9.88367023E-01  2.50000000E-02 -8.29319676E-08 -1.63136620E-08 
    1600  9.87500000E+02  9.87500000E+02  6.22605174E-01  3.65761862E-01  9.88367036E-01  2.50000000E-02 -5.10717840E-08  5.00827293E-08 
