 # Gnuplot DataFile Version
 # i x y bathy h zs Manning u v
       1  1.25000000E+01  1.25000000E+01  4.46335605E-01  5.42031230E-01  9.88366836E-01  2.50000000E-02  1.47420238E-12 -2.22600864E-12 
       2  3.75000000E+01  1.25000000E+01 -6.05345608E-03  9.94420292E-01  9.88366836E-01  2.50000000E-02  6.58918415E-12 -3.62708997E-12 
       3  6.25000000E+01  1.25000000E+01 -5.49514821E-01  1.53788166E+00  9.88366836E-01  2.50000000E-02  1.04513644E-11 -3.79369448E-14 
       4  8.75000000E+01  1.25000000E+01  7.91149585E-01  1.97217250E-01  9.88366836E-01  2.50000000E-02  2.25796154E-11  1.23751311E-11 
       5  1.12500000E+02  1.25000000E+01  6.13669961E-02  9.26999840E-01  9.88366836E-01  2.50000000E-02  5.23028252E-12 -3.88608647E-14 
       6  1.37500000E+02  1.25000000E+01  6.27517616E-01  3.60849220E-01  9.88366836E-01  2.50000000E-02  3.54955496E-11 -3.26504260E-11 
       7  1.62500000E+02  1.25000000E+01  2.46381453E-01  7.41985383E-01  9.88366836E-01  2.50000000E-02  3.32290325E-11  8.13448439E-12 
       8  1.87500000E+02  1.25000000E+01  3.71292612E-01  6.17074224E-01  9.88366836E-01  2.50000000E-02  7.95956756E-12  2.72802232E-11 
       9  2.12500000E+02  1.25000000E+01  9.46004258E-01  4.23625779E-02  9.88366836E-01  2.50000000E-02 -6.33282052E-10  6.89734004E-11 
      10  2.37500000E+02  1.25000000E+01  5.74937168E-01  4.13429667E-01  9.88366836E-01  2.50000000E-02 -4.29658635E-10  1.73392778E-10 
      11  2.62500000E+02  1.25000000E+01  4.39255120E-02  9.44441324E-01  9.88366836E-01  2.50000000E-02 -1.83142453E-10 -3.29419701E-11 
      12  2.87500000E+02  1.25000000E+01 -4.09949661E-02  1.02936180E+00  9.88366836E-01  2.50000000E-02 -1.05131286E-10 -3.18182514E-11 
      13  3.12500000E+02  1.25000000E+01  4.38687919E-01  5.49678917E-01  9.88366836E-01  2.50000000E-02 -8.64529672E-11  1.43345154E-12 
      14  3.37500000E+02  1.25000000E+01 -7.91228831E-02  1.06748972E+00  9.88366836E-01  2.50000000E-02 -2.96268010E-11 -2.57971458E-11 
      15  3.62500000E+02  1.25000000E+01  2.44044062E-01  7.44322773E-01  9.88366836E-01  2.50000000E-02  4.75714181E-11 -3.89131790E-11 
      16  3.87500000E+02  1.25000000E+01 -6.85643526E-01  1.67401036E+00  9.88366836E-01  2.50000000E-02  1.04806136E-10 -1.41913928E-11 
      17  4.12500000E+02  1.25000000E+01  2.59727577E-02  9.62394078E-01  9.88366836E-01  2.50000000E-02  1.14770206E-10  2.03166482E-12 
      18  4.37500000E+02  1.25000000E+01 -5.16011811E-01  1.50437865E+00  9.88366836E-01  2.50000000E-02  8.04927423E-11  4.38980332E-12 
      19  4.62500000E+02  1.25000000E+01 -9.20531819E-01  1.90889865E+00  9.88366836E-01  2.50000000E-02  8.67859113E-11 -3.28715837E-12 
      20  4.87500000E+02  1.25000000E+01  2.92289694E-01  6.96077142E-01  9.88366836E-01  2.50000000E-02  1.63291405E-10 -3.24265771E-12 
      21  5.12500000E+02  1.25000000E+01 -6.29697380E-01  1.61806422E+00  9.88366836E-01  2.50000000E-02  1.48266065E-10  1.02719559E-12 
      22  5.37500000E+02  1.25000000E+01  1.38086539E-01  8.50280296E-01  9.88366836E-01  2.50000000E-02  1.24799169E-10  8.56165400E-12 
      23  5.62500000E+02  1.25000000E+01 -7.46759496E-01  1.73512633E+00  9.88366836E-01  2.50000000E-02  1.40787546E-10  8.10073108E-12 
      24  5.87500000E+02  1.25000000E+01  7.38600993E-01  2.49765843E-01  9.88366836E-01  2.50000000E-02  2.70518535E-10  1.89742309E-11 
      25  6.12500000E+02  1.25000000E+01 -7.02905248E-01  1.69127208E+00  9.88366836E-01  2.50000000E-02  2.58440866E-10  5.23433906E-12 
      26  6.37500000E+02  1.25000000E+01  8.08237824E-01  1.80129012E-01  9.88366836E-01  2.50000000E-02  2.36526403E-10  1.33388889E-11 
      27  6.62500000E+02  1.25000000E+01  2.71836042E-01  7.16530794E-01  9.88366836E-01  2.50000000E-02  1.06517424E-10 -1.81572542E-11 
      28  6.87500000E+02  1.25000000E+01  1.36223681E-01  8.52143155E-01  9.88366836E-01  2.50000000E-02  1.00118216E-10 -1.48754883E-11 
      29  7.12500000E+02  1.25000000E+01 -3.85249797E-01  1.37361663E+00  9.88366836E-01  2.50000000E-02  8.98719300E-11 -2.76585786E-12 
      30  7.37500000E+02  1.25000000E+01 -2.31877380E-01  1.22024422E+00  9.88366836E-01  2.50000000E-02  7.82405087E-11  1.29622754E-11 
      31  7.62500000E+02  1.25000000E+01  1.13778251E-01  8.74588585E-01  9.88366836E-01  2.50000000E-02  7.12101453E-11  3.81656398E-12 
      32  7.87500000E+02  1.25000000E+01 -2.03716185E-01  1.19208302E+00  9.88366836E-01  2.50000000E-02  5.40493783E-11  1.63890872E-12 
      33  8.12500000E+02  1.25000000E+01 -8.01970376E-01  1.79033721E+00  9.88366836E-01  2.50000000E-02  3.89601896E-11  3.95549775E-12 
      34  8.37500000E+02  1.25000000E+01 -2.45458514E-01  1.23382535E+00  9.88366836E-01  2.50000000E-02  3.25712239E-11  1.16370253E-11 
      35  8.62500000E+02  1.25000000E+01  6.55172082E-01  3.33194753E-01  9.88366836E-01  2.50000000E-02  2.59362245E-11  6.73719368E-12 
      36  8.87500000E+02  1.25000000E+01 -7.59466771E-01  1.74783361E+00  9.88366836E-01  2.50000000E-02  7.95208200E-12 -3.49348503E-13 
      37  9.12500000E+02  1.25000000E+01 -1.48571111E-01  1.13693795E+00  9.88366836E-01  2.50000000E-02  5.21425796E-12  9.13471236E-13 
      38  9.37500000E+02  1.25000000E+01 -9.38289085E-01  1.92665592E+00  9.88366836E-01  2.50000000E-02  4.87335542E-12  1.65052209E-13 
      39  9.62500000E+02  1.25000000E+01  6.10300161E-01  3.78066674E-01  9.88366836E-01  2.50000000E-02  5.95657608E-12  1.87973509E-12 
      40  9.87500000E+02  1.25000000E+01 -2.47851854E-01  1.23621869E+00  9.88366836E-01  2.50000000E-02  5.28373360E-13  4.28579625E-13 
      41  1.25000000E+01  3.75000000E+01 -5.98248598E-03  9.94349322E-01  9.88366836E-01  2.50000000E-02  2.28384932E-12 -6.85305412E-12 
      42  3.75000000E+01  3.75000000E+01 -2.67561176E-01  1.25592801E+00  9.88366836E-01  2.50000000E-02  8.35516583E-12 -1.10916316E-11 
      43  6.25000000E+01  3.75000000E+01 -5.60496726E-01  1.54886356E+00  9.88366836E-01  2.50000000E-02  1.46368299E-11 -2.03278856E-13 
      44  8.75000000E+01  3.75000000E+01  6.36443375E-01  3.51923461E-01  9.88366836E-01  2.50000000E-02  3.86636133E-11  4.54367065E-11 
      45  1.12500000E+02  3.75000000E+01  9.86166516E-01  2.20031995E-03  9.88366836E-01  2.50000000E-02 -8.58678062E-10 -3.11785339E-10 
      46  1.37500000E+02  3.75000000E+01 -5.10431734E-01  1.49879857E+00  9.88366836E-01  2.50000000E-02 -2.14584653E-11 -9.86199722E-12 
      47  1.62500000E+02  3.75000000E+01 -4.55747954E-01  1.44411479E+00  9.88366836E-01  2.50000000E-02 -6.34140147E-11  7.16682894E-11 
      48  1.87500000E+02  3.75000000E+01 -9.26617771E-01  1.91498461E+00  9.88366836E-01  2.50000000E-02 -1.56500339E-10  1.13987277E-10 
      49  2.12500000E+02  3.75000000E+01 -6.05654847E-01  1.59402168E+00  9.88366836E-01  2.50000000E-02 -2.14084312E-10  2.82601327E-11 
      50  2.37500000E+02  3.75000000E+01 -4.45395756E-01  1.43376259E+00  9.88366836E-01  2.50000000E-02 -2.68899767E-10  3.09612164E-10 
      51  2.62500000E+02  3.75000000E+01  6.78131645E-01  3.10235191E-01  9.88366836E-01  2.50000000E-02 -5.03046275E-10 -3.54640373E-10 
      52  2.87500000E+02  3.75000000E+01  4.31827320E-01  5.56539516E-01  9.88366836E-01  2.50000000E-02 -3.54698528E-10 -2.05406544E-10 
      53  3.12500000E+02  3.75000000E+01  9.58920598E-01  2.94462373E-02  9.88366836E-01  2.50000000E-02 -2.01634374E-10  1.19047260E-10 
      54  3.37500000E+02  3.75000000E+01 -1.43604037E-01  1.13197087E+00  9.88366836E-01  2.50000000E-02  7.92481548E-11 -9.45584553E-11 
      55  3.62500000E+02  3.75000000E+01 -7.98346345E-01  1.78671318E+00  9.88366836E-01  2.50000000E-02  1.10496451E-10 -1.01752575E-10 
      56  3.87500000E+02  3.75000000E+01 -7.61416868E-01  1.74978370E+00  9.88366836E-01  2.50000000E-02  1.26188412E-10 -3.45295709E-11 
      57  4.12500000E+02  3.75000000E+01 -7.32299337E-01  1.72066617E+00  9.88366836E-01  2.50000000E-02  1.32026714E-10  3.81649639E-11 
      58  4.37500000E+02  3.75000000E+01  4.06542981E-03  9.84301406E-01  9.88366836E-01  2.50000000E-02  1.35793287E-10  6.03146539E-11 
      59  4.62500000E+02  3.75000000E+01  5.23048454E-01  4.65318382E-01  9.88366836E-01  2.50000000E-02  1.25464950E-10 -2.23379029E-11 
      60  4.87500000E+02  3.75000000E+01  8.70015014E-01  1.18351821E-01  9.88366836E-01  2.50000000E-02  2.51717483E-10 -2.75643497E-11 
      61  5.12500000E+02  3.75000000E+01  6.95774785E-02  9.18789357E-01  9.88366836E-01  2.50000000E-02  5.40103897E-11 -4.73341032E-12 
      62  5.37500000E+02  3.75000000E+01 -2.62874281E-01  1.25124112E+00  9.88366836E-01  2.50000000E-02  4.85296332E-11  1.93186324E-11 
      63  5.62500000E+02  3.75000000E+01  2.57640648E-02  9.62602771E-01  9.88366836E-01  2.50000000E-02  7.40817820E-11  3.04561138E-11 
      64  5.87500000E+02  3.75000000E+01  5.75245284E-01  4.13121552E-01  9.88366836E-01  2.50000000E-02  1.33776127E-10  5.75277439E-11 
      65  6.12500000E+02  3.75000000E+01 -6.05455565E-01  1.59382240E+00  9.88366836E-01  2.50000000E-02  6.78004512E-11 -5.08800147E-12 
      66  6.37500000E+02  3.75000000E+01 -6.78783371E-01  1.66715021E+00  9.88366836E-01  2.50000000E-02  6.29526134E-11 -6.04805276E-13 
      67  6.62500000E+02  3.75000000E+01 -9.13459003E-01  1.90182584E+00  9.88366836E-01  2.50000000E-02  6.01288403E-11 -3.10958035E-11 
      68  6.87500000E+02  3.75000000E+01 -6.50455217E-01  1.63882205E+00  9.88366836E-01  2.50000000E-02  6.35505224E-11 -2.91179472E-11 
      69  7.12500000E+02  3.75000000E+01  2.69543656E-01  7.18823180E-01  9.88366836E-01  2.50000000E-02  8.36499516E-11 -5.37700310E-12 
      70  7.37500000E+02  3.75000000E+01 -3.48170109E-01  1.33653695E+00  9.88366836E-01  2.50000000E-02  5.34795382E-11  2.43034977E-11 
      71  7.62500000E+02  3.75000000E+01 -8.77683744E-01  1.86605058E+00  9.88366836E-01  2.50000000E-02  4.04864665E-11  3.78119920E-12 
      72  7.87500000E+02  3.75000000E+01 -6.64986548E-01  1.65335338E+00  9.88366836E-01  2.50000000E-02  3.57530611E-11  5.73173894E-12 
      73  8.12500000E+02  3.75000000E+01 -8.83911452E-01  1.87227829E+00  9.88366836E-01  2.50000000E-02  3.24270216E-11  1.29141841E-11 
      74  8.37500000E+02  3.75000000E+01 -4.05378689E-01  1.39374552E+00  9.88366836E-01  2.50000000E-02  2.72395101E-11  2.62015300E-11 
      75  8.62500000E+02  3.75000000E+01 -9.46473242E-01  1.93484008E+00  9.88366836E-01  2.50000000E-02  1.93918515E-11  1.20891023E-11 
      76  8.87500000E+02  3.75000000E+01 -4.51688796E-02  1.03353572E+00  9.88366836E-01  2.50000000E-02  1.28415126E-11  7.48371893E-13 
      77  9.12500000E+02  3.75000000E+01  1.61625845E-01  8.26740991E-01  9.88366836E-01  2.50000000E-02  1.22781778E-11  7.32739914E-12 
      78  9.37500000E+02  3.75000000E+01  8.80252354E-01  1.08114481E-01  9.88366836E-01  2.50000000E-02  1.53565620E-11  1.61743324E-11 
      79  9.62500000E+02  3.75000000E+01 -4.78569655E-01  1.46693649E+00  9.88366836E-01  2.50000000E-02  2.38797453E-13  3.92323053E-12 
      80  9.87500000E+02  3.75000000E+01 -4.41479578E-01  1.42984641E+00  9.88366836E-01  2.50000000E-02  1.52336420E-14  1.00106502E-12 
      81  1.25000000E+01  6.25000000E+01 -2.22133777E-01  1.21050061E+00  9.88366836E-01  2.50000000E-02 -2.39372926E-12 -5.69974979E-12 
      82  3.75000000E+01  6.25000000E+01 -9.22805164E-01  1.91117200E+00  9.88366836E-01  2.50000000E-02 -6.23196012E-12 -1.41767990E-11 
      83  6.25000000E+01  6.25000000E+01  8.67690341E-01  1.20676495E-01  9.88366836E-01  2.50000000E-02 -7.47114062E-11  1.39274147E-11 
      84  8.75000000E+01  6.25000000E+01  5.96017279E-01  3.92349557E-01  9.88366836E-01  2.50000000E-02 -1.27607109E-10  9.68257526E-11 
      85  1.12500000E+02  6.25000000E+01  6.44978475E-01  3.43388361E-01  9.88366836E-01  2.50000000E-02 -1.26390608E-10 -1.80411492E-11 
      86  1.37500000E+02  6.25000000E+01  1.31753819E-01  8.56613016E-01  9.88366836E-01  2.50000000E-02 -5.92526733E-11  2.90011033E-12 
      87  1.62500000E+02  6.25000000E+01 -4.55407585E-01  1.44377442E+00  9.88366836E-01  2.50000000E-02 -5.33588969E-11  1.21790989E-10 
      88  1.87500000E+02  6.25000000E+01 -5.64947174E-01  1.55331401E+00  9.88366836E-01  2.50000000E-02 -7.03149967E-11  1.52970402E-10 
      89  2.12500000E+02  6.25000000E+01  3.81153889E-01  6.07212947E-01  9.88366836E-01  2.50000000E-02 -1.43168074E-10  1.10849185E-11 
      90  2.37500000E+02  6.25000000E+01  8.45212841E-01  1.43153994E-01  9.88366836E-01  2.50000000E-02 -4.04971811E-10  1.26073975E-10 
      91  2.62500000E+02  6.25000000E+01 -2.37008896E-01  1.22537573E+00  9.88366836E-01  2.50000000E-02 -3.40638151E-11 -7.11568474E-10 
      92  2.87500000E+02  6.25000000E+01 -1.01501098E-01  1.08986793E+00  9.88366836E-01  2.50000000E-02  4.25914136E-11 -2.75806450E-10 
      93  3.12500000E+02  6.25000000E+01 -3.41664032E-01  1.33003087E+00  9.88366836E-01  2.50000000E-02  4.31606726E-11  8.40227871E-11 
      94  3.37500000E+02  6.25000000E+01 -5.72670355E-01  1.56103719E+00  9.88366836E-01  2.50000000E-02  2.51060986E-11 -1.50828170E-10 
      95  3.62500000E+02  6.25000000E+01 -7.40812302E-01  1.72917914E+00  9.88366836E-01  2.50000000E-02  5.90779898E-11 -1.24607193E-10 
      96  3.87500000E+02  6.25000000E+01  1.39403546E-01  8.48963290E-01  9.88366836E-01  2.50000000E-02  1.19148599E-10 -7.42579058E-11 
      97  4.12500000E+02  6.25000000E+01 -3.42636639E-01  1.33100347E+00  9.88366836E-01  2.50000000E-02  1.47020456E-10  5.38835586E-11 
      98  4.37500000E+02  6.25000000E+01 -8.09230132E-01  1.79759697E+00  9.88366836E-01  2.50000000E-02  1.49011782E-10  1.44480634E-10 
      99  4.62500000E+02  6.25000000E+01  8.36185138E-01  1.52181698E-01  9.88366836E-01  2.50000000E-02  1.48713210E-10  4.00790638E-13 
     100  4.87500000E+02  6.25000000E+01 -7.66004509E-01  1.75437134E+00  9.88366836E-01  2.50000000E-02  4.20850267E-11 -6.34051169E-11 
     101  5.12500000E+02  6.25000000E+01 -8.56193929E-01  1.84456076E+00  9.88366836E-01  2.50000000E-02  4.11351378E-11  1.30825869E-11 
     102  5.37500000E+02  6.25000000E+01  7.96759260E-01  1.91607576E-01  9.88366836E-01  2.50000000E-02  1.19239415E-10  5.80253560E-11 
     103  5.62500000E+02  6.25000000E+01  9.10743014E-01  7.76238221E-02  9.88366836E-01  2.50000000E-02  1.71561455E-10  1.45776349E-10 
     104  5.87500000E+02  6.25000000E+01  4.33256348E-01  5.55110487E-01  9.88366836E-01  2.50000000E-02  2.34490533E-11  6.12894862E-11 
     105  6.12500000E+02  6.25000000E+01 -2.25020687E-01  1.21338752E+00  9.88366836E-01  2.50000000E-02  2.87228458E-11 -3.49198072E-11 
     106  6.37500000E+02  6.25000000E+01  4.75225974E-01  5.13140862E-01  9.88366836E-01  2.50000000E-02  4.53548770E-11 -8.53792365E-12 
     107  6.62500000E+02  6.25000000E+01  4.58719477E-01  5.29647359E-01  9.88366836E-01  2.50000000E-02  4.84737142E-11 -3.04157814E-12 
     108  6.87500000E+02  6.25000000E+01  9.60961101E-01  2.74057346E-02  9.88366836E-01  2.50000000E-02  1.14592766E-10  1.20033025E-10 
     109  7.12500000E+02  6.25000000E+01 -4.20474387E-01  1.40884122E+00  9.88366836E-01  2.50000000E-02  8.84955797E-12 -6.96068813E-12 
     110  7.37500000E+02  6.25000000E+01 -3.14378457E-01  1.30274529E+00  9.88366836E-01  2.50000000E-02  6.03660222E-12  2.57978704E-11 
     111  7.62500000E+02  6.25000000E+01 -1.11089879E-01  1.09945671E+00  9.88366836E-01  2.50000000E-02  4.00547379E-12 -2.07584592E-13 
     112  7.87500000E+02  6.25000000E+01 -7.61144773E-01  1.74951161E+00  9.88366836E-01  2.50000000E-02  3.76503146E-12  7.98262440E-12 
     113  8.12500000E+02  6.25000000E+01 -3.67239481E-02  1.02509078E+00  9.88366836E-01  2.50000000E-02 -9.29349144E-13  3.11752164E-11 
     114  8.37500000E+02  6.25000000E+01 -9.98738683E-01  1.98710552E+00  9.88366836E-01  2.50000000E-02 -3.71635430E-12  3.27767818E-11 
     115  8.62500000E+02  6.25000000E+01 -8.80356106E-01  1.86872294E+00  9.88366836E-01  2.50000000E-02 -2.50625920E-12  1.39040492E-11 
     116  8.87500000E+02  6.25000000E+01 -6.14383111E-01  1.60274995E+00  9.88366836E-01  2.50000000E-02 -7.07542097E-13  8.61268099E-13 
     117  9.12500000E+02  6.25000000E+01  3.58235454E-01  6.30131382E-01  9.88366836E-01  2.50000000E-02  1.30587394E-12  1.44125274E-11 
     118  9.37500000E+02  6.25000000E+01  6.03469246E-01  3.84897590E-01  9.88366836E-01  2.50000000E-02 -7.31562475E-13  1.12415335E-11 
     119  9.62500000E+02  6.25000000E+01  4.41048308E-01  5.47318528E-01  9.88366836E-01  2.50000000E-02 -2.87545486E-12  3.53793308E-12 
     120  9.87500000E+02  6.25000000E+01  9.11711479E-01  7.66553564E-02  9.88366836E-01  2.50000000E-02  1.59450158E-12  9.65706531E-12 
     121  1.25000000E+01  8.75000000E+01  1.08678609E-01  8.79688227E-01  9.88366836E-01  2.50000000E-02 -1.44830617E-11  1.08989274E-11 
     122  3.75000000E+01  8.75000000E+01 -2.28846589E-01  1.21721342E+00  9.88366836E-01  2.50000000E-02 -3.92361801E-11 -2.55910391E-12 
     123  6.25000000E+01  8.75000000E+01 -3.58835185E-01  1.34720202E+00  9.88366836E-01  2.50000000E-02 -5.27609043E-11  6.73207977E-11 
     124  8.75000000E+01  8.75000000E+01 -2.64391871E-01  1.25275871E+00  9.88366836E-01  2.50000000E-02 -8.25750219E-11  1.51617097E-10 
     125  1.12500000E+02  8.75000000E+01 -7.25763198E-02  1.06094316E+00  9.88366836E-01  2.50000000E-02 -1.15246071E-10 -2.64679881E-12 
     126  1.37500000E+02  8.75000000E+01 -1.54400161E-01  1.14276700E+00  9.88366836E-01  2.50000000E-02 -9.78955343E-11  7.10283086E-13 
     127  1.62500000E+02  8.75000000E+01 -5.69328360E-02  1.04529967E+00  9.88366836E-01  2.50000000E-02 -1.03365167E-10  1.94405559E-10 
     128  1.87500000E+02  8.75000000E+01  9.24570212E-02  8.95909814E-01  9.88366836E-01  2.50000000E-02 -1.62143687E-10  2.56179534E-10 
     129  2.12500000E+02  8.75000000E+01 -4.43656183E-01  1.43202302E+00  9.88366836E-01  2.50000000E-02 -1.58745468E-10  1.90083921E-11 
     130  2.37500000E+02  8.75000000E+01 -5.57667035E-01  1.54603387E+00  9.88366836E-01  2.50000000E-02 -1.64336119E-10 -4.38442776E-11 
     131  2.62500000E+02  8.75000000E+01  8.18492517E-01  1.69874319E-01  9.88366836E-01  2.50000000E-02 -3.48575690E-10 -1.47975525E-09 
     132  2.87500000E+02  8.75000000E+01 -5.73086483E-01  1.56145332E+00  9.88366836E-01  2.50000000E-02  8.01063807E-11 -2.93980950E-10 
     133  3.12500000E+02  8.75000000E+01 -8.05166683E-01  1.79353352E+00  9.88366836E-01  2.50000000E-02  6.92212797E-11  1.31602177E-10 
     134  3.37500000E+02  8.75000000E+01 -3.46934284E-01  1.33530112E+00  9.88366836E-01  2.50000000E-02  5.49136491E-11 -1.69126851E-10 
     135  3.62500000E+02  8.75000000E+01 -3.61523406E-01  1.34989024E+00  9.88366836E-01  2.50000000E-02  6.80852016E-11 -1.56909987E-10 
     136  3.87500000E+02  8.75000000E+01 -3.84854875E-01  1.37322171E+00  9.88366836E-01  2.50000000E-02  9.27303021E-11 -7.59529192E-11 
     137  4.12500000E+02  8.75000000E+01  6.99363783E-01  2.89003053E-01  9.88366836E-01  2.50000000E-02  3.21257946E-10 -5.62633094E-11 
     138  4.37500000E+02  8.75000000E+01 -8.75640272E-01  1.86400711E+00  9.88366836E-01  2.50000000E-02  4.07152025E-10  1.61744285E-10 
     139  4.62500000E+02  8.75000000E+01  6.10751907E-01  3.77614928E-01  9.88366836E-01  2.50000000E-02  4.54309357E-10 -7.45279557E-11 
     140  4.87500000E+02  8.75000000E+01  3.56843358E-01  6.31523477E-01  9.88366836E-01  2.50000000E-02  4.00813514E-10 -1.13495902E-10 
     141  5.12500000E+02  8.75000000E+01  1.64731033E-01  8.23635803E-01  9.88366836E-01  2.50000000E-02  3.28847181E-10  4.34121044E-11 
     142  5.37500000E+02  8.75000000E+01 -7.42538812E-01  1.73090565E+00  9.88366836E-01  2.50000000E-02  2.25028443E-10 -4.99470142E-11 
     143  5.62500000E+02  8.75000000E+01 -9.48118006E-01  1.93648484E+00  9.88366836E-01  2.50000000E-02  1.96978207E-10  8.90885355E-11 
     144  5.87500000E+02  8.75000000E+01 -3.36867799E-01  1.32523463E+00  9.88366836E-01  2.50000000E-02  1.77969340E-10  6.51155782E-11 
     145  6.12500000E+02  8.75000000E+01 -8.26321860E-01  1.81468870E+00  9.88366836E-01  2.50000000E-02  1.80408721E-10 -1.08604213E-11 
     146  6.37500000E+02  8.75000000E+01  4.72054294E-01  5.16312541E-01  9.88366836E-01  2.50000000E-02  2.74776918E-10 -2.04928905E-11 
     147  6.62500000E+02  8.75000000E+01  3.81361642E-01  6.07005194E-01  9.88366836E-01  2.50000000E-02  2.69220166E-10  6.38631049E-12 
     148  6.87500000E+02  8.75000000E+01  2.08037102E-01  7.80329734E-01  9.88366836E-01  2.50000000E-02  2.51210773E-10  1.26703383E-10 
     149  7.12500000E+02  8.75000000E+01  7.21356006E-01  2.67010830E-01  9.88366836E-01  2.50000000E-02  2.17069686E-10 -2.44419607E-11 
     150  7.37500000E+02  8.75000000E+01 -6.36567943E-01  1.62493478E+00  9.88366836E-01  2.50000000E-02  1.45796081E-10  2.88367098E-11 
     151  7.62500000E+02  8.75000000E+01  2.81442429E-01  7.06924406E-01  9.88366836E-01  2.50000000E-02  1.27815457E-10 -1.36878617E-12 
     152  7.87500000E+02  8.75000000E+01 -8.69344436E-01  1.85771127E+00  9.88366836E-01  2.50000000E-02  1.18598297E-10  1.18301057E-11 
     153  8.12500000E+02  8.75000000E+01  2.54507633E-01  7.33859202E-01  9.88366836E-01  2.50000000E-02  9.95785200E-11  5.40977318E-11 
     154  8.37500000E+02  8.75000000E+01 -1.03986893E-01  1.09235373E+00  9.88366836E-01  2.50000000E-02  7.55092734E-11  4.23392588E-11 
     155  8.62500000E+02  8.75000000E+01  1.39175414E-01  8.49191421E-01  9.88366836E-01  2.50000000E-02  5.94113781E-11  2.63416214E-11 
     156  8.87500000E+02  8.75000000E+01 -8.52254150E-01  1.84062099E+00  9.88366836E-01  2.50000000E-02  4.79558939E-11  1.03062098E-12 
     157  9.12500000E+02  8.75000000E+01  9.24882240E-02  8.95878612E-01  9.88366836E-01  2.50000000E-02  4.14075839E-11  2.24434188E-11 
     158  9.37500000E+02  8.75000000E+01  2.11924596E-01  7.76442240E-01  9.88366836E-01  2.50000000E-02  3.99488423E-11  2.69765172E-11 
     159  9.62500000E+02  8.75000000E+01  7.91661204E-01  1.96705632E-01  9.88366836E-01  2.50000000E-02  3.54450212E-11  9.07480839E-12 
     160  9.87500000E+02  8.75000000E+01 -7.84772235E-01  1.77313907E+00  9.88366836E-01  2.50000000E-02  9.64381207E-13  3.25166735E-12 
     161  1.25000000E+01  1.12500000E+02 -1.38517810E-01  1.12688465E+00  9.88366836E-01  2.50000000E-02 -2.57771541E-12  3.59468380E-11 
     162  3.75000000E+01  1.12500000E+02 -5.15752501E-01  1.50411934E+00  9.88366836E-01  2.50000000E-02 -9.29318411E-12  1.38956084E-11 
     163  6.25000000E+01  1.12500000E+02  6.79722152E-01  3.08644684E-01  9.88366836E-01  2.50000000E-02 -4.95181546E-11  8.37906125E-11 
     164  8.75000000E+01  1.12500000E+02  3.93778443E-01  5.94588393E-01  9.88366836E-01  2.50000000E-02 -8.14035762E-11  1.88456366E-10 
     165  1.12500000E+02  1.12500000E+02 -7.51376039E-01  1.73974287E+00  9.88366836E-01  2.50000000E-02 -8.97886664E-11 -2.85794087E-12 
     166  1.37500000E+02  1.12500000E+02  9.94759526E-01  7.82185229E-08  9.94759604E-01  2.50000000E-02  5.53657087E-12  6.72604460E-12 
     167  1.62500000E+02  1.12500000E+02 -5.96844762E-03  9.94335283E-01  9.88366836E-01  2.50000000E-02 -1.96433605E-10  3.13548736E-10 
     168  1.87500000E+02  1.12500000E+02  2.73210245E-01  7.15156591E-01  9.88366836E-01  2.50000000E-02 -2.62838167E-10  3.90082709E-10 
     169  2.12500000E+02  1.12500000E+02 -7.97240036E-01  1.78560687E+00  9.88366836E-01  2.50000000E-02 -2.71493603E-10  7.86132481E-11 
     170  2.37500000E+02  1.12500000E+02 -5.90233836E-01  1.57860067E+00  9.88366836E-01  2.50000000E-02 -3.26076523E-10 -6.90877501E-11 
     171  2.62500000E+02  1.12500000E+02  4.42065805E-01  5.46301031E-01  9.88366836E-01  2.50000000E-02 -2.54538772E-10 -1.46056466E-09 
     172  2.87500000E+02  1.12500000E+02 -3.93244859E-01  1.38161169E+00  9.88366836E-01  2.50000000E-02  1.87575910E-10 -3.26367201E-10 
     173  3.12500000E+02  1.12500000E+02  3.09424066E-01  6.78942769E-01  9.88366836E-01  2.50000000E-02  1.18262291E-10  3.40369712E-10 
     174  3.37500000E+02  1.12500000E+02 -9.66486511E-01  1.95485335E+00  9.88366836E-01  2.50000000E-02  7.97825679E-12 -2.07342123E-10 
     175  3.62500000E+02  1.12500000E+02 -3.44924414E-01  1.33329125E+00  9.88366836E-01  2.50000000E-02  2.31129226E-12 -1.87652473E-10 
     176  3.87500000E+02  1.12500000E+02  3.36817882E-02  9.54685048E-01  9.88366836E-01  2.50000000E-02  1.36453786E-11 -7.56115281E-11 
     177  4.12500000E+02  1.12500000E+02  5.63483232E-01  4.24883604E-01  9.88366836E-01  2.50000000E-02  3.27580240E-11 -1.14669332E-10 
     178  4.37500000E+02  1.12500000E+02 -4.61520794E-01  1.44988763E+00  9.88366836E-01  2.50000000E-02  3.71441159E-12  1.74813198E-10 
     179  4.62500000E+02  1.12500000E+02 -8.93975861E-02  1.07776442E+00  9.88366836E-01  2.50000000E-02  1.10208921E-11 -7.43102784E-11 
     180  4.87500000E+02  1.12500000E+02  5.86560371E-01  4.01806465E-01  9.88366836E-01  2.50000000E-02  1.12658276E-10 -1.98083610E-10 
     181  5.12500000E+02  1.12500000E+02  8.29051939E-01  1.59314897E-01  9.88366836E-01  2.50000000E-02  1.86268763E-10  5.40764614E-11 
     182  5.37500000E+02  1.12500000E+02 -2.66416548E-01  1.25478338E+00  9.88366836E-01  2.50000000E-02  1.67985013E-11 -5.62457270E-11 
     183  5.62500000E+02  1.12500000E+02 -5.82060613E-02  1.04657290E+00  9.88366836E-01  2.50000000E-02  3.25220477E-11  9.24215004E-11 
     184  5.87500000E+02  1.12500000E+02 -2.17671230E-01  1.20603807E+00  9.88366836E-01  2.50000000E-02  5.72585968E-11  7.06309751E-11 
     185  6.12500000E+02  1.12500000E+02 -1.44100279E-01  1.13246711E+00  9.88366836E-01  2.50000000E-02  6.89099360E-11  2.52845309E-11 
     186  6.37500000E+02  1.12500000E+02  1.79934253E-01  8.08432583E-01  9.88366836E-01  2.50000000E-02  9.14870775E-11 -3.01591942E-11 
     187  6.62500000E+02  1.12500000E+02  3.46347084E-01  6.42019752E-01  9.88366836E-01  2.50000000E-02  8.68517904E-11  7.15489051E-12 
     188  6.87500000E+02  1.12500000E+02  1.33810219E-02  9.74985814E-01  9.88366836E-01  2.50000000E-02  6.32848978E-11  1.29145660E-10 
     189  7.12500000E+02  1.12500000E+02  4.88346163E-01  5.00020672E-01  9.88366836E-01  2.50000000E-02  4.17069121E-11  1.80368301E-11 
     190  7.37500000E+02  1.12500000E+02  9.85545454E-01  2.82138195E-03  9.88366836E-01  2.50000000E-02  3.72252646E-10  2.28698893E-11 
     191  7.62500000E+02  1.12500000E+02  8.44931991E-01  1.43434844E-01  9.88366836E-01  2.50000000E-02  1.76866381E-11  5.09655922E-12 
     192  7.87500000E+02  1.12500000E+02 -2.61429806E-01  1.24979664E+00  9.88366836E-01  2.50000000E-02  7.30195361E-12  1.44192598E-11 
     193  8.12500000E+02  1.12500000E+02 -4.19086636E-01  1.40745347E+00  9.88366836E-01  2.50000000E-02  2.10118006E-14  6.33945003E-11 
     194  8.37500000E+02  1.12500000E+02 -6.24126360E-01  1.61249320E+00  9.88366836E-01  2.50000000E-02 -3.47935790E-12  4.67227793E-11 
     195  8.62500000E+02  1.12500000E+02 -1.03208890E-01  1.09157573E+00  9.88366836E-01  2.50000000E-02 -1.26173212E-13  2.78881496E-11 
     196  8.87500000E+02  1.12500000E+02  8.56216663E-01  1.32150173E-01  9.88366836E-01  2.50000000E-02 -7.02898705E-12  5.28073573E-11 
     197  9.12500000E+02  1.12500000E+02  5.22711667E-01  4.65655169E-01  9.88366836E-01  2.50000000E-02 -1.01662932E-12  3.40196761E-11 
     198  9.37500000E+02  1.12500000E+02 -9.57883280E-01  1.94625012E+00  9.88366836E-01  2.50000000E-02 -2.30247355E-12  2.06064732E-11 
     199  9.62500000E+02  1.12500000E+02 -8.96224899E-01  1.88459174E+00  9.88366836E-01  2.50000000E-02 -2.53301238E-12  1.75048272E-12 
     200  9.87500000E+02  1.12500000E+02 -8.69716605E-01  1.85808344E+00  9.88366836E-01  2.50000000E-02 -1.17649758E-12  2.57820774E-12 
     201  1.25000000E+01  1.37500000E+02  7.23899730E-01  2.64467105E-01  9.88366836E-01  2.50000000E-02  7.80026139E-12  9.31050713E-11 
     202  3.75000000E+01  1.37500000E+02  8.12980265E-01  1.75386571E-01  9.88366836E-01  2.50000000E-02  3.16580776E-11  8.30584111E-11 
     203  6.25000000E+01  1.37500000E+02 -3.66884301E-01  1.35525114E+00  9.88366836E-01  2.50000000E-02  3.26467303E-11  3.57227710E-12 
     204  8.75000000E+01  1.37500000E+02 -5.83269168E-01  1.57163600E+00  9.88366836E-01  2.50000000E-02  1.65467049E-11  1.55207204E-10 
     205  1.12500000E+02  1.37500000E+02  7.75219159E-01  2.13147676E-01  9.88366836E-01  2.50000000E-02 -2.75639762E-10 -1.78428511E-11 
     206  1.37500000E+02  1.37500000E+02 -4.95104883E-01  1.48347172E+00  9.88366836E-01  2.50000000E-02 -3.10445885E-10  2.68924252E-10 
     207  1.62500000E+02  1.37500000E+02 -3.69251004E-01  1.35761784E+00  9.88366836E-01  2.50000000E-02 -2.87132000E-10  5.16497904E-10 
     208  1.87500000E+02  1.37500000E+02 -8.84234157E-01  1.87260099E+00  9.88366836E-01  2.50000000E-02 -2.47112884E-10  6.05571001E-10 
     209  2.12500000E+02  1.37500000E+02 -6.39689322E-01  1.62805616E+00  9.88366836E-01  2.50000000E-02 -2.33174566E-10  1.25165170E-10 
     210  2.37500000E+02  1.37500000E+02  3.91397575E-02  9.49227078E-01  9.88366836E-01  2.50000000E-02 -2.43627939E-10 -9.87468864E-11 
     211  2.62500000E+02  1.37500000E+02 -8.48776607E-01  1.83714344E+00  9.88366836E-01  2.50000000E-02  3.58862265E-10 -1.22708636E-09 
     212  2.87500000E+02  1.37500000E+02 -9.42180406E-01  1.93054724E+00  9.88366836E-01  2.50000000E-02  6.14415469E-10 -2.51354435E-10 
     213  3.12500000E+02  1.37500000E+02 -3.69058054E-01  1.35742489E+00  9.88366836E-01  2.50000000E-02  6.42701057E-10  6.46114551E-10 
     214  3.37500000E+02  1.37500000E+02  3.15102034E-01  6.73264802E-01  9.88366836E-01  2.50000000E-02  5.65301863E-10 -2.65234618E-10 
     215  3.62500000E+02  1.37500000E+02 -1.07956865E-01  1.09632370E+00  9.88366836E-01  2.50000000E-02  4.96343424E-10 -1.70068700E-10 
     216  3.87500000E+02  1.37500000E+02  7.69074484E-01  2.19292352E-01  9.88366836E-01  2.50000000E-02  2.84846311E-10  1.30130309E-11 
     217  4.12500000E+02  1.37500000E+02  9.99470287E-01  7.75544402E-08  9.99470365E-01  2.50000000E-02  3.77941833E-12 -7.69890331E-12 
     218  4.37500000E+02  1.37500000E+02 -7.43699164E-01  1.73206600E+00  9.88366836E-01  2.50000000E-02  1.64578548E-10  1.91159275E-10 
     219  4.62500000E+02  1.37500000E+02 -4.07240404E-01  1.39560724E+00  9.88366836E-01  2.50000000E-02  1.87966486E-10 -7.15682011E-11 
     220  4.87500000E+02  1.37500000E+02  1.67925225E-01  8.20441611E-01  9.88366836E-01  2.50000000E-02  2.68234661E-10 -1.67762002E-10 
     221  5.12500000E+02  1.37500000E+02  6.80805707E-01  3.07561129E-01  9.88366836E-01  2.50000000E-02  3.96589603E-10  5.89985515E-11 
     222  5.37500000E+02  1.37500000E+02  2.17428979E-02  9.66623938E-01  9.88366836E-01  2.50000000E-02  3.41284671E-10 -4.45666391E-11 
     223  5.62500000E+02  1.37500000E+02  6.58877397E-01  3.29489439E-01  9.88366836E-01  2.50000000E-02  2.56807937E-10  1.41021946E-10 
     224  5.87500000E+02  1.37500000E+02 -3.39958281E-02  1.02236266E+00  9.88366836E-01  2.50000000E-02  1.95219434E-10  9.23273401E-11 
     225  6.12500000E+02  1.37500000E+02  4.87976919E-01  5.00389917E-01  9.88366836E-01  2.50000000E-02  1.82456722E-10  8.04291650E-11 
     226  6.37500000E+02  1.37500000E+02  8.01521395E-01  1.86845441E-01  9.88366836E-01  2.50000000E-02  1.98243133E-10 -4.37505825E-12 
     227  6.62500000E+02  1.37500000E+02 -8.98507145E-01  1.88687398E+00  9.88366836E-01  2.50000000E-02  5.61264252E-11  1.08473162E-12 
     228  6.87500000E+02  1.37500000E+02  7.01774916E-03  9.81349087E-01  9.88366836E-01  2.50000000E-02  5.14266084E-11  1.34238089E-10 
     229  7.12500000E+02  1.37500000E+02  3.74468801E-01  6.13898035E-01  9.88366836E-01  2.50000000E-02  8.10722212E-11  3.30675408E-11 
     230  7.37500000E+02  1.37500000E+02  5.87595617E-01  4.00771219E-01  9.88366836E-01  2.50000000E-02  1.06875572E-10  2.05679129E-11 
     231  7.62500000E+02  1.37500000E+02  3.25762240E-01  6.62604595E-01  9.88366836E-01  2.50000000E-02  8.39488648E-11 -1.90035397E-11 
     232  7.87500000E+02  1.37500000E+02 -6.78944753E-01  1.66731159E+00  9.88366836E-01  2.50000000E-02  6.69588081E-11  5.51124059E-12 
     233  8.12500000E+02  1.37500000E+02 -5.91976095E-02  1.04756445E+00  9.88366836E-01  2.50000000E-02  6.47452615E-11  7.25044912E-11 
     234  8.37500000E+02  1.37500000E+02  1.04583311E-01  8.83783525E-01  9.88366836E-01  2.50000000E-02  6.91569530E-11  4.74465201E-11 
     235  8.62500000E+02  1.37500000E+02 -9.53455028E-01  1.94182186E+00  9.88366836E-01  2.50000000E-02  6.65656921E-11  2.22560576E-11 
     236  8.87500000E+02  1.37500000E+02  2.42194233E-01  7.46172603E-01  9.88366836E-01  2.50000000E-02  5.17718400E-11  5.81270540E-11 
     237  9.12500000E+02  1.37500000E+02  5.61472783E-01  4.26894053E-01  9.88366836E-01  2.50000000E-02  2.13443861E-11  3.65286672E-11 
     238  9.37500000E+02  1.37500000E+02 -8.09283821E-01  1.79765066E+00  9.88366836E-01  2.50000000E-02  7.90276090E-12  1.72648592E-11 
     239  9.62500000E+02  1.37500000E+02 -8.07533917E-01  1.79590075E+00  9.88366836E-01  2.50000000E-02  6.01027494E-12  3.98053210E-12 
     240  9.87500000E+02  1.37500000E+02  3.82521626E-02  9.50114673E-01  9.88366836E-01  2.50000000E-02  1.88062212E-12  2.98097576E-12 
     241  1.25000000E+01  1.62500000E+02  8.35147174E-02  9.04852118E-01  9.88366836E-01  2.50000000E-02 -1.42143862E-11  5.63430249E-11 
     242  3.75000000E+01  1.62500000E+02 -4.14718301E-01  1.40308514E+00  9.88366836E-01  2.50000000E-02 -3.56800399E-11  5.66585577E-11 
     243  6.25000000E+01  1.62500000E+02 -9.45091518E-01  1.93345835E+00  9.88366836E-01  2.50000000E-02 -3.76805834E-11 -4.92557500E-12 
     244  8.75000000E+01  1.62500000E+02 -9.93943173E-01  1.98231001E+00  9.88366836E-01  2.50000000E-02 -3.66652365E-11  1.48874133E-10 
     245  1.12500000E+02  1.62500000E+02  9.48005754E-01  4.03610816E-02  9.88366836E-01  2.50000000E-02  4.85827230E-12  1.54666056E-10 
     246  1.37500000E+02  1.62500000E+02 -5.04923905E-01  1.49329074E+00  9.88366836E-01  2.50000000E-02  3.44584372E-10  2.44418618E-10 
     247  1.62500000E+02  1.62500000E+02  7.85674229E-01  2.02692607E-01  9.88366836E-01  2.50000000E-02 -1.78918335E-10  2.21886440E-09 
     248  1.87500000E+02  1.62500000E+02  6.65479012E-01  3.22887824E-01  9.88366836E-01  2.50000000E-02 -9.51199484E-10  1.26058504E-09 
     249  2.12500000E+02  1.62500000E+02  7.59975092E-01  2.28391744E-01  9.88366836E-01  2.50000000E-02 -1.10110076E-09  1.63780873E-10 
     250  2.37500000E+02  1.62500000E+02 -4.00673773E-01  1.38904061E+00  9.88366836E-01  2.50000000E-02 -5.30854441E-10  1.37050246E-10 
     251  2.62500000E+02  1.62500000E+02 -7.55400846E-01  1.74376768E+00  9.88366836E-01  2.50000000E-02 -3.04382300E-10 -1.32422993E-09 
     252  2.87500000E+02  1.62500000E+02 -5.99398565E-01  1.58776540E+00  9.88366836E-01  2.50000000E-02 -1.65523958E-10 -2.42345455E-10 
     253  3.12500000E+02  1.62500000E+02 -1.85486079E-02  1.00691544E+00  9.88366836E-01  2.50000000E-02 -2.24068225E-10  7.95684581E-10 
     254  3.37500000E+02  1.62500000E+02 -9.00384404E-01  1.88875124E+00  9.88366836E-01  2.50000000E-02 -2.14185000E-10 -2.63353972E-10 
     255  3.62500000E+02  1.62500000E+02  7.23953227E-01  2.64413609E-01  9.88366836E-01  2.50000000E-02  2.70644843E-11  2.44494487E-10 
     256  3.87500000E+02  1.62500000E+02 -4.26425104E-01  1.41479194E+00  9.88366836E-01  2.50000000E-02  8.20389299E-11 -2.83809457E-11 
     257  4.12500000E+02  1.62500000E+02 -4.08711126E-01  1.39707796E+00  9.88366836E-01  2.50000000E-02  7.77509058E-11  1.06693166E-09 
     258  4.37500000E+02  1.62500000E+02  6.49783679E-01  3.38583157E-01  9.88366836E-01  2.50000000E-02 -8.06205702E-12  3.09580895E-10 
     259  4.62500000E+02  1.62500000E+02  9.96707638E-01  7.72487226E-08  9.96707716E-01  2.50000000E-02  8.42122057E-12 -1.25795538E-12 
     260  4.87500000E+02  1.62500000E+02  8.78262420E-01  1.10104415E-01  9.88366836E-01  2.50000000E-02  3.48878887E-10  4.14807946E-11 
     261  5.12500000E+02  1.62500000E+02  8.69145546E-01  1.19221289E-01  9.88366836E-01  2.50000000E-02  3.32365237E-10  4.44367269E-11 
     262  5.37500000E+02  1.62500000E+02  2.82105952E-01  7.06260883E-01  9.88366836E-01  2.50000000E-02  9.40864351E-11 -4.42825739E-11 
     263  5.62500000E+02  1.62500000E+02 -1.76678378E-01  1.16504521E+00  9.88366836E-01  2.50000000E-02  7.63445862E-11  1.13991431E-10 
     264  5.87500000E+02  1.62500000E+02  5.52505683E-01  4.35861152E-01  9.88366836E-01  2.50000000E-02  6.12741410E-11  1.64711720E-10 
     265  6.12500000E+02  1.62500000E+02 -2.66796525E-01  1.25516336E+00  9.88366836E-01  2.50000000E-02  2.74381686E-11  7.53960416E-11 
     266  6.37500000E+02  1.62500000E+02  4.53008486E-01  5.35358349E-01  9.88366836E-01  2.50000000E-02  1.64985775E-11 -1.41006452E-12 
     267  6.62500000E+02  1.62500000E+02 -7.65433764E-01  1.75380060E+00  9.88366836E-01  2.50000000E-02  1.15460664E-11 -1.42547924E-12 
     268  6.87500000E+02  1.62500000E+02 -6.92202912E-02  1.05758713E+00  9.88366836E-01  2.50000000E-02  8.00726799E-12  1.34586875E-10 
     269  7.12500000E+02  1.62500000E+02  8.76503252E-01  1.11863584E-01  9.88366836E-01  2.50000000E-02  3.95491430E-11  3.85712894E-11 
     270  7.37500000E+02  1.62500000E+02 -5.37976910E-01  1.52634375E+00  9.88366836E-01  2.50000000E-02  1.08152385E-11  1.51494088E-11 
     271  7.62500000E+02  1.62500000E+02 -7.99079871E-04  9.89165916E-01  9.88366836E-01  2.50000000E-02  1.16185564E-11 -1.97241493E-11 
     272  7.87500000E+02  1.62500000E+02 -6.09372242E-01  1.59773908E+00  9.88366836E-01  2.50000000E-02  1.63689988E-11  1.23908980E-12 
     273  8.12500000E+02  1.62500000E+02  2.42801476E-01  7.45565359E-01  9.88366836E-01  2.50000000E-02  1.49424851E-11  9.48389251E-11 
     274  8.37500000E+02  1.62500000E+02 -4.07254055E-01  1.39562089E+00  9.88366836E-01  2.50000000E-02  9.26067424E-12  4.32085083E-11 
     275  8.62500000E+02  1.62500000E+02 -9.32943653E-01  1.92131049E+00  9.88366836E-01  2.50000000E-02  1.35209165E-11  2.31262623E-11 
     276  8.87500000E+02  1.62500000E+02 -8.73369498E-01  1.86173633E+00  9.88366836E-01  2.50000000E-02  1.59319446E-11  6.39781671E-11 
     277  9.12500000E+02  1.62500000E+02  3.87206214E-01  6.01160622E-01  9.88366836E-01  2.50000000E-02  1.14926285E-11  3.44843014E-11 
     278  9.37500000E+02  1.62500000E+02 -4.53648108E-01  1.44201494E+00  9.88366836E-01  2.50000000E-02  1.15626197E-11  1.59405417E-11 
     279  9.62500000E+02  1.62500000E+02  1.48897342E-01  8.39469494E-01  9.88366836E-01  2.50000000E-02  1.13729927E-11  1.71748170E-11 
     280  9.87500000E+02  1.62500000E+02  6.70755937E-01  3.17610899E-01  9.88366836E-01  2.50000000E-02  3.70761169E-12  1.63841542E-11 
     281  1.25000000E+01  1.87500000E+02 -1.66476527E-01  1.15484336E+00  9.88366836E-01  2.50000000E-02  1.09065433E-12  5.48635786E-11 
     282  3.75000000E+01  1.87500000E+02  2.37551903E-01  7.50814932E-01  9.88366836E-01  2.50000000E-02  4.87805690E-12  5.31048895E-11 
     283  6.25000000E+01  1.87500000E+02  8.86512986E-01  1.01853850E-01  9.88366836E-01  2.50000000E-02  3.03189785E-11  6.40424918E-11 
     284  8.75000000E+01  1.87500000E+02  7.99757613E-02  9.08391074E-01  9.88366836E-01  2.50000000E-02  7.67791707E-12  1.63794812E-10 
     285  1.12500000E+02  1.87500000E+02 -3.21040265E-01  1.30940710E+00  9.88366836E-01  2.50000000E-02  1.90255904E-11 -5.36559831E-11 
     286  1.37500000E+02  1.87500000E+02 -7.68747739E-01  1.75711457E+00  9.88366836E-01  2.50000000E-02  1.24027631E-10  2.26760887E-10 
     287  1.62500000E+02  1.87500000E+02  6.97657624E-01  2.90709212E-01  9.88366835E-01  2.50000000E-02  9.02304694E-10  2.54720457E-09 
     288  1.87500000E+02  1.87500000E+02 -7.86922382E-01  1.77528922E+00  9.88366835E-01  2.50000000E-02  3.25324468E-10  6.11915668E-10 
     289  2.12500000E+02  1.87500000E+02  8.79619040E-01  1.08747796E-01  9.88366836E-01  2.50000000E-02 -1.46113796E-09  2.29827033E-11 
     290  2.37500000E+02  1.87500000E+02 -5.35190590E-01  1.52355743E+00  9.88366836E-01  2.50000000E-02 -4.51930968E-10  3.92258196E-10 
     291  2.62500000E+02  1.87500000E+02 -9.78600396E-01  1.96696723E+00  9.88366836E-01  2.50000000E-02 -3.91883184E-10 -1.69214402E-09 
     292  2.87500000E+02  1.87500000E+02  3.11980387E-01  6.76386449E-01  9.88366836E-01  2.50000000E-02 -1.05685733E-10 -6.15337902E-10 
     293  3.12500000E+02  1.87500000E+02 -1.53058204E-02  1.00367266E+00  9.88366836E-01  2.50000000E-02  5.56876068E-11  7.98977786E-10 
     294  3.37500000E+02  1.87500000E+02 -5.46319126E-01  1.53468596E+00  9.88366836E-01  2.50000000E-02  7.07264663E-11 -3.66468537E-10 
     295  3.62500000E+02  1.87500000E+02 -2.35273906E-01  1.22364074E+00  9.88366836E-01  2.50000000E-02  6.79080665E-12  1.95958193E-10 
     296  3.87500000E+02  1.87500000E+02 -3.51627214E-01  1.33999405E+00  9.88366836E-01  2.50000000E-02 -5.58905998E-11 -7.55621441E-11 
     297  4.12500000E+02  1.87500000E+02  8.13906002E-01  1.74460833E-01  9.88366836E-01  2.50000000E-02  9.18706170E-11  9.05688994E-10 
     298  4.37500000E+02  1.87500000E+02  4.28358932E-01  5.60007904E-01  9.88366836E-01  2.50000000E-02  1.64408891E-10  3.04164807E-10 
     299  4.62500000E+02  1.87500000E+02 -1.51875673E-01  1.14024251E+00  9.88366836E-01  2.50000000E-02  1.65773376E-10  7.70707053E-12 
     300  4.87500000E+02  1.87500000E+02  2.23783840E-01  7.64582996E-01  9.88366836E-01  2.50000000E-02  1.64049316E-10  1.82171859E-11 
     301  5.12500000E+02  1.87500000E+02 -5.94372845E-01  1.58273968E+00  9.88366836E-01  2.50000000E-02  1.71834518E-10  1.39181332E-11 
     302  5.37500000E+02  1.87500000E+02  4.10290570E-01  5.78076266E-01  9.88366836E-01  2.50000000E-02  1.54417506E-10 -5.18840254E-11 
     303  5.62500000E+02  1.87500000E+02  2.14724687E-01  7.73642149E-01  9.88366836E-01  2.50000000E-02  9.51173927E-11  1.06983994E-10 
     304  5.87500000E+02  1.87500000E+02 -9.92053210E-01  1.98042005E+00  9.88366836E-01  2.50000000E-02  4.91768321E-12  1.44700923E-10 
     305  6.12500000E+02  1.87500000E+02 -9.90360644E-01  1.97872748E+00  9.88366836E-01  2.50000000E-02 -1.00757550E-11  6.03392691E-11 
     306  6.37500000E+02  1.87500000E+02 -5.38917583E-02  1.04225859E+00  9.88366836E-01  2.50000000E-02  4.35475179E-12 -1.83018050E-11 
     307  6.62500000E+02  1.87500000E+02  1.33030385E-01  8.55336450E-01  9.88366836E-01  2.50000000E-02  1.42470567E-11  4.94924529E-13 
     308  6.87500000E+02  1.87500000E+02 -4.04030470E-01  1.39239731E+00  9.88366836E-01  2.50000000E-02  1.52238877E-11  1.23391167E-10 
     309  7.12500000E+02  1.87500000E+02 -8.13372492E-01  1.80173933E+00  9.88366836E-01  2.50000000E-02  2.00597729E-11  3.12932291E-12 
     310  7.37500000E+02  1.87500000E+02  5.26055641E-01  4.62311194E-01  9.88366836E-01  2.50000000E-02  4.43046153E-11  1.25009019E-11 
     311  7.62500000E+02  1.87500000E+02 -1.21979092E-01  1.11034593E+00  9.88366836E-01  2.50000000E-02  4.57914468E-11 -1.91702529E-11 
     312  7.87500000E+02  1.87500000E+02  9.51504665E-01  3.68621711E-02  9.88366836E-01  2.50000000E-02  1.22849113E-11  3.57787804E-11 
     313  8.12500000E+02  1.87500000E+02  1.21368449E-02  9.76229991E-01  9.88366836E-01  2.50000000E-02 -3.86918211E-11  1.07184427E-10 
     314  8.37500000E+02  1.87500000E+02  5.57994914E-02  9.32567344E-01  9.88366836E-01  2.50000000E-02 -3.19376655E-11  4.19566546E-11 
     315  8.62500000E+02  1.87500000E+02  3.00266358E-01  6.88100477E-01  9.88366836E-01  2.50000000E-02 -2.03838720E-11  3.11847620E-11 
     316  8.87500000E+02  1.87500000E+02  1.38933373E-02  9.74473498E-01  9.88366836E-01  2.50000000E-02 -1.71425647E-11  6.95126899E-11 
     317  9.12500000E+02  1.87500000E+02 -7.75471231E-01  1.76383807E+00  9.88366836E-01  2.50000000E-02 -5.83299033E-12  3.28113257E-11 
     318  9.37500000E+02  1.87500000E+02 -8.13535488E-01  1.80190232E+00  9.88366836E-01  2.50000000E-02  1.17409973E-13  1.28182543E-11 
     319  9.62500000E+02  1.87500000E+02 -3.31835338E-01  1.32020217E+00  9.88366836E-01  2.50000000E-02  1.56589204E-13  2.02159574E-11 
     320  9.87500000E+02  1.87500000E+02 -3.84744574E-01  1.37311141E+00  9.88366836E-01  2.50000000E-02 -1.36456505E-12  2.16210980E-11 
     321  1.25000000E+01  2.12500000E+02  2.44844554E-01  7.43522281E-01  9.88366836E-01  2.50000000E-02  7.28819399E-12  5.50606028E-11 
     322  3.75000000E+01  2.12500000E+02 -8.38942158E-01  1.82730899E+00  9.88366836E-01  2.50000000E-02  2.53761709E-11  4.62465229E-11 
     323  6.25000000E+01  2.12500000E+02  8.76437427E-01  1.11929408E-01  9.88366836E-01  2.50000000E-02  2.73855405E-10 -1.26718157E-11 
     324  8.75000000E+01  2.12500000E+02 -9.82525714E-01  1.97089255E+00  9.88366836E-01  2.50000000E-02  3.53264906E-10  1.13126095E-10 
     325  1.12500000E+02  2.12500000E+02  5.51450105E-01  4.36916731E-01  9.88366836E-01  2.50000000E-02  4.39008138E-10 -3.67134223E-11 
     326  1.37500000E+02  2.12500000E+02  9.23851166E-01  6.45156695E-02  9.88366836E-01  2.50000000E-02  2.73046024E-09  1.89185748E-10 
     327  1.62500000E+02  2.12500000E+02  7.21559825E-01  2.66807010E-01  9.88366836E-01  2.50000000E-02  3.27332160E-09  2.40553829E-09 
     328  1.87500000E+02  2.12500000E+02 -5.98162436E-01  1.58652927E+00  9.88366835E-01  2.50000000E-02  2.01433756E-09  1.39115859E-10 
     329  2.12500000E+02  2.12500000E+02 -2.67355377E-01  1.25572221E+00  9.88366836E-01  2.50000000E-02  2.44439485E-09 -1.06496294E-09 
     330  2.37500000E+02  2.12500000E+02  9.29246853E-01  5.91199798E-02  9.88366833E-01  2.50000000E-02  7.72181894E-08 -5.70004245E-09 
     331  2.62500000E+02  2.12500000E+02 -5.41489150E-01  1.52985599E+00  9.88366836E-01  2.50000000E-02  1.54967404E-07 -1.57334686E-09 
     332  2.87500000E+02  2.12500000E+02  9.61606288E-01  2.67605492E-02  9.88366838E-01  2.50000000E-02  8.55957921E-08  1.03010123E-09 
     333  3.12500000E+02  2.12500000E+02 -9.96976256E-01  1.98534309E+00  9.88366836E-01  2.50000000E-02  7.45905779E-09  1.03911799E-09 
     334  3.37500000E+02  2.12500000E+02  7.03037147E-01  2.85329689E-01  9.88366836E-01  2.50000000E-02  4.36601845E-09 -1.06781155E-09 
     335  3.62500000E+02  2.12500000E+02 -9.91669405E-01  1.98003624E+00  9.88366836E-01  2.50000000E-02  6.37416454E-10  2.45921740E-10 
     336  3.87500000E+02  2.12500000E+02 -7.82311094E-01  1.77067793E+00  9.88366836E-01  2.50000000E-02  4.86920583E-10  9.56489800E-11 
     337  4.12500000E+02  2.12500000E+02  6.48352156E-01  3.40014679E-01  9.88366836E-01  2.50000000E-02  6.68467462E-10  8.23436332E-10 
     338  4.37500000E+02  2.12500000E+02  6.96944532E-01  2.91422304E-01  9.88366836E-01  2.50000000E-02  4.44843175E-10  3.04257987E-10 
     339  4.62500000E+02  2.12500000E+02 -8.76132359E-01  1.86449919E+00  9.88366836E-01  2.50000000E-02  9.48222581E-11  5.53764903E-12 
     340  4.87500000E+02  2.12500000E+02 -5.73095536E-01  1.56146237E+00  9.88366836E-01  2.50000000E-02  6.59042112E-11  3.26114137E-11 
     341  5.12500000E+02  2.12500000E+02 -9.01463864E-01  1.88983070E+00  9.88366836E-01  2.50000000E-02  6.50568020E-11  3.13139667E-11 
     342  5.37500000E+02  2.12500000E+02  7.33343231E-01  2.55023605E-01  9.88366836E-01  2.50000000E-02  1.32636098E-10  2.75061593E-11 
     343  5.62500000E+02  2.12500000E+02 -1.68227038E-01  1.15659387E+00  9.88366836E-01  2.50000000E-02  8.55497012E-11  1.17359914E-10 
     344  5.87500000E+02  2.12500000E+02 -1.82784566E-01  1.17115140E+00  9.88366836E-01  2.50000000E-02  6.99154162E-11  1.59375774E-10 
     345  6.12500000E+02  2.12500000E+02 -7.99218124E-03  9.96359017E-01  9.88366836E-01  2.50000000E-02  5.27831528E-11  7.43770723E-11 
     346  6.37500000E+02  2.12500000E+02  2.75438084E-01  7.12928752E-01  9.88366836E-01  2.50000000E-02  5.51388213E-11 -6.87853760E-12 
     347  6.62500000E+02  2.12500000E+02  9.24385959E-01  6.39808772E-02  9.88366836E-01  2.50000000E-02  8.70571268E-11  3.05625191E-11 
     348  6.87500000E+02  2.12500000E+02 -1.36616828E-01  1.12498366E+00  9.88366836E-01  2.50000000E-02  1.33552407E-11  1.11655252E-10 
     349  7.12500000E+02  2.12500000E+02 -5.19049607E-01  1.50741644E+00  9.88366836E-01  2.50000000E-02  1.45457709E-11  4.71579183E-12 
     350  7.37500000E+02  2.12500000E+02  8.47420159E-01  1.40946677E-01  9.88366836E-01  2.50000000E-02  5.55329901E-11  4.38397518E-11 
     351  7.62500000E+02  2.12500000E+02  9.79561948E-01  8.80488754E-03  9.88366836E-01  2.50000000E-02  1.42880312E-10  7.44014202E-11 
     352  7.87500000E+02  2.12500000E+02  3.08941214E-01  6.79425622E-01  9.88366836E-01  2.50000000E-02  1.42305660E-11 -9.75067679E-12 
     353  8.12500000E+02  2.12500000E+02 -3.97161530E-01  1.38552837E+00  9.88366836E-01  2.50000000E-02  1.00384129E-11  1.02339657E-10 
     354  8.37500000E+02  2.12500000E+02  7.58434357E-01  2.29932479E-01  9.88366836E-01  2.50000000E-02 -9.83681031E-12  6.15422585E-11 
     355  8.62500000E+02  2.12500000E+02 -5.78647185E-01  1.56701402E+00  9.88366836E-01  2.50000000E-02 -1.44503465E-11  2.29294440E-11 
     356  8.87500000E+02  2.12500000E+02  4.66734109E-02  9.41693425E-01  9.88366836E-01  2.50000000E-02 -1.58101985E-11  6.56771320E-11 
     357  9.12500000E+02  2.12500000E+02  8.68719284E-01  1.19647552E-01  9.88366836E-01  2.50000000E-02 -2.81812068E-11  4.63537580E-11 
     358  9.37500000E+02  2.12500000E+02 -2.26269460E-01  1.21463630E+00  9.88366836E-01  2.50000000E-02  4.11840371E-12  1.12870399E-11 
     359  9.62500000E+02  2.12500000E+02 -7.63339254E-01  1.75170609E+00  9.88366836E-01  2.50000000E-02  5.15508784E-12  2.64290957E-11 
     360  9.87500000E+02  2.12500000E+02  9.44908009E-01  4.34588271E-02  9.88366836E-01  2.50000000E-02  1.38850842E-11  5.91904094E-11 
     361  1.25000000E+01  2.37500000E+02  3.55041820E-01  6.33325016E-01  9.88366836E-01  2.50000000E-02  3.82311993E-12  4.57911024E-11 
     362  3.75000000E+01  2.37500000E+02  3.41509921E-01  6.46856915E-01  9.88366836E-01  2.50000000E-02  1.44341467E-11  3.19411072E-11 
     363  6.25000000E+01  2.37500000E+02 -5.68093173E-01  1.55646001E+00  9.88366836E-01  2.50000000E-02  2.38044980E-11 -4.97143520E-11 
     364  8.75000000E+01  2.37500000E+02  2.68487339E-01  7.19879496E-01  9.88366836E-01  2.50000000E-02  3.10529247E-11  3.88859535E-11 
     365  1.12500000E+02  2.37500000E+02 -7.27306446E-01  1.71567328E+00  9.88366836E-01  2.50000000E-02  4.14515654E-11 -1.92503565E-11 
     366  1.37500000E+02  2.37500000E+02  5.67759217E-01  4.20607618E-01  9.88366836E-01  2.50000000E-02  5.40530029E-11 -2.89629959E-10 
     367  1.62500000E+02  2.37500000E+02  9.79894557E-01  8.47227869E-03  9.88366836E-01  2.50000000E-02  2.42281291E-10 -7.10389184E-10 
     368  1.87500000E+02  2.37500000E+02  1.12566056E-02  9.77110230E-01  9.88366836E-01  2.50000000E-02 -3.10595385E-10 -5.40165779E-10 
     369  2.12500000E+02  2.37500000E+02  1.03523423E-01  8.84843413E-01  9.88366836E-01  2.50000000E-02 -4.07857290E-10 -1.05198790E-09 
     370  2.37500000E+02  2.37500000E+02  3.41537357E-01  6.46829479E-01  9.88366836E-01  2.50000000E-02 -7.45091866E-10 -1.35536912E-08 
     371  2.62500000E+02  2.37500000E+02  3.30516002E-01  6.57850834E-01  9.88366836E-01  2.50000000E-02 -9.42418256E-10 -1.86970449E-10 
     372  2.87500000E+02  2.37500000E+02  4.31850495E-01  5.56516340E-01  9.88366836E-01  2.50000000E-02 -8.37033394E-10  9.71097018E-10 
     373  3.12500000E+02  2.37500000E+02  3.44948787E-01  6.43418049E-01  9.88366836E-01  2.50000000E-02 -7.40954544E-10  1.31110092E-09 
     374  3.37500000E+02  2.37500000E+02  8.99211308E-01  8.91555277E-02  9.88366836E-01  2.50000000E-02 -7.84443129E-10  1.30364707E-09 
     375  3.62500000E+02  2.37500000E+02 -2.08322164E-01  1.19668900E+00  9.88366836E-01  2.50000000E-02 -6.68470813E-11  3.08500324E-10 
     376  3.87500000E+02  2.37500000E+02  1.34885945E-01  8.53480891E-01  9.88366836E-01  2.50000000E-02 -7.63747546E-11  4.91724025E-10 
     377  4.12500000E+02  2.37500000E+02  6.77860891E-01  3.10505945E-01  9.88366836E-01  2.50000000E-02 -9.97029768E-11  7.45364900E-10 
     378  4.37500000E+02  2.37500000E+02  5.42106827E-01  4.46260009E-01  9.88366836E-01  2.50000000E-02  1.02031505E-10  4.12665075E-10 
     379  4.62500000E+02  2.37500000E+02  5.81020619E-01  4.07346217E-01  9.88366836E-01  2.50000000E-02  2.14732331E-10  2.38456253E-11 
     380  4.87500000E+02  2.37500000E+02  8.48891551E-01  1.39475285E-01  9.88366836E-01  2.50000000E-02  2.96281985E-10  3.04731404E-10 
     381  5.12500000E+02  2.37500000E+02  6.13149962E-01  3.75216874E-01  9.88366836E-01  2.50000000E-02  1.79671644E-10  2.07355067E-10 
     382  5.37500000E+02  2.37500000E+02  7.83830333E-01  2.04536502E-01  9.88366836E-01  2.50000000E-02  1.41365923E-10  1.16582740E-10 
     383  5.62500000E+02  2.37500000E+02  9.08825902E-01  7.95409337E-02  9.88366836E-01  2.50000000E-02  1.03126985E-10  2.39488261E-10 
     384  5.87500000E+02  2.37500000E+02 -1.34468632E-01  1.12283547E+00  9.88366836E-01  2.50000000E-02  3.71562391E-11  2.02762966E-10 
     385  6.12500000E+02  2.37500000E+02  3.34650640E-01  6.53716196E-01  9.88366836E-01  2.50000000E-02  3.21243333E-11  1.13102362E-10 
     386  6.37500000E+02  2.37500000E+02  4.15609584E-01  5.72757251E-01  9.88366836E-01  2.50000000E-02  2.78508702E-11  1.98920595E-11 
     387  6.62500000E+02  2.37500000E+02 -9.77713809E-01  1.96608064E+00  9.88366836E-01  2.50000000E-02 -1.50400610E-12  1.83710502E-11 
     388  6.87500000E+02  2.37500000E+02 -1.11305828E-01  1.09967266E+00  9.88366836E-01  2.50000000E-02 -9.28598310E-12  1.02109620E-10 
     389  7.12500000E+02  2.37500000E+02  8.58179792E-01  1.30187044E-01  9.88366836E-01  2.50000000E-02  7.55835767E-11  7.52983049E-11 
     390  7.37500000E+02  2.37500000E+02  4.32972426E-01  5.55394409E-01  9.88366836E-01  2.50000000E-02  8.23340302E-11  3.61337513E-11 
     391  7.62500000E+02  2.37500000E+02  9.65989899E-01  2.23769364E-02  9.88366836E-01  2.50000000E-02  3.76329983E-11  4.72780882E-11 
     392  7.87500000E+02  2.37500000E+02  1.24913734E-01  8.63453102E-01  9.88366836E-01  2.50000000E-02 -1.16298756E-12 -8.32355312E-12 
     393  8.12500000E+02  2.37500000E+02 -2.80744632E-01  1.26911147E+00  9.88366836E-01  2.50000000E-02  9.08411753E-12  1.01702923E-10 
     394  8.37500000E+02  2.37500000E+02 -2.61851218E-01  1.25021805E+00  9.88366836E-01  2.50000000E-02  6.05835379E-12  3.28712288E-11 
     395  8.62500000E+02  2.37500000E+02 -7.91797223E-01  1.78016406E+00  9.88366836E-01  2.50000000E-02  9.28753858E-13  2.29896594E-11 
     396  8.87500000E+02  2.37500000E+02 -5.79944574E-01  1.56831141E+00  9.88366836E-01  2.50000000E-02  8.89570344E-12  6.32614670E-11 
     397  9.12500000E+02  2.37500000E+02 -3.91335675E-01  1.37970251E+00  9.88366836E-01  2.50000000E-02  1.53464422E-11  2.01919660E-11 
     398  9.37500000E+02  2.37500000E+02  9.45837524E-01  4.25293120E-02  9.88366836E-01  2.50000000E-02  2.58693504E-11  8.71327317E-11 
     399  9.62500000E+02  2.37500000E+02  3.37232494E-01  6.51134342E-01  9.88366836E-01  2.50000000E-02  7.46005512E-12  4.32888719E-11 
     400  9.87500000E+02  2.37500000E+02  1.21210509E-01  8.67156326E-01  9.88366836E-01  2.50000000E-02  2.82539358E-12  8.98769714E-12 
     401  1.25000000E+01  2.62500000E+02 -9.34840164E-01  1.92320700E+00  9.88366836E-01  2.50000000E-02  5.18042772E-12  4.06975131E-11 
     402  3.75000000E+01  2.62500000E+02 -9.55515730E-01  1.94388257E+00  9.88366836E-01  2.50000000E-02  1.25233156E-11  1.28975936E-11 
     403  6.25000000E+01  2.62500000E+02  6.26565141E-01  3.61801695E-01  9.88366836E-01  2.50000000E-02  4.75582484E-11 -5.21941176E-11 
     404  8.75000000E+01  2.62500000E+02 -7.22820953E-01  1.71118779E+00  9.88366836E-01  2.50000000E-02  9.50447232E-11  3.32880900E-11 
     405  1.12500000E+02  2.62500000E+02  7.85906675E-01  2.02460160E-01  9.88366836E-01  2.50000000E-02  2.42837916E-10 -3.52752750E-11 
     406  1.37500000E+02  2.62500000E+02  8.95852159E-01  9.25146762E-02  9.88366836E-01  2.50000000E-02  4.68003381E-10 -1.89515143E-10 
     407  1.62500000E+02  2.62500000E+02 -5.06916641E-01  1.49528348E+00  9.88366836E-01  2.50000000E-02  3.89751014E-10 -3.61370955E-10 
     408  1.87500000E+02  2.62500000E+02 -5.87829816E-01  1.57619665E+00  9.88366836E-01  2.50000000E-02  3.93532569E-10 -2.68923230E-10 
     409  2.12500000E+02  2.62500000E+02 -1.34708598E-01  1.12307543E+00  9.88366836E-01  2.50000000E-02  4.45315316E-10 -8.16193633E-10 
     410  2.37500000E+02  2.62500000E+02  8.47734741E-01  1.40632094E-01  9.88366835E-01  2.50000000E-02 -4.60218502E-10 -7.58203553E-09 
     411  2.62500000E+02  2.62500000E+02  4.76887218E-01  5.11479618E-01  9.88366836E-01  2.50000000E-02 -1.02778655E-09 -1.81122032E-10 
     412  2.87500000E+02  2.62500000E+02  2.00159583E-01  7.88207253E-01  9.88366836E-01  2.50000000E-02 -6.30219494E-10  6.01780398E-10 
     413  3.12500000E+02  2.62500000E+02 -4.78297783E-01  1.46666462E+00  9.88366836E-01  2.50000000E-02 -4.70553092E-10  9.84608070E-10 
     414  3.37500000E+02  2.62500000E+02  3.56056858E-01  6.32309978E-01  9.88366836E-01  2.50000000E-02 -3.45321987E-10  6.81783745E-11 
     415  3.62500000E+02  2.62500000E+02 -4.05332105E-01  1.39369894E+00  9.88366836E-01  2.50000000E-02 -6.35619637E-11  3.25823977E-10 
     416  3.87500000E+02  2.62500000E+02 -3.03954547E-01  1.29232138E+00  9.88366836E-01  2.50000000E-02 -8.79762999E-12  4.16246321E-10 
     417  4.12500000E+02  2.62500000E+02 -8.01330835E-01  1.78969767E+00  9.88366836E-01  2.50000000E-02 -3.37701176E-11  3.36440253E-10 
     418  4.37500000E+02  2.62500000E+02  9.54547333E-01  3.38195024E-02  9.88366836E-01  2.50000000E-02 -2.39281594E-10  7.75998693E-10 
     419  4.62500000E+02  2.62500000E+02  8.90316133E-01  9.80507030E-02  9.88366836E-01  2.50000000E-02 -7.66814665E-11  2.70341355E-10 
     420  4.87500000E+02  2.62500000E+02  7.08974002E-01  2.79392834E-01  9.88366836E-01  2.50000000E-02 -1.37701229E-10  3.20156968E-10 
     421  5.12500000E+02  2.62500000E+02  6.65835253E-01  3.22531582E-01  9.88366836E-01  2.50000000E-02 -1.02148754E-10  2.64660286E-10 
     422  5.37500000E+02  2.62500000E+02 -7.56810450E-01  1.74517729E+00  9.88366836E-01  2.50000000E-02 -1.29951551E-11  1.86434312E-10 
     423  5.62500000E+02  2.62500000E+02  2.22872355E-01  7.65494481E-01  9.88366836E-01  2.50000000E-02 -3.38739527E-11  1.48471926E-10 
     424  5.87500000E+02  2.62500000E+02  1.94286672E-01  7.94080164E-01  9.88366836E-01  2.50000000E-02 -7.93319946E-11  2.42983565E-10 
     425  6.12500000E+02  2.62500000E+02  3.02195158E-01  6.86171677E-01  9.88366836E-01  2.50000000E-02 -8.99572603E-11  1.12584305E-10 
     426  6.37500000E+02  2.62500000E+02 -1.01702793E-01  1.09006963E+00  9.88366836E-01  2.50000000E-02 -6.53786744E-11  2.47861778E-11 
     427  6.62500000E+02  2.62500000E+02 -8.44736268E-01  1.83310310E+00  9.88366836E-01  2.50000000E-02 -6.07843770E-11  2.31947825E-11 
     428  6.87500000E+02  2.62500000E+02 -1.13311707E-02  9.99698006E-01  9.88366836E-01  2.50000000E-02 -5.71628476E-11  9.86375308E-11 
     429  7.12500000E+02  2.62500000E+02  6.77916363E-01  3.10450473E-01  9.88366836E-01  2.50000000E-02  3.05961049E-12  6.06550253E-11 
     430  7.37500000E+02  2.62500000E+02 -5.21512721E-01  1.50987956E+00  9.88366836E-01  2.50000000E-02  1.44226952E-13  3.20201226E-11 
     431  7.62500000E+02  2.62500000E+02  4.69066451E-01  5.19300385E-01  9.88366836E-01  2.50000000E-02 -2.61892022E-12  1.55961359E-11 
     432  7.87500000E+02  2.62500000E+02 -8.56823764E-01  1.84519060E+00  9.88366836E-01  2.50000000E-02 -8.91891580E-12 -6.62671340E-12 
     433  8.12500000E+02  2.62500000E+02  8.59767371E-02  9.02390099E-01  9.88366836E-01  2.50000000E-02 -1.04219052E-11  1.11662271E-10 
     434  8.37500000E+02  2.62500000E+02 -1.82638404E-01  1.17100524E+00  9.88366836E-01  2.50000000E-02 -1.32269552E-11  3.18814540E-11 
     435  8.62500000E+02  2.62500000E+02  2.06930704E-01  7.81436132E-01  9.88366836E-01  2.50000000E-02 -1.22680912E-11  3.18772059E-11 
     436  8.87500000E+02  2.62500000E+02  4.00383273E-01  5.87983562E-01  9.88366836E-01  2.50000000E-02 -9.42499428E-13  6.46430885E-11 
     437  9.12500000E+02  2.62500000E+02 -2.58413072E-01  1.24677991E+00  9.88366836E-01  2.50000000E-02  1.10782111E-11  2.02205001E-11 
     438  9.37500000E+02  2.62500000E+02 -7.37106387E-01  1.72547322E+00  9.88366836E-01  2.50000000E-02  3.39629562E-12  3.37712777E-11 
     439  9.62500000E+02  2.62500000E+02 -8.13081408E-01  1.80144824E+00  9.88366836E-01  2.50000000E-02  4.69606410E-13  4.40222007E-11 
     440  9.87500000E+02  2.62500000E+02 -5.16564687E-01  1.50493152E+00  9.88366836E-01  2.50000000E-02  2.25335550E-12  9.03205480E-12 
     441  1.25000000E+01  2.87500000E+02  8.33477417E-01  1.54889419E-01  9.88366836E-01  2.50000000E-02  6.27017704E-12  3.05550465E-11 
     442  3.75000000E+01  2.87500000E+02 -9.98707575E-01  1.98707441E+00  9.88366836E-01  2.50000000E-02  7.49119504E-12  9.31601859E-12 
     443  6.25000000E+01  2.87500000E+02 -3.28974606E-01  1.31734144E+00  9.88366836E-01  2.50000000E-02  1.04435187E-11 -4.56289492E-11 
     444  8.75000000E+01  2.87500000E+02  7.84918661E-01  2.03448174E-01  9.88366836E-01  2.50000000E-02  9.05082853E-11  3.05772657E-12 
     445  1.12500000E+02  2.87500000E+02 -9.03909283E-02  1.07875776E+00  9.88366836E-01  2.50000000E-02  1.23116369E-10 -9.18580804E-11 
     446  1.37500000E+02  2.87500000E+02  4.75391453E-02  9.40827690E-01  9.88366836E-01  2.50000000E-02  1.25563980E-10 -1.16747638E-10 
     447  1.62500000E+02  2.87500000E+02 -8.47335720E-01  1.83570256E+00  9.88366836E-01  2.50000000E-02  1.55254693E-12 -3.97294167E-10 
     448  1.87500000E+02  2.87500000E+02 -4.00822679E-01  1.38918951E+00  9.88366836E-01  2.50000000E-02 -1.70379357E-10 -1.93710711E-10 
     449  2.12500000E+02  2.87500000E+02  2.14785155E-02  9.66888320E-01  9.88366836E-01  2.50000000E-02 -5.73079144E-10 -6.77806732E-10 
     450  2.37500000E+02  2.87500000E+02 -5.47241463E-01  1.53560830E+00  9.88366836E-01  2.50000000E-02 -6.89947769E-10 -6.64139009E-10 
     451  2.62500000E+02  2.87500000E+02 -2.74508318E-01  1.26287515E+00  9.88366836E-01  2.50000000E-02 -6.71849319E-10 -1.62791284E-10 
     452  2.87500000E+02  2.87500000E+02  1.64184089E-01  8.24182747E-01  9.88366836E-01  2.50000000E-02 -7.60866708E-10  3.76769683E-10 
     453  3.12500000E+02  2.87500000E+02  3.72539936E-01  6.15826899E-01  9.88366836E-01  2.50000000E-02 -6.70880408E-10  8.11861843E-10 
     454  3.37500000E+02  2.87500000E+02 -6.12205178E-01  1.60057201E+00  9.88366836E-01  2.50000000E-02 -6.31471475E-10 -2.99598627E-11 
     455  3.62500000E+02  2.87500000E+02  5.38933411E-01  4.49433424E-01  9.88366836E-01  2.50000000E-02 -5.82876023E-10  3.06841849E-10 
     456  3.87500000E+02  2.87500000E+02 -6.94758963E-01  1.68312580E+00  9.88366836E-01  2.50000000E-02 -4.03162316E-10  3.77196204E-10 
     457  4.12500000E+02  2.87500000E+02  2.53964569E-01  7.34402267E-01  9.88366836E-01  2.50000000E-02 -2.28713343E-10  2.41981347E-10 
     458  4.37500000E+02  2.87500000E+02 -4.05095158E-01  1.39346199E+00  9.88366836E-01  2.50000000E-02 -1.15803063E-10  1.67370758E-11 
     459  4.62500000E+02  2.87500000E+02  4.50713467E-01  5.37653369E-01  9.88366836E-01  2.50000000E-02 -1.11491625E-10  3.96927366E-11 
     460  4.87500000E+02  2.87500000E+02  4.34032856E-01  5.54333980E-01  9.88366836E-01  2.50000000E-02 -1.11189323E-10  1.62644682E-10 
     461  5.12500000E+02  2.87500000E+02  8.53116490E-01  1.35250346E-01  9.88366836E-01  2.50000000E-02 -2.26675313E-10  3.11754326E-10 
     462  5.37500000E+02  2.87500000E+02  9.51742552E-01  3.66242839E-02  9.88366836E-01  2.50000000E-02 -2.12442401E-10  2.57974717E-10 
     463  5.62500000E+02  2.87500000E+02  4.66086404E-01  5.22280432E-01  9.88366836E-01  2.50000000E-02 -6.48417295E-12  1.37530581E-10 
     464  5.87500000E+02  2.87500000E+02 -6.44614476E-01  1.63298131E+00  9.88366836E-01  2.50000000E-02 -4.57527344E-12  2.35960777E-10 
     465  6.12500000E+02  2.87500000E+02 -3.96191500E-01  1.38455834E+00  9.88366836E-01  2.50000000E-02 -4.91555864E-12  6.44285977E-11 
     466  6.37500000E+02  2.87500000E+02  9.33081605E-01  5.52852305E-02  9.88366836E-01  2.50000000E-02 -3.44962509E-11  1.84378847E-10 
     467  6.62500000E+02  2.87500000E+02 -3.17314769E-01  1.30568160E+00  9.88366836E-01  2.50000000E-02  5.76356033E-12  2.99949813E-11 
     468  6.87500000E+02  2.87500000E+02  7.96572196E-01  1.91794640E-01  9.88366836E-01  2.50000000E-02  3.09479539E-11  1.14739741E-10 
     469  7.12500000E+02  2.87500000E+02  8.09256149E-01  1.79110686E-01  9.88366836E-01  2.50000000E-02  4.95399188E-11  5.69583754E-11 
     470  7.37500000E+02  2.87500000E+02  4.17497295E-01  5.70869541E-01  9.88366836E-01  2.50000000E-02  4.12216972E-11  3.14207793E-11 
     471  7.62500000E+02  2.87500000E+02  7.71770057E-01  2.16596779E-01  9.88366836E-01  2.50000000E-02  3.78450700E-11  2.54603928E-11 
     472  7.87500000E+02  2.87500000E+02  9.31914994E-01  5.64518421E-02  9.88366836E-01  2.50000000E-02  3.06922876E-11  2.24619509E-11 
     473  8.12500000E+02  2.87500000E+02 -3.74138657E-01  1.36250549E+00  9.88366836E-01  2.50000000E-02  2.07816396E-11  1.15445147E-10 
     474  8.37500000E+02  2.87500000E+02 -8.49988818E-01  1.83835565E+00  9.88366836E-01  2.50000000E-02  2.21174137E-11  4.29216611E-11 
     475  8.62500000E+02  2.87500000E+02  7.00082609E-01  2.88284227E-01  9.88366836E-01  2.50000000E-02  3.32703822E-11  4.44668720E-11 
     476  8.87500000E+02  2.87500000E+02 -9.10670425E-01  1.89903726E+00  9.88366836E-01  2.50000000E-02  4.98065796E-11  6.40172152E-11 
     477  9.12500000E+02  2.87500000E+02  6.07538114E-01  3.80828722E-01  9.88366836E-01  2.50000000E-02  5.93073498E-11  2.45667037E-11 
     478  9.37500000E+02  2.87500000E+02  2.30521661E-01  7.57845175E-01  9.88366836E-01  2.50000000E-02  5.14562192E-11  4.13603527E-11 
     479  9.62500000E+02  2.87500000E+02  7.48881598E-01  2.39485238E-01  9.88366836E-01  2.50000000E-02  2.55779746E-11  6.92573881E-11 
     480  9.87500000E+02  2.87500000E+02 -4.58150855E-01  1.44651769E+00  9.88366836E-01  2.50000000E-02  9.11660105E-13  1.34433956E-11 
     481  1.25000000E+01  3.12500000E+02  8.89455632E-01  9.89112036E-02  9.88366836E-01  2.50000000E-02  1.90671394E-11  3.14707750E-13 
     482  3.75000000E+01  3.12500000E+02 -6.31376517E-01  1.61974335E+00  9.88366836E-01  2.50000000E-02  3.85318977E-11  4.29293668E-13 
     483  6.25000000E+01  3.12500000E+02  3.05552792E-01  6.82814044E-01  9.88366836E-01  2.50000000E-02  4.05574483E-11 -4.18472297E-11 
     484  8.75000000E+01  3.12500000E+02  1.01249800E-01  8.87117036E-01  9.88366836E-01  2.50000000E-02  5.40932181E-11 -3.50701086E-11 
     485  1.12500000E+02  3.12500000E+02 -6.71278176E-01  1.65964501E+00  9.88366836E-01  2.50000000E-02  7.81569391E-11 -7.06866690E-11 
     486  1.37500000E+02  3.12500000E+02  7.13473855E-01  2.74892981E-01  9.88366836E-01  2.50000000E-02  1.79814473E-10 -1.03526605E-10 
     487  1.62500000E+02  3.12500000E+02  3.81535222E-01  6.06831613E-01  9.88366836E-01  2.50000000E-02  1.81175219E-10 -5.44857799E-10 
     488  1.87500000E+02  3.12500000E+02  9.56451482E-01  3.19153537E-02  9.88366836E-01  2.50000000E-02 -2.17322665E-10 -7.70674106E-10 
     489  2.12500000E+02  3.12500000E+02  7.75383494E-01  2.12983342E-01  9.88366836E-01  2.50000000E-02 -5.10759417E-10 -6.78973142E-10 
     490  2.37500000E+02  3.12500000E+02 -7.42396327E-01  1.73076316E+00  9.88366836E-01  2.50000000E-02 -6.64609804E-10 -5.33905340E-10 
     491  2.62500000E+02  3.12500000E+02  1.02374976E-01  8.85991859E-01  9.88366836E-01  2.50000000E-02 -6.51361533E-10 -2.38893875E-10 
     492  2.87500000E+02  3.12500000E+02 -7.45134914E-01  1.73350175E+00  9.88366836E-01  2.50000000E-02 -3.37305751E-10  2.67387932E-10 
     493  3.12500000E+02  3.12500000E+02 -9.64563739E-01  1.95293057E+00  9.88366836E-01  2.50000000E-02 -1.59169285E-10  7.65179807E-10 
     494  3.37500000E+02  3.12500000E+02 -5.81170204E-01  1.56953704E+00  9.88366836E-01  2.50000000E-02 -8.23569635E-11 -4.66490451E-11 
     495  3.62500000E+02  3.12500000E+02 -7.55561457E-01  1.74392829E+00  9.88366836E-01  2.50000000E-02 -9.48226779E-11  9.31306136E-11 
     496  3.87500000E+02  3.12500000E+02 -3.49295018E-01  1.33766185E+00  9.88366836E-01  2.50000000E-02 -1.00782395E-10  3.29880158E-10 
     497  4.12500000E+02  3.12500000E+02  9.88179630E-01  1.87205916E-04  9.88366836E-01  2.50000000E-02 -3.36169400E-09  6.04509075E-09 
     498  4.37500000E+02  3.12500000E+02  1.76495243E-01  8.11871593E-01  9.88366836E-01  2.50000000E-02 -1.08182691E-10  6.44758308E-11 
     499  4.62500000E+02  3.12500000E+02 -6.12133846E-02  1.04958022E+00  9.88366836E-01  2.50000000E-02 -1.16191992E-10  4.13823522E-11 
     500  4.87500000E+02  3.12500000E+02 -1.10749767E-01  1.09911660E+00  9.88366836E-01  2.50000000E-02 -1.36764976E-10  1.10924878E-10 
     501  5.12500000E+02  3.12500000E+02  1.54185328E-01  8.34181507E-01  9.88366836E-01  2.50000000E-02 -1.47041740E-10  2.57742111E-10 
     502  5.37500000E+02  3.12500000E+02  1.54441631E-03  9.86822419E-01  9.88366836E-01  2.50000000E-02 -1.40853998E-10  3.96556854E-11 
     503  5.62500000E+02  3.12500000E+02 -2.09939076E-01  1.19830591E+00  9.88366836E-01  2.50000000E-02 -1.26980224E-10  1.36608955E-10 
     504  5.87500000E+02  3.12500000E+02  8.37053587E-02  9.04661477E-01  9.88366836E-01  2.50000000E-02 -9.34598740E-11  2.09785176E-10 
     505  6.12500000E+02  3.12500000E+02 -9.84763029E-01  1.97312986E+00  9.88366836E-01  2.50000000E-02 -7.20444935E-11  2.92601826E-11 
     506  6.37500000E+02  3.12500000E+02  4.72295481E-01  5.16071355E-01  9.88366836E-01  2.50000000E-02 -5.89740418E-11  3.58961990E-11 
     507  6.62500000E+02  3.12500000E+02 -6.67066766E-01  1.65543360E+00  9.88366836E-01  2.50000000E-02 -2.39161672E-11  2.04597047E-11 
     508  6.87500000E+02  3.12500000E+02 -4.64834171E-01  1.45320101E+00  9.88366836E-01  2.50000000E-02 -1.54008587E-11  2.13916240E-11 
     509  7.12500000E+02  3.12500000E+02 -2.73507669E-01  1.26187450E+00  9.88366836E-01  2.50000000E-02 -1.84493550E-11  2.02871184E-11 
     510  7.37500000E+02  3.12500000E+02 -9.70003133E-01  1.95836997E+00  9.88366836E-01  2.50000000E-02 -2.41307098E-11  1.07198122E-11 
     511  7.62500000E+02  3.12500000E+02  2.81929733E-01  7.06437103E-01  9.88366836E-01  2.50000000E-02 -3.23106207E-11  1.64325980E-11 
     512  7.87500000E+02  3.12500000E+02  2.41078169E-01  7.47288666E-01  9.88366836E-01  2.50000000E-02 -3.81146643E-11  5.93687139E-12 
     513  8.12500000E+02  3.12500000E+02  3.95770170E-01  5.92596665E-01  9.88366836E-01  2.50000000E-02 -3.92134669E-11  1.17231582E-10 
     514  8.37500000E+02  3.12500000E+02 -6.42047305E-02  1.05257157E+00  9.88366836E-01  2.50000000E-02 -3.53024616E-11  5.05462421E-11 
     515  8.62500000E+02  3.12500000E+02  6.23029571E-01  3.65337264E-01  9.88366836E-01  2.50000000E-02 -3.63887636E-11  3.40432849E-11 
     516  8.87500000E+02  3.12500000E+02  7.02108725E-01  2.86258110E-01  9.88366836E-01  2.50000000E-02 -2.42473736E-11  6.10724719E-11 
     517  9.12500000E+02  3.12500000E+02 -3.55302842E-03  9.91919864E-01  9.88366836E-01  2.50000000E-02 -4.53444385E-12  1.45286383E-11 
     518  9.37500000E+02  3.12500000E+02 -9.62513231E-01  1.95088007E+00  9.88366836E-01  2.50000000E-02 -1.06549474E-12  5.56811695E-11 
     519  9.62500000E+02  3.12500000E+02 -6.76846554E-01  1.66521339E+00  9.88366836E-01  2.50000000E-02  1.23945429E-12  8.11623525E-11 
     520  9.87500000E+02  3.12500000E+02  5.26013183E-01  4.62353653E-01  9.88366836E-01  2.50000000E-02  5.00918124E-12  4.04523689E-11 
     521  1.25000000E+01  3.37500000E+02 -4.61756070E-01  1.45012291E+00  9.88366836E-01  2.50000000E-02  5.20499324E-12 -1.28104623E-11 
     522  3.75000000E+01  3.37500000E+02 -5.57306245E-01  1.54567308E+00  9.88366836E-01  2.50000000E-02  8.49739110E-12 -8.42368098E-12 
     523  6.25000000E+01  3.37500000E+02 -8.43123585E-01  1.83149042E+00  9.88366836E-01  2.50000000E-02  9.33680978E-12 -3.43232417E-11 
     524  8.75000000E+01  3.37500000E+02 -6.36874693E-01  1.62524153E+00  9.88366836E-01  2.50000000E-02  9.80149720E-12 -3.85616402E-11 
     525  1.12500000E+02  3.37500000E+02 -8.62173038E-01  1.85053987E+00  9.88366836E-01  2.50000000E-02 -4.69123902E-12 -6.35235072E-11 
     526  1.37500000E+02  3.37500000E+02 -9.98801574E-01  1.98716841E+00  9.88366836E-01  2.50000000E-02 -8.99922194E-12 -4.30524616E-11 
     527  1.62500000E+02  3.37500000E+02  4.97561888E-01  4.90804948E-01  9.88366836E-01  2.50000000E-02  2.69390083E-11 -5.47142685E-10 
     528  1.87500000E+02  3.37500000E+02  5.55506505E-01  4.32860331E-01  9.88366836E-01  2.50000000E-02  8.43465595E-11 -1.92248779E-10 
     529  2.12500000E+02  3.37500000E+02 -5.14768477E-01  1.50313531E+00  9.88366836E-01  2.50000000E-02  2.11571953E-10 -1.28125766E-10 
     530  2.37500000E+02  3.37500000E+02  4.49690095E-01  5.38676740E-01  9.88366836E-01  2.50000000E-02  2.18478322E-10 -5.50588953E-10 
     531  2.62500000E+02  3.37500000E+02  2.08834336E-01  7.79532500E-01  9.88366836E-01  2.50000000E-02  1.59054393E-10 -3.01681028E-10 
     532  2.87500000E+02  3.37500000E+02  8.80607532E-01  1.07759303E-01  9.88366836E-01  2.50000000E-02 -7.71086288E-11  5.06602454E-10 
     533  3.12500000E+02  3.37500000E+02  7.62143809E-01  2.26223027E-01  9.88366836E-01  2.50000000E-02  9.45457252E-11  7.13881818E-10 
     534  3.37500000E+02  3.37500000E+02  1.91182312E-01  7.97184524E-01  9.88366836E-01  2.50000000E-02  3.01661227E-11 -4.53510062E-11 
     535  3.62500000E+02  3.37500000E+02 -4.39467332E-01  1.42783417E+00  9.88366836E-01  2.50000000E-02  1.86495396E-11  6.75417556E-11 
     536  3.87500000E+02  3.37500000E+02 -6.68779376E-01  1.65714621E+00  9.88366836E-01  2.50000000E-02  2.25161480E-11  2.49560855E-10 
     537  4.12500000E+02  3.37500000E+02 -5.55079330E-01  1.54344617E+00  9.88366836E-01  2.50000000E-02  1.04474493E-11  1.05103039E-10 
     538  4.37500000E+02  3.37500000E+02 -1.77210822E-01  1.16557766E+00  9.88366836E-01  2.50000000E-02 -2.82753350E-11  1.16318858E-10 
     539  4.62500000E+02  3.37500000E+02 -3.32755791E-01  1.32112263E+00  9.88366836E-01  2.50000000E-02 -4.67649415E-11  3.23418882E-11 
     540  4.87500000E+02  3.37500000E+02  4.02397733E-01  5.85969103E-01  9.88366836E-01  2.50000000E-02 -5.38352439E-11  9.19114735E-11 
     541  5.12500000E+02  3.37500000E+02  9.35292297E-01  5.30745392E-02  9.88366836E-01  2.50000000E-02 -1.30388801E-10  2.28567058E-10 
     542  5.37500000E+02  3.37500000E+02  9.15586516E-02  8.96808184E-01  9.88366836E-01  2.50000000E-02 -6.76153476E-11  4.10185888E-11 
     543  5.62500000E+02  3.37500000E+02  8.15716200E-01  1.72650635E-01  9.88366836E-01  2.50000000E-02 -3.65828050E-11  1.16455119E-10 
     544  5.87500000E+02  3.37500000E+02 -5.03468074E-01  1.49183491E+00  9.88366836E-01  2.50000000E-02  5.35950668E-11  1.96485505E-10 
     545  6.12500000E+02  3.37500000E+02 -6.69021962E-01  1.65738880E+00  9.88366836E-01  2.50000000E-02  5.90202908E-11  1.44415269E-11 
     546  6.37500000E+02  3.37500000E+02 -6.42252231E-01  1.63061907E+00  9.88366836E-01  2.50000000E-02  4.73101911E-11  5.12883552E-11 
     547  6.62500000E+02  3.37500000E+02 -9.15931343E-01  1.90429818E+00  9.88366836E-01  2.50000000E-02  4.03979951E-11  1.88093974E-11 
     548  6.87500000E+02  3.37500000E+02 -3.57765820E-02  1.02414342E+00  9.88366836E-01  2.50000000E-02  5.46374359E-11  1.73964419E-11 
     549  7.12500000E+02  3.37500000E+02  1.43321703E-02  9.74034665E-01  9.88366836E-01  2.50000000E-02  5.05232176E-11  2.20063219E-11 
     550  7.37500000E+02  3.37500000E+02 -8.25790495E-01  1.81415733E+00  9.88366836E-01  2.50000000E-02  3.81216050E-11  6.03646187E-12 
     551  7.62500000E+02  3.37500000E+02 -5.13702550E-01  1.50206939E+00  9.88366836E-01  2.50000000E-02  3.43649664E-11  1.63368428E-11 
     552  7.87500000E+02  3.37500000E+02  6.87706151E-02  9.19596221E-01  9.88366836E-01  2.50000000E-02  3.32546406E-11  9.97761589E-12 
     553  8.12500000E+02  3.37500000E+02  1.57189289E-01  8.31177546E-01  9.88366836E-01  2.50000000E-02  2.42684689E-11  9.89413286E-11 
     554  8.37500000E+02  3.37500000E+02 -3.94510543E-01  1.38287738E+00  9.88366836E-01  2.50000000E-02  1.49356001E-11  4.42587567E-11 
     555  8.62500000E+02  3.37500000E+02  3.74971382E-01  6.13395454E-01  9.88366836E-01  2.50000000E-02  1.22830889E-11  2.93890842E-11 
     556  8.87500000E+02  3.37500000E+02 -3.79816420E-01  1.36818326E+00  9.88366836E-01  2.50000000E-02  5.78882434E-12  1.98262759E-11 
     557  9.12500000E+02  3.37500000E+02  1.94168431E-01  7.94198405E-01  9.88366836E-01  2.50000000E-02  4.03314190E-12  1.12002284E-11 
     558  9.37500000E+02  3.37500000E+02  4.57312719E-01  5.31054117E-01  9.88366836E-01  2.50000000E-02  1.28800232E-11  6.80072843E-11 
     559  9.62500000E+02  3.37500000E+02  8.05780058E-01  1.82586778E-01  9.88366836E-01  2.50000000E-02  2.15163139E-11  6.76762210E-11 
     560  9.87500000E+02  3.37500000E+02  3.18677521E-01  6.69689315E-01  9.88366836E-01  2.50000000E-02  3.60569895E-12  4.06518331E-11 
     561  1.25000000E+01  3.62500000E+02 -9.66060666E-01  1.95442750E+00  9.88366836E-01  2.50000000E-02 -6.01365718E-13 -1.48039810E-11 
     562  3.75000000E+01  3.62500000E+02  5.15856432E-01  4.72510404E-01  9.88366836E-01  2.50000000E-02 -9.12125027E-12 -1.31401730E-11 
     563  6.25000000E+01  3.62500000E+02 -3.34530843E-01  1.32289768E+00  9.88366836E-01  2.50000000E-02 -1.95729659E-11 -2.72698869E-11 
     564  8.75000000E+01  3.62500000E+02  3.69791417E-01  6.18575419E-01  9.88366836E-01  2.50000000E-02 -2.72652257E-11 -4.03550541E-11 
     565  1.12500000E+02  3.62500000E+02  3.35961265E-01  6.52405571E-01  9.88366836E-01  2.50000000E-02 -3.90309077E-11 -9.10598858E-11 
     566  1.37500000E+02  3.62500000E+02 -9.76369505E-01  1.96473634E+00  9.88366836E-01  2.50000000E-02 -5.30015591E-11 -4.01991458E-11 
     567  1.62500000E+02  3.62500000E+02 -7.03027348E-01  1.69139418E+00  9.88366836E-01  2.50000000E-02 -6.05216175E-11 -4.91363883E-10 
     568  1.87500000E+02  3.62500000E+02 -3.95054195E-01  1.38342103E+00  9.88366836E-01  2.50000000E-02 -4.58655804E-11 -1.59094141E-10 
     569  2.12500000E+02  3.62500000E+02 -6.06662382E-01  1.59502922E+00  9.88366836E-01  2.50000000E-02 -3.93257587E-11 -1.19941354E-10 
     570  2.37500000E+02  3.62500000E+02  1.31333254E-01  8.57033582E-01  9.88366836E-01  2.50000000E-02 -7.59531955E-11 -4.17606960E-10 
     571  2.62500000E+02  3.62500000E+02  6.78557906E-01  3.09808929E-01  9.88366836E-01  2.50000000E-02 -1.22786720E-10 -3.53867745E-10 
     572  2.87500000E+02  3.62500000E+02  8.98066731E-01  9.03001047E-02  9.88366836E-01  2.50000000E-02 -2.66177551E-10  4.01550615E-10 
     573  3.12500000E+02  3.62500000E+02  6.28986818E-01  3.59380018E-01  9.88366836E-01  2.50000000E-02 -1.25322476E-10  5.29497120E-10 
     574  3.37500000E+02  3.62500000E+02 -5.61567362E-01  1.54993420E+00  9.88366836E-01  2.50000000E-02 -1.09313241E-10  2.00730478E-11 
     575  3.62500000E+02  3.62500000E+02 -2.10584714E-01  1.19895155E+00  9.88366836E-01  2.50000000E-02 -1.17560763E-10  7.61122050E-11 
     576  3.87500000E+02  3.62500000E+02 -6.15901412E-01  1.60426825E+00  9.88366836E-01  2.50000000E-02 -1.10174514E-10  2.33483614E-10 
     577  4.12500000E+02  3.62500000E+02  4.92716108E-01  4.95650728E-01  9.88366836E-01  2.50000000E-02 -5.37603490E-11  1.11192559E-10 
     578  4.37500000E+02  3.62500000E+02 -3.55685850E-01  1.34405269E+00  9.88366836E-01  2.50000000E-02 -3.56368429E-11  1.38421181E-10 
     579  4.62500000E+02  3.62500000E+02 -9.76551710E-01  1.96491855E+00  9.88366836E-01  2.50000000E-02 -1.88250884E-11  2.23426169E-11 
     580  4.87500000E+02  3.62500000E+02 -8.66758993E-01  1.85512583E+00  9.88366836E-01  2.50000000E-02 -1.34984879E-11  5.95359393E-11 
     581  5.12500000E+02  3.62500000E+02  5.96923364E-01  3.91443472E-01  9.88366836E-01  2.50000000E-02 -3.41849604E-11  4.51431431E-11 
     582  5.37500000E+02  3.62500000E+02 -8.49782317E-01  1.83814915E+00  9.88366836E-01  2.50000000E-02 -1.17153052E-11  4.54908027E-11 
     583  5.62500000E+02  3.62500000E+02 -4.39410726E-01  1.42777756E+00  9.88366836E-01  2.50000000E-02 -1.40746401E-11  2.23471003E-11 
     584  5.87500000E+02  3.62500000E+02  5.24814540E-01  4.63552296E-01  9.88366836E-01  2.50000000E-02 -4.95206225E-11  1.73911355E-10 
     585  6.12500000E+02  3.62500000E+02  9.17688554E-01  7.06782816E-02  9.88366836E-01  2.50000000E-02 -5.32037615E-11  8.95491642E-11 
     586  6.37500000E+02  3.62500000E+02 -7.46181453E-02  1.06298498E+00  9.88366836E-01  2.50000000E-02 -4.56872204E-11  7.37292518E-11 
     587  6.62500000E+02  3.62500000E+02  3.43220318E-01  6.45146518E-01  9.88366836E-01  2.50000000E-02 -3.39712197E-11  3.71735888E-11 
     588  6.87500000E+02  3.62500000E+02  4.11170400E-02  9.47249796E-01  9.88366836E-01  2.50000000E-02 -2.02618053E-11  1.98893992E-11 
     589  7.12500000E+02  3.62500000E+02  1.37093551E-01  8.51273285E-01  9.88366836E-01  2.50000000E-02 -1.87085741E-11  3.25431510E-11 
     590  7.37500000E+02  3.62500000E+02 -5.61127821E-01  1.54949466E+00  9.88366836E-01  2.50000000E-02 -1.65030247E-11  8.47629896E-12 
     591  7.62500000E+02  3.62500000E+02 -6.32209528E-01  1.62057636E+00  9.88366836E-01  2.50000000E-02 -1.70302470E-11  1.52789603E-11 
     592  7.87500000E+02  3.62500000E+02  1.59330829E-01  8.29036007E-01  9.88366836E-01  2.50000000E-02 -2.51459905E-11  1.78612925E-11 
     593  8.12500000E+02  3.62500000E+02 -8.43544998E-01  1.83191183E+00  9.88366836E-01  2.50000000E-02 -2.81888985E-11  9.00524597E-11 
     594  8.37500000E+02  3.62500000E+02 -7.98577645E-01  1.78694448E+00  9.88366836E-01  2.50000000E-02 -2.78993490E-11  4.37746180E-11 
     595  8.62500000E+02  3.62500000E+02  8.70439201E-01  1.17927635E-01  9.88366836E-01  2.50000000E-02 -2.85442066E-11  5.83657360E-11 
     596  8.87500000E+02  3.62500000E+02 -5.89937129E-01  1.57830397E+00  9.88366836E-01  2.50000000E-02 -2.85263837E-11  2.00416833E-11 
     597  9.12500000E+02  3.62500000E+02  9.76380787E-01  1.19860486E-02  9.88366836E-01  2.50000000E-02  4.92453829E-11  7.49281895E-11 
     598  9.37500000E+02  3.62500000E+02  3.75203281E-01  6.13163555E-01  9.88366836E-01  2.50000000E-02  8.78412499E-12  6.14995147E-11 
     599  9.62500000E+02  3.62500000E+02  9.65871543E-03  9.78708120E-01  9.88366836E-01  2.50000000E-02  5.56120087E-12  1.60048533E-11 
     600  9.87500000E+02  3.62500000E+02  1.09596903E-01  8.78769933E-01  9.88366836E-01  2.50000000E-02  1.87880869E-12  3.46139727E-11 
     601  1.25000000E+01  3.87500000E+02  1.55109543E-01  8.33257293E-01  9.88366836E-01  2.50000000E-02 -1.86527978E-12 -1.84388843E-11 
     602  3.75000000E+01  3.87500000E+02 -7.71215314E-01  1.75958215E+00  9.88366836E-01  2.50000000E-02 -5.62029442E-12 -1.34517743E-12 
     603  6.25000000E+01  3.87500000E+02 -6.58958607E-01  1.64732544E+00  9.88366836E-01  2.50000000E-02 -1.19568669E-11 -2.05146909E-11 
     604  8.75000000E+01  3.87500000E+02 -5.58975465E-02  1.04426438E+00  9.88366836E-01  2.50000000E-02 -3.36386892E-11 -3.46557447E-11 
     605  1.12500000E+02  3.87500000E+02  5.28193489E-01  4.60173347E-01  9.88366836E-01  2.50000000E-02 -1.01209553E-10 -9.55124893E-11 
     606  1.37500000E+02  3.87500000E+02  6.72831520E-01  3.15535315E-01  9.88366836E-01  2.50000000E-02 -1.84230474E-10 -2.79770448E-11 
     607  1.62500000E+02  3.87500000E+02  4.06350372E-01  5.82016464E-01  9.88366836E-01  2.50000000E-02 -3.49915307E-10 -4.51759887E-10 
     608  1.87500000E+02  3.87500000E+02  3.95698919E-02  9.48796944E-01  9.88366836E-01  2.50000000E-02 -3.38254364E-10 -1.23644410E-10 
     609  2.12500000E+02  3.87500000E+02 -1.17352384E-02  1.00010207E+00  9.88366836E-01  2.50000000E-02 -3.10439636E-10 -1.25064797E-10 
     610  2.37500000E+02  3.87500000E+02 -5.69130758E-01  1.55749759E+00  9.88366836E-01  2.50000000E-02 -3.12054592E-10 -3.09576486E-10 
     611  2.62500000E+02  3.87500000E+02  3.82325208E-01  6.06041628E-01  9.88366836E-01  2.50000000E-02 -3.22442488E-10 -3.54673614E-10 
     612  2.87500000E+02  3.87500000E+02  8.00741049E-01  1.87625787E-01  9.88366836E-01  2.50000000E-02 -3.90097690E-10  1.51454946E-10 
     613  3.12500000E+02  3.87500000E+02 -4.36175349E-01  1.42454218E+00  9.88366836E-01  2.50000000E-02 -3.50351713E-10  3.34060827E-10 
     614  3.37500000E+02  3.87500000E+02 -1.47161939E-02  1.00308303E+00  9.88366836E-01  2.50000000E-02 -3.37248668E-10  6.37034771E-11 
     615  3.62500000E+02  3.87500000E+02 -7.06845146E-01  1.69521198E+00  9.88366836E-01  2.50000000E-02 -3.26791667E-10  6.20299242E-11 
     616  3.87500000E+02  3.87500000E+02  4.85538138E-02  9.39813022E-01  9.88366836E-01  2.50000000E-02 -2.64794325E-10  2.56112042E-10 
     617  4.12500000E+02  3.87500000E+02 -7.71735505E-01  1.76010234E+00  9.88366836E-01  2.50000000E-02 -2.01757757E-10  1.06721234E-10 
     618  4.37500000E+02  3.87500000E+02  1.87056193E-01  8.01310643E-01  9.88366836E-01  2.50000000E-02 -2.01298529E-10  1.69486192E-10 
     619  4.62500000E+02  3.87500000E+02  8.80330275E-01  1.08036561E-01  9.88366836E-01  2.50000000E-02 -2.15666032E-10  6.19371925E-11 
     620  4.87500000E+02  3.87500000E+02  3.42345162E-01  6.46021674E-01  9.88366836E-01  2.50000000E-02 -5.88552995E-11  5.56024170E-11 
     621  5.12500000E+02  3.87500000E+02 -8.72640495E-01  1.86100733E+00  9.88366836E-01  2.50000000E-02 -6.08077144E-11  2.32199937E-11 
     622  5.37500000E+02  3.87500000E+02  2.94931678E-01  6.93435158E-01  9.88366836E-01  2.50000000E-02 -4.88903408E-11  4.86165461E-11 
     623  5.62500000E+02  3.87500000E+02 -6.37404482E-01  1.62577132E+00  9.88366836E-01  2.50000000E-02 -1.20298281E-11  2.18117651E-11 
     624  5.87500000E+02  3.87500000E+02 -4.38549149E-01  1.42691598E+00  9.88366836E-01  2.50000000E-02 -9.12752088E-12  9.02204603E-11 
     625  6.12500000E+02  3.87500000E+02  3.51708111E-01  6.36658725E-01  9.88366836E-01  2.50000000E-02 -2.09337853E-11  2.01568406E-11 
     626  6.37500000E+02  3.87500000E+02  6.49206713E-02  9.23446164E-01  9.88366836E-01  2.50000000E-02 -2.64667670E-11  8.67055984E-11 
     627  6.62500000E+02  3.87500000E+02  9.18175539E-01  7.01912965E-02  9.88366836E-01  2.50000000E-02 -6.25627612E-11  1.04135017E-10 
     628  6.87500000E+02  3.87500000E+02 -9.20605568E-01  1.90897240E+00  9.88366836E-01  2.50000000E-02  7.84313654E-12  2.22693302E-11 
     629  7.12500000E+02  3.87500000E+02  4.03094956E-01  5.85271879E-01  9.88366836E-01  2.50000000E-02  9.01151592E-12  5.00335770E-11 
     630  7.37500000E+02  3.87500000E+02  1.94257328E-01  7.94109507E-01  9.88366836E-01  2.50000000E-02  1.02762428E-12  2.25897019E-11 
     631  7.62500000E+02  3.87500000E+02 -4.74625661E-01  1.46299250E+00  9.88366836E-01  2.50000000E-02  1.14287149E-12  1.53028335E-11 
     632  7.87500000E+02  3.87500000E+02 -3.33009062E-01  1.32137590E+00  9.88366836E-01  2.50000000E-02  2.81086299E-12  2.88865938E-11 
     633  8.12500000E+02  3.87500000E+02 -1.39707627E-01  1.12807446E+00  9.88366836E-01  2.50000000E-02  3.77508186E-12  8.81856825E-11 
     634  8.37500000E+02  3.87500000E+02  8.25223234E-01  1.63143601E-01  9.88366836E-01  2.50000000E-02  2.88408483E-11  8.32412082E-11 
     635  8.62500000E+02  3.87500000E+02  9.51776039E-01  3.65907970E-02  9.88366836E-01  2.50000000E-02  2.59665533E-11  1.28422693E-10 
     636  8.87500000E+02  3.87500000E+02  3.19834321E-01  6.68532514E-01  9.88366836E-01  2.50000000E-02  2.22129756E-11  2.70716636E-11 
     637  9.12500000E+02  3.87500000E+02  8.76020387E-01  1.12346448E-01  9.88366836E-01  2.50000000E-02  1.58824618E-11  1.41092783E-11 
     638  9.37500000E+02  3.87500000E+02 -3.08319958E-01  1.29668679E+00  9.88366836E-01  2.50000000E-02 -1.13156750E-11  4.15073401E-11 
     639  9.62500000E+02  3.87500000E+02 -6.58719114E-01  1.64708595E+00  9.88366836E-01  2.50000000E-02 -8.41108130E-12  1.29461095E-11 
     640  9.87500000E+02  3.87500000E+02 -2.55844584E-01  1.24421142E+00  9.88366836E-01  2.50000000E-02 -2.37433444E-12  3.23866362E-11 
     641  1.25000000E+01  4.12500000E+02 -1.14667748E-01  1.10303458E+00  9.88366836E-01  2.50000000E-02  1.90299144E-12 -1.73419894E-11 
     642  3.75000000E+01  4.12500000E+02 -1.19798821E-01  1.10816566E+00  9.88366836E-01  2.50000000E-02  4.15973438E-12  8.94563115E-13 
     643  6.25000000E+01  4.12500000E+02 -1.99528805E-01  1.18789564E+00  9.88366836E-01  2.50000000E-02 -2.93574135E-12 -1.61184897E-11 
     644  8.75000000E+01  4.12500000E+02  4.43166795E-01  5.45200041E-01  9.88366836E-01  2.50000000E-02 -3.69830376E-11 -2.46415863E-11 
     645  1.12500000E+02  4.12500000E+02  6.67500279E-01  3.20866556E-01  9.88366836E-01  2.50000000E-02 -9.13945165E-11 -8.48580125E-11 
     646  1.37500000E+02  4.12500000E+02  6.79524660E-01  3.08842176E-01  9.88366836E-01  2.50000000E-02 -1.43538231E-10 -1.71741148E-12 
     647  1.62500000E+02  4.12500000E+02  7.83519136E-01  2.04847700E-01  9.88366836E-01  2.50000000E-02 -2.62214881E-10 -3.85619387E-10 
     648  1.87500000E+02  4.12500000E+02  5.42671422E-02  9.34099694E-01  9.88366836E-01  2.50000000E-02 -2.12213992E-10 -3.31376113E-11 
     649  2.12500000E+02  4.12500000E+02 -9.57887589E-02  1.08415559E+00  9.88366836E-01  2.50000000E-02 -2.24662108E-10 -7.00448233E-11 
     650  2.37500000E+02  4.12500000E+02 -7.04305250E-01  1.69267209E+00  9.88366836E-01  2.50000000E-02 -2.54826108E-10 -2.31979573E-10 
     651  2.62500000E+02  4.12500000E+02 -5.88823646E-01  1.57719048E+00  9.88366836E-01  2.50000000E-02 -2.92187702E-10 -3.24680598E-10 
     652  2.87500000E+02  4.12500000E+02 -5.23053373E-01  1.51142021E+00  9.88366836E-01  2.50000000E-02 -3.33055354E-10  2.91472831E-11 
     653  3.12500000E+02  4.12500000E+02 -8.25401872E-01  1.81376871E+00  9.88366836E-01  2.50000000E-02 -3.34595624E-10  3.18421814E-10 
     654  3.37500000E+02  4.12500000E+02  5.25067566E-01  4.63299270E-01  9.88366836E-01  2.50000000E-02 -3.01701341E-10  7.87929424E-11 
     655  3.62500000E+02  4.12500000E+02 -7.83024329E-01  1.77139117E+00  9.88366836E-01  2.50000000E-02 -2.81062727E-10  4.90766942E-11 
     656  3.87500000E+02  4.12500000E+02  5.73640254E-01  4.14726581E-01  9.88366836E-01  2.50000000E-02 -2.26223605E-10  2.33986579E-10 
     657  4.12500000E+02  4.12500000E+02  6.58338337E-01  3.30028498E-01  9.88366836E-01  2.50000000E-02 -2.03533974E-10  3.59035159E-11 
     658  4.37500000E+02  4.12500000E+02  8.36372757E-01  1.51994078E-01  9.88366836E-01  2.50000000E-02 -1.80433466E-10  2.71234964E-12 
     659  4.62500000E+02  4.12500000E+02 -5.76557963E-01  1.56492480E+00  9.88366836E-01  2.50000000E-02 -2.66350666E-11  8.47268307E-11 
     660  4.87500000E+02  4.12500000E+02 -5.98355215E-01  1.58672205E+00  9.88366836E-01  2.50000000E-02 -1.98801182E-11  5.93617069E-11 
     661  5.12500000E+02  4.12500000E+02 -4.70305079E-01  1.45867191E+00  9.88366836E-01  2.50000000E-02 -1.59559658E-11  2.01958476E-11 
     662  5.37500000E+02  4.12500000E+02  9.68222219E-01  2.01446163E-02  9.88366836E-01  2.50000000E-02 -4.60673000E-11  1.32577254E-10 
     663  5.62500000E+02  4.12500000E+02  4.24524568E-01  5.63842267E-01  9.88366836E-01  2.50000000E-02  1.73876058E-11  3.30734271E-11 
     664  5.87500000E+02  4.12500000E+02 -1.70848611E-02  1.00545170E+00  9.88366836E-01  2.50000000E-02  3.21187721E-11  6.44617371E-11 
     665  6.12500000E+02  4.12500000E+02 -3.59020408E-01  1.34738724E+00  9.88366836E-01  2.50000000E-02  3.84755816E-11  2.10821597E-11 
     666  6.37500000E+02  4.12500000E+02 -5.20579146E-02  1.04042475E+00  9.88366836E-01  2.50000000E-02  5.13719165E-11  9.04885333E-11 
     667  6.62500000E+02  4.12500000E+02 -3.64641074E-01  1.35300791E+00  9.88366836E-01  2.50000000E-02  6.29496016E-11  5.57231155E-11 
     668  6.87500000E+02  4.12500000E+02  8.98391509E-01  8.99753267E-02  9.88366836E-01  2.50000000E-02 -5.54367480E-12  1.09497996E-10 
     669  7.12500000E+02  4.12500000E+02  6.22015577E-01  3.66351258E-01  9.88366836E-01  2.50000000E-02 -2.23892521E-11  7.60987787E-11 
     670  7.37500000E+02  4.12500000E+02 -1.48513640E-01  1.13688048E+00  9.88366836E-01  2.50000000E-02 -1.66120950E-11  3.08380241E-11 
     671  7.62500000E+02  4.12500000E+02  8.27164934E-01  1.61201902E-01  9.88366836E-01  2.50000000E-02 -8.98666373E-12  8.61373284E-11 
     672  7.87500000E+02  4.12500000E+02  6.44029528E-01  3.44337308E-01  9.88366836E-01  2.50000000E-02 -2.07835268E-11  5.98932023E-11 
     673  8.12500000E+02  4.12500000E+02 -6.87756908E-01  1.67612374E+00  9.88366836E-01  2.50000000E-02 -1.59212689E-11  7.49606689E-11 
     674  8.37500000E+02  4.12500000E+02  2.82743241E-01  7.05623594E-01  9.88366836E-01  2.50000000E-02 -2.56490502E-11  6.72005800E-11 
     675  8.62500000E+02  4.12500000E+02 -3.05489254E-02  1.01891576E+00  9.88366836E-01  2.50000000E-02 -3.83568902E-11  1.15730648E-10 
     676  8.87500000E+02  4.12500000E+02  2.06506390E-01  7.81860446E-01  9.88366836E-01  2.50000000E-02 -3.73007474E-11  2.07062870E-11 
     677  9.12500000E+02  4.12500000E+02 -5.37229149E-01  1.52559599E+00  9.88366836E-01  2.50000000E-02 -3.06373420E-11  1.46329770E-11 
     678  9.37500000E+02  4.12500000E+02 -5.68518548E-01  1.55688538E+00  9.88366836E-01  2.50000000E-02 -2.87312976E-11  3.75300441E-11 
     679  9.62500000E+02  4.12500000E+02  8.97037579E-01  9.13292565E-02  9.88366836E-01  2.50000000E-02 -1.09420298E-11  2.19197173E-11 
     680  9.87500000E+02  4.12500000E+02  3.11866661E-01  6.76500175E-01  9.88366836E-01  2.50000000E-02 -4.74406868E-13  3.14049295E-11 
     681  1.25000000E+01  4.37500000E+02 -5.21525428E-01  1.50989226E+00  9.88366836E-01  2.50000000E-02  9.58483753E-13 -2.05425257E-11 
     682  3.75000000E+01  4.37500000E+02  5.82371908E-01  4.05994928E-01  9.88366836E-01  2.50000000E-02  1.38880967E-11 -5.51736899E-12 
     683  6.25000000E+01  4.37500000E+02  8.74393557E-01  1.13973279E-01  9.88366836E-01  2.50000000E-02  6.25594461E-11 -2.72302778E-11 
     684  8.75000000E+01  4.37500000E+02 -3.58850876E-01  1.34721771E+00  9.88366836E-01  2.50000000E-02  7.90612130E-11 -2.73345780E-11 
     685  1.12500000E+02  4.37500000E+02  8.06857612E-01  1.81509223E-01  9.88366836E-01  2.50000000E-02  8.58437625E-11 -7.53192519E-11 
     686  1.37500000E+02  4.37500000E+02  8.47045990E-01  1.41320846E-01  9.88366836E-01  2.50000000E-02  1.12712998E-10 -1.92450938E-11 
     687  1.62500000E+02  4.37500000E+02 -3.74242936E-01  1.36260977E+00  9.88366836E-01  2.50000000E-02  1.70070786E-10 -1.93476041E-10 
     688  1.87500000E+02  4.37500000E+02 -2.19686907E-01  1.20805374E+00  9.88366836E-01  2.50000000E-02  1.79137446E-10  2.75183731E-11 
     689  2.12500000E+02  4.37500000E+02 -9.39235959E-01  1.92760279E+00  9.88366836E-01  2.50000000E-02  1.64835684E-10 -4.61183477E-11 
     690  2.37500000E+02  4.37500000E+02 -6.61510006E-01  1.64987684E+00  9.88366836E-01  2.50000000E-02  1.33855405E-10 -1.85667463E-10 
     691  2.62500000E+02  4.37500000E+02  5.06867385E-01  4.81499451E-01  9.88366836E-01  2.50000000E-02 -3.04167086E-11 -2.22110561E-10 
     692  2.87500000E+02  4.37500000E+02 -4.21473287E-01  1.40984012E+00  9.88366836E-01  2.50000000E-02 -9.01761645E-11  2.83220662E-11 
     693  3.12500000E+02  4.37500000E+02  7.66276348E-01  2.22090487E-01  9.88366836E-01  2.50000000E-02 -1.06983653E-10  3.45068341E-10 
     694  3.37500000E+02  4.37500000E+02 -8.48013906E-01  1.83638074E+00  9.88366836E-01  2.50000000E-02 -1.42024193E-10  9.40108263E-11 
     695  3.62500000E+02  4.37500000E+02  1.49155181E-01  8.39211655E-01  9.88366836E-01  2.50000000E-02 -1.39706688E-10  5.55658753E-11 
     696  3.87500000E+02  4.37500000E+02 -1.48167384E-01  1.13653422E+00  9.88366836E-01  2.50000000E-02 -1.43653778E-10  1.29761192E-10 
     697  4.12500000E+02  4.37500000E+02 -8.19904568E-01  1.80827140E+00  9.88366836E-01  2.50000000E-02 -1.49998465E-10 -1.24382195E-11 
     698  4.37500000E+02  4.37500000E+02 -1.08633900E-01  1.09700074E+00  9.88366836E-01  2.50000000E-02 -1.52120816E-10 -1.22162730E-10 
     699  4.62500000E+02  4.37500000E+02  7.80516317E-01  2.07850518E-01  9.88366836E-01  2.50000000E-02 -1.36964264E-10  1.02085349E-10 
     700  4.87500000E+02  4.37500000E+02  4.72469267E-01  5.15897569E-01  9.88366836E-01  2.50000000E-02 -5.10108407E-11  5.00171039E-11 
     701  5.12500000E+02  4.37500000E+02  4.65935691E-01  5.22431145E-01  9.88366836E-01  2.50000000E-02 -3.57856667E-11  1.07046726E-11 
     702  5.37500000E+02  4.37500000E+02  5.45168541E-01  4.43198295E-01  9.88366836E-01  2.50000000E-02 -4.00225529E-11 -4.44336851E-12 
     703  5.62500000E+02  4.37500000E+02  8.40862699E-01  1.47504136E-01  9.88366836E-01  2.50000000E-02 -7.13387250E-11  3.98885999E-11 
     704  5.87500000E+02  4.37500000E+02  2.23931685E-01  7.64435151E-01  9.88366836E-01  2.50000000E-02  1.26151678E-11  6.13305161E-11 
     705  6.12500000E+02  4.37500000E+02  7.57971950E-01  2.30394886E-01  9.88366836E-01  2.50000000E-02  4.61661683E-11  4.42001516E-11 
     706  6.37500000E+02  4.37500000E+02  6.26097992E-01  3.62268843E-01  9.88366836E-01  2.50000000E-02  2.14929971E-11  1.35940255E-10 
     707  6.62500000E+02  4.37500000E+02 -3.11012525E-01  1.29937936E+00  9.88366836E-01  2.50000000E-02  1.53471336E-11  5.35142656E-11 
     708  6.87500000E+02  4.37500000E+02  4.87651479E-01  5.00715357E-01  9.88366836E-01  2.50000000E-02 -1.30742219E-12  6.21529303E-11 
     709  7.12500000E+02  4.37500000E+02  1.48012393E-01  8.40354442E-01  9.88366836E-01  2.50000000E-02 -2.93535452E-11  4.99900558E-11 
     710  7.37500000E+02  4.37500000E+02  8.30803344E-01  1.57563492E-01  9.88366836E-01  2.50000000E-02 -1.02860110E-10  9.26368949E-11 
     711  7.62500000E+02  4.37500000E+02  1.16134439E-03  9.87205491E-01  9.88366836E-01  2.50000000E-02 -1.39830524E-10  1.02963834E-10 
     712  7.87500000E+02  4.37500000E+02  2.39835834E-01  7.48531002E-01  9.88366836E-01  2.50000000E-02 -1.41283394E-10  5.96993937E-11 
     713  8.12500000E+02  4.37500000E+02 -5.16214511E-01  1.50458135E+00  9.88366836E-01  2.50000000E-02 -1.16078908E-10  6.94384977E-11 
     714  8.37500000E+02  4.37500000E+02  4.95133606E-01  4.93233230E-01  9.88366836E-01  2.50000000E-02 -7.11361618E-11  3.85397838E-11 
     715  8.62500000E+02  4.37500000E+02  8.93104765E-01  9.52620710E-02  9.88366836E-01  2.50000000E-02 -8.65433007E-11  6.51384096E-11 
     716  8.87500000E+02  4.37500000E+02 -9.15906093E-02  1.07995744E+00  9.88366836E-01  2.50000000E-02 -4.16400070E-12  1.96407007E-11 
     717  9.12500000E+02  4.37500000E+02 -2.09695417E-01  1.19806225E+00  9.88366836E-01  2.50000000E-02 -1.92070899E-12  1.72309619E-11 
     718  9.37500000E+02  4.37500000E+02  8.32850438E-01  1.55516397E-01  9.88366836E-01  2.50000000E-02  1.38971741E-11  3.01338803E-11 
     719  9.62500000E+02  4.37500000E+02  1.17914853E-01  8.70451983E-01  9.88366836E-01  2.50000000E-02  2.40028892E-12  1.14757226E-11 
     720  9.87500000E+02  4.37500000E+02 -4.81887803E-01  1.47025464E+00  9.88366836E-01  2.50000000E-02  4.33611269E-13  2.51164344E-11 
     721  1.25000000E+01  4.62500000E+02  2.30331549E-02  9.65333681E-01  9.88366836E-01  2.50000000E-02 -5.18397994E-13 -2.41224984E-11 
     722  3.75000000E+01  4.62500000E+02 -3.31036185E-01  1.31940302E+00  9.88366836E-01  2.50000000E-02 -2.78908234E-12 -1.06035018E-11 
     723  6.25000000E+01  4.62500000E+02 -9.54557258E-02  1.08382256E+00  9.88366836E-01  2.50000000E-02 -4.95435188E-12 -8.73856487E-12 
     724  8.75000000E+01  4.62500000E+02  5.41319075E-01  4.47047761E-01  9.88366836E-01  2.50000000E-02 -1.42786509E-11 -3.26499682E-11 
     725  1.12500000E+02  4.62500000E+02  4.97923663E-01  4.90443173E-01  9.88366836E-01  2.50000000E-02 -1.64286811E-11 -4.59427784E-11 
     726  1.37500000E+02  4.62500000E+02  1.37524556E-01  8.50842279E-01  9.88366836E-01  2.50000000E-02 -4.65542365E-12 -1.45865139E-11 
     727  1.62500000E+02  4.62500000E+02 -6.05547264E-01  1.59391410E+00  9.88366836E-01  2.50000000E-02 -9.58653273E-12 -1.84123395E-10 
     728  1.87500000E+02  4.62500000E+02  6.21008015E-01  3.67358820E-01  9.88366836E-01  2.50000000E-02 -3.81664287E-11  1.87306258E-11 
     729  2.12500000E+02  4.62500000E+02  9.48864050E-02  8.93480431E-01  9.88366836E-01  2.50000000E-02 -7.87634032E-11 -7.40773668E-11 
     730  2.37500000E+02  4.62500000E+02  6.95596543E-01  2.92770292E-01  9.88366836E-01  2.50000000E-02 -1.57814214E-10 -2.03281891E-10 
     731  2.62500000E+02  4.62500000E+02 -2.82454880E-01  1.27082172E+00  9.88366836E-01  2.50000000E-02 -2.66168115E-10 -1.72165516E-10 
     732  2.87500000E+02  4.62500000E+02  5.94399696E-01  3.93967140E-01  9.88366836E-01  2.50000000E-02 -2.87496434E-10  1.27580065E-11 
     733  3.12500000E+02  4.62500000E+02 -9.60996431E-02  1.08446648E+00  9.88366836E-01  2.50000000E-02 -2.10044301E-10  3.13266811E-10 
     734  3.37500000E+02  4.62500000E+02 -3.82105376E-01  1.37047221E+00  9.88366836E-01  2.50000000E-02 -2.05198252E-10  7.62139749E-11 
     735  3.62500000E+02  4.62500000E+02  4.41596235E-01  5.46770601E-01  9.88366836E-01  2.50000000E-02 -2.08929873E-10  5.04030297E-11 
     736  3.87500000E+02  4.62500000E+02 -8.80956593E-01  1.86932343E+00  9.88366836E-01  2.50000000E-02 -1.78290979E-10  1.07959710E-10 
     737  4.12500000E+02  4.62500000E+02  3.44103553E-01  6.44263283E-01  9.88366836E-01  2.50000000E-02 -1.52433848E-10 -2.34949196E-11 
     738  4.37500000E+02  4.62500000E+02 -6.67223646E-01  1.65559048E+00  9.88366836E-01  2.50000000E-02 -1.46112330E-10 -1.43378297E-10 
     739  4.62500000E+02  4.62500000E+02  9.47055340E-01  4.13114957E-02  9.88366836E-01  2.50000000E-02 -1.71757192E-10  9.06009680E-11 
     740  4.87500000E+02  4.62500000E+02 -3.31682521E-01  1.32004936E+00  9.88366836E-01  2.50000000E-02 -1.19839633E-11  3.03873470E-11 
     741  5.12500000E+02  4.62500000E+02 -7.27119042E-01  1.71548588E+00  9.88366836E-01  2.50000000E-02 -1.12628800E-11 -2.80927668E-12 
     742  5.37500000E+02  4.62500000E+02  4.57750880E-01  5.30615956E-01  9.88366836E-01  2.50000000E-02 -1.27565275E-11 -3.63141424E-12 
     743  5.62500000E+02  4.62500000E+02 -9.99289089E-01  1.98765592E+00  9.88366836E-01  2.50000000E-02 -1.61601114E-11  1.23375490E-12 
     744  5.87500000E+02  4.62500000E+02  8.67866651E-01  1.20500185E-01  9.88366836E-01  2.50000000E-02 -2.41106496E-11  1.51666940E-10 
     745  6.12500000E+02  4.62500000E+02 -7.98927735E-02  1.06825961E+00  9.88366836E-01  2.50000000E-02 -2.32226700E-11  2.62190017E-11 
     746  6.37500000E+02  4.62500000E+02  2.82823129E-01  7.05543707E-01  9.88366836E-01  2.50000000E-02 -3.60541048E-11  1.08541577E-10 
     747  6.62500000E+02  4.62500000E+02 -7.17620941E-01  1.70598778E+00  9.88366836E-01  2.50000000E-02 -1.55101159E-11  5.90533375E-11 
     748  6.87500000E+02  4.62500000E+02 -7.01660539E-01  1.69002737E+00  9.88366836E-01  2.50000000E-02 -8.42944748E-12  6.53355824E-11 
     749  7.12500000E+02  4.62500000E+02 -4.17054967E-01  1.40542180E+00  9.88366836E-01  2.50000000E-02 -1.48303046E-11  3.29678775E-11 
     750  7.37500000E+02  4.62500000E+02 -1.97769449E-01  1.18613628E+00  9.88366836E-01  2.50000000E-02 -1.45590213E-11  1.17711327E-10 
     751  7.62500000E+02  4.62500000E+02 -8.30364190E-01  1.81873103E+00  9.88366836E-01  2.50000000E-02 -1.22336725E-11  9.38145365E-11 
     752  7.87500000E+02  4.62500000E+02  5.93635457E-01  3.94731379E-01  9.88366836E-01  2.50000000E-02 -2.77518438E-11  5.06551564E-11 
     753  8.12500000E+02  4.62500000E+02  7.04729898E-01  2.83636937E-01  9.88366836E-01  2.50000000E-02 -2.22625418E-11  9.22609635E-11 
     754  8.37500000E+02  4.62500000E+02 -7.00610497E-02  1.05842789E+00  9.88366836E-01  2.50000000E-02 -1.40485094E-11  1.57905311E-11 
     755  8.62500000E+02  4.62500000E+02 -8.14516724E-01  1.80288356E+00  9.88366836E-01  2.50000000E-02 -1.39740627E-11 -2.81925359E-12 
     756  8.87500000E+02  4.62500000E+02  6.34207618E-01  3.54159218E-01  9.88366836E-01  2.50000000E-02 -9.81198593E-12  2.16155909E-11 
     757  9.12500000E+02  4.62500000E+02  5.73517688E-01  4.14849148E-01  9.88366836E-01  2.50000000E-02 -1.42496046E-12  2.71489618E-11 
     758  9.37500000E+02  4.62500000E+02 -7.90801234E-01  1.77916807E+00  9.88366836E-01  2.50000000E-02 -1.17126474E-12  3.52014971E-12 
     759  9.62500000E+02  4.62500000E+02  7.31669728E-01  2.56697108E-01  9.88366836E-01  2.50000000E-02 -4.89347677E-12  8.02031512E-12 
     760  9.87500000E+02  4.62500000E+02  2.14049060E-02  9.66961930E-01  9.88366836E-01  2.50000000E-02 -5.54055748E-13  2.10770937E-11 
     761  1.25000000E+01  4.87500000E+02 -8.92157871E-01  1.88052471E+00  9.88366836E-01  2.50000000E-02  9.03018114E-14 -2.22236796E-11 
     762  3.75000000E+01  4.87500000E+02  8.47139597E-01  1.41227239E-01  9.88366836E-01  2.50000000E-02  1.08190794E-12 -9.86280943E-12 
     763  6.25000000E+01  4.87500000E+02  9.07970650E-02  8.97569771E-01  9.88366836E-01  2.50000000E-02 -3.78160737E-12 -6.04847889E-12 
     764  8.75000000E+01  4.87500000E+02 -4.59866617E-01  1.44823345E+00  9.88366836E-01  2.50000000E-02 -3.83793253E-12 -1.69144959E-11 
     765  1.12500000E+02  4.87500000E+02  5.16185763E-01  4.72181073E-01  9.88366836E-01  2.50000000E-02 -7.45450179E-12 -4.12858480E-11 
     766  1.37500000E+02  4.87500000E+02 -7.13203339E-01  1.70157017E+00  9.88366836E-01  2.50000000E-02 -3.59937133E-12 -1.39206838E-11 
     767  1.62500000E+02  4.87500000E+02 -3.39224994E-01  1.32759183E+00  9.88366836E-01  2.50000000E-02 -2.10488422E-11 -1.92088691E-10 
     768  1.87500000E+02  4.87500000E+02 -4.02609231E-01  1.39097607E+00  9.88366836E-01  2.50000000E-02 -4.51750236E-11 -1.40730819E-11 
     769  2.12500000E+02  4.87500000E+02  7.36295286E-01  2.52071549E-01  9.88366836E-01  2.50000000E-02 -1.24944464E-10 -1.33262931E-10 
     770  2.37500000E+02  4.87500000E+02  2.15175153E-01  7.73191682E-01  9.88366836E-01  2.50000000E-02 -1.46144484E-10 -1.27339702E-10 
     771  2.62500000E+02  4.87500000E+02  9.58307377E-01  3.00594586E-02  9.88366836E-01  2.50000000E-02 -1.67209088E-10 -2.61927863E-10 
     772  2.87500000E+02  4.87500000E+02  4.14549800E-01  5.73817035E-01  9.88366836E-01  2.50000000E-02 -3.64104366E-11 -9.85153733E-13 
     773  3.12500000E+02  4.87500000E+02  3.57400243E-01  6.30966593E-01  9.88366836E-01  2.50000000E-02 -3.88296974E-11  3.09331844E-10 
     774  3.37500000E+02  4.87500000E+02  6.72171383E-02  9.21149697E-01  9.88366836E-01  2.50000000E-02 -3.83614577E-11  4.18659751E-11 
     775  3.62500000E+02  4.87500000E+02 -4.36419991E-02  1.03200883E+00  9.88366836E-01  2.50000000E-02 -4.22633889E-11  3.97566628E-11 
     776  3.87500000E+02  4.87500000E+02 -2.97094604E-01  1.28546144E+00  9.88366836E-01  2.50000000E-02 -5.06330215E-11  9.92575852E-11 
     777  4.12500000E+02  4.87500000E+02  3.84800043E-01  6.03566792E-01  9.88366836E-01  2.50000000E-02 -6.61205065E-11 -2.96042355E-11 
     778  4.37500000E+02  4.87500000E+02 -4.43349061E-01  1.43171590E+00  9.88366836E-01  2.50000000E-02 -1.13765057E-10 -1.66456175E-10 
     779  4.62500000E+02  4.87500000E+02  1.00492587E-01  8.87874249E-01  9.88366836E-01  2.50000000E-02 -1.32779772E-10 -1.12446971E-11 
     780  4.87500000E+02  4.87500000E+02 -2.99439289E-01  1.28780612E+00  9.88366836E-01  2.50000000E-02 -1.02257616E-10  2.96734699E-11 
     781  5.12500000E+02  4.87500000E+02 -4.52742072E-01  1.44110891E+00  9.88366836E-01  2.50000000E-02 -7.86067359E-11 -7.20952832E-12 
     782  5.37500000E+02  4.87500000E+02 -6.59007674E-01  1.64737451E+00  9.88366836E-01  2.50000000E-02 -6.83986828E-11 -3.64395111E-12 
     783  5.62500000E+02  4.87500000E+02 -5.76309235E-01  1.56467607E+00  9.88366836E-01  2.50000000E-02 -6.16096192E-11 -3.15843639E-12 
     784  5.87500000E+02  4.87500000E+02 -8.12551513E-01  1.80091835E+00  9.88366836E-01  2.50000000E-02 -5.32588005E-11  1.16221720E-10 
     785  6.12500000E+02  4.87500000E+02 -8.28069798E-01  1.81643663E+00  9.88366836E-01  2.50000000E-02 -4.59692214E-11  1.58859709E-11 
     786  6.37500000E+02  4.87500000E+02 -8.90927969E-01  1.87929480E+00  9.88366836E-01  2.50000000E-02 -4.71842722E-11  7.82955099E-11 
     787  6.62500000E+02  4.87500000E+02  4.97326608E-01  4.91040227E-01  9.88366836E-01  2.50000000E-02 -7.84484652E-11  8.53434230E-11 
     788  6.87500000E+02  4.87500000E+02  5.52784999E-01  4.35581837E-01  9.88366836E-01  2.50000000E-02 -7.78839746E-11  7.15856436E-11 
     789  7.12500000E+02  4.87500000E+02 -5.92100234E-01  1.58046707E+00  9.88366836E-01  2.50000000E-02 -7.81912083E-11  1.86557324E-11 
     790  7.37500000E+02  4.87500000E+02  9.56743792E-01  3.16230437E-02  9.88366836E-01  2.50000000E-02 -8.53166331E-11  7.98158375E-11 
     791  7.62500000E+02  4.87500000E+02 -1.85259607E-01  1.17362644E+00  9.88366836E-01  2.50000000E-02  3.38769909E-12  8.35922930E-11 
     792  7.87500000E+02  4.87500000E+02 -6.28813263E-01  1.61718010E+00  9.88366836E-01  2.50000000E-02 -2.83223018E-12  2.30316873E-11 
     793  8.12500000E+02  4.87500000E+02 -4.54073316E-01  1.44244015E+00  9.88366836E-01  2.50000000E-02 -1.51089932E-11  4.61520215E-11 
     794  8.37500000E+02  4.87500000E+02 -4.02023641E-02  1.02856920E+00  9.88366836E-01  2.50000000E-02 -2.30967286E-11  1.73340064E-11 
     795  8.62500000E+02  4.87500000E+02 -9.55158516E-01  1.94352535E+00  9.88366836E-01  2.50000000E-02 -1.39921918E-11 -2.39256885E-12 
     796  8.87500000E+02  4.87500000E+02 -8.69613158E-01  1.85797999E+00  9.88366836E-01  2.50000000E-02 -1.14548553E-11  1.55773905E-12 
     797  9.12500000E+02  4.87500000E+02 -6.95422540E-01  1.68378938E+00  9.88366836E-01  2.50000000E-02 -1.17865203E-11  1.41380532E-11 
     798  9.37500000E+02  4.87500000E+02 -7.92456884E-01  1.78082372E+00  9.88366836E-01  2.50000000E-02 -1.21143572E-11  2.36134764E-12 
     799  9.62500000E+02  4.87500000E+02 -4.15251851E-01  1.40361869E+00  9.88366836E-01  2.50000000E-02 -1.02393178E-11  6.55479817E-13 
     800  9.87500000E+02  4.87500000E+02 -7.79383764E-01  1.76775060E+00  9.88366836E-01  2.50000000E-02 -3.88439305E-12  2.04833062E-11 
     801  1.25000000E+01  5.12500000E+02 -1.98694032E-01  1.18706087E+00  9.88366836E-01  2.50000000E-02  2.89790253E-13 -2.27628818E-11 
     802  3.75000000E+01  5.12500000E+02 -4.78622974E-01  1.46698981E+00  9.88366836E-01  2.50000000E-02  2.26367569E-12 -7.43903260E-12 
     803  6.25000000E+01  5.12500000E+02 -9.58897534E-01  1.94726437E+00  9.88366836E-01  2.50000000E-02  4.44274576E-12 -3.92719201E-12 
     804  8.75000000E+01  5.12500000E+02 -5.07965653E-02  1.03916340E+00  9.88366836E-01  2.50000000E-02  3.67590632E-12 -1.54642282E-11 
     805  1.12500000E+02  5.12500000E+02  6.52596013E-01  3.35770823E-01  9.88366836E-01  2.50000000E-02 -1.24839969E-11 -4.40685261E-11 
     806  1.37500000E+02  5.12500000E+02 -1.17375780E-02  1.00010441E+00  9.88366836E-01  2.50000000E-02 -1.44549339E-11 -1.65363676E-11 
     807  1.62500000E+02  5.12500000E+02  7.45253151E-02  9.13841521E-01  9.88366836E-01  2.50000000E-02 -1.75576359E-11 -2.06905279E-10 
     808  1.87500000E+02  5.12500000E+02 -6.49563682E-02  1.05332320E+00  9.88366836E-01  2.50000000E-02 -2.60150536E-11 -2.53684598E-11 
     809  2.12500000E+02  5.12500000E+02  8.08191733E-01  1.80175102E-01  9.88366836E-01  2.50000000E-02 -8.99975976E-11 -1.29697176E-10 
     810  2.37500000E+02  5.12500000E+02  2.21052568E-01  7.67314267E-01  9.88366836E-01  2.50000000E-02 -1.11667534E-10 -1.11476481E-10 
     811  2.62500000E+02  5.12500000E+02  8.05511088E-01  1.82855748E-01  9.88366836E-01  2.50000000E-02 -1.18778145E-10 -5.47691661E-11 
     812  2.87500000E+02  5.12500000E+02  4.40774896E-02  9.44289346E-01  9.88366836E-01  2.50000000E-02 -3.97194221E-11  1.94607731E-11 
     813  3.12500000E+02  5.12500000E+02 -1.61642956E-01  1.15000979E+00  9.88366836E-01  2.50000000E-02 -3.40948109E-11  3.18097216E-10 
     814  3.37500000E+02  5.12500000E+02 -9.76898104E-01  1.96526494E+00  9.88366836E-01  2.50000000E-02 -2.77689595E-11  4.77788730E-11 
     815  3.62500000E+02  5.12500000E+02  8.27916857E-02  9.05575150E-01  9.88366836E-01  2.50000000E-02 -1.67128596E-11  4.18473504E-11 
     816  3.87500000E+02  5.12500000E+02 -1.61012357E-01  1.14937919E+00  9.88366836E-01  2.50000000E-02 -1.53976831E-11  9.46351757E-11 
     817  4.12500000E+02  5.12500000E+02  5.20549297E-01  4.67817539E-01  9.88366836E-01  2.50000000E-02 -1.81172297E-11 -1.89225517E-11 
     818  4.37500000E+02  5.12500000E+02  2.25939986E-01  7.62426850E-01  9.88366836E-01  2.50000000E-02 -2.39218484E-11 -1.99194650E-10 
     819  4.62500000E+02  5.12500000E+02  8.43436565E-01  1.44930271E-01  9.88366836E-01  2.50000000E-02 -3.83648580E-11 -1.95217245E-11 
     820  4.87500000E+02  5.12500000E+02  2.73522224E-01  7.14844612E-01  9.88366836E-01  2.50000000E-02 -9.53249942E-12  3.69994646E-11 
     821  5.12500000E+02  5.12500000E+02 -3.70256768E-01  1.35862360E+00  9.88366836E-01  2.50000000E-02 -5.10591107E-12 -1.20899127E-11 
     822  5.37500000E+02  5.12500000E+02 -1.86799403E-01  1.17516624E+00  9.88366836E-01  2.50000000E-02 -6.67530834E-12 -4.08926647E-12 
     823  5.62500000E+02  5.12500000E+02 -8.19173114E-01  1.80753995E+00  9.88366836E-01  2.50000000E-02 -1.04398125E-11 -8.36473353E-12 
     824  5.87500000E+02  5.12500000E+02  8.27341694E-01  1.61025142E-01  9.88366836E-01  2.50000000E-02 -3.88341931E-11  8.26676394E-11 
     825  6.12500000E+02  5.12500000E+02 -3.74597517E-01  1.36296435E+00  9.88366836E-01  2.50000000E-02 -3.88286249E-11  1.56982480E-11 
     826  6.37500000E+02  5.12500000E+02  4.44141516E-01  5.44225320E-01  9.88366836E-01  2.50000000E-02 -3.98062286E-11  5.09417662E-11 
     827  6.62500000E+02  5.12500000E+02 -9.92785098E-01  1.98115193E+00  9.88366836E-01  2.50000000E-02 -4.06554564E-11  8.08867809E-11 
     828  6.87500000E+02  5.12500000E+02 -1.45848634E-02  1.00295170E+00  9.88366836E-01  2.50000000E-02 -4.68892693E-11  5.60948196E-11 
     829  7.12500000E+02  5.12500000E+02 -4.48516774E-01  1.43688361E+00  9.88366836E-01  2.50000000E-02 -4.19590914E-11  9.67896243E-12 
     830  7.37500000E+02  5.12500000E+02 -9.41310020E-01  1.92967686E+00  9.88366836E-01  2.50000000E-02 -3.00071964E-11 -3.37157868E-12 
     831  7.62500000E+02  5.12500000E+02 -6.99160594E-01  1.68752743E+00  9.88366836E-01  2.50000000E-02 -2.62971391E-11  6.88040335E-11 
     832  7.87500000E+02  5.12500000E+02 -9.23100187E-01  1.91146702E+00  9.88366836E-01  2.50000000E-02 -2.65205389E-11  1.59367519E-11 
     833  8.12500000E+02  5.12500000E+02 -3.81021602E-02  1.02646900E+00  9.88366836E-01  2.50000000E-02 -2.75210655E-11  3.35634304E-11 
     834  8.37500000E+02  5.12500000E+02  7.64165111E-01  2.24201724E-01  9.88366836E-01  2.50000000E-02 -3.63712298E-11  2.33458229E-11 
     835  8.62500000E+02  5.12500000E+02 -9.54580350E-01  1.94294719E+00  9.88366836E-01  2.50000000E-02 -8.66895124E-12 -1.24142782E-12 
     836  8.87500000E+02  5.12500000E+02 -6.71656305E-01  1.66002314E+00  9.88366836E-01  2.50000000E-02 -7.38244940E-12 -1.37186638E-12 
     837  9.12500000E+02  5.12500000E+02 -1.39158553E-01  1.12752539E+00  9.88366836E-01  2.50000000E-02 -7.74218955E-12  1.04194916E-11 
     838  9.37500000E+02  5.12500000E+02  6.36652324E-01  3.51714512E-01  9.88366836E-01  2.50000000E-02 -9.50180802E-12 -6.76094730E-12 
     839  9.62500000E+02  5.12500000E+02  6.13608273E-01  3.74758563E-01  9.88366836E-01  2.50000000E-02 -7.18978550E-12 -5.04658076E-12 
     840  9.87500000E+02  5.12500000E+02  7.10892811E-01  2.77474024E-01  9.88366836E-01  2.50000000E-02 -3.34621729E-12  1.70133694E-11 
     841  1.25000000E+01  5.37500000E+02 -5.58057742E-02  1.04417261E+00  9.88366836E-01  2.50000000E-02 -1.98365013E-13 -2.53570848E-11 
     842  3.75000000E+01  5.37500000E+02  7.54977705E-02  9.12869065E-01  9.88366836E-01  2.50000000E-02 -1.71686769E-12 -7.52720190E-12 
     843  6.25000000E+01  5.37500000E+02 -7.54745601E-01  1.74311244E+00  9.88366836E-01  2.50000000E-02 -5.34092224E-12 -4.17580131E-12 
     844  8.75000000E+01  5.37500000E+02  8.38551358E-01  1.49815477E-01  9.88366836E-01  2.50000000E-02 -5.85045183E-11 -4.27428584E-11 
     845  1.12500000E+02  5.37500000E+02 -7.14267579E-01  1.70263441E+00  9.88366836E-01  2.50000000E-02 -6.51687232E-11 -1.43085110E-11 
     846  1.37500000E+02  5.37500000E+02  7.66191250E-01  2.22175585E-01  9.88366836E-01  2.50000000E-02 -5.30674470E-11 -3.80749447E-11 
     847  1.62500000E+02  5.37500000E+02 -1.51205253E-02  1.00348736E+00  9.88366836E-01  2.50000000E-02 -4.06708696E-11 -1.83858380E-10 
     848  1.87500000E+02  5.37500000E+02  1.73922527E-01  8.14444309E-01  9.88366836E-01  2.50000000E-02 -4.89117200E-11 -3.28661301E-11 
     849  2.12500000E+02  5.37500000E+02  5.53943166E-01  4.34423669E-01  9.88366836E-01  2.50000000E-02 -5.99557863E-11 -9.12028360E-11 
     850  2.37500000E+02  5.37500000E+02 -8.89105826E-01  1.87747266E+00  9.88366836E-01  2.50000000E-02 -3.78855066E-11 -9.37520642E-11 
     851  2.62500000E+02  5.37500000E+02 -5.81463339E-01  1.56983018E+00  9.88366836E-01  2.50000000E-02 -3.86357273E-11 -3.10723432E-11 
     852  2.87500000E+02  5.37500000E+02  6.79526210E-01  3.08840626E-01  9.88366836E-01  2.50000000E-02 -5.86083697E-11  4.43236805E-11 
     853  3.12500000E+02  5.37500000E+02  3.42334854E-01  6.46031981E-01  9.88366836E-01  2.50000000E-02 -4.88496644E-11  3.12365671E-10 
     854  3.37500000E+02  5.37500000E+02  7.51277662E-01  2.37089173E-01  9.88366836E-01  2.50000000E-02 -1.26913471E-11  7.23750667E-11 
     855  3.62500000E+02  5.37500000E+02  2.00360265E-01  7.88006570E-01  9.88366836E-01  2.50000000E-02  3.02828857E-11  4.26671454E-11 
     856  3.87500000E+02  5.37500000E+02 -3.85167497E-01  1.37353433E+00  9.88366836E-01  2.50000000E-02  4.70148957E-11  9.44134482E-11 
     857  4.12500000E+02  5.37500000E+02  2.99418132E-01  6.88948704E-01  9.88366836E-01  2.50000000E-02  6.42946414E-11 -1.43299733E-11 
     858  4.37500000E+02  5.37500000E+02 -5.27998769E-01  1.51636560E+00  9.88366836E-01  2.50000000E-02  6.33294314E-11 -2.11182963E-10 
     859  4.62500000E+02  5.37500000E+02  8.96312519E-01  9.20543164E-02  9.88366836E-01  2.50000000E-02  4.61558017E-13 -1.19753680E-11 
     860  4.87500000E+02  5.37500000E+02 -9.42534601E-01  1.93090144E+00  9.88366836E-01  2.50000000E-02  1.74662901E-11  3.81912210E-11 
     861  5.12500000E+02  5.37500000E+02  1.67468620E-01  8.20898216E-01  9.88366836E-01  2.50000000E-02  1.85713259E-11 -1.64567320E-11 
     862  5.37500000E+02  5.37500000E+02  9.81067012E-01  7.29982339E-03  9.88366836E-01  2.50000000E-02 -1.82259975E-11 -1.26448520E-11 
     863  5.62500000E+02  5.37500000E+02 -4.50558862E-01  1.43892570E+00  9.88366836E-01  2.50000000E-02 -1.32994417E-11 -4.15536557E-12 
     864  5.87500000E+02  5.37500000E+02 -4.81840688E-01  1.47020752E+00  9.88366836E-01  2.50000000E-02 -2.19709839E-11  4.52131322E-11 
     865  6.12500000E+02  5.37500000E+02 -5.85625669E-01  1.57399250E+00  9.88366836E-01  2.50000000E-02 -3.12632614E-11  2.38610302E-11 
     866  6.37500000E+02  5.37500000E+02 -3.44327821E-01  1.33269466E+00  9.88366836E-01  2.50000000E-02 -3.23973072E-11  5.11670931E-11 
     867  6.62500000E+02  5.37500000E+02  2.66264540E-01  7.22102295E-01  9.88366836E-01  2.50000000E-02 -3.12925480E-11  7.79255836E-11 
     868  6.87500000E+02  5.37500000E+02  1.56224060E-01  8.32142776E-01  9.88366836E-01  2.50000000E-02 -3.37150662E-11  4.83351982E-11 
     869  7.12500000E+02  5.37500000E+02  5.76540307E-01  4.11826529E-01  9.88366836E-01  2.50000000E-02 -3.99508510E-11  1.65727757E-11 
     870  7.37500000E+02  5.37500000E+02 -8.37868197E-01  1.82623503E+00  9.88366836E-01  2.50000000E-02 -1.90527203E-11 -1.08547700E-12 
     871  7.62500000E+02  5.37500000E+02 -5.81607387E-01  1.56997422E+00  9.88366836E-01  2.50000000E-02 -1.56646674E-11  5.87365711E-11 
     872  7.87500000E+02  5.37500000E+02 -3.57814128E-01  1.34618096E+00  9.88366836E-01  2.50000000E-02 -1.29538543E-11  1.06108878E-11 
     873  8.12500000E+02  5.37500000E+02  7.91384558E-02  9.09228380E-01  9.88366836E-01  2.50000000E-02 -9.54196264E-12  2.46974523E-11 
     874  8.37500000E+02  5.37500000E+02 -5.08739061E-01  1.49710590E+00  9.88366836E-01  2.50000000E-02 -1.01947085E-11  2.35728975E-12 
     875  8.62500000E+02  5.37500000E+02  8.16107980E-01  1.72258855E-01  9.88366836E-01  2.50000000E-02 -2.52322499E-11  1.00120790E-11 
     876  8.87500000E+02  5.37500000E+02 -2.94850547E-01  1.28321738E+00  9.88366836E-01  2.50000000E-02 -7.09352766E-12 -3.34821355E-12 
     877  9.12500000E+02  5.37500000E+02 -8.81591531E-03  9.97182751E-01  9.88366836E-01  2.50000000E-02 -5.70257994E-12  9.95782160E-12 
     878  9.37500000E+02  5.37500000E+02 -8.78229413E-01  1.86659625E+00  9.88366836E-01  2.50000000E-02 -2.50911811E-12 -7.98386014E-12 
     879  9.62500000E+02  5.37500000E+02 -3.85030554E-01  1.37339739E+00  9.88366836E-01  2.50000000E-02  4.03295349E-13 -4.59356268E-12 
     880  9.87500000E+02  5.37500000E+02 -8.45353893E-02  1.07290223E+00  9.88366836E-01  2.50000000E-02  9.21197058E-13  5.57461168E-12 
     881  1.25000000E+01  5.62500000E+02 -1.14584640E-01  1.10295148E+00  9.88366836E-01  2.50000000E-02 -2.11068251E-12 -3.14730451E-11 
     882  3.75000000E+01  5.62500000E+02  3.38627184E-01  6.49739652E-01  9.88366836E-01  2.50000000E-02 -8.58079654E-12 -1.16814902E-11 
     883  6.25000000E+01  5.62500000E+02  8.27180828E-01  1.61186008E-01  9.88366836E-01  2.50000000E-02 -2.42732855E-11 -3.52095446E-11 
     884  8.75000000E+01  5.62500000E+02  9.65357012E-01  2.30098235E-02  9.88366836E-01  2.50000000E-02 -4.32489504E-11 -8.62431205E-11 
     885  1.12500000E+02  5.62500000E+02 -3.42052154E-01  1.33041899E+00  9.88366836E-01  2.50000000E-02 -6.48529862E-12 -1.22697127E-11 
     886  1.37500000E+02  5.62500000E+02 -1.87288199E-01  1.17565504E+00  9.88366836E-01  2.50000000E-02 -6.78071198E-12 -4.68765139E-11 
     887  1.62500000E+02  5.62500000E+02 -2.76577068E-01  1.26494390E+00  9.88366836E-01  2.50000000E-02 -2.20048583E-11 -1.69805255E-10 
     888  1.87500000E+02  5.62500000E+02 -2.84951969E-01  1.27331880E+00  9.88366836E-01  2.50000000E-02 -3.70764516E-11 -3.11698579E-11 
     889  2.12500000E+02  5.62500000E+02  1.47953431E-01  8.40413405E-01  9.88366836E-01  2.50000000E-02 -3.69788677E-11 -1.00183907E-10 
     890  2.37500000E+02  5.62500000E+02  3.50708082E-01  6.37658753E-01  9.88366836E-01  2.50000000E-02 -4.17386853E-11 -8.36970034E-11 
     891  2.62500000E+02  5.62500000E+02 -8.82151087E-01  1.87051792E+00  9.88366836E-01  2.50000000E-02 -3.74811048E-11 -3.20087448E-11 
     892  2.87500000E+02  5.62500000E+02 -7.49584553E-01  1.73795139E+00  9.88366836E-01  2.50000000E-02 -3.53750431E-11  1.83129692E-13 
     893  3.12500000E+02  5.62500000E+02 -3.56986072E-02  1.02406544E+00  9.88366836E-01  2.50000000E-02 -3.84318501E-11  2.67034762E-10 
     894  3.37500000E+02  5.62500000E+02  9.40667345E-01  4.76994907E-02  9.88366836E-01  2.50000000E-02 -8.23559166E-11  7.43003438E-11 
     895  3.62500000E+02  5.62500000E+02  7.28689455E-01  2.59677381E-01  9.88366836E-01  2.50000000E-02 -5.82894442E-12  3.12463048E-11 
     896  3.87500000E+02  5.62500000E+02  1.15865431E-01  8.72501405E-01  9.88366836E-01  2.50000000E-02  6.59794230E-12  9.48837313E-11 
     897  4.12500000E+02  5.62500000E+02 -4.70598467E-01  1.45896530E+00  9.88366836E-01  2.50000000E-02  4.04903330E-12 -1.32394579E-11 
     898  4.37500000E+02  5.62500000E+02  4.88022134E-01  5.00344702E-01  9.88366836E-01  2.50000000E-02 -4.79831044E-12 -2.24593859E-10 
     899  4.62500000E+02  5.62500000E+02 -7.43963884E-01  1.73233072E+00  9.88366836E-01  2.50000000E-02 -5.65133029E-12 -2.55944460E-12 
     900  4.87500000E+02  5.62500000E+02  8.86257588E-01  1.02109248E-01  9.88366836E-01  2.50000000E-02 -1.45330283E-11  7.60064640E-11 
     901  5.12500000E+02  5.62500000E+02  9.75623130E-01  1.27437057E-02  9.88366836E-01  2.50000000E-02 -6.21511247E-11  4.14619044E-11 
     902  5.37500000E+02  5.62500000E+02 -6.54186395E-02  1.05378548E+00  9.88366836E-01  2.50000000E-02 -1.46021713E-11  1.31041854E-11 
     903  5.62500000E+02  5.62500000E+02 -7.77567727E-01  1.76593456E+00  9.88366836E-01  2.50000000E-02 -1.49072178E-11  1.31264945E-12 
     904  5.87500000E+02  5.62500000E+02  9.45151334E-02  8.93851702E-01  9.88366836E-01  2.50000000E-02 -1.53276749E-11  4.19708168E-11 
     905  6.12500000E+02  5.62500000E+02  9.22893731E-02  8.96077463E-01  9.88366836E-01  2.50000000E-02 -1.74409661E-11  2.54049496E-11 
     906  6.37500000E+02  5.62500000E+02  8.11235559E-01  1.77131277E-01  9.88366836E-01  2.50000000E-02 -4.01686160E-11  4.29621993E-11 
     907  6.62500000E+02  5.62500000E+02 -8.91170747E-02  1.07748391E+00  9.88366836E-01  2.50000000E-02 -3.22049153E-11  7.59405160E-11 
     908  6.87500000E+02  5.62500000E+02 -2.66929104E-01  1.25529594E+00  9.88366836E-01  2.50000000E-02 -3.09813893E-11  4.96414006E-11 
     909  7.12500000E+02  5.62500000E+02  2.93419202E-01  6.94947633E-01  9.88366836E-01  2.50000000E-02 -2.85903321E-11  7.80114920E-12 
     910  7.37500000E+02  5.62500000E+02 -2.95420456E-01  1.28378729E+00  9.88366836E-01  2.50000000E-02 -1.87645683E-11  2.83822299E-12 
     911  7.62500000E+02  5.62500000E+02 -8.01096706E-01  1.78946354E+00  9.88366836E-01  2.50000000E-02 -1.59042766E-11  4.80347954E-11 
     912  7.87500000E+02  5.62500000E+02  8.40895920E-01  1.47470916E-01  9.88366836E-01  2.50000000E-02 -3.64140681E-11  2.14423856E-11 
     913  8.12500000E+02  5.62500000E+02 -6.60223018E-01  1.64858985E+00  9.88366836E-01  2.50000000E-02 -2.06940020E-11  3.09453816E-11 
     914  8.37500000E+02  5.62500000E+02  3.75355603E-01  6.13011232E-01  9.88366836E-01  2.50000000E-02 -2.16640322E-11  1.95837992E-12 
     915  8.62500000E+02  5.62500000E+02 -4.03301253E-01  1.39166809E+00  9.88366836E-01  2.50000000E-02 -2.37165768E-11  1.28285277E-11 
     916  8.87500000E+02  5.62500000E+02 -8.82689989E-01  1.87105682E+00  9.88366836E-01  2.50000000E-02 -2.31344716E-11 -7.61456031E-12 
     917  9.12500000E+02  5.62500000E+02  3.13189889E-01  6.75176947E-01  9.88366836E-01  2.50000000E-02 -1.92504915E-11  1.11102629E-11 
     918  9.37500000E+02  5.62500000E+02 -1.32217871E-01  1.12058471E+00  9.88366836E-01  2.50000000E-02 -9.18324801E-12 -9.82373823E-12 
     919  9.62500000E+02  5.62500000E+02 -7.36039310E-01  1.72440615E+00  9.88366836E-01  2.50000000E-02 -3.75647145E-12 -6.08623344E-12 
     920  9.87500000E+02  5.62500000E+02 -9.14987545E-01  1.90335438E+00  9.88366836E-01  2.50000000E-02 -1.20012477E-12  3.90298721E-12 
     921  1.25000000E+01  5.87500000E+02  5.48764479E-01  4.39602357E-01  9.88366836E-01  2.50000000E-02 -2.32015707E-12 -5.13920585E-11 
     922  3.75000000E+01  5.87500000E+02  8.40809812E-01  1.47557023E-01  9.88366836E-01  2.50000000E-02 -2.10499303E-11 -4.18493141E-11 
     923  6.25000000E+01  5.87500000E+02 -7.42145942E-02  1.06258143E+00  9.88366836E-01  2.50000000E-02 -7.31907287E-12 -7.57343267E-12 
     924  8.75000000E+01  5.87500000E+02 -2.39418201E-01  1.22778504E+00  9.88366836E-01  2.50000000E-02 -4.71142685E-12 -8.82258859E-12 
     925  1.12500000E+02  5.87500000E+02  5.81542128E-01  4.06824708E-01  9.88366836E-01  2.50000000E-02 -3.45291933E-12 -2.25545042E-11 
     926  1.37500000E+02  5.87500000E+02  8.15503331E-01  1.72863504E-01  9.88366836E-01  2.50000000E-02 -3.72113240E-11 -3.94499568E-11 
     927  1.62500000E+02  5.87500000E+02  2.34071098E-01  7.54295738E-01  9.88366836E-01  2.50000000E-02 -9.39780270E-11 -1.65721867E-10 
     928  1.87500000E+02  5.87500000E+02 -5.13579934E-01  1.50194677E+00  9.88366836E-01  2.50000000E-02 -1.14870646E-10 -4.02989552E-11 
     929  2.12500000E+02  5.87500000E+02  5.64850116E-01  4.23516719E-01  9.88366836E-01  2.50000000E-02 -1.60114234E-10 -1.35511950E-10 
     930  2.37500000E+02  5.87500000E+02  6.95866772E-01  2.92500064E-01  9.88366836E-01  2.50000000E-02 -1.74335410E-10 -1.18947309E-10 
     931  2.62500000E+02  5.87500000E+02  4.21055040E-01  5.67311796E-01  9.88366836E-01  2.50000000E-02 -1.39673075E-10 -2.12715295E-11 
     932  2.87500000E+02  5.87500000E+02  3.90903367E-01  5.97463469E-01  9.88366836E-01  2.50000000E-02 -1.26018291E-10 -1.27350691E-11 
     933  3.12500000E+02  5.87500000E+02  2.90985599E-01  6.97381237E-01  9.88366836E-01  2.50000000E-02 -1.08847469E-10  2.26027222E-10 
     934  3.37500000E+02  5.87500000E+02  1.88690182E-01  7.99676653E-01  9.88366836E-01  2.50000000E-02 -9.91236458E-11 -1.23181802E-11 
     935  3.62500000E+02  5.87500000E+02  4.67830686E-01  5.20536150E-01  9.88366836E-01  2.50000000E-02 -9.72475812E-11  3.60818557E-12 
     936  3.87500000E+02  5.87500000E+02 -2.62553830E-02  1.01462222E+00  9.88366836E-01  2.50000000E-02 -9.50518969E-11  6.57957131E-11 
     937  4.12500000E+02  5.87500000E+02  8.77213955E-01  1.11152881E-01  9.88366836E-01  2.50000000E-02 -1.45522005E-10 -4.33248665E-12 
     938  4.37500000E+02  5.87500000E+02 -6.36819589E-01  1.62518642E+00  9.88366836E-01  2.50000000E-02 -1.14615283E-10 -2.15949332E-10 
     939  4.62500000E+02  5.87500000E+02  2.32506691E-01  7.55860144E-01  9.88366836E-01  2.50000000E-02 -1.13900655E-10 -7.51056465E-13 
     940  4.87500000E+02  5.87500000E+02 -2.48784872E-01  1.23715171E+00  9.88366836E-01  2.50000000E-02 -9.61952052E-11  1.22134405E-10 
     941  5.12500000E+02  5.87500000E+02 -5.22370654E-01  1.51073749E+00  9.88366836E-01  2.50000000E-02 -8.82865387E-11  1.83953030E-11 
     942  5.37500000E+02  5.87500000E+02 -6.24177793E-01  1.61254463E+00  9.88366836E-01  2.50000000E-02 -8.64268008E-11  1.36061491E-11 
     943  5.62500000E+02  5.87500000E+02 -5.12936838E-01  1.50130367E+00  9.88366836E-01  2.50000000E-02 -8.35396144E-11 -2.86784161E-12 
     944  5.87500000E+02  5.87500000E+02 -3.91293652E-01  1.37966049E+00  9.88366836E-01  2.50000000E-02 -8.05345197E-11  4.11059768E-11 
     945  6.12500000E+02  5.87500000E+02 -2.39706493E-01  1.22807333E+00  9.88366836E-01  2.50000000E-02 -7.10363908E-11  2.15300964E-11 
     946  6.37500000E+02  5.87500000E+02 -2.70095115E-01  1.25846195E+00  9.88366836E-01  2.50000000E-02 -6.59766362E-11  3.48622664E-12 
     947  6.62500000E+02  5.87500000E+02 -1.52645767E-01  1.14101260E+00  9.88366836E-01  2.50000000E-02 -7.14668219E-11  5.53123114E-11 
     948  6.87500000E+02  5.87500000E+02  6.09920179E-01  3.78446656E-01  9.88366836E-01  2.50000000E-02 -9.86482391E-11  6.35891571E-11 
     949  7.12500000E+02  5.87500000E+02  2.96242300E-01  6.92124536E-01  9.88366836E-01  2.50000000E-02 -7.85356750E-11  1.21883061E-11 
     950  7.37500000E+02  5.87500000E+02 -7.63312843E-01  1.75167968E+00  9.88366836E-01  2.50000000E-02 -4.77012418E-11  1.29762576E-11 
     951  7.62500000E+02  5.87500000E+02 -8.61664926E-01  1.85003176E+00  9.88366836E-01  2.50000000E-02 -4.20599869E-11  4.10418991E-11 
     952  7.87500000E+02  5.87500000E+02  7.90965086E-01  1.97401750E-01  9.88366836E-01  2.50000000E-02 -3.99508972E-11  2.28781843E-11 
     953  8.12500000E+02  5.87500000E+02  3.82152086E-01  6.06214749E-01  9.88366836E-01  2.50000000E-02 -3.44964588E-11  5.24065655E-11 
     954  8.37500000E+02  5.87500000E+02 -4.09702057E-01  1.39806889E+00  9.88366836E-01  2.50000000E-02 -2.82610322E-11  1.22426799E-11 
     955  8.62500000E+02  5.87500000E+02 -3.98703818E-01  1.38707065E+00  9.88366836E-01  2.50000000E-02 -2.90348456E-11  9.57602681E-12 
     956  8.87500000E+02  5.87500000E+02  8.83761814E-01  1.04605022E-01  9.88366836E-01  2.50000000E-02 -1.43607445E-11 -2.07822797E-10 
     957  9.12500000E+02  5.87500000E+02  6.21648804E-01  3.66718032E-01  9.88366836E-01  2.50000000E-02  2.98621209E-11  1.24210299E-11 
     958  9.37500000E+02  5.87500000E+02 -6.34674977E-01  1.62304181E+00  9.88366836E-01  2.50000000E-02  1.19237268E-11 -1.15619013E-11 
     959  9.62500000E+02  5.87500000E+02  6.58150002E-02  9.22551835E-01  9.88366836E-01  2.50000000E-02  9.44930726E-12 -7.61303011E-12 
     960  9.87500000E+02  5.87500000E+02  6.34963127E-01  3.53403708E-01  9.88366836E-01  2.50000000E-02  3.46294404E-12  2.60249324E-12 
     961  1.25000000E+01  6.12500000E+02  3.03453320E-01  6.84913516E-01  9.88366836E-01  2.50000000E-02 -2.59098802E-12 -3.54341981E-11 
     962  3.75000000E+01  6.12500000E+02 -5.37321985E-02  1.04209903E+00  9.88366836E-01  2.50000000E-02 -4.80877668E-12 -1.00012862E-11 
     963  6.25000000E+01  6.12500000E+02 -3.05673691E-01  1.29404053E+00  9.88366836E-01  2.50000000E-02 -5.48820800E-12 -5.48284070E-12 
     964  8.75000000E+01  6.12500000E+02 -2.61743157E-01  1.25010999E+00  9.88366836E-01  2.50000000E-02 -6.61427897E-12 -1.08356393E-11 
     965  1.12500000E+02  6.12500000E+02  8.15419797E-01  1.72947038E-01  9.88366836E-01  2.50000000E-02 -2.39670446E-11 -2.10296621E-11 
     966  1.37500000E+02  6.12500000E+02 -7.44647963E-01  1.73301480E+00  9.88366836E-01  2.50000000E-02 -3.24153071E-11  1.25008974E-12 
     967  1.62500000E+02  6.12500000E+02  5.29176109E-01  4.59190726E-01  9.88366836E-01  2.50000000E-02 -5.54037373E-11 -1.24012626E-10 
     968  1.87500000E+02  6.12500000E+02  1.64077824E-01  8.24289012E-01  9.88366836E-01  2.50000000E-02 -9.55270064E-11 -5.99094588E-11 
     969  2.12500000E+02  6.12500000E+02 -5.50158379E-01  1.53852522E+00  9.88366836E-01  2.50000000E-02 -7.80881104E-11 -1.28772461E-10 
     970  2.37500000E+02  6.12500000E+02 -9.02006140E-01  1.89037298E+00  9.88366836E-01  2.50000000E-02 -7.03483816E-11 -1.08115257E-10 
     971  2.62500000E+02  6.12500000E+02  2.99165750E-01  6.89201086E-01  9.88366836E-01  2.50000000E-02 -7.86712181E-11 -9.89559063E-13 
     972  2.87500000E+02  6.12500000E+02 -8.96736737E-01  1.88510357E+00  9.88366836E-01  2.50000000E-02 -7.46466023E-11  7.18885819E-13 
     973  3.12500000E+02  6.12500000E+02  1.61556385E-02  9.72211197E-01  9.88366836E-01  2.50000000E-02 -7.82516149E-11  1.90280481E-10 
     974  3.37500000E+02  6.12500000E+02 -2.51029848E-03  9.90877134E-01  9.88366836E-01  2.50000000E-02 -9.02369718E-11 -1.35700869E-11 
     975  3.62500000E+02  6.12500000E+02 -1.47085750E-01  1.13545259E+00  9.88366836E-01  2.50000000E-02 -8.52628709E-11 -5.85984045E-12 
     976  3.87500000E+02  6.12500000E+02 -5.05318059E-01  1.49368490E+00  9.88366836E-01  2.50000000E-02 -8.67986025E-11  2.22674542E-11 
     977  4.12500000E+02  6.12500000E+02  5.62001394E-01  4.26365441E-01  9.88366836E-01  2.50000000E-02 -1.43337108E-10 -1.48913741E-11 
     978  4.37500000E+02  6.12500000E+02  7.35463960E-01  2.52902876E-01  9.88366836E-01  2.50000000E-02 -2.05587892E-10 -1.61377747E-10 
     979  4.62500000E+02  6.12500000E+02 -4.48297505E-01  1.43666434E+00  9.88366836E-01  2.50000000E-02 -2.47306411E-10 -3.05120594E-12 
     980  4.87500000E+02  6.12500000E+02  7.97431476E-01  1.90935360E-01  9.88366836E-01  2.50000000E-02 -2.51291519E-10  1.21681124E-10 
     981  5.12500000E+02  6.12500000E+02 -6.28015485E-01  1.61638232E+00  9.88366836E-01  2.50000000E-02 -2.46279296E-10  1.07618253E-11 
     982  5.37500000E+02  6.12500000E+02  8.77500396E-01  1.10866440E-01  9.88366836E-01  2.50000000E-02 -1.96616155E-10 -1.94742633E-12 
     983  5.62500000E+02  6.12500000E+02 -2.13074037E-01  1.20144087E+00  9.88366836E-01  2.50000000E-02 -9.02965787E-11 -5.53976730E-12 
     984  5.87500000E+02  6.12500000E+02  6.01599391E-01  3.86767445E-01  9.88366836E-01  2.50000000E-02 -7.92108298E-11  2.55579924E-11 
     985  6.12500000E+02  6.12500000E+02  7.52456020E-01  2.35910816E-01  9.88366836E-01  2.50000000E-02 -7.87190366E-11  1.38523953E-11 
     986  6.37500000E+02  6.12500000E+02 -6.78948890E-01  1.66731573E+00  9.88366836E-01  2.50000000E-02 -4.06353802E-11  1.42448966E-11 
     987  6.62500000E+02  6.12500000E+02 -3.99877109E-01  1.38824394E+00  9.88366836E-01  2.50000000E-02 -3.67541971E-11  3.64872150E-11 
     988  6.87500000E+02  6.12500000E+02  4.94103848E-01  4.94262988E-01  9.88366836E-01  2.50000000E-02 -3.43754890E-11  6.09918100E-11 
     989  7.12500000E+02  6.12500000E+02 -8.35357542E-01  1.82372438E+00  9.88366836E-01  2.50000000E-02 -2.49925642E-11  2.18227316E-11 
     990  7.37500000E+02  6.12500000E+02 -1.75286905E-01  1.16365374E+00  9.88366836E-01  2.50000000E-02 -2.26309121E-11  1.79363031E-11 
     991  7.62500000E+02  6.12500000E+02  8.28031203E-01  1.60335632E-01  9.88366836E-01  2.50000000E-02 -5.46225116E-11  3.50415926E-11 
     992  7.87500000E+02  6.12500000E+02  5.71861485E-01  4.16505351E-01  9.88366836E-01  2.50000000E-02 -5.13158745E-11  3.54231594E-11 
     993  8.12500000E+02  6.12500000E+02 -4.06956404E-01  1.39532324E+00  9.88366836E-01  2.50000000E-02 -3.66083280E-11  8.00503802E-11 
     994  8.37500000E+02  6.12500000E+02 -9.24495417E-01  1.91286225E+00  9.88366836E-01  2.50000000E-02 -4.02781287E-11  1.34377780E-11 
     995  8.62500000E+02  6.12500000E+02  6.60746527E-01  3.27620308E-01  9.88366836E-01  2.50000000E-02 -9.26119545E-11  2.37658545E-12 
     996  8.87500000E+02  6.12500000E+02  9.95587154E-01  7.82068934E-08  9.95587233E-01  2.50000000E-02 -7.24320420E-12 -4.83610550E-12 
     997  9.12500000E+02  6.12500000E+02 -7.59677557E-01  1.74804439E+00  9.88366836E-01  2.50000000E-02  9.26024720E-12  2.46447241E-11 
     998  9.37500000E+02  6.12500000E+02 -4.27104154E-01  1.41547099E+00  9.88366836E-01  2.50000000E-02  9.19131457E-12 -1.01156968E-11 
     999  9.62500000E+02  6.12500000E+02  4.11357170E-01  5.77009666E-01  9.88366836E-01  2.50000000E-02  6.83285282E-12 -2.45536151E-12 
    1000  9.87500000E+02  6.12500000E+02 -6.48242668E-01  1.63660950E+00  9.88366836E-01  2.50000000E-02  8.21569522E-13  4.15647278E-12 
    1001  1.25000000E+01  6.37500000E+02 -9.40392861E-01  1.92875970E+00  9.88366836E-01  2.50000000E-02 -2.52678134E-12 -3.02453595E-11 
    1002  3.75000000E+01  6.37500000E+02  2.92199058E-01  6.96167777E-01  9.88366836E-01  2.50000000E-02 -1.64817951E-11 -7.99235901E-12 
    1003  6.25000000E+01  6.37500000E+02  4.03752741E-01  5.84614095E-01  9.88366836E-01  2.50000000E-02 -2.04648420E-11 -6.91745002E-12 
    1004  8.75000000E+01  6.37500000E+02 -9.40355357E-01  1.92872219E+00  9.88366836E-01  2.50000000E-02 -1.54853006E-11 -1.11019239E-11 
    1005  1.12500000E+02  6.37500000E+02 -6.69036089E-01  1.65740292E+00  9.88366836E-01  2.50000000E-02 -1.48842031E-11 -2.95199952E-12 
    1006  1.37500000E+02  6.37500000E+02 -6.30592728E-01  1.61895956E+00  9.88366836E-01  2.50000000E-02 -1.60119095E-11  2.24103784E-12 
    1007  1.62500000E+02  6.37500000E+02 -5.73665813E-01  1.56203265E+00  9.88366836E-01  2.50000000E-02 -1.65479106E-11 -5.51517898E-11 
    1008  1.87500000E+02  6.37500000E+02  9.74206108E-01  1.41607275E-02  9.88366836E-01  2.50000000E-02 -1.44906636E-10 -9.52392134E-11 
    1009  2.12500000E+02  6.37500000E+02  5.58623786E-01  4.29743049E-01  9.88366836E-01  2.50000000E-02 -7.91257779E-11 -6.78747854E-11 
    1010  2.37500000E+02  6.37500000E+02  1.43151761E-01  8.45215074E-01  9.88366836E-01  2.50000000E-02 -9.26648017E-11 -9.11223711E-11 
    1011  2.62500000E+02  6.37500000E+02 -2.12071154E-01  1.20043799E+00  9.88366836E-01  2.50000000E-02 -9.62954214E-11  1.88806379E-11 
    1012  2.87500000E+02  6.37500000E+02 -4.21580013E-01  1.40994685E+00  9.88366836E-01  2.50000000E-02 -9.80630746E-11  7.83718372E-12 
    1013  3.12500000E+02  6.37500000E+02 -2.69652413E-01  1.25801925E+00  9.88366836E-01  2.50000000E-02 -1.00356138E-10  1.70325219E-10 
    1014  3.37500000E+02  6.37500000E+02  9.34500156E-01  5.38666795E-02  9.88366836E-01  2.50000000E-02 -5.75811774E-11 -4.09468231E-11 
    1015  3.62500000E+02  6.37500000E+02 -8.15144883E-01  1.80351172E+00  9.88366836E-01  2.50000000E-02 -6.43357156E-12 -5.41278583E-12 
    1016  3.87500000E+02  6.37500000E+02 -4.06610623E-01  1.39497746E+00  9.88366836E-01  2.50000000E-02 -6.82396518E-12  7.67988655E-12 
    1017  4.12500000E+02  6.37500000E+02  3.49140391E-01  6.39226445E-01  9.88366836E-01  2.50000000E-02 -1.27303468E-11 -9.32380797E-12 
    1018  4.37500000E+02  6.37500000E+02 -2.34497289E-01  1.22286412E+00  9.88366836E-01  2.50000000E-02 -2.24268927E-11 -1.34413977E-10 
    1019  4.62500000E+02  6.37500000E+02 -6.23537321E-01  1.61190416E+00  9.88366836E-01  2.50000000E-02 -2.69317622E-11 -1.03868602E-11 
    1020  4.87500000E+02  6.37500000E+02  6.91516761E-01  2.96850074E-01  9.88366836E-01  2.50000000E-02 -4.16729195E-11  7.70353832E-11 
    1021  5.12500000E+02  6.37500000E+02 -6.90845646E-01  1.67921248E+00  9.88366836E-01  2.50000000E-02 -1.70948286E-11  8.17404216E-12 
    1022  5.37500000E+02  6.37500000E+02 -6.34222063E-01  1.62258890E+00  9.88366836E-01  2.50000000E-02 -1.54178130E-11 -2.44012833E-11 
    1023  5.62500000E+02  6.37500000E+02  4.58383699E-01  5.29983136E-01  9.88366836E-01  2.50000000E-02 -1.56507770E-11  1.85838079E-12 
    1024  5.87500000E+02  6.37500000E+02 -3.65768581E-01  1.35413542E+00  9.88366836E-01  2.50000000E-02 -8.54541855E-12  1.54733765E-11 
    1025  6.12500000E+02  6.37500000E+02 -6.90980806E-01  1.67934764E+00  9.88366836E-01  2.50000000E-02 -7.71932364E-12  3.79014765E-12 
    1026  6.37500000E+02  6.37500000E+02 -6.60668753E-01  1.64903559E+00  9.88366836E-01  2.50000000E-02 -9.06683779E-12  2.29725386E-11 
    1027  6.62500000E+02  6.37500000E+02  9.10784558E-01  7.75822780E-02  9.88366836E-01  2.50000000E-02 -8.74136436E-11  4.05660388E-11 
    1028  6.87500000E+02  6.37500000E+02 -3.34732112E-01  1.32309895E+00  9.88366836E-01  2.50000000E-02 -1.10589051E-10  7.61694801E-11 
    1029  7.12500000E+02  6.37500000E+02  2.61776502E-01  7.26590334E-01  9.88366836E-01  2.50000000E-02 -1.11788391E-10  2.51173196E-11 
    1030  7.37500000E+02  6.37500000E+02 -2.93455060E-01  1.28182190E+00  9.88366836E-01  2.50000000E-02 -1.11277988E-10  1.13705349E-11 
    1031  7.62500000E+02  6.37500000E+02  3.10672546E-01  6.77694289E-01  9.88366836E-01  2.50000000E-02 -1.08830349E-10  9.51292997E-12 
    1032  7.87500000E+02  6.37500000E+02  2.80939941E-01  7.07426895E-01  9.88366836E-01  2.50000000E-02 -1.10582915E-10  2.76852780E-11 
    1033  8.12500000E+02  6.37500000E+02  3.32255791E-01  6.56111045E-01  9.88366836E-01  2.50000000E-02 -1.12136768E-10  9.08951604E-11 
    1034  8.37500000E+02  6.37500000E+02  6.39458614E-01  3.48908222E-01  9.88366836E-01  2.50000000E-02 -1.01846412E-10 -6.78375036E-12 
    1035  8.62500000E+02  6.37500000E+02  6.53592954E-01  3.34773882E-01  9.88366836E-01  2.50000000E-02 -7.03592638E-11  2.22908156E-12 
    1036  8.87500000E+02  6.37500000E+02 -7.00726285E-01  1.68909312E+00  9.88366836E-01  2.50000000E-02 -1.17681288E-11  2.85566045E-11 
    1037  9.12500000E+02  6.37500000E+02 -4.87372950E-01  1.47573979E+00  9.88366836E-01  2.50000000E-02 -7.06306864E-12  2.37307380E-11 
    1038  9.37500000E+02  6.37500000E+02 -5.92334440E-02  1.04760028E+00  9.88366836E-01  2.50000000E-02 -4.74730428E-12 -9.66489941E-12 
    1039  9.62500000E+02  6.37500000E+02 -7.99537434E-01  1.78790427E+00  9.88366836E-01  2.50000000E-02 -2.71499152E-12 -2.41527367E-12 
    1040  9.87500000E+02  6.37500000E+02 -5.07206554E-02  1.03908749E+00  9.88366836E-01  2.50000000E-02 -9.24894231E-13  2.72164647E-12 
    1041  1.25000000E+01  6.62500000E+02  7.21507143E-01  2.66859692E-01  9.88366836E-01  2.50000000E-02 -2.68407086E-12 -3.66202829E-11 
    1042  3.75000000E+01  6.62500000E+02  5.28989000E-01  4.59377836E-01  9.88366836E-01  2.50000000E-02 -2.57919023E-12 -1.15491264E-11 
    1043  6.25000000E+01  6.62500000E+02  6.53154362E-01  3.35212474E-01  9.88366836E-01  2.50000000E-02  2.63064883E-12 -1.35007103E-11 
    1044  8.75000000E+01  6.62500000E+02  1.68424251E-01  8.19942585E-01  9.88366836E-01  2.50000000E-02  8.41318935E-12 -1.11654418E-11 
    1045  1.12500000E+02  6.62500000E+02  1.44999953E-01  8.43366883E-01  9.88366836E-01  2.50000000E-02  1.08745522E-11 -4.19429621E-12 
    1046  1.37500000E+02  6.62500000E+02 -5.02182718E-01  1.49054955E+00  9.88366836E-01  2.50000000E-02  1.33495890E-11 -1.27122287E-12 
    1047  1.62500000E+02  6.62500000E+02 -5.26667734E-01  1.51503457E+00  9.88366836E-01  2.50000000E-02  1.35175211E-11 -4.35607774E-11 
    1048  1.87500000E+02  6.62500000E+02  9.41039388E-01  4.73274481E-02  9.88366836E-01  2.50000000E-02 -2.13381916E-11 -2.80190405E-11 
    1049  2.12500000E+02  6.62500000E+02  1.10856106E-01  8.77510730E-01  9.88366836E-01  2.50000000E-02 -2.17869791E-12 -2.12633679E-11 
    1050  2.37500000E+02  6.62500000E+02  3.92237814E-01  5.96129021E-01  9.88366836E-01  2.50000000E-02 -1.04608285E-11 -5.94384332E-11 
    1051  2.62500000E+02  6.62500000E+02 -2.56877494E-01  1.24524433E+00  9.88366836E-01  2.50000000E-02 -1.42842394E-11  2.75507170E-11 
    1052  2.87500000E+02  6.62500000E+02 -8.93025048E-01  1.88139188E+00  9.88366836E-01  2.50000000E-02 -1.38405404E-11  1.07152717E-11 
    1053  3.12500000E+02  6.62500000E+02  7.04383125E-01  2.83983710E-01  9.88366836E-01  2.50000000E-02 -1.36142517E-11  1.41487149E-10 
    1054  3.37500000E+02  6.62500000E+02 -6.20474723E-01  1.60884156E+00  9.88366836E-01  2.50000000E-02  5.74457041E-12 -6.35273765E-12 
    1055  3.62500000E+02  6.62500000E+02  2.15328870E-01  7.73037966E-01  9.88366836E-01  2.50000000E-02  7.24396676E-12 -3.60291469E-12 
    1056  3.87500000E+02  6.62500000E+02  1.03280951E-01  8.85085884E-01  9.88366836E-01  2.50000000E-02  6.34118287E-12  7.89205606E-12 
    1057  4.12500000E+02  6.62500000E+02 -9.20204754E-01  1.90857159E+00  9.88366836E-01  2.50000000E-02  5.55517277E-12 -1.03980323E-12 
    1058  4.37500000E+02  6.62500000E+02  8.34153607E-01  1.54213228E-01  9.88366836E-01  2.50000000E-02 -1.96953002E-11 -8.91396449E-11 
    1059  4.62500000E+02  6.62500000E+02 -6.17011257E-01  1.60537809E+00  9.88366836E-01  2.50000000E-02 -2.07302485E-11 -1.07241581E-11 
    1060  4.87500000E+02  6.62500000E+02 -1.11500883E-01  1.09986772E+00  9.88366836E-01  2.50000000E-02 -2.60887926E-11  3.29055252E-11 
    1061  5.12500000E+02  6.62500000E+02 -4.38547116E-01  1.42691395E+00  9.88366836E-01  2.50000000E-02 -2.98108153E-11  1.20058016E-11 
    1062  5.37500000E+02  6.62500000E+02  1.24881031E-01  8.63485804E-01  9.88366836E-01  2.50000000E-02 -2.68079184E-11 -3.42976784E-11 
    1063  5.62500000E+02  6.62500000E+02  8.88143054E-01  1.00223781E-01  9.88366836E-01  2.50000000E-02 -4.87776600E-11 -2.44090286E-12 
    1064  5.87500000E+02  6.62500000E+02  7.56693025E-01  2.31673811E-01  9.88366836E-01  2.50000000E-02 -2.93529730E-11  2.27515259E-11 
    1065  6.12500000E+02  6.62500000E+02 -5.59181623E-01  1.54754846E+00  9.88366836E-01  2.50000000E-02 -1.26465249E-11  6.41082989E-12 
    1066  6.37500000E+02  6.62500000E+02 -2.36502072E-01  1.22486891E+00  9.88366836E-01  2.50000000E-02 -1.23283054E-11  2.54064392E-11 
    1067  6.62500000E+02  6.62500000E+02  7.69975015E-01  2.18391821E-01  9.88366836E-01  2.50000000E-02 -2.39851226E-11  2.61965235E-11 
    1068  6.87500000E+02  6.62500000E+02 -2.62419045E-01  1.25078588E+00  9.88366836E-01  2.50000000E-02 -8.14517353E-12  8.42801946E-11 
    1069  7.12500000E+02  6.62500000E+02 -7.47798696E-01  1.73616553E+00  9.88366836E-01  2.50000000E-02 -6.78081148E-12  2.68251642E-11 
    1070  7.37500000E+02  6.62500000E+02  7.17758291E-01  2.70608545E-01  9.88366836E-01  2.50000000E-02 -5.88945400E-12  1.21680071E-11 
    1071  7.62500000E+02  6.62500000E+02 -2.70231324E-01  1.25859816E+00  9.88366836E-01  2.50000000E-02 -2.76710971E-12  5.29470837E-12 
    1072  7.87500000E+02  6.62500000E+02 -6.08207114E-01  1.59657395E+00  9.88366836E-01  2.50000000E-02 -5.69968538E-12  1.54879224E-11 
    1073  8.12500000E+02  6.62500000E+02  6.27633483E-01  3.60733353E-01  9.88366836E-01  2.50000000E-02 -2.77445994E-11  7.77769996E-11 
    1074  8.37500000E+02  6.62500000E+02  3.77482458E-01  6.10884378E-01  9.88366836E-01  2.50000000E-02 -2.34764385E-11 -1.75058502E-11 
    1075  8.62500000E+02  6.62500000E+02 -7.49113139E-01  1.73747997E+00  9.88366836E-01  2.50000000E-02 -1.19311810E-12 -1.54512531E-11 
    1076  8.87500000E+02  6.62500000E+02 -4.20707946E-01  1.40907478E+00  9.88366836E-01  2.50000000E-02  7.89255723E-12  3.16570858E-11 
    1077  9.12500000E+02  6.62500000E+02 -5.96752387E-01  1.58511922E+00  9.88366836E-01  2.50000000E-02  1.30359759E-11  2.45756488E-11 
    1078  9.37500000E+02  6.62500000E+02 -6.47407324E-01  1.63577416E+00  9.88366836E-01  2.50000000E-02  1.34955373E-11 -9.81920882E-12 
    1079  9.62500000E+02  6.62500000E+02  1.30377829E-01  8.57989007E-01  9.88366836E-01  2.50000000E-02  7.84426055E-12 -1.64363888E-12 
    1080  9.87500000E+02  6.62500000E+02 -1.42309912E-01  1.13067675E+00  9.88366836E-01  2.50000000E-02  1.82515083E-12  3.09427998E-12 
    1081  1.25000000E+01  6.87500000E+02 -3.07977107E-01  1.29634394E+00  9.88366836E-01  2.50000000E-02 -2.85560417E-13 -1.61605002E-11 
    1082  3.75000000E+01  6.87500000E+02 -5.64544706E-02  1.04482131E+00  9.88366836E-01  2.50000000E-02 -1.67477925E-12 -7.39408345E-12 
    1083  6.25000000E+01  6.87500000E+02  5.18945662E-01  4.69421173E-01  9.88366836E-01  2.50000000E-02 -1.20488321E-11 -1.79344512E-11 
    1084  8.75000000E+01  6.87500000E+02 -6.36454859E-01  1.62482170E+00  9.88366836E-01  2.50000000E-02 -1.43032836E-11 -6.73911779E-12 
    1085  1.12500000E+02  6.87500000E+02 -6.85283209E-01  1.67365004E+00  9.88366836E-01  2.50000000E-02 -1.52440710E-11 -1.72921695E-12 
    1086  1.37500000E+02  6.87500000E+02 -9.97720077E-01  1.98608691E+00  9.88366836E-01  2.50000000E-02 -2.02641064E-11 -4.15177936E-12 
    1087  1.62500000E+02  6.87500000E+02 -3.34496651E-01  1.32286349E+00  9.88366836E-01  2.50000000E-02 -4.12635493E-11 -4.07199614E-11 
    1088  1.87500000E+02  6.87500000E+02 -1.78130384E-01  1.16649722E+00  9.88366836E-01  2.50000000E-02 -6.37483567E-11  6.27663313E-12 
    1089  2.12500000E+02  6.87500000E+02 -9.12266154E-01  1.90063299E+00  9.88366836E-01  2.50000000E-02 -6.28509252E-11 -7.27751326E-12 
    1090  2.37500000E+02  6.87500000E+02 -5.41857218E-01  1.53022405E+00  9.88366836E-01  2.50000000E-02 -6.05982665E-11 -3.14938041E-11 
    1091  2.62500000E+02  6.87500000E+02 -3.64935538E-01  1.35330237E+00  9.88366836E-01  2.50000000E-02 -6.70771079E-11  2.15243865E-11 
    1092  2.87500000E+02  6.87500000E+02  1.14057330E-01  8.74309506E-01  9.88366836E-01  2.50000000E-02 -8.03759509E-11  9.67794229E-12 
    1093  3.12500000E+02  6.87500000E+02  5.99342883E-02  9.28432547E-01  9.88366836E-01  2.50000000E-02 -7.72911139E-11  1.11580660E-10 
    1094  3.37500000E+02  6.87500000E+02 -6.29059867E-01  1.61742670E+00  9.88366836E-01  2.50000000E-02 -6.09752336E-11 -9.83843302E-13 
    1095  3.62500000E+02  6.87500000E+02 -5.54513131E-01  1.54287997E+00  9.88366836E-01  2.50000000E-02 -5.76780197E-11 -6.27851718E-12 
    1096  3.87500000E+02  6.87500000E+02 -2.96395410E-01  1.28476225E+00  9.88366836E-01  2.50000000E-02 -6.22260819E-11  6.89090275E-12 
    1097  4.12500000E+02  6.87500000E+02 -1.48470216E-01  1.13683705E+00  9.88366836E-01  2.50000000E-02 -6.76893048E-11 -3.12229162E-14 
    1098  4.37500000E+02  6.87500000E+02  7.59800929E-03  9.80768826E-01  9.88366836E-01  2.50000000E-02 -7.16247095E-11 -3.00423767E-11 
    1099  4.62500000E+02  6.87500000E+02 -6.08590634E-01  1.59695747E+00  9.88366836E-01  2.50000000E-02 -6.41746754E-11 -2.69154053E-12 
    1100  4.87500000E+02  6.87500000E+02 -3.69620645E-01  1.35798748E+00  9.88366836E-01  2.50000000E-02 -6.83882349E-11  1.65383392E-11 
    1101  5.12500000E+02  6.87500000E+02  3.46211414E-01  6.42155422E-01  9.88366836E-01  2.50000000E-02 -9.27431367E-11  7.63763856E-12 
    1102  5.37500000E+02  6.87500000E+02 -2.26452086E-01  1.21481892E+00  9.88366836E-01  2.50000000E-02 -7.79256278E-11 -3.61404114E-11 
    1103  5.62500000E+02  6.87500000E+02 -5.15429995E-02  1.03990984E+00  9.88366836E-01  2.50000000E-02 -7.39591463E-11 -1.42800065E-11 
    1104  5.87500000E+02  6.87500000E+02  2.08717471E-01  7.79649365E-01  9.88366836E-01  2.50000000E-02 -8.11795980E-11  1.44182272E-11 
    1105  6.12500000E+02  6.87500000E+02 -4.30792963E-01  1.41915980E+00  9.88366836E-01  2.50000000E-02 -8.59500102E-11  7.26290235E-12 
    1106  6.37500000E+02  6.87500000E+02  4.02911505E-01  5.85455330E-01  9.88366836E-01  2.50000000E-02 -8.83802131E-11  3.16727276E-11 
    1107  6.62500000E+02  6.87500000E+02  1.26154343E-01  8.62212493E-01  9.88366836E-01  2.50000000E-02 -7.90175638E-11  1.78101320E-11 
    1108  6.87500000E+02  6.87500000E+02 -1.71976768E-01  1.16034360E+00  9.88366836E-01  2.50000000E-02 -7.62858786E-11  7.64501396E-11 
    1109  7.12500000E+02  6.87500000E+02  5.64254654E-01  4.24112182E-01  9.88366836E-01  2.50000000E-02 -7.46281208E-11  2.18951986E-11 
    1110  7.37500000E+02  6.87500000E+02 -1.49038884E-01  1.13740572E+00  9.88366836E-01  2.50000000E-02 -4.01471006E-11  1.75646782E-11 
    1111  7.62500000E+02  6.87500000E+02 -3.60254336E-01  1.34862117E+00  9.88366836E-01  2.50000000E-02 -3.18505180E-11  4.65172868E-12 
    1112  7.87500000E+02  6.87500000E+02 -7.85771987E-01  1.77413882E+00  9.88366836E-01  2.50000000E-02 -3.10001783E-11  1.18804147E-11 
    1113  8.12500000E+02  6.87500000E+02  4.57362621E-01  5.31004214E-01  9.88366836E-01  2.50000000E-02 -4.12427052E-11  5.93383889E-11 
    1114  8.37500000E+02  6.87500000E+02  6.66470773E-01  3.21896062E-01  9.88366836E-01  2.50000000E-02 -4.83902630E-11 -2.55910507E-11 
    1115  8.62500000E+02  6.87500000E+02 -7.72833755E-01  1.76120059E+00  9.88366836E-01  2.50000000E-02 -4.69632257E-12 -1.50769420E-11 
    1116  8.87500000E+02  6.87500000E+02  2.32845507E-01  7.55521328E-01  9.88366836E-01  2.50000000E-02  6.36167579E-12  3.90970204E-11 
    1117  9.12500000E+02  6.87500000E+02  2.12036995E-01  7.76329840E-01  9.88366836E-01  2.50000000E-02  6.91738532E-12  3.34071090E-11 
    1118  9.37500000E+02  6.87500000E+02  7.93162657E-01  1.95204178E-01  9.88366836E-01  2.50000000E-02  5.14741074E-12  9.62784035E-12 
    1119  9.62500000E+02  6.87500000E+02  7.35826877E-01  2.52539958E-01  9.88366836E-01  2.50000000E-02 -3.41580785E-12  1.07697518E-11 
    1120  9.87500000E+02  6.87500000E+02 -1.15334343E-01  1.10370118E+00  9.88366836E-01  2.50000000E-02 -5.84759788E-13  5.24095772E-12 
    1121  1.25000000E+01  7.12500000E+02  2.12525782E-01  7.75841053E-01  9.88366836E-01  2.50000000E-02 -3.85884467E-13 -1.22706624E-11 
    1122  3.75000000E+01  7.12500000E+02 -1.04713308E-02  9.98838166E-01  9.88366836E-01  2.50000000E-02 -7.60949486E-13 -6.11995663E-12 
    1123  6.25000000E+01  7.12500000E+02  9.76343073E-01  1.20237625E-02  9.88366836E-01  2.50000000E-02 -1.06562861E-11 -2.37009051E-11 
    1124  8.75000000E+01  7.12500000E+02  5.34586808E-02  9.34908155E-01  9.88366836E-01  2.50000000E-02 -1.97447138E-12  4.57135606E-13 
    1125  1.12500000E+02  7.12500000E+02 -8.52450590E-01  1.84081743E+00  9.88366836E-01  2.50000000E-02 -1.60687683E-12 -4.03628561E-13 
    1126  1.37500000E+02  7.12500000E+02 -9.64945501E-03  9.98016291E-01  9.88366836E-01  2.50000000E-02 -2.43770594E-12 -3.57768286E-12 
    1127  1.62500000E+02  7.12500000E+02  7.74196494E-01  2.14170341E-01  9.88366836E-01  2.50000000E-02 -1.93733306E-11 -6.40230733E-11 
    1128  1.87500000E+02  7.12500000E+02  2.29713840E-01  7.58652995E-01  9.88366836E-01  2.50000000E-02 -1.52360912E-11  1.08879691E-11 
    1129  2.12500000E+02  7.12500000E+02 -2.32188020E-01  1.22055486E+00  9.88366836E-01  2.50000000E-02 -1.32642072E-11  7.68936628E-13 
    1130  2.37500000E+02  7.12500000E+02 -9.98114426E-01  1.98648126E+00  9.88366836E-01  2.50000000E-02 -1.63353269E-11 -2.55086155E-11 
    1131  2.62500000E+02  7.12500000E+02 -9.56243896E-01  1.94461073E+00  9.88366836E-01  2.50000000E-02 -1.77742779E-11  1.31580723E-11 
    1132  2.87500000E+02  7.12500000E+02 -2.02079740E-01  1.19044658E+00  9.88366836E-01  2.50000000E-02 -1.93069298E-11  4.78834072E-12 
    1133  3.12500000E+02  7.12500000E+02  6.56841777E-01  3.31525058E-01  9.88366836E-01  2.50000000E-02 -2.04691630E-11  8.29945138E-11 
    1134  3.37500000E+02  7.12500000E+02 -4.28067939E-01  1.41643477E+00  9.88366836E-01  2.50000000E-02  6.71646319E-13  5.38824184E-12 
    1135  3.62500000E+02  7.12500000E+02 -5.78451388E-01  1.56681822E+00  9.88366836E-01  2.50000000E-02  1.09220176E-12 -7.20118134E-12 
    1136  3.87500000E+02  7.12500000E+02  6.96919818E-01  2.91447018E-01  9.88366836E-01  2.50000000E-02 -6.79297147E-12  3.36266080E-12 
    1137  4.12500000E+02  7.12500000E+02  6.88016199E-01  3.00350637E-01  9.88366836E-01  2.50000000E-02 -1.05298992E-11 -4.85630708E-12 
    1138  4.37500000E+02  7.12500000E+02  4.50937987E-01  5.37428848E-01  9.88366836E-01  2.50000000E-02 -1.60562965E-11 -1.90298451E-11 
    1139  4.62500000E+02  7.12500000E+02 -8.72638106E-01  1.86100494E+00  9.88366836E-01  2.50000000E-02 -1.15733253E-11  2.44525547E-12 
    1140  4.87500000E+02  7.12500000E+02 -4.72261166E-01  1.46062800E+00  9.88366836E-01  2.50000000E-02 -1.26079202E-11  5.72651301E-12 
    1141  5.12500000E+02  7.12500000E+02  7.11608422E-01  2.76758413E-01  9.88366836E-01  2.50000000E-02 -4.32026004E-11  8.75184477E-12 
    1142  5.37500000E+02  7.12500000E+02  1.36578061E-01  8.51788774E-01  9.88366836E-01  2.50000000E-02 -4.35730590E-11 -2.58605640E-11 
    1143  5.62500000E+02  7.12500000E+02 -3.27990276E-01  1.31635711E+00  9.88366836E-01  2.50000000E-02 -4.52787562E-11 -1.42046072E-11 
    1144  5.87500000E+02  7.12500000E+02 -1.35230552E-01  1.12359739E+00  9.88366836E-01  2.50000000E-02 -5.27442868E-11  5.61998466E-12 
    1145  6.12500000E+02  7.12500000E+02  4.61645272E-01  5.26721564E-01  9.88366836E-01  2.50000000E-02 -7.17274124E-11 -3.69636740E-12 
    1146  6.37500000E+02  7.12500000E+02 -7.21591945E-01  1.70995878E+00  9.88366836E-01  2.50000000E-02 -5.51065486E-11  5.62556978E-11 
    1147  6.62500000E+02  7.12500000E+02 -6.19559136E-01  1.60792597E+00  9.88366836E-01  2.50000000E-02 -5.45761314E-11  2.00735504E-11 
    1148  6.87500000E+02  7.12500000E+02 -9.67050839E-01  1.95541767E+00  9.88366836E-01  2.50000000E-02 -5.79789918E-11  6.46243713E-11 
    1149  7.12500000E+02  7.12500000E+02  7.15133262E-01  2.73233574E-01  9.88366836E-01  2.50000000E-02 -6.88538320E-11  1.07337709E-11 
    1150  7.37500000E+02  7.12500000E+02  2.54938944E-01  7.33427892E-01  9.88366836E-01  2.50000000E-02 -5.10538535E-11  2.90037894E-11 
    1151  7.62500000E+02  7.12500000E+02 -4.88733671E-01  1.47710051E+00  9.88366836E-01  2.50000000E-02 -5.62428046E-11  3.33920386E-12 
    1152  7.87500000E+02  7.12500000E+02  5.88489260E-01  3.99877575E-01  9.88366836E-01  2.50000000E-02 -8.70611353E-11  5.88671679E-12 
    1153  8.12500000E+02  7.12500000E+02  1.42788505E-01  8.45578330E-01  9.88366836E-01  2.50000000E-02 -1.14056248E-10  4.48685022E-11 
    1154  8.37500000E+02  7.12500000E+02  9.09849421E-01  7.85174151E-02  9.88366836E-01  2.50000000E-02 -3.34467319E-10  1.14073962E-11 
    1155  8.62500000E+02  7.12500000E+02  9.96609287E-01  7.79767614E-08  9.96609365E-01  2.50000000E-02 -6.62835714E-12  5.57687435E-12 
    1156  8.87500000E+02  7.12500000E+02 -7.20531090E-01  1.70889793E+00  9.88366836E-01  2.50000000E-02  2.24001620E-11  3.41369667E-11 
    1157  9.12500000E+02  7.12500000E+02  1.83987736E-01  8.04379100E-01  9.88366836E-01  2.50000000E-02  2.31335203E-11  3.31983855E-11 
    1158  9.37500000E+02  7.12500000E+02 -3.67840359E-01  1.35620719E+00  9.88366836E-01  2.50000000E-02  2.14358487E-11  1.14549222E-11 
    1159  9.62500000E+02  7.12500000E+02  5.24402463E-01  4.63964373E-01  9.88366836E-01  2.50000000E-02  1.52851171E-11  1.63358968E-11 
    1160  9.87500000E+02  7.12500000E+02  8.48327636E-01  1.40039199E-01  9.88366836E-01  2.50000000E-02  6.19733666E-12  2.53393351E-11 
    1161  1.25000000E+01  7.37500000E+02 -7.88650651E-01  1.77701749E+00  9.88366836E-01  2.50000000E-02 -3.99659047E-13 -9.63983010E-12 
    1162  3.75000000E+01  7.37500000E+02 -4.78120813E-01  1.46648765E+00  9.88366836E-01  2.50000000E-02 -1.31924923E-12 -5.26409592E-12 
    1163  6.25000000E+01  7.37500000E+02 -6.38564569E-01  1.62693140E+00  9.88366836E-01  2.50000000E-02 -1.54518018E-12 -1.90032864E-12 
    1164  8.75000000E+01  7.37500000E+02 -7.36592694E-01  1.72495953E+00  9.88366836E-01  2.50000000E-02 -2.07921121E-12  1.14239812E-12 
    1165  1.12500000E+02  7.37500000E+02 -2.36763111E-02  1.01204315E+00  9.88366836E-01  2.50000000E-02 -4.28650564E-12 -1.97345479E-12 
    1166  1.37500000E+02  7.37500000E+02  7.75144578E-01  2.13222258E-01  9.88366836E-01  2.50000000E-02 -1.67193380E-11 -7.62487643E-12 
    1167  1.62500000E+02  7.37500000E+02  2.58238609E-01  7.30128226E-01  9.88366836E-01  2.50000000E-02 -2.79508365E-11 -5.72393365E-11 
    1168  1.87500000E+02  7.37500000E+02  4.67752723E-01  5.20614112E-01  9.88366836E-01  2.50000000E-02 -2.92821818E-11  1.70393218E-11 
    1169  2.12500000E+02  7.37500000E+02 -2.07987256E-01  1.19635409E+00  9.88366836E-01  2.50000000E-02 -2.20005050E-11  4.02749517E-12 
    1170  2.37500000E+02  7.37500000E+02  1.81088697E-02  9.70257966E-01  9.88366836E-01  2.50000000E-02 -2.21095522E-11 -2.30162594E-11 
    1171  2.62500000E+02  7.37500000E+02  2.37743781E-01  7.50623054E-01  9.88366836E-01  2.50000000E-02 -2.23571561E-11  4.48410487E-12 
    1172  2.87500000E+02  7.37500000E+02  7.38630632E-02  9.14503772E-01  9.88366836E-01  2.50000000E-02 -1.52423976E-11 -2.58477942E-12 
    1173  3.12500000E+02  7.37500000E+02 -6.92625819E-01  1.68099265E+00  9.88366836E-01  2.50000000E-02 -1.35882181E-11  3.26282088E-11 
    1174  3.37500000E+02  7.37500000E+02  9.10884101E-01  7.74827349E-02  9.88366836E-01  2.50000000E-02 -4.25082176E-11  1.70875819E-11 
    1175  3.62500000E+02  7.37500000E+02 -8.89535876E-02  1.07732042E+00  9.88366836E-01  2.50000000E-02 -1.79466119E-11 -2.71592104E-12 
    1176  3.87500000E+02  7.37500000E+02  1.79161911E-01  8.09204924E-01  9.88366836E-01  2.50000000E-02 -1.80701946E-11  4.75879021E-12 
    1177  4.12500000E+02  7.37500000E+02 -5.20105070E-01  1.50847191E+00  9.88366836E-01  2.50000000E-02 -1.98314165E-11 -7.20906259E-13 
    1178  4.37500000E+02  7.37500000E+02  1.44048664E-01  8.44318171E-01  9.88366836E-01  2.50000000E-02 -2.23215924E-11 -9.12872679E-12 
    1179  4.62500000E+02  7.37500000E+02 -2.93262894E-01  1.28162973E+00  9.88366836E-01  2.50000000E-02 -2.13988277E-11  6.55440003E-12 
    1180  4.87500000E+02  7.37500000E+02 -8.74837871E-01  1.86320471E+00  9.88366836E-01  2.50000000E-02 -2.00703786E-11  4.05572828E-12 
    1181  5.12500000E+02  7.37500000E+02  1.28077772E-02  9.75559058E-01  9.88366836E-01  2.50000000E-02 -2.12742889E-11 -1.37779036E-11 
    1182  5.37500000E+02  7.37500000E+02  8.63247758E-01  1.25119077E-01  9.88366836E-01  2.50000000E-02 -5.32205233E-11  1.51189037E-12 
    1183  5.62500000E+02  7.37500000E+02  9.08072132E-01  8.02947037E-02  9.88366836E-01  2.50000000E-02 -7.56567535E-11 -1.58416874E-12 
    1184  5.87500000E+02  7.37500000E+02  5.53396221E-01  4.34970614E-01  9.88366836E-01  2.50000000E-02 -3.17327732E-11 -5.92238460E-12 
    1185  6.12500000E+02  7.37500000E+02  2.10395785E-01  7.77971051E-01  9.88366836E-01  2.50000000E-02 -2.25275706E-11 -8.92609942E-13 
    1186  6.37500000E+02  7.37500000E+02  4.84775283E-02  9.39889307E-01  9.88366836E-01  2.50000000E-02 -1.95583700E-11  6.88273421E-11 
    1187  6.62500000E+02  7.37500000E+02 -4.85448113E-02  1.03691165E+00  9.88366836E-01  2.50000000E-02 -1.90955811E-11  2.05601338E-11 
    1188  6.87500000E+02  7.37500000E+02  9.81100052E-01  7.26678412E-03  9.88366836E-01  2.50000000E-02 -6.68211189E-11  4.34079522E-11 
    1189  7.12500000E+02  7.37500000E+02  2.79590471E-01  7.08776364E-01  9.88366836E-01  2.50000000E-02 -6.43967748E-12  9.39935221E-12 
    1190  7.37500000E+02  7.37500000E+02 -1.65822439E-01  1.15418927E+00  9.88366836E-01  2.50000000E-02 -6.04174633E-12  3.55810272E-11 
    1191  7.62500000E+02  7.37500000E+02 -6.23547884E-01  1.61191472E+00  9.88366836E-01  2.50000000E-02 -4.94166240E-12  2.43482946E-12 
    1192  7.87500000E+02  7.37500000E+02 -7.41045783E-01  1.72941262E+00  9.88366836E-01  2.50000000E-02 -5.20199479E-12  3.46757747E-12 
    1193  8.12500000E+02  7.37500000E+02  6.28917049E-01  3.59449786E-01  9.88366836E-01  2.50000000E-02 -1.19604547E-11  3.59378790E-11 
    1194  8.37500000E+02  7.37500000E+02 -1.29294933E-01  1.11766177E+00  9.88366836E-01  2.50000000E-02 -2.28078043E-11  1.75323569E-11 
    1195  8.62500000E+02  7.37500000E+02  6.99776301E-01  2.88590535E-01  9.88366836E-01  2.50000000E-02 -2.21478460E-11  1.21398879E-10 
    1196  8.87500000E+02  7.37500000E+02 -7.91778566E-01  1.78014540E+00  9.88366836E-01  2.50000000E-02  4.32561581E-12  3.03562469E-11 
    1197  9.12500000E+02  7.37500000E+02 -3.81969586E-01  1.37033642E+00  9.88366836E-01  2.50000000E-02  3.87089814E-12  2.44444654E-11 
    1198  9.37500000E+02  7.37500000E+02 -2.37369274E-01  1.22573611E+00  9.88366836E-01  2.50000000E-02  2.35118692E-12  1.11541133E-11 
    1199  9.62500000E+02  7.37500000E+02 -1.28648872E-01  1.11701571E+00  9.88366836E-01  2.50000000E-02  5.34273435E-12  1.82196282E-11 
    1200  9.87500000E+02  7.37500000E+02 -9.95164348E-01  1.98353118E+00  9.88366836E-01  2.50000000E-02  2.45402079E-12  1.06498489E-11 
    1201  1.25000000E+01  7.62500000E+02 -1.29155342E-01  1.11752218E+00  9.88366836E-01  2.50000000E-02 -1.94907635E-12 -8.73764088E-12 
    1202  3.75000000E+01  7.62500000E+02 -5.83351884E-01  1.57171872E+00  9.88366836E-01  2.50000000E-02 -4.54306402E-12 -4.59215910E-12 
    1203  6.25000000E+01  7.62500000E+02  2.15780788E-01  7.72586048E-01  9.88366836E-01  2.50000000E-02 -5.32154754E-12 -2.61555198E-12 
    1204  8.75000000E+01  7.62500000E+02  1.67498107E-01  8.20868728E-01  9.88366836E-01  2.50000000E-02 -5.33854305E-12  1.54466627E-12 
    1205  1.12500000E+02  7.62500000E+02 -4.84599483E-01  1.47296632E+00  9.88366836E-01  2.50000000E-02 -5.46684346E-12 -3.86885251E-12 
    1206  1.37500000E+02  7.62500000E+02  6.08456202E-01  3.79910634E-01  9.88366836E-01  2.50000000E-02 -4.11216583E-12 -9.16846904E-12 
    1207  1.62500000E+02  7.62500000E+02  9.15172981E-01  7.31938542E-02  9.88366836E-01  2.50000000E-02 -1.15060037E-11 -3.71363085E-11 
    1208  1.87500000E+02  7.62500000E+02 -9.82501712E-01  1.97086855E+00  9.88366836E-01  2.50000000E-02 -4.54913103E-12  1.65185724E-11 
    1209  2.12500000E+02  7.62500000E+02 -9.44664556E-01  1.93303139E+00  9.88366836E-01  2.50000000E-02 -3.65455391E-12  4.49987550E-12 
    1210  2.37500000E+02  7.62500000E+02 -3.23494052E-01  1.31186089E+00  9.88366836E-01  2.50000000E-02 -5.81738153E-12 -2.48671631E-11 
    1211  2.62500000E+02  7.62500000E+02  4.96707116E-01  4.91659719E-01  9.88366836E-01  2.50000000E-02 -1.93316576E-11 -3.84508173E-12 
    1212  2.87500000E+02  7.62500000E+02 -2.92645816E-01  1.28101265E+00  9.88366836E-01  2.50000000E-02 -1.85958662E-11 -4.12677807E-12 
    1213  3.12500000E+02  7.62500000E+02  2.98231197E-01  6.90135639E-01  9.88366836E-01  2.50000000E-02 -1.58121188E-11  1.63187399E-11 
    1214  3.37500000E+02  7.62500000E+02 -9.59836919E-01  1.94820375E+00  9.88366836E-01  2.50000000E-02 -1.08121758E-11  8.81009381E-12 
    1215  3.62500000E+02  7.62500000E+02 -6.97700009E-01  1.68606684E+00  9.88366836E-01  2.50000000E-02 -1.10582448E-11 -3.16901923E-12 
    1216  3.87500000E+02  7.62500000E+02  6.40197572E-01  3.48169263E-01  9.88366836E-01  2.50000000E-02 -1.62731457E-11  2.63008469E-12 
    1217  4.12500000E+02  7.62500000E+02  3.51639594E-01  6.36727242E-01  9.88366836E-01  2.50000000E-02 -9.31683832E-12 -2.99083454E-13 
    1218  4.37500000E+02  7.62500000E+02 -2.59690226E-01  1.24805706E+00  9.88366836E-01  2.50000000E-02 -6.19012301E-12 -4.20859773E-12 
    1219  4.62500000E+02  7.62500000E+02 -4.54942193E-01  1.44330903E+00  9.88366836E-01  2.50000000E-02 -5.83854168E-12  5.35936828E-12 
    1220  4.87500000E+02  7.62500000E+02  9.69373941E-01  1.89928948E-02  9.88366836E-01  2.50000000E-02 -8.23869118E-11 -3.18822755E-11 
    1221  5.12500000E+02  7.62500000E+02  4.18351814E-01  5.70015022E-01  9.88366836E-01  2.50000000E-02 -9.62132863E-11 -2.19707359E-11 
    1222  5.37500000E+02  7.62500000E+02  8.74381873E-01  1.13984963E-01  9.88366836E-01  2.50000000E-02 -9.18185812E-11 -2.44392835E-12 
    1223  5.62500000E+02  7.62500000E+02 -2.27439838E-01  1.21580667E+00  9.88366836E-01  2.50000000E-02 -4.54473495E-11  3.54820862E-11 
    1224  5.87500000E+02  7.62500000E+02  4.74677530E-01  5.13689305E-01  9.88366836E-01  2.50000000E-02 -3.83299161E-11 -2.78993820E-12 
    1225  6.12500000E+02  7.62500000E+02 -7.90045506E-01  1.77841234E+00  9.88366836E-01  2.50000000E-02 -2.38909924E-11  3.69431451E-12 
    1226  6.37500000E+02  7.62500000E+02 -1.95074996E-01  1.18344183E+00  9.88366836E-01  2.50000000E-02 -2.26573455E-11  6.56167016E-11 
    1227  6.62500000E+02  7.62500000E+02  6.23433476E-01  3.64933360E-01  9.88366836E-01  2.50000000E-02 -3.56511894E-11  1.41964496E-11 
    1228  6.87500000E+02  7.62500000E+02 -4.47466695E-01  1.43583353E+00  9.88366836E-01  2.50000000E-02 -3.18701653E-11  2.32289004E-11 
    1229  7.12500000E+02  7.62500000E+02 -7.85039710E-01  1.77340655E+00  9.88366836E-01  2.50000000E-02 -3.40626276E-11  9.46276624E-13 
    1230  7.37500000E+02  7.62500000E+02  7.57658276E-02  9.12601008E-01  9.88366836E-01  2.50000000E-02 -3.49046418E-11  3.28035059E-11 
    1231  7.62500000E+02  7.62500000E+02 -6.01492353E-02  1.04851607E+00  9.88366836E-01  2.50000000E-02 -2.84379922E-11  2.55250765E-12 
    1232  7.87500000E+02  7.62500000E+02 -2.35893939E-01  1.22426077E+00  9.88366836E-01  2.50000000E-02 -2.53463064E-11  4.47852986E-13 
    1233  8.12500000E+02  7.62500000E+02 -6.03943320E-02  1.04876117E+00  9.88366836E-01  2.50000000E-02 -2.60355996E-11  1.81565224E-11 
    1234  8.37500000E+02  7.62500000E+02 -7.55900906E-01  1.74426774E+00  9.88366836E-01  2.50000000E-02 -2.92133637E-11  1.35088822E-11 
    1235  8.62500000E+02  7.62500000E+02  4.88671498E-01  4.99695337E-01  9.88366836E-01  2.50000000E-02 -3.55085738E-11  8.85695703E-11 
    1236  8.87500000E+02  7.62500000E+02 -6.98894523E-01  1.68726136E+00  9.88366836E-01  2.50000000E-02 -1.65121837E-11  2.85352731E-11 
    1237  9.12500000E+02  7.62500000E+02 -7.87935242E-01  1.77630208E+00  9.88366836E-01  2.50000000E-02 -9.57477121E-12  2.37325248E-11 
    1238  9.37500000E+02  7.62500000E+02 -7.18559022E-01  1.70692586E+00  9.88366836E-01  2.50000000E-02 -6.16095497E-12  1.12008721E-11 
    1239  9.62500000E+02  7.62500000E+02  9.62182206E-01  2.61846294E-02  9.88366836E-01  2.50000000E-02  1.54897617E-11  3.38787812E-11 
    1240  9.87500000E+02  7.62500000E+02 -2.96470198E-01  1.28483703E+00  9.88366836E-01  2.50000000E-02  4.50315170E-14  9.89134905E-12 
    1241  1.25000000E+01  7.87500000E+02  5.12184706E-01  4.76182129E-01  9.88366836E-01  2.50000000E-02 -1.24309729E-12 -1.08038401E-11 
    1242  3.75000000E+01  7.87500000E+02 -5.05686300E-01  1.49405314E+00  9.88366836E-01  2.50000000E-02 -4.58831733E-12 -4.95453125E-12 
    1243  6.25000000E+01  7.87500000E+02 -6.10630668E-01  1.59899750E+00  9.88366836E-01  2.50000000E-02 -4.36833546E-12 -4.22748414E-12 
    1244  8.75000000E+01  7.87500000E+02 -7.69718752E-01  1.75808559E+00  9.88366836E-01  2.50000000E-02 -4.00450190E-12  1.24264786E-12 
    1245  1.12500000E+02  7.87500000E+02 -3.74472949E-01  1.36283978E+00  9.88366836E-01  2.50000000E-02 -3.89494941E-12 -5.45000020E-12 
    1246  1.37500000E+02  7.87500000E+02 -3.26369102E-01  1.31473594E+00  9.88366836E-01  2.50000000E-02 -3.57473279E-12 -1.30000121E-11 
    1247  1.62500000E+02  7.87500000E+02  9.77163706E-01  1.12031293E-02  9.88366836E-01  2.50000000E-02 -5.71769295E-11 -8.74739827E-11 
    1248  1.87500000E+02  7.87500000E+02  1.55964062E-01  8.32402774E-01  9.88366836E-01  2.50000000E-02 -2.48437077E-11  2.17378616E-11 
    1249  2.12500000E+02  7.87500000E+02  5.81497036E-01  4.06869799E-01  9.88366836E-01  2.50000000E-02 -2.51014701E-11  5.68718532E-13 
    1250  2.37500000E+02  7.87500000E+02  4.52434962E-01  5.35931874E-01  9.88366836E-01  2.50000000E-02 -2.85791386E-11 -2.47983717E-11 
    1251  2.62500000E+02  7.87500000E+02 -9.81250213E-01  1.96961705E+00  9.88366836E-01  2.50000000E-02 -3.10036352E-11 -1.44889185E-11 
    1252  2.87500000E+02  7.87500000E+02  9.24848470E-01  6.35183656E-02  9.88366836E-01  2.50000000E-02 -3.14867114E-11 -8.13815490E-12 
    1253  3.12500000E+02  7.87500000E+02 -1.50094150E-01  1.13846099E+00  9.88366836E-01  2.50000000E-02  3.90209742E-12  1.28885257E-11 
    1254  3.37500000E+02  7.87500000E+02 -6.36470323E-02  1.05201387E+00  9.88366836E-01  2.50000000E-02  2.37168728E-12  1.03722606E-11 
    1255  3.62500000E+02  7.87500000E+02 -6.96106355E-01  1.68447319E+00  9.88366836E-01  2.50000000E-02 -1.00038811E-12 -4.93727172E-12 
    1256  3.87500000E+02  7.87500000E+02  7.16918299E-01  2.71448536E-01  9.88366836E-01  2.50000000E-02 -1.31046492E-11 -1.00268277E-12 
    1257  4.12500000E+02  7.87500000E+02  3.94637213E-01  5.93729623E-01  9.88366836E-01  2.50000000E-02 -1.43253813E-11  2.13971252E-12 
    1258  4.37500000E+02  7.87500000E+02 -5.07367031E-01  1.49573387E+00  9.88366836E-01  2.50000000E-02 -1.36110171E-11  1.27769758E-12 
    1259  4.62500000E+02  7.87500000E+02 -5.70342437E-01  1.55870927E+00  9.88366836E-01  2.50000000E-02 -1.57597184E-11  1.30816182E-12 
    1260  4.87500000E+02  7.87500000E+02  7.32570805E-01  2.55796031E-01  9.88366836E-01  2.50000000E-02 -5.71974515E-11 -1.38506780E-12 
    1261  5.12500000E+02  7.87500000E+02  8.03825180E-01  1.84541656E-01  9.88366836E-01  2.50000000E-02 -8.49814037E-11 -1.28389100E-11 
    1262  5.37500000E+02  7.87500000E+02 -2.96755179E-01  1.28512201E+00  9.88366836E-01  2.50000000E-02 -1.09521074E-10  1.28574935E-11 
    1263  5.62500000E+02  7.87500000E+02  7.65708990E-01  2.22657846E-01  9.88366836E-01  2.50000000E-02 -1.08537593E-10  4.13258297E-11 
    1264  5.87500000E+02  7.87500000E+02  5.18666491E-01  4.69700345E-01  9.88366836E-01  2.50000000E-02 -7.65093206E-11  3.73233562E-12 
    1265  6.12500000E+02  7.87500000E+02  1.92842463E-02  9.69082589E-01  9.88366836E-01  2.50000000E-02 -5.37527840E-11  1.16254525E-11 
    1266  6.37500000E+02  7.87500000E+02  1.01460689E-01  8.86906146E-01  9.88366836E-01  2.50000000E-02 -4.76838371E-11  6.26538628E-11 
    1267  6.62500000E+02  7.87500000E+02  7.70351714E-01  2.18015121E-01  9.88366836E-01  2.50000000E-02 -3.84171230E-11  1.06295387E-11 
    1268  6.87500000E+02  7.87500000E+02 -3.93053304E-01  1.38142014E+00  9.88366836E-01  2.50000000E-02 -1.10283973E-11  2.66447738E-11 
    1269  7.12500000E+02  7.87500000E+02 -4.89428734E-02  1.03730971E+00  9.88366836E-01  2.50000000E-02 -1.05788088E-11 -4.62792713E-12 
    1270  7.37500000E+02  7.87500000E+02  3.05378955E-01  6.82987881E-01  9.88366836E-01  2.50000000E-02 -1.23878214E-11  3.02971182E-11 
    1271  7.62500000E+02  7.87500000E+02  1.15064248E-02  9.76860411E-01  9.88366836E-01  2.50000000E-02 -9.53896738E-12  2.57508795E-12 
    1272  7.87500000E+02  7.87500000E+02 -6.54236181E-01  1.64260302E+00  9.88366836E-01  2.50000000E-02 -7.37638851E-12 -4.37548666E-13 
    1273  8.12500000E+02  7.87500000E+02 -5.28859316E-01  1.51722615E+00  9.88366836E-01  2.50000000E-02 -9.41468457E-12  1.25883298E-11 
    1274  8.37500000E+02  7.87500000E+02  4.81049763E-01  5.07317073E-01  9.88366836E-01  2.50000000E-02 -2.81323008E-11  1.11398468E-11 
    1275  8.62500000E+02  7.87500000E+02 -1.20181723E-01  1.10854856E+00  9.88366836E-01  2.50000000E-02 -2.76975243E-11  7.84238709E-11 
    1276  8.87500000E+02  7.87500000E+02 -7.05859829E-01  1.69422666E+00  9.88366836E-01  2.50000000E-02 -2.21118615E-11  2.88695893E-11 
    1277  9.12500000E+02  7.87500000E+02  5.00367896E-01  4.87998940E-01  9.88366836E-01  2.50000000E-02 -8.02348043E-12  3.09991256E-11 
    1278  9.37500000E+02  7.87500000E+02  9.34024516E-01  5.43423200E-02  9.88366836E-01  2.50000000E-02 -5.53119015E-12  2.91382880E-11 
    1279  9.62500000E+02  7.87500000E+02  4.22830000E-02  9.46083836E-01  9.88366836E-01  2.50000000E-02  1.10346647E-12 -1.82215237E-12 
    1280  9.87500000E+02  7.87500000E+02 -5.49122951E-01  1.53748979E+00  9.88366836E-01  2.50000000E-02  3.85343580E-13  9.25268331E-12 
    1281  1.25000000E+01  8.12500000E+02 -3.17920717E-01  1.30628755E+00  9.88366836E-01  2.50000000E-02 -2.84646000E-13 -8.06637952E-12 
    1282  3.75000000E+01  8.12500000E+02  7.63393325E-01  2.24973511E-01  9.88366836E-01  2.50000000E-02 -7.69917944E-12 -5.71441579E-12 
    1283  6.25000000E+01  8.12500000E+02  1.45936860E-02  9.73773150E-01  9.88366836E-01  2.50000000E-02 -1.52337364E-11 -4.79051405E-12 
    1284  8.75000000E+01  8.12500000E+02  5.94522513E-01  3.93844323E-01  9.88366836E-01  2.50000000E-02 -1.89364181E-11  1.48673738E-12 
    1285  1.12500000E+02  8.12500000E+02 -2.83011310E-01  1.27137815E+00  9.88366836E-01  2.50000000E-02 -2.24082529E-11 -6.51010726E-12 
    1286  1.37500000E+02  8.12500000E+02  3.28146965E-01  6.60219871E-01  9.88366836E-01  2.50000000E-02 -2.59351626E-11 -1.56036699E-11 
    1287  1.62500000E+02  8.12500000E+02 -3.15538951E-01  1.30390579E+00  9.88366836E-01  2.50000000E-02 -2.13224087E-11 -4.15281930E-13 
    1288  1.87500000E+02  8.12500000E+02 -1.43462335E-01  1.13182917E+00  9.88366836E-01  2.50000000E-02 -1.79707052E-11  2.65388538E-11 
    1289  2.12500000E+02  8.12500000E+02  9.75605087E-01  1.27617491E-02  9.88366836E-01  2.50000000E-02 -4.14423763E-11 -7.88705414E-12 
    1290  2.37500000E+02  8.12500000E+02 -4.22574008E-02  1.03062424E+00  9.88366836E-01  2.50000000E-02 -6.01634543E-12 -9.71864133E-12 
    1291  2.62500000E+02  8.12500000E+02 -6.21157836E-02  1.05048262E+00  9.88366836E-01  2.50000000E-02 -8.84895728E-12 -1.91882352E-11 
    1292  2.87500000E+02  8.12500000E+02 -2.46924589E-01  1.23529142E+00  9.88366836E-01  2.50000000E-02 -1.19019049E-11 -9.90375308E-12 
    1293  3.12500000E+02  8.12500000E+02  9.10505203E-01  7.78616332E-02  9.88366836E-01  2.50000000E-02 -2.17605728E-11  1.38009236E-11 
    1294  3.37500000E+02  8.12500000E+02 -8.91053726E-01  1.87942056E+00  9.88366836E-01  2.50000000E-02 -9.28346869E-12  1.65724153E-11 
    1295  3.62500000E+02  8.12500000E+02 -6.84249296E-01  1.67261613E+00  9.88366836E-01  2.50000000E-02 -1.09390433E-11 -3.61639714E-12 
    1296  3.87500000E+02  8.12500000E+02 -9.93029892E-01  1.98139673E+00  9.88366836E-01  2.50000000E-02 -1.38018024E-11 -6.71046791E-12 
    1297  4.12500000E+02  8.12500000E+02  3.01377228E-01  6.86989608E-01  9.88366836E-01  2.50000000E-02 -1.85469280E-11  5.08052993E-12 
    1298  4.37500000E+02  8.12500000E+02  8.46607542E-02  9.03706081E-01  9.88366836E-01  2.50000000E-02 -2.50316688E-11  8.00398988E-12 
    1299  4.62500000E+02  8.12500000E+02  6.76283780E-01  3.12083056E-01  9.88366836E-01  2.50000000E-02 -4.20531092E-11 -1.69722198E-11 
    1300  4.87500000E+02  8.12500000E+02 -5.87960715E-01  1.57632755E+00  9.88366836E-01  2.50000000E-02 -3.10499990E-11  7.30921083E-13 
    1301  5.12500000E+02  8.12500000E+02  4.45607059E-01  5.42759777E-01  9.88366836E-01  2.50000000E-02 -2.94289840E-11 -5.42942391E-12 
    1302  5.37500000E+02  8.12500000E+02  5.76082622E-01  4.12284213E-01  9.88366836E-01  2.50000000E-02 -3.79776201E-11  8.25310430E-12 
    1303  5.62500000E+02  8.12500000E+02  8.32685535E-01  1.55681301E-01  9.88366836E-01  2.50000000E-02 -5.11387300E-11  3.23708413E-11 
    1304  5.87500000E+02  8.12500000E+02  1.40966716E-01  8.47400119E-01  9.88366836E-01  2.50000000E-02 -2.26684921E-11  1.62102881E-11 
    1305  6.12500000E+02  8.12500000E+02  1.81870507E-01  8.06496328E-01  9.88366836E-01  2.50000000E-02 -2.22100049E-11  1.54005389E-11 
    1306  6.37500000E+02  8.12500000E+02  7.01653474E-01  2.86713361E-01  9.88366836E-01  2.50000000E-02 -3.16892785E-11  7.16159799E-11 
    1307  6.62500000E+02  8.12500000E+02 -6.77303998E-01  1.66567083E+00  9.88366836E-01  2.50000000E-02 -1.64905874E-11  1.55780817E-11 
    1308  6.87500000E+02  8.12500000E+02 -5.15245579E-02  1.03989139E+00  9.88366836E-01  2.50000000E-02 -1.49517365E-11  3.23946477E-11 
    1309  7.12500000E+02  8.12500000E+02  4.56894185E-01  5.31472651E-01  9.88366836E-01  2.50000000E-02 -1.75508446E-11 -8.10529177E-12 
    1310  7.37500000E+02  8.12500000E+02 -9.74321502E-01  1.96268834E+00  9.88366836E-01  2.50000000E-02 -1.60868221E-11  2.41322260E-11 
    1311  7.62500000E+02  8.12500000E+02 -6.91669106E-02  1.05753375E+00  9.88366836E-01  2.50000000E-02 -1.45917077E-11  2.09478968E-12 
    1312  7.87500000E+02  8.12500000E+02 -3.30246550E-01  1.31861339E+00  9.88366836E-01  2.50000000E-02 -1.18185535E-11 -4.97265574E-13 
    1313  8.12500000E+02  8.12500000E+02 -6.12474222E-01  1.60084106E+00  9.88366836E-01  2.50000000E-02 -1.03910011E-11  1.15061914E-11 
    1314  8.37500000E+02  8.12500000E+02 -3.20882754E-01  1.30924959E+00  9.88366836E-01  2.50000000E-02 -1.22815433E-11  8.43137276E-12 
    1315  8.62500000E+02  8.12500000E+02  3.86736737E-01  6.01630099E-01  9.88366836E-01  2.50000000E-02 -1.47635684E-11  7.69514048E-11 
    1316  8.87500000E+02  8.12500000E+02  1.37639775E-01  8.50727060E-01  9.88366836E-01  2.50000000E-02  6.11907296E-12  2.83343777E-11 
    1317  9.12500000E+02  8.12500000E+02  1.69933067E-01  8.18433769E-01  9.88366836E-01  2.50000000E-02  1.48855212E-11  2.23743459E-11 
    1318  9.37500000E+02  8.12500000E+02  2.45947634E-01  7.42419201E-01  9.88366836E-01  2.50000000E-02  8.54624222E-12  1.06478499E-11 
    1319  9.62500000E+02  8.12500000E+02  3.15965527E-01  6.72401309E-01  9.88366836E-01  2.50000000E-02  2.73778721E-12 -1.52044575E-12 
    1320  9.87500000E+02  8.12500000E+02 -5.10382206E-01  1.49874904E+00  9.88366836E-01  2.50000000E-02  4.22686012E-13  9.13507137E-12 
    1321  1.25000000E+01  8.37500000E+02  2.89857136E-01  6.98509700E-01  9.88366836E-01  2.50000000E-02 -2.18818336E-12 -5.57460854E-12 
    1322  3.75000000E+01  8.37500000E+02  2.06080072E-01  7.82286764E-01  9.88366836E-01  2.50000000E-02 -5.92912556E-12 -2.02733092E-12 
    1323  6.25000000E+01  8.37500000E+02  7.25636087E-01  2.62730749E-01  9.88366836E-01  2.50000000E-02 -1.69718969E-11 -1.77808393E-12 
    1324  8.75000000E+01  8.37500000E+02  1.75598290E-01  8.12768545E-01  9.88366836E-01  2.50000000E-02 -2.86664984E-11  3.91207542E-12 
    1325  1.12500000E+02  8.37500000E+02  7.44273458E-01  2.44093377E-01  9.88366836E-01  2.50000000E-02 -4.06295127E-11 -6.53282828E-12 
    1326  1.37500000E+02  8.37500000E+02  7.08108041E-01  2.80258794E-01  9.88366836E-01  2.50000000E-02 -4.63437515E-11 -1.87032925E-11 
    1327  1.62500000E+02  8.37500000E+02 -9.21429355E-01  1.90979619E+00  9.88366836E-01  2.50000000E-02 -4.88093252E-11 -3.87932131E-12 
    1328  1.87500000E+02  8.37500000E+02  9.11841196E-01  7.65256400E-02  9.88366836E-01  2.50000000E-02 -3.72308798E-11  1.05255140E-11 
    1329  2.12500000E+02  8.37500000E+02 -2.65279687E-02  1.01489480E+00  9.88366836E-01  2.50000000E-02 -4.00178907E-12 -5.22055924E-14 
    1330  2.37500000E+02  8.37500000E+02 -9.89332990E-01  1.97769983E+00  9.88366836E-01  2.50000000E-02 -5.91978339E-12 -5.95486799E-12 
    1331  2.62500000E+02  8.37500000E+02  5.03447756E-01  4.84919080E-01  9.88366836E-01  2.50000000E-02 -1.34919972E-11 -2.65385053E-11 
    1332  2.87500000E+02  8.37500000E+02 -9.46414540E-01  1.93478138E+00  9.88366836E-01  2.50000000E-02 -8.25866114E-12 -5.15814729E-12 
    1333  3.12500000E+02  8.37500000E+02 -8.69568998E-01  1.85793583E+00  9.88366836E-01  2.50000000E-02 -9.10716853E-12  7.79698186E-13 
    1334  3.37500000E+02  8.37500000E+02 -3.06338779E-01  1.29470561E+00  9.88366836E-01  2.50000000E-02 -1.40311559E-11  1.98166892E-11 
    1335  3.62500000E+02  8.37500000E+02  1.77549684E-01  8.10817152E-01  9.88366836E-01  2.50000000E-02 -2.11755174E-11  1.72885005E-13 
    1336  3.87500000E+02  8.37500000E+02 -3.66924104E-01  1.35529094E+00  9.88366836E-01  2.50000000E-02 -2.15296123E-11 -4.38792353E-12 
    1337  4.12500000E+02  8.37500000E+02 -5.20939004E-01  1.50930584E+00  9.88366836E-01  2.50000000E-02 -2.15878188E-11  3.35418860E-12 
    1338  4.37500000E+02  8.37500000E+02 -2.97072474E-01  1.28543931E+00  9.88366836E-01  2.50000000E-02 -2.69327315E-11  7.08359526E-12 
    1339  4.62500000E+02  8.37500000E+02  4.92806270E-01  4.95560566E-01  9.88366836E-01  2.50000000E-02 -4.20058491E-11 -1.84551785E-11 
    1340  4.87500000E+02  8.37500000E+02 -1.33237921E-01  1.12160476E+00  9.88366836E-01  2.50000000E-02 -4.19836767E-11 -4.16453143E-12 
    1341  5.12500000E+02  8.37500000E+02  8.06992906E-01  1.81373930E-01  9.88366836E-01  2.50000000E-02 -5.50023954E-11 -9.17676002E-12 
    1342  5.37500000E+02  8.37500000E+02 -3.12502795E-01  1.30086963E+00  9.88366836E-01  2.50000000E-02 -3.74112995E-11  1.40309524E-11 
    1343  5.62500000E+02  8.37500000E+02  7.73404179E-02  9.11026418E-01  9.88366836E-01  2.50000000E-02 -3.93172953E-11  1.25634193E-11 
    1344  5.87500000E+02  8.37500000E+02 -1.35382093E-01  1.12374893E+00  9.88366836E-01  2.50000000E-02 -4.51040852E-11  1.10147002E-11 
    1345  6.12500000E+02  8.37500000E+02  3.02996821E-01  6.85370015E-01  9.88366836E-01  2.50000000E-02 -4.46661514E-11  5.46304442E-12 
    1346  6.37500000E+02  8.37500000E+02  3.36412781E-01  6.51954054E-01  9.88366836E-01  2.50000000E-02 -4.49300073E-11  5.90703952E-11 
    1347  6.62500000E+02  8.37500000E+02  7.91097063E-01  1.97269772E-01  9.88366836E-01  2.50000000E-02 -6.22990156E-11  2.15063193E-11 
    1348  6.87500000E+02  8.37500000E+02  1.56250412E-01  8.32116424E-01  9.88366836E-01  2.50000000E-02 -3.22983007E-11  4.04358449E-11 
    1349  7.12500000E+02  8.37500000E+02 -4.94733205E-01  1.48310004E+00  9.88366836E-01  2.50000000E-02 -2.73225061E-11 -5.45649099E-12 
    1350  7.37500000E+02  8.37500000E+02 -1.83218777E-01  1.17158561E+00  9.88366836E-01  2.50000000E-02 -2.47372358E-11  2.24138652E-11 
    1351  7.62500000E+02  8.37500000E+02  4.35011613E-01  5.53355223E-01  9.88366836E-01  2.50000000E-02 -1.87226975E-11 -1.90284947E-12 
    1352  7.87500000E+02  8.37500000E+02 -6.86449221E-03  9.95231328E-01  9.88366836E-01  2.50000000E-02 -1.31731604E-11 -1.11785567E-12 
    1353  8.12500000E+02  8.37500000E+02 -3.59093655E-01  1.34746049E+00  9.88366836E-01  2.50000000E-02 -1.23501925E-11  1.17502426E-11 
    1354  8.37500000E+02  8.37500000E+02  9.99038683E-02  8.88462967E-01  9.88366836E-01  2.50000000E-02 -1.45022276E-11  4.64841798E-12 
    1355  8.62500000E+02  8.37500000E+02  3.33395814E-01  6.54971021E-01  9.88366836E-01  2.50000000E-02 -1.66403419E-11  6.11998053E-11 
    1356  8.87500000E+02  8.37500000E+02  9.38366747E-01  5.00000887E-02  9.88366836E-01  2.50000000E-02 -1.82711131E-11  4.58651791E-11 
    1357  9.12500000E+02  8.37500000E+02 -2.65614161E-01  1.25398100E+00  9.88366836E-01  2.50000000E-02  6.85489400E-12  2.07218852E-11 
    1358  9.37500000E+02  8.37500000E+02 -2.86357394E-01  1.27472423E+00  9.88366836E-01  2.50000000E-02  4.80070038E-12  1.17645665E-11 
    1359  9.62500000E+02  8.37500000E+02 -7.96697996E-01  1.78506483E+00  9.88366836E-01  2.50000000E-02  1.88574864E-12 -9.60556887E-13 
    1360  9.87500000E+02  8.37500000E+02 -4.70365245E-01  1.45873208E+00  9.88366836E-01  2.50000000E-02  6.18369258E-13  9.91408632E-12 
    1361  1.25000000E+01  8.62500000E+02  4.07376454E-01  5.80990382E-01  9.88366836E-01  2.50000000E-02 -7.59634708E-13 -4.49049683E-12 
    1362  3.75000000E+01  8.62500000E+02 -1.21352181E-01  1.10971902E+00  9.88366836E-01  2.50000000E-02 -5.40838197E-13 -2.21725889E-12 
    1363  6.25000000E+01  8.62500000E+02 -8.73705486E-01  1.86207232E+00  9.88366836E-01  2.50000000E-02 -1.59729701E-13 -1.45002683E-13 
    1364  8.75000000E+01  8.62500000E+02 -9.98413662E-01  1.98678050E+00  9.88366836E-01  2.50000000E-02 -3.47719121E-13  3.83374042E-12 
    1365  1.12500000E+02  8.62500000E+02  8.33309439E-01  1.55057397E-01  9.88366836E-01  2.50000000E-02 -1.19132450E-11 -2.50798405E-12 
    1366  1.37500000E+02  8.62500000E+02 -2.60208690E-01  1.24857553E+00  9.88366836E-01  2.50000000E-02 -3.07375767E-12 -4.67866629E-12 
    1367  1.62500000E+02  8.62500000E+02 -9.63215529E-01  1.95158236E+00  9.88366836E-01  2.50000000E-02 -4.03272860E-12 -6.18527487E-12 
    1368  1.87500000E+02  8.62500000E+02  4.10194782E-01  5.78172053E-01  9.88366836E-01  2.50000000E-02 -1.20152470E-11  5.13417768E-12 
    1369  2.12500000E+02  8.62500000E+02 -9.43144540E-01  1.93151138E+00  9.88366836E-01  2.50000000E-02 -1.55750262E-11 -1.03022476E-13 
    1370  2.37500000E+02  8.62500000E+02  3.95919412E-01  5.92447423E-01  9.88366836E-01  2.50000000E-02 -1.79155674E-11 -4.58895754E-12 
    1371  2.62500000E+02  8.62500000E+02 -6.35564967E-01  1.62393180E+00  9.88366836E-01  2.50000000E-02 -1.55123298E-11 -2.58729160E-11 
    1372  2.87500000E+02  8.62500000E+02 -9.45198013E-01  1.93356485E+00  9.88366836E-01  2.50000000E-02 -1.46007297E-11 -3.15120448E-12 
    1373  3.12500000E+02  8.62500000E+02 -7.62488102E-01  1.75085494E+00  9.88366836E-01  2.50000000E-02 -1.55691840E-11 -7.69310862E-13 
    1374  3.37500000E+02  8.62500000E+02 -2.63138460E-01  1.25150530E+00  9.88366836E-01  2.50000000E-02 -1.61015339E-11  1.99529783E-11 
    1375  3.62500000E+02  8.62500000E+02 -2.05460750E-01  1.19382759E+00  9.88366836E-01  2.50000000E-02 -1.46374305E-11  2.37115176E-12 
    1376  3.87500000E+02  8.62500000E+02 -4.39778244E-01  1.42814508E+00  9.88366836E-01  2.50000000E-02 -1.22169893E-11 -2.73402773E-12 
    1377  4.12500000E+02  8.62500000E+02 -8.44826290E-01  1.83319313E+00  9.88366836E-01  2.50000000E-02 -1.12055548E-11 -1.35190563E-12 
    1378  4.37500000E+02  8.62500000E+02  8.75594857E-01  1.12771978E-01  9.88366836E-01  2.50000000E-02 -3.21848724E-11 -1.12853383E-11 
    1379  4.62500000E+02  8.62500000E+02 -8.52560820E-01  1.84092766E+00  9.88366836E-01  2.50000000E-02  1.98362758E-12 -1.20406616E-11 
    1380  4.87500000E+02  8.62500000E+02 -9.46925678E-01  1.93529251E+00  9.88366836E-01  2.50000000E-02  2.51096379E-12 -8.46335845E-12 
    1381  5.12500000E+02  8.62500000E+02  9.58028009E-01  3.03388271E-02  9.88366836E-01  2.50000000E-02 -2.05270115E-11 -6.96867290E-12 
    1382  5.37500000E+02  8.62500000E+02 -7.76676945E-01  1.76504378E+00  9.88366836E-01  2.50000000E-02 -9.23558829E-12  1.79050282E-11 
    1383  5.62500000E+02  8.62500000E+02  3.62333463E-02  9.52133489E-01  9.88366836E-01  2.50000000E-02 -1.08523355E-11  1.40679485E-11 
    1384  5.87500000E+02  8.62500000E+02 -4.59899185E-01  1.44826602E+00  9.88366836E-01  2.50000000E-02 -9.34174586E-12  8.25261109E-12 
    1385  6.12500000E+02  8.62500000E+02 -8.32465217E-01  1.82083205E+00  9.88366836E-01  2.50000000E-02 -8.07325030E-12 -5.21316581E-12 
    1386  6.37500000E+02  8.62500000E+02  7.96846529E-01  1.91520307E-01  9.88366836E-01  2.50000000E-02 -1.64282021E-11  2.93083598E-11 
    1387  6.62500000E+02  8.62500000E+02 -5.05845840E-01  1.49421268E+00  9.88366836E-01  2.50000000E-02 -1.21178069E-11  8.78849812E-12 
    1388  6.87500000E+02  8.62500000E+02 -4.27833739E-02  1.03115021E+00  9.88366836E-01  2.50000000E-02 -1.44492381E-11  4.02595669E-11 
    1389  7.12500000E+02  8.62500000E+02  7.18106973E-01  2.70259863E-01  9.88366836E-01  2.50000000E-02 -3.65857523E-11  4.82634103E-12 
    1390  7.37500000E+02  8.62500000E+02  7.37711206E-01  2.50655630E-01  9.88366836E-01  2.50000000E-02 -3.88962212E-11  2.17641282E-11 
    1391  7.62500000E+02  8.62500000E+02 -6.70612918E-01  1.65897975E+00  9.88366836E-01  2.50000000E-02 -3.87402293E-11 -8.06013464E-12 
    1392  7.87500000E+02  8.62500000E+02  9.79470914E-01  8.89592182E-03  9.88366836E-01  2.50000000E-02 -3.69012429E-11  1.39786269E-11 
    1393  8.12500000E+02  8.62500000E+02 -3.75857959E-01  1.36422479E+00  9.88366836E-01  2.50000000E-02 -2.93989190E-12  1.34682221E-11 
    1394  8.37500000E+02  8.62500000E+02 -2.83718146E-02  1.01673865E+00  9.88366836E-01  2.50000000E-02 -4.23195068E-12  3.98596779E-12 
    1395  8.62500000E+02  8.62500000E+02  3.16682222E-01  6.71684614E-01  9.88366836E-01  2.50000000E-02 -3.45878632E-12  4.69397092E-11 
    1396  8.87500000E+02  8.62500000E+02 -4.57398628E-02  1.03410670E+00  9.88366836E-01  2.50000000E-02 -8.19588046E-13  1.93357473E-12 
    1397  9.12500000E+02  8.62500000E+02  6.75266436E-01  3.13100399E-01  9.88366836E-01  2.50000000E-02 -6.97476685E-13  1.91272599E-11 
    1398  9.37500000E+02  8.62500000E+02  2.54067837E-03  9.85826157E-01  9.88366836E-01  2.50000000E-02  1.33858358E-12  1.25834704E-11 
    1399  9.62500000E+02  8.62500000E+02  9.73706620E-01  1.46602160E-02  9.88366836E-01  2.50000000E-02 -1.42201586E-11  1.77675272E-11 
    1400  9.87500000E+02  8.62500000E+02 -7.52633511E-01  1.74100035E+00  9.88366836E-01  2.50000000E-02 -2.11892602E-14  1.16391852E-11 
    1401  1.25000000E+01  8.87500000E+02  5.55101610E-01  4.33265226E-01  9.88366836E-01  2.50000000E-02 -1.59412223E-12 -4.38620014E-12 
    1402  3.75000000E+01  8.87500000E+02 -4.67493575E-01  1.45586041E+00  9.88366836E-01  2.50000000E-02 -3.46100025E-12 -2.38785086E-12 
    1403  6.25000000E+01  8.87500000E+02  1.29263602E-01  8.59103234E-01  9.88366836E-01  2.50000000E-02 -4.10983436E-12 -2.26154786E-13 
    1404  8.75000000E+01  8.87500000E+02 -1.04465240E-01  1.09283208E+00  9.88366836E-01  2.50000000E-02 -5.98409611E-12  3.05301678E-12 
    1405  1.12500000E+02  8.87500000E+02  6.51993856E-01  3.36372980E-01  9.88366836E-01  2.50000000E-02 -1.30626624E-11  3.01864853E-13 
    1406  1.37500000E+02  8.87500000E+02 -3.88128403E-01  1.37649524E+00  9.88366836E-01  2.50000000E-02 -8.16850689E-12 -3.36732337E-12 
    1407  1.62500000E+02  8.87500000E+02 -5.24665436E-01  1.51303227E+00  9.88366836E-01  2.50000000E-02 -7.12174274E-12 -6.74245116E-12 
    1408  1.87500000E+02  8.87500000E+02 -7.19673157E-01  1.70803999E+00  9.88366836E-01  2.50000000E-02 -7.24612553E-12  3.63986634E-12 
    1409  2.12500000E+02  8.87500000E+02 -2.54747273E-01  1.24311411E+00  9.88366836E-01  2.50000000E-02 -6.85952136E-12 -2.22829274E-12 
    1410  2.37500000E+02  8.87500000E+02  6.83815792E-02  9.19985256E-01  9.88366836E-01  2.50000000E-02 -6.26634050E-12 -4.70444608E-12 
    1411  2.62500000E+02  8.87500000E+02  8.39491579E-01  1.48875257E-01  9.88366836E-01  2.50000000E-02 -1.86916789E-11 -1.55968525E-11 
    1412  2.87500000E+02  8.87500000E+02  1.15899667E-01  8.72467169E-01  9.88366836E-01  2.50000000E-02 -1.04201600E-11 -3.86246987E-12 
    1413  3.12500000E+02  8.87500000E+02 -5.96846993E-01  1.58521383E+00  9.88366836E-01  2.50000000E-02 -9.41481355E-12 -2.35997481E-12 
    1414  3.37500000E+02  8.87500000E+02 -4.74669581E-02  1.03583379E+00  9.88366836E-01  2.50000000E-02 -9.19965543E-12  1.97426146E-11 
    1415  3.62500000E+02  8.87500000E+02  9.86726756E-01  1.64007922E-03  9.88366836E-01  2.50000000E-02 -1.44748090E-10 -6.82359304E-11 
    1416  3.87500000E+02  8.87500000E+02  2.24678442E-01  7.63688394E-01  9.88366836E-01  2.50000000E-02 -1.45863521E-11  9.48257704E-13 
    1417  4.12500000E+02  8.87500000E+02 -7.30762253E-01  1.71912909E+00  9.88366836E-01  2.50000000E-02 -2.08016411E-11 -4.42973296E-12 
    1418  4.37500000E+02  8.87500000E+02  5.75043059E-01  4.13323777E-01  9.88366836E-01  2.50000000E-02 -4.10131550E-11  2.26069713E-12 
    1419  4.62500000E+02  8.87500000E+02 -6.31575044E-01  1.61994188E+00  9.88366836E-01  2.50000000E-02 -4.19016456E-11 -1.08946368E-11 
    1420  4.87500000E+02  8.87500000E+02  1.30468460E-01  8.57898376E-01  9.88366836E-01  2.50000000E-02 -4.01512209E-11 -7.95203438E-12 
    1421  5.12500000E+02  8.87500000E+02 -8.54843183E-02  1.07385115E+00  9.88366836E-01  2.50000000E-02 -4.05203378E-11  8.52569047E-12 
    1422  5.37500000E+02  8.87500000E+02 -4.66690687E-01  1.45505752E+00  9.88366836E-01  2.50000000E-02 -4.01581817E-11  1.44356553E-11 
    1423  5.62500000E+02  8.87500000E+02  1.98478416E-01  7.89888419E-01  9.88366836E-01  2.50000000E-02 -4.27547052E-11  8.48657090E-12 
    1424  5.87500000E+02  8.87500000E+02  6.91373008E-01  2.96993827E-01  9.88366836E-01  2.50000000E-02 -6.02965848E-11  1.90235712E-11 
    1425  6.12500000E+02  8.87500000E+02  4.36357020E-01  5.52009816E-01  9.88366836E-01  2.50000000E-02 -4.22470249E-11 -1.29685563E-11 
    1426  6.37500000E+02  8.87500000E+02 -3.75622754E-01  1.36398959E+00  9.88366836E-01  2.50000000E-02 -3.06871524E-11  1.90054105E-11 
    1427  6.62500000E+02  8.87500000E+02 -4.53691987E-01  1.44205882E+00  9.88366836E-01  2.50000000E-02 -2.67019378E-11  8.55877909E-12 
    1428  6.87500000E+02  8.87500000E+02 -3.82558556E-01  1.37092539E+00  9.88366836E-01  2.50000000E-02 -2.53178007E-11  2.75908957E-11 
    1429  7.12500000E+02  8.87500000E+02  6.95889476E-01  2.92477360E-01  9.88366836E-01  2.50000000E-02 -3.91138280E-11  4.27538489E-12 
    1430  7.37500000E+02  8.87500000E+02 -3.97057235E-02  1.02807256E+00  9.88366836E-01  2.50000000E-02 -2.76981227E-11  1.93882868E-11 
    1431  7.62500000E+02  8.87500000E+02 -3.21406477E-01  1.30977331E+00  9.88366836E-01  2.50000000E-02 -2.56719173E-11 -8.91918728E-12 
    1432  7.87500000E+02  8.87500000E+02 -1.37715400E-01  1.12608224E+00  9.88366836E-01  2.50000000E-02 -2.58727708E-11  3.17911897E-13 
    1433  8.12500000E+02  8.87500000E+02 -1.24653555E-01  1.11302039E+00  9.88366836E-01  2.50000000E-02 -2.73112401E-11  1.55989336E-11 
    1434  8.37500000E+02  8.87500000E+02 -5.31782411E-02  1.04154508E+00  9.88366836E-01  2.50000000E-02 -2.74879886E-11  4.67193042E-12 
    1435  8.62500000E+02  8.87500000E+02 -6.70792831E-01  1.65915967E+00  9.88366836E-01  2.50000000E-02 -2.45187783E-11  3.47611652E-11 
    1436  8.87500000E+02  8.87500000E+02 -1.94368657E-01  1.18273549E+00  9.88366836E-01  2.50000000E-02 -2.24799072E-11 -3.58833894E-13 
    1437  9.12500000E+02  8.87500000E+02 -6.22169355E-02  1.05058377E+00  9.88366836E-01  2.50000000E-02 -2.14997761E-11  7.07320252E-12 
    1438  9.37500000E+02  8.87500000E+02 -2.82240705E-01  1.27060754E+00  9.88366836E-01  2.50000000E-02 -1.76335720E-11  1.25170090E-11 
    1439  9.62500000E+02  8.87500000E+02  1.64184544E-01  8.24182292E-01  9.88366836E-01  2.50000000E-02 -1.13479312E-11 -4.02829971E-12 
    1440  9.87500000E+02  8.87500000E+02 -3.06219751E-02  1.01898881E+00  9.88366836E-01  2.50000000E-02 -4.02878790E-12  1.35085716E-11 
    1441  1.25000000E+01  9.12500000E+02  3.88405572E-01  5.99961264E-01  9.88366836E-01  2.50000000E-02 -1.33260591E-12 -3.41284866E-12 
    1442  3.75000000E+01  9.12500000E+02  1.51280795E-01  8.37086040E-01  9.88366836E-01  2.50000000E-02 -2.67915422E-12 -2.25274184E-12 
    1443  6.25000000E+01  9.12500000E+02 -3.04139805E-01  1.29250664E+00  9.88366836E-01  2.50000000E-02 -2.73693629E-12  2.56592017E-13 
    1444  8.75000000E+01  9.12500000E+02 -7.90098644E-01  1.77846548E+00  9.88366836E-01  2.50000000E-02 -3.40269070E-12  2.34653728E-12 
    1445  1.12500000E+02  9.12500000E+02  7.07785279E-01  2.80581556E-01  9.88366836E-01  2.50000000E-02 -1.32015242E-11  9.16332340E-13 
    1446  1.37500000E+02  9.12500000E+02  8.57594923E-01  1.30771913E-01  9.88366836E-01  2.50000000E-02 -2.56537122E-11 -8.11899191E-13 
    1447  1.62500000E+02  9.12500000E+02 -8.07520116E-01  1.79588695E+00  9.88366836E-01  2.50000000E-02 -2.26355804E-11 -6.25150294E-12 
    1448  1.87500000E+02  9.12500000E+02  3.35942190E-01  6.52424646E-01  9.88366836E-01  2.50000000E-02 -2.20961316E-11  1.77803197E-12 
    1449  2.12500000E+02  9.12500000E+02 -2.77486749E-01  1.26585358E+00  9.88366836E-01  2.50000000E-02 -1.82964815E-11 -3.97935420E-12 
    1450  2.37500000E+02  9.12500000E+02 -3.12058132E-01  1.30042497E+00  9.88366836E-01  2.50000000E-02 -1.86415423E-11 -5.59758054E-12 
    1451  2.62500000E+02  9.12500000E+02 -3.83367170E-01  1.37173401E+00  9.88366836E-01  2.50000000E-02 -2.07030685E-11 -1.88498362E-11 
    1452  2.87500000E+02  9.12500000E+02  8.70565118E-01  1.17801717E-01  9.88366836E-01  2.50000000E-02 -3.50771701E-11  8.34579060E-12 
    1453  3.12500000E+02  9.12500000E+02 -7.50646418E-01  1.73901325E+00  9.88366836E-01  2.50000000E-02 -2.53976090E-11  1.89109301E-13 
    1454  3.37500000E+02  9.12500000E+02  4.16096782E-01  5.72270053E-01  9.88366836E-01  2.50000000E-02 -2.48331271E-11  1.91154858E-11 
    1455  3.62500000E+02  9.12500000E+02 -3.92942277E-01  1.38130911E+00  9.88366836E-01  2.50000000E-02 -1.99976722E-11  3.12323216E-11 
    1456  3.87500000E+02  9.12500000E+02 -9.57833220E-01  1.94620006E+00  9.88366836E-01  2.50000000E-02 -1.85342516E-11  7.75209583E-12 
    1457  4.12500000E+02  9.12500000E+02 -3.25219041E-01  1.31358588E+00  9.88366836E-01  2.50000000E-02 -2.18021976E-11 -6.34705849E-12 
    1458  4.37500000E+02  9.12500000E+02  2.64936649E-01  7.23430187E-01  9.88366836E-01  2.50000000E-02 -3.33430747E-11 -4.33077674E-12 
    1459  4.62500000E+02  9.12500000E+02  6.83520915E-01  3.04845920E-01  9.88366836E-01  2.50000000E-02 -4.41153173E-11 -1.30936891E-11 
    1460  4.87500000E+02  9.12500000E+02 -8.15006038E-02  1.06986744E+00  9.88366836E-01  2.50000000E-02 -2.33220973E-11 -2.75674287E-12 
    1461  5.12500000E+02  9.12500000E+02 -5.83436561E-01  1.57180340E+00  9.88366836E-01  2.50000000E-02 -2.14419560E-11  1.16088222E-11 
    1462  5.37500000E+02  9.12500000E+02 -8.37726170E-01  1.82609301E+00  9.88366836E-01  2.50000000E-02 -1.97784687E-11  9.10813230E-12 
    1463  5.62500000E+02  9.12500000E+02 -5.10982256E-01  1.49934909E+00  9.88366836E-01  2.50000000E-02 -2.01407266E-11 -4.18898669E-12 
    1464  5.87500000E+02  9.12500000E+02  2.44398885E-01  7.43967951E-01  9.88366836E-01  2.50000000E-02 -3.14292860E-11  1.48734769E-11 
    1465  6.12500000E+02  9.12500000E+02 -9.47668472E-01  1.93603531E+00  9.88366836E-01  2.50000000E-02 -2.40960144E-11 -1.06735097E-11 
    1466  6.37500000E+02  9.12500000E+02 -5.51132154E-01  1.53949899E+00  9.88366836E-01  2.50000000E-02 -2.15756113E-11  1.56940313E-11 
    1467  6.62500000E+02  9.12500000E+02  5.83388787E-01  4.04978049E-01  9.88366836E-01  2.50000000E-02 -3.18253817E-11  1.01546730E-11 
    1468  6.87500000E+02  9.12500000E+02  1.67800515E-01  8.20566320E-01  9.88366836E-01  2.50000000E-02 -3.14658516E-11  1.46615441E-11 
    1469  7.12500000E+02  9.12500000E+02  7.84184367E-01  2.04182468E-01  9.88366836E-01  2.50000000E-02 -2.12271947E-11 -4.40967434E-12 
    1470  7.37500000E+02  9.12500000E+02 -4.43871320E-02  1.03275397E+00  9.88366836E-01  2.50000000E-02  1.92065836E-12  1.84155641E-11 
    1471  7.62500000E+02  9.12500000E+02 -2.68744283E-01  1.25711112E+00  9.88366836E-01  2.50000000E-02  3.92333958E-12 -9.18354064E-12 
    1472  7.87500000E+02  9.12500000E+02 -9.53819213E-03  9.97905028E-01  9.88366836E-01  2.50000000E-02  4.30809126E-12  7.79934404E-14 
    1473  8.12500000E+02  9.12500000E+02 -4.55987203E-01  1.44435404E+00  9.88366836E-01  2.50000000E-02  3.82992436E-12  1.47138730E-11 
    1474  8.37500000E+02  9.12500000E+02  7.36070775E-01  2.52296060E-01  9.88366836E-01  2.50000000E-02 -1.87933726E-12  9.47476309E-12 
    1475  8.62500000E+02  9.12500000E+02  7.59808647E-02  9.12385971E-01  9.88366836E-01  2.50000000E-02  5.66316676E-12  2.79739497E-11 
    1476  8.87500000E+02  9.12500000E+02 -9.92158611E-01  1.98052545E+00  9.88366836E-01  2.50000000E-02  6.22677549E-12 -8.94761148E-13 
    1477  9.12500000E+02  9.12500000E+02  3.02283360E-01  6.86083476E-01  9.88366836E-01  2.50000000E-02  5.04023869E-12  5.83047789E-12 
    1478  9.37500000E+02  9.12500000E+02  9.20759821E-01  6.76070150E-02  9.88366836E-01  2.50000000E-02  7.24993265E-12  9.39099750E-12 
    1479  9.62500000E+02  9.12500000E+02 -5.80980122E-01  1.56934696E+00  9.88366836E-01  2.50000000E-02 -4.27836717E-12 -3.83413657E-12 
    1480  9.87500000E+02  9.12500000E+02  5.28786169E-01  4.59580667E-01  9.88366836E-01  2.50000000E-02 -2.38764375E-12  9.32489800E-12 
    1481  1.25000000E+01  9.37500000E+02  7.34919795E-01  2.53447040E-01  9.88366836E-01  2.50000000E-02 -1.47686254E-12 -3.73744499E-12 
    1482  3.75000000E+01  9.37500000E+02 -8.75809183E-01  1.86417602E+00  9.88366836E-01  2.50000000E-02 -3.70097825E-13 -2.08116126E-12 
    1483  6.25000000E+01  9.37500000E+02  4.82332735E-01  5.06034101E-01  9.88366836E-01  2.50000000E-02  2.00852550E-13  9.01330571E-13 
    1484  8.75000000E+01  9.37500000E+02  2.98046826E-01  6.90320009E-01  9.88366836E-01  2.50000000E-02 -3.61886799E-13  1.52642550E-12 
    1485  1.12500000E+02  9.37500000E+02  9.53217469E-01  3.51493671E-02  9.88366836E-01  2.50000000E-02 -1.85498584E-11 -3.78147199E-12 
    1486  1.37500000E+02  9.37500000E+02  1.48860910E-01  8.39505926E-01  9.88366836E-01  2.50000000E-02 -5.46366640E-12 -2.91458810E-13 
    1487  1.62500000E+02  9.37500000E+02  6.29629172E-01  3.58737664E-01  9.88366836E-01  2.50000000E-02 -6.92887373E-12  2.98340547E-13 
    1488  1.87500000E+02  9.37500000E+02 -3.04770272E-01  1.29313711E+00  9.88366836E-01  2.50000000E-02 -9.89664726E-12 -4.74237695E-13 
    1489  2.12500000E+02  9.37500000E+02  8.65550920E-01  1.22815916E-01  9.88366836E-01  2.50000000E-02 -1.54150269E-11  5.52583208E-12 
    1490  2.37500000E+02  9.37500000E+02  8.68394624E-01  1.19972212E-01  9.88366836E-01  2.50000000E-02 -2.00836170E-11 -6.02697112E-12 
    1491  2.62500000E+02  9.37500000E+02 -8.26868350E-01  1.81523519E+00  9.88366836E-01  2.50000000E-02 -9.56165341E-12 -1.59930670E-11 
    1492  2.87500000E+02  9.37500000E+02 -9.47225403E-01  1.93559224E+00  9.88366836E-01  2.50000000E-02 -1.19532234E-11  2.89932951E-12 
    1493  3.12500000E+02  9.37500000E+02 -1.30141149E-01  1.11850799E+00  9.88366836E-01  2.50000000E-02 -1.92461458E-11  3.86053432E-12 
    1494  3.37500000E+02  9.37500000E+02  2.38649677E-01  7.49717158E-01  9.88366836E-01  2.50000000E-02 -2.76869596E-11  1.42522261E-11 
    1495  3.62500000E+02  9.37500000E+02  6.68767066E-01  3.19599770E-01  9.88366836E-01  2.50000000E-02 -4.62439864E-11  3.02575572E-11 
    1496  3.87500000E+02  9.37500000E+02  4.87360395E-01  5.01006440E-01  9.88366836E-01  2.50000000E-02 -4.35798230E-11  1.46912501E-11 
    1497  4.12500000E+02  9.37500000E+02  2.94828656E-01  6.93538180E-01  9.88366836E-01  2.50000000E-02 -4.34247858E-11 -1.25738315E-11 
    1498  4.37500000E+02  9.37500000E+02  1.98095948E-01  7.90270888E-01  9.88366836E-01  2.50000000E-02 -4.45424388E-11 -8.61780858E-12 
    1499  4.62500000E+02  9.37500000E+02 -9.78490582E-01  1.96685742E+00  9.88366836E-01  2.50000000E-02 -2.55546429E-11 -1.86995409E-12 
    1500  4.87500000E+02  9.37500000E+02 -9.35325731E-01  1.92369257E+00  9.88366836E-01  2.50000000E-02 -2.03745319E-11  1.46559830E-12 
    1501  5.12500000E+02  9.37500000E+02 -9.56784893E-01  1.94515173E+00  9.88366836E-01  2.50000000E-02 -2.26694757E-11  1.17273652E-11 
    1502  5.37500000E+02  9.37500000E+02  2.98263193E-01  6.90103643E-01  9.88366836E-01  2.50000000E-02 -3.32819795E-11  8.65056506E-12 
    1503  5.62500000E+02  9.37500000E+02  3.15803437E-01  6.72563399E-01  9.88366836E-01  2.50000000E-02 -3.60973473E-11 -8.36169185E-12 
    1504  5.87500000E+02  9.37500000E+02 -4.35304940E-01  1.42367178E+00  9.88366836E-01  2.50000000E-02 -4.52492006E-11  1.27498326E-11 
    1505  6.12500000E+02  9.37500000E+02  6.58213495E-01  3.30153341E-01  9.88366836E-01  2.50000000E-02 -6.03656541E-11 -8.51902786E-12 
    1506  6.37500000E+02  9.37500000E+02  2.65929123E-01  7.22437712E-01  9.88366836E-01  2.50000000E-02 -4.38362823E-11  1.35312651E-11 
    1507  6.62500000E+02  9.37500000E+02  2.53591048E-01  7.34775788E-01  9.88366836E-01  2.50000000E-02 -4.30038881E-11  9.46846915E-12 
    1508  6.87500000E+02  9.37500000E+02  4.20484636E-01  5.67882200E-01  9.88366836E-01  2.50000000E-02 -4.52288314E-11  1.01764590E-11 
    1509  7.12500000E+02  9.37500000E+02  9.27306853E-02  8.95636150E-01  9.88366836E-01  2.50000000E-02 -3.71097055E-11 -6.63957872E-12 
    1510  7.37500000E+02  9.37500000E+02  2.49961450E-01  7.38405386E-01  9.88366836E-01  2.50000000E-02 -2.95135814E-11  1.50135826E-11 
    1511  7.62500000E+02  9.37500000E+02 -6.40387268E-01  1.62875410E+00  9.88366836E-01  2.50000000E-02 -1.98864758E-11 -8.75914757E-12 
    1512  7.87500000E+02  9.37500000E+02 -7.41023022E-01  1.72938986E+00  9.88366836E-01  2.50000000E-02 -1.81859049E-11 -2.79007193E-13 
    1513  8.12500000E+02  9.37500000E+02 -6.82917758E-01  1.67128459E+00  9.88366836E-01  2.50000000E-02 -1.84052765E-11  1.37611709E-11 
    1514  8.37500000E+02  9.37500000E+02  1.12980395E-01  8.75386441E-01  9.88366836E-01  2.50000000E-02 -1.96907180E-11  1.07423354E-11 
    1515  8.62500000E+02  9.37500000E+02  2.45730310E-01  7.42636525E-01  9.88366836E-01  2.50000000E-02 -1.57686502E-11  2.07791909E-11 
    1516  8.87500000E+02  9.37500000E+02 -2.26569120E-01  1.21493596E+00  9.88366836E-01  2.50000000E-02 -8.39935988E-12 -3.26837444E-14 
    1517  9.12500000E+02  9.37500000E+02 -5.49723705E-01  1.53809054E+00  9.88366836E-01  2.50000000E-02 -5.97226368E-12  5.40314347E-12 
    1518  9.37500000E+02  9.37500000E+02 -2.41878206E-01  1.23024504E+00  9.88366836E-01  2.50000000E-02 -4.70047385E-12 -3.68867190E-12 
    1519  9.62500000E+02  9.37500000E+02  5.59834469E-01  4.28532367E-01  9.88366836E-01  2.50000000E-02 -3.28421083E-12 -4.05709340E-12 
    1520  9.87500000E+02  9.37500000E+02 -6.51116848E-01  1.63948368E+00  9.88366836E-01  2.50000000E-02 -3.66259358E-13  1.44253760E-12 
    1521  1.25000000E+01  9.62500000E+02  8.96722093E-01  9.16447422E-02  9.88366836E-01  2.50000000E-02 -8.55612727E-12 -3.21455996E-12 
    1522  3.75000000E+01  9.62500000E+02 -8.42159858E-01  1.83052669E+00  9.88366836E-01  2.50000000E-02 -2.45540093E-11 -1.34187410E-12 
    1523  6.25000000E+01  9.62500000E+02  7.35773468E-01  2.52593368E-01  9.88366836E-01  2.50000000E-02 -2.71881675E-11  1.48816717E-12 
    1524  8.75000000E+01  9.62500000E+02 -4.75535013E-01  1.46390185E+00  9.88366836E-01  2.50000000E-02 -3.21249088E-11  1.22074996E-12 
    1525  1.12500000E+02  9.62500000E+02  7.68205346E-01  2.20161489E-01  9.88366836E-01  2.50000000E-02 -3.26113780E-11 -6.93479588E-12 
    1526  1.37500000E+02  9.62500000E+02 -3.04672445E-01  1.29303928E+00  9.88366836E-01  2.50000000E-02 -2.14531086E-11 -3.75511655E-13 
    1527  1.62500000E+02  9.62500000E+02  5.74915790E-01  4.13451046E-01  9.88366836E-01  2.50000000E-02 -1.72654196E-11  3.33705203E-13 
    1528  1.87500000E+02  9.62500000E+02 -3.92427551E-01  1.38079439E+00  9.88366836E-01  2.50000000E-02 -1.13288788E-11 -3.16530601E-13 
    1529  2.12500000E+02  9.62500000E+02 -5.88412673E-02  1.04720810E+00  9.88366836E-01  2.50000000E-02 -1.18659993E-11 -2.95441625E-12 
    1530  2.37500000E+02  9.62500000E+02  5.45428619E-01  4.42938216E-01  9.88366836E-01  2.50000000E-02 -2.03338370E-11 -1.79821032E-12 
    1531  2.62500000E+02  9.62500000E+02 -7.43832154E-02  1.06275005E+00  9.88366836E-01  2.50000000E-02 -1.99575376E-11 -8.96324677E-12 
    1532  2.87500000E+02  9.62500000E+02 -8.95814017E-02  1.07794824E+00  9.88366836E-01  2.50000000E-02 -2.24237303E-11  1.11200115E-12 
    1533  3.12500000E+02  9.62500000E+02  3.83351312E-01  6.05015524E-01  9.88366836E-01  2.50000000E-02 -2.89082553E-11  1.98019446E-12 
    1534  3.37500000E+02  9.62500000E+02  1.64148860E-01  8.24217976E-01  9.88366836E-01  2.50000000E-02 -3.14511223E-11  6.38344654E-12 
    1535  3.62500000E+02  9.62500000E+02  6.71659560E-01  3.16707276E-01  9.88366836E-01  2.50000000E-02 -3.29801419E-11  2.33868842E-11 
    1536  3.87500000E+02  9.62500000E+02  5.99661382E-01  3.88705453E-01  9.88366836E-01  2.50000000E-02 -3.05522165E-11  1.70987782E-11 
    1537  4.12500000E+02  9.62500000E+02  9.46653930E-01  4.17129061E-02  9.88366836E-01  2.50000000E-02 -1.15896170E-10  2.11866550E-11 
    1538  4.37500000E+02  9.62500000E+02  8.56148547E-01  1.32218289E-01  9.88366836E-01  2.50000000E-02 -1.02872128E-10  8.78981692E-12 
    1539  4.62500000E+02  9.62500000E+02 -9.11244148E-01  1.89961098E+00  9.88366836E-01  2.50000000E-02 -7.51521547E-11 -8.75585227E-13 
    1540  4.87500000E+02  9.62500000E+02  7.41694063E-01  2.46672773E-01  9.88366836E-01  2.50000000E-02 -6.31571143E-11  5.06085914E-13 
    1541  5.12500000E+02  9.62500000E+02  2.66200869E-01  7.22165967E-01  9.88366836E-01  2.50000000E-02 -6.43135043E-11  3.83385532E-12 
    1542  5.37500000E+02  9.62500000E+02  7.96732860E-01  1.91633975E-01  9.88366836E-01  2.50000000E-02 -6.04671631E-11  1.08945685E-11 
    1543  5.62500000E+02  9.62500000E+02  5.98661757E-01  3.89705078E-01  9.88366836E-01  2.50000000E-02 -4.40348672E-11 -2.04067736E-12 
    1544  5.87500000E+02  9.62500000E+02  6.19124027E-01  3.69242809E-01  9.88366836E-01  2.50000000E-02 -3.57553847E-11  9.14489687E-12 
    1545  6.12500000E+02  9.62500000E+02 -4.32051852E-01  1.42041869E+00  9.88366836E-01  2.50000000E-02 -1.34524049E-11 -8.90569313E-12 
    1546  6.37500000E+02  9.62500000E+02 -7.08649779E-01  1.69701661E+00  9.88366836E-01  2.50000000E-02 -1.10538608E-11  1.31506864E-11 
    1547  6.62500000E+02  9.62500000E+02  5.82485926E-01  4.05880910E-01  9.88366836E-01  2.50000000E-02 -1.23430248E-11  3.41145188E-12 
    1548  6.87500000E+02  9.62500000E+02  9.49551748E-01  3.88150874E-02  9.88366836E-01  2.50000000E-02 -3.88344605E-11  1.94646001E-11 
    1549  7.12500000E+02  9.62500000E+02  6.77367560E-01  3.10999275E-01  9.88366836E-01  2.50000000E-02 -1.45600489E-11 -1.86177715E-12 
    1550  7.37500000E+02  9.62500000E+02  5.27567504E-01  4.60799332E-01  9.88366836E-01  2.50000000E-02 -9.00101393E-12  8.84280468E-12 
    1551  7.62500000E+02  9.62500000E+02  5.84450674E-01  4.03916162E-01  9.88366836E-01  2.50000000E-02 -7.69591716E-12 -2.57087281E-12 
    1552  7.87500000E+02  9.62500000E+02  1.27239764E-01  8.61127071E-01  9.88366836E-01  2.50000000E-02 -8.99847010E-12  3.89600331E-16 
    1553  8.12500000E+02  9.62500000E+02  4.08184924E-01  5.80181912E-01  9.88366836E-01  2.50000000E-02 -8.74463432E-12  1.05952088E-11 
    1554  8.37500000E+02  9.62500000E+02  9.69415757E-01  1.89510783E-02  9.88366836E-01  2.50000000E-02 -1.31089342E-11  5.85335750E-12 
    1555  8.62500000E+02  9.62500000E+02 -4.55126912E-01  1.44349375E+00  9.88366836E-01  2.50000000E-02  4.28632892E-12  1.01697823E-11 
    1556  8.87500000E+02  9.62500000E+02 -3.50936499E-02  1.02346049E+00  9.88366836E-01  2.50000000E-02  4.44429386E-12  1.54725540E-13 
    1557  9.12500000E+02  9.62500000E+02  3.37572878E-01  6.50793958E-01  9.88366836E-01  2.50000000E-02  4.94779900E-12  2.45613994E-12 
    1558  9.37500000E+02  9.62500000E+02 -8.75588298E-01  1.86395513E+00  9.88366836E-01  2.50000000E-02  4.62149254E-12 -2.79998006E-12 
    1559  9.62500000E+02  9.62500000E+02  4.93574482E-01  4.94792354E-01  9.88366836E-01  2.50000000E-02  1.78867828E-12 -3.62438717E-12 
    1560  9.87500000E+02  9.62500000E+02 -5.51021495E-01  1.53938833E+00  9.88366836E-01  2.50000000E-02 -8.56206146E-15  6.93201536E-13 
    1561  1.25000000E+01  9.87500000E+02  7.80190091E-01  2.08176745E-01  9.88366836E-01  2.50000000E-02 -1.45841785E-12  3.09356476E-13 
    1562  3.75000000E+01  9.87500000E+02 -1.81548055E-02  1.00652164E+00  9.88366836E-01  2.50000000E-02 -3.94224422E-12  1.50931454E-13 
    1563  6.25000000E+01  9.87500000E+02  7.71319893E-01  2.17046943E-01  9.88366836E-01  2.50000000E-02 -6.51340460E-12  1.32258042E-12 
    1564  8.75000000E+01  9.87500000E+02  8.88495144E-01  9.98716919E-02  9.88366836E-01  2.50000000E-02 -1.51279394E-11  5.58590391E-13 
    1565  1.12500000E+02  9.87500000E+02  4.92368360E-01  4.95998476E-01  9.88366836E-01  2.50000000E-02 -9.00722599E-12 -1.57266635E-12 
    1566  1.37500000E+02  9.87500000E+02 -4.30424939E-01  1.41879177E+00  9.88366836E-01  2.50000000E-02 -4.53687968E-12 -2.22554922E-13 
    1567  1.62500000E+02  9.87500000E+02 -5.44610253E-01  1.53297709E+00  9.88366836E-01  2.50000000E-02 -4.92836999E-12 -6.74454611E-14 
    1568  1.87500000E+02  9.87500000E+02  1.28043422E-01  8.60323413E-01  9.88366836E-01  2.50000000E-02 -8.73490613E-12  5.89010652E-13 
    1569  2.12500000E+02  9.87500000E+02  4.76008640E-01  5.12358196E-01  9.88366836E-01  2.50000000E-02 -1.43575540E-11 -1.90883343E-12 
    1570  2.37500000E+02  9.87500000E+02 -2.24396448E-01  1.21276328E+00  9.88366836E-01  2.50000000E-02 -1.63508362E-11 -2.02268654E-13 
    1571  2.62500000E+02  9.87500000E+02  3.63342812E-01  6.25024024E-01  9.88366836E-01  2.50000000E-02 -1.78725550E-11 -1.47448013E-12 
    1572  2.87500000E+02  9.87500000E+02  1.71146563E-01  8.17220273E-01  9.88366836E-01  2.50000000E-02 -1.83674776E-11 -6.14269819E-13 
    1573  3.12500000E+02  9.87500000E+02 -2.55419759E-01  1.24378659E+00  9.88366836E-01  2.50000000E-02 -1.34305927E-11  3.03560158E-13 
    1574  3.37500000E+02  9.87500000E+02 -8.66685646E-01  1.85505248E+00  9.88366836E-01  2.50000000E-02 -9.88322692E-12  5.96365806E-13 
    1575  3.62500000E+02  9.87500000E+02 -4.65567840E-01  1.45393468E+00  9.88366836E-01  2.50000000E-02 -7.13188826E-12  1.55131669E-12 
    1576  3.87500000E+02  9.87500000E+02 -4.61431498E-01  1.44979833E+00  9.88366836E-01  2.50000000E-02 -4.78372200E-12  1.20934698E-12 
    1577  4.12500000E+02  9.87500000E+02 -2.80989792E-01  1.26935663E+00  9.88366836E-01  2.50000000E-02 -4.86119025E-12  2.16855535E-13 
    1578  4.37500000E+02  9.87500000E+02  7.01271443E-01  2.87095393E-01  9.88366836E-01  2.50000000E-02 -1.44136845E-11  7.74483798E-12 
    1579  4.62500000E+02  9.87500000E+02  9.85313228E-01  3.05360793E-03  9.88366836E-01  2.50000000E-02 -1.72564042E-10  9.63915355E-11 
    1580  4.87500000E+02  9.87500000E+02 -5.00564128E-01  1.48893096E+00  9.88366836E-01  2.50000000E-02 -1.46722701E-12 -4.37389435E-14 
    1581  5.12500000E+02  9.87500000E+02  4.67460687E-02  9.41620767E-01  9.88366836E-01  2.50000000E-02 -1.32247440E-12  4.61755805E-13 
    1582  5.37500000E+02  9.87500000E+02 -3.67814905E-01  1.35618174E+00  9.88366836E-01  2.50000000E-02 -8.69631687E-13  2.63575234E-13 
    1583  5.62500000E+02  9.87500000E+02 -2.25677842E-01  1.21404468E+00  9.88366836E-01  2.50000000E-02 -7.00238979E-13  2.97541948E-13 
    1584  5.87500000E+02  9.87500000E+02  9.68637570E-01  1.97292652E-02  9.88366836E-01  2.50000000E-02 -4.55616271E-11  3.08913580E-12 
    1585  6.12500000E+02  9.87500000E+02  8.61150098E-01  1.27216738E-01  9.88366836E-01  2.50000000E-02 -1.84182873E-11 -1.14969851E-12 
    1586  6.37500000E+02  9.87500000E+02  4.40708159E-01  5.47658677E-01  9.88366836E-01  2.50000000E-02 -2.17320655E-12  2.06880534E-12 
    1587  6.62500000E+02  9.87500000E+02 -4.93636618E-01  1.48200345E+00  9.88366836E-01  2.50000000E-02 -1.26254627E-12 -1.65213423E-13 
    1588  6.87500000E+02  9.87500000E+02  2.86862288E-02  9.59680607E-01  9.88366836E-01  2.50000000E-02 -2.06759280E-12  1.03878427E-13 
    1589  7.12500000E+02  9.87500000E+02  8.13472892E-01  1.74893943E-01  9.88366836E-01  2.50000000E-02 -8.59001415E-12  2.01833084E-12 
    1590  7.37500000E+02  9.87500000E+02 -1.47160918E-01  1.13552775E+00  9.88366836E-01  2.50000000E-02  2.80993287E-13  1.30037654E-12 
    1591  7.62500000E+02  9.87500000E+02 -4.87373231E-01  1.47574007E+00  9.88366836E-01  2.50000000E-02  3.37492417E-13 -2.00160519E-13 
    1592  7.87500000E+02  9.87500000E+02  1.47170481E-01  8.41196355E-01  9.88366836E-01  2.50000000E-02 -6.21568011E-13  2.13605939E-13 
    1593  8.12500000E+02  9.87500000E+02  7.84715252E-01  2.03651584E-01  9.88366836E-01  2.50000000E-02 -1.74493295E-12  2.85546500E-12 
    1594  8.37500000E+02  9.87500000E+02  8.76695779E-01  1.11671057E-01  9.88366836E-01  2.50000000E-02 -2.19079254E-12 -6.26509797E-14 
    1595  8.62500000E+02  9.87500000E+02 -4.94772749E-03  9.93314563E-01  9.88366836E-01  2.50000000E-02  4.95220074E-12  3.22021263E-12 
    1596  8.87500000E+02  9.87500000E+02 -3.80833447E-01  1.36920028E+00  9.88366836E-01  2.50000000E-02  4.42219543E-12  2.25566914E-13 
    1597  9.12500000E+02  9.87500000E+02 -7.36947486E-01  1.72531432E+00  9.88366836E-01  2.50000000E-02  3.62677176E-12  3.20640075E-13 
    1598  9.37500000E+02  9.87500000E+02 -7.00983651E-01  1.68935049E+00  9.88366836E-01  2.50000000E-02  3.51586917E-12 -1.08120185E-12 
    1599  9.62500000E+02  9.87500000E+02  5.93900250E-01  3.94466586E-01  9.88366836E-01  2.50000000E-02  2.37753950E-12 -1.08364008E-12 
    1600  9.87500000E+02  9.87500000E+02  6.22605174E-01  3.65761662E-01  9.88366836E-01  2.50000000E-02  2.40243404E-13  5.43357861E-13 
