 # Gnuplot DataFile Version
 # i x y bathy h zs Manning u v
       1  1.25000000E+01  1.25000000E+01  4.46335605E-01  1.00000000E+00  1.44633561E+00  2.50000000E-02  0.00000000E+00  0.00000000E+00 
       2  3.75000000E+01  1.25000000E+01 -6.05345608E-03  1.00000000E+00  9.93946544E-01  2.50000000E-02  0.00000000E+00  0.00000000E+00 
       3  6.25000000E+01  1.25000000E+01 -5.49514821E-01  1.00000000E+00  4.50485179E-01  2.50000000E-02  0.00000000E+00  0.00000000E+00 
       4  8.75000000E+01  1.25000000E+01  7.91149585E-01  1.00000000E+00  1.79114959E+00  2.50000000E-02  0.00000000E+00  0.00000000E+00 
       5  1.12500000E+02  1.25000000E+01  6.13669961E-02  1.00000000E+00  1.06136700E+00  2.50000000E-02  0.00000000E+00  0.00000000E+00 
       6  1.37500000E+02  1.25000000E+01  6.27517616E-01  1.00000000E+00  1.62751762E+00  2.50000000E-02  0.00000000E+00  0.00000000E+00 
       7  1.62500000E+02  1.25000000E+01  2.46381453E-01  1.00000000E+00  1.24638145E+00  2.50000000E-02  0.00000000E+00  0.00000000E+00 
       8  1.87500000E+02  1.25000000E+01  3.71292612E-01  1.00000000E+00  1.37129261E+00  2.50000000E-02  0.00000000E+00  0.00000000E+00 
       9  2.12500000E+02  1.25000000E+01  9.46004258E-01  1.00000000E+00  1.94600426E+00  2.50000000E-02  0.00000000E+00  0.00000000E+00 
      10  2.37500000E+02  1.25000000E+01  5.74937168E-01  1.00000000E+00  1.57493717E+00  2.50000000E-02  0.00000000E+00  0.00000000E+00 
      11  2.62500000E+02  1.25000000E+01  4.39255120E-02  1.00000000E+00  1.04392551E+00  2.50000000E-02  0.00000000E+00  0.00000000E+00 
      12  2.87500000E+02  1.25000000E+01 -4.09949661E-02  1.00000000E+00  9.59005034E-01  2.50000000E-02  0.00000000E+00  0.00000000E+00 
      13  3.12500000E+02  1.25000000E+01  4.38687919E-01  1.00000000E+00  1.43868792E+00  2.50000000E-02  0.00000000E+00  0.00000000E+00 
      14  3.37500000E+02  1.25000000E+01 -7.91228831E-02  1.00000000E+00  9.20877117E-01  2.50000000E-02  0.00000000E+00  0.00000000E+00 
      15  3.62500000E+02  1.25000000E+01  2.44044062E-01  1.00000000E+00  1.24404406E+00  2.50000000E-02  0.00000000E+00  0.00000000E+00 
      16  3.87500000E+02  1.25000000E+01 -6.85643526E-01  1.00000000E+00  3.14356474E-01  2.50000000E-02  0.00000000E+00  0.00000000E+00 
      17  4.12500000E+02  1.25000000E+01  2.59727577E-02  1.00000000E+00  1.02597276E+00  2.50000000E-02  0.00000000E+00  0.00000000E+00 
      18  4.37500000E+02  1.25000000E+01 -5.16011811E-01  1.00000000E+00  4.83988189E-01  2.50000000E-02  0.00000000E+00  0.00000000E+00 
      19  4.62500000E+02  1.25000000E+01 -9.20531819E-01  1.00000000E+00  7.94681809E-02  2.50000000E-02  0.00000000E+00  0.00000000E+00 
      20  4.87500000E+02  1.25000000E+01  2.92289694E-01  1.00000000E+00  1.29228969E+00  2.50000000E-02  0.00000000E+00  0.00000000E+00 
      21  5.12500000E+02  1.25000000E+01 -6.29697380E-01  1.00000000E+00  3.70302620E-01  2.50000000E-02  0.00000000E+00  0.00000000E+00 
      22  5.37500000E+02  1.25000000E+01  1.38086539E-01  1.00000000E+00  1.13808654E+00  2.50000000E-02  0.00000000E+00  0.00000000E+00 
      23  5.62500000E+02  1.25000000E+01 -7.46759496E-01  1.00000000E+00  2.53240504E-01  2.50000000E-02  0.00000000E+00  0.00000000E+00 
      24  5.87500000E+02  1.25000000E+01  7.38600993E-01  1.00000000E+00  1.73860099E+00  2.50000000E-02  0.00000000E+00  0.00000000E+00 
      25  6.12500000E+02  1.25000000E+01 -7.02905248E-01  1.00000000E+00  2.97094752E-01  2.50000000E-02  0.00000000E+00  0.00000000E+00 
      26  6.37500000E+02  1.25000000E+01  8.08237824E-01  1.00000000E+00  1.80823782E+00  2.50000000E-02  0.00000000E+00  0.00000000E+00 
      27  6.62500000E+02  1.25000000E+01  2.71836042E-01  1.00000000E+00  1.27183604E+00  2.50000000E-02  0.00000000E+00  0.00000000E+00 
      28  6.87500000E+02  1.25000000E+01  1.36223681E-01  1.00000000E+00  1.13622368E+00  2.50000000E-02  0.00000000E+00  0.00000000E+00 
      29  7.12500000E+02  1.25000000E+01 -3.85249797E-01  1.00000000E+00  6.14750203E-01  2.50000000E-02  0.00000000E+00  0.00000000E+00 
      30  7.37500000E+02  1.25000000E+01 -2.31877380E-01  1.00000000E+00  7.68122620E-01  2.50000000E-02  0.00000000E+00  0.00000000E+00 
      31  7.62500000E+02  1.25000000E+01  1.13778251E-01  1.00000000E+00  1.11377825E+00  2.50000000E-02  0.00000000E+00  0.00000000E+00 
      32  7.87500000E+02  1.25000000E+01 -2.03716185E-01  1.00000000E+00  7.96283815E-01  2.50000000E-02  0.00000000E+00  0.00000000E+00 
      33  8.12500000E+02  1.25000000E+01 -8.01970376E-01  1.00000000E+00  1.98029624E-01  2.50000000E-02  0.00000000E+00  0.00000000E+00 
      34  8.37500000E+02  1.25000000E+01 -2.45458514E-01  1.00000000E+00  7.54541486E-01  2.50000000E-02  0.00000000E+00  0.00000000E+00 
      35  8.62500000E+02  1.25000000E+01  6.55172082E-01  1.00000000E+00  1.65517208E+00  2.50000000E-02  0.00000000E+00  0.00000000E+00 
      36  8.87500000E+02  1.25000000E+01 -7.59466771E-01  1.00000000E+00  2.40533229E-01  2.50000000E-02  0.00000000E+00  0.00000000E+00 
      37  9.12500000E+02  1.25000000E+01 -1.48571111E-01  1.00000000E+00  8.51428889E-01  2.50000000E-02  0.00000000E+00  0.00000000E+00 
      38  9.37500000E+02  1.25000000E+01 -9.38289085E-01  1.00000000E+00  6.17109149E-02  2.50000000E-02  0.00000000E+00  0.00000000E+00 
      39  9.62500000E+02  1.25000000E+01  6.10300161E-01  1.00000000E+00  1.61030016E+00  2.50000000E-02  0.00000000E+00  0.00000000E+00 
      40  9.87500000E+02  1.25000000E+01 -2.47851854E-01  1.00000000E+00  7.52148146E-01  2.50000000E-02  0.00000000E+00  0.00000000E+00 
      41  1.25000000E+01  3.75000000E+01 -5.98248598E-03  1.00000000E+00  9.94017514E-01  2.50000000E-02  0.00000000E+00  0.00000000E+00 
      42  3.75000000E+01  3.75000000E+01 -2.67561176E-01  1.00000000E+00  7.32438824E-01  2.50000000E-02  0.00000000E+00  0.00000000E+00 
      43  6.25000000E+01  3.75000000E+01 -5.60496726E-01  1.00000000E+00  4.39503274E-01  2.50000000E-02  0.00000000E+00  0.00000000E+00 
      44  8.75000000E+01  3.75000000E+01  6.36443375E-01  1.00000000E+00  1.63644337E+00  2.50000000E-02  0.00000000E+00  0.00000000E+00 
      45  1.12500000E+02  3.75000000E+01  9.86166516E-01  1.00000000E+00  1.98616652E+00  2.50000000E-02  0.00000000E+00  0.00000000E+00 
      46  1.37500000E+02  3.75000000E+01 -5.10431734E-01  1.00000000E+00  4.89568266E-01  2.50000000E-02  0.00000000E+00  0.00000000E+00 
      47  1.62500000E+02  3.75000000E+01 -4.55747954E-01  1.00000000E+00  5.44252046E-01  2.50000000E-02  0.00000000E+00  0.00000000E+00 
      48  1.87500000E+02  3.75000000E+01 -9.26617771E-01  1.00000000E+00  7.33822294E-02  2.50000000E-02  0.00000000E+00  0.00000000E+00 
      49  2.12500000E+02  3.75000000E+01 -6.05654847E-01  1.00000000E+00  3.94345153E-01  2.50000000E-02  0.00000000E+00  0.00000000E+00 
      50  2.37500000E+02  3.75000000E+01 -4.45395756E-01  1.00000000E+00  5.54604244E-01  2.50000000E-02  0.00000000E+00  0.00000000E+00 
      51  2.62500000E+02  3.75000000E+01  6.78131645E-01  1.00000000E+00  1.67813164E+00  2.50000000E-02  0.00000000E+00  0.00000000E+00 
      52  2.87500000E+02  3.75000000E+01  4.31827320E-01  1.00000000E+00  1.43182732E+00  2.50000000E-02  0.00000000E+00  0.00000000E+00 
      53  3.12500000E+02  3.75000000E+01  9.58920598E-01  1.00000000E+00  1.95892060E+00  2.50000000E-02  0.00000000E+00  0.00000000E+00 
      54  3.37500000E+02  3.75000000E+01 -1.43604037E-01  1.00000000E+00  8.56395963E-01  2.50000000E-02  0.00000000E+00  0.00000000E+00 
      55  3.62500000E+02  3.75000000E+01 -7.98346345E-01  1.00000000E+00  2.01653655E-01  2.50000000E-02  0.00000000E+00  0.00000000E+00 
      56  3.87500000E+02  3.75000000E+01 -7.61416868E-01  1.00000000E+00  2.38583132E-01  2.50000000E-02  0.00000000E+00  0.00000000E+00 
      57  4.12500000E+02  3.75000000E+01 -7.32299337E-01  1.00000000E+00  2.67700663E-01  2.50000000E-02  0.00000000E+00  0.00000000E+00 
      58  4.37500000E+02  3.75000000E+01  4.06542981E-03  1.00000000E+00  1.00406543E+00  2.50000000E-02  0.00000000E+00  0.00000000E+00 
      59  4.62500000E+02  3.75000000E+01  5.23048454E-01  1.00000000E+00  1.52304845E+00  2.50000000E-02  0.00000000E+00  0.00000000E+00 
      60  4.87500000E+02  3.75000000E+01  8.70015014E-01  1.00000000E+00  1.87001501E+00  2.50000000E-02  0.00000000E+00  0.00000000E+00 
      61  5.12500000E+02  3.75000000E+01  6.95774785E-02  1.00000000E+00  1.06957748E+00  2.50000000E-02  0.00000000E+00  0.00000000E+00 
      62  5.37500000E+02  3.75000000E+01 -2.62874281E-01  1.00000000E+00  7.37125719E-01  2.50000000E-02  0.00000000E+00  0.00000000E+00 
      63  5.62500000E+02  3.75000000E+01  2.57640648E-02  1.00000000E+00  1.02576406E+00  2.50000000E-02  0.00000000E+00  0.00000000E+00 
      64  5.87500000E+02  3.75000000E+01  5.75245284E-01  1.00000000E+00  1.57524528E+00  2.50000000E-02  0.00000000E+00  0.00000000E+00 
      65  6.12500000E+02  3.75000000E+01 -6.05455565E-01  1.00000000E+00  3.94544435E-01  2.50000000E-02  0.00000000E+00  0.00000000E+00 
      66  6.37500000E+02  3.75000000E+01 -6.78783371E-01  1.00000000E+00  3.21216629E-01  2.50000000E-02  0.00000000E+00  0.00000000E+00 
      67  6.62500000E+02  3.75000000E+01 -9.13459003E-01  1.00000000E+00  8.65409968E-02  2.50000000E-02  0.00000000E+00  0.00000000E+00 
      68  6.87500000E+02  3.75000000E+01 -6.50455217E-01  1.00000000E+00  3.49544783E-01  2.50000000E-02  0.00000000E+00  0.00000000E+00 
      69  7.12500000E+02  3.75000000E+01  2.69543656E-01  1.00000000E+00  1.26954366E+00  2.50000000E-02  0.00000000E+00  0.00000000E+00 
      70  7.37500000E+02  3.75000000E+01 -3.48170109E-01  1.00000000E+00  6.51829891E-01  2.50000000E-02  0.00000000E+00  0.00000000E+00 
      71  7.62500000E+02  3.75000000E+01 -8.77683744E-01  1.00000000E+00  1.22316256E-01  2.50000000E-02  0.00000000E+00  0.00000000E+00 
      72  7.87500000E+02  3.75000000E+01 -6.64986548E-01  1.00000000E+00  3.35013452E-01  2.50000000E-02  0.00000000E+00  0.00000000E+00 
      73  8.12500000E+02  3.75000000E+01 -8.83911452E-01  1.00000000E+00  1.16088548E-01  2.50000000E-02  0.00000000E+00  0.00000000E+00 
      74  8.37500000E+02  3.75000000E+01 -4.05378689E-01  1.00000000E+00  5.94621311E-01  2.50000000E-02  0.00000000E+00  0.00000000E+00 
      75  8.62500000E+02  3.75000000E+01 -9.46473242E-01  1.00000000E+00  5.35267579E-02  2.50000000E-02  0.00000000E+00  0.00000000E+00 
      76  8.87500000E+02  3.75000000E+01 -4.51688796E-02  1.00000000E+00  9.54831120E-01  2.50000000E-02  0.00000000E+00  0.00000000E+00 
      77  9.12500000E+02  3.75000000E+01  1.61625845E-01  1.00000000E+00  1.16162584E+00  2.50000000E-02  0.00000000E+00  0.00000000E+00 
      78  9.37500000E+02  3.75000000E+01  8.80252354E-01  1.00000000E+00  1.88025235E+00  2.50000000E-02  0.00000000E+00  0.00000000E+00 
      79  9.62500000E+02  3.75000000E+01 -4.78569655E-01  1.00000000E+00  5.21430345E-01  2.50000000E-02  0.00000000E+00  0.00000000E+00 
      80  9.87500000E+02  3.75000000E+01 -4.41479578E-01  1.00000000E+00  5.58520422E-01  2.50000000E-02  0.00000000E+00  0.00000000E+00 
      81  1.25000000E+01  6.25000000E+01 -2.22133777E-01  1.00000000E+00  7.77866223E-01  2.50000000E-02  0.00000000E+00  0.00000000E+00 
      82  3.75000000E+01  6.25000000E+01 -9.22805164E-01  1.00000000E+00  7.71948364E-02  2.50000000E-02  0.00000000E+00  0.00000000E+00 
      83  6.25000000E+01  6.25000000E+01  8.67690341E-01  1.00000000E+00  1.86769034E+00  2.50000000E-02  0.00000000E+00  0.00000000E+00 
      84  8.75000000E+01  6.25000000E+01  5.96017279E-01  1.00000000E+00  1.59601728E+00  2.50000000E-02  0.00000000E+00  0.00000000E+00 
      85  1.12500000E+02  6.25000000E+01  6.44978475E-01  1.00000000E+00  1.64497847E+00  2.50000000E-02  0.00000000E+00  0.00000000E+00 
      86  1.37500000E+02  6.25000000E+01  1.31753819E-01  1.00000000E+00  1.13175382E+00  2.50000000E-02  0.00000000E+00  0.00000000E+00 
      87  1.62500000E+02  6.25000000E+01 -4.55407585E-01  1.00000000E+00  5.44592415E-01  2.50000000E-02  0.00000000E+00  0.00000000E+00 
      88  1.87500000E+02  6.25000000E+01 -5.64947174E-01  1.00000000E+00  4.35052826E-01  2.50000000E-02  0.00000000E+00  0.00000000E+00 
      89  2.12500000E+02  6.25000000E+01  3.81153889E-01  1.00000000E+00  1.38115389E+00  2.50000000E-02  0.00000000E+00  0.00000000E+00 
      90  2.37500000E+02  6.25000000E+01  8.45212841E-01  1.00000000E+00  1.84521284E+00  2.50000000E-02  0.00000000E+00  0.00000000E+00 
      91  2.62500000E+02  6.25000000E+01 -2.37008896E-01  1.00000000E+00  7.62991104E-01  2.50000000E-02  0.00000000E+00  0.00000000E+00 
      92  2.87500000E+02  6.25000000E+01 -1.01501098E-01  1.00000000E+00  8.98498902E-01  2.50000000E-02  0.00000000E+00  0.00000000E+00 
      93  3.12500000E+02  6.25000000E+01 -3.41664032E-01  1.00000000E+00  6.58335968E-01  2.50000000E-02  0.00000000E+00  0.00000000E+00 
      94  3.37500000E+02  6.25000000E+01 -5.72670355E-01  1.00000000E+00  4.27329645E-01  2.50000000E-02  0.00000000E+00  0.00000000E+00 
      95  3.62500000E+02  6.25000000E+01 -7.40812302E-01  1.00000000E+00  2.59187698E-01  2.50000000E-02  0.00000000E+00  0.00000000E+00 
      96  3.87500000E+02  6.25000000E+01  1.39403546E-01  1.00000000E+00  1.13940355E+00  2.50000000E-02  0.00000000E+00  0.00000000E+00 
      97  4.12500000E+02  6.25000000E+01 -3.42636639E-01  1.00000000E+00  6.57363361E-01  2.50000000E-02  0.00000000E+00  0.00000000E+00 
      98  4.37500000E+02  6.25000000E+01 -8.09230132E-01  1.00000000E+00  1.90769868E-01  2.50000000E-02  0.00000000E+00  0.00000000E+00 
      99  4.62500000E+02  6.25000000E+01  8.36185138E-01  1.00000000E+00  1.83618514E+00  2.50000000E-02  0.00000000E+00  0.00000000E+00 
     100  4.87500000E+02  6.25000000E+01 -7.66004509E-01  1.00000000E+00  2.33995491E-01  2.50000000E-02  0.00000000E+00  0.00000000E+00 
     101  5.12500000E+02  6.25000000E+01 -8.56193929E-01  1.00000000E+00  1.43806071E-01  2.50000000E-02  0.00000000E+00  0.00000000E+00 
     102  5.37500000E+02  6.25000000E+01  7.96759260E-01  1.00000000E+00  1.79675926E+00  2.50000000E-02  0.00000000E+00  0.00000000E+00 
     103  5.62500000E+02  6.25000000E+01  9.10743014E-01  1.00000000E+00  1.91074301E+00  2.50000000E-02  0.00000000E+00  0.00000000E+00 
     104  5.87500000E+02  6.25000000E+01  4.33256348E-01  1.00000000E+00  1.43325635E+00  2.50000000E-02  0.00000000E+00  0.00000000E+00 
     105  6.12500000E+02  6.25000000E+01 -2.25020687E-01  1.00000000E+00  7.74979313E-01  2.50000000E-02  0.00000000E+00  0.00000000E+00 
     106  6.37500000E+02  6.25000000E+01  4.75225974E-01  1.00000000E+00  1.47522597E+00  2.50000000E-02  0.00000000E+00  0.00000000E+00 
     107  6.62500000E+02  6.25000000E+01  4.58719477E-01  1.00000000E+00  1.45871948E+00  2.50000000E-02  0.00000000E+00  0.00000000E+00 
     108  6.87500000E+02  6.25000000E+01  9.60961101E-01  1.00000000E+00  1.96096110E+00  2.50000000E-02  0.00000000E+00  0.00000000E+00 
     109  7.12500000E+02  6.25000000E+01 -4.20474387E-01  1.00000000E+00  5.79525613E-01  2.50000000E-02  0.00000000E+00  0.00000000E+00 
     110  7.37500000E+02  6.25000000E+01 -3.14378457E-01  1.00000000E+00  6.85621543E-01  2.50000000E-02  0.00000000E+00  0.00000000E+00 
     111  7.62500000E+02  6.25000000E+01 -1.11089879E-01  1.00000000E+00  8.88910121E-01  2.50000000E-02  0.00000000E+00  0.00000000E+00 
     112  7.87500000E+02  6.25000000E+01 -7.61144773E-01  1.00000000E+00  2.38855227E-01  2.50000000E-02  0.00000000E+00  0.00000000E+00 
     113  8.12500000E+02  6.25000000E+01 -3.67239481E-02  1.00000000E+00  9.63276052E-01  2.50000000E-02  0.00000000E+00  0.00000000E+00 
     114  8.37500000E+02  6.25000000E+01 -9.98738683E-01  1.00000000E+00  1.26131663E-03  2.50000000E-02  0.00000000E+00  0.00000000E+00 
     115  8.62500000E+02  6.25000000E+01 -8.80356106E-01  1.00000000E+00  1.19643894E-01  2.50000000E-02  0.00000000E+00  0.00000000E+00 
     116  8.87500000E+02  6.25000000E+01 -6.14383111E-01  1.00000000E+00  3.85616889E-01  2.50000000E-02  0.00000000E+00  0.00000000E+00 
     117  9.12500000E+02  6.25000000E+01  3.58235454E-01  1.00000000E+00  1.35823545E+00  2.50000000E-02  0.00000000E+00  0.00000000E+00 
     118  9.37500000E+02  6.25000000E+01  6.03469246E-01  1.00000000E+00  1.60346925E+00  2.50000000E-02  0.00000000E+00  0.00000000E+00 
     119  9.62500000E+02  6.25000000E+01  4.41048308E-01  1.00000000E+00  1.44104831E+00  2.50000000E-02  0.00000000E+00  0.00000000E+00 
     120  9.87500000E+02  6.25000000E+01  9.11711479E-01  1.00000000E+00  1.91171148E+00  2.50000000E-02  0.00000000E+00  0.00000000E+00 
     121  1.25000000E+01  8.75000000E+01  1.08678609E-01  1.00000000E+00  1.10867861E+00  2.50000000E-02  0.00000000E+00  0.00000000E+00 
     122  3.75000000E+01  8.75000000E+01 -2.28846589E-01  1.00000000E+00  7.71153411E-01  2.50000000E-02  0.00000000E+00  0.00000000E+00 
     123  6.25000000E+01  8.75000000E+01 -3.58835185E-01  1.00000000E+00  6.41164815E-01  2.50000000E-02  0.00000000E+00  0.00000000E+00 
     124  8.75000000E+01  8.75000000E+01 -2.64391871E-01  1.00000000E+00  7.35608129E-01  2.50000000E-02  0.00000000E+00  0.00000000E+00 
     125  1.12500000E+02  8.75000000E+01 -7.25763198E-02  1.00000000E+00  9.27423680E-01  2.50000000E-02  0.00000000E+00  0.00000000E+00 
     126  1.37500000E+02  8.75000000E+01 -1.54400161E-01  1.00000000E+00  8.45599839E-01  2.50000000E-02  0.00000000E+00  0.00000000E+00 
     127  1.62500000E+02  8.75000000E+01 -5.69328360E-02  1.00000000E+00  9.43067164E-01  2.50000000E-02  0.00000000E+00  0.00000000E+00 
     128  1.87500000E+02  8.75000000E+01  9.24570212E-02  1.00000000E+00  1.09245702E+00  2.50000000E-02  0.00000000E+00  0.00000000E+00 
     129  2.12500000E+02  8.75000000E+01 -4.43656183E-01  1.00000000E+00  5.56343817E-01  2.50000000E-02  0.00000000E+00  0.00000000E+00 
     130  2.37500000E+02  8.75000000E+01 -5.57667035E-01  1.00000000E+00  4.42332965E-01  2.50000000E-02  0.00000000E+00  0.00000000E+00 
     131  2.62500000E+02  8.75000000E+01  8.18492517E-01  1.00000000E+00  1.81849252E+00  2.50000000E-02  0.00000000E+00  0.00000000E+00 
     132  2.87500000E+02  8.75000000E+01 -5.73086483E-01  1.00000000E+00  4.26913517E-01  2.50000000E-02  0.00000000E+00  0.00000000E+00 
     133  3.12500000E+02  8.75000000E+01 -8.05166683E-01  1.00000000E+00  1.94833317E-01  2.50000000E-02  0.00000000E+00  0.00000000E+00 
     134  3.37500000E+02  8.75000000E+01 -3.46934284E-01  1.00000000E+00  6.53065716E-01  2.50000000E-02  0.00000000E+00  0.00000000E+00 
     135  3.62500000E+02  8.75000000E+01 -3.61523406E-01  1.00000000E+00  6.38476594E-01  2.50000000E-02  0.00000000E+00  0.00000000E+00 
     136  3.87500000E+02  8.75000000E+01 -3.84854875E-01  1.00000000E+00  6.15145125E-01  2.50000000E-02  0.00000000E+00  0.00000000E+00 
     137  4.12500000E+02  8.75000000E+01  6.99363783E-01  1.00000000E+00  1.69936378E+00  2.50000000E-02  0.00000000E+00  0.00000000E+00 
     138  4.37500000E+02  8.75000000E+01 -8.75640272E-01  1.00000000E+00  1.24359728E-01  2.50000000E-02  0.00000000E+00  0.00000000E+00 
     139  4.62500000E+02  8.75000000E+01  6.10751907E-01  1.00000000E+00  1.61075191E+00  2.50000000E-02  0.00000000E+00  0.00000000E+00 
     140  4.87500000E+02  8.75000000E+01  3.56843358E-01  1.00000000E+00  1.35684336E+00  2.50000000E-02  0.00000000E+00  0.00000000E+00 
     141  5.12500000E+02  8.75000000E+01  1.64731033E-01  1.00000000E+00  1.16473103E+00  2.50000000E-02  0.00000000E+00  0.00000000E+00 
     142  5.37500000E+02  8.75000000E+01 -7.42538812E-01  1.00000000E+00  2.57461188E-01  2.50000000E-02  0.00000000E+00  0.00000000E+00 
     143  5.62500000E+02  8.75000000E+01 -9.48118006E-01  1.00000000E+00  5.18819942E-02  2.50000000E-02  0.00000000E+00  0.00000000E+00 
     144  5.87500000E+02  8.75000000E+01 -3.36867799E-01  1.00000000E+00  6.63132201E-01  2.50000000E-02  0.00000000E+00  0.00000000E+00 
     145  6.12500000E+02  8.75000000E+01 -8.26321860E-01  1.00000000E+00  1.73678140E-01  2.50000000E-02  0.00000000E+00  0.00000000E+00 
     146  6.37500000E+02  8.75000000E+01  4.72054294E-01  1.00000000E+00  1.47205429E+00  2.50000000E-02  0.00000000E+00  0.00000000E+00 
     147  6.62500000E+02  8.75000000E+01  3.81361642E-01  1.00000000E+00  1.38136164E+00  2.50000000E-02  0.00000000E+00  0.00000000E+00 
     148  6.87500000E+02  8.75000000E+01  2.08037102E-01  1.00000000E+00  1.20803710E+00  2.50000000E-02  0.00000000E+00  0.00000000E+00 
     149  7.12500000E+02  8.75000000E+01  7.21356006E-01  1.00000000E+00  1.72135601E+00  2.50000000E-02  0.00000000E+00  0.00000000E+00 
     150  7.37500000E+02  8.75000000E+01 -6.36567943E-01  1.00000000E+00  3.63432057E-01  2.50000000E-02  0.00000000E+00  0.00000000E+00 
     151  7.62500000E+02  8.75000000E+01  2.81442429E-01  1.00000000E+00  1.28144243E+00  2.50000000E-02  0.00000000E+00  0.00000000E+00 
     152  7.87500000E+02  8.75000000E+01 -8.69344436E-01  1.00000000E+00  1.30655564E-01  2.50000000E-02  0.00000000E+00  0.00000000E+00 
     153  8.12500000E+02  8.75000000E+01  2.54507633E-01  1.00000000E+00  1.25450763E+00  2.50000000E-02  0.00000000E+00  0.00000000E+00 
     154  8.37500000E+02  8.75000000E+01 -1.03986893E-01  1.00000000E+00  8.96013107E-01  2.50000000E-02  0.00000000E+00  0.00000000E+00 
     155  8.62500000E+02  8.75000000E+01  1.39175414E-01  1.00000000E+00  1.13917541E+00  2.50000000E-02  0.00000000E+00  0.00000000E+00 
     156  8.87500000E+02  8.75000000E+01 -8.52254150E-01  1.00000000E+00  1.47745850E-01  2.50000000E-02  0.00000000E+00  0.00000000E+00 
     157  9.12500000E+02  8.75000000E+01  9.24882240E-02  1.00000000E+00  1.09248822E+00  2.50000000E-02  0.00000000E+00  0.00000000E+00 
     158  9.37500000E+02  8.75000000E+01  2.11924596E-01  1.00000000E+00  1.21192460E+00  2.50000000E-02  0.00000000E+00  0.00000000E+00 
     159  9.62500000E+02  8.75000000E+01  7.91661204E-01  1.00000000E+00  1.79166120E+00  2.50000000E-02  0.00000000E+00  0.00000000E+00 
     160  9.87500000E+02  8.75000000E+01 -7.84772235E-01  1.00000000E+00  2.15227765E-01  2.50000000E-02  0.00000000E+00  0.00000000E+00 
     161  1.25000000E+01  1.12500000E+02 -1.38517810E-01  1.00000000E+00  8.61482190E-01  2.50000000E-02  0.00000000E+00  0.00000000E+00 
     162  3.75000000E+01  1.12500000E+02 -5.15752501E-01  1.00000000E+00  4.84247499E-01  2.50000000E-02  0.00000000E+00  0.00000000E+00 
     163  6.25000000E+01  1.12500000E+02  6.79722152E-01  1.00000000E+00  1.67972215E+00  2.50000000E-02  0.00000000E+00  0.00000000E+00 
     164  8.75000000E+01  1.12500000E+02  3.93778443E-01  1.00000000E+00  1.39377844E+00  2.50000000E-02  0.00000000E+00  0.00000000E+00 
     165  1.12500000E+02  1.12500000E+02 -7.51376039E-01  1.00000000E+00  2.48623961E-01  2.50000000E-02  0.00000000E+00  0.00000000E+00 
     166  1.37500000E+02  1.12500000E+02  9.94759526E-01  1.00000000E+00  1.99475953E+00  2.50000000E-02  0.00000000E+00  0.00000000E+00 
     167  1.62500000E+02  1.12500000E+02 -5.96844762E-03  1.00000000E+00  9.94031552E-01  2.50000000E-02  0.00000000E+00  0.00000000E+00 
     168  1.87500000E+02  1.12500000E+02  2.73210245E-01  1.00000000E+00  1.27321024E+00  2.50000000E-02  0.00000000E+00  0.00000000E+00 
     169  2.12500000E+02  1.12500000E+02 -7.97240036E-01  1.00000000E+00  2.02759964E-01  2.50000000E-02  0.00000000E+00  0.00000000E+00 
     170  2.37500000E+02  1.12500000E+02 -5.90233836E-01  1.00000000E+00  4.09766164E-01  2.50000000E-02  0.00000000E+00  0.00000000E+00 
     171  2.62500000E+02  1.12500000E+02  4.42065805E-01  1.00000000E+00  1.44206581E+00  2.50000000E-02  0.00000000E+00  0.00000000E+00 
     172  2.87500000E+02  1.12500000E+02 -3.93244859E-01  1.00000000E+00  6.06755141E-01  2.50000000E-02  0.00000000E+00  0.00000000E+00 
     173  3.12500000E+02  1.12500000E+02  3.09424066E-01  1.00000000E+00  1.30942407E+00  2.50000000E-02  0.00000000E+00  0.00000000E+00 
     174  3.37500000E+02  1.12500000E+02 -9.66486511E-01  1.00000000E+00  3.35134889E-02  2.50000000E-02  0.00000000E+00  0.00000000E+00 
     175  3.62500000E+02  1.12500000E+02 -3.44924414E-01  1.00000000E+00  6.55075586E-01  2.50000000E-02  0.00000000E+00  0.00000000E+00 
     176  3.87500000E+02  1.12500000E+02  3.36817882E-02  1.00000000E+00  1.03368179E+00  2.50000000E-02  0.00000000E+00  0.00000000E+00 
     177  4.12500000E+02  1.12500000E+02  5.63483232E-01  1.00000000E+00  1.56348323E+00  2.50000000E-02  0.00000000E+00  0.00000000E+00 
     178  4.37500000E+02  1.12500000E+02 -4.61520794E-01  1.00000000E+00  5.38479206E-01  2.50000000E-02  0.00000000E+00  0.00000000E+00 
     179  4.62500000E+02  1.12500000E+02 -8.93975861E-02  1.00000000E+00  9.10602414E-01  2.50000000E-02  0.00000000E+00  0.00000000E+00 
     180  4.87500000E+02  1.12500000E+02  5.86560371E-01  1.00000000E+00  1.58656037E+00  2.50000000E-02  0.00000000E+00  0.00000000E+00 
     181  5.12500000E+02  1.12500000E+02  8.29051939E-01  1.00000000E+00  1.82905194E+00  2.50000000E-02  0.00000000E+00  0.00000000E+00 
     182  5.37500000E+02  1.12500000E+02 -2.66416548E-01  1.00000000E+00  7.33583452E-01  2.50000000E-02  0.00000000E+00  0.00000000E+00 
     183  5.62500000E+02  1.12500000E+02 -5.82060613E-02  1.00000000E+00  9.41793939E-01  2.50000000E-02  0.00000000E+00  0.00000000E+00 
     184  5.87500000E+02  1.12500000E+02 -2.17671230E-01  1.00000000E+00  7.82328770E-01  2.50000000E-02  0.00000000E+00  0.00000000E+00 
     185  6.12500000E+02  1.12500000E+02 -1.44100279E-01  1.00000000E+00  8.55899721E-01  2.50000000E-02  0.00000000E+00  0.00000000E+00 
     186  6.37500000E+02  1.12500000E+02  1.79934253E-01  1.00000000E+00  1.17993425E+00  2.50000000E-02  0.00000000E+00  0.00000000E+00 
     187  6.62500000E+02  1.12500000E+02  3.46347084E-01  1.00000000E+00  1.34634708E+00  2.50000000E-02  0.00000000E+00  0.00000000E+00 
     188  6.87500000E+02  1.12500000E+02  1.33810219E-02  1.00000000E+00  1.01338102E+00  2.50000000E-02  0.00000000E+00  0.00000000E+00 
     189  7.12500000E+02  1.12500000E+02  4.88346163E-01  1.00000000E+00  1.48834616E+00  2.50000000E-02  0.00000000E+00  0.00000000E+00 
     190  7.37500000E+02  1.12500000E+02  9.85545454E-01  1.00000000E+00  1.98554545E+00  2.50000000E-02  0.00000000E+00  0.00000000E+00 
     191  7.62500000E+02  1.12500000E+02  8.44931991E-01  1.00000000E+00  1.84493199E+00  2.50000000E-02  0.00000000E+00  0.00000000E+00 
     192  7.87500000E+02  1.12500000E+02 -2.61429806E-01  1.00000000E+00  7.38570194E-01  2.50000000E-02  0.00000000E+00  0.00000000E+00 
     193  8.12500000E+02  1.12500000E+02 -4.19086636E-01  1.00000000E+00  5.80913364E-01  2.50000000E-02  0.00000000E+00  0.00000000E+00 
     194  8.37500000E+02  1.12500000E+02 -6.24126360E-01  1.00000000E+00  3.75873640E-01  2.50000000E-02  0.00000000E+00  0.00000000E+00 
     195  8.62500000E+02  1.12500000E+02 -1.03208890E-01  1.00000000E+00  8.96791110E-01  2.50000000E-02  0.00000000E+00  0.00000000E+00 
     196  8.87500000E+02  1.12500000E+02  8.56216663E-01  1.00000000E+00  1.85621666E+00  2.50000000E-02  0.00000000E+00  0.00000000E+00 
     197  9.12500000E+02  1.12500000E+02  5.22711667E-01  1.00000000E+00  1.52271167E+00  2.50000000E-02  0.00000000E+00  0.00000000E+00 
     198  9.37500000E+02  1.12500000E+02 -9.57883280E-01  1.00000000E+00  4.21167204E-02  2.50000000E-02  0.00000000E+00  0.00000000E+00 
     199  9.62500000E+02  1.12500000E+02 -8.96224899E-01  1.00000000E+00  1.03775101E-01  2.50000000E-02  0.00000000E+00  0.00000000E+00 
     200  9.87500000E+02  1.12500000E+02 -8.69716605E-01  1.00000000E+00  1.30283395E-01  2.50000000E-02  0.00000000E+00  0.00000000E+00 
     201  1.25000000E+01  1.37500000E+02  7.23899730E-01  1.00000000E+00  1.72389973E+00  2.50000000E-02  0.00000000E+00  0.00000000E+00 
     202  3.75000000E+01  1.37500000E+02  8.12980265E-01  1.00000000E+00  1.81298026E+00  2.50000000E-02  0.00000000E+00  0.00000000E+00 
     203  6.25000000E+01  1.37500000E+02 -3.66884301E-01  1.00000000E+00  6.33115699E-01  2.50000000E-02  0.00000000E+00  0.00000000E+00 
     204  8.75000000E+01  1.37500000E+02 -5.83269168E-01  1.00000000E+00  4.16730832E-01  2.50000000E-02  0.00000000E+00  0.00000000E+00 
     205  1.12500000E+02  1.37500000E+02  7.75219159E-01  1.00000000E+00  1.77521916E+00  2.50000000E-02  0.00000000E+00  0.00000000E+00 
     206  1.37500000E+02  1.37500000E+02 -4.95104883E-01  1.00000000E+00  5.04895117E-01  2.50000000E-02  0.00000000E+00  0.00000000E+00 
     207  1.62500000E+02  1.37500000E+02 -3.69251004E-01  1.00000000E+00  6.30748996E-01  2.50000000E-02  0.00000000E+00  0.00000000E+00 
     208  1.87500000E+02  1.37500000E+02 -8.84234157E-01  1.00000000E+00  1.15765843E-01  2.50000000E-02  0.00000000E+00  0.00000000E+00 
     209  2.12500000E+02  1.37500000E+02 -6.39689322E-01  1.00000000E+00  3.60310678E-01  2.50000000E-02  0.00000000E+00  0.00000000E+00 
     210  2.37500000E+02  1.37500000E+02  3.91397575E-02  1.00000000E+00  1.03913976E+00  2.50000000E-02  0.00000000E+00  0.00000000E+00 
     211  2.62500000E+02  1.37500000E+02 -8.48776607E-01  1.00000000E+00  1.51223393E-01  2.50000000E-02  0.00000000E+00  0.00000000E+00 
     212  2.87500000E+02  1.37500000E+02 -9.42180406E-01  1.00000000E+00  5.78195939E-02  2.50000000E-02  0.00000000E+00  0.00000000E+00 
     213  3.12500000E+02  1.37500000E+02 -3.69058054E-01  1.00000000E+00  6.30941946E-01  2.50000000E-02  0.00000000E+00  0.00000000E+00 
     214  3.37500000E+02  1.37500000E+02  3.15102034E-01  1.00000000E+00  1.31510203E+00  2.50000000E-02  0.00000000E+00  0.00000000E+00 
     215  3.62500000E+02  1.37500000E+02 -1.07956865E-01  1.00000000E+00  8.92043135E-01  2.50000000E-02  0.00000000E+00  0.00000000E+00 
     216  3.87500000E+02  1.37500000E+02  7.69074484E-01  1.00000000E+00  1.76907448E+00  2.50000000E-02  0.00000000E+00  0.00000000E+00 
     217  4.12500000E+02  1.37500000E+02  9.99470287E-01  1.00000000E+00  1.99947029E+00  2.50000000E-02  0.00000000E+00  0.00000000E+00 
     218  4.37500000E+02  1.37500000E+02 -7.43699164E-01  1.00000000E+00  2.56300836E-01  2.50000000E-02  0.00000000E+00  0.00000000E+00 
     219  4.62500000E+02  1.37500000E+02 -4.07240404E-01  1.00000000E+00  5.92759596E-01  2.50000000E-02  0.00000000E+00  0.00000000E+00 
     220  4.87500000E+02  1.37500000E+02  1.67925225E-01  1.00000000E+00  1.16792523E+00  2.50000000E-02  0.00000000E+00  0.00000000E+00 
     221  5.12500000E+02  1.37500000E+02  6.80805707E-01  1.00000000E+00  1.68080571E+00  2.50000000E-02  0.00000000E+00  0.00000000E+00 
     222  5.37500000E+02  1.37500000E+02  2.17428979E-02  1.00000000E+00  1.02174290E+00  2.50000000E-02  0.00000000E+00  0.00000000E+00 
     223  5.62500000E+02  1.37500000E+02  6.58877397E-01  1.00000000E+00  1.65887740E+00  2.50000000E-02  0.00000000E+00  0.00000000E+00 
     224  5.87500000E+02  1.37500000E+02 -3.39958281E-02  1.00000000E+00  9.66004172E-01  2.50000000E-02  0.00000000E+00  0.00000000E+00 
     225  6.12500000E+02  1.37500000E+02  4.87976919E-01  1.00000000E+00  1.48797692E+00  2.50000000E-02  0.00000000E+00  0.00000000E+00 
     226  6.37500000E+02  1.37500000E+02  8.01521395E-01  1.00000000E+00  1.80152139E+00  2.50000000E-02  0.00000000E+00  0.00000000E+00 
     227  6.62500000E+02  1.37500000E+02 -8.98507145E-01  1.00000000E+00  1.01492855E-01  2.50000000E-02  0.00000000E+00  0.00000000E+00 
     228  6.87500000E+02  1.37500000E+02  7.01774916E-03  1.00000000E+00  1.00701775E+00  2.50000000E-02  0.00000000E+00  0.00000000E+00 
     229  7.12500000E+02  1.37500000E+02  3.74468801E-01  1.00000000E+00  1.37446880E+00  2.50000000E-02  0.00000000E+00  0.00000000E+00 
     230  7.37500000E+02  1.37500000E+02  5.87595617E-01  1.00000000E+00  1.58759562E+00  2.50000000E-02  0.00000000E+00  0.00000000E+00 
     231  7.62500000E+02  1.37500000E+02  3.25762240E-01  1.00000000E+00  1.32576224E+00  2.50000000E-02  0.00000000E+00  0.00000000E+00 
     232  7.87500000E+02  1.37500000E+02 -6.78944753E-01  1.00000000E+00  3.21055247E-01  2.50000000E-02  0.00000000E+00  0.00000000E+00 
     233  8.12500000E+02  1.37500000E+02 -5.91976095E-02  1.00000000E+00  9.40802391E-01  2.50000000E-02  0.00000000E+00  0.00000000E+00 
     234  8.37500000E+02  1.37500000E+02  1.04583311E-01  1.00000000E+00  1.10458331E+00  2.50000000E-02  0.00000000E+00  0.00000000E+00 
     235  8.62500000E+02  1.37500000E+02 -9.53455028E-01  1.00000000E+00  4.65449717E-02  2.50000000E-02  0.00000000E+00  0.00000000E+00 
     236  8.87500000E+02  1.37500000E+02  2.42194233E-01  1.00000000E+00  1.24219423E+00  2.50000000E-02  0.00000000E+00  0.00000000E+00 
     237  9.12500000E+02  1.37500000E+02  5.61472783E-01  1.00000000E+00  1.56147278E+00  2.50000000E-02  0.00000000E+00  0.00000000E+00 
     238  9.37500000E+02  1.37500000E+02 -8.09283821E-01  1.00000000E+00  1.90716179E-01  2.50000000E-02  0.00000000E+00  0.00000000E+00 
     239  9.62500000E+02  1.37500000E+02 -8.07533917E-01  1.00000000E+00  1.92466083E-01  2.50000000E-02  0.00000000E+00  0.00000000E+00 
     240  9.87500000E+02  1.37500000E+02  3.82521626E-02  1.00000000E+00  1.03825216E+00  2.50000000E-02  0.00000000E+00  0.00000000E+00 
     241  1.25000000E+01  1.62500000E+02  8.35147174E-02  1.00000000E+00  1.08351472E+00  2.50000000E-02  0.00000000E+00  0.00000000E+00 
     242  3.75000000E+01  1.62500000E+02 -4.14718301E-01  1.00000000E+00  5.85281699E-01  2.50000000E-02  0.00000000E+00  0.00000000E+00 
     243  6.25000000E+01  1.62500000E+02 -9.45091518E-01  1.00000000E+00  5.49084815E-02  2.50000000E-02  0.00000000E+00  0.00000000E+00 
     244  8.75000000E+01  1.62500000E+02 -9.93943173E-01  1.00000000E+00  6.05682671E-03  2.50000000E-02  0.00000000E+00  0.00000000E+00 
     245  1.12500000E+02  1.62500000E+02  9.48005754E-01  1.00000000E+00  1.94800575E+00  2.50000000E-02  0.00000000E+00  0.00000000E+00 
     246  1.37500000E+02  1.62500000E+02 -5.04923905E-01  1.00000000E+00  4.95076095E-01  2.50000000E-02  0.00000000E+00  0.00000000E+00 
     247  1.62500000E+02  1.62500000E+02  7.85674229E-01  1.00000000E+00  1.78567423E+00  2.50000000E-02  0.00000000E+00  0.00000000E+00 
     248  1.87500000E+02  1.62500000E+02  6.65479012E-01  1.00000000E+00  1.66547901E+00  2.50000000E-02  0.00000000E+00  0.00000000E+00 
     249  2.12500000E+02  1.62500000E+02  7.59975092E-01  1.00000000E+00  1.75997509E+00  2.50000000E-02  0.00000000E+00  0.00000000E+00 
     250  2.37500000E+02  1.62500000E+02 -4.00673773E-01  1.00000000E+00  5.99326227E-01  2.50000000E-02  0.00000000E+00  0.00000000E+00 
     251  2.62500000E+02  1.62500000E+02 -7.55400846E-01  1.00000000E+00  2.44599154E-01  2.50000000E-02  0.00000000E+00  0.00000000E+00 
     252  2.87500000E+02  1.62500000E+02 -5.99398565E-01  1.00000000E+00  4.00601435E-01  2.50000000E-02  0.00000000E+00  0.00000000E+00 
     253  3.12500000E+02  1.62500000E+02 -1.85486079E-02  1.00000000E+00  9.81451392E-01  2.50000000E-02  0.00000000E+00  0.00000000E+00 
     254  3.37500000E+02  1.62500000E+02 -9.00384404E-01  1.00000000E+00  9.96155961E-02  2.50000000E-02  0.00000000E+00  0.00000000E+00 
     255  3.62500000E+02  1.62500000E+02  7.23953227E-01  1.00000000E+00  1.72395323E+00  2.50000000E-02  0.00000000E+00  0.00000000E+00 
     256  3.87500000E+02  1.62500000E+02 -4.26425104E-01  1.00000000E+00  5.73574896E-01  2.50000000E-02  0.00000000E+00  0.00000000E+00 
     257  4.12500000E+02  1.62500000E+02 -4.08711126E-01  1.00000000E+00  5.91288874E-01  2.50000000E-02  0.00000000E+00  0.00000000E+00 
     258  4.37500000E+02  1.62500000E+02  6.49783679E-01  1.00000000E+00  1.64978368E+00  2.50000000E-02  0.00000000E+00  0.00000000E+00 
     259  4.62500000E+02  1.62500000E+02  9.96707638E-01  1.00000000E+00  1.99670764E+00  2.50000000E-02  0.00000000E+00  0.00000000E+00 
     260  4.87500000E+02  1.62500000E+02  8.78262420E-01  1.00000000E+00  1.87826242E+00  2.50000000E-02  0.00000000E+00  0.00000000E+00 
     261  5.12500000E+02  1.62500000E+02  8.69145546E-01  1.00000000E+00  1.86914555E+00  2.50000000E-02  0.00000000E+00  0.00000000E+00 
     262  5.37500000E+02  1.62500000E+02  2.82105952E-01  1.00000000E+00  1.28210595E+00  2.50000000E-02  0.00000000E+00  0.00000000E+00 
     263  5.62500000E+02  1.62500000E+02 -1.76678378E-01  1.00000000E+00  8.23321622E-01  2.50000000E-02  0.00000000E+00  0.00000000E+00 
     264  5.87500000E+02  1.62500000E+02  5.52505683E-01  1.00000000E+00  1.55250568E+00  2.50000000E-02  0.00000000E+00  0.00000000E+00 
     265  6.12500000E+02  1.62500000E+02 -2.66796525E-01  1.00000000E+00  7.33203475E-01  2.50000000E-02  0.00000000E+00  0.00000000E+00 
     266  6.37500000E+02  1.62500000E+02  4.53008486E-01  1.00000000E+00  1.45300849E+00  2.50000000E-02  0.00000000E+00  0.00000000E+00 
     267  6.62500000E+02  1.62500000E+02 -7.65433764E-01  1.00000000E+00  2.34566236E-01  2.50000000E-02  0.00000000E+00  0.00000000E+00 
     268  6.87500000E+02  1.62500000E+02 -6.92202912E-02  1.00000000E+00  9.30779709E-01  2.50000000E-02  0.00000000E+00  0.00000000E+00 
     269  7.12500000E+02  1.62500000E+02  8.76503252E-01  1.00000000E+00  1.87650325E+00  2.50000000E-02  0.00000000E+00  0.00000000E+00 
     270  7.37500000E+02  1.62500000E+02 -5.37976910E-01  1.00000000E+00  4.62023090E-01  2.50000000E-02  0.00000000E+00  0.00000000E+00 
     271  7.62500000E+02  1.62500000E+02 -7.99079871E-04  1.00000000E+00  9.99200920E-01  2.50000000E-02  0.00000000E+00  0.00000000E+00 
     272  7.87500000E+02  1.62500000E+02 -6.09372242E-01  1.00000000E+00  3.90627758E-01  2.50000000E-02  0.00000000E+00  0.00000000E+00 
     273  8.12500000E+02  1.62500000E+02  2.42801476E-01  1.00000000E+00  1.24280148E+00  2.50000000E-02  0.00000000E+00  0.00000000E+00 
     274  8.37500000E+02  1.62500000E+02 -4.07254055E-01  1.00000000E+00  5.92745945E-01  2.50000000E-02  0.00000000E+00  0.00000000E+00 
     275  8.62500000E+02  1.62500000E+02 -9.32943653E-01  1.00000000E+00  6.70563469E-02  2.50000000E-02  0.00000000E+00  0.00000000E+00 
     276  8.87500000E+02  1.62500000E+02 -8.73369498E-01  1.00000000E+00  1.26630502E-01  2.50000000E-02  0.00000000E+00  0.00000000E+00 
     277  9.12500000E+02  1.62500000E+02  3.87206214E-01  1.00000000E+00  1.38720621E+00  2.50000000E-02  0.00000000E+00  0.00000000E+00 
     278  9.37500000E+02  1.62500000E+02 -4.53648108E-01  1.00000000E+00  5.46351892E-01  2.50000000E-02  0.00000000E+00  0.00000000E+00 
     279  9.62500000E+02  1.62500000E+02  1.48897342E-01  1.00000000E+00  1.14889734E+00  2.50000000E-02  0.00000000E+00  0.00000000E+00 
     280  9.87500000E+02  1.62500000E+02  6.70755937E-01  1.00000000E+00  1.67075594E+00  2.50000000E-02  0.00000000E+00  0.00000000E+00 
     281  1.25000000E+01  1.87500000E+02 -1.66476527E-01  1.00000000E+00  8.33523473E-01  2.50000000E-02  0.00000000E+00  0.00000000E+00 
     282  3.75000000E+01  1.87500000E+02  2.37551903E-01  1.00000000E+00  1.23755190E+00  2.50000000E-02  0.00000000E+00  0.00000000E+00 
     283  6.25000000E+01  1.87500000E+02  8.86512986E-01  1.00000000E+00  1.88651299E+00  2.50000000E-02  0.00000000E+00  0.00000000E+00 
     284  8.75000000E+01  1.87500000E+02  7.99757613E-02  1.00000000E+00  1.07997576E+00  2.50000000E-02  0.00000000E+00  0.00000000E+00 
     285  1.12500000E+02  1.87500000E+02 -3.21040265E-01  1.00000000E+00  6.78959735E-01  2.50000000E-02  0.00000000E+00  0.00000000E+00 
     286  1.37500000E+02  1.87500000E+02 -7.68747739E-01  1.00000000E+00  2.31252261E-01  2.50000000E-02  0.00000000E+00  0.00000000E+00 
     287  1.62500000E+02  1.87500000E+02  6.97657624E-01  1.00000000E+00  1.69765762E+00  2.50000000E-02  0.00000000E+00  0.00000000E+00 
     288  1.87500000E+02  1.87500000E+02 -7.86922382E-01  1.00000000E+00  2.13077618E-01  2.50000000E-02  0.00000000E+00  0.00000000E+00 
     289  2.12500000E+02  1.87500000E+02  8.79619040E-01  1.00000000E+00  1.87961904E+00  2.50000000E-02  0.00000000E+00  0.00000000E+00 
     290  2.37500000E+02  1.87500000E+02 -5.35190590E-01  1.00000000E+00  4.64809410E-01  2.50000000E-02  0.00000000E+00  0.00000000E+00 
     291  2.62500000E+02  1.87500000E+02 -9.78600396E-01  1.00000000E+00  2.13996043E-02  2.50000000E-02  0.00000000E+00  0.00000000E+00 
     292  2.87500000E+02  1.87500000E+02  3.11980387E-01  1.00000000E+00  1.31198039E+00  2.50000000E-02  0.00000000E+00  0.00000000E+00 
     293  3.12500000E+02  1.87500000E+02 -1.53058204E-02  1.00000000E+00  9.84694180E-01  2.50000000E-02  0.00000000E+00  0.00000000E+00 
     294  3.37500000E+02  1.87500000E+02 -5.46319126E-01  1.00000000E+00  4.53680874E-01  2.50000000E-02  0.00000000E+00  0.00000000E+00 
     295  3.62500000E+02  1.87500000E+02 -2.35273906E-01  1.00000000E+00  7.64726094E-01  2.50000000E-02  0.00000000E+00  0.00000000E+00 
     296  3.87500000E+02  1.87500000E+02 -3.51627214E-01  1.00000000E+00  6.48372786E-01  2.50000000E-02  0.00000000E+00  0.00000000E+00 
     297  4.12500000E+02  1.87500000E+02  8.13906002E-01  1.00000000E+00  1.81390600E+00  2.50000000E-02  0.00000000E+00  0.00000000E+00 
     298  4.37500000E+02  1.87500000E+02  4.28358932E-01  1.00000000E+00  1.42835893E+00  2.50000000E-02  0.00000000E+00  0.00000000E+00 
     299  4.62500000E+02  1.87500000E+02 -1.51875673E-01  1.00000000E+00  8.48124327E-01  2.50000000E-02  0.00000000E+00  0.00000000E+00 
     300  4.87500000E+02  1.87500000E+02  2.23783840E-01  1.00000000E+00  1.22378384E+00  2.50000000E-02  0.00000000E+00  0.00000000E+00 
     301  5.12500000E+02  1.87500000E+02 -5.94372845E-01  1.00000000E+00  4.05627155E-01  2.50000000E-02  0.00000000E+00  0.00000000E+00 
     302  5.37500000E+02  1.87500000E+02  4.10290570E-01  1.00000000E+00  1.41029057E+00  2.50000000E-02  0.00000000E+00  0.00000000E+00 
     303  5.62500000E+02  1.87500000E+02  2.14724687E-01  1.00000000E+00  1.21472469E+00  2.50000000E-02  0.00000000E+00  0.00000000E+00 
     304  5.87500000E+02  1.87500000E+02 -9.92053210E-01  1.00000000E+00  7.94679015E-03  2.50000000E-02  0.00000000E+00  0.00000000E+00 
     305  6.12500000E+02  1.87500000E+02 -9.90360644E-01  1.00000000E+00  9.63935632E-03  2.50000000E-02  0.00000000E+00  0.00000000E+00 
     306  6.37500000E+02  1.87500000E+02 -5.38917583E-02  1.00000000E+00  9.46108242E-01  2.50000000E-02  0.00000000E+00  0.00000000E+00 
     307  6.62500000E+02  1.87500000E+02  1.33030385E-01  1.00000000E+00  1.13303039E+00  2.50000000E-02  0.00000000E+00  0.00000000E+00 
     308  6.87500000E+02  1.87500000E+02 -4.04030470E-01  1.00000000E+00  5.95969530E-01  2.50000000E-02  0.00000000E+00  0.00000000E+00 
     309  7.12500000E+02  1.87500000E+02 -8.13372492E-01  1.00000000E+00  1.86627508E-01  2.50000000E-02  0.00000000E+00  0.00000000E+00 
     310  7.37500000E+02  1.87500000E+02  5.26055641E-01  1.00000000E+00  1.52605564E+00  2.50000000E-02  0.00000000E+00  0.00000000E+00 
     311  7.62500000E+02  1.87500000E+02 -1.21979092E-01  1.00000000E+00  8.78020908E-01  2.50000000E-02  0.00000000E+00  0.00000000E+00 
     312  7.87500000E+02  1.87500000E+02  9.51504665E-01  1.00000000E+00  1.95150466E+00  2.50000000E-02  0.00000000E+00  0.00000000E+00 
     313  8.12500000E+02  1.87500000E+02  1.21368449E-02  1.00000000E+00  1.01213684E+00  2.50000000E-02  0.00000000E+00  0.00000000E+00 
     314  8.37500000E+02  1.87500000E+02  5.57994914E-02  1.00000000E+00  1.05579949E+00  2.50000000E-02  0.00000000E+00  0.00000000E+00 
     315  8.62500000E+02  1.87500000E+02  3.00266358E-01  1.00000000E+00  1.30026636E+00  2.50000000E-02  0.00000000E+00  0.00000000E+00 
     316  8.87500000E+02  1.87500000E+02  1.38933373E-02  1.00000000E+00  1.01389334E+00  2.50000000E-02  0.00000000E+00  0.00000000E+00 
     317  9.12500000E+02  1.87500000E+02 -7.75471231E-01  1.00000000E+00  2.24528769E-01  2.50000000E-02  0.00000000E+00  0.00000000E+00 
     318  9.37500000E+02  1.87500000E+02 -8.13535488E-01  1.00000000E+00  1.86464512E-01  2.50000000E-02  0.00000000E+00  0.00000000E+00 
     319  9.62500000E+02  1.87500000E+02 -3.31835338E-01  1.00000000E+00  6.68164662E-01  2.50000000E-02  0.00000000E+00  0.00000000E+00 
     320  9.87500000E+02  1.87500000E+02 -3.84744574E-01  1.00000000E+00  6.15255426E-01  2.50000000E-02  0.00000000E+00  0.00000000E+00 
     321  1.25000000E+01  2.12500000E+02  2.44844554E-01  1.00000000E+00  1.24484455E+00  2.50000000E-02  0.00000000E+00  0.00000000E+00 
     322  3.75000000E+01  2.12500000E+02 -8.38942158E-01  1.00000000E+00  1.61057842E-01  2.50000000E-02  0.00000000E+00  0.00000000E+00 
     323  6.25000000E+01  2.12500000E+02  8.76437427E-01  1.00000000E+00  1.87643743E+00  2.50000000E-02  0.00000000E+00  0.00000000E+00 
     324  8.75000000E+01  2.12500000E+02 -9.82525714E-01  1.00000000E+00  1.74742856E-02  2.50000000E-02  0.00000000E+00  0.00000000E+00 
     325  1.12500000E+02  2.12500000E+02  5.51450105E-01  1.00000000E+00  1.55145011E+00  2.50000000E-02  0.00000000E+00  0.00000000E+00 
     326  1.37500000E+02  2.12500000E+02  9.23851166E-01  1.00000000E+00  1.92385117E+00  2.50000000E-02  0.00000000E+00  0.00000000E+00 
     327  1.62500000E+02  2.12500000E+02  7.21559825E-01  1.00000000E+00  1.72155983E+00  2.50000000E-02  0.00000000E+00  0.00000000E+00 
     328  1.87500000E+02  2.12500000E+02 -5.98162436E-01  1.00000000E+00  4.01837564E-01  2.50000000E-02  0.00000000E+00  0.00000000E+00 
     329  2.12500000E+02  2.12500000E+02 -2.67355377E-01  1.00000000E+00  7.32644623E-01  2.50000000E-02  0.00000000E+00  0.00000000E+00 
     330  2.37500000E+02  2.12500000E+02  9.29246853E-01  1.00000000E+00  1.92924685E+00  2.50000000E-02  0.00000000E+00  0.00000000E+00 
     331  2.62500000E+02  2.12500000E+02 -5.41489150E-01  1.00000000E+00  4.58510850E-01  2.50000000E-02  0.00000000E+00  0.00000000E+00 
     332  2.87500000E+02  2.12500000E+02  9.61606288E-01  1.00000000E+00  1.96160629E+00  2.50000000E-02  0.00000000E+00  0.00000000E+00 
     333  3.12500000E+02  2.12500000E+02 -9.96976256E-01  1.00000000E+00  3.02374414E-03  2.50000000E-02  0.00000000E+00  0.00000000E+00 
     334  3.37500000E+02  2.12500000E+02  7.03037147E-01  1.00000000E+00  1.70303715E+00  2.50000000E-02  0.00000000E+00  0.00000000E+00 
     335  3.62500000E+02  2.12500000E+02 -9.91669405E-01  1.00000000E+00  8.33059513E-03  2.50000000E-02  0.00000000E+00  0.00000000E+00 
     336  3.87500000E+02  2.12500000E+02 -7.82311094E-01  1.00000000E+00  2.17688906E-01  2.50000000E-02  0.00000000E+00  0.00000000E+00 
     337  4.12500000E+02  2.12500000E+02  6.48352156E-01  1.00000000E+00  1.64835216E+00  2.50000000E-02  0.00000000E+00  0.00000000E+00 
     338  4.37500000E+02  2.12500000E+02  6.96944532E-01  1.00000000E+00  1.69694453E+00  2.50000000E-02  0.00000000E+00  0.00000000E+00 
     339  4.62500000E+02  2.12500000E+02 -8.76132359E-01  1.00000000E+00  1.23867641E-01  2.50000000E-02  0.00000000E+00  0.00000000E+00 
     340  4.87500000E+02  2.12500000E+02 -5.73095536E-01  1.00000000E+00  4.26904464E-01  2.50000000E-02  0.00000000E+00  0.00000000E+00 
     341  5.12500000E+02  2.12500000E+02 -9.01463864E-01  1.00000000E+00  9.85361365E-02  2.50000000E-02  0.00000000E+00  0.00000000E+00 
     342  5.37500000E+02  2.12500000E+02  7.33343231E-01  1.00000000E+00  1.73334323E+00  2.50000000E-02  0.00000000E+00  0.00000000E+00 
     343  5.62500000E+02  2.12500000E+02 -1.68227038E-01  1.00000000E+00  8.31772962E-01  2.50000000E-02  0.00000000E+00  0.00000000E+00 
     344  5.87500000E+02  2.12500000E+02 -1.82784566E-01  1.00000000E+00  8.17215434E-01  2.50000000E-02  0.00000000E+00  0.00000000E+00 
     345  6.12500000E+02  2.12500000E+02 -7.99218124E-03  1.00000000E+00  9.92007819E-01  2.50000000E-02  0.00000000E+00  0.00000000E+00 
     346  6.37500000E+02  2.12500000E+02  2.75438084E-01  1.00000000E+00  1.27543808E+00  2.50000000E-02  0.00000000E+00  0.00000000E+00 
     347  6.62500000E+02  2.12500000E+02  9.24385959E-01  1.00000000E+00  1.92438596E+00  2.50000000E-02  0.00000000E+00  0.00000000E+00 
     348  6.87500000E+02  2.12500000E+02 -1.36616828E-01  1.00000000E+00  8.63383172E-01  2.50000000E-02  0.00000000E+00  0.00000000E+00 
     349  7.12500000E+02  2.12500000E+02 -5.19049607E-01  1.00000000E+00  4.80950393E-01  2.50000000E-02  0.00000000E+00  0.00000000E+00 
     350  7.37500000E+02  2.12500000E+02  8.47420159E-01  1.00000000E+00  1.84742016E+00  2.50000000E-02  0.00000000E+00  0.00000000E+00 
     351  7.62500000E+02  2.12500000E+02  9.79561948E-01  1.00000000E+00  1.97956195E+00  2.50000000E-02  0.00000000E+00  0.00000000E+00 
     352  7.87500000E+02  2.12500000E+02  3.08941214E-01  1.00000000E+00  1.30894121E+00  2.50000000E-02  0.00000000E+00  0.00000000E+00 
     353  8.12500000E+02  2.12500000E+02 -3.97161530E-01  1.00000000E+00  6.02838470E-01  2.50000000E-02  0.00000000E+00  0.00000000E+00 
     354  8.37500000E+02  2.12500000E+02  7.58434357E-01  1.00000000E+00  1.75843436E+00  2.50000000E-02  0.00000000E+00  0.00000000E+00 
     355  8.62500000E+02  2.12500000E+02 -5.78647185E-01  1.00000000E+00  4.21352815E-01  2.50000000E-02  0.00000000E+00  0.00000000E+00 
     356  8.87500000E+02  2.12500000E+02  4.66734109E-02  1.00000000E+00  1.04667341E+00  2.50000000E-02  0.00000000E+00  0.00000000E+00 
     357  9.12500000E+02  2.12500000E+02  8.68719284E-01  1.00000000E+00  1.86871928E+00  2.50000000E-02  0.00000000E+00  0.00000000E+00 
     358  9.37500000E+02  2.12500000E+02 -2.26269460E-01  1.00000000E+00  7.73730540E-01  2.50000000E-02  0.00000000E+00  0.00000000E+00 
     359  9.62500000E+02  2.12500000E+02 -7.63339254E-01  1.00000000E+00  2.36660746E-01  2.50000000E-02  0.00000000E+00  0.00000000E+00 
     360  9.87500000E+02  2.12500000E+02  9.44908009E-01  1.00000000E+00  1.94490801E+00  2.50000000E-02  0.00000000E+00  0.00000000E+00 
     361  1.25000000E+01  2.37500000E+02  3.55041820E-01  1.00000000E+00  1.35504182E+00  2.50000000E-02  0.00000000E+00  0.00000000E+00 
     362  3.75000000E+01  2.37500000E+02  3.41509921E-01  1.00000000E+00  1.34150992E+00  2.50000000E-02  0.00000000E+00  0.00000000E+00 
     363  6.25000000E+01  2.37500000E+02 -5.68093173E-01  1.00000000E+00  4.31906827E-01  2.50000000E-02  0.00000000E+00  0.00000000E+00 
     364  8.75000000E+01  2.37500000E+02  2.68487339E-01  1.00000000E+00  1.26848734E+00  2.50000000E-02  0.00000000E+00  0.00000000E+00 
     365  1.12500000E+02  2.37500000E+02 -7.27306446E-01  1.00000000E+00  2.72693554E-01  2.50000000E-02  0.00000000E+00  0.00000000E+00 
     366  1.37500000E+02  2.37500000E+02  5.67759217E-01  1.00000000E+00  1.56775922E+00  2.50000000E-02  0.00000000E+00  0.00000000E+00 
     367  1.62500000E+02  2.37500000E+02  9.79894557E-01  1.00000000E+00  1.97989456E+00  2.50000000E-02  0.00000000E+00  0.00000000E+00 
     368  1.87500000E+02  2.37500000E+02  1.12566056E-02  1.00000000E+00  1.01125661E+00  2.50000000E-02  0.00000000E+00  0.00000000E+00 
     369  2.12500000E+02  2.37500000E+02  1.03523423E-01  1.00000000E+00  1.10352342E+00  2.50000000E-02  0.00000000E+00  0.00000000E+00 
     370  2.37500000E+02  2.37500000E+02  3.41537357E-01  1.00000000E+00  1.34153736E+00  2.50000000E-02  0.00000000E+00  0.00000000E+00 
     371  2.62500000E+02  2.37500000E+02  3.30516002E-01  1.00000000E+00  1.33051600E+00  2.50000000E-02  0.00000000E+00  0.00000000E+00 
     372  2.87500000E+02  2.37500000E+02  4.31850495E-01  1.00000000E+00  1.43185050E+00  2.50000000E-02  0.00000000E+00  0.00000000E+00 
     373  3.12500000E+02  2.37500000E+02  3.44948787E-01  1.00000000E+00  1.34494879E+00  2.50000000E-02  0.00000000E+00  0.00000000E+00 
     374  3.37500000E+02  2.37500000E+02  8.99211308E-01  1.00000000E+00  1.89921131E+00  2.50000000E-02  0.00000000E+00  0.00000000E+00 
     375  3.62500000E+02  2.37500000E+02 -2.08322164E-01  1.00000000E+00  7.91677836E-01  2.50000000E-02  0.00000000E+00  0.00000000E+00 
     376  3.87500000E+02  2.37500000E+02  1.34885945E-01  1.00000000E+00  1.13488594E+00  2.50000000E-02  0.00000000E+00  0.00000000E+00 
     377  4.12500000E+02  2.37500000E+02  6.77860891E-01  1.00000000E+00  1.67786089E+00  2.50000000E-02  0.00000000E+00  0.00000000E+00 
     378  4.37500000E+02  2.37500000E+02  5.42106827E-01  1.00000000E+00  1.54210683E+00  2.50000000E-02  0.00000000E+00  0.00000000E+00 
     379  4.62500000E+02  2.37500000E+02  5.81020619E-01  1.00000000E+00  1.58102062E+00  2.50000000E-02  0.00000000E+00  0.00000000E+00 
     380  4.87500000E+02  2.37500000E+02  8.48891551E-01  1.00000000E+00  1.84889155E+00  2.50000000E-02  0.00000000E+00  0.00000000E+00 
     381  5.12500000E+02  2.37500000E+02  6.13149962E-01  1.00000000E+00  1.61314996E+00  2.50000000E-02  0.00000000E+00  0.00000000E+00 
     382  5.37500000E+02  2.37500000E+02  7.83830333E-01  1.00000000E+00  1.78383033E+00  2.50000000E-02  0.00000000E+00  0.00000000E+00 
     383  5.62500000E+02  2.37500000E+02  9.08825902E-01  1.00000000E+00  1.90882590E+00  2.50000000E-02  0.00000000E+00  0.00000000E+00 
     384  5.87500000E+02  2.37500000E+02 -1.34468632E-01  1.00000000E+00  8.65531368E-01  2.50000000E-02  0.00000000E+00  0.00000000E+00 
     385  6.12500000E+02  2.37500000E+02  3.34650640E-01  1.00000000E+00  1.33465064E+00  2.50000000E-02  0.00000000E+00  0.00000000E+00 
     386  6.37500000E+02  2.37500000E+02  4.15609584E-01  1.00000000E+00  1.41560958E+00  2.50000000E-02  0.00000000E+00  0.00000000E+00 
     387  6.62500000E+02  2.37500000E+02 -9.77713809E-01  1.00000000E+00  2.22861910E-02  2.50000000E-02  0.00000000E+00  0.00000000E+00 
     388  6.87500000E+02  2.37500000E+02 -1.11305828E-01  1.00000000E+00  8.88694172E-01  2.50000000E-02  0.00000000E+00  0.00000000E+00 
     389  7.12500000E+02  2.37500000E+02  8.58179792E-01  1.00000000E+00  1.85817979E+00  2.50000000E-02  0.00000000E+00  0.00000000E+00 
     390  7.37500000E+02  2.37500000E+02  4.32972426E-01  1.00000000E+00  1.43297243E+00  2.50000000E-02  0.00000000E+00  0.00000000E+00 
     391  7.62500000E+02  2.37500000E+02  9.65989899E-01  1.00000000E+00  1.96598990E+00  2.50000000E-02  0.00000000E+00  0.00000000E+00 
     392  7.87500000E+02  2.37500000E+02  1.24913734E-01  1.00000000E+00  1.12491373E+00  2.50000000E-02  0.00000000E+00  0.00000000E+00 
     393  8.12500000E+02  2.37500000E+02 -2.80744632E-01  1.00000000E+00  7.19255368E-01  2.50000000E-02  0.00000000E+00  0.00000000E+00 
     394  8.37500000E+02  2.37500000E+02 -2.61851218E-01  1.00000000E+00  7.38148782E-01  2.50000000E-02  0.00000000E+00  0.00000000E+00 
     395  8.62500000E+02  2.37500000E+02 -7.91797223E-01  1.00000000E+00  2.08202777E-01  2.50000000E-02  0.00000000E+00  0.00000000E+00 
     396  8.87500000E+02  2.37500000E+02 -5.79944574E-01  1.00000000E+00  4.20055426E-01  2.50000000E-02  0.00000000E+00  0.00000000E+00 
     397  9.12500000E+02  2.37500000E+02 -3.91335675E-01  1.00000000E+00  6.08664325E-01  2.50000000E-02  0.00000000E+00  0.00000000E+00 
     398  9.37500000E+02  2.37500000E+02  9.45837524E-01  1.00000000E+00  1.94583752E+00  2.50000000E-02  0.00000000E+00  0.00000000E+00 
     399  9.62500000E+02  2.37500000E+02  3.37232494E-01  1.00000000E+00  1.33723249E+00  2.50000000E-02  0.00000000E+00  0.00000000E+00 
     400  9.87500000E+02  2.37500000E+02  1.21210509E-01  1.00000000E+00  1.12121051E+00  2.50000000E-02  0.00000000E+00  0.00000000E+00 
     401  1.25000000E+01  2.62500000E+02 -9.34840164E-01  1.00000000E+00  6.51598364E-02  2.50000000E-02  0.00000000E+00  0.00000000E+00 
     402  3.75000000E+01  2.62500000E+02 -9.55515730E-01  1.00000000E+00  4.44842702E-02  2.50000000E-02  0.00000000E+00  0.00000000E+00 
     403  6.25000000E+01  2.62500000E+02  6.26565141E-01  1.00000000E+00  1.62656514E+00  2.50000000E-02  0.00000000E+00  0.00000000E+00 
     404  8.75000000E+01  2.62500000E+02 -7.22820953E-01  1.00000000E+00  2.77179047E-01  2.50000000E-02  0.00000000E+00  0.00000000E+00 
     405  1.12500000E+02  2.62500000E+02  7.85906675E-01  1.00000000E+00  1.78590668E+00  2.50000000E-02  0.00000000E+00  0.00000000E+00 
     406  1.37500000E+02  2.62500000E+02  8.95852159E-01  1.00000000E+00  1.89585216E+00  2.50000000E-02  0.00000000E+00  0.00000000E+00 
     407  1.62500000E+02  2.62500000E+02 -5.06916641E-01  1.00000000E+00  4.93083359E-01  2.50000000E-02  0.00000000E+00  0.00000000E+00 
     408  1.87500000E+02  2.62500000E+02 -5.87829816E-01  1.00000000E+00  4.12170184E-01  2.50000000E-02  0.00000000E+00  0.00000000E+00 
     409  2.12500000E+02  2.62500000E+02 -1.34708598E-01  1.00000000E+00  8.65291402E-01  2.50000000E-02  0.00000000E+00  0.00000000E+00 
     410  2.37500000E+02  2.62500000E+02  8.47734741E-01  1.00000000E+00  1.84773474E+00  2.50000000E-02  0.00000000E+00  0.00000000E+00 
     411  2.62500000E+02  2.62500000E+02  4.76887218E-01  1.00000000E+00  1.47688722E+00  2.50000000E-02  0.00000000E+00  0.00000000E+00 
     412  2.87500000E+02  2.62500000E+02  2.00159583E-01  1.00000000E+00  1.20015958E+00  2.50000000E-02  0.00000000E+00  0.00000000E+00 
     413  3.12500000E+02  2.62500000E+02 -4.78297783E-01  1.00000000E+00  5.21702217E-01  2.50000000E-02  0.00000000E+00  0.00000000E+00 
     414  3.37500000E+02  2.62500000E+02  3.56056858E-01  1.00000000E+00  1.35605686E+00  2.50000000E-02  0.00000000E+00  0.00000000E+00 
     415  3.62500000E+02  2.62500000E+02 -4.05332105E-01  1.00000000E+00  5.94667895E-01  2.50000000E-02  0.00000000E+00  0.00000000E+00 
     416  3.87500000E+02  2.62500000E+02 -3.03954547E-01  1.00000000E+00  6.96045453E-01  2.50000000E-02  0.00000000E+00  0.00000000E+00 
     417  4.12500000E+02  2.62500000E+02 -8.01330835E-01  1.00000000E+00  1.98669165E-01  2.50000000E-02  0.00000000E+00  0.00000000E+00 
     418  4.37500000E+02  2.62500000E+02  9.54547333E-01  1.00000000E+00  1.95454733E+00  2.50000000E-02  0.00000000E+00  0.00000000E+00 
     419  4.62500000E+02  2.62500000E+02  8.90316133E-01  1.00000000E+00  1.89031613E+00  2.50000000E-02  0.00000000E+00  0.00000000E+00 
     420  4.87500000E+02  2.62500000E+02  7.08974002E-01  1.00000000E+00  1.70897400E+00  2.50000000E-02  0.00000000E+00  0.00000000E+00 
     421  5.12500000E+02  2.62500000E+02  6.65835253E-01  1.00000000E+00  1.66583525E+00  2.50000000E-02  0.00000000E+00  0.00000000E+00 
     422  5.37500000E+02  2.62500000E+02 -7.56810450E-01  1.00000000E+00  2.43189550E-01  2.50000000E-02  0.00000000E+00  0.00000000E+00 
     423  5.62500000E+02  2.62500000E+02  2.22872355E-01  1.00000000E+00  1.22287235E+00  2.50000000E-02  0.00000000E+00  0.00000000E+00 
     424  5.87500000E+02  2.62500000E+02  1.94286672E-01  1.00000000E+00  1.19428667E+00  2.50000000E-02  0.00000000E+00  0.00000000E+00 
     425  6.12500000E+02  2.62500000E+02  3.02195158E-01  1.00000000E+00  1.30219516E+00  2.50000000E-02  0.00000000E+00  0.00000000E+00 
     426  6.37500000E+02  2.62500000E+02 -1.01702793E-01  1.00000000E+00  8.98297207E-01  2.50000000E-02  0.00000000E+00  0.00000000E+00 
     427  6.62500000E+02  2.62500000E+02 -8.44736268E-01  1.00000000E+00  1.55263732E-01  2.50000000E-02  0.00000000E+00  0.00000000E+00 
     428  6.87500000E+02  2.62500000E+02 -1.13311707E-02  1.00000000E+00  9.88668829E-01  2.50000000E-02  0.00000000E+00  0.00000000E+00 
     429  7.12500000E+02  2.62500000E+02  6.77916363E-01  1.00000000E+00  1.67791636E+00  2.50000000E-02  0.00000000E+00  0.00000000E+00 
     430  7.37500000E+02  2.62500000E+02 -5.21512721E-01  1.00000000E+00  4.78487279E-01  2.50000000E-02  0.00000000E+00  0.00000000E+00 
     431  7.62500000E+02  2.62500000E+02  4.69066451E-01  1.00000000E+00  1.46906645E+00  2.50000000E-02  0.00000000E+00  0.00000000E+00 
     432  7.87500000E+02  2.62500000E+02 -8.56823764E-01  1.00000000E+00  1.43176236E-01  2.50000000E-02  0.00000000E+00  0.00000000E+00 
     433  8.12500000E+02  2.62500000E+02  8.59767371E-02  1.00000000E+00  1.08597674E+00  2.50000000E-02  0.00000000E+00  0.00000000E+00 
     434  8.37500000E+02  2.62500000E+02 -1.82638404E-01  1.00000000E+00  8.17361596E-01  2.50000000E-02  0.00000000E+00  0.00000000E+00 
     435  8.62500000E+02  2.62500000E+02  2.06930704E-01  1.00000000E+00  1.20693070E+00  2.50000000E-02  0.00000000E+00  0.00000000E+00 
     436  8.87500000E+02  2.62500000E+02  4.00383273E-01  1.00000000E+00  1.40038327E+00  2.50000000E-02  0.00000000E+00  0.00000000E+00 
     437  9.12500000E+02  2.62500000E+02 -2.58413072E-01  1.00000000E+00  7.41586928E-01  2.50000000E-02  0.00000000E+00  0.00000000E+00 
     438  9.37500000E+02  2.62500000E+02 -7.37106387E-01  1.00000000E+00  2.62893613E-01  2.50000000E-02  0.00000000E+00  0.00000000E+00 
     439  9.62500000E+02  2.62500000E+02 -8.13081408E-01  1.00000000E+00  1.86918592E-01  2.50000000E-02  0.00000000E+00  0.00000000E+00 
     440  9.87500000E+02  2.62500000E+02 -5.16564687E-01  1.00000000E+00  4.83435313E-01  2.50000000E-02  0.00000000E+00  0.00000000E+00 
     441  1.25000000E+01  2.87500000E+02  8.33477417E-01  1.00000000E+00  1.83347742E+00  2.50000000E-02  0.00000000E+00  0.00000000E+00 
     442  3.75000000E+01  2.87500000E+02 -9.98707575E-01  1.00000000E+00  1.29242526E-03  2.50000000E-02  0.00000000E+00  0.00000000E+00 
     443  6.25000000E+01  2.87500000E+02 -3.28974606E-01  1.00000000E+00  6.71025394E-01  2.50000000E-02  0.00000000E+00  0.00000000E+00 
     444  8.75000000E+01  2.87500000E+02  7.84918661E-01  1.00000000E+00  1.78491866E+00  2.50000000E-02  0.00000000E+00  0.00000000E+00 
     445  1.12500000E+02  2.87500000E+02 -9.03909283E-02  1.00000000E+00  9.09609072E-01  2.50000000E-02  0.00000000E+00  0.00000000E+00 
     446  1.37500000E+02  2.87500000E+02  4.75391453E-02  1.00000000E+00  1.04753915E+00  2.50000000E-02  0.00000000E+00  0.00000000E+00 
     447  1.62500000E+02  2.87500000E+02 -8.47335720E-01  1.00000000E+00  1.52664280E-01  2.50000000E-02  0.00000000E+00  0.00000000E+00 
     448  1.87500000E+02  2.87500000E+02 -4.00822679E-01  1.00000000E+00  5.99177321E-01  2.50000000E-02  0.00000000E+00  0.00000000E+00 
     449  2.12500000E+02  2.87500000E+02  2.14785155E-02  1.00000000E+00  1.02147852E+00  2.50000000E-02  0.00000000E+00  0.00000000E+00 
     450  2.37500000E+02  2.87500000E+02 -5.47241463E-01  1.00000000E+00  4.52758537E-01  2.50000000E-02  0.00000000E+00  0.00000000E+00 
     451  2.62500000E+02  2.87500000E+02 -2.74508318E-01  1.00000000E+00  7.25491682E-01  2.50000000E-02  0.00000000E+00  0.00000000E+00 
     452  2.87500000E+02  2.87500000E+02  1.64184089E-01  1.00000000E+00  1.16418409E+00  2.50000000E-02  0.00000000E+00  0.00000000E+00 
     453  3.12500000E+02  2.87500000E+02  3.72539936E-01  1.00000000E+00  1.37253994E+00  2.50000000E-02  0.00000000E+00  0.00000000E+00 
     454  3.37500000E+02  2.87500000E+02 -6.12205178E-01  1.00000000E+00  3.87794822E-01  2.50000000E-02  0.00000000E+00  0.00000000E+00 
     455  3.62500000E+02  2.87500000E+02  5.38933411E-01  1.00000000E+00  1.53893341E+00  2.50000000E-02  0.00000000E+00  0.00000000E+00 
     456  3.87500000E+02  2.87500000E+02 -6.94758963E-01  1.00000000E+00  3.05241037E-01  2.50000000E-02  0.00000000E+00  0.00000000E+00 
     457  4.12500000E+02  2.87500000E+02  2.53964569E-01  1.00000000E+00  1.25396457E+00  2.50000000E-02  0.00000000E+00  0.00000000E+00 
     458  4.37500000E+02  2.87500000E+02 -4.05095158E-01  1.00000000E+00  5.94904842E-01  2.50000000E-02  0.00000000E+00  0.00000000E+00 
     459  4.62500000E+02  2.87500000E+02  4.50713467E-01  1.00000000E+00  1.45071347E+00  2.50000000E-02  0.00000000E+00  0.00000000E+00 
     460  4.87500000E+02  2.87500000E+02  4.34032856E-01  1.00000000E+00  1.43403286E+00  2.50000000E-02  0.00000000E+00  0.00000000E+00 
     461  5.12500000E+02  2.87500000E+02  8.53116490E-01  1.00000000E+00  1.85311649E+00  2.50000000E-02  0.00000000E+00  0.00000000E+00 
     462  5.37500000E+02  2.87500000E+02  9.51742552E-01  1.00000000E+00  1.95174255E+00  2.50000000E-02  0.00000000E+00  0.00000000E+00 
     463  5.62500000E+02  2.87500000E+02  4.66086404E-01  1.00000000E+00  1.46608640E+00  2.50000000E-02  0.00000000E+00  0.00000000E+00 
     464  5.87500000E+02  2.87500000E+02 -6.44614476E-01  1.00000000E+00  3.55385524E-01  2.50000000E-02  0.00000000E+00  0.00000000E+00 
     465  6.12500000E+02  2.87500000E+02 -3.96191500E-01  1.00000000E+00  6.03808500E-01  2.50000000E-02  0.00000000E+00  0.00000000E+00 
     466  6.37500000E+02  2.87500000E+02  9.33081605E-01  1.00000000E+00  1.93308161E+00  2.50000000E-02  0.00000000E+00  0.00000000E+00 
     467  6.62500000E+02  2.87500000E+02 -3.17314769E-01  1.00000000E+00  6.82685231E-01  2.50000000E-02  0.00000000E+00  0.00000000E+00 
     468  6.87500000E+02  2.87500000E+02  7.96572196E-01  1.00000000E+00  1.79657220E+00  2.50000000E-02  0.00000000E+00  0.00000000E+00 
     469  7.12500000E+02  2.87500000E+02  8.09256149E-01  1.00000000E+00  1.80925615E+00  2.50000000E-02  0.00000000E+00  0.00000000E+00 
     470  7.37500000E+02  2.87500000E+02  4.17497295E-01  1.00000000E+00  1.41749730E+00  2.50000000E-02  0.00000000E+00  0.00000000E+00 
     471  7.62500000E+02  2.87500000E+02  7.71770057E-01  1.00000000E+00  1.77177006E+00  2.50000000E-02  0.00000000E+00  0.00000000E+00 
     472  7.87500000E+02  2.87500000E+02  9.31914994E-01  1.00000000E+00  1.93191499E+00  2.50000000E-02  0.00000000E+00  0.00000000E+00 
     473  8.12500000E+02  2.87500000E+02 -3.74138657E-01  1.00000000E+00  6.25861343E-01  2.50000000E-02  0.00000000E+00  0.00000000E+00 
     474  8.37500000E+02  2.87500000E+02 -8.49988818E-01  1.00000000E+00  1.50011182E-01  2.50000000E-02  0.00000000E+00  0.00000000E+00 
     475  8.62500000E+02  2.87500000E+02  7.00082609E-01  1.00000000E+00  1.70008261E+00  2.50000000E-02  0.00000000E+00  0.00000000E+00 
     476  8.87500000E+02  2.87500000E+02 -9.10670425E-01  1.00000000E+00  8.93295751E-02  2.50000000E-02  0.00000000E+00  0.00000000E+00 
     477  9.12500000E+02  2.87500000E+02  6.07538114E-01  1.00000000E+00  1.60753811E+00  2.50000000E-02  0.00000000E+00  0.00000000E+00 
     478  9.37500000E+02  2.87500000E+02  2.30521661E-01  1.00000000E+00  1.23052166E+00  2.50000000E-02  0.00000000E+00  0.00000000E+00 
     479  9.62500000E+02  2.87500000E+02  7.48881598E-01  1.00000000E+00  1.74888160E+00  2.50000000E-02  0.00000000E+00  0.00000000E+00 
     480  9.87500000E+02  2.87500000E+02 -4.58150855E-01  1.00000000E+00  5.41849145E-01  2.50000000E-02  0.00000000E+00  0.00000000E+00 
     481  1.25000000E+01  3.12500000E+02  8.89455632E-01  1.00000000E+00  1.88945563E+00  2.50000000E-02  0.00000000E+00  0.00000000E+00 
     482  3.75000000E+01  3.12500000E+02 -6.31376517E-01  1.00000000E+00  3.68623483E-01  2.50000000E-02  0.00000000E+00  0.00000000E+00 
     483  6.25000000E+01  3.12500000E+02  3.05552792E-01  1.00000000E+00  1.30555279E+00  2.50000000E-02  0.00000000E+00  0.00000000E+00 
     484  8.75000000E+01  3.12500000E+02  1.01249800E-01  1.00000000E+00  1.10124980E+00  2.50000000E-02  0.00000000E+00  0.00000000E+00 
     485  1.12500000E+02  3.12500000E+02 -6.71278176E-01  1.00000000E+00  3.28721824E-01  2.50000000E-02  0.00000000E+00  0.00000000E+00 
     486  1.37500000E+02  3.12500000E+02  7.13473855E-01  1.00000000E+00  1.71347385E+00  2.50000000E-02  0.00000000E+00  0.00000000E+00 
     487  1.62500000E+02  3.12500000E+02  3.81535222E-01  1.00000000E+00  1.38153522E+00  2.50000000E-02  0.00000000E+00  0.00000000E+00 
     488  1.87500000E+02  3.12500000E+02  9.56451482E-01  1.00000000E+00  1.95645148E+00  2.50000000E-02  0.00000000E+00  0.00000000E+00 
     489  2.12500000E+02  3.12500000E+02  7.75383494E-01  1.00000000E+00  1.77538349E+00  2.50000000E-02  0.00000000E+00  0.00000000E+00 
     490  2.37500000E+02  3.12500000E+02 -7.42396327E-01  1.00000000E+00  2.57603673E-01  2.50000000E-02  0.00000000E+00  0.00000000E+00 
     491  2.62500000E+02  3.12500000E+02  1.02374976E-01  1.00000000E+00  1.10237498E+00  2.50000000E-02  0.00000000E+00  0.00000000E+00 
     492  2.87500000E+02  3.12500000E+02 -7.45134914E-01  1.00000000E+00  2.54865086E-01  2.50000000E-02  0.00000000E+00  0.00000000E+00 
     493  3.12500000E+02  3.12500000E+02 -9.64563739E-01  1.00000000E+00  3.54362611E-02  2.50000000E-02  0.00000000E+00  0.00000000E+00 
     494  3.37500000E+02  3.12500000E+02 -5.81170204E-01  1.00000000E+00  4.18829796E-01  2.50000000E-02  0.00000000E+00  0.00000000E+00 
     495  3.62500000E+02  3.12500000E+02 -7.55561457E-01  1.00000000E+00  2.44438543E-01  2.50000000E-02  0.00000000E+00  0.00000000E+00 
     496  3.87500000E+02  3.12500000E+02 -3.49295018E-01  1.00000000E+00  6.50704982E-01  2.50000000E-02  0.00000000E+00  0.00000000E+00 
     497  4.12500000E+02  3.12500000E+02  9.88179630E-01  1.00000000E+00  1.98817963E+00  2.50000000E-02  0.00000000E+00  0.00000000E+00 
     498  4.37500000E+02  3.12500000E+02  1.76495243E-01  1.00000000E+00  1.17649524E+00  2.50000000E-02  0.00000000E+00  0.00000000E+00 
     499  4.62500000E+02  3.12500000E+02 -6.12133846E-02  1.00000000E+00  9.38786615E-01  2.50000000E-02  0.00000000E+00  0.00000000E+00 
     500  4.87500000E+02  3.12500000E+02 -1.10749767E-01  1.00000000E+00  8.89250233E-01  2.50000000E-02  0.00000000E+00  0.00000000E+00 
     501  5.12500000E+02  3.12500000E+02  1.54185328E-01  1.00000000E+00  1.15418533E+00  2.50000000E-02  0.00000000E+00  0.00000000E+00 
     502  5.37500000E+02  3.12500000E+02  1.54441631E-03  1.00000000E+00  1.00154442E+00  2.50000000E-02  0.00000000E+00  0.00000000E+00 
     503  5.62500000E+02  3.12500000E+02 -2.09939076E-01  1.00000000E+00  7.90060924E-01  2.50000000E-02  0.00000000E+00  0.00000000E+00 
     504  5.87500000E+02  3.12500000E+02  8.37053587E-02  1.00000000E+00  1.08370536E+00  2.50000000E-02  0.00000000E+00  0.00000000E+00 
     505  6.12500000E+02  3.12500000E+02 -9.84763029E-01  1.00000000E+00  1.52369707E-02  2.50000000E-02  0.00000000E+00  0.00000000E+00 
     506  6.37500000E+02  3.12500000E+02  4.72295481E-01  1.00000000E+00  1.47229548E+00  2.50000000E-02  0.00000000E+00  0.00000000E+00 
     507  6.62500000E+02  3.12500000E+02 -6.67066766E-01  1.00000000E+00  3.32933234E-01  2.50000000E-02  0.00000000E+00  0.00000000E+00 
     508  6.87500000E+02  3.12500000E+02 -4.64834171E-01  1.00000000E+00  5.35165829E-01  2.50000000E-02  0.00000000E+00  0.00000000E+00 
     509  7.12500000E+02  3.12500000E+02 -2.73507669E-01  1.00000000E+00  7.26492331E-01  2.50000000E-02  0.00000000E+00  0.00000000E+00 
     510  7.37500000E+02  3.12500000E+02 -9.70003133E-01  1.00000000E+00  2.99968672E-02  2.50000000E-02  0.00000000E+00  0.00000000E+00 
     511  7.62500000E+02  3.12500000E+02  2.81929733E-01  1.00000000E+00  1.28192973E+00  2.50000000E-02  0.00000000E+00  0.00000000E+00 
     512  7.87500000E+02  3.12500000E+02  2.41078169E-01  1.00000000E+00  1.24107817E+00  2.50000000E-02  0.00000000E+00  0.00000000E+00 
     513  8.12500000E+02  3.12500000E+02  3.95770170E-01  1.00000000E+00  1.39577017E+00  2.50000000E-02  0.00000000E+00  0.00000000E+00 
     514  8.37500000E+02  3.12500000E+02 -6.42047305E-02  1.00000000E+00  9.35795270E-01  2.50000000E-02  0.00000000E+00  0.00000000E+00 
     515  8.62500000E+02  3.12500000E+02  6.23029571E-01  1.00000000E+00  1.62302957E+00  2.50000000E-02  0.00000000E+00  0.00000000E+00 
     516  8.87500000E+02  3.12500000E+02  7.02108725E-01  1.00000000E+00  1.70210873E+00  2.50000000E-02  0.00000000E+00  0.00000000E+00 
     517  9.12500000E+02  3.12500000E+02 -3.55302842E-03  1.00000000E+00  9.96446972E-01  2.50000000E-02  0.00000000E+00  0.00000000E+00 
     518  9.37500000E+02  3.12500000E+02 -9.62513231E-01  1.00000000E+00  3.74867695E-02  2.50000000E-02  0.00000000E+00  0.00000000E+00 
     519  9.62500000E+02  3.12500000E+02 -6.76846554E-01  1.00000000E+00  3.23153446E-01  2.50000000E-02  0.00000000E+00  0.00000000E+00 
     520  9.87500000E+02  3.12500000E+02  5.26013183E-01  1.00000000E+00  1.52601318E+00  2.50000000E-02  0.00000000E+00  0.00000000E+00 
     521  1.25000000E+01  3.37500000E+02 -4.61756070E-01  1.00000000E+00  5.38243930E-01  2.50000000E-02  0.00000000E+00  0.00000000E+00 
     522  3.75000000E+01  3.37500000E+02 -5.57306245E-01  1.00000000E+00  4.42693755E-01  2.50000000E-02  0.00000000E+00  0.00000000E+00 
     523  6.25000000E+01  3.37500000E+02 -8.43123585E-01  1.00000000E+00  1.56876415E-01  2.50000000E-02  0.00000000E+00  0.00000000E+00 
     524  8.75000000E+01  3.37500000E+02 -6.36874693E-01  1.00000000E+00  3.63125307E-01  2.50000000E-02  0.00000000E+00  0.00000000E+00 
     525  1.12500000E+02  3.37500000E+02 -8.62173038E-01  1.00000000E+00  1.37826962E-01  2.50000000E-02  0.00000000E+00  0.00000000E+00 
     526  1.37500000E+02  3.37500000E+02 -9.98801574E-01  1.00000000E+00  1.19842635E-03  2.50000000E-02  0.00000000E+00  0.00000000E+00 
     527  1.62500000E+02  3.37500000E+02  4.97561888E-01  1.00000000E+00  1.49756189E+00  2.50000000E-02  0.00000000E+00  0.00000000E+00 
     528  1.87500000E+02  3.37500000E+02  5.55506505E-01  1.00000000E+00  1.55550650E+00  2.50000000E-02  0.00000000E+00  0.00000000E+00 
     529  2.12500000E+02  3.37500000E+02 -5.14768477E-01  1.00000000E+00  4.85231523E-01  2.50000000E-02  0.00000000E+00  0.00000000E+00 
     530  2.37500000E+02  3.37500000E+02  4.49690095E-01  1.00000000E+00  1.44969010E+00  2.50000000E-02  0.00000000E+00  0.00000000E+00 
     531  2.62500000E+02  3.37500000E+02  2.08834336E-01  1.00000000E+00  1.20883434E+00  2.50000000E-02  0.00000000E+00  0.00000000E+00 
     532  2.87500000E+02  3.37500000E+02  8.80607532E-01  1.00000000E+00  1.88060753E+00  2.50000000E-02  0.00000000E+00  0.00000000E+00 
     533  3.12500000E+02  3.37500000E+02  7.62143809E-01  1.00000000E+00  1.76214381E+00  2.50000000E-02  0.00000000E+00  0.00000000E+00 
     534  3.37500000E+02  3.37500000E+02  1.91182312E-01  1.00000000E+00  1.19118231E+00  2.50000000E-02  0.00000000E+00  0.00000000E+00 
     535  3.62500000E+02  3.37500000E+02 -4.39467332E-01  1.00000000E+00  5.60532668E-01  2.50000000E-02  0.00000000E+00  0.00000000E+00 
     536  3.87500000E+02  3.37500000E+02 -6.68779376E-01  1.00000000E+00  3.31220624E-01  2.50000000E-02  0.00000000E+00  0.00000000E+00 
     537  4.12500000E+02  3.37500000E+02 -5.55079330E-01  1.00000000E+00  4.44920670E-01  2.50000000E-02  0.00000000E+00  0.00000000E+00 
     538  4.37500000E+02  3.37500000E+02 -1.77210822E-01  1.00000000E+00  8.22789178E-01  2.50000000E-02  0.00000000E+00  0.00000000E+00 
     539  4.62500000E+02  3.37500000E+02 -3.32755791E-01  1.00000000E+00  6.67244209E-01  2.50000000E-02  0.00000000E+00  0.00000000E+00 
     540  4.87500000E+02  3.37500000E+02  4.02397733E-01  1.00000000E+00  1.40239773E+00  2.50000000E-02  0.00000000E+00  0.00000000E+00 
     541  5.12500000E+02  3.37500000E+02  9.35292297E-01  1.00000000E+00  1.93529230E+00  2.50000000E-02  0.00000000E+00  0.00000000E+00 
     542  5.37500000E+02  3.37500000E+02  9.15586516E-02  1.00000000E+00  1.09155865E+00  2.50000000E-02  0.00000000E+00  0.00000000E+00 
     543  5.62500000E+02  3.37500000E+02  8.15716200E-01  1.00000000E+00  1.81571620E+00  2.50000000E-02  0.00000000E+00  0.00000000E+00 
     544  5.87500000E+02  3.37500000E+02 -5.03468074E-01  1.00000000E+00  4.96531926E-01  2.50000000E-02  0.00000000E+00  0.00000000E+00 
     545  6.12500000E+02  3.37500000E+02 -6.69021962E-01  1.00000000E+00  3.30978038E-01  2.50000000E-02  0.00000000E+00  0.00000000E+00 
     546  6.37500000E+02  3.37500000E+02 -6.42252231E-01  1.00000000E+00  3.57747769E-01  2.50000000E-02  0.00000000E+00  0.00000000E+00 
     547  6.62500000E+02  3.37500000E+02 -9.15931343E-01  1.00000000E+00  8.40686570E-02  2.50000000E-02  0.00000000E+00  0.00000000E+00 
     548  6.87500000E+02  3.37500000E+02 -3.57765820E-02  1.00000000E+00  9.64223418E-01  2.50000000E-02  0.00000000E+00  0.00000000E+00 
     549  7.12500000E+02  3.37500000E+02  1.43321703E-02  1.00000000E+00  1.01433217E+00  2.50000000E-02  0.00000000E+00  0.00000000E+00 
     550  7.37500000E+02  3.37500000E+02 -8.25790495E-01  1.00000000E+00  1.74209505E-01  2.50000000E-02  0.00000000E+00  0.00000000E+00 
     551  7.62500000E+02  3.37500000E+02 -5.13702550E-01  1.00000000E+00  4.86297450E-01  2.50000000E-02  0.00000000E+00  0.00000000E+00 
     552  7.87500000E+02  3.37500000E+02  6.87706151E-02  1.00000000E+00  1.06877062E+00  2.50000000E-02  0.00000000E+00  0.00000000E+00 
     553  8.12500000E+02  3.37500000E+02  1.57189289E-01  1.00000000E+00  1.15718929E+00  2.50000000E-02  0.00000000E+00  0.00000000E+00 
     554  8.37500000E+02  3.37500000E+02 -3.94510543E-01  1.00000000E+00  6.05489457E-01  2.50000000E-02  0.00000000E+00  0.00000000E+00 
     555  8.62500000E+02  3.37500000E+02  3.74971382E-01  1.00000000E+00  1.37497138E+00  2.50000000E-02  0.00000000E+00  0.00000000E+00 
     556  8.87500000E+02  3.37500000E+02 -3.79816420E-01  1.00000000E+00  6.20183580E-01  2.50000000E-02  0.00000000E+00  0.00000000E+00 
     557  9.12500000E+02  3.37500000E+02  1.94168431E-01  1.00000000E+00  1.19416843E+00  2.50000000E-02  0.00000000E+00  0.00000000E+00 
     558  9.37500000E+02  3.37500000E+02  4.57312719E-01  1.00000000E+00  1.45731272E+00  2.50000000E-02  0.00000000E+00  0.00000000E+00 
     559  9.62500000E+02  3.37500000E+02  8.05780058E-01  1.00000000E+00  1.80578006E+00  2.50000000E-02  0.00000000E+00  0.00000000E+00 
     560  9.87500000E+02  3.37500000E+02  3.18677521E-01  1.00000000E+00  1.31867752E+00  2.50000000E-02  0.00000000E+00  0.00000000E+00 
     561  1.25000000E+01  3.62500000E+02 -9.66060666E-01  1.00000000E+00  3.39393343E-02  2.50000000E-02  0.00000000E+00  0.00000000E+00 
     562  3.75000000E+01  3.62500000E+02  5.15856432E-01  1.00000000E+00  1.51585643E+00  2.50000000E-02  0.00000000E+00  0.00000000E+00 
     563  6.25000000E+01  3.62500000E+02 -3.34530843E-01  1.00000000E+00  6.65469157E-01  2.50000000E-02  0.00000000E+00  0.00000000E+00 
     564  8.75000000E+01  3.62500000E+02  3.69791417E-01  1.00000000E+00  1.36979142E+00  2.50000000E-02  0.00000000E+00  0.00000000E+00 
     565  1.12500000E+02  3.62500000E+02  3.35961265E-01  1.00000000E+00  1.33596126E+00  2.50000000E-02  0.00000000E+00  0.00000000E+00 
     566  1.37500000E+02  3.62500000E+02 -9.76369505E-01  1.00000000E+00  2.36304951E-02  2.50000000E-02  0.00000000E+00  0.00000000E+00 
     567  1.62500000E+02  3.62500000E+02 -7.03027348E-01  1.00000000E+00  2.96972652E-01  2.50000000E-02  0.00000000E+00  0.00000000E+00 
     568  1.87500000E+02  3.62500000E+02 -3.95054195E-01  1.00000000E+00  6.04945805E-01  2.50000000E-02  0.00000000E+00  0.00000000E+00 
     569  2.12500000E+02  3.62500000E+02 -6.06662382E-01  1.00000000E+00  3.93337618E-01  2.50000000E-02  0.00000000E+00  0.00000000E+00 
     570  2.37500000E+02  3.62500000E+02  1.31333254E-01  1.00000000E+00  1.13133325E+00  2.50000000E-02  0.00000000E+00  0.00000000E+00 
     571  2.62500000E+02  3.62500000E+02  6.78557906E-01  1.00000000E+00  1.67855791E+00  2.50000000E-02  0.00000000E+00  0.00000000E+00 
     572  2.87500000E+02  3.62500000E+02  8.98066731E-01  1.00000000E+00  1.89806673E+00  2.50000000E-02  0.00000000E+00  0.00000000E+00 
     573  3.12500000E+02  3.62500000E+02  6.28986818E-01  1.00000000E+00  1.62898682E+00  2.50000000E-02  0.00000000E+00  0.00000000E+00 
     574  3.37500000E+02  3.62500000E+02 -5.61567362E-01  1.00000000E+00  4.38432638E-01  2.50000000E-02  0.00000000E+00  0.00000000E+00 
     575  3.62500000E+02  3.62500000E+02 -2.10584714E-01  1.00000000E+00  7.89415286E-01  2.50000000E-02  0.00000000E+00  0.00000000E+00 
     576  3.87500000E+02  3.62500000E+02 -6.15901412E-01  1.00000000E+00  3.84098588E-01  2.50000000E-02  0.00000000E+00  0.00000000E+00 
     577  4.12500000E+02  3.62500000E+02  4.92716108E-01  1.00000000E+00  1.49271611E+00  2.50000000E-02  0.00000000E+00  0.00000000E+00 
     578  4.37500000E+02  3.62500000E+02 -3.55685850E-01  1.00000000E+00  6.44314150E-01  2.50000000E-02  0.00000000E+00  0.00000000E+00 
     579  4.62500000E+02  3.62500000E+02 -9.76551710E-01  1.00000000E+00  2.34482904E-02  2.50000000E-02  0.00000000E+00  0.00000000E+00 
     580  4.87500000E+02  3.62500000E+02 -8.66758993E-01  1.00000000E+00  1.33241007E-01  2.50000000E-02  0.00000000E+00  0.00000000E+00 
     581  5.12500000E+02  3.62500000E+02  5.96923364E-01  1.00000000E+00  1.59692336E+00  2.50000000E-02  0.00000000E+00  0.00000000E+00 
     582  5.37500000E+02  3.62500000E+02 -8.49782317E-01  1.00000000E+00  1.50217683E-01  2.50000000E-02  0.00000000E+00  0.00000000E+00 
     583  5.62500000E+02  3.62500000E+02 -4.39410726E-01  1.00000000E+00  5.60589274E-01  2.50000000E-02  0.00000000E+00  0.00000000E+00 
     584  5.87500000E+02  3.62500000E+02  5.24814540E-01  1.00000000E+00  1.52481454E+00  2.50000000E-02  0.00000000E+00  0.00000000E+00 
     585  6.12500000E+02  3.62500000E+02  9.17688554E-01  1.00000000E+00  1.91768855E+00  2.50000000E-02  0.00000000E+00  0.00000000E+00 
     586  6.37500000E+02  3.62500000E+02 -7.46181453E-02  1.00000000E+00  9.25381855E-01  2.50000000E-02  0.00000000E+00  0.00000000E+00 
     587  6.62500000E+02  3.62500000E+02  3.43220318E-01  1.00000000E+00  1.34322032E+00  2.50000000E-02  0.00000000E+00  0.00000000E+00 
     588  6.87500000E+02  3.62500000E+02  4.11170400E-02  1.00000000E+00  1.04111704E+00  2.50000000E-02  0.00000000E+00  0.00000000E+00 
     589  7.12500000E+02  3.62500000E+02  1.37093551E-01  1.00000000E+00  1.13709355E+00  2.50000000E-02  0.00000000E+00  0.00000000E+00 
     590  7.37500000E+02  3.62500000E+02 -5.61127821E-01  1.00000000E+00  4.38872179E-01  2.50000000E-02  0.00000000E+00  0.00000000E+00 
     591  7.62500000E+02  3.62500000E+02 -6.32209528E-01  1.00000000E+00  3.67790472E-01  2.50000000E-02  0.00000000E+00  0.00000000E+00 
     592  7.87500000E+02  3.62500000E+02  1.59330829E-01  1.00000000E+00  1.15933083E+00  2.50000000E-02  0.00000000E+00  0.00000000E+00 
     593  8.12500000E+02  3.62500000E+02 -8.43544998E-01  1.00000000E+00  1.56455002E-01  2.50000000E-02  0.00000000E+00  0.00000000E+00 
     594  8.37500000E+02  3.62500000E+02 -7.98577645E-01  1.00000000E+00  2.01422355E-01  2.50000000E-02  0.00000000E+00  0.00000000E+00 
     595  8.62500000E+02  3.62500000E+02  8.70439201E-01  1.00000000E+00  1.87043920E+00  2.50000000E-02  0.00000000E+00  0.00000000E+00 
     596  8.87500000E+02  3.62500000E+02 -5.89937129E-01  1.00000000E+00  4.10062871E-01  2.50000000E-02  0.00000000E+00  0.00000000E+00 
     597  9.12500000E+02  3.62500000E+02  9.76380787E-01  1.00000000E+00  1.97638079E+00  2.50000000E-02  0.00000000E+00  0.00000000E+00 
     598  9.37500000E+02  3.62500000E+02  3.75203281E-01  1.00000000E+00  1.37520328E+00  2.50000000E-02  0.00000000E+00  0.00000000E+00 
     599  9.62500000E+02  3.62500000E+02  9.65871543E-03  1.00000000E+00  1.00965872E+00  2.50000000E-02  0.00000000E+00  0.00000000E+00 
     600  9.87500000E+02  3.62500000E+02  1.09596903E-01  1.00000000E+00  1.10959690E+00  2.50000000E-02  0.00000000E+00  0.00000000E+00 
     601  1.25000000E+01  3.87500000E+02  1.55109543E-01  1.00000000E+00  1.15510954E+00  2.50000000E-02  0.00000000E+00  0.00000000E+00 
     602  3.75000000E+01  3.87500000E+02 -7.71215314E-01  1.00000000E+00  2.28784686E-01  2.50000000E-02  0.00000000E+00  0.00000000E+00 
     603  6.25000000E+01  3.87500000E+02 -6.58958607E-01  1.00000000E+00  3.41041393E-01  2.50000000E-02  0.00000000E+00  0.00000000E+00 
     604  8.75000000E+01  3.87500000E+02 -5.58975465E-02  1.00000000E+00  9.44102454E-01  2.50000000E-02  0.00000000E+00  0.00000000E+00 
     605  1.12500000E+02  3.87500000E+02  5.28193489E-01  1.00000000E+00  1.52819349E+00  2.50000000E-02  0.00000000E+00  0.00000000E+00 
     606  1.37500000E+02  3.87500000E+02  6.72831520E-01  1.00000000E+00  1.67283152E+00  2.50000000E-02  0.00000000E+00  0.00000000E+00 
     607  1.62500000E+02  3.87500000E+02  4.06350372E-01  1.00000000E+00  1.40635037E+00  2.50000000E-02  0.00000000E+00  0.00000000E+00 
     608  1.87500000E+02  3.87500000E+02  3.95698919E-02  1.00000000E+00  1.03956989E+00  2.50000000E-02  0.00000000E+00  0.00000000E+00 
     609  2.12500000E+02  3.87500000E+02 -1.17352384E-02  1.00000000E+00  9.88264762E-01  2.50000000E-02  0.00000000E+00  0.00000000E+00 
     610  2.37500000E+02  3.87500000E+02 -5.69130758E-01  1.00000000E+00  4.30869242E-01  2.50000000E-02  0.00000000E+00  0.00000000E+00 
     611  2.62500000E+02  3.87500000E+02  3.82325208E-01  1.00000000E+00  1.38232521E+00  2.50000000E-02  0.00000000E+00  0.00000000E+00 
     612  2.87500000E+02  3.87500000E+02  8.00741049E-01  1.00000000E+00  1.80074105E+00  2.50000000E-02  0.00000000E+00  0.00000000E+00 
     613  3.12500000E+02  3.87500000E+02 -4.36175349E-01  1.00000000E+00  5.63824651E-01  2.50000000E-02  0.00000000E+00  0.00000000E+00 
     614  3.37500000E+02  3.87500000E+02 -1.47161939E-02  1.00000000E+00  9.85283806E-01  2.50000000E-02  0.00000000E+00  0.00000000E+00 
     615  3.62500000E+02  3.87500000E+02 -7.06845146E-01  1.00000000E+00  2.93154854E-01  2.50000000E-02  0.00000000E+00  0.00000000E+00 
     616  3.87500000E+02  3.87500000E+02  4.85538138E-02  1.00000000E+00  1.04855381E+00  2.50000000E-02  0.00000000E+00  0.00000000E+00 
     617  4.12500000E+02  3.87500000E+02 -7.71735505E-01  1.00000000E+00  2.28264495E-01  2.50000000E-02  0.00000000E+00  0.00000000E+00 
     618  4.37500000E+02  3.87500000E+02  1.87056193E-01  1.00000000E+00  1.18705619E+00  2.50000000E-02  0.00000000E+00  0.00000000E+00 
     619  4.62500000E+02  3.87500000E+02  8.80330275E-01  1.00000000E+00  1.88033027E+00  2.50000000E-02  0.00000000E+00  0.00000000E+00 
     620  4.87500000E+02  3.87500000E+02  3.42345162E-01  1.00000000E+00  1.34234516E+00  2.50000000E-02  0.00000000E+00  0.00000000E+00 
     621  5.12500000E+02  3.87500000E+02 -8.72640495E-01  1.00000000E+00  1.27359505E-01  2.50000000E-02  0.00000000E+00  0.00000000E+00 
     622  5.37500000E+02  3.87500000E+02  2.94931678E-01  1.00000000E+00  1.29493168E+00  2.50000000E-02  0.00000000E+00  0.00000000E+00 
     623  5.62500000E+02  3.87500000E+02 -6.37404482E-01  1.00000000E+00  3.62595518E-01  2.50000000E-02  0.00000000E+00  0.00000000E+00 
     624  5.87500000E+02  3.87500000E+02 -4.38549149E-01  1.00000000E+00  5.61450851E-01  2.50000000E-02  0.00000000E+00  0.00000000E+00 
     625  6.12500000E+02  3.87500000E+02  3.51708111E-01  1.00000000E+00  1.35170811E+00  2.50000000E-02  0.00000000E+00  0.00000000E+00 
     626  6.37500000E+02  3.87500000E+02  6.49206713E-02  1.00000000E+00  1.06492067E+00  2.50000000E-02  0.00000000E+00  0.00000000E+00 
     627  6.62500000E+02  3.87500000E+02  9.18175539E-01  1.00000000E+00  1.91817554E+00  2.50000000E-02  0.00000000E+00  0.00000000E+00 
     628  6.87500000E+02  3.87500000E+02 -9.20605568E-01  1.00000000E+00  7.93944318E-02  2.50000000E-02  0.00000000E+00  0.00000000E+00 
     629  7.12500000E+02  3.87500000E+02  4.03094956E-01  1.00000000E+00  1.40309496E+00  2.50000000E-02  0.00000000E+00  0.00000000E+00 
     630  7.37500000E+02  3.87500000E+02  1.94257328E-01  1.00000000E+00  1.19425733E+00  2.50000000E-02  0.00000000E+00  0.00000000E+00 
     631  7.62500000E+02  3.87500000E+02 -4.74625661E-01  1.00000000E+00  5.25374339E-01  2.50000000E-02  0.00000000E+00  0.00000000E+00 
     632  7.87500000E+02  3.87500000E+02 -3.33009062E-01  1.00000000E+00  6.66990938E-01  2.50000000E-02  0.00000000E+00  0.00000000E+00 
     633  8.12500000E+02  3.87500000E+02 -1.39707627E-01  1.00000000E+00  8.60292373E-01  2.50000000E-02  0.00000000E+00  0.00000000E+00 
     634  8.37500000E+02  3.87500000E+02  8.25223234E-01  1.00000000E+00  1.82522323E+00  2.50000000E-02  0.00000000E+00  0.00000000E+00 
     635  8.62500000E+02  3.87500000E+02  9.51776039E-01  1.00000000E+00  1.95177604E+00  2.50000000E-02  0.00000000E+00  0.00000000E+00 
     636  8.87500000E+02  3.87500000E+02  3.19834321E-01  1.00000000E+00  1.31983432E+00  2.50000000E-02  0.00000000E+00  0.00000000E+00 
     637  9.12500000E+02  3.87500000E+02  8.76020387E-01  1.00000000E+00  1.87602039E+00  2.50000000E-02  0.00000000E+00  0.00000000E+00 
     638  9.37500000E+02  3.87500000E+02 -3.08319958E-01  1.00000000E+00  6.91680042E-01  2.50000000E-02  0.00000000E+00  0.00000000E+00 
     639  9.62500000E+02  3.87500000E+02 -6.58719114E-01  1.00000000E+00  3.41280886E-01  2.50000000E-02  0.00000000E+00  0.00000000E+00 
     640  9.87500000E+02  3.87500000E+02 -2.55844584E-01  1.00000000E+00  7.44155416E-01  2.50000000E-02  0.00000000E+00  0.00000000E+00 
     641  1.25000000E+01  4.12500000E+02 -1.14667748E-01  1.00000000E+00  8.85332252E-01  2.50000000E-02  0.00000000E+00  0.00000000E+00 
     642  3.75000000E+01  4.12500000E+02 -1.19798821E-01  1.00000000E+00  8.80201179E-01  2.50000000E-02  0.00000000E+00  0.00000000E+00 
     643  6.25000000E+01  4.12500000E+02 -1.99528805E-01  1.00000000E+00  8.00471195E-01  2.50000000E-02  0.00000000E+00  0.00000000E+00 
     644  8.75000000E+01  4.12500000E+02  4.43166795E-01  1.00000000E+00  1.44316679E+00  2.50000000E-02  0.00000000E+00  0.00000000E+00 
     645  1.12500000E+02  4.12500000E+02  6.67500279E-01  1.00000000E+00  1.66750028E+00  2.50000000E-02  0.00000000E+00  0.00000000E+00 
     646  1.37500000E+02  4.12500000E+02  6.79524660E-01  1.00000000E+00  1.67952466E+00  2.50000000E-02  0.00000000E+00  0.00000000E+00 
     647  1.62500000E+02  4.12500000E+02  7.83519136E-01  1.00000000E+00  1.78351914E+00  2.50000000E-02  0.00000000E+00  0.00000000E+00 
     648  1.87500000E+02  4.12500000E+02  5.42671422E-02  1.00000000E+00  1.05426714E+00  2.50000000E-02  0.00000000E+00  0.00000000E+00 
     649  2.12500000E+02  4.12500000E+02 -9.57887589E-02  1.00000000E+00  9.04211241E-01  2.50000000E-02  0.00000000E+00  0.00000000E+00 
     650  2.37500000E+02  4.12500000E+02 -7.04305250E-01  1.00000000E+00  2.95694750E-01  2.50000000E-02  0.00000000E+00  0.00000000E+00 
     651  2.62500000E+02  4.12500000E+02 -5.88823646E-01  1.00000000E+00  4.11176354E-01  2.50000000E-02  0.00000000E+00  0.00000000E+00 
     652  2.87500000E+02  4.12500000E+02 -5.23053373E-01  1.00000000E+00  4.76946627E-01  2.50000000E-02  0.00000000E+00  0.00000000E+00 
     653  3.12500000E+02  4.12500000E+02 -8.25401872E-01  1.00000000E+00  1.74598128E-01  2.50000000E-02  0.00000000E+00  0.00000000E+00 
     654  3.37500000E+02  4.12500000E+02  5.25067566E-01  1.00000000E+00  1.52506757E+00  2.50000000E-02  0.00000000E+00  0.00000000E+00 
     655  3.62500000E+02  4.12500000E+02 -7.83024329E-01  1.00000000E+00  2.16975671E-01  2.50000000E-02  0.00000000E+00  0.00000000E+00 
     656  3.87500000E+02  4.12500000E+02  5.73640254E-01  1.00000000E+00  1.57364025E+00  2.50000000E-02  0.00000000E+00  0.00000000E+00 
     657  4.12500000E+02  4.12500000E+02  6.58338337E-01  1.00000000E+00  1.65833834E+00  2.50000000E-02  0.00000000E+00  0.00000000E+00 
     658  4.37500000E+02  4.12500000E+02  8.36372757E-01  1.00000000E+00  1.83637276E+00  2.50000000E-02  0.00000000E+00  0.00000000E+00 
     659  4.62500000E+02  4.12500000E+02 -5.76557963E-01  1.00000000E+00  4.23442037E-01  2.50000000E-02  0.00000000E+00  0.00000000E+00 
     660  4.87500000E+02  4.12500000E+02 -5.98355215E-01  1.00000000E+00  4.01644785E-01  2.50000000E-02  0.00000000E+00  0.00000000E+00 
     661  5.12500000E+02  4.12500000E+02 -4.70305079E-01  1.00000000E+00  5.29694921E-01  2.50000000E-02  0.00000000E+00  0.00000000E+00 
     662  5.37500000E+02  4.12500000E+02  9.68222219E-01  1.00000000E+00  1.96822222E+00  2.50000000E-02  0.00000000E+00  0.00000000E+00 
     663  5.62500000E+02  4.12500000E+02  4.24524568E-01  1.00000000E+00  1.42452457E+00  2.50000000E-02  0.00000000E+00  0.00000000E+00 
     664  5.87500000E+02  4.12500000E+02 -1.70848611E-02  1.00000000E+00  9.82915139E-01  2.50000000E-02  0.00000000E+00  0.00000000E+00 
     665  6.12500000E+02  4.12500000E+02 -3.59020408E-01  1.00000000E+00  6.40979592E-01  2.50000000E-02  0.00000000E+00  0.00000000E+00 
     666  6.37500000E+02  4.12500000E+02 -5.20579146E-02  1.00000000E+00  9.47942085E-01  2.50000000E-02  0.00000000E+00  0.00000000E+00 
     667  6.62500000E+02  4.12500000E+02 -3.64641074E-01  1.00000000E+00  6.35358926E-01  2.50000000E-02  0.00000000E+00  0.00000000E+00 
     668  6.87500000E+02  4.12500000E+02  8.98391509E-01  1.00000000E+00  1.89839151E+00  2.50000000E-02  0.00000000E+00  0.00000000E+00 
     669  7.12500000E+02  4.12500000E+02  6.22015577E-01  1.00000000E+00  1.62201558E+00  2.50000000E-02  0.00000000E+00  0.00000000E+00 
     670  7.37500000E+02  4.12500000E+02 -1.48513640E-01  1.00000000E+00  8.51486360E-01  2.50000000E-02  0.00000000E+00  0.00000000E+00 
     671  7.62500000E+02  4.12500000E+02  8.27164934E-01  1.00000000E+00  1.82716493E+00  2.50000000E-02  0.00000000E+00  0.00000000E+00 
     672  7.87500000E+02  4.12500000E+02  6.44029528E-01  1.00000000E+00  1.64402953E+00  2.50000000E-02  0.00000000E+00  0.00000000E+00 
     673  8.12500000E+02  4.12500000E+02 -6.87756908E-01  1.00000000E+00  3.12243092E-01  2.50000000E-02  0.00000000E+00  0.00000000E+00 
     674  8.37500000E+02  4.12500000E+02  2.82743241E-01  1.00000000E+00  1.28274324E+00  2.50000000E-02  0.00000000E+00  0.00000000E+00 
     675  8.62500000E+02  4.12500000E+02 -3.05489254E-02  1.00000000E+00  9.69451075E-01  2.50000000E-02  0.00000000E+00  0.00000000E+00 
     676  8.87500000E+02  4.12500000E+02  2.06506390E-01  1.00000000E+00  1.20650639E+00  2.50000000E-02  0.00000000E+00  0.00000000E+00 
     677  9.12500000E+02  4.12500000E+02 -5.37229149E-01  1.00000000E+00  4.62770851E-01  2.50000000E-02  0.00000000E+00  0.00000000E+00 
     678  9.37500000E+02  4.12500000E+02 -5.68518548E-01  1.00000000E+00  4.31481452E-01  2.50000000E-02  0.00000000E+00  0.00000000E+00 
     679  9.62500000E+02  4.12500000E+02  8.97037579E-01  1.00000000E+00  1.89703758E+00  2.50000000E-02  0.00000000E+00  0.00000000E+00 
     680  9.87500000E+02  4.12500000E+02  3.11866661E-01  1.00000000E+00  1.31186666E+00  2.50000000E-02  0.00000000E+00  0.00000000E+00 
     681  1.25000000E+01  4.37500000E+02 -5.21525428E-01  1.00000000E+00  4.78474572E-01  2.50000000E-02  0.00000000E+00  0.00000000E+00 
     682  3.75000000E+01  4.37500000E+02  5.82371908E-01  1.00000000E+00  1.58237191E+00  2.50000000E-02  0.00000000E+00  0.00000000E+00 
     683  6.25000000E+01  4.37500000E+02  8.74393557E-01  1.00000000E+00  1.87439356E+00  2.50000000E-02  0.00000000E+00  0.00000000E+00 
     684  8.75000000E+01  4.37500000E+02 -3.58850876E-01  1.00000000E+00  6.41149124E-01  2.50000000E-02  0.00000000E+00  0.00000000E+00 
     685  1.12500000E+02  4.37500000E+02  8.06857612E-01  1.00000000E+00  1.80685761E+00  2.50000000E-02  0.00000000E+00  0.00000000E+00 
     686  1.37500000E+02  4.37500000E+02  8.47045990E-01  1.00000000E+00  1.84704599E+00  2.50000000E-02  0.00000000E+00  0.00000000E+00 
     687  1.62500000E+02  4.37500000E+02 -3.74242936E-01  1.00000000E+00  6.25757064E-01  2.50000000E-02  0.00000000E+00  0.00000000E+00 
     688  1.87500000E+02  4.37500000E+02 -2.19686907E-01  1.00000000E+00  7.80313093E-01  2.50000000E-02  0.00000000E+00  0.00000000E+00 
     689  2.12500000E+02  4.37500000E+02 -9.39235959E-01  1.00000000E+00  6.07640411E-02  2.50000000E-02  0.00000000E+00  0.00000000E+00 
     690  2.37500000E+02  4.37500000E+02 -6.61510006E-01  1.00000000E+00  3.38489994E-01  2.50000000E-02  0.00000000E+00  0.00000000E+00 
     691  2.62500000E+02  4.37500000E+02  5.06867385E-01  1.00000000E+00  1.50686738E+00  2.50000000E-02  0.00000000E+00  0.00000000E+00 
     692  2.87500000E+02  4.37500000E+02 -4.21473287E-01  1.00000000E+00  5.78526713E-01  2.50000000E-02  0.00000000E+00  0.00000000E+00 
     693  3.12500000E+02  4.37500000E+02  7.66276348E-01  1.00000000E+00  1.76627635E+00  2.50000000E-02  0.00000000E+00  0.00000000E+00 
     694  3.37500000E+02  4.37500000E+02 -8.48013906E-01  1.00000000E+00  1.51986094E-01  2.50000000E-02  0.00000000E+00  0.00000000E+00 
     695  3.62500000E+02  4.37500000E+02  1.49155181E-01  1.00000000E+00  1.14915518E+00  2.50000000E-02  0.00000000E+00  0.00000000E+00 
     696  3.87500000E+02  4.37500000E+02 -1.48167384E-01  1.00000000E+00  8.51832616E-01  2.50000000E-02  0.00000000E+00  0.00000000E+00 
     697  4.12500000E+02  4.37500000E+02 -8.19904568E-01  1.00000000E+00  1.80095432E-01  2.50000000E-02  0.00000000E+00  0.00000000E+00 
     698  4.37500000E+02  4.37500000E+02 -1.08633900E-01  1.00000000E+00  8.91366100E-01  2.50000000E-02  0.00000000E+00  0.00000000E+00 
     699  4.62500000E+02  4.37500000E+02  7.80516317E-01  1.00000000E+00  1.78051632E+00  2.50000000E-02  0.00000000E+00  0.00000000E+00 
     700  4.87500000E+02  4.37500000E+02  4.72469267E-01  1.00000000E+00  1.47246927E+00  2.50000000E-02  0.00000000E+00  0.00000000E+00 
     701  5.12500000E+02  4.37500000E+02  4.65935691E-01  1.00000000E+00  1.46593569E+00  2.50000000E-02  0.00000000E+00  0.00000000E+00 
     702  5.37500000E+02  4.37500000E+02  5.45168541E-01  1.00000000E+00  1.54516854E+00  2.50000000E-02  0.00000000E+00  0.00000000E+00 
     703  5.62500000E+02  4.37500000E+02  8.40862699E-01  1.00000000E+00  1.84086270E+00  2.50000000E-02  0.00000000E+00  0.00000000E+00 
     704  5.87500000E+02  4.37500000E+02  2.23931685E-01  1.00000000E+00  1.22393169E+00  2.50000000E-02  0.00000000E+00  0.00000000E+00 
     705  6.12500000E+02  4.37500000E+02  7.57971950E-01  1.00000000E+00  1.75797195E+00  2.50000000E-02  0.00000000E+00  0.00000000E+00 
     706  6.37500000E+02  4.37500000E+02  6.26097992E-01  1.00000000E+00  1.62609799E+00  2.50000000E-02  0.00000000E+00  0.00000000E+00 
     707  6.62500000E+02  4.37500000E+02 -3.11012525E-01  1.00000000E+00  6.88987475E-01  2.50000000E-02  0.00000000E+00  0.00000000E+00 
     708  6.87500000E+02  4.37500000E+02  4.87651479E-01  1.00000000E+00  1.48765148E+00  2.50000000E-02  0.00000000E+00  0.00000000E+00 
     709  7.12500000E+02  4.37500000E+02  1.48012393E-01  1.00000000E+00  1.14801239E+00  2.50000000E-02  0.00000000E+00  0.00000000E+00 
     710  7.37500000E+02  4.37500000E+02  8.30803344E-01  1.00000000E+00  1.83080334E+00  2.50000000E-02  0.00000000E+00  0.00000000E+00 
     711  7.62500000E+02  4.37500000E+02  1.16134439E-03  1.00000000E+00  1.00116134E+00  2.50000000E-02  0.00000000E+00  0.00000000E+00 
     712  7.87500000E+02  4.37500000E+02  2.39835834E-01  1.00000000E+00  1.23983583E+00  2.50000000E-02  0.00000000E+00  0.00000000E+00 
     713  8.12500000E+02  4.37500000E+02 -5.16214511E-01  1.00000000E+00  4.83785489E-01  2.50000000E-02  0.00000000E+00  0.00000000E+00 
     714  8.37500000E+02  4.37500000E+02  4.95133606E-01  1.00000000E+00  1.49513361E+00  2.50000000E-02  0.00000000E+00  0.00000000E+00 
     715  8.62500000E+02  4.37500000E+02  8.93104765E-01  1.00000000E+00  1.89310476E+00  2.50000000E-02  0.00000000E+00  0.00000000E+00 
     716  8.87500000E+02  4.37500000E+02 -9.15906093E-02  1.00000000E+00  9.08409391E-01  2.50000000E-02  0.00000000E+00  0.00000000E+00 
     717  9.12500000E+02  4.37500000E+02 -2.09695417E-01  1.00000000E+00  7.90304583E-01  2.50000000E-02  0.00000000E+00  0.00000000E+00 
     718  9.37500000E+02  4.37500000E+02  8.32850438E-01  1.00000000E+00  1.83285044E+00  2.50000000E-02  0.00000000E+00  0.00000000E+00 
     719  9.62500000E+02  4.37500000E+02  1.17914853E-01  1.00000000E+00  1.11791485E+00  2.50000000E-02  0.00000000E+00  0.00000000E+00 
     720  9.87500000E+02  4.37500000E+02 -4.81887803E-01  1.00000000E+00  5.18112197E-01  2.50000000E-02  0.00000000E+00  0.00000000E+00 
     721  1.25000000E+01  4.62500000E+02  2.30331549E-02  1.00000000E+00  1.02303315E+00  2.50000000E-02  0.00000000E+00  0.00000000E+00 
     722  3.75000000E+01  4.62500000E+02 -3.31036185E-01  1.00000000E+00  6.68963815E-01  2.50000000E-02  0.00000000E+00  0.00000000E+00 
     723  6.25000000E+01  4.62500000E+02 -9.54557258E-02  1.00000000E+00  9.04544274E-01  2.50000000E-02  0.00000000E+00  0.00000000E+00 
     724  8.75000000E+01  4.62500000E+02  5.41319075E-01  1.00000000E+00  1.54131907E+00  2.50000000E-02  0.00000000E+00  0.00000000E+00 
     725  1.12500000E+02  4.62500000E+02  4.97923663E-01  1.00000000E+00  1.49792366E+00  2.50000000E-02  0.00000000E+00  0.00000000E+00 
     726  1.37500000E+02  4.62500000E+02  1.37524556E-01  1.00000000E+00  1.13752456E+00  2.50000000E-02  0.00000000E+00  0.00000000E+00 
     727  1.62500000E+02  4.62500000E+02 -6.05547264E-01  1.00000000E+00  3.94452736E-01  2.50000000E-02  0.00000000E+00  0.00000000E+00 
     728  1.87500000E+02  4.62500000E+02  6.21008015E-01  1.00000000E+00  1.62100802E+00  2.50000000E-02  0.00000000E+00  0.00000000E+00 
     729  2.12500000E+02  4.62500000E+02  9.48864050E-02  1.00000000E+00  1.09488641E+00  2.50000000E-02  0.00000000E+00  0.00000000E+00 
     730  2.37500000E+02  4.62500000E+02  6.95596543E-01  1.00000000E+00  1.69559654E+00  2.50000000E-02  0.00000000E+00  0.00000000E+00 
     731  2.62500000E+02  4.62500000E+02 -2.82454880E-01  1.00000000E+00  7.17545120E-01  2.50000000E-02  0.00000000E+00  0.00000000E+00 
     732  2.87500000E+02  4.62500000E+02  5.94399696E-01  1.00000000E+00  1.59439970E+00  2.50000000E-02  0.00000000E+00  0.00000000E+00 
     733  3.12500000E+02  4.62500000E+02 -9.60996431E-02  1.00000000E+00  9.03900357E-01  2.50000000E-02  0.00000000E+00  0.00000000E+00 
     734  3.37500000E+02  4.62500000E+02 -3.82105376E-01  1.00000000E+00  6.17894624E-01  2.50000000E-02  0.00000000E+00  0.00000000E+00 
     735  3.62500000E+02  4.62500000E+02  4.41596235E-01  1.00000000E+00  1.44159623E+00  2.50000000E-02  0.00000000E+00  0.00000000E+00 
     736  3.87500000E+02  4.62500000E+02 -8.80956593E-01  1.00000000E+00  1.19043407E-01  2.50000000E-02  0.00000000E+00  0.00000000E+00 
     737  4.12500000E+02  4.62500000E+02  3.44103553E-01  1.00000000E+00  1.34410355E+00  2.50000000E-02  0.00000000E+00  0.00000000E+00 
     738  4.37500000E+02  4.62500000E+02 -6.67223646E-01  1.00000000E+00  3.32776354E-01  2.50000000E-02  0.00000000E+00  0.00000000E+00 
     739  4.62500000E+02  4.62500000E+02  9.47055340E-01  1.00000000E+00  1.94705534E+00  2.50000000E-02  0.00000000E+00  0.00000000E+00 
     740  4.87500000E+02  4.62500000E+02 -3.31682521E-01  1.00000000E+00  6.68317479E-01  2.50000000E-02  0.00000000E+00  0.00000000E+00 
     741  5.12500000E+02  4.62500000E+02 -7.27119042E-01  1.00000000E+00  2.72880958E-01  2.50000000E-02  0.00000000E+00  0.00000000E+00 
     742  5.37500000E+02  4.62500000E+02  4.57750880E-01  1.00000000E+00  1.45775088E+00  2.50000000E-02  0.00000000E+00  0.00000000E+00 
     743  5.62500000E+02  4.62500000E+02 -9.99289089E-01  1.00000000E+00  7.10910882E-04  2.50000000E-02  0.00000000E+00  0.00000000E+00 
     744  5.87500000E+02  4.62500000E+02  8.67866651E-01  1.00000000E+00  1.86786665E+00  2.50000000E-02  0.00000000E+00  0.00000000E+00 
     745  6.12500000E+02  4.62500000E+02 -7.98927735E-02  1.00000000E+00  9.20107226E-01  2.50000000E-02  0.00000000E+00  0.00000000E+00 
     746  6.37500000E+02  4.62500000E+02  2.82823129E-01  1.00000000E+00  1.28282313E+00  2.50000000E-02  0.00000000E+00  0.00000000E+00 
     747  6.62500000E+02  4.62500000E+02 -7.17620941E-01  1.00000000E+00  2.82379059E-01  2.50000000E-02  0.00000000E+00  0.00000000E+00 
     748  6.87500000E+02  4.62500000E+02 -7.01660539E-01  1.00000000E+00  2.98339461E-01  2.50000000E-02  0.00000000E+00  0.00000000E+00 
     749  7.12500000E+02  4.62500000E+02 -4.17054967E-01  1.00000000E+00  5.82945033E-01  2.50000000E-02  0.00000000E+00  0.00000000E+00 
     750  7.37500000E+02  4.62500000E+02 -1.97769449E-01  1.00000000E+00  8.02230551E-01  2.50000000E-02  0.00000000E+00  0.00000000E+00 
     751  7.62500000E+02  4.62500000E+02 -8.30364190E-01  1.00000000E+00  1.69635810E-01  2.50000000E-02  0.00000000E+00  0.00000000E+00 
     752  7.87500000E+02  4.62500000E+02  5.93635457E-01  1.00000000E+00  1.59363546E+00  2.50000000E-02  0.00000000E+00  0.00000000E+00 
     753  8.12500000E+02  4.62500000E+02  7.04729898E-01  1.00000000E+00  1.70472990E+00  2.50000000E-02  0.00000000E+00  0.00000000E+00 
     754  8.37500000E+02  4.62500000E+02 -7.00610497E-02  1.00000000E+00  9.29938950E-01  2.50000000E-02  0.00000000E+00  0.00000000E+00 
     755  8.62500000E+02  4.62500000E+02 -8.14516724E-01  1.00000000E+00  1.85483276E-01  2.50000000E-02  0.00000000E+00  0.00000000E+00 
     756  8.87500000E+02  4.62500000E+02  6.34207618E-01  1.00000000E+00  1.63420762E+00  2.50000000E-02  0.00000000E+00  0.00000000E+00 
     757  9.12500000E+02  4.62500000E+02  5.73517688E-01  1.00000000E+00  1.57351769E+00  2.50000000E-02  0.00000000E+00  0.00000000E+00 
     758  9.37500000E+02  4.62500000E+02 -7.90801234E-01  1.00000000E+00  2.09198766E-01  2.50000000E-02  0.00000000E+00  0.00000000E+00 
     759  9.62500000E+02  4.62500000E+02  7.31669728E-01  1.00000000E+00  1.73166973E+00  2.50000000E-02  0.00000000E+00  0.00000000E+00 
     760  9.87500000E+02  4.62500000E+02  2.14049060E-02  1.00000000E+00  1.02140491E+00  2.50000000E-02  0.00000000E+00  0.00000000E+00 
     761  1.25000000E+01  4.87500000E+02 -8.92157871E-01  1.00000000E+00  1.07842129E-01  2.50000000E-02  0.00000000E+00  0.00000000E+00 
     762  3.75000000E+01  4.87500000E+02  8.47139597E-01  1.00000000E+00  1.84713960E+00  2.50000000E-02  0.00000000E+00  0.00000000E+00 
     763  6.25000000E+01  4.87500000E+02  9.07970650E-02  1.00000000E+00  1.09079707E+00  2.50000000E-02  0.00000000E+00  0.00000000E+00 
     764  8.75000000E+01  4.87500000E+02 -4.59866617E-01  1.00000000E+00  5.40133383E-01  2.50000000E-02  0.00000000E+00  0.00000000E+00 
     765  1.12500000E+02  4.87500000E+02  5.16185763E-01  1.00000000E+00  1.51618576E+00  2.50000000E-02  0.00000000E+00  0.00000000E+00 
     766  1.37500000E+02  4.87500000E+02 -7.13203339E-01  1.00000000E+00  2.86796661E-01  2.50000000E-02  0.00000000E+00  0.00000000E+00 
     767  1.62500000E+02  4.87500000E+02 -3.39224994E-01  1.00000000E+00  6.60775006E-01  2.50000000E-02  0.00000000E+00  0.00000000E+00 
     768  1.87500000E+02  4.87500000E+02 -4.02609231E-01  1.00000000E+00  5.97390769E-01  2.50000000E-02  0.00000000E+00  0.00000000E+00 
     769  2.12500000E+02  4.87500000E+02  7.36295286E-01  1.00000000E+00  1.73629529E+00  2.50000000E-02  0.00000000E+00  0.00000000E+00 
     770  2.37500000E+02  4.87500000E+02  2.15175153E-01  1.00000000E+00  1.21517515E+00  2.50000000E-02  0.00000000E+00  0.00000000E+00 
     771  2.62500000E+02  4.87500000E+02  9.58307377E-01  1.00000000E+00  1.95830738E+00  2.50000000E-02  0.00000000E+00  0.00000000E+00 
     772  2.87500000E+02  4.87500000E+02  4.14549800E-01  1.00000000E+00  1.41454980E+00  2.50000000E-02  0.00000000E+00  0.00000000E+00 
     773  3.12500000E+02  4.87500000E+02  3.57400243E-01  1.00000000E+00  1.35740024E+00  2.50000000E-02  0.00000000E+00  0.00000000E+00 
     774  3.37500000E+02  4.87500000E+02  6.72171383E-02  1.00000000E+00  1.06721714E+00  2.50000000E-02  0.00000000E+00  0.00000000E+00 
     775  3.62500000E+02  4.87500000E+02 -4.36419991E-02  1.00000000E+00  9.56358001E-01  2.50000000E-02  0.00000000E+00  0.00000000E+00 
     776  3.87500000E+02  4.87500000E+02 -2.97094604E-01  1.00000000E+00  7.02905396E-01  2.50000000E-02  0.00000000E+00  0.00000000E+00 
     777  4.12500000E+02  4.87500000E+02  3.84800043E-01  1.00000000E+00  1.38480004E+00  2.50000000E-02  0.00000000E+00  0.00000000E+00 
     778  4.37500000E+02  4.87500000E+02 -4.43349061E-01  1.00000000E+00  5.56650939E-01  2.50000000E-02  0.00000000E+00  0.00000000E+00 
     779  4.62500000E+02  4.87500000E+02  1.00492587E-01  1.00000000E+00  1.10049259E+00  2.50000000E-02  0.00000000E+00  0.00000000E+00 
     780  4.87500000E+02  4.87500000E+02 -2.99439289E-01  1.00000000E+00  7.00560711E-01  2.50000000E-02  0.00000000E+00  0.00000000E+00 
     781  5.12500000E+02  4.87500000E+02 -4.52742072E-01  1.00000000E+00  5.47257928E-01  2.50000000E-02  0.00000000E+00  0.00000000E+00 
     782  5.37500000E+02  4.87500000E+02 -6.59007674E-01  1.00000000E+00  3.40992326E-01  2.50000000E-02  0.00000000E+00  0.00000000E+00 
     783  5.62500000E+02  4.87500000E+02 -5.76309235E-01  1.00000000E+00  4.23690765E-01  2.50000000E-02  0.00000000E+00  0.00000000E+00 
     784  5.87500000E+02  4.87500000E+02 -8.12551513E-01  1.00000000E+00  1.87448487E-01  2.50000000E-02  0.00000000E+00  0.00000000E+00 
     785  6.12500000E+02  4.87500000E+02 -8.28069798E-01  1.00000000E+00  1.71930202E-01  2.50000000E-02  0.00000000E+00  0.00000000E+00 
     786  6.37500000E+02  4.87500000E+02 -8.90927969E-01  1.00000000E+00  1.09072031E-01  2.50000000E-02  0.00000000E+00  0.00000000E+00 
     787  6.62500000E+02  4.87500000E+02  4.97326608E-01  1.00000000E+00  1.49732661E+00  2.50000000E-02  0.00000000E+00  0.00000000E+00 
     788  6.87500000E+02  4.87500000E+02  5.52784999E-01  1.00000000E+00  1.55278500E+00  2.50000000E-02  0.00000000E+00  0.00000000E+00 
     789  7.12500000E+02  4.87500000E+02 -5.92100234E-01  1.00000000E+00  4.07899766E-01  2.50000000E-02  0.00000000E+00  0.00000000E+00 
     790  7.37500000E+02  4.87500000E+02  9.56743792E-01  1.00000000E+00  1.95674379E+00  2.50000000E-02  0.00000000E+00  0.00000000E+00 
     791  7.62500000E+02  4.87500000E+02 -1.85259607E-01  1.00000000E+00  8.14740393E-01  2.50000000E-02  0.00000000E+00  0.00000000E+00 
     792  7.87500000E+02  4.87500000E+02 -6.28813263E-01  1.00000000E+00  3.71186737E-01  2.50000000E-02  0.00000000E+00  0.00000000E+00 
     793  8.12500000E+02  4.87500000E+02 -4.54073316E-01  1.00000000E+00  5.45926684E-01  2.50000000E-02  0.00000000E+00  0.00000000E+00 
     794  8.37500000E+02  4.87500000E+02 -4.02023641E-02  1.00000000E+00  9.59797636E-01  2.50000000E-02  0.00000000E+00  0.00000000E+00 
     795  8.62500000E+02  4.87500000E+02 -9.55158516E-01  1.00000000E+00  4.48414840E-02  2.50000000E-02  0.00000000E+00  0.00000000E+00 
     796  8.87500000E+02  4.87500000E+02 -8.69613158E-01  1.00000000E+00  1.30386842E-01  2.50000000E-02  0.00000000E+00  0.00000000E+00 
     797  9.12500000E+02  4.87500000E+02 -6.95422540E-01  1.00000000E+00  3.04577460E-01  2.50000000E-02  0.00000000E+00  0.00000000E+00 
     798  9.37500000E+02  4.87500000E+02 -7.92456884E-01  1.00000000E+00  2.07543116E-01  2.50000000E-02  0.00000000E+00  0.00000000E+00 
     799  9.62500000E+02  4.87500000E+02 -4.15251851E-01  1.00000000E+00  5.84748149E-01  2.50000000E-02  0.00000000E+00  0.00000000E+00 
     800  9.87500000E+02  4.87500000E+02 -7.79383764E-01  1.00000000E+00  2.20616236E-01  2.50000000E-02  0.00000000E+00  0.00000000E+00 
     801  1.25000000E+01  5.12500000E+02 -1.98694032E-01  1.00000000E+00  8.01305968E-01  2.50000000E-02  0.00000000E+00  0.00000000E+00 
     802  3.75000000E+01  5.12500000E+02 -4.78622974E-01  1.00000000E+00  5.21377026E-01  2.50000000E-02  0.00000000E+00  0.00000000E+00 
     803  6.25000000E+01  5.12500000E+02 -9.58897534E-01  1.00000000E+00  4.11024658E-02  2.50000000E-02  0.00000000E+00  0.00000000E+00 
     804  8.75000000E+01  5.12500000E+02 -5.07965653E-02  1.00000000E+00  9.49203435E-01  2.50000000E-02  0.00000000E+00  0.00000000E+00 
     805  1.12500000E+02  5.12500000E+02  6.52596013E-01  1.00000000E+00  1.65259601E+00  2.50000000E-02  0.00000000E+00  0.00000000E+00 
     806  1.37500000E+02  5.12500000E+02 -1.17375780E-02  1.00000000E+00  9.88262422E-01  2.50000000E-02  0.00000000E+00  0.00000000E+00 
     807  1.62500000E+02  5.12500000E+02  7.45253151E-02  1.00000000E+00  1.07452532E+00  2.50000000E-02  0.00000000E+00  0.00000000E+00 
     808  1.87500000E+02  5.12500000E+02 -6.49563682E-02  1.00000000E+00  9.35043632E-01  2.50000000E-02  0.00000000E+00  0.00000000E+00 
     809  2.12500000E+02  5.12500000E+02  8.08191733E-01  1.00000000E+00  1.80819173E+00  2.50000000E-02  0.00000000E+00  0.00000000E+00 
     810  2.37500000E+02  5.12500000E+02  2.21052568E-01  1.00000000E+00  1.22105257E+00  2.50000000E-02  0.00000000E+00  0.00000000E+00 
     811  2.62500000E+02  5.12500000E+02  8.05511088E-01  1.00000000E+00  1.80551109E+00  2.50000000E-02  0.00000000E+00  0.00000000E+00 
     812  2.87500000E+02  5.12500000E+02  4.40774896E-02  1.00000000E+00  1.04407749E+00  2.50000000E-02  0.00000000E+00  0.00000000E+00 
     813  3.12500000E+02  5.12500000E+02 -1.61642956E-01  1.00000000E+00  8.38357044E-01  2.50000000E-02  0.00000000E+00  0.00000000E+00 
     814  3.37500000E+02  5.12500000E+02 -9.76898104E-01  1.00000000E+00  2.31018958E-02  2.50000000E-02  0.00000000E+00  0.00000000E+00 
     815  3.62500000E+02  5.12500000E+02  8.27916857E-02  1.00000000E+00  1.08279169E+00  2.50000000E-02  0.00000000E+00  0.00000000E+00 
     816  3.87500000E+02  5.12500000E+02 -1.61012357E-01  1.00000000E+00  8.38987643E-01  2.50000000E-02  0.00000000E+00  0.00000000E+00 
     817  4.12500000E+02  5.12500000E+02  5.20549297E-01  1.00000000E+00  1.52054930E+00  2.50000000E-02  0.00000000E+00  0.00000000E+00 
     818  4.37500000E+02  5.12500000E+02  2.25939986E-01  1.00000000E+00  1.22593999E+00  2.50000000E-02  0.00000000E+00  0.00000000E+00 
     819  4.62500000E+02  5.12500000E+02  8.43436565E-01  1.00000000E+00  1.84343656E+00  2.50000000E-02  0.00000000E+00  0.00000000E+00 
     820  4.87500000E+02  5.12500000E+02  2.73522224E-01  1.00000000E+00  1.27352222E+00  2.50000000E-02  0.00000000E+00  0.00000000E+00 
     821  5.12500000E+02  5.12500000E+02 -3.70256768E-01  1.00000000E+00  6.29743232E-01  2.50000000E-02  0.00000000E+00  0.00000000E+00 
     822  5.37500000E+02  5.12500000E+02 -1.86799403E-01  1.00000000E+00  8.13200597E-01  2.50000000E-02  0.00000000E+00  0.00000000E+00 
     823  5.62500000E+02  5.12500000E+02 -8.19173114E-01  1.00000000E+00  1.80826886E-01  2.50000000E-02  0.00000000E+00  0.00000000E+00 
     824  5.87500000E+02  5.12500000E+02  8.27341694E-01  1.00000000E+00  1.82734169E+00  2.50000000E-02  0.00000000E+00  0.00000000E+00 
     825  6.12500000E+02  5.12500000E+02 -3.74597517E-01  1.00000000E+00  6.25402483E-01  2.50000000E-02  0.00000000E+00  0.00000000E+00 
     826  6.37500000E+02  5.12500000E+02  4.44141516E-01  1.00000000E+00  1.44414152E+00  2.50000000E-02  0.00000000E+00  0.00000000E+00 
     827  6.62500000E+02  5.12500000E+02 -9.92785098E-01  1.00000000E+00  7.21490248E-03  2.50000000E-02  0.00000000E+00  0.00000000E+00 
     828  6.87500000E+02  5.12500000E+02 -1.45848634E-02  1.00000000E+00  9.85415137E-01  2.50000000E-02  0.00000000E+00  0.00000000E+00 
     829  7.12500000E+02  5.12500000E+02 -4.48516774E-01  1.00000000E+00  5.51483226E-01  2.50000000E-02  0.00000000E+00  0.00000000E+00 
     830  7.37500000E+02  5.12500000E+02 -9.41310020E-01  1.00000000E+00  5.86899799E-02  2.50000000E-02  0.00000000E+00  0.00000000E+00 
     831  7.62500000E+02  5.12500000E+02 -6.99160594E-01  1.00000000E+00  3.00839406E-01  2.50000000E-02  0.00000000E+00  0.00000000E+00 
     832  7.87500000E+02  5.12500000E+02 -9.23100187E-01  1.00000000E+00  7.68998128E-02  2.50000000E-02  0.00000000E+00  0.00000000E+00 
     833  8.12500000E+02  5.12500000E+02 -3.81021602E-02  1.00000000E+00  9.61897840E-01  2.50000000E-02  0.00000000E+00  0.00000000E+00 
     834  8.37500000E+02  5.12500000E+02  7.64165111E-01  1.00000000E+00  1.76416511E+00  2.50000000E-02  0.00000000E+00  0.00000000E+00 
     835  8.62500000E+02  5.12500000E+02 -9.54580350E-01  1.00000000E+00  4.54196505E-02  2.50000000E-02  0.00000000E+00  0.00000000E+00 
     836  8.87500000E+02  5.12500000E+02 -6.71656305E-01  1.00000000E+00  3.28343695E-01  2.50000000E-02  0.00000000E+00  0.00000000E+00 
     837  9.12500000E+02  5.12500000E+02 -1.39158553E-01  1.00000000E+00  8.60841447E-01  2.50000000E-02  0.00000000E+00  0.00000000E+00 
     838  9.37500000E+02  5.12500000E+02  6.36652324E-01  1.00000000E+00  1.63665232E+00  2.50000000E-02  0.00000000E+00  0.00000000E+00 
     839  9.62500000E+02  5.12500000E+02  6.13608273E-01  1.00000000E+00  1.61360827E+00  2.50000000E-02  0.00000000E+00  0.00000000E+00 
     840  9.87500000E+02  5.12500000E+02  7.10892811E-01  1.00000000E+00  1.71089281E+00  2.50000000E-02  0.00000000E+00  0.00000000E+00 
     841  1.25000000E+01  5.37500000E+02 -5.58057742E-02  1.00000000E+00  9.44194226E-01  2.50000000E-02  0.00000000E+00  0.00000000E+00 
     842  3.75000000E+01  5.37500000E+02  7.54977705E-02  1.00000000E+00  1.07549777E+00  2.50000000E-02  0.00000000E+00  0.00000000E+00 
     843  6.25000000E+01  5.37500000E+02 -7.54745601E-01  1.00000000E+00  2.45254399E-01  2.50000000E-02  0.00000000E+00  0.00000000E+00 
     844  8.75000000E+01  5.37500000E+02  8.38551358E-01  1.00000000E+00  1.83855136E+00  2.50000000E-02  0.00000000E+00  0.00000000E+00 
     845  1.12500000E+02  5.37500000E+02 -7.14267579E-01  1.00000000E+00  2.85732421E-01  2.50000000E-02  0.00000000E+00  0.00000000E+00 
     846  1.37500000E+02  5.37500000E+02  7.66191250E-01  1.00000000E+00  1.76619125E+00  2.50000000E-02  0.00000000E+00  0.00000000E+00 
     847  1.62500000E+02  5.37500000E+02 -1.51205253E-02  1.00000000E+00  9.84879475E-01  2.50000000E-02  0.00000000E+00  0.00000000E+00 
     848  1.87500000E+02  5.37500000E+02  1.73922527E-01  1.00000000E+00  1.17392253E+00  2.50000000E-02  0.00000000E+00  0.00000000E+00 
     849  2.12500000E+02  5.37500000E+02  5.53943166E-01  1.00000000E+00  1.55394317E+00  2.50000000E-02  0.00000000E+00  0.00000000E+00 
     850  2.37500000E+02  5.37500000E+02 -8.89105826E-01  1.00000000E+00  1.10894174E-01  2.50000000E-02  0.00000000E+00  0.00000000E+00 
     851  2.62500000E+02  5.37500000E+02 -5.81463339E-01  1.00000000E+00  4.18536661E-01  2.50000000E-02  0.00000000E+00  0.00000000E+00 
     852  2.87500000E+02  5.37500000E+02  6.79526210E-01  1.00000000E+00  1.67952621E+00  2.50000000E-02  0.00000000E+00  0.00000000E+00 
     853  3.12500000E+02  5.37500000E+02  3.42334854E-01  1.00000000E+00  1.34233485E+00  2.50000000E-02  0.00000000E+00  0.00000000E+00 
     854  3.37500000E+02  5.37500000E+02  7.51277662E-01  1.00000000E+00  1.75127766E+00  2.50000000E-02  0.00000000E+00  0.00000000E+00 
     855  3.62500000E+02  5.37500000E+02  2.00360265E-01  1.00000000E+00  1.20036027E+00  2.50000000E-02  0.00000000E+00  0.00000000E+00 
     856  3.87500000E+02  5.37500000E+02 -3.85167497E-01  1.00000000E+00  6.14832503E-01  2.50000000E-02  0.00000000E+00  0.00000000E+00 
     857  4.12500000E+02  5.37500000E+02  2.99418132E-01  1.00000000E+00  1.29941813E+00  2.50000000E-02  0.00000000E+00  0.00000000E+00 
     858  4.37500000E+02  5.37500000E+02 -5.27998769E-01  1.00000000E+00  4.72001231E-01  2.50000000E-02  0.00000000E+00  0.00000000E+00 
     859  4.62500000E+02  5.37500000E+02  8.96312519E-01  1.00000000E+00  1.89631252E+00  2.50000000E-02  0.00000000E+00  0.00000000E+00 
     860  4.87500000E+02  5.37500000E+02 -9.42534601E-01  1.00000000E+00  5.74653986E-02  2.50000000E-02  0.00000000E+00  0.00000000E+00 
     861  5.12500000E+02  5.37500000E+02  1.67468620E-01  1.00000000E+00  1.16746862E+00  2.50000000E-02  0.00000000E+00  0.00000000E+00 
     862  5.37500000E+02  5.37500000E+02  9.81067012E-01  1.00000000E+00  1.98106701E+00  2.50000000E-02  0.00000000E+00  0.00000000E+00 
     863  5.62500000E+02  5.37500000E+02 -4.50558862E-01  1.00000000E+00  5.49441138E-01  2.50000000E-02  0.00000000E+00  0.00000000E+00 
     864  5.87500000E+02  5.37500000E+02 -4.81840688E-01  1.00000000E+00  5.18159312E-01  2.50000000E-02  0.00000000E+00  0.00000000E+00 
     865  6.12500000E+02  5.37500000E+02 -5.85625669E-01  1.00000000E+00  4.14374331E-01  2.50000000E-02  0.00000000E+00  0.00000000E+00 
     866  6.37500000E+02  5.37500000E+02 -3.44327821E-01  1.00000000E+00  6.55672179E-01  2.50000000E-02  0.00000000E+00  0.00000000E+00 
     867  6.62500000E+02  5.37500000E+02  2.66264540E-01  1.00000000E+00  1.26626454E+00  2.50000000E-02  0.00000000E+00  0.00000000E+00 
     868  6.87500000E+02  5.37500000E+02  1.56224060E-01  1.00000000E+00  1.15622406E+00  2.50000000E-02  0.00000000E+00  0.00000000E+00 
     869  7.12500000E+02  5.37500000E+02  5.76540307E-01  1.00000000E+00  1.57654031E+00  2.50000000E-02  0.00000000E+00  0.00000000E+00 
     870  7.37500000E+02  5.37500000E+02 -8.37868197E-01  1.00000000E+00  1.62131803E-01  2.50000000E-02  0.00000000E+00  0.00000000E+00 
     871  7.62500000E+02  5.37500000E+02 -5.81607387E-01  1.00000000E+00  4.18392613E-01  2.50000000E-02  0.00000000E+00  0.00000000E+00 
     872  7.87500000E+02  5.37500000E+02 -3.57814128E-01  1.00000000E+00  6.42185872E-01  2.50000000E-02  0.00000000E+00  0.00000000E+00 
     873  8.12500000E+02  5.37500000E+02  7.91384558E-02  1.00000000E+00  1.07913846E+00  2.50000000E-02  0.00000000E+00  0.00000000E+00 
     874  8.37500000E+02  5.37500000E+02 -5.08739061E-01  1.00000000E+00  4.91260939E-01  2.50000000E-02  0.00000000E+00  0.00000000E+00 
     875  8.62500000E+02  5.37500000E+02  8.16107980E-01  1.00000000E+00  1.81610798E+00  2.50000000E-02  0.00000000E+00  0.00000000E+00 
     876  8.87500000E+02  5.37500000E+02 -2.94850547E-01  1.00000000E+00  7.05149453E-01  2.50000000E-02  0.00000000E+00  0.00000000E+00 
     877  9.12500000E+02  5.37500000E+02 -8.81591531E-03  1.00000000E+00  9.91184085E-01  2.50000000E-02  0.00000000E+00  0.00000000E+00 
     878  9.37500000E+02  5.37500000E+02 -8.78229413E-01  1.00000000E+00  1.21770587E-01  2.50000000E-02  0.00000000E+00  0.00000000E+00 
     879  9.62500000E+02  5.37500000E+02 -3.85030554E-01  1.00000000E+00  6.14969446E-01  2.50000000E-02  0.00000000E+00  0.00000000E+00 
     880  9.87500000E+02  5.37500000E+02 -8.45353893E-02  1.00000000E+00  9.15464611E-01  2.50000000E-02  0.00000000E+00  0.00000000E+00 
     881  1.25000000E+01  5.62500000E+02 -1.14584640E-01  1.00000000E+00  8.85415360E-01  2.50000000E-02  0.00000000E+00  0.00000000E+00 
     882  3.75000000E+01  5.62500000E+02  3.38627184E-01  1.00000000E+00  1.33862718E+00  2.50000000E-02  0.00000000E+00  0.00000000E+00 
     883  6.25000000E+01  5.62500000E+02  8.27180828E-01  1.00000000E+00  1.82718083E+00  2.50000000E-02  0.00000000E+00  0.00000000E+00 
     884  8.75000000E+01  5.62500000E+02  9.65357012E-01  1.00000000E+00  1.96535701E+00  2.50000000E-02  0.00000000E+00  0.00000000E+00 
     885  1.12500000E+02  5.62500000E+02 -3.42052154E-01  1.00000000E+00  6.57947846E-01  2.50000000E-02  0.00000000E+00  0.00000000E+00 
     886  1.37500000E+02  5.62500000E+02 -1.87288199E-01  1.00000000E+00  8.12711801E-01  2.50000000E-02  0.00000000E+00  0.00000000E+00 
     887  1.62500000E+02  5.62500000E+02 -2.76577068E-01  1.00000000E+00  7.23422932E-01  2.50000000E-02  0.00000000E+00  0.00000000E+00 
     888  1.87500000E+02  5.62500000E+02 -2.84951969E-01  1.00000000E+00  7.15048031E-01  2.50000000E-02  0.00000000E+00  0.00000000E+00 
     889  2.12500000E+02  5.62500000E+02  1.47953431E-01  1.00000000E+00  1.14795343E+00  2.50000000E-02  0.00000000E+00  0.00000000E+00 
     890  2.37500000E+02  5.62500000E+02  3.50708082E-01  1.00000000E+00  1.35070808E+00  2.50000000E-02  0.00000000E+00  0.00000000E+00 
     891  2.62500000E+02  5.62500000E+02 -8.82151087E-01  1.00000000E+00  1.17848913E-01  2.50000000E-02  0.00000000E+00  0.00000000E+00 
     892  2.87500000E+02  5.62500000E+02 -7.49584553E-01  1.00000000E+00  2.50415447E-01  2.50000000E-02  0.00000000E+00  0.00000000E+00 
     893  3.12500000E+02  5.62500000E+02 -3.56986072E-02  1.00000000E+00  9.64301393E-01  2.50000000E-02  0.00000000E+00  0.00000000E+00 
     894  3.37500000E+02  5.62500000E+02  9.40667345E-01  1.00000000E+00  1.94066734E+00  2.50000000E-02  0.00000000E+00  0.00000000E+00 
     895  3.62500000E+02  5.62500000E+02  7.28689455E-01  1.00000000E+00  1.72868945E+00  2.50000000E-02  0.00000000E+00  0.00000000E+00 
     896  3.87500000E+02  5.62500000E+02  1.15865431E-01  1.00000000E+00  1.11586543E+00  2.50000000E-02  0.00000000E+00  0.00000000E+00 
     897  4.12500000E+02  5.62500000E+02 -4.70598467E-01  1.00000000E+00  5.29401533E-01  2.50000000E-02  0.00000000E+00  0.00000000E+00 
     898  4.37500000E+02  5.62500000E+02  4.88022134E-01  1.00000000E+00  1.48802213E+00  2.50000000E-02  0.00000000E+00  0.00000000E+00 
     899  4.62500000E+02  5.62500000E+02 -7.43963884E-01  1.00000000E+00  2.56036116E-01  2.50000000E-02  0.00000000E+00  0.00000000E+00 
     900  4.87500000E+02  5.62500000E+02  8.86257588E-01  1.00000000E+00  1.88625759E+00  2.50000000E-02  0.00000000E+00  0.00000000E+00 
     901  5.12500000E+02  5.62500000E+02  9.75623130E-01  1.00000000E+00  1.97562313E+00  2.50000000E-02  0.00000000E+00  0.00000000E+00 
     902  5.37500000E+02  5.62500000E+02 -6.54186395E-02  1.00000000E+00  9.34581360E-01  2.50000000E-02  0.00000000E+00  0.00000000E+00 
     903  5.62500000E+02  5.62500000E+02 -7.77567727E-01  1.00000000E+00  2.22432273E-01  2.50000000E-02  0.00000000E+00  0.00000000E+00 
     904  5.87500000E+02  5.62500000E+02  9.45151334E-02  1.00000000E+00  1.09451513E+00  2.50000000E-02  0.00000000E+00  0.00000000E+00 
     905  6.12500000E+02  5.62500000E+02  9.22893731E-02  1.00000000E+00  1.09228937E+00  2.50000000E-02  0.00000000E+00  0.00000000E+00 
     906  6.37500000E+02  5.62500000E+02  8.11235559E-01  1.00000000E+00  1.81123556E+00  2.50000000E-02  0.00000000E+00  0.00000000E+00 
     907  6.62500000E+02  5.62500000E+02 -8.91170747E-02  1.00000000E+00  9.10882925E-01  2.50000000E-02  0.00000000E+00  0.00000000E+00 
     908  6.87500000E+02  5.62500000E+02 -2.66929104E-01  1.00000000E+00  7.33070896E-01  2.50000000E-02  0.00000000E+00  0.00000000E+00 
     909  7.12500000E+02  5.62500000E+02  2.93419202E-01  1.00000000E+00  1.29341920E+00  2.50000000E-02  0.00000000E+00  0.00000000E+00 
     910  7.37500000E+02  5.62500000E+02 -2.95420456E-01  1.00000000E+00  7.04579544E-01  2.50000000E-02  0.00000000E+00  0.00000000E+00 
     911  7.62500000E+02  5.62500000E+02 -8.01096706E-01  1.00000000E+00  1.98903294E-01  2.50000000E-02  0.00000000E+00  0.00000000E+00 
     912  7.87500000E+02  5.62500000E+02  8.40895920E-01  1.00000000E+00  1.84089592E+00  2.50000000E-02  0.00000000E+00  0.00000000E+00 
     913  8.12500000E+02  5.62500000E+02 -6.60223018E-01  1.00000000E+00  3.39776982E-01  2.50000000E-02  0.00000000E+00  0.00000000E+00 
     914  8.37500000E+02  5.62500000E+02  3.75355603E-01  1.00000000E+00  1.37535560E+00  2.50000000E-02  0.00000000E+00  0.00000000E+00 
     915  8.62500000E+02  5.62500000E+02 -4.03301253E-01  1.00000000E+00  5.96698747E-01  2.50000000E-02  0.00000000E+00  0.00000000E+00 
     916  8.87500000E+02  5.62500000E+02 -8.82689989E-01  1.00000000E+00  1.17310011E-01  2.50000000E-02  0.00000000E+00  0.00000000E+00 
     917  9.12500000E+02  5.62500000E+02  3.13189889E-01  1.00000000E+00  1.31318989E+00  2.50000000E-02  0.00000000E+00  0.00000000E+00 
     918  9.37500000E+02  5.62500000E+02 -1.32217871E-01  1.00000000E+00  8.67782129E-01  2.50000000E-02  0.00000000E+00  0.00000000E+00 
     919  9.62500000E+02  5.62500000E+02 -7.36039310E-01  1.00000000E+00  2.63960690E-01  2.50000000E-02  0.00000000E+00  0.00000000E+00 
     920  9.87500000E+02  5.62500000E+02 -9.14987545E-01  1.00000000E+00  8.50124549E-02  2.50000000E-02  0.00000000E+00  0.00000000E+00 
     921  1.25000000E+01  5.87500000E+02  5.48764479E-01  1.00000000E+00  1.54876448E+00  2.50000000E-02  0.00000000E+00  0.00000000E+00 
     922  3.75000000E+01  5.87500000E+02  8.40809812E-01  1.00000000E+00  1.84080981E+00  2.50000000E-02  0.00000000E+00  0.00000000E+00 
     923  6.25000000E+01  5.87500000E+02 -7.42145942E-02  1.00000000E+00  9.25785406E-01  2.50000000E-02  0.00000000E+00  0.00000000E+00 
     924  8.75000000E+01  5.87500000E+02 -2.39418201E-01  1.00000000E+00  7.60581799E-01  2.50000000E-02  0.00000000E+00  0.00000000E+00 
     925  1.12500000E+02  5.87500000E+02  5.81542128E-01  1.00000000E+00  1.58154213E+00  2.50000000E-02  0.00000000E+00  0.00000000E+00 
     926  1.37500000E+02  5.87500000E+02  8.15503331E-01  1.00000000E+00  1.81550333E+00  2.50000000E-02  0.00000000E+00  0.00000000E+00 
     927  1.62500000E+02  5.87500000E+02  2.34071098E-01  1.00000000E+00  1.23407110E+00  2.50000000E-02  0.00000000E+00  0.00000000E+00 
     928  1.87500000E+02  5.87500000E+02 -5.13579934E-01  1.00000000E+00  4.86420066E-01  2.50000000E-02  0.00000000E+00  0.00000000E+00 
     929  2.12500000E+02  5.87500000E+02  5.64850116E-01  1.00000000E+00  1.56485012E+00  2.50000000E-02  0.00000000E+00  0.00000000E+00 
     930  2.37500000E+02  5.87500000E+02  6.95866772E-01  1.00000000E+00  1.69586677E+00  2.50000000E-02  0.00000000E+00  0.00000000E+00 
     931  2.62500000E+02  5.87500000E+02  4.21055040E-01  1.00000000E+00  1.42105504E+00  2.50000000E-02  0.00000000E+00  0.00000000E+00 
     932  2.87500000E+02  5.87500000E+02  3.90903367E-01  1.00000000E+00  1.39090337E+00  2.50000000E-02  0.00000000E+00  0.00000000E+00 
     933  3.12500000E+02  5.87500000E+02  2.90985599E-01  1.00000000E+00  1.29098560E+00  2.50000000E-02  0.00000000E+00  0.00000000E+00 
     934  3.37500000E+02  5.87500000E+02  1.88690182E-01  1.00000000E+00  1.18869018E+00  2.50000000E-02  0.00000000E+00  0.00000000E+00 
     935  3.62500000E+02  5.87500000E+02  4.67830686E-01  1.00000000E+00  1.46783069E+00  2.50000000E-02  0.00000000E+00  0.00000000E+00 
     936  3.87500000E+02  5.87500000E+02 -2.62553830E-02  1.00000000E+00  9.73744617E-01  2.50000000E-02  0.00000000E+00  0.00000000E+00 
     937  4.12500000E+02  5.87500000E+02  8.77213955E-01  1.00000000E+00  1.87721395E+00  2.50000000E-02  0.00000000E+00  0.00000000E+00 
     938  4.37500000E+02  5.87500000E+02 -6.36819589E-01  1.00000000E+00  3.63180411E-01  2.50000000E-02  0.00000000E+00  0.00000000E+00 
     939  4.62500000E+02  5.87500000E+02  2.32506691E-01  1.00000000E+00  1.23250669E+00  2.50000000E-02  0.00000000E+00  0.00000000E+00 
     940  4.87500000E+02  5.87500000E+02 -2.48784872E-01  1.00000000E+00  7.51215128E-01  2.50000000E-02  0.00000000E+00  0.00000000E+00 
     941  5.12500000E+02  5.87500000E+02 -5.22370654E-01  1.00000000E+00  4.77629346E-01  2.50000000E-02  0.00000000E+00  0.00000000E+00 
     942  5.37500000E+02  5.87500000E+02 -6.24177793E-01  1.00000000E+00  3.75822207E-01  2.50000000E-02  0.00000000E+00  0.00000000E+00 
     943  5.62500000E+02  5.87500000E+02 -5.12936838E-01  1.00000000E+00  4.87063162E-01  2.50000000E-02  0.00000000E+00  0.00000000E+00 
     944  5.87500000E+02  5.87500000E+02 -3.91293652E-01  1.00000000E+00  6.08706348E-01  2.50000000E-02  0.00000000E+00  0.00000000E+00 
     945  6.12500000E+02  5.87500000E+02 -2.39706493E-01  1.00000000E+00  7.60293507E-01  2.50000000E-02  0.00000000E+00  0.00000000E+00 
     946  6.37500000E+02  5.87500000E+02 -2.70095115E-01  1.00000000E+00  7.29904885E-01  2.50000000E-02  0.00000000E+00  0.00000000E+00 
     947  6.62500000E+02  5.87500000E+02 -1.52645767E-01  1.00000000E+00  8.47354233E-01  2.50000000E-02  0.00000000E+00  0.00000000E+00 
     948  6.87500000E+02  5.87500000E+02  6.09920179E-01  1.00000000E+00  1.60992018E+00  2.50000000E-02  0.00000000E+00  0.00000000E+00 
     949  7.12500000E+02  5.87500000E+02  2.96242300E-01  1.00000000E+00  1.29624230E+00  2.50000000E-02  0.00000000E+00  0.00000000E+00 
     950  7.37500000E+02  5.87500000E+02 -7.63312843E-01  1.00000000E+00  2.36687157E-01  2.50000000E-02  0.00000000E+00  0.00000000E+00 
     951  7.62500000E+02  5.87500000E+02 -8.61664926E-01  1.00000000E+00  1.38335074E-01  2.50000000E-02  0.00000000E+00  0.00000000E+00 
     952  7.87500000E+02  5.87500000E+02  7.90965086E-01  1.00000000E+00  1.79096509E+00  2.50000000E-02  0.00000000E+00  0.00000000E+00 
     953  8.12500000E+02  5.87500000E+02  3.82152086E-01  1.00000000E+00  1.38215209E+00  2.50000000E-02  0.00000000E+00  0.00000000E+00 
     954  8.37500000E+02  5.87500000E+02 -4.09702057E-01  1.00000000E+00  5.90297943E-01  2.50000000E-02  0.00000000E+00  0.00000000E+00 
     955  8.62500000E+02  5.87500000E+02 -3.98703818E-01  1.00000000E+00  6.01296182E-01  2.50000000E-02  0.00000000E+00  0.00000000E+00 
     956  8.87500000E+02  5.87500000E+02  8.83761814E-01  1.00000000E+00  1.88376181E+00  2.50000000E-02  0.00000000E+00  0.00000000E+00 
     957  9.12500000E+02  5.87500000E+02  6.21648804E-01  1.00000000E+00  1.62164880E+00  2.50000000E-02  0.00000000E+00  0.00000000E+00 
     958  9.37500000E+02  5.87500000E+02 -6.34674977E-01  1.00000000E+00  3.65325023E-01  2.50000000E-02  0.00000000E+00  0.00000000E+00 
     959  9.62500000E+02  5.87500000E+02  6.58150002E-02  1.00000000E+00  1.06581500E+00  2.50000000E-02  0.00000000E+00  0.00000000E+00 
     960  9.87500000E+02  5.87500000E+02  6.34963127E-01  1.00000000E+00  1.63496313E+00  2.50000000E-02  0.00000000E+00  0.00000000E+00 
     961  1.25000000E+01  6.12500000E+02  3.03453320E-01  1.00000000E+00  1.30345332E+00  2.50000000E-02  0.00000000E+00  0.00000000E+00 
     962  3.75000000E+01  6.12500000E+02 -5.37321985E-02  1.00000000E+00  9.46267801E-01  2.50000000E-02  0.00000000E+00  0.00000000E+00 
     963  6.25000000E+01  6.12500000E+02 -3.05673691E-01  1.00000000E+00  6.94326309E-01  2.50000000E-02  0.00000000E+00  0.00000000E+00 
     964  8.75000000E+01  6.12500000E+02 -2.61743157E-01  1.00000000E+00  7.38256843E-01  2.50000000E-02  0.00000000E+00  0.00000000E+00 
     965  1.12500000E+02  6.12500000E+02  8.15419797E-01  1.00000000E+00  1.81541980E+00  2.50000000E-02  0.00000000E+00  0.00000000E+00 
     966  1.37500000E+02  6.12500000E+02 -7.44647963E-01  1.00000000E+00  2.55352037E-01  2.50000000E-02  0.00000000E+00  0.00000000E+00 
     967  1.62500000E+02  6.12500000E+02  5.29176109E-01  1.00000000E+00  1.52917611E+00  2.50000000E-02  0.00000000E+00  0.00000000E+00 
     968  1.87500000E+02  6.12500000E+02  1.64077824E-01  1.00000000E+00  1.16407782E+00  2.50000000E-02  0.00000000E+00  0.00000000E+00 
     969  2.12500000E+02  6.12500000E+02 -5.50158379E-01  1.00000000E+00  4.49841621E-01  2.50000000E-02  0.00000000E+00  0.00000000E+00 
     970  2.37500000E+02  6.12500000E+02 -9.02006140E-01  1.00000000E+00  9.79938597E-02  2.50000000E-02  0.00000000E+00  0.00000000E+00 
     971  2.62500000E+02  6.12500000E+02  2.99165750E-01  1.00000000E+00  1.29916575E+00  2.50000000E-02  0.00000000E+00  0.00000000E+00 
     972  2.87500000E+02  6.12500000E+02 -8.96736737E-01  1.00000000E+00  1.03263263E-01  2.50000000E-02  0.00000000E+00  0.00000000E+00 
     973  3.12500000E+02  6.12500000E+02  1.61556385E-02  1.00000000E+00  1.01615564E+00  2.50000000E-02  0.00000000E+00  0.00000000E+00 
     974  3.37500000E+02  6.12500000E+02 -2.51029848E-03  1.00000000E+00  9.97489702E-01  2.50000000E-02  0.00000000E+00  0.00000000E+00 
     975  3.62500000E+02  6.12500000E+02 -1.47085750E-01  1.00000000E+00  8.52914250E-01  2.50000000E-02  0.00000000E+00  0.00000000E+00 
     976  3.87500000E+02  6.12500000E+02 -5.05318059E-01  1.00000000E+00  4.94681941E-01  2.50000000E-02  0.00000000E+00  0.00000000E+00 
     977  4.12500000E+02  6.12500000E+02  5.62001394E-01  1.00000000E+00  1.56200139E+00  2.50000000E-02  0.00000000E+00  0.00000000E+00 
     978  4.37500000E+02  6.12500000E+02  7.35463960E-01  1.00000000E+00  1.73546396E+00  2.50000000E-02  0.00000000E+00  0.00000000E+00 
     979  4.62500000E+02  6.12500000E+02 -4.48297505E-01  1.00000000E+00  5.51702495E-01  2.50000000E-02  0.00000000E+00  0.00000000E+00 
     980  4.87500000E+02  6.12500000E+02  7.97431476E-01  1.00000000E+00  1.79743148E+00  2.50000000E-02  0.00000000E+00  0.00000000E+00 
     981  5.12500000E+02  6.12500000E+02 -6.28015485E-01  1.00000000E+00  3.71984515E-01  2.50000000E-02  0.00000000E+00  0.00000000E+00 
     982  5.37500000E+02  6.12500000E+02  8.77500396E-01  1.00000000E+00  1.87750040E+00  2.50000000E-02  0.00000000E+00  0.00000000E+00 
     983  5.62500000E+02  6.12500000E+02 -2.13074037E-01  1.00000000E+00  7.86925963E-01  2.50000000E-02  0.00000000E+00  0.00000000E+00 
     984  5.87500000E+02  6.12500000E+02  6.01599391E-01  1.00000000E+00  1.60159939E+00  2.50000000E-02  0.00000000E+00  0.00000000E+00 
     985  6.12500000E+02  6.12500000E+02  7.52456020E-01  1.00000000E+00  1.75245602E+00  2.50000000E-02  0.00000000E+00  0.00000000E+00 
     986  6.37500000E+02  6.12500000E+02 -6.78948890E-01  1.00000000E+00  3.21051110E-01  2.50000000E-02  0.00000000E+00  0.00000000E+00 
     987  6.62500000E+02  6.12500000E+02 -3.99877109E-01  1.00000000E+00  6.00122891E-01  2.50000000E-02  0.00000000E+00  0.00000000E+00 
     988  6.87500000E+02  6.12500000E+02  4.94103848E-01  1.00000000E+00  1.49410385E+00  2.50000000E-02  0.00000000E+00  0.00000000E+00 
     989  7.12500000E+02  6.12500000E+02 -8.35357542E-01  1.00000000E+00  1.64642458E-01  2.50000000E-02  0.00000000E+00  0.00000000E+00 
     990  7.37500000E+02  6.12500000E+02 -1.75286905E-01  1.00000000E+00  8.24713095E-01  2.50000000E-02  0.00000000E+00  0.00000000E+00 
     991  7.62500000E+02  6.12500000E+02  8.28031203E-01  1.00000000E+00  1.82803120E+00  2.50000000E-02  0.00000000E+00  0.00000000E+00 
     992  7.87500000E+02  6.12500000E+02  5.71861485E-01  1.00000000E+00  1.57186149E+00  2.50000000E-02  0.00000000E+00  0.00000000E+00 
     993  8.12500000E+02  6.12500000E+02 -4.06956404E-01  1.00000000E+00  5.93043596E-01  2.50000000E-02  0.00000000E+00  0.00000000E+00 
     994  8.37500000E+02  6.12500000E+02 -9.24495417E-01  1.00000000E+00  7.55045825E-02  2.50000000E-02  0.00000000E+00  0.00000000E+00 
     995  8.62500000E+02  6.12500000E+02  6.60746527E-01  1.00000000E+00  1.66074653E+00  2.50000000E-02  0.00000000E+00  0.00000000E+00 
     996  8.87500000E+02  6.12500000E+02  9.95587154E-01  1.00000000E+00  1.99558715E+00  2.50000000E-02  0.00000000E+00  0.00000000E+00 
     997  9.12500000E+02  6.12500000E+02 -7.59677557E-01  1.00000000E+00  2.40322443E-01  2.50000000E-02  0.00000000E+00  0.00000000E+00 
     998  9.37500000E+02  6.12500000E+02 -4.27104154E-01  1.00000000E+00  5.72895846E-01  2.50000000E-02  0.00000000E+00  0.00000000E+00 
     999  9.62500000E+02  6.12500000E+02  4.11357170E-01  1.00000000E+00  1.41135717E+00  2.50000000E-02  0.00000000E+00  0.00000000E+00 
    1000  9.87500000E+02  6.12500000E+02 -6.48242668E-01  1.00000000E+00  3.51757332E-01  2.50000000E-02  0.00000000E+00  0.00000000E+00 
    1001  1.25000000E+01  6.37500000E+02 -9.40392861E-01  1.00000000E+00  5.96071385E-02  2.50000000E-02  0.00000000E+00  0.00000000E+00 
    1002  3.75000000E+01  6.37500000E+02  2.92199058E-01  1.00000000E+00  1.29219906E+00  2.50000000E-02  0.00000000E+00  0.00000000E+00 
    1003  6.25000000E+01  6.37500000E+02  4.03752741E-01  1.00000000E+00  1.40375274E+00  2.50000000E-02  0.00000000E+00  0.00000000E+00 
    1004  8.75000000E+01  6.37500000E+02 -9.40355357E-01  1.00000000E+00  5.96446434E-02  2.50000000E-02  0.00000000E+00  0.00000000E+00 
    1005  1.12500000E+02  6.37500000E+02 -6.69036089E-01  1.00000000E+00  3.30963911E-01  2.50000000E-02  0.00000000E+00  0.00000000E+00 
    1006  1.37500000E+02  6.37500000E+02 -6.30592728E-01  1.00000000E+00  3.69407272E-01  2.50000000E-02  0.00000000E+00  0.00000000E+00 
    1007  1.62500000E+02  6.37500000E+02 -5.73665813E-01  1.00000000E+00  4.26334187E-01  2.50000000E-02  0.00000000E+00  0.00000000E+00 
    1008  1.87500000E+02  6.37500000E+02  9.74206108E-01  1.00000000E+00  1.97420611E+00  2.50000000E-02  0.00000000E+00  0.00000000E+00 
    1009  2.12500000E+02  6.37500000E+02  5.58623786E-01  1.00000000E+00  1.55862379E+00  2.50000000E-02  0.00000000E+00  0.00000000E+00 
    1010  2.37500000E+02  6.37500000E+02  1.43151761E-01  1.00000000E+00  1.14315176E+00  2.50000000E-02  0.00000000E+00  0.00000000E+00 
    1011  2.62500000E+02  6.37500000E+02 -2.12071154E-01  1.00000000E+00  7.87928846E-01  2.50000000E-02  0.00000000E+00  0.00000000E+00 
    1012  2.87500000E+02  6.37500000E+02 -4.21580013E-01  1.00000000E+00  5.78419987E-01  2.50000000E-02  0.00000000E+00  0.00000000E+00 
    1013  3.12500000E+02  6.37500000E+02 -2.69652413E-01  1.00000000E+00  7.30347587E-01  2.50000000E-02  0.00000000E+00  0.00000000E+00 
    1014  3.37500000E+02  6.37500000E+02  9.34500156E-01  1.00000000E+00  1.93450016E+00  2.50000000E-02  0.00000000E+00  0.00000000E+00 
    1015  3.62500000E+02  6.37500000E+02 -8.15144883E-01  1.00000000E+00  1.84855117E-01  2.50000000E-02  0.00000000E+00  0.00000000E+00 
    1016  3.87500000E+02  6.37500000E+02 -4.06610623E-01  1.00000000E+00  5.93389377E-01  2.50000000E-02  0.00000000E+00  0.00000000E+00 
    1017  4.12500000E+02  6.37500000E+02  3.49140391E-01  1.00000000E+00  1.34914039E+00  2.50000000E-02  0.00000000E+00  0.00000000E+00 
    1018  4.37500000E+02  6.37500000E+02 -2.34497289E-01  1.00000000E+00  7.65502711E-01  2.50000000E-02  0.00000000E+00  0.00000000E+00 
    1019  4.62500000E+02  6.37500000E+02 -6.23537321E-01  1.00000000E+00  3.76462679E-01  2.50000000E-02  0.00000000E+00  0.00000000E+00 
    1020  4.87500000E+02  6.37500000E+02  6.91516761E-01  1.00000000E+00  1.69151676E+00  2.50000000E-02  0.00000000E+00  0.00000000E+00 
    1021  5.12500000E+02  6.37500000E+02 -6.90845646E-01  1.00000000E+00  3.09154354E-01  2.50000000E-02  0.00000000E+00  0.00000000E+00 
    1022  5.37500000E+02  6.37500000E+02 -6.34222063E-01  1.00000000E+00  3.65777937E-01  2.50000000E-02  0.00000000E+00  0.00000000E+00 
    1023  5.62500000E+02  6.37500000E+02  4.58383699E-01  1.00000000E+00  1.45838370E+00  2.50000000E-02  0.00000000E+00  0.00000000E+00 
    1024  5.87500000E+02  6.37500000E+02 -3.65768581E-01  1.00000000E+00  6.34231419E-01  2.50000000E-02  0.00000000E+00  0.00000000E+00 
    1025  6.12500000E+02  6.37500000E+02 -6.90980806E-01  1.00000000E+00  3.09019194E-01  2.50000000E-02  0.00000000E+00  0.00000000E+00 
    1026  6.37500000E+02  6.37500000E+02 -6.60668753E-01  1.00000000E+00  3.39331247E-01  2.50000000E-02  0.00000000E+00  0.00000000E+00 
    1027  6.62500000E+02  6.37500000E+02  9.10784558E-01  1.00000000E+00  1.91078456E+00  2.50000000E-02  0.00000000E+00  0.00000000E+00 
    1028  6.87500000E+02  6.37500000E+02 -3.34732112E-01  1.00000000E+00  6.65267888E-01  2.50000000E-02  0.00000000E+00  0.00000000E+00 
    1029  7.12500000E+02  6.37500000E+02  2.61776502E-01  1.00000000E+00  1.26177650E+00  2.50000000E-02  0.00000000E+00  0.00000000E+00 
    1030  7.37500000E+02  6.37500000E+02 -2.93455060E-01  1.00000000E+00  7.06544940E-01  2.50000000E-02  0.00000000E+00  0.00000000E+00 
    1031  7.62500000E+02  6.37500000E+02  3.10672546E-01  1.00000000E+00  1.31067255E+00  2.50000000E-02  0.00000000E+00  0.00000000E+00 
    1032  7.87500000E+02  6.37500000E+02  2.80939941E-01  1.00000000E+00  1.28093994E+00  2.50000000E-02  0.00000000E+00  0.00000000E+00 
    1033  8.12500000E+02  6.37500000E+02  3.32255791E-01  1.00000000E+00  1.33225579E+00  2.50000000E-02  0.00000000E+00  0.00000000E+00 
    1034  8.37500000E+02  6.37500000E+02  6.39458614E-01  1.00000000E+00  1.63945861E+00  2.50000000E-02  0.00000000E+00  0.00000000E+00 
    1035  8.62500000E+02  6.37500000E+02  6.53592954E-01  1.00000000E+00  1.65359295E+00  2.50000000E-02  0.00000000E+00  0.00000000E+00 
    1036  8.87500000E+02  6.37500000E+02 -7.00726285E-01  1.00000000E+00  2.99273715E-01  2.50000000E-02  0.00000000E+00  0.00000000E+00 
    1037  9.12500000E+02  6.37500000E+02 -4.87372950E-01  1.00000000E+00  5.12627050E-01  2.50000000E-02  0.00000000E+00  0.00000000E+00 
    1038  9.37500000E+02  6.37500000E+02 -5.92334440E-02  1.00000000E+00  9.40766556E-01  2.50000000E-02  0.00000000E+00  0.00000000E+00 
    1039  9.62500000E+02  6.37500000E+02 -7.99537434E-01  1.00000000E+00  2.00462566E-01  2.50000000E-02  0.00000000E+00  0.00000000E+00 
    1040  9.87500000E+02  6.37500000E+02 -5.07206554E-02  1.00000000E+00  9.49279345E-01  2.50000000E-02  0.00000000E+00  0.00000000E+00 
    1041  1.25000000E+01  6.62500000E+02  7.21507143E-01  1.00000000E+00  1.72150714E+00  2.50000000E-02  0.00000000E+00  0.00000000E+00 
    1042  3.75000000E+01  6.62500000E+02  5.28989000E-01  1.00000000E+00  1.52898900E+00  2.50000000E-02  0.00000000E+00  0.00000000E+00 
    1043  6.25000000E+01  6.62500000E+02  6.53154362E-01  1.00000000E+00  1.65315436E+00  2.50000000E-02  0.00000000E+00  0.00000000E+00 
    1044  8.75000000E+01  6.62500000E+02  1.68424251E-01  1.00000000E+00  1.16842425E+00  2.50000000E-02  0.00000000E+00  0.00000000E+00 
    1045  1.12500000E+02  6.62500000E+02  1.44999953E-01  1.00000000E+00  1.14499995E+00  2.50000000E-02  0.00000000E+00  0.00000000E+00 
    1046  1.37500000E+02  6.62500000E+02 -5.02182718E-01  1.00000000E+00  4.97817282E-01  2.50000000E-02  0.00000000E+00  0.00000000E+00 
    1047  1.62500000E+02  6.62500000E+02 -5.26667734E-01  1.00000000E+00  4.73332266E-01  2.50000000E-02  0.00000000E+00  0.00000000E+00 
    1048  1.87500000E+02  6.62500000E+02  9.41039388E-01  1.00000000E+00  1.94103939E+00  2.50000000E-02  0.00000000E+00  0.00000000E+00 
    1049  2.12500000E+02  6.62500000E+02  1.10856106E-01  1.00000000E+00  1.11085611E+00  2.50000000E-02  0.00000000E+00  0.00000000E+00 
    1050  2.37500000E+02  6.62500000E+02  3.92237814E-01  1.00000000E+00  1.39223781E+00  2.50000000E-02  0.00000000E+00  0.00000000E+00 
    1051  2.62500000E+02  6.62500000E+02 -2.56877494E-01  1.00000000E+00  7.43122506E-01  2.50000000E-02  0.00000000E+00  0.00000000E+00 
    1052  2.87500000E+02  6.62500000E+02 -8.93025048E-01  1.00000000E+00  1.06974952E-01  2.50000000E-02  0.00000000E+00  0.00000000E+00 
    1053  3.12500000E+02  6.62500000E+02  7.04383125E-01  1.00000000E+00  1.70438313E+00  2.50000000E-02  0.00000000E+00  0.00000000E+00 
    1054  3.37500000E+02  6.62500000E+02 -6.20474723E-01  1.00000000E+00  3.79525277E-01  2.50000000E-02  0.00000000E+00  0.00000000E+00 
    1055  3.62500000E+02  6.62500000E+02  2.15328870E-01  1.00000000E+00  1.21532887E+00  2.50000000E-02  0.00000000E+00  0.00000000E+00 
    1056  3.87500000E+02  6.62500000E+02  1.03280951E-01  1.00000000E+00  1.10328095E+00  2.50000000E-02  0.00000000E+00  0.00000000E+00 
    1057  4.12500000E+02  6.62500000E+02 -9.20204754E-01  1.00000000E+00  7.97952460E-02  2.50000000E-02  0.00000000E+00  0.00000000E+00 
    1058  4.37500000E+02  6.62500000E+02  8.34153607E-01  1.00000000E+00  1.83415361E+00  2.50000000E-02  0.00000000E+00  0.00000000E+00 
    1059  4.62500000E+02  6.62500000E+02 -6.17011257E-01  1.00000000E+00  3.82988743E-01  2.50000000E-02  0.00000000E+00  0.00000000E+00 
    1060  4.87500000E+02  6.62500000E+02 -1.11500883E-01  1.00000000E+00  8.88499117E-01  2.50000000E-02  0.00000000E+00  0.00000000E+00 
    1061  5.12500000E+02  6.62500000E+02 -4.38547116E-01  1.00000000E+00  5.61452884E-01  2.50000000E-02  0.00000000E+00  0.00000000E+00 
    1062  5.37500000E+02  6.62500000E+02  1.24881031E-01  1.00000000E+00  1.12488103E+00  2.50000000E-02  0.00000000E+00  0.00000000E+00 
    1063  5.62500000E+02  6.62500000E+02  8.88143054E-01  1.00000000E+00  1.88814305E+00  2.50000000E-02  0.00000000E+00  0.00000000E+00 
    1064  5.87500000E+02  6.62500000E+02  7.56693025E-01  1.00000000E+00  1.75669302E+00  2.50000000E-02  0.00000000E+00  0.00000000E+00 
    1065  6.12500000E+02  6.62500000E+02 -5.59181623E-01  1.00000000E+00  4.40818377E-01  2.50000000E-02  0.00000000E+00  0.00000000E+00 
    1066  6.37500000E+02  6.62500000E+02 -2.36502072E-01  1.00000000E+00  7.63497928E-01  2.50000000E-02  0.00000000E+00  0.00000000E+00 
    1067  6.62500000E+02  6.62500000E+02  7.69975015E-01  1.00000000E+00  1.76997501E+00  2.50000000E-02  0.00000000E+00  0.00000000E+00 
    1068  6.87500000E+02  6.62500000E+02 -2.62419045E-01  1.00000000E+00  7.37580955E-01  2.50000000E-02  0.00000000E+00  0.00000000E+00 
    1069  7.12500000E+02  6.62500000E+02 -7.47798696E-01  1.00000000E+00  2.52201304E-01  2.50000000E-02  0.00000000E+00  0.00000000E+00 
    1070  7.37500000E+02  6.62500000E+02  7.17758291E-01  1.00000000E+00  1.71775829E+00  2.50000000E-02  0.00000000E+00  0.00000000E+00 
    1071  7.62500000E+02  6.62500000E+02 -2.70231324E-01  1.00000000E+00  7.29768676E-01  2.50000000E-02  0.00000000E+00  0.00000000E+00 
    1072  7.87500000E+02  6.62500000E+02 -6.08207114E-01  1.00000000E+00  3.91792886E-01  2.50000000E-02  0.00000000E+00  0.00000000E+00 
    1073  8.12500000E+02  6.62500000E+02  6.27633483E-01  1.00000000E+00  1.62763348E+00  2.50000000E-02  0.00000000E+00  0.00000000E+00 
    1074  8.37500000E+02  6.62500000E+02  3.77482458E-01  1.00000000E+00  1.37748246E+00  2.50000000E-02  0.00000000E+00  0.00000000E+00 
    1075  8.62500000E+02  6.62500000E+02 -7.49113139E-01  1.00000000E+00  2.50886861E-01  2.50000000E-02  0.00000000E+00  0.00000000E+00 
    1076  8.87500000E+02  6.62500000E+02 -4.20707946E-01  1.00000000E+00  5.79292054E-01  2.50000000E-02  0.00000000E+00  0.00000000E+00 
    1077  9.12500000E+02  6.62500000E+02 -5.96752387E-01  1.00000000E+00  4.03247613E-01  2.50000000E-02  0.00000000E+00  0.00000000E+00 
    1078  9.37500000E+02  6.62500000E+02 -6.47407324E-01  1.00000000E+00  3.52592676E-01  2.50000000E-02  0.00000000E+00  0.00000000E+00 
    1079  9.62500000E+02  6.62500000E+02  1.30377829E-01  1.00000000E+00  1.13037783E+00  2.50000000E-02  0.00000000E+00  0.00000000E+00 
    1080  9.87500000E+02  6.62500000E+02 -1.42309912E-01  1.00000000E+00  8.57690088E-01  2.50000000E-02  0.00000000E+00  0.00000000E+00 
    1081  1.25000000E+01  6.87500000E+02 -3.07977107E-01  1.00000000E+00  6.92022893E-01  2.50000000E-02  0.00000000E+00  0.00000000E+00 
    1082  3.75000000E+01  6.87500000E+02 -5.64544706E-02  1.00000000E+00  9.43545529E-01  2.50000000E-02  0.00000000E+00  0.00000000E+00 
    1083  6.25000000E+01  6.87500000E+02  5.18945662E-01  1.00000000E+00  1.51894566E+00  2.50000000E-02  0.00000000E+00  0.00000000E+00 
    1084  8.75000000E+01  6.87500000E+02 -6.36454859E-01  1.00000000E+00  3.63545141E-01  2.50000000E-02  0.00000000E+00  0.00000000E+00 
    1085  1.12500000E+02  6.87500000E+02 -6.85283209E-01  1.00000000E+00  3.14716791E-01  2.50000000E-02  0.00000000E+00  0.00000000E+00 
    1086  1.37500000E+02  6.87500000E+02 -9.97720077E-01  1.00000000E+00  2.27992344E-03  2.50000000E-02  0.00000000E+00  0.00000000E+00 
    1087  1.62500000E+02  6.87500000E+02 -3.34496651E-01  1.00000000E+00  6.65503349E-01  2.50000000E-02  0.00000000E+00  0.00000000E+00 
    1088  1.87500000E+02  6.87500000E+02 -1.78130384E-01  1.00000000E+00  8.21869616E-01  2.50000000E-02  0.00000000E+00  0.00000000E+00 
    1089  2.12500000E+02  6.87500000E+02 -9.12266154E-01  1.00000000E+00  8.77338458E-02  2.50000000E-02  0.00000000E+00  0.00000000E+00 
    1090  2.37500000E+02  6.87500000E+02 -5.41857218E-01  1.00000000E+00  4.58142782E-01  2.50000000E-02  0.00000000E+00  0.00000000E+00 
    1091  2.62500000E+02  6.87500000E+02 -3.64935538E-01  1.00000000E+00  6.35064462E-01  2.50000000E-02  0.00000000E+00  0.00000000E+00 
    1092  2.87500000E+02  6.87500000E+02  1.14057330E-01  1.00000000E+00  1.11405733E+00  2.50000000E-02  0.00000000E+00  0.00000000E+00 
    1093  3.12500000E+02  6.87500000E+02  5.99342883E-02  1.00000000E+00  1.05993429E+00  2.50000000E-02  0.00000000E+00  0.00000000E+00 
    1094  3.37500000E+02  6.87500000E+02 -6.29059867E-01  1.00000000E+00  3.70940133E-01  2.50000000E-02  0.00000000E+00  0.00000000E+00 
    1095  3.62500000E+02  6.87500000E+02 -5.54513131E-01  1.00000000E+00  4.45486869E-01  2.50000000E-02  0.00000000E+00  0.00000000E+00 
    1096  3.87500000E+02  6.87500000E+02 -2.96395410E-01  1.00000000E+00  7.03604590E-01  2.50000000E-02  0.00000000E+00  0.00000000E+00 
    1097  4.12500000E+02  6.87500000E+02 -1.48470216E-01  1.00000000E+00  8.51529784E-01  2.50000000E-02  0.00000000E+00  0.00000000E+00 
    1098  4.37500000E+02  6.87500000E+02  7.59800929E-03  1.00000000E+00  1.00759801E+00  2.50000000E-02  0.00000000E+00  0.00000000E+00 
    1099  4.62500000E+02  6.87500000E+02 -6.08590634E-01  1.00000000E+00  3.91409366E-01  2.50000000E-02  0.00000000E+00  0.00000000E+00 
    1100  4.87500000E+02  6.87500000E+02 -3.69620645E-01  1.00000000E+00  6.30379355E-01  2.50000000E-02  0.00000000E+00  0.00000000E+00 
    1101  5.12500000E+02  6.87500000E+02  3.46211414E-01  1.00000000E+00  1.34621141E+00  2.50000000E-02  0.00000000E+00  0.00000000E+00 
    1102  5.37500000E+02  6.87500000E+02 -2.26452086E-01  1.00000000E+00  7.73547914E-01  2.50000000E-02  0.00000000E+00  0.00000000E+00 
    1103  5.62500000E+02  6.87500000E+02 -5.15429995E-02  1.00000000E+00  9.48457000E-01  2.50000000E-02  0.00000000E+00  0.00000000E+00 
    1104  5.87500000E+02  6.87500000E+02  2.08717471E-01  1.00000000E+00  1.20871747E+00  2.50000000E-02  0.00000000E+00  0.00000000E+00 
    1105  6.12500000E+02  6.87500000E+02 -4.30792963E-01  1.00000000E+00  5.69207037E-01  2.50000000E-02  0.00000000E+00  0.00000000E+00 
    1106  6.37500000E+02  6.87500000E+02  4.02911505E-01  1.00000000E+00  1.40291151E+00  2.50000000E-02  0.00000000E+00  0.00000000E+00 
    1107  6.62500000E+02  6.87500000E+02  1.26154343E-01  1.00000000E+00  1.12615434E+00  2.50000000E-02  0.00000000E+00  0.00000000E+00 
    1108  6.87500000E+02  6.87500000E+02 -1.71976768E-01  1.00000000E+00  8.28023232E-01  2.50000000E-02  0.00000000E+00  0.00000000E+00 
    1109  7.12500000E+02  6.87500000E+02  5.64254654E-01  1.00000000E+00  1.56425465E+00  2.50000000E-02  0.00000000E+00  0.00000000E+00 
    1110  7.37500000E+02  6.87500000E+02 -1.49038884E-01  1.00000000E+00  8.50961116E-01  2.50000000E-02  0.00000000E+00  0.00000000E+00 
    1111  7.62500000E+02  6.87500000E+02 -3.60254336E-01  1.00000000E+00  6.39745664E-01  2.50000000E-02  0.00000000E+00  0.00000000E+00 
    1112  7.87500000E+02  6.87500000E+02 -7.85771987E-01  1.00000000E+00  2.14228013E-01  2.50000000E-02  0.00000000E+00  0.00000000E+00 
    1113  8.12500000E+02  6.87500000E+02  4.57362621E-01  1.00000000E+00  1.45736262E+00  2.50000000E-02  0.00000000E+00  0.00000000E+00 
    1114  8.37500000E+02  6.87500000E+02  6.66470773E-01  1.00000000E+00  1.66647077E+00  2.50000000E-02  0.00000000E+00  0.00000000E+00 
    1115  8.62500000E+02  6.87500000E+02 -7.72833755E-01  1.00000000E+00  2.27166245E-01  2.50000000E-02  0.00000000E+00  0.00000000E+00 
    1116  8.87500000E+02  6.87500000E+02  2.32845507E-01  1.00000000E+00  1.23284551E+00  2.50000000E-02  0.00000000E+00  0.00000000E+00 
    1117  9.12500000E+02  6.87500000E+02  2.12036995E-01  1.00000000E+00  1.21203700E+00  2.50000000E-02  0.00000000E+00  0.00000000E+00 
    1118  9.37500000E+02  6.87500000E+02  7.93162657E-01  1.00000000E+00  1.79316266E+00  2.50000000E-02  0.00000000E+00  0.00000000E+00 
    1119  9.62500000E+02  6.87500000E+02  7.35826877E-01  1.00000000E+00  1.73582688E+00  2.50000000E-02  0.00000000E+00  0.00000000E+00 
    1120  9.87500000E+02  6.87500000E+02 -1.15334343E-01  1.00000000E+00  8.84665657E-01  2.50000000E-02  0.00000000E+00  0.00000000E+00 
    1121  1.25000000E+01  7.12500000E+02  2.12525782E-01  1.00000000E+00  1.21252578E+00  2.50000000E-02  0.00000000E+00  0.00000000E+00 
    1122  3.75000000E+01  7.12500000E+02 -1.04713308E-02  1.00000000E+00  9.89528669E-01  2.50000000E-02  0.00000000E+00  0.00000000E+00 
    1123  6.25000000E+01  7.12500000E+02  9.76343073E-01  1.00000000E+00  1.97634307E+00  2.50000000E-02  0.00000000E+00  0.00000000E+00 
    1124  8.75000000E+01  7.12500000E+02  5.34586808E-02  1.00000000E+00  1.05345868E+00  2.50000000E-02  0.00000000E+00  0.00000000E+00 
    1125  1.12500000E+02  7.12500000E+02 -8.52450590E-01  1.00000000E+00  1.47549410E-01  2.50000000E-02  0.00000000E+00  0.00000000E+00 
    1126  1.37500000E+02  7.12500000E+02 -9.64945501E-03  1.00000000E+00  9.90350545E-01  2.50000000E-02  0.00000000E+00  0.00000000E+00 
    1127  1.62500000E+02  7.12500000E+02  7.74196494E-01  1.00000000E+00  1.77419649E+00  2.50000000E-02  0.00000000E+00  0.00000000E+00 
    1128  1.87500000E+02  7.12500000E+02  2.29713840E-01  1.00000000E+00  1.22971384E+00  2.50000000E-02  0.00000000E+00  0.00000000E+00 
    1129  2.12500000E+02  7.12500000E+02 -2.32188020E-01  1.00000000E+00  7.67811980E-01  2.50000000E-02  0.00000000E+00  0.00000000E+00 
    1130  2.37500000E+02  7.12500000E+02 -9.98114426E-01  1.00000000E+00  1.88557417E-03  2.50000000E-02  0.00000000E+00  0.00000000E+00 
    1131  2.62500000E+02  7.12500000E+02 -9.56243896E-01  1.00000000E+00  4.37561040E-02  2.50000000E-02  0.00000000E+00  0.00000000E+00 
    1132  2.87500000E+02  7.12500000E+02 -2.02079740E-01  1.00000000E+00  7.97920260E-01  2.50000000E-02  0.00000000E+00  0.00000000E+00 
    1133  3.12500000E+02  7.12500000E+02  6.56841777E-01  1.00000000E+00  1.65684178E+00  2.50000000E-02  0.00000000E+00  0.00000000E+00 
    1134  3.37500000E+02  7.12500000E+02 -4.28067939E-01  1.00000000E+00  5.71932061E-01  2.50000000E-02  0.00000000E+00  0.00000000E+00 
    1135  3.62500000E+02  7.12500000E+02 -5.78451388E-01  1.00000000E+00  4.21548612E-01  2.50000000E-02  0.00000000E+00  0.00000000E+00 
    1136  3.87500000E+02  7.12500000E+02  6.96919818E-01  1.00000000E+00  1.69691982E+00  2.50000000E-02  0.00000000E+00  0.00000000E+00 
    1137  4.12500000E+02  7.12500000E+02  6.88016199E-01  1.00000000E+00  1.68801620E+00  2.50000000E-02  0.00000000E+00  0.00000000E+00 
    1138  4.37500000E+02  7.12500000E+02  4.50937987E-01  1.00000000E+00  1.45093799E+00  2.50000000E-02  0.00000000E+00  0.00000000E+00 
    1139  4.62500000E+02  7.12500000E+02 -8.72638106E-01  1.00000000E+00  1.27361894E-01  2.50000000E-02  0.00000000E+00  0.00000000E+00 
    1140  4.87500000E+02  7.12500000E+02 -4.72261166E-01  1.00000000E+00  5.27738834E-01  2.50000000E-02  0.00000000E+00  0.00000000E+00 
    1141  5.12500000E+02  7.12500000E+02  7.11608422E-01  1.00000000E+00  1.71160842E+00  2.50000000E-02  0.00000000E+00  0.00000000E+00 
    1142  5.37500000E+02  7.12500000E+02  1.36578061E-01  1.00000000E+00  1.13657806E+00  2.50000000E-02  0.00000000E+00  0.00000000E+00 
    1143  5.62500000E+02  7.12500000E+02 -3.27990276E-01  1.00000000E+00  6.72009724E-01  2.50000000E-02  0.00000000E+00  0.00000000E+00 
    1144  5.87500000E+02  7.12500000E+02 -1.35230552E-01  1.00000000E+00  8.64769448E-01  2.50000000E-02  0.00000000E+00  0.00000000E+00 
    1145  6.12500000E+02  7.12500000E+02  4.61645272E-01  1.00000000E+00  1.46164527E+00  2.50000000E-02  0.00000000E+00  0.00000000E+00 
    1146  6.37500000E+02  7.12500000E+02 -7.21591945E-01  1.00000000E+00  2.78408055E-01  2.50000000E-02  0.00000000E+00  0.00000000E+00 
    1147  6.62500000E+02  7.12500000E+02 -6.19559136E-01  1.00000000E+00  3.80440864E-01  2.50000000E-02  0.00000000E+00  0.00000000E+00 
    1148  6.87500000E+02  7.12500000E+02 -9.67050839E-01  1.00000000E+00  3.29491612E-02  2.50000000E-02  0.00000000E+00  0.00000000E+00 
    1149  7.12500000E+02  7.12500000E+02  7.15133262E-01  1.00000000E+00  1.71513326E+00  2.50000000E-02  0.00000000E+00  0.00000000E+00 
    1150  7.37500000E+02  7.12500000E+02  2.54938944E-01  1.00000000E+00  1.25493894E+00  2.50000000E-02  0.00000000E+00  0.00000000E+00 
    1151  7.62500000E+02  7.12500000E+02 -4.88733671E-01  1.00000000E+00  5.11266329E-01  2.50000000E-02  0.00000000E+00  0.00000000E+00 
    1152  7.87500000E+02  7.12500000E+02  5.88489260E-01  1.00000000E+00  1.58848926E+00  2.50000000E-02  0.00000000E+00  0.00000000E+00 
    1153  8.12500000E+02  7.12500000E+02  1.42788505E-01  1.00000000E+00  1.14278851E+00  2.50000000E-02  0.00000000E+00  0.00000000E+00 
    1154  8.37500000E+02  7.12500000E+02  9.09849421E-01  1.00000000E+00  1.90984942E+00  2.50000000E-02  0.00000000E+00  0.00000000E+00 
    1155  8.62500000E+02  7.12500000E+02  9.96609287E-01  1.00000000E+00  1.99660929E+00  2.50000000E-02  0.00000000E+00  0.00000000E+00 
    1156  8.87500000E+02  7.12500000E+02 -7.20531090E-01  1.00000000E+00  2.79468910E-01  2.50000000E-02  0.00000000E+00  0.00000000E+00 
    1157  9.12500000E+02  7.12500000E+02  1.83987736E-01  1.00000000E+00  1.18398774E+00  2.50000000E-02  0.00000000E+00  0.00000000E+00 
    1158  9.37500000E+02  7.12500000E+02 -3.67840359E-01  1.00000000E+00  6.32159641E-01  2.50000000E-02  0.00000000E+00  0.00000000E+00 
    1159  9.62500000E+02  7.12500000E+02  5.24402463E-01  1.00000000E+00  1.52440246E+00  2.50000000E-02  0.00000000E+00  0.00000000E+00 
    1160  9.87500000E+02  7.12500000E+02  8.48327636E-01  1.00000000E+00  1.84832764E+00  2.50000000E-02  0.00000000E+00  0.00000000E+00 
    1161  1.25000000E+01  7.37500000E+02 -7.88650651E-01  1.00000000E+00  2.11349349E-01  2.50000000E-02  0.00000000E+00  0.00000000E+00 
    1162  3.75000000E+01  7.37500000E+02 -4.78120813E-01  1.00000000E+00  5.21879187E-01  2.50000000E-02  0.00000000E+00  0.00000000E+00 
    1163  6.25000000E+01  7.37500000E+02 -6.38564569E-01  1.00000000E+00  3.61435431E-01  2.50000000E-02  0.00000000E+00  0.00000000E+00 
    1164  8.75000000E+01  7.37500000E+02 -7.36592694E-01  1.00000000E+00  2.63407306E-01  2.50000000E-02  0.00000000E+00  0.00000000E+00 
    1165  1.12500000E+02  7.37500000E+02 -2.36763111E-02  1.00000000E+00  9.76323689E-01  2.50000000E-02  0.00000000E+00  0.00000000E+00 
    1166  1.37500000E+02  7.37500000E+02  7.75144578E-01  1.00000000E+00  1.77514458E+00  2.50000000E-02  0.00000000E+00  0.00000000E+00 
    1167  1.62500000E+02  7.37500000E+02  2.58238609E-01  1.00000000E+00  1.25823861E+00  2.50000000E-02  0.00000000E+00  0.00000000E+00 
    1168  1.87500000E+02  7.37500000E+02  4.67752723E-01  1.00000000E+00  1.46775272E+00  2.50000000E-02  0.00000000E+00  0.00000000E+00 
    1169  2.12500000E+02  7.37500000E+02 -2.07987256E-01  1.00000000E+00  7.92012744E-01  2.50000000E-02  0.00000000E+00  0.00000000E+00 
    1170  2.37500000E+02  7.37500000E+02  1.81088697E-02  1.00000000E+00  1.01810887E+00  2.50000000E-02  0.00000000E+00  0.00000000E+00 
    1171  2.62500000E+02  7.37500000E+02  2.37743781E-01  1.00000000E+00  1.23774378E+00  2.50000000E-02  0.00000000E+00  0.00000000E+00 
    1172  2.87500000E+02  7.37500000E+02  7.38630632E-02  1.00000000E+00  1.07386306E+00  2.50000000E-02  0.00000000E+00  0.00000000E+00 
    1173  3.12500000E+02  7.37500000E+02 -6.92625819E-01  1.00000000E+00  3.07374181E-01  2.50000000E-02  0.00000000E+00  0.00000000E+00 
    1174  3.37500000E+02  7.37500000E+02  9.10884101E-01  1.00000000E+00  1.91088410E+00  2.50000000E-02  0.00000000E+00  0.00000000E+00 
    1175  3.62500000E+02  7.37500000E+02 -8.89535876E-02  1.00000000E+00  9.11046412E-01  2.50000000E-02  0.00000000E+00  0.00000000E+00 
    1176  3.87500000E+02  7.37500000E+02  1.79161911E-01  1.00000000E+00  1.17916191E+00  2.50000000E-02  0.00000000E+00  0.00000000E+00 
    1177  4.12500000E+02  7.37500000E+02 -5.20105070E-01  1.00000000E+00  4.79894930E-01  2.50000000E-02  0.00000000E+00  0.00000000E+00 
    1178  4.37500000E+02  7.37500000E+02  1.44048664E-01  1.00000000E+00  1.14404866E+00  2.50000000E-02  0.00000000E+00  0.00000000E+00 
    1179  4.62500000E+02  7.37500000E+02 -2.93262894E-01  1.00000000E+00  7.06737106E-01  2.50000000E-02  0.00000000E+00  0.00000000E+00 
    1180  4.87500000E+02  7.37500000E+02 -8.74837871E-01  1.00000000E+00  1.25162129E-01  2.50000000E-02  0.00000000E+00  0.00000000E+00 
    1181  5.12500000E+02  7.37500000E+02  1.28077772E-02  1.00000000E+00  1.01280778E+00  2.50000000E-02  0.00000000E+00  0.00000000E+00 
    1182  5.37500000E+02  7.37500000E+02  8.63247758E-01  1.00000000E+00  1.86324776E+00  2.50000000E-02  0.00000000E+00  0.00000000E+00 
    1183  5.62500000E+02  7.37500000E+02  9.08072132E-01  1.00000000E+00  1.90807213E+00  2.50000000E-02  0.00000000E+00  0.00000000E+00 
    1184  5.87500000E+02  7.37500000E+02  5.53396221E-01  1.00000000E+00  1.55339622E+00  2.50000000E-02  0.00000000E+00  0.00000000E+00 
    1185  6.12500000E+02  7.37500000E+02  2.10395785E-01  1.00000000E+00  1.21039578E+00  2.50000000E-02  0.00000000E+00  0.00000000E+00 
    1186  6.37500000E+02  7.37500000E+02  4.84775283E-02  1.00000000E+00  1.04847753E+00  2.50000000E-02  0.00000000E+00  0.00000000E+00 
    1187  6.62500000E+02  7.37500000E+02 -4.85448113E-02  1.00000000E+00  9.51455189E-01  2.50000000E-02  0.00000000E+00  0.00000000E+00 
    1188  6.87500000E+02  7.37500000E+02  9.81100052E-01  1.00000000E+00  1.98110005E+00  2.50000000E-02  0.00000000E+00  0.00000000E+00 
    1189  7.12500000E+02  7.37500000E+02  2.79590471E-01  1.00000000E+00  1.27959047E+00  2.50000000E-02  0.00000000E+00  0.00000000E+00 
    1190  7.37500000E+02  7.37500000E+02 -1.65822439E-01  1.00000000E+00  8.34177561E-01  2.50000000E-02  0.00000000E+00  0.00000000E+00 
    1191  7.62500000E+02  7.37500000E+02 -6.23547884E-01  1.00000000E+00  3.76452116E-01  2.50000000E-02  0.00000000E+00  0.00000000E+00 
    1192  7.87500000E+02  7.37500000E+02 -7.41045783E-01  1.00000000E+00  2.58954217E-01  2.50000000E-02  0.00000000E+00  0.00000000E+00 
    1193  8.12500000E+02  7.37500000E+02  6.28917049E-01  1.00000000E+00  1.62891705E+00  2.50000000E-02  0.00000000E+00  0.00000000E+00 
    1194  8.37500000E+02  7.37500000E+02 -1.29294933E-01  1.00000000E+00  8.70705067E-01  2.50000000E-02  0.00000000E+00  0.00000000E+00 
    1195  8.62500000E+02  7.37500000E+02  6.99776301E-01  1.00000000E+00  1.69977630E+00  2.50000000E-02  0.00000000E+00  0.00000000E+00 
    1196  8.87500000E+02  7.37500000E+02 -7.91778566E-01  1.00000000E+00  2.08221434E-01  2.50000000E-02  0.00000000E+00  0.00000000E+00 
    1197  9.12500000E+02  7.37500000E+02 -3.81969586E-01  1.00000000E+00  6.18030414E-01  2.50000000E-02  0.00000000E+00  0.00000000E+00 
    1198  9.37500000E+02  7.37500000E+02 -2.37369274E-01  1.00000000E+00  7.62630726E-01  2.50000000E-02  0.00000000E+00  0.00000000E+00 
    1199  9.62500000E+02  7.37500000E+02 -1.28648872E-01  1.00000000E+00  8.71351128E-01  2.50000000E-02  0.00000000E+00  0.00000000E+00 
    1200  9.87500000E+02  7.37500000E+02 -9.95164348E-01  1.00000000E+00  4.83565176E-03  2.50000000E-02  0.00000000E+00  0.00000000E+00 
    1201  1.25000000E+01  7.62500000E+02 -1.29155342E-01  1.00000000E+00  8.70844658E-01  2.50000000E-02  0.00000000E+00  0.00000000E+00 
    1202  3.75000000E+01  7.62500000E+02 -5.83351884E-01  1.00000000E+00  4.16648116E-01  2.50000000E-02  0.00000000E+00  0.00000000E+00 
    1203  6.25000000E+01  7.62500000E+02  2.15780788E-01  1.00000000E+00  1.21578079E+00  2.50000000E-02  0.00000000E+00  0.00000000E+00 
    1204  8.75000000E+01  7.62500000E+02  1.67498107E-01  1.00000000E+00  1.16749811E+00  2.50000000E-02  0.00000000E+00  0.00000000E+00 
    1205  1.12500000E+02  7.62500000E+02 -4.84599483E-01  1.00000000E+00  5.15400517E-01  2.50000000E-02  0.00000000E+00  0.00000000E+00 
    1206  1.37500000E+02  7.62500000E+02  6.08456202E-01  1.00000000E+00  1.60845620E+00  2.50000000E-02  0.00000000E+00  0.00000000E+00 
    1207  1.62500000E+02  7.62500000E+02  9.15172981E-01  1.00000000E+00  1.91517298E+00  2.50000000E-02  0.00000000E+00  0.00000000E+00 
    1208  1.87500000E+02  7.62500000E+02 -9.82501712E-01  1.00000000E+00  1.74982884E-02  2.50000000E-02  0.00000000E+00  0.00000000E+00 
    1209  2.12500000E+02  7.62500000E+02 -9.44664556E-01  1.00000000E+00  5.53354443E-02  2.50000000E-02  0.00000000E+00  0.00000000E+00 
    1210  2.37500000E+02  7.62500000E+02 -3.23494052E-01  1.00000000E+00  6.76505948E-01  2.50000000E-02  0.00000000E+00  0.00000000E+00 
    1211  2.62500000E+02  7.62500000E+02  4.96707116E-01  1.00000000E+00  1.49670712E+00  2.50000000E-02  0.00000000E+00  0.00000000E+00 
    1212  2.87500000E+02  7.62500000E+02 -2.92645816E-01  1.00000000E+00  7.07354184E-01  2.50000000E-02  0.00000000E+00  0.00000000E+00 
    1213  3.12500000E+02  7.62500000E+02  2.98231197E-01  1.00000000E+00  1.29823120E+00  2.50000000E-02  0.00000000E+00  0.00000000E+00 
    1214  3.37500000E+02  7.62500000E+02 -9.59836919E-01  1.00000000E+00  4.01630812E-02  2.50000000E-02  0.00000000E+00  0.00000000E+00 
    1215  3.62500000E+02  7.62500000E+02 -6.97700009E-01  1.00000000E+00  3.02299991E-01  2.50000000E-02  0.00000000E+00  0.00000000E+00 
    1216  3.87500000E+02  7.62500000E+02  6.40197572E-01  1.00000000E+00  1.64019757E+00  2.50000000E-02  0.00000000E+00  0.00000000E+00 
    1217  4.12500000E+02  7.62500000E+02  3.51639594E-01  1.00000000E+00  1.35163959E+00  2.50000000E-02  0.00000000E+00  0.00000000E+00 
    1218  4.37500000E+02  7.62500000E+02 -2.59690226E-01  1.00000000E+00  7.40309774E-01  2.50000000E-02  0.00000000E+00  0.00000000E+00 
    1219  4.62500000E+02  7.62500000E+02 -4.54942193E-01  1.00000000E+00  5.45057807E-01  2.50000000E-02  0.00000000E+00  0.00000000E+00 
    1220  4.87500000E+02  7.62500000E+02  9.69373941E-01  1.00000000E+00  1.96937394E+00  2.50000000E-02  0.00000000E+00  0.00000000E+00 
    1221  5.12500000E+02  7.62500000E+02  4.18351814E-01  1.00000000E+00  1.41835181E+00  2.50000000E-02  0.00000000E+00  0.00000000E+00 
    1222  5.37500000E+02  7.62500000E+02  8.74381873E-01  1.00000000E+00  1.87438187E+00  2.50000000E-02  0.00000000E+00  0.00000000E+00 
    1223  5.62500000E+02  7.62500000E+02 -2.27439838E-01  1.00000000E+00  7.72560162E-01  2.50000000E-02  0.00000000E+00  0.00000000E+00 
    1224  5.87500000E+02  7.62500000E+02  4.74677530E-01  1.00000000E+00  1.47467753E+00  2.50000000E-02  0.00000000E+00  0.00000000E+00 
    1225  6.12500000E+02  7.62500000E+02 -7.90045506E-01  1.00000000E+00  2.09954494E-01  2.50000000E-02  0.00000000E+00  0.00000000E+00 
    1226  6.37500000E+02  7.62500000E+02 -1.95074996E-01  1.00000000E+00  8.04925004E-01  2.50000000E-02  0.00000000E+00  0.00000000E+00 
    1227  6.62500000E+02  7.62500000E+02  6.23433476E-01  1.00000000E+00  1.62343348E+00  2.50000000E-02  0.00000000E+00  0.00000000E+00 
    1228  6.87500000E+02  7.62500000E+02 -4.47466695E-01  1.00000000E+00  5.52533305E-01  2.50000000E-02  0.00000000E+00  0.00000000E+00 
    1229  7.12500000E+02  7.62500000E+02 -7.85039710E-01  1.00000000E+00  2.14960290E-01  2.50000000E-02  0.00000000E+00  0.00000000E+00 
    1230  7.37500000E+02  7.62500000E+02  7.57658276E-02  1.00000000E+00  1.07576583E+00  2.50000000E-02  0.00000000E+00  0.00000000E+00 
    1231  7.62500000E+02  7.62500000E+02 -6.01492353E-02  1.00000000E+00  9.39850765E-01  2.50000000E-02  0.00000000E+00  0.00000000E+00 
    1232  7.87500000E+02  7.62500000E+02 -2.35893939E-01  1.00000000E+00  7.64106061E-01  2.50000000E-02  0.00000000E+00  0.00000000E+00 
    1233  8.12500000E+02  7.62500000E+02 -6.03943320E-02  1.00000000E+00  9.39605668E-01  2.50000000E-02  0.00000000E+00  0.00000000E+00 
    1234  8.37500000E+02  7.62500000E+02 -7.55900906E-01  1.00000000E+00  2.44099094E-01  2.50000000E-02  0.00000000E+00  0.00000000E+00 
    1235  8.62500000E+02  7.62500000E+02  4.88671498E-01  1.00000000E+00  1.48867150E+00  2.50000000E-02  0.00000000E+00  0.00000000E+00 
    1236  8.87500000E+02  7.62500000E+02 -6.98894523E-01  1.00000000E+00  3.01105477E-01  2.50000000E-02  0.00000000E+00  0.00000000E+00 
    1237  9.12500000E+02  7.62500000E+02 -7.87935242E-01  1.00000000E+00  2.12064758E-01  2.50000000E-02  0.00000000E+00  0.00000000E+00 
    1238  9.37500000E+02  7.62500000E+02 -7.18559022E-01  1.00000000E+00  2.81440978E-01  2.50000000E-02  0.00000000E+00  0.00000000E+00 
    1239  9.62500000E+02  7.62500000E+02  9.62182206E-01  1.00000000E+00  1.96218221E+00  2.50000000E-02  0.00000000E+00  0.00000000E+00 
    1240  9.87500000E+02  7.62500000E+02 -2.96470198E-01  1.00000000E+00  7.03529802E-01  2.50000000E-02  0.00000000E+00  0.00000000E+00 
    1241  1.25000000E+01  7.87500000E+02  5.12184706E-01  1.00000000E+00  1.51218471E+00  2.50000000E-02  0.00000000E+00  0.00000000E+00 
    1242  3.75000000E+01  7.87500000E+02 -5.05686300E-01  1.00000000E+00  4.94313700E-01  2.50000000E-02  0.00000000E+00  0.00000000E+00 
    1243  6.25000000E+01  7.87500000E+02 -6.10630668E-01  1.00000000E+00  3.89369332E-01  2.50000000E-02  0.00000000E+00  0.00000000E+00 
    1244  8.75000000E+01  7.87500000E+02 -7.69718752E-01  1.00000000E+00  2.30281248E-01  2.50000000E-02  0.00000000E+00  0.00000000E+00 
    1245  1.12500000E+02  7.87500000E+02 -3.74472949E-01  1.00000000E+00  6.25527051E-01  2.50000000E-02  0.00000000E+00  0.00000000E+00 
    1246  1.37500000E+02  7.87500000E+02 -3.26369102E-01  1.00000000E+00  6.73630898E-01  2.50000000E-02  0.00000000E+00  0.00000000E+00 
    1247  1.62500000E+02  7.87500000E+02  9.77163706E-01  1.00000000E+00  1.97716371E+00  2.50000000E-02  0.00000000E+00  0.00000000E+00 
    1248  1.87500000E+02  7.87500000E+02  1.55964062E-01  1.00000000E+00  1.15596406E+00  2.50000000E-02  0.00000000E+00  0.00000000E+00 
    1249  2.12500000E+02  7.87500000E+02  5.81497036E-01  1.00000000E+00  1.58149704E+00  2.50000000E-02  0.00000000E+00  0.00000000E+00 
    1250  2.37500000E+02  7.87500000E+02  4.52434962E-01  1.00000000E+00  1.45243496E+00  2.50000000E-02  0.00000000E+00  0.00000000E+00 
    1251  2.62500000E+02  7.87500000E+02 -9.81250213E-01  1.00000000E+00  1.87497871E-02  2.50000000E-02  0.00000000E+00  0.00000000E+00 
    1252  2.87500000E+02  7.87500000E+02  9.24848470E-01  1.00000000E+00  1.92484847E+00  2.50000000E-02  0.00000000E+00  0.00000000E+00 
    1253  3.12500000E+02  7.87500000E+02 -1.50094150E-01  1.00000000E+00  8.49905850E-01  2.50000000E-02  0.00000000E+00  0.00000000E+00 
    1254  3.37500000E+02  7.87500000E+02 -6.36470323E-02  1.00000000E+00  9.36352968E-01  2.50000000E-02  0.00000000E+00  0.00000000E+00 
    1255  3.62500000E+02  7.87500000E+02 -6.96106355E-01  1.00000000E+00  3.03893645E-01  2.50000000E-02  0.00000000E+00  0.00000000E+00 
    1256  3.87500000E+02  7.87500000E+02  7.16918299E-01  1.00000000E+00  1.71691830E+00  2.50000000E-02  0.00000000E+00  0.00000000E+00 
    1257  4.12500000E+02  7.87500000E+02  3.94637213E-01  1.00000000E+00  1.39463721E+00  2.50000000E-02  0.00000000E+00  0.00000000E+00 
    1258  4.37500000E+02  7.87500000E+02 -5.07367031E-01  1.00000000E+00  4.92632969E-01  2.50000000E-02  0.00000000E+00  0.00000000E+00 
    1259  4.62500000E+02  7.87500000E+02 -5.70342437E-01  1.00000000E+00  4.29657563E-01  2.50000000E-02  0.00000000E+00  0.00000000E+00 
    1260  4.87500000E+02  7.87500000E+02  7.32570805E-01  1.00000000E+00  1.73257080E+00  2.50000000E-02  0.00000000E+00  0.00000000E+00 
    1261  5.12500000E+02  7.87500000E+02  8.03825180E-01  1.00000000E+00  1.80382518E+00  2.50000000E-02  0.00000000E+00  0.00000000E+00 
    1262  5.37500000E+02  7.87500000E+02 -2.96755179E-01  1.00000000E+00  7.03244821E-01  2.50000000E-02  0.00000000E+00  0.00000000E+00 
    1263  5.62500000E+02  7.87500000E+02  7.65708990E-01  1.00000000E+00  1.76570899E+00  2.50000000E-02  0.00000000E+00  0.00000000E+00 
    1264  5.87500000E+02  7.87500000E+02  5.18666491E-01  1.00000000E+00  1.51866649E+00  2.50000000E-02  0.00000000E+00  0.00000000E+00 
    1265  6.12500000E+02  7.87500000E+02  1.92842463E-02  1.00000000E+00  1.01928425E+00  2.50000000E-02  0.00000000E+00  0.00000000E+00 
    1266  6.37500000E+02  7.87500000E+02  1.01460689E-01  1.00000000E+00  1.10146069E+00  2.50000000E-02  0.00000000E+00  0.00000000E+00 
    1267  6.62500000E+02  7.87500000E+02  7.70351714E-01  1.00000000E+00  1.77035171E+00  2.50000000E-02  0.00000000E+00  0.00000000E+00 
    1268  6.87500000E+02  7.87500000E+02 -3.93053304E-01  1.00000000E+00  6.06946696E-01  2.50000000E-02  0.00000000E+00  0.00000000E+00 
    1269  7.12500000E+02  7.87500000E+02 -4.89428734E-02  1.00000000E+00  9.51057127E-01  2.50000000E-02  0.00000000E+00  0.00000000E+00 
    1270  7.37500000E+02  7.87500000E+02  3.05378955E-01  1.00000000E+00  1.30537896E+00  2.50000000E-02  0.00000000E+00  0.00000000E+00 
    1271  7.62500000E+02  7.87500000E+02  1.15064248E-02  1.00000000E+00  1.01150642E+00  2.50000000E-02  0.00000000E+00  0.00000000E+00 
    1272  7.87500000E+02  7.87500000E+02 -6.54236181E-01  1.00000000E+00  3.45763819E-01  2.50000000E-02  0.00000000E+00  0.00000000E+00 
    1273  8.12500000E+02  7.87500000E+02 -5.28859316E-01  1.00000000E+00  4.71140684E-01  2.50000000E-02  0.00000000E+00  0.00000000E+00 
    1274  8.37500000E+02  7.87500000E+02  4.81049763E-01  1.00000000E+00  1.48104976E+00  2.50000000E-02  0.00000000E+00  0.00000000E+00 
    1275  8.62500000E+02  7.87500000E+02 -1.20181723E-01  1.00000000E+00  8.79818277E-01  2.50000000E-02  0.00000000E+00  0.00000000E+00 
    1276  8.87500000E+02  7.87500000E+02 -7.05859829E-01  1.00000000E+00  2.94140171E-01  2.50000000E-02  0.00000000E+00  0.00000000E+00 
    1277  9.12500000E+02  7.87500000E+02  5.00367896E-01  1.00000000E+00  1.50036790E+00  2.50000000E-02  0.00000000E+00  0.00000000E+00 
    1278  9.37500000E+02  7.87500000E+02  9.34024516E-01  1.00000000E+00  1.93402452E+00  2.50000000E-02  0.00000000E+00  0.00000000E+00 
    1279  9.62500000E+02  7.87500000E+02  4.22830000E-02  1.00000000E+00  1.04228300E+00  2.50000000E-02  0.00000000E+00  0.00000000E+00 
    1280  9.87500000E+02  7.87500000E+02 -5.49122951E-01  1.00000000E+00  4.50877049E-01  2.50000000E-02  0.00000000E+00  0.00000000E+00 
    1281  1.25000000E+01  8.12500000E+02 -3.17920717E-01  1.00000000E+00  6.82079283E-01  2.50000000E-02  0.00000000E+00  0.00000000E+00 
    1282  3.75000000E+01  8.12500000E+02  7.63393325E-01  1.00000000E+00  1.76339332E+00  2.50000000E-02  0.00000000E+00  0.00000000E+00 
    1283  6.25000000E+01  8.12500000E+02  1.45936860E-02  1.00000000E+00  1.01459369E+00  2.50000000E-02  0.00000000E+00  0.00000000E+00 
    1284  8.75000000E+01  8.12500000E+02  5.94522513E-01  1.00000000E+00  1.59452251E+00  2.50000000E-02  0.00000000E+00  0.00000000E+00 
    1285  1.12500000E+02  8.12500000E+02 -2.83011310E-01  1.00000000E+00  7.16988690E-01  2.50000000E-02  0.00000000E+00  0.00000000E+00 
    1286  1.37500000E+02  8.12500000E+02  3.28146965E-01  1.00000000E+00  1.32814697E+00  2.50000000E-02  0.00000000E+00  0.00000000E+00 
    1287  1.62500000E+02  8.12500000E+02 -3.15538951E-01  1.00000000E+00  6.84461049E-01  2.50000000E-02  0.00000000E+00  0.00000000E+00 
    1288  1.87500000E+02  8.12500000E+02 -1.43462335E-01  1.00000000E+00  8.56537665E-01  2.50000000E-02  0.00000000E+00  0.00000000E+00 
    1289  2.12500000E+02  8.12500000E+02  9.75605087E-01  1.00000000E+00  1.97560509E+00  2.50000000E-02  0.00000000E+00  0.00000000E+00 
    1290  2.37500000E+02  8.12500000E+02 -4.22574008E-02  1.00000000E+00  9.57742599E-01  2.50000000E-02  0.00000000E+00  0.00000000E+00 
    1291  2.62500000E+02  8.12500000E+02 -6.21157836E-02  1.00000000E+00  9.37884216E-01  2.50000000E-02  0.00000000E+00  0.00000000E+00 
    1292  2.87500000E+02  8.12500000E+02 -2.46924589E-01  1.00000000E+00  7.53075411E-01  2.50000000E-02  0.00000000E+00  0.00000000E+00 
    1293  3.12500000E+02  8.12500000E+02  9.10505203E-01  1.00000000E+00  1.91050520E+00  2.50000000E-02  0.00000000E+00  0.00000000E+00 
    1294  3.37500000E+02  8.12500000E+02 -8.91053726E-01  1.00000000E+00  1.08946274E-01  2.50000000E-02  0.00000000E+00  0.00000000E+00 
    1295  3.62500000E+02  8.12500000E+02 -6.84249296E-01  1.00000000E+00  3.15750704E-01  2.50000000E-02  0.00000000E+00  0.00000000E+00 
    1296  3.87500000E+02  8.12500000E+02 -9.93029892E-01  1.00000000E+00  6.97010834E-03  2.50000000E-02  0.00000000E+00  0.00000000E+00 
    1297  4.12500000E+02  8.12500000E+02  3.01377228E-01  1.00000000E+00  1.30137723E+00  2.50000000E-02  0.00000000E+00  0.00000000E+00 
    1298  4.37500000E+02  8.12500000E+02  8.46607542E-02  1.00000000E+00  1.08466075E+00  2.50000000E-02  0.00000000E+00  0.00000000E+00 
    1299  4.62500000E+02  8.12500000E+02  6.76283780E-01  1.00000000E+00  1.67628378E+00  2.50000000E-02  0.00000000E+00  0.00000000E+00 
    1300  4.87500000E+02  8.12500000E+02 -5.87960715E-01  1.00000000E+00  4.12039285E-01  2.50000000E-02  0.00000000E+00  0.00000000E+00 
    1301  5.12500000E+02  8.12500000E+02  4.45607059E-01  1.00000000E+00  1.44560706E+00  2.50000000E-02  0.00000000E+00  0.00000000E+00 
    1302  5.37500000E+02  8.12500000E+02  5.76082622E-01  1.00000000E+00  1.57608262E+00  2.50000000E-02  0.00000000E+00  0.00000000E+00 
    1303  5.62500000E+02  8.12500000E+02  8.32685535E-01  1.00000000E+00  1.83268554E+00  2.50000000E-02  0.00000000E+00  0.00000000E+00 
    1304  5.87500000E+02  8.12500000E+02  1.40966716E-01  1.00000000E+00  1.14096672E+00  2.50000000E-02  0.00000000E+00  0.00000000E+00 
    1305  6.12500000E+02  8.12500000E+02  1.81870507E-01  1.00000000E+00  1.18187051E+00  2.50000000E-02  0.00000000E+00  0.00000000E+00 
    1306  6.37500000E+02  8.12500000E+02  7.01653474E-01  1.00000000E+00  1.70165347E+00  2.50000000E-02  0.00000000E+00  0.00000000E+00 
    1307  6.62500000E+02  8.12500000E+02 -6.77303998E-01  1.00000000E+00  3.22696002E-01  2.50000000E-02  0.00000000E+00  0.00000000E+00 
    1308  6.87500000E+02  8.12500000E+02 -5.15245579E-02  1.00000000E+00  9.48475442E-01  2.50000000E-02  0.00000000E+00  0.00000000E+00 
    1309  7.12500000E+02  8.12500000E+02  4.56894185E-01  1.00000000E+00  1.45689418E+00  2.50000000E-02  0.00000000E+00  0.00000000E+00 
    1310  7.37500000E+02  8.12500000E+02 -9.74321502E-01  1.00000000E+00  2.56784978E-02  2.50000000E-02  0.00000000E+00  0.00000000E+00 
    1311  7.62500000E+02  8.12500000E+02 -6.91669106E-02  1.00000000E+00  9.30833089E-01  2.50000000E-02  0.00000000E+00  0.00000000E+00 
    1312  7.87500000E+02  8.12500000E+02 -3.30246550E-01  1.00000000E+00  6.69753450E-01  2.50000000E-02  0.00000000E+00  0.00000000E+00 
    1313  8.12500000E+02  8.12500000E+02 -6.12474222E-01  1.00000000E+00  3.87525778E-01  2.50000000E-02  0.00000000E+00  0.00000000E+00 
    1314  8.37500000E+02  8.12500000E+02 -3.20882754E-01  1.00000000E+00  6.79117246E-01  2.50000000E-02  0.00000000E+00  0.00000000E+00 
    1315  8.62500000E+02  8.12500000E+02  3.86736737E-01  1.00000000E+00  1.38673674E+00  2.50000000E-02  0.00000000E+00  0.00000000E+00 
    1316  8.87500000E+02  8.12500000E+02  1.37639775E-01  1.00000000E+00  1.13763978E+00  2.50000000E-02  0.00000000E+00  0.00000000E+00 
    1317  9.12500000E+02  8.12500000E+02  1.69933067E-01  1.00000000E+00  1.16993307E+00  2.50000000E-02  0.00000000E+00  0.00000000E+00 
    1318  9.37500000E+02  8.12500000E+02  2.45947634E-01  1.00000000E+00  1.24594763E+00  2.50000000E-02  0.00000000E+00  0.00000000E+00 
    1319  9.62500000E+02  8.12500000E+02  3.15965527E-01  1.00000000E+00  1.31596553E+00  2.50000000E-02  0.00000000E+00  0.00000000E+00 
    1320  9.87500000E+02  8.12500000E+02 -5.10382206E-01  1.00000000E+00  4.89617794E-01  2.50000000E-02  0.00000000E+00  0.00000000E+00 
    1321  1.25000000E+01  8.37500000E+02  2.89857136E-01  1.00000000E+00  1.28985714E+00  2.50000000E-02  0.00000000E+00  0.00000000E+00 
    1322  3.75000000E+01  8.37500000E+02  2.06080072E-01  1.00000000E+00  1.20608007E+00  2.50000000E-02  0.00000000E+00  0.00000000E+00 
    1323  6.25000000E+01  8.37500000E+02  7.25636087E-01  1.00000000E+00  1.72563609E+00  2.50000000E-02  0.00000000E+00  0.00000000E+00 
    1324  8.75000000E+01  8.37500000E+02  1.75598290E-01  1.00000000E+00  1.17559829E+00  2.50000000E-02  0.00000000E+00  0.00000000E+00 
    1325  1.12500000E+02  8.37500000E+02  7.44273458E-01  1.00000000E+00  1.74427346E+00  2.50000000E-02  0.00000000E+00  0.00000000E+00 
    1326  1.37500000E+02  8.37500000E+02  7.08108041E-01  1.00000000E+00  1.70810804E+00  2.50000000E-02  0.00000000E+00  0.00000000E+00 
    1327  1.62500000E+02  8.37500000E+02 -9.21429355E-01  1.00000000E+00  7.85706454E-02  2.50000000E-02  0.00000000E+00  0.00000000E+00 
    1328  1.87500000E+02  8.37500000E+02  9.11841196E-01  1.00000000E+00  1.91184120E+00  2.50000000E-02  0.00000000E+00  0.00000000E+00 
    1329  2.12500000E+02  8.37500000E+02 -2.65279687E-02  1.00000000E+00  9.73472031E-01  2.50000000E-02  0.00000000E+00  0.00000000E+00 
    1330  2.37500000E+02  8.37500000E+02 -9.89332990E-01  1.00000000E+00  1.06670100E-02  2.50000000E-02  0.00000000E+00  0.00000000E+00 
    1331  2.62500000E+02  8.37500000E+02  5.03447756E-01  1.00000000E+00  1.50344776E+00  2.50000000E-02  0.00000000E+00  0.00000000E+00 
    1332  2.87500000E+02  8.37500000E+02 -9.46414540E-01  1.00000000E+00  5.35854603E-02  2.50000000E-02  0.00000000E+00  0.00000000E+00 
    1333  3.12500000E+02  8.37500000E+02 -8.69568998E-01  1.00000000E+00  1.30431002E-01  2.50000000E-02  0.00000000E+00  0.00000000E+00 
    1334  3.37500000E+02  8.37500000E+02 -3.06338779E-01  1.00000000E+00  6.93661221E-01  2.50000000E-02  0.00000000E+00  0.00000000E+00 
    1335  3.62500000E+02  8.37500000E+02  1.77549684E-01  1.00000000E+00  1.17754968E+00  2.50000000E-02  0.00000000E+00  0.00000000E+00 
    1336  3.87500000E+02  8.37500000E+02 -3.66924104E-01  1.00000000E+00  6.33075896E-01  2.50000000E-02  0.00000000E+00  0.00000000E+00 
    1337  4.12500000E+02  8.37500000E+02 -5.20939004E-01  1.00000000E+00  4.79060996E-01  2.50000000E-02  0.00000000E+00  0.00000000E+00 
    1338  4.37500000E+02  8.37500000E+02 -2.97072474E-01  1.00000000E+00  7.02927526E-01  2.50000000E-02  0.00000000E+00  0.00000000E+00 
    1339  4.62500000E+02  8.37500000E+02  4.92806270E-01  1.00000000E+00  1.49280627E+00  2.50000000E-02  0.00000000E+00  0.00000000E+00 
    1340  4.87500000E+02  8.37500000E+02 -1.33237921E-01  1.00000000E+00  8.66762079E-01  2.50000000E-02  0.00000000E+00  0.00000000E+00 
    1341  5.12500000E+02  8.37500000E+02  8.06992906E-01  1.00000000E+00  1.80699291E+00  2.50000000E-02  0.00000000E+00  0.00000000E+00 
    1342  5.37500000E+02  8.37500000E+02 -3.12502795E-01  1.00000000E+00  6.87497205E-01  2.50000000E-02  0.00000000E+00  0.00000000E+00 
    1343  5.62500000E+02  8.37500000E+02  7.73404179E-02  1.00000000E+00  1.07734042E+00  2.50000000E-02  0.00000000E+00  0.00000000E+00 
    1344  5.87500000E+02  8.37500000E+02 -1.35382093E-01  1.00000000E+00  8.64617907E-01  2.50000000E-02  0.00000000E+00  0.00000000E+00 
    1345  6.12500000E+02  8.37500000E+02  3.02996821E-01  1.00000000E+00  1.30299682E+00  2.50000000E-02  0.00000000E+00  0.00000000E+00 
    1346  6.37500000E+02  8.37500000E+02  3.36412781E-01  1.00000000E+00  1.33641278E+00  2.50000000E-02  0.00000000E+00  0.00000000E+00 
    1347  6.62500000E+02  8.37500000E+02  7.91097063E-01  1.00000000E+00  1.79109706E+00  2.50000000E-02  0.00000000E+00  0.00000000E+00 
    1348  6.87500000E+02  8.37500000E+02  1.56250412E-01  1.00000000E+00  1.15625041E+00  2.50000000E-02  0.00000000E+00  0.00000000E+00 
    1349  7.12500000E+02  8.37500000E+02 -4.94733205E-01  1.00000000E+00  5.05266795E-01  2.50000000E-02  0.00000000E+00  0.00000000E+00 
    1350  7.37500000E+02  8.37500000E+02 -1.83218777E-01  1.00000000E+00  8.16781223E-01  2.50000000E-02  0.00000000E+00  0.00000000E+00 
    1351  7.62500000E+02  8.37500000E+02  4.35011613E-01  1.00000000E+00  1.43501161E+00  2.50000000E-02  0.00000000E+00  0.00000000E+00 
    1352  7.87500000E+02  8.37500000E+02 -6.86449221E-03  1.00000000E+00  9.93135508E-01  2.50000000E-02  0.00000000E+00  0.00000000E+00 
    1353  8.12500000E+02  8.37500000E+02 -3.59093655E-01  1.00000000E+00  6.40906345E-01  2.50000000E-02  0.00000000E+00  0.00000000E+00 
    1354  8.37500000E+02  8.37500000E+02  9.99038683E-02  1.00000000E+00  1.09990387E+00  2.50000000E-02  0.00000000E+00  0.00000000E+00 
    1355  8.62500000E+02  8.37500000E+02  3.33395814E-01  1.00000000E+00  1.33339581E+00  2.50000000E-02  0.00000000E+00  0.00000000E+00 
    1356  8.87500000E+02  8.37500000E+02  9.38366747E-01  1.00000000E+00  1.93836675E+00  2.50000000E-02  0.00000000E+00  0.00000000E+00 
    1357  9.12500000E+02  8.37500000E+02 -2.65614161E-01  1.00000000E+00  7.34385839E-01  2.50000000E-02  0.00000000E+00  0.00000000E+00 
    1358  9.37500000E+02  8.37500000E+02 -2.86357394E-01  1.00000000E+00  7.13642606E-01  2.50000000E-02  0.00000000E+00  0.00000000E+00 
    1359  9.62500000E+02  8.37500000E+02 -7.96697996E-01  1.00000000E+00  2.03302004E-01  2.50000000E-02  0.00000000E+00  0.00000000E+00 
    1360  9.87500000E+02  8.37500000E+02 -4.70365245E-01  1.00000000E+00  5.29634755E-01  2.50000000E-02  0.00000000E+00  0.00000000E+00 
    1361  1.25000000E+01  8.62500000E+02  4.07376454E-01  1.00000000E+00  1.40737645E+00  2.50000000E-02  0.00000000E+00  0.00000000E+00 
    1362  3.75000000E+01  8.62500000E+02 -1.21352181E-01  1.00000000E+00  8.78647819E-01  2.50000000E-02  0.00000000E+00  0.00000000E+00 
    1363  6.25000000E+01  8.62500000E+02 -8.73705486E-01  1.00000000E+00  1.26294514E-01  2.50000000E-02  0.00000000E+00  0.00000000E+00 
    1364  8.75000000E+01  8.62500000E+02 -9.98413662E-01  1.00000000E+00  1.58633788E-03  2.50000000E-02  0.00000000E+00  0.00000000E+00 
    1365  1.12500000E+02  8.62500000E+02  8.33309439E-01  1.00000000E+00  1.83330944E+00  2.50000000E-02  0.00000000E+00  0.00000000E+00 
    1366  1.37500000E+02  8.62500000E+02 -2.60208690E-01  1.00000000E+00  7.39791310E-01  2.50000000E-02  0.00000000E+00  0.00000000E+00 
    1367  1.62500000E+02  8.62500000E+02 -9.63215529E-01  1.00000000E+00  3.67844709E-02  2.50000000E-02  0.00000000E+00  0.00000000E+00 
    1368  1.87500000E+02  8.62500000E+02  4.10194782E-01  1.00000000E+00  1.41019478E+00  2.50000000E-02  0.00000000E+00  0.00000000E+00 
    1369  2.12500000E+02  8.62500000E+02 -9.43144540E-01  1.00000000E+00  5.68554602E-02  2.50000000E-02  0.00000000E+00  0.00000000E+00 
    1370  2.37500000E+02  8.62500000E+02  3.95919412E-01  1.00000000E+00  1.39591941E+00  2.50000000E-02  0.00000000E+00  0.00000000E+00 
    1371  2.62500000E+02  8.62500000E+02 -6.35564967E-01  1.00000000E+00  3.64435033E-01  2.50000000E-02  0.00000000E+00  0.00000000E+00 
    1372  2.87500000E+02  8.62500000E+02 -9.45198013E-01  1.00000000E+00  5.48019872E-02  2.50000000E-02  0.00000000E+00  0.00000000E+00 
    1373  3.12500000E+02  8.62500000E+02 -7.62488102E-01  1.00000000E+00  2.37511898E-01  2.50000000E-02  0.00000000E+00  0.00000000E+00 
    1374  3.37500000E+02  8.62500000E+02 -2.63138460E-01  1.00000000E+00  7.36861540E-01  2.50000000E-02  0.00000000E+00  0.00000000E+00 
    1375  3.62500000E+02  8.62500000E+02 -2.05460750E-01  1.00000000E+00  7.94539250E-01  2.50000000E-02  0.00000000E+00  0.00000000E+00 
    1376  3.87500000E+02  8.62500000E+02 -4.39778244E-01  1.00000000E+00  5.60221756E-01  2.50000000E-02  0.00000000E+00  0.00000000E+00 
    1377  4.12500000E+02  8.62500000E+02 -8.44826290E-01  1.00000000E+00  1.55173710E-01  2.50000000E-02  0.00000000E+00  0.00000000E+00 
    1378  4.37500000E+02  8.62500000E+02  8.75594857E-01  1.00000000E+00  1.87559486E+00  2.50000000E-02  0.00000000E+00  0.00000000E+00 
    1379  4.62500000E+02  8.62500000E+02 -8.52560820E-01  1.00000000E+00  1.47439180E-01  2.50000000E-02  0.00000000E+00  0.00000000E+00 
    1380  4.87500000E+02  8.62500000E+02 -9.46925678E-01  1.00000000E+00  5.30743218E-02  2.50000000E-02  0.00000000E+00  0.00000000E+00 
    1381  5.12500000E+02  8.62500000E+02  9.58028009E-01  1.00000000E+00  1.95802801E+00  2.50000000E-02  0.00000000E+00  0.00000000E+00 
    1382  5.37500000E+02  8.62500000E+02 -7.76676945E-01  1.00000000E+00  2.23323055E-01  2.50000000E-02  0.00000000E+00  0.00000000E+00 
    1383  5.62500000E+02  8.62500000E+02  3.62333463E-02  1.00000000E+00  1.03623335E+00  2.50000000E-02  0.00000000E+00  0.00000000E+00 
    1384  5.87500000E+02  8.62500000E+02 -4.59899185E-01  1.00000000E+00  5.40100815E-01  2.50000000E-02  0.00000000E+00  0.00000000E+00 
    1385  6.12500000E+02  8.62500000E+02 -8.32465217E-01  1.00000000E+00  1.67534783E-01  2.50000000E-02  0.00000000E+00  0.00000000E+00 
    1386  6.37500000E+02  8.62500000E+02  7.96846529E-01  1.00000000E+00  1.79684653E+00  2.50000000E-02  0.00000000E+00  0.00000000E+00 
    1387  6.62500000E+02  8.62500000E+02 -5.05845840E-01  1.00000000E+00  4.94154160E-01  2.50000000E-02  0.00000000E+00  0.00000000E+00 
    1388  6.87500000E+02  8.62500000E+02 -4.27833739E-02  1.00000000E+00  9.57216626E-01  2.50000000E-02  0.00000000E+00  0.00000000E+00 
    1389  7.12500000E+02  8.62500000E+02  7.18106973E-01  1.00000000E+00  1.71810697E+00  2.50000000E-02  0.00000000E+00  0.00000000E+00 
    1390  7.37500000E+02  8.62500000E+02  7.37711206E-01  1.00000000E+00  1.73771121E+00  2.50000000E-02  0.00000000E+00  0.00000000E+00 
    1391  7.62500000E+02  8.62500000E+02 -6.70612918E-01  1.00000000E+00  3.29387082E-01  2.50000000E-02  0.00000000E+00  0.00000000E+00 
    1392  7.87500000E+02  8.62500000E+02  9.79470914E-01  1.00000000E+00  1.97947091E+00  2.50000000E-02  0.00000000E+00  0.00000000E+00 
    1393  8.12500000E+02  8.62500000E+02 -3.75857959E-01  1.00000000E+00  6.24142041E-01  2.50000000E-02  0.00000000E+00  0.00000000E+00 
    1394  8.37500000E+02  8.62500000E+02 -2.83718146E-02  1.00000000E+00  9.71628185E-01  2.50000000E-02  0.00000000E+00  0.00000000E+00 
    1395  8.62500000E+02  8.62500000E+02  3.16682222E-01  1.00000000E+00  1.31668222E+00  2.50000000E-02  0.00000000E+00  0.00000000E+00 
    1396  8.87500000E+02  8.62500000E+02 -4.57398628E-02  1.00000000E+00  9.54260137E-01  2.50000000E-02  0.00000000E+00  0.00000000E+00 
    1397  9.12500000E+02  8.62500000E+02  6.75266436E-01  1.00000000E+00  1.67526644E+00  2.50000000E-02  0.00000000E+00  0.00000000E+00 
    1398  9.37500000E+02  8.62500000E+02  2.54067837E-03  1.00000000E+00  1.00254068E+00  2.50000000E-02  0.00000000E+00  0.00000000E+00 
    1399  9.62500000E+02  8.62500000E+02  9.73706620E-01  1.00000000E+00  1.97370662E+00  2.50000000E-02  0.00000000E+00  0.00000000E+00 
    1400  9.87500000E+02  8.62500000E+02 -7.52633511E-01  1.00000000E+00  2.47366489E-01  2.50000000E-02  0.00000000E+00  0.00000000E+00 
    1401  1.25000000E+01  8.87500000E+02  5.55101610E-01  1.00000000E+00  1.55510161E+00  2.50000000E-02  0.00000000E+00  0.00000000E+00 
    1402  3.75000000E+01  8.87500000E+02 -4.67493575E-01  1.00000000E+00  5.32506425E-01  2.50000000E-02  0.00000000E+00  0.00000000E+00 
    1403  6.25000000E+01  8.87500000E+02  1.29263602E-01  1.00000000E+00  1.12926360E+00  2.50000000E-02  0.00000000E+00  0.00000000E+00 
    1404  8.75000000E+01  8.87500000E+02 -1.04465240E-01  1.00000000E+00  8.95534760E-01  2.50000000E-02  0.00000000E+00  0.00000000E+00 
    1405  1.12500000E+02  8.87500000E+02  6.51993856E-01  1.00000000E+00  1.65199386E+00  2.50000000E-02  0.00000000E+00  0.00000000E+00 
    1406  1.37500000E+02  8.87500000E+02 -3.88128403E-01  1.00000000E+00  6.11871597E-01  2.50000000E-02  0.00000000E+00  0.00000000E+00 
    1407  1.62500000E+02  8.87500000E+02 -5.24665436E-01  1.00000000E+00  4.75334564E-01  2.50000000E-02  0.00000000E+00  0.00000000E+00 
    1408  1.87500000E+02  8.87500000E+02 -7.19673157E-01  1.00000000E+00  2.80326843E-01  2.50000000E-02  0.00000000E+00  0.00000000E+00 
    1409  2.12500000E+02  8.87500000E+02 -2.54747273E-01  1.00000000E+00  7.45252727E-01  2.50000000E-02  0.00000000E+00  0.00000000E+00 
    1410  2.37500000E+02  8.87500000E+02  6.83815792E-02  1.00000000E+00  1.06838158E+00  2.50000000E-02  0.00000000E+00  0.00000000E+00 
    1411  2.62500000E+02  8.87500000E+02  8.39491579E-01  1.00000000E+00  1.83949158E+00  2.50000000E-02  0.00000000E+00  0.00000000E+00 
    1412  2.87500000E+02  8.87500000E+02  1.15899667E-01  1.00000000E+00  1.11589967E+00  2.50000000E-02  0.00000000E+00  0.00000000E+00 
    1413  3.12500000E+02  8.87500000E+02 -5.96846993E-01  1.00000000E+00  4.03153007E-01  2.50000000E-02  0.00000000E+00  0.00000000E+00 
    1414  3.37500000E+02  8.87500000E+02 -4.74669581E-02  1.00000000E+00  9.52533042E-01  2.50000000E-02  0.00000000E+00  0.00000000E+00 
    1415  3.62500000E+02  8.87500000E+02  9.86726756E-01  1.00000000E+00  1.98672676E+00  2.50000000E-02  0.00000000E+00  0.00000000E+00 
    1416  3.87500000E+02  8.87500000E+02  2.24678442E-01  1.00000000E+00  1.22467844E+00  2.50000000E-02  0.00000000E+00  0.00000000E+00 
    1417  4.12500000E+02  8.87500000E+02 -7.30762253E-01  1.00000000E+00  2.69237747E-01  2.50000000E-02  0.00000000E+00  0.00000000E+00 
    1418  4.37500000E+02  8.87500000E+02  5.75043059E-01  1.00000000E+00  1.57504306E+00  2.50000000E-02  0.00000000E+00  0.00000000E+00 
    1419  4.62500000E+02  8.87500000E+02 -6.31575044E-01  1.00000000E+00  3.68424956E-01  2.50000000E-02  0.00000000E+00  0.00000000E+00 
    1420  4.87500000E+02  8.87500000E+02  1.30468460E-01  1.00000000E+00  1.13046846E+00  2.50000000E-02  0.00000000E+00  0.00000000E+00 
    1421  5.12500000E+02  8.87500000E+02 -8.54843183E-02  1.00000000E+00  9.14515682E-01  2.50000000E-02  0.00000000E+00  0.00000000E+00 
    1422  5.37500000E+02  8.87500000E+02 -4.66690687E-01  1.00000000E+00  5.33309313E-01  2.50000000E-02  0.00000000E+00  0.00000000E+00 
    1423  5.62500000E+02  8.87500000E+02  1.98478416E-01  1.00000000E+00  1.19847842E+00  2.50000000E-02  0.00000000E+00  0.00000000E+00 
    1424  5.87500000E+02  8.87500000E+02  6.91373008E-01  1.00000000E+00  1.69137301E+00  2.50000000E-02  0.00000000E+00  0.00000000E+00 
    1425  6.12500000E+02  8.87500000E+02  4.36357020E-01  1.00000000E+00  1.43635702E+00  2.50000000E-02  0.00000000E+00  0.00000000E+00 
    1426  6.37500000E+02  8.87500000E+02 -3.75622754E-01  1.00000000E+00  6.24377246E-01  2.50000000E-02  0.00000000E+00  0.00000000E+00 
    1427  6.62500000E+02  8.87500000E+02 -4.53691987E-01  1.00000000E+00  5.46308013E-01  2.50000000E-02  0.00000000E+00  0.00000000E+00 
    1428  6.87500000E+02  8.87500000E+02 -3.82558556E-01  1.00000000E+00  6.17441444E-01  2.50000000E-02  0.00000000E+00  0.00000000E+00 
    1429  7.12500000E+02  8.87500000E+02  6.95889476E-01  1.00000000E+00  1.69588948E+00  2.50000000E-02  0.00000000E+00  0.00000000E+00 
    1430  7.37500000E+02  8.87500000E+02 -3.97057235E-02  1.00000000E+00  9.60294277E-01  2.50000000E-02  0.00000000E+00  0.00000000E+00 
    1431  7.62500000E+02  8.87500000E+02 -3.21406477E-01  1.00000000E+00  6.78593523E-01  2.50000000E-02  0.00000000E+00  0.00000000E+00 
    1432  7.87500000E+02  8.87500000E+02 -1.37715400E-01  1.00000000E+00  8.62284600E-01  2.50000000E-02  0.00000000E+00  0.00000000E+00 
    1433  8.12500000E+02  8.87500000E+02 -1.24653555E-01  1.00000000E+00  8.75346445E-01  2.50000000E-02  0.00000000E+00  0.00000000E+00 
    1434  8.37500000E+02  8.87500000E+02 -5.31782411E-02  1.00000000E+00  9.46821759E-01  2.50000000E-02  0.00000000E+00  0.00000000E+00 
    1435  8.62500000E+02  8.87500000E+02 -6.70792831E-01  1.00000000E+00  3.29207169E-01  2.50000000E-02  0.00000000E+00  0.00000000E+00 
    1436  8.87500000E+02  8.87500000E+02 -1.94368657E-01  1.00000000E+00  8.05631343E-01  2.50000000E-02  0.00000000E+00  0.00000000E+00 
    1437  9.12500000E+02  8.87500000E+02 -6.22169355E-02  1.00000000E+00  9.37783064E-01  2.50000000E-02  0.00000000E+00  0.00000000E+00 
    1438  9.37500000E+02  8.87500000E+02 -2.82240705E-01  1.00000000E+00  7.17759295E-01  2.50000000E-02  0.00000000E+00  0.00000000E+00 
    1439  9.62500000E+02  8.87500000E+02  1.64184544E-01  1.00000000E+00  1.16418454E+00  2.50000000E-02  0.00000000E+00  0.00000000E+00 
    1440  9.87500000E+02  8.87500000E+02 -3.06219751E-02  1.00000000E+00  9.69378025E-01  2.50000000E-02  0.00000000E+00  0.00000000E+00 
    1441  1.25000000E+01  9.12500000E+02  3.88405572E-01  1.00000000E+00  1.38840557E+00  2.50000000E-02  0.00000000E+00  0.00000000E+00 
    1442  3.75000000E+01  9.12500000E+02  1.51280795E-01  1.00000000E+00  1.15128080E+00  2.50000000E-02  0.00000000E+00  0.00000000E+00 
    1443  6.25000000E+01  9.12500000E+02 -3.04139805E-01  1.00000000E+00  6.95860195E-01  2.50000000E-02  0.00000000E+00  0.00000000E+00 
    1444  8.75000000E+01  9.12500000E+02 -7.90098644E-01  1.00000000E+00  2.09901356E-01  2.50000000E-02  0.00000000E+00  0.00000000E+00 
    1445  1.12500000E+02  9.12500000E+02  7.07785279E-01  1.00000000E+00  1.70778528E+00  2.50000000E-02  0.00000000E+00  0.00000000E+00 
    1446  1.37500000E+02  9.12500000E+02  8.57594923E-01  1.00000000E+00  1.85759492E+00  2.50000000E-02  0.00000000E+00  0.00000000E+00 
    1447  1.62500000E+02  9.12500000E+02 -8.07520116E-01  1.00000000E+00  1.92479884E-01  2.50000000E-02  0.00000000E+00  0.00000000E+00 
    1448  1.87500000E+02  9.12500000E+02  3.35942190E-01  1.00000000E+00  1.33594219E+00  2.50000000E-02  0.00000000E+00  0.00000000E+00 
    1449  2.12500000E+02  9.12500000E+02 -2.77486749E-01  1.00000000E+00  7.22513251E-01  2.50000000E-02  0.00000000E+00  0.00000000E+00 
    1450  2.37500000E+02  9.12500000E+02 -3.12058132E-01  1.00000000E+00  6.87941868E-01  2.50000000E-02  0.00000000E+00  0.00000000E+00 
    1451  2.62500000E+02  9.12500000E+02 -3.83367170E-01  1.00000000E+00  6.16632830E-01  2.50000000E-02  0.00000000E+00  0.00000000E+00 
    1452  2.87500000E+02  9.12500000E+02  8.70565118E-01  1.00000000E+00  1.87056512E+00  2.50000000E-02  0.00000000E+00  0.00000000E+00 
    1453  3.12500000E+02  9.12500000E+02 -7.50646418E-01  1.00000000E+00  2.49353582E-01  2.50000000E-02  0.00000000E+00  0.00000000E+00 
    1454  3.37500000E+02  9.12500000E+02  4.16096782E-01  1.00000000E+00  1.41609678E+00  2.50000000E-02  0.00000000E+00  0.00000000E+00 
    1455  3.62500000E+02  9.12500000E+02 -3.92942277E-01  1.00000000E+00  6.07057723E-01  2.50000000E-02  0.00000000E+00  0.00000000E+00 
    1456  3.87500000E+02  9.12500000E+02 -9.57833220E-01  1.00000000E+00  4.21667798E-02  2.50000000E-02  0.00000000E+00  0.00000000E+00 
    1457  4.12500000E+02  9.12500000E+02 -3.25219041E-01  1.00000000E+00  6.74780959E-01  2.50000000E-02  0.00000000E+00  0.00000000E+00 
    1458  4.37500000E+02  9.12500000E+02  2.64936649E-01  1.00000000E+00  1.26493665E+00  2.50000000E-02  0.00000000E+00  0.00000000E+00 
    1459  4.62500000E+02  9.12500000E+02  6.83520915E-01  1.00000000E+00  1.68352092E+00  2.50000000E-02  0.00000000E+00  0.00000000E+00 
    1460  4.87500000E+02  9.12500000E+02 -8.15006038E-02  1.00000000E+00  9.18499396E-01  2.50000000E-02  0.00000000E+00  0.00000000E+00 
    1461  5.12500000E+02  9.12500000E+02 -5.83436561E-01  1.00000000E+00  4.16563439E-01  2.50000000E-02  0.00000000E+00  0.00000000E+00 
    1462  5.37500000E+02  9.12500000E+02 -8.37726170E-01  1.00000000E+00  1.62273830E-01  2.50000000E-02  0.00000000E+00  0.00000000E+00 
    1463  5.62500000E+02  9.12500000E+02 -5.10982256E-01  1.00000000E+00  4.89017744E-01  2.50000000E-02  0.00000000E+00  0.00000000E+00 
    1464  5.87500000E+02  9.12500000E+02  2.44398885E-01  1.00000000E+00  1.24439888E+00  2.50000000E-02  0.00000000E+00  0.00000000E+00 
    1465  6.12500000E+02  9.12500000E+02 -9.47668472E-01  1.00000000E+00  5.23315285E-02  2.50000000E-02  0.00000000E+00  0.00000000E+00 
    1466  6.37500000E+02  9.12500000E+02 -5.51132154E-01  1.00000000E+00  4.48867846E-01  2.50000000E-02  0.00000000E+00  0.00000000E+00 
    1467  6.62500000E+02  9.12500000E+02  5.83388787E-01  1.00000000E+00  1.58338879E+00  2.50000000E-02  0.00000000E+00  0.00000000E+00 
    1468  6.87500000E+02  9.12500000E+02  1.67800515E-01  1.00000000E+00  1.16780052E+00  2.50000000E-02  0.00000000E+00  0.00000000E+00 
    1469  7.12500000E+02  9.12500000E+02  7.84184367E-01  1.00000000E+00  1.78418437E+00  2.50000000E-02  0.00000000E+00  0.00000000E+00 
    1470  7.37500000E+02  9.12500000E+02 -4.43871320E-02  1.00000000E+00  9.55612868E-01  2.50000000E-02  0.00000000E+00  0.00000000E+00 
    1471  7.62500000E+02  9.12500000E+02 -2.68744283E-01  1.00000000E+00  7.31255717E-01  2.50000000E-02  0.00000000E+00  0.00000000E+00 
    1472  7.87500000E+02  9.12500000E+02 -9.53819213E-03  1.00000000E+00  9.90461808E-01  2.50000000E-02  0.00000000E+00  0.00000000E+00 
    1473  8.12500000E+02  9.12500000E+02 -4.55987203E-01  1.00000000E+00  5.44012797E-01  2.50000000E-02  0.00000000E+00  0.00000000E+00 
    1474  8.37500000E+02  9.12500000E+02  7.36070775E-01  1.00000000E+00  1.73607078E+00  2.50000000E-02  0.00000000E+00  0.00000000E+00 
    1475  8.62500000E+02  9.12500000E+02  7.59808647E-02  1.00000000E+00  1.07598086E+00  2.50000000E-02  0.00000000E+00  0.00000000E+00 
    1476  8.87500000E+02  9.12500000E+02 -9.92158611E-01  1.00000000E+00  7.84138899E-03  2.50000000E-02  0.00000000E+00  0.00000000E+00 
    1477  9.12500000E+02  9.12500000E+02  3.02283360E-01  1.00000000E+00  1.30228336E+00  2.50000000E-02  0.00000000E+00  0.00000000E+00 
    1478  9.37500000E+02  9.12500000E+02  9.20759821E-01  1.00000000E+00  1.92075982E+00  2.50000000E-02  0.00000000E+00  0.00000000E+00 
    1479  9.62500000E+02  9.12500000E+02 -5.80980122E-01  1.00000000E+00  4.19019878E-01  2.50000000E-02  0.00000000E+00  0.00000000E+00 
    1480  9.87500000E+02  9.12500000E+02  5.28786169E-01  1.00000000E+00  1.52878617E+00  2.50000000E-02  0.00000000E+00  0.00000000E+00 
    1481  1.25000000E+01  9.37500000E+02  7.34919795E-01  1.00000000E+00  1.73491980E+00  2.50000000E-02  0.00000000E+00  0.00000000E+00 
    1482  3.75000000E+01  9.37500000E+02 -8.75809183E-01  1.00000000E+00  1.24190817E-01  2.50000000E-02  0.00000000E+00  0.00000000E+00 
    1483  6.25000000E+01  9.37500000E+02  4.82332735E-01  1.00000000E+00  1.48233274E+00  2.50000000E-02  0.00000000E+00  0.00000000E+00 
    1484  8.75000000E+01  9.37500000E+02  2.98046826E-01  1.00000000E+00  1.29804683E+00  2.50000000E-02  0.00000000E+00  0.00000000E+00 
    1485  1.12500000E+02  9.37500000E+02  9.53217469E-01  1.00000000E+00  1.95321747E+00  2.50000000E-02  0.00000000E+00  0.00000000E+00 
    1486  1.37500000E+02  9.37500000E+02  1.48860910E-01  1.00000000E+00  1.14886091E+00  2.50000000E-02  0.00000000E+00  0.00000000E+00 
    1487  1.62500000E+02  9.37500000E+02  6.29629172E-01  1.00000000E+00  1.62962917E+00  2.50000000E-02  0.00000000E+00  0.00000000E+00 
    1488  1.87500000E+02  9.37500000E+02 -3.04770272E-01  1.00000000E+00  6.95229728E-01  2.50000000E-02  0.00000000E+00  0.00000000E+00 
    1489  2.12500000E+02  9.37500000E+02  8.65550920E-01  1.00000000E+00  1.86555092E+00  2.50000000E-02  0.00000000E+00  0.00000000E+00 
    1490  2.37500000E+02  9.37500000E+02  8.68394624E-01  1.00000000E+00  1.86839462E+00  2.50000000E-02  0.00000000E+00  0.00000000E+00 
    1491  2.62500000E+02  9.37500000E+02 -8.26868350E-01  1.00000000E+00  1.73131650E-01  2.50000000E-02  0.00000000E+00  0.00000000E+00 
    1492  2.87500000E+02  9.37500000E+02 -9.47225403E-01  1.00000000E+00  5.27745968E-02  2.50000000E-02  0.00000000E+00  0.00000000E+00 
    1493  3.12500000E+02  9.37500000E+02 -1.30141149E-01  1.00000000E+00  8.69858851E-01  2.50000000E-02  0.00000000E+00  0.00000000E+00 
    1494  3.37500000E+02  9.37500000E+02  2.38649677E-01  1.00000000E+00  1.23864968E+00  2.50000000E-02  0.00000000E+00  0.00000000E+00 
    1495  3.62500000E+02  9.37500000E+02  6.68767066E-01  1.00000000E+00  1.66876707E+00  2.50000000E-02  0.00000000E+00  0.00000000E+00 
    1496  3.87500000E+02  9.37500000E+02  4.87360395E-01  1.00000000E+00  1.48736040E+00  2.50000000E-02  0.00000000E+00  0.00000000E+00 
    1497  4.12500000E+02  9.37500000E+02  2.94828656E-01  1.00000000E+00  1.29482866E+00  2.50000000E-02  0.00000000E+00  0.00000000E+00 
    1498  4.37500000E+02  9.37500000E+02  1.98095948E-01  1.00000000E+00  1.19809595E+00  2.50000000E-02  0.00000000E+00  0.00000000E+00 
    1499  4.62500000E+02  9.37500000E+02 -9.78490582E-01  1.00000000E+00  2.15094176E-02  2.50000000E-02  0.00000000E+00  0.00000000E+00 
    1500  4.87500000E+02  9.37500000E+02 -9.35325731E-01  1.00000000E+00  6.46742694E-02  2.50000000E-02  0.00000000E+00  0.00000000E+00 
    1501  5.12500000E+02  9.37500000E+02 -9.56784893E-01  1.00000000E+00  4.32151068E-02  2.50000000E-02  0.00000000E+00  0.00000000E+00 
    1502  5.37500000E+02  9.37500000E+02  2.98263193E-01  1.00000000E+00  1.29826319E+00  2.50000000E-02  0.00000000E+00  0.00000000E+00 
    1503  5.62500000E+02  9.37500000E+02  3.15803437E-01  1.00000000E+00  1.31580344E+00  2.50000000E-02  0.00000000E+00  0.00000000E+00 
    1504  5.87500000E+02  9.37500000E+02 -4.35304940E-01  1.00000000E+00  5.64695060E-01  2.50000000E-02  0.00000000E+00  0.00000000E+00 
    1505  6.12500000E+02  9.37500000E+02  6.58213495E-01  1.00000000E+00  1.65821349E+00  2.50000000E-02  0.00000000E+00  0.00000000E+00 
    1506  6.37500000E+02  9.37500000E+02  2.65929123E-01  1.00000000E+00  1.26592912E+00  2.50000000E-02  0.00000000E+00  0.00000000E+00 
    1507  6.62500000E+02  9.37500000E+02  2.53591048E-01  1.00000000E+00  1.25359105E+00  2.50000000E-02  0.00000000E+00  0.00000000E+00 
    1508  6.87500000E+02  9.37500000E+02  4.20484636E-01  1.00000000E+00  1.42048464E+00  2.50000000E-02  0.00000000E+00  0.00000000E+00 
    1509  7.12500000E+02  9.37500000E+02  9.27306853E-02  1.00000000E+00  1.09273069E+00  2.50000000E-02  0.00000000E+00  0.00000000E+00 
    1510  7.37500000E+02  9.37500000E+02  2.49961450E-01  1.00000000E+00  1.24996145E+00  2.50000000E-02  0.00000000E+00  0.00000000E+00 
    1511  7.62500000E+02  9.37500000E+02 -6.40387268E-01  1.00000000E+00  3.59612732E-01  2.50000000E-02  0.00000000E+00  0.00000000E+00 
    1512  7.87500000E+02  9.37500000E+02 -7.41023022E-01  1.00000000E+00  2.58976978E-01  2.50000000E-02  0.00000000E+00  0.00000000E+00 
    1513  8.12500000E+02  9.37500000E+02 -6.82917758E-01  1.00000000E+00  3.17082242E-01  2.50000000E-02  0.00000000E+00  0.00000000E+00 
    1514  8.37500000E+02  9.37500000E+02  1.12980395E-01  1.00000000E+00  1.11298039E+00  2.50000000E-02  0.00000000E+00  0.00000000E+00 
    1515  8.62500000E+02  9.37500000E+02  2.45730310E-01  1.00000000E+00  1.24573031E+00  2.50000000E-02  0.00000000E+00  0.00000000E+00 
    1516  8.87500000E+02  9.37500000E+02 -2.26569120E-01  1.00000000E+00  7.73430880E-01  2.50000000E-02  0.00000000E+00  0.00000000E+00 
    1517  9.12500000E+02  9.37500000E+02 -5.49723705E-01  1.00000000E+00  4.50276295E-01  2.50000000E-02  0.00000000E+00  0.00000000E+00 
    1518  9.37500000E+02  9.37500000E+02 -2.41878206E-01  1.00000000E+00  7.58121794E-01  2.50000000E-02  0.00000000E+00  0.00000000E+00 
    1519  9.62500000E+02  9.37500000E+02  5.59834469E-01  1.00000000E+00  1.55983447E+00  2.50000000E-02  0.00000000E+00  0.00000000E+00 
    1520  9.87500000E+02  9.37500000E+02 -6.51116848E-01  1.00000000E+00  3.48883152E-01  2.50000000E-02  0.00000000E+00  0.00000000E+00 
    1521  1.25000000E+01  9.62500000E+02  8.96722093E-01  1.00000000E+00  1.89672209E+00  2.50000000E-02  0.00000000E+00  0.00000000E+00 
    1522  3.75000000E+01  9.62500000E+02 -8.42159858E-01  1.00000000E+00  1.57840142E-01  2.50000000E-02  0.00000000E+00  0.00000000E+00 
    1523  6.25000000E+01  9.62500000E+02  7.35773468E-01  1.00000000E+00  1.73577347E+00  2.50000000E-02  0.00000000E+00  0.00000000E+00 
    1524  8.75000000E+01  9.62500000E+02 -4.75535013E-01  1.00000000E+00  5.24464987E-01  2.50000000E-02  0.00000000E+00  0.00000000E+00 
    1525  1.12500000E+02  9.62500000E+02  7.68205346E-01  1.00000000E+00  1.76820535E+00  2.50000000E-02  0.00000000E+00  0.00000000E+00 
    1526  1.37500000E+02  9.62500000E+02 -3.04672445E-01  1.00000000E+00  6.95327555E-01  2.50000000E-02  0.00000000E+00  0.00000000E+00 
    1527  1.62500000E+02  9.62500000E+02  5.74915790E-01  1.00000000E+00  1.57491579E+00  2.50000000E-02  0.00000000E+00  0.00000000E+00 
    1528  1.87500000E+02  9.62500000E+02 -3.92427551E-01  1.00000000E+00  6.07572449E-01  2.50000000E-02  0.00000000E+00  0.00000000E+00 
    1529  2.12500000E+02  9.62500000E+02 -5.88412673E-02  1.00000000E+00  9.41158733E-01  2.50000000E-02  0.00000000E+00  0.00000000E+00 
    1530  2.37500000E+02  9.62500000E+02  5.45428619E-01  1.00000000E+00  1.54542862E+00  2.50000000E-02  0.00000000E+00  0.00000000E+00 
    1531  2.62500000E+02  9.62500000E+02 -7.43832154E-02  1.00000000E+00  9.25616785E-01  2.50000000E-02  0.00000000E+00  0.00000000E+00 
    1532  2.87500000E+02  9.62500000E+02 -8.95814017E-02  1.00000000E+00  9.10418598E-01  2.50000000E-02  0.00000000E+00  0.00000000E+00 
    1533  3.12500000E+02  9.62500000E+02  3.83351312E-01  1.00000000E+00  1.38335131E+00  2.50000000E-02  0.00000000E+00  0.00000000E+00 
    1534  3.37500000E+02  9.62500000E+02  1.64148860E-01  1.00000000E+00  1.16414886E+00  2.50000000E-02  0.00000000E+00  0.00000000E+00 
    1535  3.62500000E+02  9.62500000E+02  6.71659560E-01  1.00000000E+00  1.67165956E+00  2.50000000E-02  0.00000000E+00  0.00000000E+00 
    1536  3.87500000E+02  9.62500000E+02  5.99661382E-01  1.00000000E+00  1.59966138E+00  2.50000000E-02  0.00000000E+00  0.00000000E+00 
    1537  4.12500000E+02  9.62500000E+02  9.46653930E-01  1.00000000E+00  1.94665393E+00  2.50000000E-02  0.00000000E+00  0.00000000E+00 
    1538  4.37500000E+02  9.62500000E+02  8.56148547E-01  1.00000000E+00  1.85614855E+00  2.50000000E-02  0.00000000E+00  0.00000000E+00 
    1539  4.62500000E+02  9.62500000E+02 -9.11244148E-01  1.00000000E+00  8.87558518E-02  2.50000000E-02  0.00000000E+00  0.00000000E+00 
    1540  4.87500000E+02  9.62500000E+02  7.41694063E-01  1.00000000E+00  1.74169406E+00  2.50000000E-02  0.00000000E+00  0.00000000E+00 
    1541  5.12500000E+02  9.62500000E+02  2.66200869E-01  1.00000000E+00  1.26620087E+00  2.50000000E-02  0.00000000E+00  0.00000000E+00 
    1542  5.37500000E+02  9.62500000E+02  7.96732860E-01  1.00000000E+00  1.79673286E+00  2.50000000E-02  0.00000000E+00  0.00000000E+00 
    1543  5.62500000E+02  9.62500000E+02  5.98661757E-01  1.00000000E+00  1.59866176E+00  2.50000000E-02  0.00000000E+00  0.00000000E+00 
    1544  5.87500000E+02  9.62500000E+02  6.19124027E-01  1.00000000E+00  1.61912403E+00  2.50000000E-02  0.00000000E+00  0.00000000E+00 
    1545  6.12500000E+02  9.62500000E+02 -4.32051852E-01  1.00000000E+00  5.67948148E-01  2.50000000E-02  0.00000000E+00  0.00000000E+00 
    1546  6.37500000E+02  9.62500000E+02 -7.08649779E-01  1.00000000E+00  2.91350221E-01  2.50000000E-02  0.00000000E+00  0.00000000E+00 
    1547  6.62500000E+02  9.62500000E+02  5.82485926E-01  1.00000000E+00  1.58248593E+00  2.50000000E-02  0.00000000E+00  0.00000000E+00 
    1548  6.87500000E+02  9.62500000E+02  9.49551748E-01  1.00000000E+00  1.94955175E+00  2.50000000E-02  0.00000000E+00  0.00000000E+00 
    1549  7.12500000E+02  9.62500000E+02  6.77367560E-01  1.00000000E+00  1.67736756E+00  2.50000000E-02  0.00000000E+00  0.00000000E+00 
    1550  7.37500000E+02  9.62500000E+02  5.27567504E-01  1.00000000E+00  1.52756750E+00  2.50000000E-02  0.00000000E+00  0.00000000E+00 
    1551  7.62500000E+02  9.62500000E+02  5.84450674E-01  1.00000000E+00  1.58445067E+00  2.50000000E-02  0.00000000E+00  0.00000000E+00 
    1552  7.87500000E+02  9.62500000E+02  1.27239764E-01  1.00000000E+00  1.12723976E+00  2.50000000E-02  0.00000000E+00  0.00000000E+00 
    1553  8.12500000E+02  9.62500000E+02  4.08184924E-01  1.00000000E+00  1.40818492E+00  2.50000000E-02  0.00000000E+00  0.00000000E+00 
    1554  8.37500000E+02  9.62500000E+02  9.69415757E-01  1.00000000E+00  1.96941576E+00  2.50000000E-02  0.00000000E+00  0.00000000E+00 
    1555  8.62500000E+02  9.62500000E+02 -4.55126912E-01  1.00000000E+00  5.44873088E-01  2.50000000E-02  0.00000000E+00  0.00000000E+00 
    1556  8.87500000E+02  9.62500000E+02 -3.50936499E-02  1.00000000E+00  9.64906350E-01  2.50000000E-02  0.00000000E+00  0.00000000E+00 
    1557  9.12500000E+02  9.62500000E+02  3.37572878E-01  1.00000000E+00  1.33757288E+00  2.50000000E-02  0.00000000E+00  0.00000000E+00 
    1558  9.37500000E+02  9.62500000E+02 -8.75588298E-01  1.00000000E+00  1.24411702E-01  2.50000000E-02  0.00000000E+00  0.00000000E+00 
    1559  9.62500000E+02  9.62500000E+02  4.93574482E-01  1.00000000E+00  1.49357448E+00  2.50000000E-02  0.00000000E+00  0.00000000E+00 
    1560  9.87500000E+02  9.62500000E+02 -5.51021495E-01  1.00000000E+00  4.48978505E-01  2.50000000E-02  0.00000000E+00  0.00000000E+00 
    1561  1.25000000E+01  9.87500000E+02  7.80190091E-01  1.00000000E+00  1.78019009E+00  2.50000000E-02  0.00000000E+00  0.00000000E+00 
    1562  3.75000000E+01  9.87500000E+02 -1.81548055E-02  1.00000000E+00  9.81845194E-01  2.50000000E-02  0.00000000E+00  0.00000000E+00 
    1563  6.25000000E+01  9.87500000E+02  7.71319893E-01  1.00000000E+00  1.77131989E+00  2.50000000E-02  0.00000000E+00  0.00000000E+00 
    1564  8.75000000E+01  9.87500000E+02  8.88495144E-01  1.00000000E+00  1.88849514E+00  2.50000000E-02  0.00000000E+00  0.00000000E+00 
    1565  1.12500000E+02  9.87500000E+02  4.92368360E-01  1.00000000E+00  1.49236836E+00  2.50000000E-02  0.00000000E+00  0.00000000E+00 
    1566  1.37500000E+02  9.87500000E+02 -4.30424939E-01  1.00000000E+00  5.69575061E-01  2.50000000E-02  0.00000000E+00  0.00000000E+00 
    1567  1.62500000E+02  9.87500000E+02 -5.44610253E-01  1.00000000E+00  4.55389747E-01  2.50000000E-02  0.00000000E+00  0.00000000E+00 
    1568  1.87500000E+02  9.87500000E+02  1.28043422E-01  1.00000000E+00  1.12804342E+00  2.50000000E-02  0.00000000E+00  0.00000000E+00 
    1569  2.12500000E+02  9.87500000E+02  4.76008640E-01  1.00000000E+00  1.47600864E+00  2.50000000E-02  0.00000000E+00  0.00000000E+00 
    1570  2.37500000E+02  9.87500000E+02 -2.24396448E-01  1.00000000E+00  7.75603552E-01  2.50000000E-02  0.00000000E+00  0.00000000E+00 
    1571  2.62500000E+02  9.87500000E+02  3.63342812E-01  1.00000000E+00  1.36334281E+00  2.50000000E-02  0.00000000E+00  0.00000000E+00 
    1572  2.87500000E+02  9.87500000E+02  1.71146563E-01  1.00000000E+00  1.17114656E+00  2.50000000E-02  0.00000000E+00  0.00000000E+00 
    1573  3.12500000E+02  9.87500000E+02 -2.55419759E-01  1.00000000E+00  7.44580241E-01  2.50000000E-02  0.00000000E+00  0.00000000E+00 
    1574  3.37500000E+02  9.87500000E+02 -8.66685646E-01  1.00000000E+00  1.33314354E-01  2.50000000E-02  0.00000000E+00  0.00000000E+00 
    1575  3.62500000E+02  9.87500000E+02 -4.65567840E-01  1.00000000E+00  5.34432160E-01  2.50000000E-02  0.00000000E+00  0.00000000E+00 
    1576  3.87500000E+02  9.87500000E+02 -4.61431498E-01  1.00000000E+00  5.38568502E-01  2.50000000E-02  0.00000000E+00  0.00000000E+00 
    1577  4.12500000E+02  9.87500000E+02 -2.80989792E-01  1.00000000E+00  7.19010208E-01  2.50000000E-02  0.00000000E+00  0.00000000E+00 
    1578  4.37500000E+02  9.87500000E+02  7.01271443E-01  1.00000000E+00  1.70127144E+00  2.50000000E-02  0.00000000E+00  0.00000000E+00 
    1579  4.62500000E+02  9.87500000E+02  9.85313228E-01  1.00000000E+00  1.98531323E+00  2.50000000E-02  0.00000000E+00  0.00000000E+00 
    1580  4.87500000E+02  9.87500000E+02 -5.00564128E-01  1.00000000E+00  4.99435872E-01  2.50000000E-02  0.00000000E+00  0.00000000E+00 
    1581  5.12500000E+02  9.87500000E+02  4.67460687E-02  1.00000000E+00  1.04674607E+00  2.50000000E-02  0.00000000E+00  0.00000000E+00 
    1582  5.37500000E+02  9.87500000E+02 -3.67814905E-01  1.00000000E+00  6.32185095E-01  2.50000000E-02  0.00000000E+00  0.00000000E+00 
    1583  5.62500000E+02  9.87500000E+02 -2.25677842E-01  1.00000000E+00  7.74322158E-01  2.50000000E-02  0.00000000E+00  0.00000000E+00 
    1584  5.87500000E+02  9.87500000E+02  9.68637570E-01  1.00000000E+00  1.96863757E+00  2.50000000E-02  0.00000000E+00  0.00000000E+00 
    1585  6.12500000E+02  9.87500000E+02  8.61150098E-01  1.00000000E+00  1.86115010E+00  2.50000000E-02  0.00000000E+00  0.00000000E+00 
    1586  6.37500000E+02  9.87500000E+02  4.40708159E-01  1.00000000E+00  1.44070816E+00  2.50000000E-02  0.00000000E+00  0.00000000E+00 
    1587  6.62500000E+02  9.87500000E+02 -4.93636618E-01  1.00000000E+00  5.06363382E-01  2.50000000E-02  0.00000000E+00  0.00000000E+00 
    1588  6.87500000E+02  9.87500000E+02  2.86862288E-02  1.00000000E+00  1.02868623E+00  2.50000000E-02  0.00000000E+00  0.00000000E+00 
    1589  7.12500000E+02  9.87500000E+02  8.13472892E-01  1.00000000E+00  1.81347289E+00  2.50000000E-02  0.00000000E+00  0.00000000E+00 
    1590  7.37500000E+02  9.87500000E+02 -1.47160918E-01  1.00000000E+00  8.52839082E-01  2.50000000E-02  0.00000000E+00  0.00000000E+00 
    1591  7.62500000E+02  9.87500000E+02 -4.87373231E-01  1.00000000E+00  5.12626769E-01  2.50000000E-02  0.00000000E+00  0.00000000E+00 
    1592  7.87500000E+02  9.87500000E+02  1.47170481E-01  1.00000000E+00  1.14717048E+00  2.50000000E-02  0.00000000E+00  0.00000000E+00 
    1593  8.12500000E+02  9.87500000E+02  7.84715252E-01  1.00000000E+00  1.78471525E+00  2.50000000E-02  0.00000000E+00  0.00000000E+00 
    1594  8.37500000E+02  9.87500000E+02  8.76695779E-01  1.00000000E+00  1.87669578E+00  2.50000000E-02  0.00000000E+00  0.00000000E+00 
    1595  8.62500000E+02  9.87500000E+02 -4.94772749E-03  1.00000000E+00  9.95052273E-01  2.50000000E-02  0.00000000E+00  0.00000000E+00 
    1596  8.87500000E+02  9.87500000E+02 -3.80833447E-01  1.00000000E+00  6.19166553E-01  2.50000000E-02  0.00000000E+00  0.00000000E+00 
    1597  9.12500000E+02  9.87500000E+02 -7.36947486E-01  1.00000000E+00  2.63052514E-01  2.50000000E-02  0.00000000E+00  0.00000000E+00 
    1598  9.37500000E+02  9.87500000E+02 -7.00983651E-01  1.00000000E+00  2.99016349E-01  2.50000000E-02  0.00000000E+00  0.00000000E+00 
    1599  9.62500000E+02  9.87500000E+02  5.93900250E-01  1.00000000E+00  1.59390025E+00  2.50000000E-02  0.00000000E+00  0.00000000E+00 
    1600  9.87500000E+02  9.87500000E+02  6.22605174E-01  1.00000000E+00  1.62260517E+00  2.50000000E-02  0.00000000E+00  0.00000000E+00 
