 # Gnuplot DataFile Version
 # i x y bathy h zs Manning u v
       1  1.25000000E+01  1.25000000E+01  4.46335605E-01  5.42031230E-01  9.88366835E-01  2.50000000E-02  1.48932681E-11 -1.75997307E-11 
       2  3.75000000E+01  1.25000000E+01 -6.05345608E-03  9.94420292E-01  9.88366835E-01  2.50000000E-02  5.65811188E-11 -2.69925584E-11 
       3  6.25000000E+01  1.25000000E+01 -5.49514821E-01  1.53788166E+00  9.88366835E-01  2.50000000E-02  8.88313579E-11 -1.99320469E-13 
       4  8.75000000E+01  1.25000000E+01  7.91149585E-01  1.97217250E-01  9.88366835E-01  2.50000000E-02  2.36517491E-10  8.35453305E-11 
       5  1.12500000E+02  1.25000000E+01  6.13669961E-02  9.26999839E-01  9.88366835E-01  2.50000000E-02  1.03928624E-10 -3.22945656E-13 
       6  1.37500000E+02  1.25000000E+01  6.27517616E-01  3.60849220E-01  9.88366835E-01  2.50000000E-02  2.78307476E-10 -1.96126756E-10 
       7  1.62500000E+02  1.25000000E+01  2.46381453E-01  7.41985382E-01  9.88366835E-01  2.50000000E-02  2.24257512E-10  6.42807825E-11 
       8  1.87500000E+02  1.25000000E+01  3.71292612E-01  6.17074223E-01  9.88366835E-01  2.50000000E-02  3.66336768E-11  1.99783846E-10 
       9  2.12500000E+02  1.25000000E+01  9.46004258E-01  4.23625778E-02  9.88366836E-01  2.50000000E-02 -4.83461040E-09  5.39024082E-10 
      10  2.37500000E+02  1.25000000E+01  5.74937168E-01  4.13429667E-01  9.88366836E-01  2.50000000E-02 -3.29545136E-09  1.33730308E-09 
      11  2.62500000E+02  1.25000000E+01  4.39255120E-02  9.44441324E-01  9.88366836E-01  2.50000000E-02 -1.41137940E-09 -2.47526612E-10 
      12  2.87500000E+02  1.25000000E+01 -4.09949661E-02  1.02936180E+00  9.88366836E-01  2.50000000E-02 -8.17226284E-10 -2.41526492E-10 
      13  3.12500000E+02  1.25000000E+01  4.38687919E-01  5.49678917E-01  9.88366836E-01  2.50000000E-02 -6.75647888E-10  1.02337081E-11 
      14  3.37500000E+02  1.25000000E+01 -7.91228831E-02  1.06748972E+00  9.88366836E-01  2.50000000E-02 -2.50487801E-10 -1.86967763E-10 
      15  3.62500000E+02  1.25000000E+01  2.44044062E-01  7.44322774E-01  9.88366836E-01  2.50000000E-02  3.36919491E-10 -3.01312752E-10 
      16  3.87500000E+02  1.25000000E+01 -6.85643526E-01  1.67401036E+00  9.88366836E-01  2.50000000E-02  7.76594529E-10 -1.04354307E-10 
      17  4.12500000E+02  1.25000000E+01  2.59727577E-02  9.62394078E-01  9.88366836E-01  2.50000000E-02  8.28275467E-10  3.91155376E-11 
      18  4.37500000E+02  1.25000000E+01 -5.16011811E-01  1.50437865E+00  9.88366836E-01  2.50000000E-02  5.49458228E-10  4.40883914E-11 
      19  4.62500000E+02  1.25000000E+01 -9.20531819E-01  1.90889866E+00  9.88366836E-01  2.50000000E-02  5.82225991E-10 -2.41482349E-11 
      20  4.87500000E+02  1.25000000E+01  2.92289694E-01  6.96077142E-01  9.88366836E-01  2.50000000E-02  1.10584261E-09 -1.97651136E-11 
      21  5.12500000E+02  1.25000000E+01 -6.29697380E-01  1.61806422E+00  9.88366836E-01  2.50000000E-02  9.97940112E-10  1.08401351E-11 
      22  5.37500000E+02  1.25000000E+01  1.38086539E-01  8.50280297E-01  9.88366836E-01  2.50000000E-02  8.36244899E-10  5.81256268E-11 
      23  5.62500000E+02  1.25000000E+01 -7.46759496E-01  1.73512633E+00  9.88366836E-01  2.50000000E-02  9.46236279E-10  5.48107172E-11 
      24  5.87500000E+02  1.25000000E+01  7.38600993E-01  2.49765843E-01  9.88366836E-01  2.50000000E-02  1.82059332E-09  1.35895739E-10 
      25  6.12500000E+02  1.25000000E+01 -7.02905248E-01  1.69127208E+00  9.88366836E-01  2.50000000E-02  1.73879045E-09  3.65604801E-11 
      26  6.37500000E+02  1.25000000E+01  8.08237824E-01  1.80129012E-01  9.88366836E-01  2.50000000E-02  1.58065354E-09  9.96297445E-11 
      27  6.62500000E+02  1.25000000E+01  2.71836042E-01  7.16530794E-01  9.88366836E-01  2.50000000E-02  7.04967007E-10 -1.15692587E-10 
      28  6.87500000E+02  1.25000000E+01  1.36223681E-01  8.52143155E-01  9.88366836E-01  2.50000000E-02  6.61195812E-10 -9.67491820E-11 
      29  7.12500000E+02  1.25000000E+01 -3.85249797E-01  1.37361663E+00  9.88366836E-01  2.50000000E-02  5.94999646E-10 -1.80254397E-11 
      30  7.37500000E+02  1.25000000E+01 -2.31877380E-01  1.22024422E+00  9.88366836E-01  2.50000000E-02  5.19545910E-10  8.64841465E-11 
      31  7.62500000E+02  1.25000000E+01  1.13778251E-01  8.74588585E-01  9.88366836E-01  2.50000000E-02  4.75992841E-10  2.52022995E-11 
      32  7.87500000E+02  1.25000000E+01 -2.03716185E-01  1.19208302E+00  9.88366836E-01  2.50000000E-02  3.63630008E-10  1.17173763E-11 
      33  8.12500000E+02  1.25000000E+01 -8.01970376E-01  1.79033721E+00  9.88366836E-01  2.50000000E-02  2.60624878E-10  2.88235538E-11 
      34  8.37500000E+02  1.25000000E+01 -2.45458514E-01  1.23382535E+00  9.88366836E-01  2.50000000E-02  2.14661554E-10  7.94308925E-11 
      35  8.62500000E+02  1.25000000E+01  6.55172082E-01  3.33194753E-01  9.88366836E-01  2.50000000E-02  1.63582613E-10  4.88674374E-11 
      36  8.87500000E+02  1.25000000E+01 -7.59466771E-01  1.74783361E+00  9.88366836E-01  2.50000000E-02  4.86083075E-11 -1.00815116E-12 
      37  9.12500000E+02  1.25000000E+01 -1.48571111E-01  1.13693795E+00  9.88366836E-01  2.50000000E-02  3.03220097E-11  8.24197665E-12 
      38  9.37500000E+02  1.25000000E+01 -9.38289085E-01  1.92665592E+00  9.88366836E-01  2.50000000E-02  2.70194993E-11  1.08762725E-12 
      39  9.62500000E+02  1.25000000E+01  6.10300161E-01  3.78066674E-01  9.88366836E-01  2.50000000E-02  3.32281879E-11  1.58828700E-11 
      40  9.87500000E+02  1.25000000E+01 -2.47851854E-01  1.23621869E+00  9.88366836E-01  2.50000000E-02  2.68154082E-12  3.19528657E-12 
      41  1.25000000E+01  3.75000000E+01 -5.98248598E-03  9.94349321E-01  9.88366835E-01  2.50000000E-02  1.79947446E-11 -5.15732177E-11 
      42  3.75000000E+01  3.75000000E+01 -2.67561176E-01  1.25592801E+00  9.88366835E-01  2.50000000E-02  6.27952688E-11 -7.99444768E-11 
      43  6.25000000E+01  3.75000000E+01 -5.60496726E-01  1.54886356E+00  9.88366835E-01  2.50000000E-02  1.08944620E-10 -9.86190629E-13 
      44  8.75000000E+01  3.75000000E+01  6.36443375E-01  3.51923461E-01  9.88366835E-01  2.50000000E-02  2.90270927E-10  3.34372173E-10 
      45  1.12500000E+02  3.75000000E+01  9.86166516E-01  2.20031974E-03  9.88366835E-01  2.50000000E-02 -6.16357854E-09 -2.11771267E-09 
      46  1.37500000E+02  3.75000000E+01 -5.10431734E-01  1.49879857E+00  9.88366836E-01  2.50000000E-02 -2.50456448E-10  1.01831050E-10 
      47  1.62500000E+02  3.75000000E+01 -4.55747954E-01  1.44411479E+00  9.88366835E-01  2.50000000E-02 -5.61086347E-10  5.37439658E-10 
      48  1.87500000E+02  3.75000000E+01 -9.26617771E-01  1.91498461E+00  9.88366835E-01  2.50000000E-02 -1.24548203E-09  8.42954325E-10 
      49  2.12500000E+02  3.75000000E+01 -6.05654847E-01  1.59402168E+00  9.88366836E-01  2.50000000E-02 -1.66333454E-09  1.75940126E-10 
      50  2.37500000E+02  3.75000000E+01 -4.45395756E-01  1.43376259E+00  9.88366835E-01  2.50000000E-02 -2.07448127E-09  2.38201769E-09 
      51  2.62500000E+02  3.75000000E+01  6.78131645E-01  3.10235191E-01  9.88366836E-01  2.50000000E-02 -3.87568040E-09 -2.67806661E-09 
      52  2.87500000E+02  3.75000000E+01  4.31827320E-01  5.56539516E-01  9.88366836E-01  2.50000000E-02 -2.74289206E-09 -1.56851420E-09 
      53  3.12500000E+02  3.75000000E+01  9.58920598E-01  2.94462375E-02  9.88366836E-01  2.50000000E-02 -1.51304550E-09  8.20960360E-10 
      54  3.37500000E+02  3.75000000E+01 -1.43604037E-01  1.13197087E+00  9.88366836E-01  2.50000000E-02  6.16324443E-10 -7.05272653E-10 
      55  3.62500000E+02  3.75000000E+01 -7.98346345E-01  1.78671318E+00  9.88366836E-01  2.50000000E-02  8.69465810E-10 -8.01118404E-10 
      56  3.87500000E+02  3.75000000E+01 -7.61416868E-01  1.74978370E+00  9.88366836E-01  2.50000000E-02  1.00102974E-09 -2.56596733E-10 
      57  4.12500000E+02  3.75000000E+01 -7.32299337E-01  1.72066617E+00  9.88366836E-01  2.50000000E-02  1.04140953E-09  3.58757840E-10 
      58  4.37500000E+02  3.75000000E+01  4.06542981E-03  9.84301406E-01  9.88366836E-01  2.50000000E-02  1.04912907E-09  4.98313261E-10 
      59  4.62500000E+02  3.75000000E+01  5.23048454E-01  4.65318382E-01  9.88366836E-01  2.50000000E-02  9.52931458E-10 -1.41084769E-10 
      60  4.87500000E+02  3.75000000E+01  8.70015014E-01  1.18351822E-01  9.88366836E-01  2.50000000E-02  1.80637138E-09 -9.84492821E-11 
      61  5.12500000E+02  3.75000000E+01  6.95774785E-02  9.18789357E-01  9.88366836E-01  2.50000000E-02  3.56978430E-10 -7.44822424E-12 
      62  5.37500000E+02  3.75000000E+01 -2.62874281E-01  1.25124112E+00  9.88366836E-01  2.50000000E-02  3.17792294E-10  1.32044441E-10 
      63  5.62500000E+02  3.75000000E+01  2.57640648E-02  9.62602771E-01  9.88366836E-01  2.50000000E-02  4.90846518E-10  2.06064449E-10 
      64  5.87500000E+02  3.75000000E+01  5.75245284E-01  4.13121552E-01  9.88366836E-01  2.50000000E-02  8.87860500E-10  4.10112930E-10 
      65  6.12500000E+02  3.75000000E+01 -6.05455565E-01  1.59382240E+00  9.88366836E-01  2.50000000E-02  4.45422600E-10 -2.70585037E-11 
      66  6.37500000E+02  3.75000000E+01 -6.78783371E-01  1.66715021E+00  9.88366836E-01  2.50000000E-02  4.12173066E-10  1.84016863E-11 
      67  6.62500000E+02  3.75000000E+01 -9.13459003E-01  1.90182584E+00  9.88366836E-01  2.50000000E-02  3.91862661E-10 -1.92449896E-10 
      68  6.87500000E+02  3.75000000E+01 -6.50455217E-01  1.63882205E+00  9.88366836E-01  2.50000000E-02  4.13783857E-10 -1.89261710E-10 
      69  7.12500000E+02  3.75000000E+01  2.69543656E-01  7.18823180E-01  9.88366836E-01  2.50000000E-02  5.47722450E-10 -3.43157187E-11 
      70  7.37500000E+02  3.75000000E+01 -3.48170109E-01  1.33653694E+00  9.88366836E-01  2.50000000E-02  3.52101292E-10  1.62755729E-10 
      71  7.62500000E+02  3.75000000E+01 -8.77683744E-01  1.86605058E+00  9.88366836E-01  2.50000000E-02  2.68314911E-10  2.46419123E-11 
      72  7.87500000E+02  3.75000000E+01 -6.64986548E-01  1.65335338E+00  9.88366836E-01  2.50000000E-02  2.37679866E-10  4.08496980E-11 
      73  8.12500000E+02  3.75000000E+01 -8.83911452E-01  1.87227829E+00  9.88366836E-01  2.50000000E-02  2.13864757E-10  9.43518744E-11 
      74  8.37500000E+02  3.75000000E+01 -4.05378689E-01  1.39374552E+00  9.88366836E-01  2.50000000E-02  1.76107667E-10  1.80681578E-10 
      75  8.62500000E+02  3.75000000E+01 -9.46473242E-01  1.93484008E+00  9.88366836E-01  2.50000000E-02  1.21064590E-10  8.47369444E-11 
      76  8.87500000E+02  3.75000000E+01 -4.51688796E-02  1.03353572E+00  9.88366836E-01  2.50000000E-02  7.58630754E-11  8.84441801E-12 
      77  9.12500000E+02  3.75000000E+01  1.61625845E-01  8.26740991E-01  9.88366836E-01  2.50000000E-02  7.26362443E-11  5.41297707E-11 
      78  9.37500000E+02  3.75000000E+01  8.80252354E-01  1.08114481E-01  9.88366836E-01  2.50000000E-02  8.67801271E-11  1.14167031E-10 
      79  9.62500000E+02  3.75000000E+01 -4.78569655E-01  1.46693649E+00  9.88366836E-01  2.50000000E-02 -9.25366090E-13  3.79665775E-11 
      80  9.87500000E+02  3.75000000E+01 -4.41479578E-01  1.42984641E+00  9.88366836E-01  2.50000000E-02 -1.09258154E-12  7.43620629E-12 
      81  1.25000000E+01  6.25000000E+01 -2.22133777E-01  1.21050061E+00  9.88366835E-01  2.50000000E-02 -1.55597191E-11 -4.35888518E-11 
      82  3.75000000E+01  6.25000000E+01 -9.22805164E-01  1.91117200E+00  9.88366835E-01  2.50000000E-02 -4.06325445E-11 -9.97324668E-11 
      83  6.25000000E+01  6.25000000E+01  8.67690341E-01  1.20676495E-01  9.88366835E-01  2.50000000E-02 -4.90281343E-10  1.12857702E-10 
      84  8.75000000E+01  6.25000000E+01  5.96017279E-01  3.92349557E-01  9.88366835E-01  2.50000000E-02 -8.66708605E-10  7.02085587E-10 
      85  1.12500000E+02  6.25000000E+01  6.44978475E-01  3.43388361E-01  9.88366835E-01  2.50000000E-02 -9.01123475E-10 -3.50705249E-11 
      86  1.37500000E+02  6.25000000E+01  1.31753819E-01  8.56613016E-01  9.88366836E-01  2.50000000E-02 -4.68328811E-10  2.36786983E-10 
      87  1.62500000E+02  6.25000000E+01 -4.55407585E-01  1.44377442E+00  9.88366835E-01  2.50000000E-02 -4.24190054E-10  9.13008072E-10 
      88  1.87500000E+02  6.25000000E+01 -5.64947174E-01  1.55331401E+00  9.88366835E-01  2.50000000E-02 -5.49715498E-10  1.12856582E-09 
      89  2.12500000E+02  6.25000000E+01  3.81153889E-01  6.07212946E-01  9.88366835E-01  2.50000000E-02 -1.10540371E-09  4.19085312E-11 
      90  2.37500000E+02  6.25000000E+01  8.45212841E-01  1.43153994E-01  9.88366836E-01  2.50000000E-02 -3.09506411E-09  9.40669339E-10 
      91  2.62500000E+02  6.25000000E+01 -2.37008896E-01  1.22537573E+00  9.88366836E-01  2.50000000E-02 -2.55819885E-10 -5.38994008E-09 
      92  2.87500000E+02  6.25000000E+01 -1.01501098E-01  1.08986793E+00  9.88366836E-01  2.50000000E-02  3.31026358E-10 -2.10965394E-09 
      93  3.12500000E+02  6.25000000E+01 -3.41664032E-01  1.33003087E+00  9.88366836E-01  2.50000000E-02  3.66923094E-10  5.87776918E-10 
      94  3.37500000E+02  6.25000000E+01 -5.72670355E-01  1.56103719E+00  9.88366836E-01  2.50000000E-02  2.40965875E-10 -1.13153227E-09 
      95  3.62500000E+02  6.25000000E+01 -7.40812302E-01  1.72917914E+00  9.88366836E-01  2.50000000E-02  4.96694128E-10 -9.77477549E-10 
      96  3.87500000E+02  6.25000000E+01  1.39403546E-01  8.48963290E-01  9.88366836E-01  2.50000000E-02  9.66217920E-10 -5.60647816E-10 
      97  4.12500000E+02  6.25000000E+01 -3.42636639E-01  1.33100347E+00  9.88366836E-01  2.50000000E-02  1.17110254E-09  5.14960243E-10 
      98  4.37500000E+02  6.25000000E+01 -8.09230132E-01  1.79759697E+00  9.88366836E-01  2.50000000E-02  1.18208088E-09  1.15610032E-09 
      99  4.62500000E+02  6.25000000E+01  8.36185138E-01  1.52181698E-01  9.88366836E-01  2.50000000E-02  1.11595982E-09  2.11211479E-10 
     100  4.87500000E+02  6.25000000E+01 -7.66004509E-01  1.75437134E+00  9.88366836E-01  2.50000000E-02  2.66990646E-10 -3.21477546E-10 
     101  5.12500000E+02  6.25000000E+01 -8.56193929E-01  1.84456076E+00  9.88366836E-01  2.50000000E-02  2.56836428E-10  1.15468674E-10 
     102  5.37500000E+02  6.25000000E+01  7.96759260E-01  1.91607576E-01  9.88366836E-01  2.50000000E-02  7.43387771E-10  3.94017302E-10 
     103  5.62500000E+02  6.25000000E+01  9.10743014E-01  7.76238223E-02  9.88366836E-01  2.50000000E-02  1.10821125E-09  9.88451378E-10 
     104  5.87500000E+02  6.25000000E+01  4.33256348E-01  5.55110487E-01  9.88366836E-01  2.50000000E-02  1.42699014E-10  4.44053889E-10 
     105  6.12500000E+02  6.25000000E+01 -2.25020687E-01  1.21338752E+00  9.88366836E-01  2.50000000E-02  1.78322529E-10 -2.19896523E-10 
     106  6.37500000E+02  6.25000000E+01  4.75225974E-01  5.13140862E-01  9.88366836E-01  2.50000000E-02  2.92706138E-10 -3.47053680E-11 
     107  6.62500000E+02  6.25000000E+01  4.58719477E-01  5.29647359E-01  9.88366836E-01  2.50000000E-02  3.16455563E-10  2.27344041E-12 
     108  6.87500000E+02  6.25000000E+01  9.60961101E-01  2.74057346E-02  9.88366836E-01  2.50000000E-02  7.31826989E-10  8.71487981E-10 
     109  7.12500000E+02  6.25000000E+01 -4.20474387E-01  1.40884122E+00  9.88366836E-01  2.50000000E-02  5.84595037E-11 -4.22577751E-11 
     110  7.37500000E+02  6.25000000E+01 -3.14378457E-01  1.30274529E+00  9.88366836E-01  2.50000000E-02  3.97160666E-11  1.74423556E-10 
     111  7.62500000E+02  6.25000000E+01 -1.11089879E-01  1.09945671E+00  9.88366836E-01  2.50000000E-02  2.65571670E-11 -1.13939631E-12 
     112  7.87500000E+02  6.25000000E+01 -7.61144773E-01  1.74951161E+00  9.88366836E-01  2.50000000E-02  2.44417113E-11  5.79286262E-11 
     113  8.12500000E+02  6.25000000E+01 -3.67239481E-02  1.02509078E+00  9.88366836E-01  2.50000000E-02 -1.15042530E-11  2.31548576E-10 
     114  8.37500000E+02  6.25000000E+01 -9.98738683E-01  1.98710552E+00  9.88366836E-01  2.50000000E-02 -3.33222656E-11  2.30960766E-10 
     115  8.62500000E+02  6.25000000E+01 -8.80356106E-01  1.86872294E+00  9.88366836E-01  2.50000000E-02 -2.54612537E-11  9.82072693E-11 
     116  8.87500000E+02  6.25000000E+01 -6.14383111E-01  1.60274995E+00  9.88366836E-01  2.50000000E-02 -1.50351113E-11  7.44889626E-12 
     117  9.12500000E+02  6.25000000E+01  3.58235454E-01  6.30131382E-01  9.88366836E-01  2.50000000E-02 -8.55844015E-12  1.02614431E-10 
     118  9.37500000E+02  6.25000000E+01  6.03469246E-01  3.84897590E-01  9.88366836E-01  2.50000000E-02 -2.81598474E-11  8.86556920E-11 
     119  9.62500000E+02  6.25000000E+01  4.41048308E-01  5.47318528E-01  9.88366836E-01  2.50000000E-02 -4.35520426E-11  3.89242403E-11 
     120  9.87500000E+02  6.25000000E+01  9.11711479E-01  7.66553564E-02  9.88366836E-01  2.50000000E-02 -1.71657466E-12  7.80151711E-11 
     121  1.25000000E+01  8.75000000E+01  1.08678609E-01  8.79688227E-01  9.88366835E-01  2.50000000E-02 -9.66652781E-11  6.91573788E-11 
     122  3.75000000E+01  8.75000000E+01 -2.28846589E-01  1.21721342E+00  9.88366835E-01  2.50000000E-02 -2.62554274E-10 -1.94848471E-11 
     123  6.25000000E+01  8.75000000E+01 -3.58835185E-01  1.34720202E+00  9.88366835E-01  2.50000000E-02 -3.54965726E-10  4.82365126E-10 
     124  8.75000000E+01  8.75000000E+01 -2.64391871E-01  1.25275871E+00  9.88366835E-01  2.50000000E-02 -5.64827608E-10  1.09042682E-09 
     125  1.12500000E+02  8.75000000E+01 -7.25763198E-02  1.06094316E+00  9.88366835E-01  2.50000000E-02 -8.24083442E-10  7.04925636E-11 
     126  1.37500000E+02  8.75000000E+01 -1.54400161E-01  1.14276700E+00  9.88366836E-01  2.50000000E-02 -7.49151964E-10  2.38684126E-10 
     127  1.62500000E+02  8.75000000E+01 -5.69328360E-02  1.04529967E+00  9.88366835E-01  2.50000000E-02 -8.22210307E-10  1.46220738E-09 
     128  1.87500000E+02  8.75000000E+01  9.24570212E-02  8.95909814E-01  9.88366835E-01  2.50000000E-02 -1.26404108E-09  1.88419636E-09 
     129  2.12500000E+02  8.75000000E+01 -4.43656183E-01  1.43202302E+00  9.88366836E-01  2.50000000E-02 -1.22239618E-09  1.16992214E-10 
     130  2.37500000E+02  8.75000000E+01 -5.57667035E-01  1.54603387E+00  9.88366835E-01  2.50000000E-02 -1.25959615E-09 -3.41385535E-10 
     131  2.62500000E+02  8.75000000E+01  8.18492517E-01  1.69874320E-01  9.88366836E-01  2.50000000E-02 -2.65722785E-09 -1.12206821E-08 
     132  2.87500000E+02  8.75000000E+01 -5.73086483E-01  1.56145332E+00  9.88366836E-01  2.50000000E-02  6.10215832E-10 -2.24547103E-09 
     133  3.12500000E+02  8.75000000E+01 -8.05166683E-01  1.79353352E+00  9.88366836E-01  2.50000000E-02  5.31947825E-10  9.32998708E-10 
     134  3.37500000E+02  8.75000000E+01 -3.46934284E-01  1.33530112E+00  9.88366836E-01  2.50000000E-02  4.23055955E-10 -1.25941655E-09 
     135  3.62500000E+02  8.75000000E+01 -3.61523406E-01  1.34989024E+00  9.88366836E-01  2.50000000E-02  5.19518598E-10 -1.22085059E-09 
     136  3.87500000E+02  8.75000000E+01 -3.84854875E-01  1.37322171E+00  9.88366836E-01  2.50000000E-02  7.08101782E-10 -5.67552093E-10 
     137  4.12500000E+02  8.75000000E+01  6.99363783E-01  2.89003053E-01  9.88366836E-01  2.50000000E-02  2.31286739E-09  4.33512824E-11 
     138  4.37500000E+02  8.75000000E+01 -8.75640272E-01  1.86400711E+00  9.88366836E-01  2.50000000E-02  2.84370185E-09  1.30361897E-09 
     139  4.62500000E+02  8.75000000E+01  6.10751907E-01  3.77614929E-01  9.88366836E-01  2.50000000E-02  3.12449387E-09 -2.82638314E-10 
     140  4.87500000E+02  8.75000000E+01  3.56843358E-01  6.31523478E-01  9.88366836E-01  2.50000000E-02  2.71469516E-09 -6.42164557E-10 
     141  5.12500000E+02  8.75000000E+01  1.64731033E-01  8.23635803E-01  9.88366836E-01  2.50000000E-02  2.22693251E-09  3.17309280E-10 
     142  5.37500000E+02  8.75000000E+01 -7.42538812E-01  1.73090565E+00  9.88366836E-01  2.50000000E-02  1.52662790E-09 -3.43288175E-10 
     143  5.62500000E+02  8.75000000E+01 -9.48118006E-01  1.93648484E+00  9.88366836E-01  2.50000000E-02  1.33908811E-09  6.04625034E-10 
     144  5.87500000E+02  8.75000000E+01 -3.36867799E-01  1.32523463E+00  9.88366836E-01  2.50000000E-02  1.20927195E-09  4.67026943E-10 
     145  6.12500000E+02  8.75000000E+01 -8.26321860E-01  1.81468870E+00  9.88366836E-01  2.50000000E-02  1.22431701E-09 -5.43516611E-11 
     146  6.37500000E+02  8.75000000E+01  4.72054294E-01  5.16312541E-01  9.88366836E-01  2.50000000E-02  1.87443373E-09 -1.19069582E-10 
     147  6.62500000E+02  8.75000000E+01  3.81361642E-01  6.07005194E-01  9.88366836E-01  2.50000000E-02  1.84595416E-09  6.18020730E-11 
     148  6.87500000E+02  8.75000000E+01  2.08037102E-01  7.80329734E-01  9.88366836E-01  2.50000000E-02  1.71818431E-09  8.89795482E-10 
     149  7.12500000E+02  8.75000000E+01  7.21356006E-01  2.67010830E-01  9.88366836E-01  2.50000000E-02  1.45960650E-09 -1.42110700E-10 
     150  7.37500000E+02  8.75000000E+01 -6.36567943E-01  1.62493478E+00  9.88366836E-01  2.50000000E-02  9.88427741E-10  1.95877779E-10 
     151  7.62500000E+02  8.75000000E+01  2.81442429E-01  7.06924406E-01  9.88366836E-01  2.50000000E-02  8.69931522E-10 -5.86304691E-12 
     152  7.87500000E+02  8.75000000E+01 -8.69344436E-01  1.85771127E+00  9.88366836E-01  2.50000000E-02  8.10039776E-10  8.65932089E-11 
     153  8.12500000E+02  8.75000000E+01  2.54507633E-01  7.33859202E-01  9.88366836E-01  2.50000000E-02  6.75430692E-10  4.06602850E-10 
     154  8.37500000E+02  8.75000000E+01 -1.03986893E-01  1.09235373E+00  9.88366836E-01  2.50000000E-02  5.04150420E-10  3.04736556E-10 
     155  8.62500000E+02  8.75000000E+01  1.39175414E-01  8.49191421E-01  9.88366836E-01  2.50000000E-02  3.91978295E-10  1.90375507E-10 
     156  8.87500000E+02  8.75000000E+01 -8.52254150E-01  1.84062099E+00  9.88366836E-01  2.50000000E-02  3.14042509E-10  8.31126484E-12 
     157  9.12500000E+02  8.75000000E+01  9.24882240E-02  8.95878612E-01  9.88366836E-01  2.50000000E-02  2.71238518E-10  1.60362736E-10 
     158  9.37500000E+02  8.75000000E+01  2.11924596E-01  7.76442240E-01  9.88366836E-01  2.50000000E-02  2.61956730E-10  1.89425375E-10 
     159  9.62500000E+02  8.75000000E+01  7.91661204E-01  1.96705632E-01  9.88366836E-01  2.50000000E-02  2.34921536E-10  8.18039367E-11 
     160  9.87500000E+02  8.75000000E+01 -7.84772235E-01  1.77313907E+00  9.88366836E-01  2.50000000E-02  6.55016943E-12  2.48319471E-11 
     161  1.25000000E+01  1.12500000E+02 -1.38517810E-01  1.12688465E+00  9.88366835E-01  2.50000000E-02 -9.68164619E-12  2.29403365E-10 
     162  3.75000000E+01  1.12500000E+02 -5.15752501E-01  1.50411934E+00  9.88366835E-01  2.50000000E-02 -3.66370286E-11  8.85654591E-11 
     163  6.25000000E+01  1.12500000E+02  6.79722152E-01  3.08644684E-01  9.88366835E-01  2.50000000E-02 -1.91245601E-10  5.54508974E-10 
     164  8.75000000E+01  1.12500000E+02  3.93778443E-01  5.94588393E-01  9.88366835E-01  2.50000000E-02 -3.62883320E-10  1.30086544E-09 
     165  1.12500000E+02  1.12500000E+02 -7.51376039E-01  1.73974287E+00  9.88366835E-01  2.50000000E-02 -4.18852898E-10  5.39015646E-11 
     166  1.37500000E+02  1.12500000E+02  9.94759526E-01  1.13060975E-07  9.94759639E-01  2.50000000E-02  1.08795192E-11  1.32168689E-11 
     167  1.62500000E+02  1.12500000E+02 -5.96844762E-03  9.94335283E-01  9.88366836E-01  2.50000000E-02 -1.71901936E-09  2.31446508E-09 
     168  1.87500000E+02  1.12500000E+02  2.73210245E-01  7.15156591E-01  9.88366835E-01  2.50000000E-02 -2.18294221E-09  2.85085199E-09 
     169  2.12500000E+02  1.12500000E+02 -7.97240036E-01  1.78560687E+00  9.88366836E-01  2.50000000E-02 -2.14311984E-09  5.74294428E-10 
     170  2.37500000E+02  1.12500000E+02 -5.90233836E-01  1.57860067E+00  9.88366835E-01  2.50000000E-02 -2.53897625E-09 -5.53751788E-10 
     171  2.62500000E+02  1.12500000E+02  4.42065805E-01  5.46301032E-01  9.88366837E-01  2.50000000E-02 -1.98831660E-09 -1.11014689E-08 
     172  2.87500000E+02  1.12500000E+02 -3.93244859E-01  1.38161169E+00  9.88366836E-01  2.50000000E-02  1.40599793E-09 -2.49713834E-09 
     173  3.12500000E+02  1.12500000E+02  3.09424066E-01  6.78942770E-01  9.88366836E-01  2.50000000E-02  9.36384841E-10  2.43605446E-09 
     174  3.37500000E+02  1.12500000E+02 -9.66486511E-01  1.95485335E+00  9.88366836E-01  2.50000000E-02  1.35985394E-10 -1.55147725E-09 
     175  3.62500000E+02  1.12500000E+02 -3.44924414E-01  1.33329125E+00  9.88366836E-01  2.50000000E-02  1.07737727E-10 -1.46146192E-09 
     176  3.87500000E+02  1.12500000E+02  3.36817882E-02  9.54685048E-01  9.88366836E-01  2.50000000E-02  2.52338279E-10 -5.54082991E-10 
     177  4.12500000E+02  1.12500000E+02  5.63483232E-01  4.24883604E-01  9.88366836E-01  2.50000000E-02  4.03285679E-10 -2.67068786E-10 
     178  4.37500000E+02  1.12500000E+02 -4.61520794E-01  1.44988763E+00  9.88366836E-01  2.50000000E-02  1.12085362E-10  1.39479484E-09 
     179  4.62500000E+02  1.12500000E+02 -8.93975861E-02  1.07776442E+00  9.88366836E-01  2.50000000E-02  1.46760200E-10 -3.34629252E-10 
     180  4.87500000E+02  1.12500000E+02  5.86560371E-01  4.01806465E-01  9.88366836E-01  2.50000000E-02  7.69186523E-10 -1.16032874E-09 
     181  5.12500000E+02  1.12500000E+02  8.29051939E-01  1.59314897E-01  9.88366836E-01  2.50000000E-02  1.22040340E-09  5.15191254E-10 
     182  5.37500000E+02  1.12500000E+02 -2.66416548E-01  1.25478338E+00  9.88366836E-01  2.50000000E-02  9.23885548E-11 -3.81426451E-10 
     183  5.62500000E+02  1.12500000E+02 -5.82060613E-02  1.04657290E+00  9.88366836E-01  2.50000000E-02  2.02399694E-10  6.28002358E-10 
     184  5.87500000E+02  1.12500000E+02 -2.17671230E-01  1.20603807E+00  9.88366836E-01  2.50000000E-02  3.71080099E-10  5.05717307E-10 
     185  6.12500000E+02  1.12500000E+02 -1.44100279E-01  1.13246711E+00  9.88366836E-01  2.50000000E-02  4.51894248E-10  1.94979400E-10 
     186  6.37500000E+02  1.12500000E+02  1.79934253E-01  8.08432583E-01  9.88366836E-01  2.50000000E-02  6.11427340E-10 -1.87688584E-10 
     187  6.62500000E+02  1.12500000E+02  3.46347084E-01  6.42019752E-01  9.88366836E-01  2.50000000E-02  5.88248722E-10  6.38506056E-11 
     188  6.87500000E+02  1.12500000E+02  1.33810219E-02  9.74985814E-01  9.88366836E-01  2.50000000E-02  4.25779857E-10  9.08087421E-10 
     189  7.12500000E+02  1.12500000E+02  4.88346163E-01  5.00020672E-01  9.88366836E-01  2.50000000E-02  2.71632856E-10  1.38802446E-10 
     190  7.37500000E+02  1.12500000E+02  9.85545454E-01  2.82138196E-03  9.88366836E-01  2.50000000E-02  2.43895119E-09  2.31415795E-10 
     191  7.62500000E+02  1.12500000E+02  8.44931991E-01  1.43434844E-01  9.88366836E-01  2.50000000E-02  1.32675181E-10  5.74956847E-11 
     192  7.87500000E+02  1.12500000E+02 -2.61429806E-01  1.24979664E+00  9.88366836E-01  2.50000000E-02  5.61251763E-11  1.05080217E-10 
     193  8.12500000E+02  1.12500000E+02 -4.19086636E-01  1.40745347E+00  9.88366836E-01  2.50000000E-02  3.64772004E-13  4.79598651E-10 
     194  8.37500000E+02  1.12500000E+02 -6.24126360E-01  1.61249320E+00  9.88366836E-01  2.50000000E-02 -2.75284788E-11  3.39139975E-10 
     195  8.62500000E+02  1.12500000E+02 -1.03208890E-01  1.09157573E+00  9.88366836E-01  2.50000000E-02 -3.59547230E-12  2.02901454E-10 
     196  8.87500000E+02  1.12500000E+02  8.56216663E-01  1.32150173E-01  9.88366836E-01  2.50000000E-02 -5.70490184E-11  3.93572509E-10 
     197  9.12500000E+02  1.12500000E+02  5.22711667E-01  4.65655169E-01  9.88366836E-01  2.50000000E-02 -6.91502260E-12  2.42847099E-10 
     198  9.37500000E+02  1.12500000E+02 -9.57883280E-01  1.94625012E+00  9.88366836E-01  2.50000000E-02 -1.35238377E-11  1.41999597E-10 
     199  9.62500000E+02  1.12500000E+02 -8.96224899E-01  1.88459174E+00  9.88366836E-01  2.50000000E-02 -1.72126171E-11  2.11421164E-11 
     200  9.87500000E+02  1.12500000E+02 -8.69716605E-01  1.85808344E+00  9.88366836E-01  2.50000000E-02 -9.12329642E-12  2.03878912E-11 
     201  1.25000000E+01  1.37500000E+02  7.23899730E-01  2.64467105E-01  9.88366835E-01  2.50000000E-02  5.56285741E-11  5.61095158E-10 
     202  3.75000000E+01  1.37500000E+02  8.12980265E-01  1.75386570E-01  9.88366835E-01  2.50000000E-02  2.30465038E-10  4.86426003E-10 
     203  6.25000000E+01  1.37500000E+02 -3.66884301E-01  1.35525114E+00  9.88366835E-01  2.50000000E-02  2.33104912E-10  2.69295291E-12 
     204  8.75000000E+01  1.37500000E+02 -5.83269168E-01  1.57163600E+00  9.88366835E-01  2.50000000E-02  1.18058312E-10  1.05982016E-09 
     205  1.12500000E+02  1.37500000E+02  7.75219159E-01  2.13147676E-01  9.88366836E-01  2.50000000E-02 -1.98300181E-09 -2.19617664E-10 
     206  1.37500000E+02  1.37500000E+02 -4.95104883E-01  1.48347172E+00  9.88366836E-01  2.50000000E-02 -2.30149002E-09  1.83115042E-09 
     207  1.62500000E+02  1.37500000E+02 -3.69251004E-01  1.35761784E+00  9.88366836E-01  2.50000000E-02 -2.14475118E-09  3.78581605E-09 
     208  1.87500000E+02  1.37500000E+02 -8.84234157E-01  1.87260099E+00  9.88366836E-01  2.50000000E-02 -1.86623802E-09  4.42268080E-09 
     209  2.12500000E+02  1.37500000E+02 -6.39689322E-01  1.62805616E+00  9.88366836E-01  2.50000000E-02 -1.76829010E-09  9.23008260E-10 
     210  2.37500000E+02  1.37500000E+02  3.91397575E-02  9.49227078E-01  9.88366836E-01  2.50000000E-02 -1.84098613E-09 -8.30660530E-10 
     211  2.62500000E+02  1.37500000E+02 -8.48776607E-01  1.83714344E+00  9.88366837E-01  2.50000000E-02  2.74272976E-09 -9.32967180E-09 
     212  2.87500000E+02  1.37500000E+02 -9.42180406E-01  1.93054724E+00  9.88366836E-01  2.50000000E-02  4.68747529E-09 -1.93407789E-09 
     213  3.12500000E+02  1.37500000E+02 -3.69058054E-01  1.35742489E+00  9.88366836E-01  2.50000000E-02  4.94713446E-09  4.71157857E-09 
     214  3.37500000E+02  1.37500000E+02  3.15102034E-01  6.73264802E-01  9.88366836E-01  2.50000000E-02  4.49753330E-09 -2.04346201E-09 
     215  3.62500000E+02  1.37500000E+02 -1.07956865E-01  1.09632370E+00  9.88366836E-01  2.50000000E-02  4.06725574E-09 -1.34212397E-09 
     216  3.87500000E+02  1.37500000E+02  7.69074484E-01  2.19292353E-01  9.88366836E-01  2.50000000E-02  2.79763758E-09 -9.97655174E-11 
     217  4.12500000E+02  1.37500000E+02  9.99470287E-01  1.11908383E-07  9.99470399E-01  2.50000000E-02  7.40327239E-12 -1.50809128E-11 
     218  4.37500000E+02  1.37500000E+02 -7.43699164E-01  1.73206600E+00  9.88366836E-01  2.50000000E-02  1.11649498E-09  1.48478779E-09 
     219  4.62500000E+02  1.37500000E+02 -4.07240404E-01  1.39560724E+00  9.88366836E-01  2.50000000E-02  1.25580384E-09 -3.25163542E-10 
     220  4.87500000E+02  1.37500000E+02  1.67925225E-01  8.20441611E-01  9.88366836E-01  2.50000000E-02  1.75785122E-09 -9.09480455E-10 
     221  5.12500000E+02  1.37500000E+02  6.80805707E-01  3.07561129E-01  9.88366836E-01  2.50000000E-02  2.61712720E-09  6.44230532E-10 
     222  5.37500000E+02  1.37500000E+02  2.17428979E-02  9.66623938E-01  9.88366836E-01  2.50000000E-02  2.24385897E-09 -2.96386484E-10 
     223  5.62500000E+02  1.37500000E+02  6.58877397E-01  3.29489439E-01  9.88366836E-01  2.50000000E-02  1.68838794E-09  9.60269216E-10 
     224  5.87500000E+02  1.37500000E+02 -3.39958281E-02  1.02236266E+00  9.88366836E-01  2.50000000E-02  1.29899143E-09  6.64232261E-10 
     225  6.12500000E+02  1.37500000E+02  4.87976919E-01  5.00389917E-01  9.88366836E-01  2.50000000E-02  1.22016013E-09  5.81577519E-10 
     226  6.37500000E+02  1.37500000E+02  8.01521395E-01  1.86845441E-01  9.88366836E-01  2.50000000E-02  1.32315408E-09 -1.11391599E-11 
     227  6.62500000E+02  1.37500000E+02 -8.98507145E-01  1.88687398E+00  9.88366836E-01  2.50000000E-02  3.67111585E-10  2.09204014E-11 
     228  6.87500000E+02  1.37500000E+02  7.01774916E-03  9.81349087E-01  9.88366836E-01  2.50000000E-02  3.30927444E-10  9.47190003E-10 
     229  7.12500000E+02  1.37500000E+02  3.74468801E-01  6.13898035E-01  9.88366836E-01  2.50000000E-02  5.24596107E-10  2.37176540E-10 
     230  7.37500000E+02  1.37500000E+02  5.87595617E-01  4.00771219E-01  9.88366836E-01  2.50000000E-02  7.05575830E-10  1.41905610E-10 
     231  7.62500000E+02  1.37500000E+02  3.25762240E-01  6.62604595E-01  9.88366836E-01  2.50000000E-02  5.54801023E-10 -1.11805108E-10 
     232  7.87500000E+02  1.37500000E+02 -6.78944753E-01  1.66731159E+00  9.88366836E-01  2.50000000E-02  4.46533786E-10  4.19452213E-11 
     233  8.12500000E+02  1.37500000E+02 -5.91976095E-02  1.04756445E+00  9.88366836E-01  2.50000000E-02  4.37174507E-10  5.48772036E-10 
     234  8.37500000E+02  1.37500000E+02  1.04583311E-01  8.83783525E-01  9.88366836E-01  2.50000000E-02  4.72427644E-10  3.45575081E-10 
     235  8.62500000E+02  1.37500000E+02 -9.53455028E-01  1.94182186E+00  9.88366836E-01  2.50000000E-02  4.57416970E-10  1.61254223E-10 
     236  8.87500000E+02  1.37500000E+02  2.42194233E-01  7.46172603E-01  9.88366836E-01  2.50000000E-02  3.50255884E-10  4.23915839E-10 
     237  9.12500000E+02  1.37500000E+02  5.61472783E-01  4.26894053E-01  9.88366836E-01  2.50000000E-02  1.30855409E-10  2.62150485E-10 
     238  9.37500000E+02  1.37500000E+02 -8.09283821E-01  1.79765066E+00  9.88366836E-01  2.50000000E-02  5.02721471E-11  1.19763739E-10 
     239  9.62500000E+02  1.37500000E+02 -8.07533917E-01  1.79590075E+00  9.88366836E-01  2.50000000E-02  3.82939836E-11  3.84853620E-11 
     240  9.87500000E+02  1.37500000E+02  3.82521626E-02  9.50114673E-01  9.88366836E-01  2.50000000E-02  1.15318333E-11  2.53883639E-11 
     241  1.25000000E+01  1.62500000E+02  8.35147174E-02  9.04852118E-01  9.88366835E-01  2.50000000E-02 -8.46035625E-11  3.37725491E-10 
     242  3.75000000E+01  1.62500000E+02 -4.14718301E-01  1.40308514E+00  9.88366835E-01  2.50000000E-02 -2.08691990E-10  3.24461632E-10 
     243  6.25000000E+01  1.62500000E+02 -9.45091518E-01  1.93345835E+00  9.88366835E-01  2.50000000E-02 -2.29516245E-10 -5.19976520E-11 
     244  8.75000000E+01  1.62500000E+02 -9.93943173E-01  1.98231001E+00  9.88366835E-01  2.50000000E-02 -2.30154283E-10  1.03882255E-09 
     245  1.12500000E+02  1.62500000E+02  9.48005754E-01  4.03610813E-02  9.88366835E-01  2.50000000E-02  1.35472544E-10  9.32725207E-10 
     246  1.37500000E+02  1.62500000E+02 -5.04923905E-01  1.49329074E+00  9.88366836E-01  2.50000000E-02  2.50291122E-09  1.65749144E-09 
     247  1.62500000E+02  1.62500000E+02  7.85674229E-01  2.02692606E-01  9.88366835E-01  2.50000000E-02 -1.42939681E-09  1.64619385E-08 
     248  1.87500000E+02  1.62500000E+02  6.65479012E-01  3.22887823E-01  9.88366835E-01  2.50000000E-02 -7.20487407E-09  9.29796534E-09 
     249  2.12500000E+02  1.62500000E+02  7.59975092E-01  2.28391744E-01  9.88366836E-01  2.50000000E-02 -8.31225226E-09  1.09519050E-09 
     250  2.37500000E+02  1.62500000E+02 -4.00673773E-01  1.38904061E+00  9.88366836E-01  2.50000000E-02 -3.98605960E-09  9.48674696E-10 
     251  2.62500000E+02  1.62500000E+02 -7.55400846E-01  1.74376768E+00  9.88366836E-01  2.50000000E-02 -2.27607317E-09 -1.00608574E-08 
     252  2.87500000E+02  1.62500000E+02 -5.99398565E-01  1.58776540E+00  9.88366836E-01  2.50000000E-02 -1.23335398E-09 -1.86254348E-09 
     253  3.12500000E+02  1.62500000E+02 -1.85486079E-02  1.00691544E+00  9.88366836E-01  2.50000000E-02 -1.67275592E-09  5.83021215E-09 
     254  3.37500000E+02  1.62500000E+02 -9.00384404E-01  1.88875124E+00  9.88366836E-01  2.50000000E-02 -1.57448962E-09 -2.02531887E-09 
     255  3.62500000E+02  1.62500000E+02  7.23953227E-01  2.64413609E-01  9.88366836E-01  2.50000000E-02  3.64626837E-10  1.72466791E-09 
     256  3.87500000E+02  1.62500000E+02 -4.26425104E-01  1.41479194E+00  9.88366836E-01  2.50000000E-02  9.08694511E-10 -5.66265300E-10 
     257  4.12500000E+02  1.62500000E+02 -4.08711126E-01  1.39707796E+00  9.88366836E-01  2.50000000E-02  9.06153045E-10  7.96002514E-09 
     258  4.37500000E+02  1.62500000E+02  6.49783679E-01  3.38583157E-01  9.88366836E-01  2.50000000E-02  4.46073904E-10  2.17673011E-09 
     259  4.62500000E+02  1.62500000E+02  9.96707638E-01  1.11378775E-07  9.96707750E-01  2.50000000E-02  1.64718169E-11 -2.46054719E-12 
     260  4.87500000E+02  1.62500000E+02  8.78262420E-01  1.10104415E-01  9.88366836E-01  2.50000000E-02  1.03527287E-09  3.86833688E-10 
     261  5.12500000E+02  1.62500000E+02  8.69145546E-01  1.19221289E-01  9.88366836E-01  2.50000000E-02  1.20091006E-09  4.38187798E-10 
     262  5.37500000E+02  1.62500000E+02  2.82105952E-01  7.06260883E-01  9.88366836E-01  2.50000000E-02  4.36541563E-10 -2.80606938E-10 
     263  5.62500000E+02  1.62500000E+02 -1.76678378E-01  1.16504521E+00  9.88366836E-01  2.50000000E-02  3.58898067E-10  7.32292061E-10 
     264  5.87500000E+02  1.62500000E+02  5.52505683E-01  4.35861153E-01  9.88366836E-01  2.50000000E-02  2.70483243E-10  1.17089414E-09 
     265  6.12500000E+02  1.62500000E+02 -2.66796525E-01  1.25516336E+00  9.88366836E-01  2.50000000E-02  6.81558840E-11  5.32362928E-10 
     266  6.37500000E+02  1.62500000E+02  4.53008486E-01  5.35358349E-01  9.88366836E-01  2.50000000E-02  2.29769870E-11 -2.58853416E-11 
     267  6.62500000E+02  1.62500000E+02 -7.65433764E-01  1.75380060E+00  9.88366836E-01  2.50000000E-02  4.37265567E-11  3.56732187E-12 
     268  6.87500000E+02  1.62500000E+02 -6.92202912E-02  1.05758713E+00  9.88366836E-01  2.50000000E-02  3.15627253E-11  9.44375104E-10 
     269  7.12500000E+02  1.62500000E+02  8.76503252E-01  1.11863584E-01  9.88366836E-01  2.50000000E-02  2.22181746E-10  2.82766876E-10 
     270  7.37500000E+02  1.62500000E+02 -5.37976910E-01  1.52634375E+00  9.88366836E-01  2.50000000E-02  6.87904958E-11  1.08123668E-10 
     271  7.62500000E+02  1.62500000E+02 -7.99079871E-04  9.89165916E-01  9.88366836E-01  2.50000000E-02  7.38360034E-11 -1.17410239E-10 
     272  7.87500000E+02  1.62500000E+02 -6.09372242E-01  1.59773908E+00  9.88366836E-01  2.50000000E-02  1.08214097E-10  1.19931487E-11 
     273  8.12500000E+02  1.62500000E+02  2.42801476E-01  7.45565359E-01  9.88366836E-01  2.50000000E-02  1.01541710E-10  7.15450381E-10 
     274  8.37500000E+02  1.62500000E+02 -4.07254055E-01  1.39562089E+00  9.88366836E-01  2.50000000E-02  6.28420502E-11  3.15736347E-10 
     275  8.62500000E+02  1.62500000E+02 -9.32943653E-01  1.92131049E+00  9.88366836E-01  2.50000000E-02  9.53452895E-11  1.67458167E-10 
     276  8.87500000E+02  1.62500000E+02 -8.73369498E-01  1.86173633E+00  9.88366836E-01  2.50000000E-02  1.12224212E-10  4.67335801E-10 
     277  9.12500000E+02  1.62500000E+02  3.87206214E-01  6.01160622E-01  9.88366836E-01  2.50000000E-02  7.67187823E-11  2.47526175E-10 
     278  9.37500000E+02  1.62500000E+02 -4.53648108E-01  1.44201494E+00  9.88366836E-01  2.50000000E-02  8.15355363E-11  1.11849103E-10 
     279  9.62500000E+02  1.62500000E+02  1.48897342E-01  8.39469494E-01  9.88366836E-01  2.50000000E-02  8.10132173E-11  1.40837287E-10 
     280  9.87500000E+02  1.62500000E+02  6.70755937E-01  3.17610899E-01  9.88366836E-01  2.50000000E-02  2.47781507E-11  1.28757070E-10 
     281  1.25000000E+01  1.87500000E+02 -1.66476527E-01  1.15484336E+00  9.88366835E-01  2.50000000E-02  9.85971089E-12  3.26045665E-10 
     282  3.75000000E+01  1.87500000E+02  2.37551903E-01  7.50814932E-01  9.88366835E-01  2.50000000E-02  4.64955515E-11  2.98224418E-10 
     283  6.25000000E+01  1.87500000E+02  8.86512986E-01  1.01853849E-01  9.88366835E-01  2.50000000E-02  3.98415546E-10  3.53760242E-10 
     284  8.75000000E+01  1.87500000E+02  7.99757613E-02  9.08391074E-01  9.88366835E-01  2.50000000E-02  1.74472958E-10  1.13108998E-09 
     285  1.12500000E+02  1.87500000E+02 -3.21040265E-01  1.30940710E+00  9.88366835E-01  2.50000000E-02  2.91661680E-10 -6.89008113E-10 
     286  1.37500000E+02  1.87500000E+02 -7.68747739E-01  1.75711457E+00  9.88366836E-01  2.50000000E-02  1.08573668E-09  1.53275842E-09 
     287  1.62500000E+02  1.87500000E+02  6.97657624E-01  2.90709211E-01  9.88366834E-01  2.50000000E-02  6.75601495E-09  1.89905915E-08 
     288  1.87500000E+02  1.87500000E+02 -7.86922382E-01  1.77528922E+00  9.88366834E-01  2.50000000E-02  2.41363112E-09  4.54187976E-09 
     289  2.12500000E+02  1.87500000E+02  8.79619040E-01  1.08747796E-01  9.88366835E-01  2.50000000E-02 -1.09293078E-08 -4.76375997E-11 
     290  2.37500000E+02  1.87500000E+02 -5.35190590E-01  1.52355743E+00  9.88366836E-01  2.50000000E-02 -3.45688939E-09  2.87600306E-09 
     291  2.62500000E+02  1.87500000E+02 -9.78600396E-01  1.96696723E+00  9.88366836E-01  2.50000000E-02 -3.01292925E-09 -1.28475424E-08 
     292  2.87500000E+02  1.87500000E+02  3.11980387E-01  6.76386449E-01  9.88366836E-01  2.50000000E-02 -8.89721448E-10 -4.67664940E-09 
     293  3.12500000E+02  1.87500000E+02 -1.53058204E-02  1.00367266E+00  9.88366836E-01  2.50000000E-02  3.39514305E-10  5.84243138E-09 
     294  3.37500000E+02  1.87500000E+02 -5.46319126E-01  1.53468596E+00  9.88366836E-01  2.50000000E-02  4.58860036E-10 -2.79454346E-09 
     295  3.62500000E+02  1.87500000E+02 -2.35273906E-01  1.22364074E+00  9.88366836E-01  2.50000000E-02 -2.89954892E-12  1.38834332E-09 
     296  3.87500000E+02  1.87500000E+02 -3.51627214E-01  1.33999405E+00  9.88366836E-01  2.50000000E-02 -4.52758730E-10 -9.19126018E-10 
     297  4.12500000E+02  1.87500000E+02  8.13906002E-01  1.74460834E-01  9.88366836E-01  2.50000000E-02  5.96548255E-10  6.74963480E-09 
     298  4.37500000E+02  1.87500000E+02  4.28358932E-01  5.60007904E-01  9.88366836E-01  2.50000000E-02  1.14046369E-09  2.05523685E-09 
     299  4.62500000E+02  1.87500000E+02 -1.51875673E-01  1.14024251E+00  9.88366836E-01  2.50000000E-02  1.09700981E-09 -9.28032301E-11 
     300  4.87500000E+02  1.87500000E+02  2.23783840E-01  7.64582996E-01  9.88366836E-01  2.50000000E-02  1.05331367E-09  8.12248537E-11 
     301  5.12500000E+02  1.87500000E+02 -5.94372845E-01  1.58273968E+00  9.88366836E-01  2.50000000E-02  1.09647497E-09  9.26986865E-11 
     302  5.37500000E+02  1.87500000E+02  4.10290570E-01  5.78076266E-01  9.88366836E-01  2.50000000E-02  9.77147198E-10 -3.12507595E-10 
     303  5.62500000E+02  1.87500000E+02  2.14724687E-01  7.73642149E-01  9.88366836E-01  2.50000000E-02  5.94813208E-10  6.77219221E-10 
     304  5.87500000E+02  1.87500000E+02 -9.92053210E-01  1.98042005E+00  9.88366836E-01  2.50000000E-02 -5.50700984E-12  1.03152483E-09 
     305  6.12500000E+02  1.87500000E+02 -9.90360644E-01  1.97872748E+00  9.88366836E-01  2.50000000E-02 -1.09730433E-10  4.21702923E-10 
     306  6.37500000E+02  1.87500000E+02 -5.38917583E-02  1.04225859E+00  9.88366836E-01  2.50000000E-02 -2.45476571E-11 -1.47978863E-10 
     307  6.62500000E+02  1.87500000E+02  1.33030385E-01  8.55336450E-01  9.88366836E-01  2.50000000E-02  4.84258082E-11  1.66177481E-11 
     308  6.87500000E+02  1.87500000E+02 -4.04030470E-01  1.39239731E+00  9.88366836E-01  2.50000000E-02  6.82059297E-11  8.66669080E-10 
     309  7.12500000E+02  1.87500000E+02 -8.13372492E-01  1.80173933E+00  9.88366836E-01  2.50000000E-02  9.99707241E-11  1.27302264E-11 
     310  7.37500000E+02  1.87500000E+02  5.26055641E-01  4.62311194E-01  9.88366836E-01  2.50000000E-02  2.48558149E-10  9.47681146E-11 
     311  7.62500000E+02  1.87500000E+02 -1.21979092E-01  1.11034593E+00  9.88366836E-01  2.50000000E-02  2.62039148E-10 -1.13414237E-10 
     312  7.87500000E+02  1.87500000E+02  9.51504665E-01  3.68621711E-02  9.88366836E-01  2.50000000E-02  3.82721205E-11  2.70754258E-10 
     313  8.12500000E+02  1.87500000E+02  1.21368449E-02  9.76229991E-01  9.88366836E-01  2.50000000E-02 -2.93207295E-10  8.11874488E-10 
     314  8.37500000E+02  1.87500000E+02  5.57994914E-02  9.32567344E-01  9.88366836E-01  2.50000000E-02 -2.43575187E-10  3.08660936E-10 
     315  8.62500000E+02  1.87500000E+02  3.00266358E-01  6.88100477E-01  9.88366836E-01  2.50000000E-02 -1.58675927E-10  2.30580187E-10 
     316  8.87500000E+02  1.87500000E+02  1.38933373E-02  9.74473498E-01  9.88366836E-01  2.50000000E-02 -1.34553882E-10  5.11914673E-10 
     317  9.12500000E+02  1.87500000E+02 -7.75471231E-01  1.76383807E+00  9.88366836E-01  2.50000000E-02 -4.84328627E-11  2.37137421E-10 
     318  9.37500000E+02  1.87500000E+02 -8.13535488E-01  1.80190232E+00  9.88366836E-01  2.50000000E-02 -2.73184725E-12  8.85542515E-11 
     319  9.62500000E+02  1.87500000E+02 -3.31835338E-01  1.32020217E+00  9.88366836E-01  2.50000000E-02 -2.34016841E-12  1.64157407E-10 
     320  9.87500000E+02  1.87500000E+02 -3.84744574E-01  1.37311141E+00  9.88366836E-01  2.50000000E-02 -1.22564844E-11  1.70300049E-10 
     321  1.25000000E+01  2.12500000E+02  2.44844554E-01  7.43522281E-01  9.88366835E-01  2.50000000E-02  5.75130523E-11  3.09486745E-10 
     322  3.75000000E+01  2.12500000E+02 -8.38942158E-01  1.82730899E+00  9.88366835E-01  2.50000000E-02  1.97206993E-10  2.39508760E-10 
     323  6.25000000E+01  2.12500000E+02  8.76437427E-01  1.11929408E-01  9.88366835E-01  2.50000000E-02  2.10583222E-09 -2.69581753E-10 
     324  8.75000000E+01  2.12500000E+02 -9.82525714E-01  1.97089255E+00  9.88366835E-01  2.50000000E-02  2.64827307E-09  7.04033414E-10 
     325  1.12500000E+02  2.12500000E+02  5.51450105E-01  4.36916730E-01  9.88366835E-01  2.50000000E-02  3.27933007E-09 -5.61911827E-10 
     326  1.37500000E+02  2.12500000E+02  9.23851166E-01  6.45156688E-02  9.88366835E-01  2.50000000E-02  2.04712252E-08  9.99505273E-10 
     327  1.62500000E+02  2.12500000E+02  7.21559825E-01  2.66807009E-01  9.88366834E-01  2.50000000E-02  2.45242044E-08  1.79716112E-08 
     328  1.87500000E+02  2.12500000E+02 -5.98162436E-01  1.58652927E+00  9.88366833E-01  2.50000000E-02  1.51074997E-08  9.94654080E-10 
     329  2.12500000E+02  2.12500000E+02 -2.67355377E-01  1.25572221E+00  9.88366835E-01  2.50000000E-02  1.83570520E-08 -8.14584832E-09 
     330  2.37500000E+02  2.12500000E+02  9.29246853E-01  5.91199623E-02  9.88366816E-01  2.50000000E-02  5.81986244E-07 -4.32146414E-08 
     331  2.62500000E+02  2.12500000E+02 -5.41489150E-01  1.52985599E+00  9.88366838E-01  2.50000000E-02  1.16770537E-06 -1.19945162E-08 
     332  2.87500000E+02  2.12500000E+02  9.61606288E-01  2.67605626E-02  9.88366851E-01  2.50000000E-02  6.44924578E-07  7.51510597E-09 
     333  3.12500000E+02  2.12500000E+02 -9.96976256E-01  1.98534309E+00  9.88366837E-01  2.50000000E-02  5.62378770E-08  7.61390222E-09 
     334  3.37500000E+02  2.12500000E+02  7.03037147E-01  2.85329691E-01  9.88366838E-01  2.50000000E-02  3.29444971E-08 -8.11615359E-09 
     335  3.62500000E+02  2.12500000E+02 -9.91669405E-01  1.98003624E+00  9.88366836E-01  2.50000000E-02  4.86350766E-09  1.73426740E-09 
     336  3.87500000E+02  2.12500000E+02 -7.82311094E-01  1.77067793E+00  9.88366836E-01  2.50000000E-02  3.72395641E-09  3.43064285E-10 
     337  4.12500000E+02  2.12500000E+02  6.48352156E-01  3.40014680E-01  9.88366836E-01  2.50000000E-02  5.04681084E-09  6.12867057E-09 
     338  4.37500000E+02  2.12500000E+02  6.96944532E-01  2.91422304E-01  9.88366836E-01  2.50000000E-02  3.37178867E-09  2.13669620E-09 
     339  4.62500000E+02  2.12500000E+02 -8.76132359E-01  1.86449919E+00  9.88366836E-01  2.50000000E-02  6.57206508E-10 -1.13280464E-10 
     340  4.87500000E+02  2.12500000E+02 -5.73095536E-01  1.56146237E+00  9.88366836E-01  2.50000000E-02  4.36840091E-10  1.86987655E-10 
     341  5.12500000E+02  2.12500000E+02 -9.01463864E-01  1.88983070E+00  9.88366836E-01  2.50000000E-02  4.25453802E-10  2.10462075E-10 
     342  5.37500000E+02  2.12500000E+02  7.33343231E-01  2.55023605E-01  9.88366836E-01  2.50000000E-02  8.59746784E-10  2.23459913E-10 
     343  5.62500000E+02  2.12500000E+02 -1.68227038E-01  1.15659387E+00  9.88366836E-01  2.50000000E-02  5.49111836E-10  7.52653001E-10 
     344  5.87500000E+02  2.12500000E+02 -1.82784566E-01  1.17115140E+00  9.88366836E-01  2.50000000E-02  4.45109731E-10  1.12979397E-09 
     345  6.12500000E+02  2.12500000E+02 -7.99218124E-03  9.96359017E-01  9.88366836E-01  2.50000000E-02  3.33057264E-10  5.08319058E-10 
     346  6.37500000E+02  2.12500000E+02  2.75438084E-01  7.12928752E-01  9.88366836E-01  2.50000000E-02  3.50125697E-10 -8.03074257E-11 
     347  6.62500000E+02  2.12500000E+02  9.24385959E-01  6.39808772E-02  9.88366836E-01  2.50000000E-02  5.63207522E-10  2.27417177E-10 
     348  6.87500000E+02  2.12500000E+02 -1.36616828E-01  1.12498366E+00  9.88366836E-01  2.50000000E-02  9.53489502E-11  7.91235422E-10 
     349  7.12500000E+02  2.12500000E+02 -5.19049607E-01  1.50741644E+00  9.88366836E-01  2.50000000E-02  1.02232790E-10  2.27853376E-11 
     350  7.37500000E+02  2.12500000E+02  8.47420159E-01  1.40946677E-01  9.88366836E-01  2.50000000E-02  3.50577692E-10  3.20617297E-10 
     351  7.62500000E+02  2.12500000E+02  9.79561948E-01  8.80488752E-03  9.88366836E-01  2.50000000E-02  9.88629669E-10  5.53618811E-10 
     352  7.87500000E+02  2.12500000E+02  3.08941214E-01  6.79425622E-01  9.88366836E-01  2.50000000E-02  1.12585278E-10 -7.29753279E-11 
     353  8.12500000E+02  2.12500000E+02 -3.97161530E-01  1.38552837E+00  9.88366836E-01  2.50000000E-02  8.06010614E-11  7.79006459E-10 
     354  8.37500000E+02  2.12500000E+02  7.58434357E-01  2.29932479E-01  9.88366836E-01  2.50000000E-02 -7.07617738E-11  4.63545035E-10 
     355  8.62500000E+02  2.12500000E+02 -5.78647185E-01  1.56701402E+00  9.88366836E-01  2.50000000E-02 -1.07586102E-10  1.73216740E-10 
     356  8.87500000E+02  2.12500000E+02  4.66734109E-02  9.41693425E-01  9.88366836E-01  2.50000000E-02 -1.18547990E-10  4.88459012E-10 
     357  9.12500000E+02  2.12500000E+02  8.68719284E-01  1.19647552E-01  9.88366836E-01  2.50000000E-02 -2.18044136E-10  3.50730535E-10 
     358  9.37500000E+02  2.12500000E+02 -2.26269460E-01  1.21463630E+00  9.88366836E-01  2.50000000E-02  2.46127831E-11  7.63875811E-11 
     359  9.62500000E+02  2.12500000E+02 -7.63339254E-01  1.75170609E+00  9.88366836E-01  2.50000000E-02  3.21733783E-11  2.12304348E-10 
     360  9.87500000E+02  2.12500000E+02  9.44908009E-01  4.34588271E-02  9.88366836E-01  2.50000000E-02  9.22374620E-11  4.78593409E-10 
     361  1.25000000E+01  2.37500000E+02  3.55041820E-01  6.33325015E-01  9.88366835E-01  2.50000000E-02  4.25214051E-11  2.18467042E-10 
     362  3.75000000E+01  2.37500000E+02  3.41509921E-01  6.46856914E-01  9.88366835E-01  2.50000000E-02  1.46301379E-10  1.18984753E-10 
     363  6.25000000E+01  2.37500000E+02 -5.68093173E-01  1.55646001E+00  9.88366835E-01  2.50000000E-02  2.52132947E-10 -5.27261222E-10 
     364  8.75000000E+01  2.37500000E+02  2.68487339E-01  7.19879496E-01  9.88366835E-01  2.50000000E-02  3.18378712E-10  1.51707685E-10 
     365  1.12500000E+02  2.37500000E+02 -7.27306446E-01  1.71567328E+00  9.88366835E-01  2.50000000E-02  3.59061137E-10 -4.35140508E-10 
     366  1.37500000E+02  2.37500000E+02  5.67759217E-01  4.20607618E-01  9.88366835E-01  2.50000000E-02  3.91417807E-10 -2.53620801E-09 
     367  1.62500000E+02  2.37500000E+02  9.79894557E-01  8.47227825E-03  9.88366835E-01  2.50000000E-02  1.80458030E-09 -5.72988222E-09 
     368  1.87500000E+02  2.37500000E+02  1.12566056E-02  9.77110230E-01  9.88366835E-01  2.50000000E-02 -2.32570082E-09 -4.12216413E-09 
     369  2.12500000E+02  2.37500000E+02  1.03523423E-01  8.84843412E-01  9.88366835E-01  2.50000000E-02 -3.05631900E-09 -8.04278196E-09 
     370  2.37500000E+02  2.37500000E+02  3.41537357E-01  6.46829478E-01  9.88366835E-01  2.50000000E-02 -5.58717216E-09 -1.02311568E-07 
     371  2.62500000E+02  2.37500000E+02  3.30516002E-01  6.57850833E-01  9.88366835E-01  2.50000000E-02 -7.07931117E-09 -1.65339574E-09 
     372  2.87500000E+02  2.37500000E+02  4.31850495E-01  5.56516340E-01  9.88366835E-01  2.50000000E-02 -6.28807775E-09  7.28270787E-09 
     373  3.12500000E+02  2.37500000E+02  3.44948787E-01  6.43418048E-01  9.88366835E-01  2.50000000E-02 -5.54905366E-09  9.60283246E-09 
     374  3.37500000E+02  2.37500000E+02  8.99211308E-01  8.91555277E-02  9.88366836E-01  2.50000000E-02 -5.82638889E-09  9.63761453E-09 
     375  3.62500000E+02  2.37500000E+02 -2.08322164E-01  1.19668900E+00  9.88366836E-01  2.50000000E-02 -4.70096538E-10  2.16119709E-09 
     376  3.87500000E+02  2.37500000E+02  1.34885945E-01  8.53480891E-01  9.88366836E-01  2.50000000E-02 -5.38711274E-10  3.28939429E-09 
     377  4.12500000E+02  2.37500000E+02  6.77860891E-01  3.10505945E-01  9.88366836E-01  2.50000000E-02 -6.73836866E-10  5.52625084E-09 
     378  4.37500000E+02  2.37500000E+02  5.42106827E-01  4.46260009E-01  9.88366836E-01  2.50000000E-02  8.18180702E-10  2.96550423E-09 
     379  4.62500000E+02  2.37500000E+02  5.81020619E-01  4.07346217E-01  9.88366836E-01  2.50000000E-02  1.60035271E-09 -1.09641773E-11 
     380  4.87500000E+02  2.37500000E+02  8.48891551E-01  1.39475285E-01  9.88366836E-01  2.50000000E-02  2.06013167E-09  2.01694289E-09 
     381  5.12500000E+02  2.37500000E+02  6.13149962E-01  3.75216874E-01  9.88366836E-01  2.50000000E-02  1.22539782E-09  1.40590870E-09 
     382  5.37500000E+02  2.37500000E+02  7.83830333E-01  2.04536502E-01  9.88366836E-01  2.50000000E-02  9.50601955E-10  8.25307818E-10 
     383  5.62500000E+02  2.37500000E+02  9.08825902E-01  7.95409337E-02  9.88366836E-01  2.50000000E-02  6.93849293E-10  1.63216345E-09 
     384  5.87500000E+02  2.37500000E+02 -1.34468632E-01  1.12283547E+00  9.88366836E-01  2.50000000E-02  2.57863587E-10  1.42782491E-09 
     385  6.12500000E+02  2.37500000E+02  3.34650640E-01  6.53716196E-01  9.88366836E-01  2.50000000E-02  2.21667978E-10  7.72253942E-10 
     386  6.37500000E+02  2.37500000E+02  4.15609584E-01  5.72757251E-01  9.88366836E-01  2.50000000E-02  1.88640844E-10  9.09603943E-11 
     387  6.62500000E+02  2.37500000E+02 -9.77713809E-01  1.96608064E+00  9.88366836E-01  2.50000000E-02 -1.34630976E-11  1.29258760E-10 
     388  6.87500000E+02  2.37500000E+02 -1.11305828E-01  1.09967266E+00  9.88366836E-01  2.50000000E-02 -6.74195710E-11  7.27208323E-10 
     389  7.12500000E+02  2.37500000E+02  8.58179792E-01  1.30187043E-01  9.88366836E-01  2.50000000E-02  5.01397227E-10  5.10836198E-10 
     390  7.37500000E+02  2.37500000E+02  4.32972426E-01  5.55394409E-01  9.88366836E-01  2.50000000E-02  5.45746725E-10  2.56907253E-10 
     391  7.62500000E+02  2.37500000E+02  9.65989899E-01  2.23769364E-02  9.88366836E-01  2.50000000E-02  2.48364220E-10  4.37218208E-10 
     392  7.87500000E+02  2.37500000E+02  1.24913734E-01  8.63453102E-01  9.88366836E-01  2.50000000E-02 -2.10811695E-12 -6.38579827E-11 
     393  8.12500000E+02  2.37500000E+02 -2.80744632E-01  1.26911147E+00  9.88366836E-01  2.50000000E-02  7.57325453E-11  7.76849050E-10 
     394  8.37500000E+02  2.37500000E+02 -2.61851218E-01  1.25021805E+00  9.88366836E-01  2.50000000E-02  5.19708272E-11  2.54667381E-10 
     395  8.62500000E+02  2.37500000E+02 -7.91797223E-01  1.78016406E+00  9.88366836E-01  2.50000000E-02  1.22807575E-11  1.74998570E-10 
     396  8.87500000E+02  2.37500000E+02 -5.79944574E-01  1.56831141E+00  9.88366836E-01  2.50000000E-02  7.22330360E-11  4.75312491E-10 
     397  9.12500000E+02  2.37500000E+02 -3.91335675E-01  1.37970251E+00  9.88366836E-01  2.50000000E-02  1.20459129E-10  1.61457376E-10 
     398  9.37500000E+02  2.37500000E+02  9.45837524E-01  4.25293120E-02  9.88366836E-01  2.50000000E-02  2.07507935E-10  6.89462736E-10 
     399  9.62500000E+02  2.37500000E+02  3.37232494E-01  6.51134342E-01  9.88366836E-01  2.50000000E-02  6.49905404E-11  3.43223543E-10 
     400  9.87500000E+02  2.37500000E+02  1.21210509E-01  8.67156326E-01  9.88366836E-01  2.50000000E-02  2.46331661E-11  8.13493048E-11 
     401  1.25000000E+01  2.62500000E+02 -9.34840164E-01  1.92320700E+00  9.88366835E-01  2.50000000E-02  2.47016302E-11  1.63318365E-10 
     402  3.75000000E+01  2.62500000E+02 -9.55515730E-01  1.94388257E+00  9.88366835E-01  2.50000000E-02  7.32323896E-11  6.69387717E-12 
     403  6.25000000E+01  2.62500000E+02  6.26565141E-01  3.61801695E-01  9.88366835E-01  2.50000000E-02  4.55096940E-10 -5.62105899E-10 
     404  8.75000000E+01  2.62500000E+02 -7.22820953E-01  1.71118779E+00  9.88366835E-01  2.50000000E-02  8.07066169E-10  1.07105584E-10 
     405  1.12500000E+02  2.62500000E+02  7.85906675E-01  2.02460160E-01  9.88366835E-01  2.50000000E-02  1.82644490E-09 -5.37928165E-10 
     406  1.37500000E+02  2.62500000E+02  8.95852159E-01  9.25146758E-02  9.88366835E-01  2.50000000E-02  3.45981716E-09 -1.72078598E-09 
     407  1.62500000E+02  2.62500000E+02 -5.06916641E-01  1.49528348E+00  9.88366835E-01  2.50000000E-02  2.96042043E-09 -2.75177597E-09 
     408  1.87500000E+02  2.62500000E+02 -5.87829816E-01  1.57619665E+00  9.88366835E-01  2.50000000E-02  2.99099942E-09 -2.06756601E-09 
     409  2.12500000E+02  2.62500000E+02 -1.34708598E-01  1.12307543E+00  9.88366835E-01  2.50000000E-02  3.38284803E-09 -6.24423262E-09 
     410  2.37500000E+02  2.62500000E+02  8.47734741E-01  1.40632092E-01  9.88366833E-01  2.50000000E-02 -3.44578294E-09 -5.72545035E-08 
     411  2.62500000E+02  2.62500000E+02  4.76887218E-01  5.11479618E-01  9.88366836E-01  2.50000000E-02 -7.75779002E-09 -1.61344098E-09 
     412  2.87500000E+02  2.62500000E+02  2.00159583E-01  7.88207253E-01  9.88366836E-01  2.50000000E-02 -4.75948839E-09  4.50997334E-09 
     413  3.12500000E+02  2.62500000E+02 -4.78297783E-01  1.46666462E+00  9.88366835E-01  2.50000000E-02 -3.56475496E-09  7.16136179E-09 
     414  3.37500000E+02  2.62500000E+02  3.56056858E-01  6.32309978E-01  9.88366835E-01  2.50000000E-02 -2.62574951E-09  4.67634722E-10 
     415  3.62500000E+02  2.62500000E+02 -4.05332105E-01  1.39369894E+00  9.88366836E-01  2.50000000E-02 -5.46173241E-10  2.27592525E-09 
     416  3.87500000E+02  2.62500000E+02 -3.03954547E-01  1.29232138E+00  9.88366835E-01  2.50000000E-02 -1.23603723E-10  2.78270794E-09 
     417  4.12500000E+02  2.62500000E+02 -8.01330835E-01  1.78969767E+00  9.88366836E-01  2.50000000E-02 -2.83674569E-10  2.44521287E-09 
     418  4.37500000E+02  2.62500000E+02  9.54547333E-01  3.38195024E-02  9.88366836E-01  2.50000000E-02 -1.89397721E-09  5.49742556E-09 
     419  4.62500000E+02  2.62500000E+02  8.90316133E-01  9.80507030E-02  9.88366836E-01  2.50000000E-02 -6.89000985E-10  1.76416802E-09 
     420  4.87500000E+02  2.62500000E+02  7.08974002E-01  2.79392834E-01  9.88366836E-01  2.50000000E-02 -1.01775509E-09  2.17094884E-09 
     421  5.12500000E+02  2.62500000E+02  6.65835253E-01  3.22531582E-01  9.88366836E-01  2.50000000E-02 -7.59869178E-10  1.82604911E-09 
     422  5.37500000E+02  2.62500000E+02 -7.56810450E-01  1.74517729E+00  9.88366836E-01  2.50000000E-02 -1.20017070E-10  1.31746302E-09 
     423  5.62500000E+02  2.62500000E+02  2.22872355E-01  7.65494481E-01  9.88366836E-01  2.50000000E-02 -2.64656050E-10  1.05535544E-09 
     424  5.87500000E+02  2.62500000E+02  1.94286672E-01  7.94080164E-01  9.88366836E-01  2.50000000E-02 -5.88698687E-10  1.71303527E-09 
     425  6.12500000E+02  2.62500000E+02  3.02195158E-01  6.86171677E-01  9.88366836E-01  2.50000000E-02 -6.65535229E-10  7.77577203E-10 
     426  6.37500000E+02  2.62500000E+02 -1.01702793E-01  1.09006963E+00  9.88366836E-01  2.50000000E-02 -4.98204467E-10  1.28350942E-10 
     427  6.62500000E+02  2.62500000E+02 -8.44736268E-01  1.83310310E+00  9.88366836E-01  2.50000000E-02 -4.65145256E-10  1.61398944E-10 
     428  6.87500000E+02  2.62500000E+02 -1.13311707E-02  9.99698006E-01  9.88366836E-01  2.50000000E-02 -4.39366838E-10  7.04139362E-10 
     429  7.12500000E+02  2.62500000E+02  6.77916363E-01  3.10450473E-01  9.88366836E-01  2.50000000E-02 -2.81394027E-11  4.27069688E-10 
     430  7.37500000E+02  2.62500000E+02 -5.21512721E-01  1.50987956E+00  9.88366836E-01  2.50000000E-02 -3.15243013E-11  2.29272513E-10 
     431  7.62500000E+02  2.62500000E+02  4.69066451E-01  5.19300385E-01  9.88366836E-01  2.50000000E-02 -4.35391821E-11  1.33439742E-10 
     432  7.87500000E+02  2.62500000E+02 -8.56823764E-01  1.84519060E+00  9.88366836E-01  2.50000000E-02 -8.13625456E-11 -5.21128915E-11 
     433  8.12500000E+02  2.62500000E+02  8.59767371E-02  9.02390099E-01  9.88366836E-01  2.50000000E-02 -8.80251853E-11  8.54353342E-10 
     434  8.37500000E+02  2.62500000E+02 -1.82638404E-01  1.17100524E+00  9.88366836E-01  2.50000000E-02 -1.06693541E-10  2.47400327E-10 
     435  8.62500000E+02  2.62500000E+02  2.06930704E-01  7.81436132E-01  9.88366836E-01  2.50000000E-02 -9.60601964E-11  2.44283267E-10 
     436  8.87500000E+02  2.62500000E+02  4.00383273E-01  5.87983562E-01  9.88366836E-01  2.50000000E-02 -6.57475268E-12  4.92045905E-10 
     437  9.12500000E+02  2.62500000E+02 -2.58413072E-01  1.24677991E+00  9.88366836E-01  2.50000000E-02  9.02363805E-11  1.62212367E-10 
     438  9.37500000E+02  2.62500000E+02 -7.37106387E-01  1.72547322E+00  9.88366836E-01  2.50000000E-02  2.79029331E-11  2.79836685E-10 
     439  9.62500000E+02  2.62500000E+02 -8.13081408E-01  1.80144824E+00  9.88366836E-01  2.50000000E-02  4.23367770E-12  3.49796915E-10 
     440  9.87500000E+02  2.62500000E+02 -5.16564687E-01  1.50493152E+00  9.88366836E-01  2.50000000E-02  1.86511330E-11  8.15241555E-11 
     441  1.25000000E+01  2.87500000E+02  8.33477417E-01  1.54889418E-01  9.88366835E-01  2.50000000E-02  3.21091996E-11  3.56796199E-11 
     442  3.75000000E+01  2.87500000E+02 -9.98707575E-01  1.98707441E+00  9.88366835E-01  2.50000000E-02  3.15158352E-11 -1.16770048E-11 
     443  6.25000000E+01  2.87500000E+02 -3.28974606E-01  1.31734144E+00  9.88366835E-01  2.50000000E-02  5.53235654E-11 -4.99923071E-10 
     444  8.75000000E+01  2.87500000E+02  7.84918661E-01  2.03448174E-01  9.88366835E-01  2.50000000E-02  6.69277599E-10 -1.96425814E-10 
     445  1.12500000E+02  2.87500000E+02 -9.03909283E-02  1.07875776E+00  9.88366835E-01  2.50000000E-02  9.57803745E-10 -7.82507739E-10 
     446  1.37500000E+02  2.87500000E+02  4.75391453E-02  9.40827690E-01  9.88366835E-01  2.50000000E-02  9.84800593E-10 -1.00854208E-09 
     447  1.62500000E+02  2.87500000E+02 -8.47335720E-01  1.83570255E+00  9.88366835E-01  2.50000000E-02  4.26301212E-11 -3.02827136E-09 
     448  1.87500000E+02  2.87500000E+02 -4.00822679E-01  1.38918951E+00  9.88366835E-01  2.50000000E-02 -1.26908616E-09 -1.49205068E-09 
     449  2.12500000E+02  2.87500000E+02  2.14785155E-02  9.66888319E-01  9.88366835E-01  2.50000000E-02 -4.34688787E-09 -5.18562780E-09 
     450  2.37500000E+02  2.87500000E+02 -5.47241463E-01  1.53560830E+00  9.88366836E-01  2.50000000E-02 -5.25146631E-09 -5.00524186E-09 
     451  2.62500000E+02  2.87500000E+02 -2.74508318E-01  1.26287515E+00  9.88366835E-01  2.50000000E-02 -5.10840613E-09 -1.41952775E-09 
     452  2.87500000E+02  2.87500000E+02  1.64184089E-01  8.24182747E-01  9.88366836E-01  2.50000000E-02 -5.77774317E-09  2.82527509E-09 
     453  3.12500000E+02  2.87500000E+02  3.72539936E-01  6.15826899E-01  9.88366836E-01  2.50000000E-02 -5.13205557E-09  5.89074169E-09 
     454  3.37500000E+02  2.87500000E+02 -6.12205178E-01  1.60057201E+00  9.88366835E-01  2.50000000E-02 -4.85337725E-09 -2.53363310E-10 
     455  3.62500000E+02  2.87500000E+02  5.38933411E-01  4.49433424E-01  9.88366836E-01  2.50000000E-02 -4.50523680E-09  2.11691875E-09 
     456  3.87500000E+02  2.87500000E+02 -6.94758963E-01  1.68312580E+00  9.88366836E-01  2.50000000E-02 -3.18008473E-09  2.54335595E-09 
     457  4.12500000E+02  2.87500000E+02  2.53964569E-01  7.34402267E-01  9.88366836E-01  2.50000000E-02 -1.90981924E-09  1.73711651E-09 
     458  4.37500000E+02  2.87500000E+02 -4.05095158E-01  1.39346199E+00  9.88366835E-01  2.50000000E-02 -1.09103398E-09  4.73078834E-11 
     459  4.62500000E+02  2.87500000E+02  4.50713467E-01  5.37653369E-01  9.88366836E-01  2.50000000E-02 -1.03391845E-09  2.31087569E-10 
     460  4.87500000E+02  2.87500000E+02  4.34032856E-01  5.54333980E-01  9.88366835E-01  2.50000000E-02 -1.01627280E-09  9.84889897E-10 
     461  5.12500000E+02  2.87500000E+02  8.53116490E-01  1.35250346E-01  9.88366836E-01  2.50000000E-02 -1.86201219E-09  2.10907240E-09 
     462  5.37500000E+02  2.87500000E+02  9.51742552E-01  3.66242838E-02  9.88366836E-01  2.50000000E-02 -1.75308759E-09  1.84239563E-09 
     463  5.62500000E+02  2.87500000E+02  4.66086404E-01  5.22280432E-01  9.88366836E-01  2.50000000E-02 -6.07102387E-11  9.83608907E-10 
     464  5.87500000E+02  2.87500000E+02 -6.44614476E-01  1.63298131E+00  9.88366836E-01  2.50000000E-02 -3.73892866E-11  1.66518528E-09 
     465  6.12500000E+02  2.87500000E+02 -3.96191500E-01  1.38455834E+00  9.88366836E-01  2.50000000E-02 -3.84759115E-11  4.47231135E-10 
     466  6.37500000E+02  2.87500000E+02  9.33081605E-01  5.52852305E-02  9.88366836E-01  2.50000000E-02 -2.90037421E-10  1.27548494E-09 
     467  6.62500000E+02  2.87500000E+02 -3.17314769E-01  1.30568160E+00  9.88366836E-01  2.50000000E-02 -5.89479024E-12  2.09703867E-10 
     468  6.87500000E+02  2.87500000E+02  7.96572196E-01  1.91794640E-01  9.88366836E-01  2.50000000E-02  1.74275476E-10  7.98299902E-10 
     469  7.12500000E+02  2.87500000E+02  8.09256149E-01  1.79110686E-01  9.88366836E-01  2.50000000E-02  3.07252812E-10  4.12032737E-10 
     470  7.37500000E+02  2.87500000E+02  4.17497295E-01  5.70869541E-01  9.88366836E-01  2.50000000E-02  2.57729426E-10  2.28079728E-10 
     471  7.62500000E+02  2.87500000E+02  7.71770057E-01  2.16596779E-01  9.88366836E-01  2.50000000E-02  2.39570436E-10  1.98333645E-10 
     472  7.87500000E+02  2.87500000E+02  9.31914994E-01  5.64518421E-02  9.88366836E-01  2.50000000E-02  1.96554573E-10  1.76569323E-10 
     473  8.12500000E+02  2.87500000E+02 -3.74138657E-01  1.36250549E+00  9.88366836E-01  2.50000000E-02  1.58472422E-10  8.85663589E-10 
     474  8.37500000E+02  2.87500000E+02 -8.49988818E-01  1.83835565E+00  9.88366836E-01  2.50000000E-02  1.68993063E-10  3.33074015E-10 
     475  8.62500000E+02  2.87500000E+02  7.00082609E-01  2.88284227E-01  9.88366836E-01  2.50000000E-02  2.58122312E-10  3.45729905E-10 
     476  8.87500000E+02  2.87500000E+02 -9.10670425E-01  1.89903726E+00  9.88366836E-01  2.50000000E-02  3.84603471E-10  4.93089661E-10 
     477  9.12500000E+02  2.87500000E+02  6.07538114E-01  3.80828722E-01  9.88366836E-01  2.50000000E-02  4.57891680E-10  2.01378804E-10 
     478  9.37500000E+02  2.87500000E+02  2.30521661E-01  7.57845175E-01  9.88366836E-01  2.50000000E-02  3.96760312E-10  3.41623471E-10 
     479  9.62500000E+02  2.87500000E+02  7.48881598E-01  2.39485238E-01  9.88366836E-01  2.50000000E-02  1.93127951E-10  5.56451469E-10 
     480  9.87500000E+02  2.87500000E+02 -4.58150855E-01  1.44651769E+00  9.88366836E-01  2.50000000E-02  6.81130076E-12  1.20395540E-10 
     481  1.25000000E+01  3.12500000E+02  8.89455632E-01  9.89112033E-02  9.88366835E-01  2.50000000E-02  1.27091907E-10 -1.75340213E-10 
     482  3.75000000E+01  3.12500000E+02 -6.31376517E-01  1.61974335E+00  9.88366835E-01  2.50000000E-02  2.44014599E-10 -6.90077088E-11 
     483  6.25000000E+01  3.12500000E+02  3.05552792E-01  6.82814043E-01  9.88366835E-01  2.50000000E-02  2.48556114E-10 -4.45737738E-10 
     484  8.75000000E+01  3.12500000E+02  1.01249800E-01  8.87117036E-01  9.88366835E-01  2.50000000E-02  3.66250804E-10 -3.47045548E-10 
     485  1.12500000E+02  3.12500000E+02 -6.71278176E-01  1.65964501E+00  9.88366835E-01  2.50000000E-02  5.66748584E-10 -5.98477811E-10 
     486  1.37500000E+02  3.12500000E+02  7.13473855E-01  2.74892980E-01  9.88366835E-01  2.50000000E-02  1.33521323E-09 -8.66686316E-10 
     487  1.62500000E+02  3.12500000E+02  3.81535222E-01  6.06831613E-01  9.88366835E-01  2.50000000E-02  1.33859090E-09 -4.17243326E-09 
     488  1.87500000E+02  3.12500000E+02  9.56451482E-01  3.19153534E-02  9.88366835E-01  2.50000000E-02 -1.59184211E-09 -5.92919395E-09 
     489  2.12500000E+02  3.12500000E+02  7.75383494E-01  2.12983341E-01  9.88366835E-01  2.50000000E-02 -3.81698041E-09 -5.21165167E-09 
     490  2.37500000E+02  3.12500000E+02 -7.42396327E-01  1.73076316E+00  9.88366835E-01  2.50000000E-02 -4.96919788E-09 -4.02923462E-09 
     491  2.62500000E+02  3.12500000E+02  1.02374976E-01  8.85991859E-01  9.88366835E-01  2.50000000E-02 -4.87282190E-09 -1.97728931E-09 
     492  2.87500000E+02  3.12500000E+02 -7.45134914E-01  1.73350175E+00  9.88366836E-01  2.50000000E-02 -2.51922770E-09  2.00335163E-09 
     493  3.12500000E+02  3.12500000E+02 -9.64563739E-01  1.95293057E+00  9.88366836E-01  2.50000000E-02 -1.19834732E-09  5.55097269E-09 
     494  3.37500000E+02  3.12500000E+02 -5.81170204E-01  1.56953704E+00  9.88366835E-01  2.50000000E-02 -6.39811283E-10 -3.82432472E-10 
     495  3.62500000E+02  3.12500000E+02 -7.55561457E-01  1.74392829E+00  9.88366835E-01  2.50000000E-02 -7.12232670E-10  5.92378706E-10 
     496  3.87500000E+02  3.12500000E+02 -3.49295018E-01  1.33766185E+00  9.88366835E-01  2.50000000E-02 -7.31173570E-10  2.22658180E-09 
     497  4.12500000E+02  3.12500000E+02  9.88179630E-01  1.87205806E-04  9.88366836E-01  2.50000000E-02 -2.53735656E-08  4.18954276E-08 
     498  4.37500000E+02  3.12500000E+02  1.76495243E-01  8.11871593E-01  9.88366836E-01  2.50000000E-02 -8.22946428E-10  4.15349720E-10 
     499  4.62500000E+02  3.12500000E+02 -6.12133846E-02  1.04958022E+00  9.88366836E-01  2.50000000E-02 -8.81317729E-10  2.76683213E-10 
     500  4.87500000E+02  3.12500000E+02 -1.10749767E-01  1.09911660E+00  9.88366836E-01  2.50000000E-02 -1.03518375E-09  5.98027712E-10 
     501  5.12500000E+02  3.12500000E+02  1.54185328E-01  8.34181507E-01  9.88366836E-01  2.50000000E-02 -1.12567430E-09  1.67151647E-09 
     502  5.37500000E+02  3.12500000E+02  1.54441631E-03  9.86822419E-01  9.88366836E-01  2.50000000E-02 -1.08186585E-09  2.83271690E-10 
     503  5.62500000E+02  3.12500000E+02 -2.09939076E-01  1.19830591E+00  9.88366836E-01  2.50000000E-02 -9.75658788E-10  9.78474616E-10 
     504  5.87500000E+02  3.12500000E+02  8.37053587E-02  9.04661477E-01  9.88366836E-01  2.50000000E-02 -7.31015653E-10  1.47739933E-09 
     505  6.12500000E+02  3.12500000E+02 -9.84763029E-01  1.97312986E+00  9.88366836E-01  2.50000000E-02 -5.76614195E-10  1.94732759E-10 
     506  6.37500000E+02  3.12500000E+02  4.72295481E-01  5.16071355E-01  9.88366836E-01  2.50000000E-02 -4.83072714E-10  2.48958866E-10 
     507  6.62500000E+02  3.12500000E+02 -6.67066766E-01  1.65543360E+00  9.88366836E-01  2.50000000E-02 -2.04476640E-10  1.51197309E-10 
     508  6.87500000E+02  3.12500000E+02 -4.64834171E-01  1.45320101E+00  9.88366836E-01  2.50000000E-02 -1.37811091E-10  1.44155379E-10 
     509  7.12500000E+02  3.12500000E+02 -2.73507669E-01  1.26187450E+00  9.88366836E-01  2.50000000E-02 -1.59602992E-10  1.54643371E-10 
     510  7.37500000E+02  3.12500000E+02 -9.70003133E-01  1.95836997E+00  9.88366836E-01  2.50000000E-02 -2.02218471E-10  7.30496642E-11 
     511  7.62500000E+02  3.12500000E+02  2.81929733E-01  7.06437103E-01  9.88366836E-01  2.50000000E-02 -2.60573171E-10  1.24506427E-10 
     512  7.87500000E+02  3.12500000E+02  2.41078169E-01  7.47288666E-01  9.88366836E-01  2.50000000E-02 -3.02102811E-10  4.75026061E-11 
     513  8.12500000E+02  3.12500000E+02  3.95770170E-01  5.92596665E-01  9.88366836E-01  2.50000000E-02 -3.08214046E-10  9.04665363E-10 
     514  8.37500000E+02  3.12500000E+02 -6.42047305E-02  1.05257157E+00  9.88366836E-01  2.50000000E-02 -2.75893976E-10  3.92952013E-10 
     515  8.62500000E+02  3.12500000E+02  6.23029571E-01  3.65337264E-01  9.88366836E-01  2.50000000E-02 -2.79130192E-10  2.71087085E-10 
     516  8.87500000E+02  3.12500000E+02  7.02108725E-01  2.86258110E-01  9.88366836E-01  2.50000000E-02 -1.83938409E-10  4.87968715E-10 
     517  9.12500000E+02  3.12500000E+02 -3.55302842E-03  9.91919864E-01  9.88366836E-01  2.50000000E-02 -3.48363886E-11  1.24470002E-10 
     518  9.37500000E+02  3.12500000E+02 -9.62513231E-01  1.95088007E+00  9.88366836E-01  2.50000000E-02 -7.16772813E-12  4.60314782E-10 
     519  9.62500000E+02  3.12500000E+02 -6.76846554E-01  1.66521339E+00  9.88366836E-01  2.50000000E-02  1.23425556E-11  6.59804712E-10 
     520  9.87500000E+02  3.12500000E+02  5.26013183E-01  4.62353652E-01  9.88366836E-01  2.50000000E-02  4.42578632E-11  3.64252097E-10 
     521  1.25000000E+01  3.37500000E+02 -4.61756070E-01  1.45012291E+00  9.88366835E-01  2.50000000E-02  5.15333344E-11 -1.30686493E-10 
     522  3.75000000E+01  3.37500000E+02 -5.57306245E-01  1.54567308E+00  9.88366835E-01  2.50000000E-02  6.94093130E-11 -1.30185312E-10 
     523  6.25000000E+01  3.37500000E+02 -8.43123585E-01  1.83149042E+00  9.88366835E-01  2.50000000E-02  6.24227753E-11 -3.39815862E-10 
     524  8.75000000E+01  3.37500000E+02 -6.36874693E-01  1.62524153E+00  9.88366835E-01  2.50000000E-02  6.77727238E-11 -3.65773773E-10 
     525  1.12500000E+02  3.37500000E+02 -8.62173038E-01  1.85053987E+00  9.88366835E-01  2.50000000E-02 -5.49555976E-11 -5.43027496E-10 
     526  1.37500000E+02  3.37500000E+02 -9.98801574E-01  1.98716841E+00  9.88366835E-01  2.50000000E-02 -9.40406769E-11 -3.60831713E-10 
     527  1.62500000E+02  3.37500000E+02  4.97561888E-01  4.90804947E-01  9.88366835E-01  2.50000000E-02  2.11040833E-10 -4.21264553E-09 
     528  1.87500000E+02  3.37500000E+02  5.55506505E-01  4.32860331E-01  9.88366835E-01  2.50000000E-02  6.90193946E-10 -1.51122643E-09 
     529  2.12500000E+02  3.37500000E+02 -5.14768477E-01  1.50313531E+00  9.88366835E-01  2.50000000E-02  1.70849725E-09 -1.00369193E-09 
     530  2.37500000E+02  3.37500000E+02  4.49690095E-01  5.38676740E-01  9.88366835E-01  2.50000000E-02  1.79866250E-09 -4.20677555E-09 
     531  2.62500000E+02  3.37500000E+02  2.08834336E-01  7.79532499E-01  9.88366835E-01  2.50000000E-02  1.36083869E-09 -2.45482818E-09 
     532  2.87500000E+02  3.37500000E+02  8.80607532E-01  1.07759303E-01  9.88366836E-01  2.50000000E-02 -5.14717781E-10  3.74828360E-09 
     533  3.12500000E+02  3.37500000E+02  7.62143809E-01  2.26223027E-01  9.88366836E-01  2.50000000E-02  7.04037384E-10  5.15962917E-09 
     534  3.37500000E+02  3.37500000E+02  1.91182312E-01  7.97184523E-01  9.88366835E-01  2.50000000E-02  2.07996162E-10 -3.83388617E-10 
     535  3.62500000E+02  3.37500000E+02 -4.39467332E-01  1.42783417E+00  9.88366836E-01  2.50000000E-02  1.15354754E-10  4.13206905E-10 
     536  3.87500000E+02  3.37500000E+02 -6.68779376E-01  1.65714621E+00  9.88366836E-01  2.50000000E-02  1.36237810E-10  1.66768419E-09 
     537  4.12500000E+02  3.37500000E+02 -5.55079330E-01  1.54344617E+00  9.88366835E-01  2.50000000E-02  4.87571821E-11  7.22129844E-10 
     538  4.37500000E+02  3.37500000E+02 -1.77210822E-01  1.16557766E+00  9.88366835E-01  2.50000000E-02 -2.25571679E-10  8.19967950E-10 
     539  4.62500000E+02  3.37500000E+02 -3.32755791E-01  1.32112263E+00  9.88366836E-01  2.50000000E-02 -3.59147129E-10  2.18636262E-10 
     540  4.87500000E+02  3.37500000E+02  4.02397733E-01  5.85969103E-01  9.88366836E-01  2.50000000E-02 -4.11316181E-10  4.65053968E-10 
     541  5.12500000E+02  3.37500000E+02  9.35292297E-01  5.30745391E-02  9.88366836E-01  2.50000000E-02 -1.03422657E-09  1.54201264E-09 
     542  5.37500000E+02  3.37500000E+02  9.15586516E-02  8.96808184E-01  9.88366836E-01  2.50000000E-02 -5.37903525E-10  2.95773028E-10 
     543  5.62500000E+02  3.37500000E+02  8.15716200E-01  1.72650635E-01  9.88366836E-01  2.50000000E-02 -2.97011998E-10  8.23930331E-10 
     544  5.87500000E+02  3.37500000E+02 -5.03468074E-01  1.49183491E+00  9.88366836E-01  2.50000000E-02  3.69834816E-10  1.38366826E-09 
     545  6.12500000E+02  3.37500000E+02 -6.69021962E-01  1.65738880E+00  9.88366836E-01  2.50000000E-02  4.02118449E-10  8.54213039E-11 
     546  6.37500000E+02  3.37500000E+02 -6.42252231E-01  1.63061907E+00  9.88366836E-01  2.50000000E-02  3.12444139E-10  3.63697342E-10 
     547  6.62500000E+02  3.37500000E+02 -9.15931343E-01  1.90429818E+00  9.88366836E-01  2.50000000E-02  2.63776048E-10  1.42236479E-10 
     548  6.87500000E+02  3.37500000E+02 -3.57765820E-02  1.02414342E+00  9.88366836E-01  2.50000000E-02  3.68700255E-10  1.14599902E-10 
     549  7.12500000E+02  3.37500000E+02  1.43321703E-02  9.74034665E-01  9.88366836E-01  2.50000000E-02  3.43205122E-10  1.67211257E-10 
     550  7.37500000E+02  3.37500000E+02 -8.25790495E-01  1.81415733E+00  9.88366836E-01  2.50000000E-02  2.60339151E-10  3.83856967E-11 
     551  7.62500000E+02  3.37500000E+02 -5.13702550E-01  1.50206939E+00  9.88366836E-01  2.50000000E-02  2.35661676E-10  1.18950489E-10 
     552  7.87500000E+02  3.37500000E+02  6.87706151E-02  9.19596220E-01  9.88366836E-01  2.50000000E-02  2.28521120E-10  7.62458001E-11 
     553  8.12500000E+02  3.37500000E+02  1.57189289E-01  8.31177546E-01  9.88366836E-01  2.50000000E-02  1.63813005E-10  7.65314657E-10 
     554  8.37500000E+02  3.37500000E+02 -3.94510543E-01  1.38287738E+00  9.88366836E-01  2.50000000E-02  9.54748214E-11  3.42584909E-10 
     555  8.62500000E+02  3.37500000E+02  3.74971382E-01  6.13395454E-01  9.88366836E-01  2.50000000E-02  8.25014575E-11  2.36440643E-10 
     556  8.87500000E+02  3.37500000E+02 -3.79816420E-01  1.36818326E+00  9.88366836E-01  2.50000000E-02  2.90962612E-11  1.70133729E-10 
     557  9.12500000E+02  3.37500000E+02  1.94168431E-01  7.94198405E-01  9.88366836E-01  2.50000000E-02  1.49169677E-11  9.80542063E-11 
     558  9.37500000E+02  3.37500000E+02  4.57312719E-01  5.31054117E-01  9.88366836E-01  2.50000000E-02  9.32662903E-11  5.62850032E-10 
     559  9.62500000E+02  3.37500000E+02  8.05780058E-01  1.82586778E-01  9.88366836E-01  2.50000000E-02  1.78311254E-10  5.60936257E-10 
     560  9.87500000E+02  3.37500000E+02  3.18677521E-01  6.69689315E-01  9.88366836E-01  2.50000000E-02  3.08643264E-11  3.70426034E-10 
     561  1.25000000E+01  3.62500000E+02 -9.66060666E-01  1.95442750E+00  9.88366835E-01  2.50000000E-02 -4.25523351E-12 -1.50218528E-10 
     562  3.75000000E+01  3.62500000E+02  5.15856432E-01  4.72510403E-01  9.88366835E-01  2.50000000E-02 -7.40383526E-11 -1.73217687E-10 
     563  6.25000000E+01  3.62500000E+02 -3.34530843E-01  1.32289768E+00  9.88366835E-01  2.50000000E-02 -1.71916913E-10 -2.66667087E-10 
     564  8.75000000E+01  3.62500000E+02  3.69791417E-01  6.18575418E-01  9.88366835E-01  2.50000000E-02 -2.34636689E-10 -3.88314296E-10 
     565  1.12500000E+02  3.62500000E+02  3.35961265E-01  6.52405571E-01  9.88366835E-01  2.50000000E-02 -3.26152637E-10 -7.74288597E-10 
     566  1.37500000E+02  3.62500000E+02 -9.76369505E-01  1.96473634E+00  9.88366835E-01  2.50000000E-02 -4.41449040E-10 -3.38343889E-10 
     567  1.62500000E+02  3.62500000E+02 -7.03027348E-01  1.69139418E+00  9.88366835E-01  2.50000000E-02 -4.98250048E-10 -3.80666471E-09 
     568  1.87500000E+02  3.62500000E+02 -3.95054195E-01  1.38342103E+00  9.88366835E-01  2.50000000E-02 -3.77047766E-10 -1.25300274E-09 
     569  2.12500000E+02  3.62500000E+02 -6.06662382E-01  1.59502922E+00  9.88366835E-01  2.50000000E-02 -3.22103708E-10 -9.44727585E-10 
     570  2.37500000E+02  3.62500000E+02  1.31333254E-01  8.57033582E-01  9.88366835E-01  2.50000000E-02 -5.97155333E-10 -3.22428284E-09 
     571  2.62500000E+02  3.62500000E+02  6.78557906E-01  3.09808929E-01  9.88366835E-01  2.50000000E-02 -9.09040755E-10 -2.83727580E-09 
     572  2.87500000E+02  3.62500000E+02  8.98066731E-01  9.03001046E-02  9.88366836E-01  2.50000000E-02 -1.94359738E-09  2.96584914E-09 
     573  3.12500000E+02  3.62500000E+02  6.28986818E-01  3.59380018E-01  9.88366836E-01  2.50000000E-02 -8.60040835E-10  3.81818248E-09 
     574  3.37500000E+02  3.62500000E+02 -5.61567362E-01  1.54993420E+00  9.88366836E-01  2.50000000E-02 -7.50716747E-10  8.98862019E-11 
     575  3.62500000E+02  3.62500000E+02 -2.10584714E-01  1.19895155E+00  9.88366836E-01  2.50000000E-02 -8.06316637E-10  4.74272040E-10 
     576  3.87500000E+02  3.62500000E+02 -6.15901412E-01  1.60426825E+00  9.88366836E-01  2.50000000E-02 -7.60669227E-10  1.56392934E-09 
     577  4.12500000E+02  3.62500000E+02  4.92716108E-01  4.95650728E-01  9.88366835E-01  2.50000000E-02 -3.99255195E-10  7.66758101E-10 
     578  4.37500000E+02  3.62500000E+02 -3.55685850E-01  1.34405269E+00  9.88366836E-01  2.50000000E-02 -2.71044907E-10  9.89548100E-10 
     579  4.62500000E+02  3.62500000E+02 -9.76551710E-01  1.96491855E+00  9.88366836E-01  2.50000000E-02 -1.52280149E-10  1.43289045E-10 
     580  4.87500000E+02  3.62500000E+02 -8.66758993E-01  1.85512583E+00  9.88366836E-01  2.50000000E-02 -1.16550236E-10  2.24842311E-10 
     581  5.12500000E+02  3.62500000E+02  5.96923364E-01  3.91443472E-01  9.88366836E-01  2.50000000E-02 -2.83892338E-10  3.21646732E-10 
     582  5.37500000E+02  3.62500000E+02 -8.49782317E-01  1.83814915E+00  9.88366836E-01  2.50000000E-02 -9.92943963E-11  3.33681812E-10 
     583  5.62500000E+02  3.62500000E+02 -4.39410726E-01  1.42777756E+00  9.88366836E-01  2.50000000E-02 -1.12452326E-10  1.52508350E-10 
     584  5.87500000E+02  3.62500000E+02  5.24814540E-01  4.63552296E-01  9.88366836E-01  2.50000000E-02 -3.66053198E-10  1.23296026E-09 
     585  6.12500000E+02  3.62500000E+02  9.17688554E-01  7.06782815E-02  9.88366836E-01  2.50000000E-02 -4.12366163E-10  6.20644598E-10 
     586  6.37500000E+02  3.62500000E+02 -7.46181453E-02  1.06298498E+00  9.88366836E-01  2.50000000E-02 -3.43405836E-10  5.31195073E-10 
     587  6.62500000E+02  3.62500000E+02  3.43220318E-01  6.45146517E-01  9.88366836E-01  2.50000000E-02 -2.56767599E-10  2.68349569E-10 
     588  6.87500000E+02  3.62500000E+02  4.11170400E-02  9.47249796E-01  9.88366836E-01  2.50000000E-02 -1.54938547E-10  1.32606900E-10 
     589  7.12500000E+02  3.62500000E+02  1.37093551E-01  8.51273284E-01  9.88366836E-01  2.50000000E-02 -1.42925338E-10  2.46991779E-10 
     590  7.37500000E+02  3.62500000E+02 -5.61127821E-01  1.54949466E+00  9.88366836E-01  2.50000000E-02 -1.26292169E-10  5.76198931E-11 
     591  7.62500000E+02  3.62500000E+02 -6.32209528E-01  1.62057636E+00  9.88366836E-01  2.50000000E-02 -1.30860377E-10  1.10482905E-10 
     592  7.87500000E+02  3.62500000E+02  1.59330829E-01  8.29036007E-01  9.88366836E-01  2.50000000E-02 -1.93245524E-10  1.36166249E-10 
     593  8.12500000E+02  3.62500000E+02 -8.43544998E-01  1.83191183E+00  9.88366836E-01  2.50000000E-02 -2.16616368E-10  6.98302392E-10 
     594  8.37500000E+02  3.62500000E+02 -7.98577645E-01  1.78694448E+00  9.88366836E-01  2.50000000E-02 -2.14545426E-10  3.38098428E-10 
     595  8.62500000E+02  3.62500000E+02  8.70439201E-01  1.17927635E-01  9.88366836E-01  2.50000000E-02 -2.01735376E-10  4.66113090E-10 
     596  8.87500000E+02  3.62500000E+02 -5.89937129E-01  1.57830397E+00  9.88366836E-01  2.50000000E-02 -1.89923829E-10  1.78076434E-10 
     597  9.12500000E+02  3.62500000E+02  9.76380787E-01  1.19860486E-02  9.88366836E-01  2.50000000E-02  4.46837303E-10  6.41979056E-10 
     598  9.37500000E+02  3.62500000E+02  3.75203281E-01  6.13163555E-01  9.88366836E-01  2.50000000E-02  8.26603084E-11  5.05773198E-10 
     599  9.62500000E+02  3.62500000E+02  9.65871543E-03  9.78708120E-01  9.88366836E-01  2.50000000E-02  5.44339258E-11  1.35902420E-10 
     600  9.87500000E+02  3.62500000E+02  1.09596903E-01  8.78769933E-01  9.88366836E-01  2.50000000E-02  1.93756150E-11  3.21621067E-10 
     601  1.25000000E+01  3.87500000E+02  1.55109543E-01  8.33257293E-01  9.88366835E-01  2.50000000E-02 -4.67866859E-12 -1.99843293E-10 
     602  3.75000000E+01  3.87500000E+02 -7.71215314E-01  1.75958215E+00  9.88366835E-01  2.50000000E-02 -2.33908446E-11 -5.35495629E-11 
     603  6.25000000E+01  3.87500000E+02 -6.58958607E-01  1.64732544E+00  9.88366835E-01  2.50000000E-02 -7.54610631E-11 -2.01286473E-10 
     604  8.75000000E+01  3.87500000E+02 -5.58975465E-02  1.04426438E+00  9.88366835E-01  2.50000000E-02 -2.48694268E-10 -3.42993936E-10 
     605  1.12500000E+02  3.87500000E+02  5.28193489E-01  4.60173347E-01  9.88366835E-01  2.50000000E-02 -7.72170782E-10 -8.15556630E-10 
     606  1.37500000E+02  3.87500000E+02  6.72831520E-01  3.15535315E-01  9.88366835E-01  2.50000000E-02 -1.41913724E-09 -2.52525599E-10 
     607  1.62500000E+02  3.87500000E+02  4.06350372E-01  5.82016463E-01  9.88366835E-01  2.50000000E-02 -2.69567012E-09 -3.51784311E-09 
     608  1.87500000E+02  3.87500000E+02  3.95698919E-02  9.48796944E-01  9.88366835E-01  2.50000000E-02 -2.60651583E-09 -9.77217039E-10 
     609  2.12500000E+02  3.87500000E+02 -1.17352384E-02  1.00010207E+00  9.88366835E-01  2.50000000E-02 -2.39177714E-09 -9.90664007E-10 
     610  2.37500000E+02  3.87500000E+02 -5.69130758E-01  1.55749759E+00  9.88366835E-01  2.50000000E-02 -2.39328769E-09 -2.40466504E-09 
     611  2.62500000E+02  3.87500000E+02  3.82325208E-01  6.06041627E-01  9.88366835E-01  2.50000000E-02 -2.44143831E-09 -2.79283115E-09 
     612  2.87500000E+02  3.87500000E+02  8.00741049E-01  1.87625786E-01  9.88366835E-01  2.50000000E-02 -2.88278209E-09  1.06525041E-09 
     613  3.12500000E+02  3.87500000E+02 -4.36175349E-01  1.42454218E+00  9.88366835E-01  2.50000000E-02 -2.52043773E-09  2.39721639E-09 
     614  3.37500000E+02  3.87500000E+02 -1.47161939E-02  1.00308303E+00  9.88366835E-01  2.50000000E-02 -2.43223307E-09  3.92945822E-10 
     615  3.62500000E+02  3.87500000E+02 -7.06845146E-01  1.69521198E+00  9.88366835E-01  2.50000000E-02 -2.35660886E-09  3.76971299E-10 
     616  3.87500000E+02  3.87500000E+02  4.85538138E-02  9.39813022E-01  9.88366836E-01  2.50000000E-02 -1.92241143E-09  1.70824882E-09 
     617  4.12500000E+02  3.87500000E+02 -7.71735505E-01  1.76010234E+00  9.88366835E-01  2.50000000E-02 -1.48866771E-09  7.21035571E-10 
     618  4.37500000E+02  3.87500000E+02  1.87056193E-01  8.01310643E-01  9.88366835E-01  2.50000000E-02 -1.48447198E-09  1.21993640E-09 
     619  4.62500000E+02  3.87500000E+02  8.80330275E-01  1.08036561E-01  9.88366835E-01  2.50000000E-02 -1.63782241E-09  3.79787957E-10 
     620  4.87500000E+02  3.87500000E+02  3.42345162E-01  6.46021674E-01  9.88366836E-01  2.50000000E-02 -4.70481869E-10  2.14316880E-10 
     621  5.12500000E+02  3.87500000E+02 -8.72640495E-01  1.86100733E+00  9.88366836E-01  2.50000000E-02 -4.85547860E-10  1.72035181E-10 
     622  5.37500000E+02  3.87500000E+02  2.94931678E-01  6.93435158E-01  9.88366836E-01  2.50000000E-02 -3.93640001E-10  3.60893605E-10 
     623  5.62500000E+02  3.87500000E+02 -6.37404482E-01  1.62577132E+00  9.88366836E-01  2.50000000E-02 -1.10274125E-10  1.49393666E-10 
     624  5.87500000E+02  3.87500000E+02 -4.38549149E-01  1.42691598E+00  9.88366836E-01  2.50000000E-02 -8.70385834E-11  6.31743834E-10 
     625  6.12500000E+02  3.87500000E+02  3.51708111E-01  6.36658725E-01  9.88366836E-01  2.50000000E-02 -1.72450456E-10  1.43310032E-10 
     626  6.37500000E+02  3.87500000E+02  6.49206713E-02  9.23446164E-01  9.88366836E-01  2.50000000E-02 -2.10143656E-10  6.27267575E-10 
     627  6.62500000E+02  3.87500000E+02  9.18175539E-01  7.01912964E-02  9.88366836E-01  2.50000000E-02 -4.78914211E-10  7.74033405E-10 
     628  6.87500000E+02  3.87500000E+02 -9.20605568E-01  1.90897240E+00  9.88366836E-01  2.50000000E-02  4.75186908E-11  1.51441087E-10 
     629  7.12500000E+02  3.87500000E+02  4.03094956E-01  5.85271879E-01  9.88366836E-01  2.50000000E-02  5.72473925E-11  3.84657225E-10 
     630  7.37500000E+02  3.87500000E+02  1.94257328E-01  7.94109507E-01  9.88366836E-01  2.50000000E-02  1.79470212E-12  1.64663877E-10 
     631  7.62500000E+02  3.87500000E+02 -4.74625661E-01  1.46299250E+00  9.88366836E-01  2.50000000E-02  4.18647627E-12  1.12241342E-10 
     632  7.87500000E+02  3.87500000E+02 -3.33009062E-01  1.32137590E+00  9.88366836E-01  2.50000000E-02  1.76537453E-11  2.21686340E-10 
     633  8.12500000E+02  3.87500000E+02 -1.39707627E-01  1.12807446E+00  9.88366836E-01  2.50000000E-02  2.68302472E-11  6.85135825E-10 
     634  8.37500000E+02  3.87500000E+02  8.25223234E-01  1.63143601E-01  9.88366836E-01  2.50000000E-02  2.25202877E-10  6.71123118E-10 
     635  8.62500000E+02  3.87500000E+02  9.51776039E-01  3.65907970E-02  9.88366836E-01  2.50000000E-02  2.29517863E-10  1.07075658E-09 
     636  8.87500000E+02  3.87500000E+02  3.19834321E-01  6.68532514E-01  9.88366836E-01  2.50000000E-02  1.67206574E-10  2.57799617E-10 
     637  9.12500000E+02  3.87500000E+02  8.76020387E-01  1.12346448E-01  9.88366836E-01  2.50000000E-02  1.12716374E-10  1.49437183E-10 
     638  9.37500000E+02  3.87500000E+02 -3.08319958E-01  1.29668679E+00  9.88366836E-01  2.50000000E-02 -9.28207677E-11  3.41752982E-10 
     639  9.62500000E+02  3.87500000E+02 -6.58719114E-01  1.64708595E+00  9.88366836E-01  2.50000000E-02 -6.87368664E-11  1.12887054E-10 
     640  9.87500000E+02  3.87500000E+02 -2.55844584E-01  1.24421142E+00  9.88366836E-01  2.50000000E-02 -1.93552435E-11  3.11836484E-10 
     641  1.25000000E+01  4.12500000E+02 -1.14667748E-01  1.10303458E+00  9.88366835E-01  2.50000000E-02  3.14841439E-11 -2.07769925E-10 
     642  3.75000000E+01  4.12500000E+02 -1.19798821E-01  1.10816566E+00  9.88366835E-01  2.50000000E-02  6.28221070E-11 -3.90063283E-11 
     643  6.25000000E+01  4.12500000E+02 -1.99528805E-01  1.18789564E+00  9.88366835E-01  2.50000000E-02 -7.12242747E-14 -1.60195095E-10 
     644  8.75000000E+01  4.12500000E+02  4.43166795E-01  5.45200041E-01  9.88366835E-01  2.50000000E-02 -2.71602710E-10 -2.64979090E-10 
     645  1.12500000E+02  4.12500000E+02  6.67500279E-01  3.20866556E-01  9.88366835E-01  2.50000000E-02 -6.76539427E-10 -7.48757570E-10 
     646  1.37500000E+02  4.12500000E+02  6.79524660E-01  3.08842176E-01  9.88366835E-01  2.50000000E-02 -1.06866698E-09 -5.44506805E-11 
     647  1.62500000E+02  4.12500000E+02  7.83519136E-01  2.04847699E-01  9.88366835E-01  2.50000000E-02 -1.93208352E-09 -3.06340533E-09 
     648  1.87500000E+02  4.12500000E+02  5.42671422E-02  9.34099693E-01  9.88366836E-01  2.50000000E-02 -1.54653095E-09 -3.05514649E-10 
     649  2.12500000E+02  4.12500000E+02 -9.57887589E-02  1.08415559E+00  9.88366835E-01  2.50000000E-02 -1.63525155E-09 -5.79173089E-10 
     650  2.37500000E+02  4.12500000E+02 -7.04305250E-01  1.69267209E+00  9.88366836E-01  2.50000000E-02 -1.85091010E-09 -1.82845686E-09 
     651  2.62500000E+02  4.12500000E+02 -5.88823646E-01  1.57719048E+00  9.88366835E-01  2.50000000E-02 -2.13002928E-09 -2.55236464E-09 
     652  2.87500000E+02  4.12500000E+02 -5.23053373E-01  1.51142021E+00  9.88366836E-01  2.50000000E-02 -2.42362803E-09  1.76541490E-10 
     653  3.12500000E+02  4.12500000E+02 -8.25401872E-01  1.81376871E+00  9.88366836E-01  2.50000000E-02 -2.42266725E-09  2.28060356E-09 
     654  3.37500000E+02  4.12500000E+02  5.25067566E-01  4.63299270E-01  9.88366835E-01  2.50000000E-02 -2.19332953E-09  4.87607031E-10 
     655  3.62500000E+02  4.12500000E+02 -7.83024329E-01  1.77139116E+00  9.88366835E-01  2.50000000E-02 -2.06627100E-09  2.77589651E-10 
     656  3.87500000E+02  4.12500000E+02  5.73640254E-01  4.14726581E-01  9.88366835E-01  2.50000000E-02 -1.70115966E-09  1.51614575E-09 
     657  4.12500000E+02  4.12500000E+02  6.58338337E-01  3.30028498E-01  9.88366835E-01  2.50000000E-02 -1.54457086E-09  1.64991603E-10 
     658  4.37500000E+02  4.12500000E+02  8.36372757E-01  1.51994078E-01  9.88366836E-01  2.50000000E-02 -1.35274249E-09 -4.39626539E-11 
     659  4.62500000E+02  4.12500000E+02 -5.76557963E-01  1.56492480E+00  9.88366836E-01  2.50000000E-02 -1.87582107E-10  5.28774029E-10 
     660  4.87500000E+02  4.12500000E+02 -5.98355215E-01  1.58672205E+00  9.88366836E-01  2.50000000E-02 -1.44507460E-10  2.62736457E-10 
     661  5.12500000E+02  4.12500000E+02 -4.70305079E-01  1.45867191E+00  9.88366836E-01  2.50000000E-02 -1.23860277E-10  1.50073489E-10 
     662  5.37500000E+02  4.12500000E+02  9.68222219E-01  2.01446162E-02  9.88366836E-01  2.50000000E-02 -3.68583923E-10  9.56826418E-10 
     663  5.62500000E+02  4.12500000E+02  4.24524568E-01  5.63842267E-01  9.88366836E-01  2.50000000E-02  1.28608934E-10  2.32478402E-10 
     664  5.87500000E+02  4.12500000E+02 -1.70848611E-02  1.00545170E+00  9.88366836E-01  2.50000000E-02  2.31688723E-10  4.46823813E-10 
     665  6.12500000E+02  4.12500000E+02 -3.59020408E-01  1.34738724E+00  9.88366836E-01  2.50000000E-02  2.78104503E-10  1.49140491E-10 
     666  6.37500000E+02  4.12500000E+02 -5.20579146E-02  1.04042475E+00  9.88366836E-01  2.50000000E-02  3.74761148E-10  6.50660855E-10 
     667  6.62500000E+02  4.12500000E+02 -3.64641074E-01  1.35300791E+00  9.88366836E-01  2.50000000E-02  4.59738533E-10  4.12205462E-10 
     668  6.87500000E+02  4.12500000E+02  8.98391509E-01  8.99753266E-02  9.88366836E-01  2.50000000E-02 -3.89812204E-11  7.79070012E-10 
     669  7.12500000E+02  4.12500000E+02  6.22015577E-01  3.66351258E-01  9.88366836E-01  2.50000000E-02 -1.55058551E-10  5.87002630E-10 
     670  7.37500000E+02  4.12500000E+02 -1.48513640E-01  1.13688048E+00  9.88366836E-01  2.50000000E-02 -1.08794302E-10  2.27541755E-10 
     671  7.62500000E+02  4.12500000E+02  8.27164934E-01  1.61201902E-01  9.88366836E-01  2.50000000E-02 -3.43221775E-11  6.63108483E-10 
     672  7.87500000E+02  4.12500000E+02  6.44029528E-01  3.44337308E-01  9.88366836E-01  2.50000000E-02 -1.18527418E-10  4.52337379E-10 
     673  8.12500000E+02  4.12500000E+02 -6.87756908E-01  1.67612374E+00  9.88366836E-01  2.50000000E-02 -8.55996267E-11  5.79539033E-10 
     674  8.37500000E+02  4.12500000E+02  2.82743241E-01  7.05623594E-01  9.88366836E-01  2.50000000E-02 -1.67715850E-10  5.54286240E-10 
     675  8.62500000E+02  4.12500000E+02 -3.05489254E-02  1.01891576E+00  9.88366836E-01  2.50000000E-02 -2.73966261E-10  9.95297290E-10 
     676  8.87500000E+02  4.12500000E+02  2.06506390E-01  7.81860446E-01  9.88366836E-01  2.50000000E-02 -2.77119846E-10  2.21629026E-10 
     677  9.12500000E+02  4.12500000E+02 -5.37229149E-01  1.52559598E+00  9.88366836E-01  2.50000000E-02 -2.44867089E-10  1.36424984E-10 
     678  9.37500000E+02  4.12500000E+02 -5.68518548E-01  1.55688538E+00  9.88366836E-01  2.50000000E-02 -2.33390792E-10  3.10848447E-10 
     679  9.62500000E+02  4.12500000E+02  8.97037579E-01  9.13292565E-02  9.88366836E-01  2.50000000E-02 -7.53490036E-11  3.04840960E-10 
     680  9.87500000E+02  4.12500000E+02  3.11866661E-01  6.76500175E-01  9.88366836E-01  2.50000000E-02 -4.04721960E-12  3.16703994E-10 
     681  1.25000000E+01  4.37500000E+02 -5.21525428E-01  1.50989226E+00  9.88366835E-01  2.50000000E-02  7.65395751E-12 -2.42124657E-10 
     682  3.75000000E+01  4.37500000E+02  5.82371908E-01  4.05994928E-01  9.88366835E-01  2.50000000E-02  1.12227422E-10 -1.21322300E-10 
     683  6.25000000E+01  4.37500000E+02  8.74393557E-01  1.13973278E-01  9.88366835E-01  2.50000000E-02  5.14061129E-10 -2.91218407E-10 
     684  8.75000000E+01  4.37500000E+02 -3.58850876E-01  1.34721771E+00  9.88366835E-01  2.50000000E-02  6.35481028E-10 -2.90465606E-10 
     685  1.12500000E+02  4.37500000E+02  8.06857612E-01  1.81509223E-01  9.88366835E-01  2.50000000E-02  6.92767917E-10 -7.03797635E-10 
     686  1.37500000E+02  4.37500000E+02  8.47045990E-01  1.41320845E-01  9.88366835E-01  2.50000000E-02  9.31342093E-10 -2.18686080E-10 
     687  1.62500000E+02  4.37500000E+02 -3.74242936E-01  1.36260977E+00  9.88366835E-01  2.50000000E-02  1.43328618E-09 -1.60816240E-09 
     688  1.87500000E+02  4.37500000E+02 -2.19686907E-01  1.20805374E+00  9.88366835E-01  2.50000000E-02  1.49042704E-09  1.31407865E-10 
     689  2.12500000E+02  4.37500000E+02 -9.39235959E-01  1.92760279E+00  9.88366835E-01  2.50000000E-02  1.35053733E-09 -4.10719440E-10 
     690  2.37500000E+02  4.37500000E+02 -6.61510006E-01  1.64987684E+00  9.88366835E-01  2.50000000E-02  1.10451328E-09 -1.49166569E-09 
     691  2.62500000E+02  4.37500000E+02  5.06867385E-01  4.81499451E-01  9.88366835E-01  2.50000000E-02 -1.51246183E-10 -1.76340226E-09 
     692  2.87500000E+02  4.37500000E+02 -4.21473287E-01  1.40984012E+00  9.88366836E-01  2.50000000E-02 -6.25494768E-10  1.67888653E-10 
     693  3.12500000E+02  4.37500000E+02  7.66276348E-01  2.22090487E-01  9.88366836E-01  2.50000000E-02 -7.80761137E-10  2.41121661E-09 
     694  3.37500000E+02  4.37500000E+02 -8.48013906E-01  1.83638074E+00  9.88366835E-01  2.50000000E-02 -1.02658845E-09  6.45315217E-10 
     695  3.62500000E+02  4.37500000E+02  1.49155181E-01  8.39211655E-01  9.88366836E-01  2.50000000E-02 -1.02538065E-09  2.92967066E-10 
     696  3.87500000E+02  4.37500000E+02 -1.48167384E-01  1.13653422E+00  9.88366835E-01  2.50000000E-02 -1.05374851E-09  8.42818927E-10 
     697  4.12500000E+02  4.37500000E+02 -8.19904568E-01  1.80827140E+00  9.88366835E-01  2.50000000E-02 -1.08677376E-09 -1.64949118E-10 
     698  4.37500000E+02  4.37500000E+02 -1.08633900E-01  1.09700074E+00  9.88366835E-01  2.50000000E-02 -1.09819541E-09 -8.96704961E-10 
     699  4.62500000E+02  4.37500000E+02  7.80516317E-01  2.07850518E-01  9.88366836E-01  2.50000000E-02 -9.94704983E-10  6.45727702E-10 
     700  4.87500000E+02  4.37500000E+02  4.72469267E-01  5.15897568E-01  9.88366836E-01  2.50000000E-02 -4.13722635E-10  2.20591553E-10 
     701  5.12500000E+02  4.37500000E+02  4.65935691E-01  5.22431144E-01  9.88366836E-01  2.50000000E-02 -3.11142720E-10  7.98705855E-11 
     702  5.37500000E+02  4.37500000E+02  5.45168541E-01  4.43198294E-01  9.88366836E-01  2.50000000E-02 -3.45825434E-10 -6.11679671E-11 
     703  5.62500000E+02  4.37500000E+02  8.40862699E-01  1.47504136E-01  9.88366836E-01  2.50000000E-02 -5.62614493E-10  2.79019721E-10 
     704  5.87500000E+02  4.37500000E+02  2.23931685E-01  7.64435151E-01  9.88366836E-01  2.50000000E-02  4.65977316E-11  4.24308469E-10 
     705  6.12500000E+02  4.37500000E+02  7.57971950E-01  2.30394886E-01  9.88366836E-01  2.50000000E-02  2.95738033E-10  3.07928624E-10 
     706  6.37500000E+02  4.37500000E+02  6.26097992E-01  3.62268843E-01  9.88366836E-01  2.50000000E-02  1.40391261E-10  9.75015194E-10 
     707  6.62500000E+02  4.37500000E+02 -3.11012525E-01  1.29937936E+00  9.88366836E-01  2.50000000E-02  1.04531355E-10  3.96970856E-10 
     708  6.87500000E+02  4.37500000E+02  4.87651479E-01  5.00715357E-01  9.88366836E-01  2.50000000E-02 -5.43171475E-12  4.35909279E-10 
     709  7.12500000E+02  4.37500000E+02  1.48012393E-01  8.40354442E-01  9.88366836E-01  2.50000000E-02 -2.03759904E-10  3.95682148E-10 
     710  7.37500000E+02  4.37500000E+02  8.30803344E-01  1.57563492E-01  9.88366836E-01  2.50000000E-02 -7.65924366E-10  7.02866279E-10 
     711  7.62500000E+02  4.37500000E+02  1.16134439E-03  9.87205491E-01  9.88366836E-01  2.50000000E-02 -1.06619283E-09  7.95434179E-10 
     712  7.87500000E+02  4.37500000E+02  2.39835834E-01  7.48531002E-01  9.88366836E-01  2.50000000E-02 -1.07664566E-09  4.44585163E-10 
     713  8.12500000E+02  4.37500000E+02 -5.16214511E-01  1.50458135E+00  9.88366836E-01  2.50000000E-02 -8.79120886E-10  5.36073179E-10 
     714  8.37500000E+02  4.37500000E+02  4.95133606E-01  4.93233230E-01  9.88366836E-01  2.50000000E-02 -5.31824604E-10  3.42664929E-10 
     715  8.62500000E+02  4.37500000E+02  8.93104765E-01  9.52620709E-02  9.88366836E-01  2.50000000E-02 -6.47907538E-10  6.19312263E-10 
     716  8.87500000E+02  4.37500000E+02 -9.15906093E-02  1.07995744E+00  9.88366836E-01  2.50000000E-02 -2.07286287E-11  2.34580657E-10 
     717  9.12500000E+02  4.37500000E+02 -2.09695417E-01  1.19806225E+00  9.88366836E-01  2.50000000E-02 -1.42645121E-12  1.66289121E-10 
     718  9.37500000E+02  4.37500000E+02  8.32850438E-01  1.55516397E-01  9.88366836E-01  2.50000000E-02  1.64317672E-10  2.93540445E-10 
     719  9.62500000E+02  4.37500000E+02  1.17914853E-01  8.70451983E-01  9.88366836E-01  2.50000000E-02  1.44802981E-11  2.34747962E-10 
     720  9.87500000E+02  4.37500000E+02 -4.81887803E-01  1.47025464E+00  9.88366836E-01  2.50000000E-02  5.80091320E-13  2.52860422E-10 
     721  1.25000000E+01  4.62500000E+02  2.30331549E-02  9.65333680E-01  9.88366835E-01  2.50000000E-02 -3.85445032E-12 -2.72837887E-10 
     722  3.75000000E+01  4.62500000E+02 -3.31036185E-01  1.31940302E+00  9.88366835E-01  2.50000000E-02 -2.90928464E-11 -1.60456570E-10 
     723  6.25000000E+01  4.62500000E+02 -9.54557258E-02  1.08382256E+00  9.88366835E-01  2.50000000E-02 -4.89375428E-11 -9.31506716E-11 
     724  8.75000000E+01  4.62500000E+02  5.41319075E-01  4.47047761E-01  9.88366835E-01  2.50000000E-02 -1.11484444E-10 -3.28059943E-10 
     725  1.12500000E+02  4.62500000E+02  4.97923663E-01  4.90443173E-01  9.88366835E-01  2.50000000E-02 -1.13620837E-10 -4.37552232E-10 
     726  1.37500000E+02  4.62500000E+02  1.37524556E-01  8.50842279E-01  9.88366835E-01  2.50000000E-02  5.92175865E-12 -1.53693274E-10 
     727  1.62500000E+02  4.62500000E+02 -6.05547264E-01  1.59391410E+00  9.88366835E-01  2.50000000E-02 -1.91504294E-11 -1.53227853E-09 
     728  1.87500000E+02  4.62500000E+02  6.21008015E-01  3.67358820E-01  9.88366835E-01  2.50000000E-02 -2.11585356E-10  5.38337716E-11 
     729  2.12500000E+02  4.62500000E+02  9.48864050E-02  8.93480430E-01  9.88366835E-01  2.50000000E-02 -5.40221846E-10 -6.39383546E-10 
     730  2.37500000E+02  4.62500000E+02  6.95596543E-01  2.92770292E-01  9.88366835E-01  2.50000000E-02 -1.16358313E-09 -1.64385232E-09 
     731  2.62500000E+02  4.62500000E+02 -2.82454880E-01  1.27082172E+00  9.88366835E-01  2.50000000E-02 -2.01520001E-09 -1.37290879E-09 
     732  2.87500000E+02  4.62500000E+02  5.94399696E-01  3.93967140E-01  9.88366835E-01  2.50000000E-02 -2.18903888E-09  1.30691502E-11 
     733  3.12500000E+02  4.62500000E+02 -9.60996431E-02  1.08446648E+00  9.88366835E-01  2.50000000E-02 -1.54340765E-09  2.20327276E-09 
     734  3.37500000E+02  4.62500000E+02 -3.82105376E-01  1.37047221E+00  9.88366835E-01  2.50000000E-02 -1.49914124E-09  5.23254842E-10 
     735  3.62500000E+02  4.62500000E+02  4.41596235E-01  5.46770601E-01  9.88366835E-01  2.50000000E-02 -1.54434744E-09  2.63411194E-10 
     736  3.87500000E+02  4.62500000E+02 -8.80956593E-01  1.86932343E+00  9.88366835E-01  2.50000000E-02 -1.32207063E-09  7.06419912E-10 
     737  4.12500000E+02  4.62500000E+02  3.44103553E-01  6.44263282E-01  9.88366835E-01  2.50000000E-02 -1.13022259E-09 -2.29490926E-10 
     738  4.37500000E+02  4.62500000E+02 -6.67223646E-01  1.65559048E+00  9.88366835E-01  2.50000000E-02 -1.08589146E-09 -1.05175307E-09 
     739  4.62500000E+02  4.62500000E+02  9.47055340E-01  4.13114955E-02  9.88366836E-01  2.50000000E-02 -1.24754160E-09  5.41437288E-10 
     740  4.87500000E+02  4.62500000E+02 -3.31682521E-01  1.32004936E+00  9.88366836E-01  2.50000000E-02 -5.77597064E-11  1.36156340E-10 
     741  5.12500000E+02  4.62500000E+02 -7.27119042E-01  1.71548588E+00  9.88366836E-01  2.50000000E-02 -5.33076936E-11 -1.78960712E-12 
     742  5.37500000E+02  4.62500000E+02  4.57750880E-01  5.30615956E-01  9.88366836E-01  2.50000000E-02 -6.97712339E-11 -4.70573943E-11 
     743  5.62500000E+02  4.62500000E+02 -9.99289089E-01  1.98765592E+00  9.88366836E-01  2.50000000E-02 -9.57923456E-11  1.43658604E-11 
     744  5.87500000E+02  4.62500000E+02  8.67866651E-01  1.20500185E-01  9.88366836E-01  2.50000000E-02 -1.41154680E-10  1.06517597E-09 
     745  6.12500000E+02  4.62500000E+02 -7.98927735E-02  1.06825961E+00  9.88366836E-01  2.50000000E-02 -1.35416675E-10  1.72531113E-10 
     746  6.37500000E+02  4.62500000E+02  2.82823129E-01  7.05543707E-01  9.88366836E-01  2.50000000E-02 -2.25968229E-10  7.78958478E-10 
     747  6.62500000E+02  4.62500000E+02 -7.17620941E-01  1.70598778E+00  9.88366836E-01  2.50000000E-02 -8.27775725E-11  4.35197639E-10 
     748  6.87500000E+02  4.62500000E+02 -7.01660539E-01  1.69002737E+00  9.88366836E-01  2.50000000E-02 -2.96888239E-11  4.55372234E-10 
     749  7.12500000E+02  4.62500000E+02 -4.17054967E-01  1.40542180E+00  9.88366836E-01  2.50000000E-02 -7.19780432E-11  2.69169811E-10 
     750  7.37500000E+02  4.62500000E+02 -1.97769449E-01  1.18613628E+00  9.88366836E-01  2.50000000E-02 -6.82788633E-11  9.02991256E-10 
     751  7.62500000E+02  4.62500000E+02 -8.30364190E-01  1.81873103E+00  9.88366836E-01  2.50000000E-02 -4.38624196E-11  7.36861445E-10 
     752  7.87500000E+02  4.62500000E+02  5.93635457E-01  3.94731379E-01  9.88366836E-01  2.50000000E-02 -1.18628026E-10  3.75258695E-10 
     753  8.12500000E+02  4.62500000E+02  7.04729898E-01  2.83636937E-01  9.88366836E-01  2.50000000E-02 -4.49670663E-11  7.31724434E-10 
     754  8.37500000E+02  4.62500000E+02 -7.00610497E-02  1.05842789E+00  9.88366836E-01  2.50000000E-02 -2.98307883E-11  1.30361355E-10 
     755  8.62500000E+02  4.62500000E+02 -8.14516724E-01  1.80288356E+00  9.88366836E-01  2.50000000E-02 -3.78723628E-11  1.76333523E-11 
     756  8.87500000E+02  4.62500000E+02  6.34207618E-01  3.54159218E-01  9.88366836E-01  2.50000000E-02 -1.22677474E-11  3.03206576E-10 
     757  9.12500000E+02  4.62500000E+02  5.73517688E-01  4.14849148E-01  9.88366836E-01  2.50000000E-02  4.93597963E-11  2.95240826E-10 
     758  9.37500000E+02  4.62500000E+02 -7.90801234E-01  1.77916807E+00  9.88366836E-01  2.50000000E-02  3.50898019E-11  4.76209091E-11 
     759  9.62500000E+02  4.62500000E+02  7.31669728E-01  2.56697108E-01  9.88366836E-01  2.50000000E-02 -3.34170401E-11  2.19787388E-10 
     760  9.87500000E+02  4.62500000E+02  2.14049060E-02  9.66961930E-01  9.88366836E-01  2.50000000E-02 -5.10083748E-12  2.12394312E-10 
     761  1.25000000E+01  4.87500000E+02 -8.92157871E-01  1.88052471E+00  9.88366835E-01  2.50000000E-02  8.59925188E-13 -2.46252057E-10 
     762  3.75000000E+01  4.87500000E+02  8.47139597E-01  1.41227239E-01  9.88366835E-01  2.50000000E-02  8.50661125E-12 -1.41466300E-10 
     763  6.25000000E+01  4.87500000E+02  9.07970650E-02  8.97569770E-01  9.88366835E-01  2.50000000E-02 -3.68492377E-11 -6.51284181E-11 
     764  8.75000000E+01  4.87500000E+02 -4.59866617E-01  1.44823345E+00  9.88366835E-01  2.50000000E-02 -3.65533730E-11 -1.69355223E-10 
     765  1.12500000E+02  4.87500000E+02  5.16185763E-01  4.72181073E-01  9.88366835E-01  2.50000000E-02 -6.97888565E-11 -3.92317083E-10 
     766  1.37500000E+02  4.87500000E+02 -7.13203339E-01  1.70157017E+00  9.88366835E-01  2.50000000E-02 -4.03184211E-11 -1.38066989E-10 
     767  1.62500000E+02  4.87500000E+02 -3.39224994E-01  1.32759183E+00  9.88366835E-01  2.50000000E-02 -1.84286419E-10 -1.59469627E-09 
     768  1.87500000E+02  4.87500000E+02 -4.02609231E-01  1.39097607E+00  9.88366835E-01  2.50000000E-02 -3.82640755E-10 -1.70599378E-10 
     769  2.12500000E+02  4.87500000E+02  7.36295286E-01  2.52071549E-01  9.88366835E-01  2.50000000E-02 -1.02808490E-09 -1.14758886E-09 
     770  2.37500000E+02  4.87500000E+02  2.15175153E-01  7.73191682E-01  9.88366835E-01  2.50000000E-02 -1.20167820E-09 -1.04009102E-09 
     771  2.62500000E+02  4.87500000E+02  9.58307377E-01  3.00594583E-02  9.88366835E-01  2.50000000E-02 -1.26432446E-09 -2.17281531E-09 
     772  2.87500000E+02  4.87500000E+02  4.14549800E-01  5.73817035E-01  9.88366836E-01  2.50000000E-02 -2.47163209E-10 -9.56222709E-11 
     773  3.12500000E+02  4.87500000E+02  3.57400243E-01  6.30966592E-01  9.88366836E-01  2.50000000E-02 -2.60559971E-10  2.17706458E-09 
     774  3.37500000E+02  4.87500000E+02  6.72171383E-02  9.21149697E-01  9.88366836E-01  2.50000000E-02 -2.61897024E-10  2.75044309E-10 
     775  3.62500000E+02  4.87500000E+02 -4.36419991E-02  1.03200883E+00  9.88366836E-01  2.50000000E-02 -2.91677680E-10  2.17857783E-10 
     776  3.87500000E+02  4.87500000E+02 -2.97094604E-01  1.28546144E+00  9.88366836E-01  2.50000000E-02 -3.51076846E-10  6.48248920E-10 
     777  4.12500000E+02  4.87500000E+02  3.84800043E-01  6.03566792E-01  9.88366836E-01  2.50000000E-02 -4.71387419E-10 -2.69979408E-10 
     778  4.37500000E+02  4.87500000E+02 -4.43349061E-01  1.43171590E+00  9.88366835E-01  2.50000000E-02 -8.25208234E-10 -1.22344395E-09 
     779  4.62500000E+02  4.87500000E+02  1.00492587E-01  8.87874249E-01  9.88366836E-01  2.50000000E-02 -9.61310042E-10 -1.33407474E-10 
     780  4.87500000E+02  4.87500000E+02 -2.99439289E-01  1.28780612E+00  9.88366836E-01  2.50000000E-02 -7.53433321E-10  1.36773656E-10 
     781  5.12500000E+02  4.87500000E+02 -4.52742072E-01  1.44110891E+00  9.88366836E-01  2.50000000E-02 -5.90389978E-10 -2.88405703E-11 
     782  5.37500000E+02  4.87500000E+02 -6.59007674E-01  1.64737451E+00  9.88366836E-01  2.50000000E-02 -5.13411954E-10 -3.49314499E-11 
     783  5.62500000E+02  4.87500000E+02 -5.76309235E-01  1.56467607E+00  9.88366836E-01  2.50000000E-02 -4.59869553E-10 -1.85510662E-11 
     784  5.87500000E+02  4.87500000E+02 -8.12551513E-01  1.80091835E+00  9.88366836E-01  2.50000000E-02 -3.94922599E-10  8.20049758E-10 
     785  6.12500000E+02  4.87500000E+02 -8.28069798E-01  1.81643663E+00  9.88366836E-01  2.50000000E-02 -3.38903681E-10  9.85900614E-11 
     786  6.37500000E+02  4.87500000E+02 -8.90927969E-01  1.87929480E+00  9.88366836E-01  2.50000000E-02 -3.45921991E-10  5.57764231E-10 
     787  6.62500000E+02  4.87500000E+02  4.97326608E-01  4.91040227E-01  9.88366836E-01  2.50000000E-02 -5.66672886E-10  6.11450310E-10 
     788  6.87500000E+02  4.87500000E+02  5.52784999E-01  4.35581836E-01  9.88366836E-01  2.50000000E-02 -5.50489366E-10  4.93285230E-10 
     789  7.12500000E+02  4.87500000E+02 -5.92100234E-01  1.58046707E+00  9.88366836E-01  2.50000000E-02 -5.45165219E-10  1.67842891E-10 
     790  7.37500000E+02  4.87500000E+02  9.56743792E-01  3.16230436E-02  9.88366836E-01  2.50000000E-02 -4.99922773E-10  6.55092654E-10 
     791  7.62500000E+02  4.87500000E+02 -1.85259607E-01  1.17362644E+00  9.88366836E-01  2.50000000E-02  7.70375414E-11  6.46174818E-10 
     792  7.87500000E+02  4.87500000E+02 -6.28813263E-01  1.61718010E+00  9.88366836E-01  2.50000000E-02  4.24077730E-11  1.47841868E-10 
     793  8.12500000E+02  4.87500000E+02 -4.54073316E-01  1.44244015E+00  9.88366836E-01  2.50000000E-02 -3.46196169E-11  3.75598269E-10 
     794  8.37500000E+02  4.87500000E+02 -4.02023641E-02  1.02856920E+00  9.88366836E-01  2.50000000E-02 -8.50945021E-11  1.26750126E-10 
     795  8.62500000E+02  4.87500000E+02 -9.55158516E-01  1.94352535E+00  9.88366836E-01  2.50000000E-02 -3.51506339E-11  1.21373241E-11 
     796  8.87500000E+02  4.87500000E+02 -8.69613158E-01  1.85797999E+00  9.88366836E-01  2.50000000E-02 -4.54123980E-11  1.03886326E-10 
     797  9.12500000E+02  4.87500000E+02 -6.95422540E-01  1.68378938E+00  9.88366836E-01  2.50000000E-02 -8.46521295E-11  1.81532748E-10 
     798  9.37500000E+02  4.87500000E+02 -7.92456884E-01  1.78082372E+00  9.88366836E-01  2.50000000E-02 -9.81913251E-11  4.39972845E-11 
     799  9.62500000E+02  4.87500000E+02 -4.15251851E-01  1.40361869E+00  9.88366836E-01  2.50000000E-02 -9.03371902E-11  1.84691105E-10 
     800  9.87500000E+02  4.87500000E+02 -7.79383764E-01  1.76775060E+00  9.88366836E-01  2.50000000E-02 -3.75278618E-11  2.14785052E-10 
     801  1.25000000E+01  5.12500000E+02 -1.98694032E-01  1.18706087E+00  9.88366835E-01  2.50000000E-02  1.73219250E-12 -2.44975258E-10 
     802  3.75000000E+01  5.12500000E+02 -4.78622974E-01  1.46698981E+00  9.88366835E-01  2.50000000E-02  2.19085704E-11 -7.69247538E-11 
     803  6.25000000E+01  5.12500000E+02 -9.58897534E-01  1.94726437E+00  9.88366835E-01  2.50000000E-02  4.63122067E-11 -4.01543191E-11 
     804  8.75000000E+01  5.12500000E+02 -5.07965653E-02  1.03916340E+00  9.88366835E-01  2.50000000E-02  4.42428900E-11 -1.51866794E-10 
     805  1.12500000E+02  5.12500000E+02  6.52596013E-01  3.35770822E-01  9.88366835E-01  2.50000000E-02 -9.24688909E-11 -4.08361523E-10 
     806  1.37500000E+02  5.12500000E+02 -1.17375780E-02  1.00010441E+00  9.88366835E-01  2.50000000E-02 -1.14108592E-10 -1.56126781E-10 
     807  1.62500000E+02  5.12500000E+02  7.45253151E-02  9.13841520E-01  9.88366835E-01  2.50000000E-02 -1.36679280E-10 -1.71856242E-09 
     808  1.87500000E+02  5.12500000E+02 -6.49563682E-02  1.05332320E+00  9.88366835E-01  2.50000000E-02 -2.00995518E-10 -2.54555137E-10 
     809  2.12500000E+02  5.12500000E+02  8.08191733E-01  1.80175102E-01  9.88366835E-01  2.50000000E-02 -7.13268790E-10 -1.10900220E-09 
     810  2.37500000E+02  5.12500000E+02  2.21052568E-01  7.67314267E-01  9.88366835E-01  2.50000000E-02 -8.68002341E-10 -9.11889290E-10 
     811  2.62500000E+02  5.12500000E+02  8.05511088E-01  1.82855748E-01  9.88366835E-01  2.50000000E-02 -8.95347553E-10 -4.66269567E-10 
     812  2.87500000E+02  5.12500000E+02  4.40774896E-02  9.44289346E-01  9.88366836E-01  2.50000000E-02 -3.04431164E-10  5.31380738E-11 
     813  3.12500000E+02  5.12500000E+02 -1.61642956E-01  1.15000979E+00  9.88366836E-01  2.50000000E-02 -2.56652329E-10  2.23396244E-09 
     814  3.37500000E+02  5.12500000E+02 -9.76898104E-01  1.96526494E+00  9.88366836E-01  2.50000000E-02 -2.10228728E-10  3.19777921E-10 
     815  3.62500000E+02  5.12500000E+02  8.27916857E-02  9.05575150E-01  9.88366836E-01  2.50000000E-02 -1.40132814E-10  2.44637756E-10 
     816  3.87500000E+02  5.12500000E+02 -1.61012357E-01  1.14937919E+00  9.88366836E-01  2.50000000E-02 -1.34936137E-10  6.13957904E-10 
     817  4.12500000E+02  5.12500000E+02  5.20549297E-01  4.67817539E-01  9.88366835E-01  2.50000000E-02 -1.58114163E-10 -1.85868480E-10 
     818  4.37500000E+02  5.12500000E+02  2.25939986E-01  7.62426850E-01  9.88366836E-01  2.50000000E-02 -1.99912035E-10 -1.46883495E-09 
     819  4.62500000E+02  5.12500000E+02  8.43436565E-01  1.44930271E-01  9.88366836E-01  2.50000000E-02 -2.92922294E-10 -1.89960208E-10 
     820  4.87500000E+02  5.12500000E+02  2.73522224E-01  7.14844612E-01  9.88366836E-01  2.50000000E-02 -7.79285201E-11  1.87728101E-10 
     821  5.12500000E+02  5.12500000E+02 -3.70256768E-01  1.35862360E+00  9.88366836E-01  2.50000000E-02 -4.13298764E-11 -5.70679180E-11 
     822  5.37500000E+02  5.12500000E+02 -1.86799403E-01  1.17516624E+00  9.88366836E-01  2.50000000E-02 -5.22299176E-11 -3.65187558E-11 
     823  5.62500000E+02  5.12500000E+02 -8.19173114E-01  1.80753995E+00  9.88366836E-01  2.50000000E-02 -8.04483973E-11 -5.93032461E-11 
     824  5.87500000E+02  5.12500000E+02  8.27341694E-01  1.61025141E-01  9.88366836E-01  2.50000000E-02 -2.59357131E-10  5.74833176E-10 
     825  6.12500000E+02  5.12500000E+02 -3.74597517E-01  1.36296435E+00  9.88366836E-01  2.50000000E-02 -2.47193091E-10  9.43148103E-11 
     826  6.37500000E+02  5.12500000E+02  4.44141516E-01  5.44225320E-01  9.88366836E-01  2.50000000E-02 -2.48190702E-10  3.51711447E-10 
     827  6.62500000E+02  5.12500000E+02 -9.92785098E-01  1.98115193E+00  9.88366836E-01  2.50000000E-02 -2.50581882E-10  5.66422962E-10 
     828  6.87500000E+02  5.12500000E+02 -1.45848634E-02  1.00295170E+00  9.88366836E-01  2.50000000E-02 -2.88623245E-10  3.76448268E-10 
     829  7.12500000E+02  5.12500000E+02 -4.48516774E-01  1.43688361E+00  9.88366836E-01  2.50000000E-02 -2.42269465E-10  1.08490699E-10 
     830  7.37500000E+02  5.12500000E+02 -9.41310020E-01  1.92967686E+00  9.88366836E-01  2.50000000E-02 -1.64916809E-10 -1.20615980E-11 
     831  7.62500000E+02  5.12500000E+02 -6.99160594E-01  1.68752743E+00  9.88366836E-01  2.50000000E-02 -1.47227067E-10  5.15975788E-10 
     832  7.87500000E+02  5.12500000E+02 -9.23100187E-01  1.91146702E+00  9.88366836E-01  2.50000000E-02 -1.48860288E-10  1.00762693E-10 
     833  8.12500000E+02  5.12500000E+02 -3.81021602E-02  1.02646900E+00  9.88366836E-01  2.50000000E-02 -1.50770396E-10  2.98571453E-10 
     834  8.37500000E+02  5.12500000E+02  7.64165111E-01  2.24201724E-01  9.88366836E-01  2.50000000E-02 -1.86066035E-10  1.92398387E-10 
     835  8.62500000E+02  5.12500000E+02 -9.54580350E-01  1.94294719E+00  9.88366836E-01  2.50000000E-02 -2.85413165E-11  1.48447856E-11 
     836  8.87500000E+02  5.12500000E+02 -6.71656305E-01  1.66002314E+00  9.88366836E-01  2.50000000E-02 -2.22868823E-11  9.52693259E-11 
     837  9.12500000E+02  5.12500000E+02 -1.39158553E-01  1.12752539E+00  9.88366836E-01  2.50000000E-02 -2.44573519E-11  1.62919373E-10 
     838  9.37500000E+02  5.12500000E+02  6.36652324E-01  3.51714511E-01  9.88366836E-01  2.50000000E-02 -4.90284332E-11  8.22589939E-11 
     839  9.62500000E+02  5.12500000E+02  6.13608273E-01  3.74758563E-01  9.88366836E-01  2.50000000E-02 -5.97462913E-11  1.45809642E-10 
     840  9.87500000E+02  5.12500000E+02  7.10892811E-01  2.77474024E-01  9.88366836E-01  2.50000000E-02 -2.76807651E-11  2.31832899E-10 
     841  1.25000000E+01  5.37500000E+02 -5.58057742E-02  1.04417261E+00  9.88366835E-01  2.50000000E-02 -1.78834437E-12 -2.65663535E-10 
     842  3.75000000E+01  5.37500000E+02  7.54977705E-02  9.12869065E-01  9.88366835E-01  2.50000000E-02 -1.41026746E-11 -7.64653908E-11 
     843  6.25000000E+01  5.37500000E+02 -7.54745601E-01  1.74311244E+00  9.88366835E-01  2.50000000E-02 -4.43065457E-11 -4.18593176E-11 
     844  8.75000000E+01  5.37500000E+02  8.38551358E-01  1.49815477E-01  9.88366835E-01  2.50000000E-02 -4.94741938E-10 -4.06174169E-10 
     845  1.12500000E+02  5.37500000E+02 -7.14267579E-01  1.70263441E+00  9.88366835E-01  2.50000000E-02 -5.28804939E-10 -1.33200582E-10 
     846  1.37500000E+02  5.37500000E+02  7.66191250E-01  2.22175585E-01  9.88366835E-01  2.50000000E-02 -4.13500858E-10 -3.62955481E-10 
     847  1.62500000E+02  5.37500000E+02 -1.51205253E-02  1.00348736E+00  9.88366835E-01  2.50000000E-02 -3.17123319E-10 -1.53181982E-09 
     848  1.87500000E+02  5.37500000E+02  1.73922527E-01  8.14444309E-01  9.88366835E-01  2.50000000E-02 -3.88140275E-10 -3.08311286E-10 
     849  2.12500000E+02  5.37500000E+02  5.53943166E-01  4.34423669E-01  9.88366835E-01  2.50000000E-02 -4.82999181E-10 -7.63622816E-10 
     850  2.37500000E+02  5.37500000E+02 -8.89105826E-01  1.87747266E+00  9.88366835E-01  2.50000000E-02 -3.05895279E-10 -7.66497857E-10 
     851  2.62500000E+02  5.37500000E+02 -5.81463339E-01  1.56983017E+00  9.88366835E-01  2.50000000E-02 -3.09400633E-10 -2.59488911E-10 
     852  2.87500000E+02  5.37500000E+02  6.79526210E-01  3.08840626E-01  9.88366835E-01  2.50000000E-02 -4.34667302E-10  2.22978186E-10 
     853  3.12500000E+02  5.37500000E+02  3.42334854E-01  6.46031981E-01  9.88366835E-01  2.50000000E-02 -3.54308418E-10  2.18593033E-09 
     854  3.37500000E+02  5.37500000E+02  7.51277662E-01  2.37089173E-01  9.88366836E-01  2.50000000E-02 -8.83169072E-11  4.79622286E-10 
     855  3.62500000E+02  5.37500000E+02  2.00360265E-01  7.88006570E-01  9.88366835E-01  2.50000000E-02  1.95184619E-10  2.48309183E-10 
     856  3.87500000E+02  5.37500000E+02 -3.85167497E-01  1.37353433E+00  9.88366836E-01  2.50000000E-02  3.10271873E-10  6.02982455E-10 
     857  4.12500000E+02  5.37500000E+02  2.99418132E-01  6.88948703E-01  9.88366835E-01  2.50000000E-02  4.38184300E-10 -1.44153569E-10 
     858  4.37500000E+02  5.37500000E+02 -5.27998769E-01  1.51636560E+00  9.88366835E-01  2.50000000E-02  4.36167834E-10 -1.57111746E-09 
     859  4.62500000E+02  5.37500000E+02  8.96312519E-01  9.20543163E-02  9.88366836E-01  2.50000000E-02 -2.70226539E-11 -1.39156633E-10 
     860  4.87500000E+02  5.37500000E+02 -9.42534601E-01  1.93090144E+00  9.88366836E-01  2.50000000E-02  7.90038405E-11  1.99869343E-10 
     861  5.12500000E+02  5.37500000E+02  1.67468620E-01  8.20898215E-01  9.88366836E-01  2.50000000E-02  8.58269966E-11 -7.81852068E-11 
     862  5.37500000E+02  5.37500000E+02  9.81067012E-01  7.29982326E-03  9.88366836E-01  2.50000000E-02 -1.87838699E-10 -1.30048449E-10 
     863  5.62500000E+02  5.37500000E+02 -4.50558862E-01  1.43892570E+00  9.88366836E-01  2.50000000E-02 -8.63022635E-11 -3.42652811E-11 
     864  5.87500000E+02  5.37500000E+02 -4.81840688E-01  1.47020752E+00  9.88366836E-01  2.50000000E-02 -1.44608394E-10  3.10670755E-10 
     865  6.12500000E+02  5.37500000E+02 -5.85625669E-01  1.57399250E+00  9.88366836E-01  2.50000000E-02 -2.08185735E-10  1.48555035E-10 
     866  6.37500000E+02  5.37500000E+02 -3.44327821E-01  1.33269466E+00  9.88366836E-01  2.50000000E-02 -2.14595242E-10  3.50124964E-10 
     867  6.62500000E+02  5.37500000E+02  2.66264540E-01  7.22102295E-01  9.88366836E-01  2.50000000E-02 -1.97487373E-10  5.37959084E-10 
     868  6.87500000E+02  5.37500000E+02  1.56224060E-01  8.32142776E-01  9.88366836E-01  2.50000000E-02 -2.03767095E-10  3.20435913E-10 
     869  7.12500000E+02  5.37500000E+02  5.76540307E-01  4.11826529E-01  9.88366836E-01  2.50000000E-02 -2.30903983E-10  1.81471957E-10 
     870  7.37500000E+02  5.37500000E+02 -8.37868197E-01  1.82623503E+00  9.88366836E-01  2.50000000E-02 -1.03949327E-10 -1.89074451E-13 
     871  7.62500000E+02  5.37500000E+02 -5.81607387E-01  1.56997422E+00  9.88366836E-01  2.50000000E-02 -7.56710201E-11  4.39310182E-10 
     872  7.87500000E+02  5.37500000E+02 -3.57814128E-01  1.34618096E+00  9.88366836E-01  2.50000000E-02 -4.27143277E-11  7.31338870E-11 
     873  8.12500000E+02  5.37500000E+02  7.91384558E-02  9.09228380E-01  9.88366836E-01  2.50000000E-02 -8.06333602E-12  2.55342949E-10 
     874  8.37500000E+02  5.37500000E+02 -5.08739061E-01  1.49710590E+00  9.88366836E-01  2.50000000E-02 -6.03879678E-12  8.52816713E-11 
     875  8.62500000E+02  5.37500000E+02  8.16107980E-01  1.72258855E-01  9.88366836E-01  2.50000000E-02 -5.07446165E-11  1.36536362E-10 
     876  8.87500000E+02  5.37500000E+02 -2.94850547E-01  1.28321738E+00  9.88366836E-01  2.50000000E-02  3.10756495E-12  9.85957008E-11 
     877  9.12500000E+02  5.37500000E+02 -8.81591531E-03  9.97182751E-01  9.88366836E-01  2.50000000E-02  2.90707538E-11  1.71770755E-10 
     878  9.37500000E+02  5.37500000E+02 -8.78229413E-01  1.86659625E+00  9.88366836E-01  2.50000000E-02  3.57074117E-11  5.05055701E-11 
     879  9.62500000E+02  5.37500000E+02 -3.85030554E-01  1.37339739E+00  9.88366836E-01  2.50000000E-02  2.06856354E-11  6.29913830E-11 
     880  9.87500000E+02  5.37500000E+02 -8.45353893E-02  1.07290222E+00  9.88366836E-01  2.50000000E-02  6.40873917E-12  8.06449290E-11 
     881  1.25000000E+01  5.62500000E+02 -1.14584640E-01  1.10295148E+00  9.88366835E-01  2.50000000E-02 -2.31330596E-11 -3.22380993E-10 
     882  3.75000000E+01  5.62500000E+02  3.38627184E-01  6.49739651E-01  9.88366835E-01  2.50000000E-02 -9.25600434E-11 -1.16165813E-10 
     883  6.25000000E+01  5.62500000E+02  8.27180828E-01  1.61186007E-01  9.88366835E-01  2.50000000E-02 -2.50718043E-10 -3.32110791E-10 
     884  8.75000000E+01  5.62500000E+02  9.65357012E-01  2.30098233E-02  9.88366835E-01  2.50000000E-02 -3.72262568E-10 -8.16953319E-10 
     885  1.12500000E+02  5.62500000E+02 -3.42052154E-01  1.33041899E+00  9.88366835E-01  2.50000000E-02 -5.10771544E-11 -1.16272025E-10 
     886  1.37500000E+02  5.62500000E+02 -1.87288199E-01  1.17565503E+00  9.88366835E-01  2.50000000E-02 -5.18594023E-11 -4.38148718E-10 
     887  1.62500000E+02  5.62500000E+02 -2.76577068E-01  1.26494390E+00  9.88366835E-01  2.50000000E-02 -1.76321261E-10 -1.41601067E-09 
     888  1.87500000E+02  5.62500000E+02 -2.84951969E-01  1.27331880E+00  9.88366835E-01  2.50000000E-02 -3.01064567E-10 -2.76859590E-10 
     889  2.12500000E+02  5.62500000E+02  1.47953431E-01  8.40413405E-01  9.88366835E-01  2.50000000E-02 -2.99989979E-10 -8.25470794E-10 
     890  2.37500000E+02  5.62500000E+02  3.50708082E-01  6.37658753E-01  9.88366835E-01  2.50000000E-02 -3.38243283E-10 -6.79534284E-10 
     891  2.62500000E+02  5.62500000E+02 -8.82151087E-01  1.87051792E+00  9.88366835E-01  2.50000000E-02 -3.02442029E-10 -2.68584684E-10 
     892  2.87500000E+02  5.62500000E+02 -7.49584553E-01  1.73795139E+00  9.88366835E-01  2.50000000E-02 -2.81945557E-10 -8.99911922E-11 
     893  3.12500000E+02  5.62500000E+02 -3.56986072E-02  1.02406544E+00  9.88366835E-01  2.50000000E-02 -2.99539279E-10  1.84695670E-09 
     894  3.37500000E+02  5.62500000E+02  9.40667345E-01  4.76994905E-02  9.88366835E-01  2.50000000E-02 -6.16515304E-10  4.74366075E-10 
     895  3.62500000E+02  5.62500000E+02  7.28689455E-01  2.59677381E-01  9.88366836E-01  2.50000000E-02 -4.27491584E-11  1.52683728E-10 
     896  3.87500000E+02  5.62500000E+02  1.15865431E-01  8.72501404E-01  9.88366836E-01  2.50000000E-02  4.73142212E-11  5.97299739E-10 
     897  4.12500000E+02  5.62500000E+02 -4.70598467E-01  1.45896530E+00  9.88366835E-01  2.50000000E-02  1.97144164E-11 -1.35880684E-10 
     898  4.37500000E+02  5.62500000E+02  4.88022134E-01  5.00344702E-01  9.88366836E-01  2.50000000E-02 -6.55585015E-11 -1.68528347E-09 
     899  4.62500000E+02  5.62500000E+02 -7.43963884E-01  1.73233072E+00  9.88366836E-01  2.50000000E-02 -7.08897855E-11 -3.95990095E-11 
     900  4.87500000E+02  5.62500000E+02  8.86257588E-01  1.02109248E-01  9.88366836E-01  2.50000000E-02 -1.24000000E-10  4.44284319E-10 
     901  5.12500000E+02  5.62500000E+02  9.75623130E-01  1.27437056E-02  9.88366836E-01  2.50000000E-02 -4.40076645E-10  2.51338192E-10 
     902  5.37500000E+02  5.62500000E+02 -6.54186395E-02  1.05378548E+00  9.88366836E-01  2.50000000E-02 -9.72975793E-11  9.07133503E-11 
     903  5.62500000E+02  5.62500000E+02 -7.77567727E-01  1.76593456E+00  9.88366836E-01  2.50000000E-02 -9.89593272E-11  2.89557435E-12 
     904  5.87500000E+02  5.62500000E+02  9.45151334E-02  8.93851702E-01  9.88366836E-01  2.50000000E-02 -1.00504025E-10  2.88924670E-10 
     905  6.12500000E+02  5.62500000E+02  9.22893731E-02  8.96077462E-01  9.88366836E-01  2.50000000E-02 -1.14073893E-10  1.62429954E-10 
     906  6.37500000E+02  5.62500000E+02  8.11235559E-01  1.77131277E-01  9.88366836E-01  2.50000000E-02 -2.59647020E-10  2.91644786E-10 
     907  6.62500000E+02  5.62500000E+02 -8.91170747E-02  1.07748391E+00  9.88366836E-01  2.50000000E-02 -2.06642439E-10  5.18131273E-10 
     908  6.87500000E+02  5.62500000E+02 -2.66929104E-01  1.25529594E+00  9.88366836E-01  2.50000000E-02 -1.95259596E-10  3.26439575E-10 
     909  7.12500000E+02  5.62500000E+02  2.93419202E-01  6.94947633E-01  9.88366836E-01  2.50000000E-02 -1.81846346E-10  1.22316584E-10 
     910  7.37500000E+02  5.62500000E+02 -2.95420456E-01  1.28378729E+00  9.88366836E-01  2.50000000E-02 -1.27798822E-10  2.31196977E-11 
     911  7.62500000E+02  5.62500000E+02 -8.01096706E-01  1.78946354E+00  9.88366836E-01  2.50000000E-02 -1.08075410E-10  3.58507195E-10 
     912  7.87500000E+02  5.62500000E+02  8.40895920E-01  1.47470916E-01  9.88366836E-01  2.50000000E-02 -2.13060182E-10  1.97238435E-10 
     913  8.12500000E+02  5.62500000E+02 -6.60223018E-01  1.64858985E+00  9.88366836E-01  2.50000000E-02 -9.59673616E-11  3.01399096E-10 
     914  8.37500000E+02  5.62500000E+02  3.75355603E-01  6.13011232E-01  9.88366836E-01  2.50000000E-02 -1.01810116E-10  9.04180684E-11 
     915  8.62500000E+02  5.62500000E+02 -4.03301253E-01  1.39166809E+00  9.88366836E-01  2.50000000E-02 -1.65498017E-10  1.38549741E-10 
     916  8.87500000E+02  5.62500000E+02 -8.82689989E-01  1.87105682E+00  9.88366836E-01  2.50000000E-02 -1.70247060E-10  8.41514287E-11 
     917  9.12500000E+02  5.62500000E+02  3.13189889E-01  6.75176947E-01  9.88366836E-01  2.50000000E-02 -1.09674013E-10  1.82091080E-10 
     918  9.37500000E+02  5.62500000E+02 -1.32217871E-01  1.12058471E+00  9.88366836E-01  2.50000000E-02 -5.55117061E-11  4.51152720E-11 
     919  9.62500000E+02  5.62500000E+02 -7.36039310E-01  1.72440615E+00  9.88366836E-01  2.50000000E-02 -3.19795440E-11  5.59291735E-11 
     920  9.87500000E+02  5.62500000E+02 -9.14987545E-01  1.90335438E+00  9.88366836E-01  2.50000000E-02 -1.07841231E-11  6.72098458E-11 
     921  1.25000000E+01  5.87500000E+02  5.48764479E-01  4.39602357E-01  9.88366835E-01  2.50000000E-02 -2.09055209E-11 -5.10835516E-10 
     922  3.75000000E+01  5.87500000E+02  8.40809812E-01  1.47557023E-01  9.88366835E-01  2.50000000E-02 -1.81458516E-10 -4.00618032E-10 
     923  6.25000000E+01  5.87500000E+02 -7.42145942E-02  1.06258143E+00  9.88366835E-01  2.50000000E-02 -5.02394149E-11 -7.96648954E-11 
     924  8.75000000E+01  5.87500000E+02 -2.39418201E-01  1.22778504E+00  9.88366835E-01  2.50000000E-02 -2.31080578E-11 -7.38207924E-11 
     925  1.12500000E+02  5.87500000E+02  5.81542128E-01  4.06824708E-01  9.88366835E-01  2.50000000E-02  1.26247014E-11 -2.18891012E-10 
     926  1.37500000E+02  5.87500000E+02  8.15503331E-01  1.72863504E-01  9.88366835E-01  2.50000000E-02 -2.41542839E-10 -3.81425837E-10 
     927  1.62500000E+02  5.87500000E+02  2.34071098E-01  7.54295738E-01  9.88366835E-01  2.50000000E-02 -7.37374061E-10 -1.39100392E-09 
     928  1.87500000E+02  5.87500000E+02 -5.13579934E-01  1.50194677E+00  9.88366835E-01  2.50000000E-02 -9.10820182E-10 -3.44938469E-10 
     929  2.12500000E+02  5.87500000E+02  5.64850116E-01  4.23516719E-01  9.88366835E-01  2.50000000E-02 -1.27055023E-09 -1.10746590E-09 
     930  2.37500000E+02  5.87500000E+02  6.95866772E-01  2.92500063E-01  9.88366835E-01  2.50000000E-02 -1.36876457E-09 -9.56150645E-10 
     931  2.62500000E+02  5.87500000E+02  4.21055040E-01  5.67311795E-01  9.88366835E-01  2.50000000E-02 -1.07482610E-09 -2.04979188E-10 
     932  2.87500000E+02  5.87500000E+02  3.90903367E-01  5.97463469E-01  9.88366835E-01  2.50000000E-02 -9.62459701E-10 -1.77003091E-10 
     933  3.12500000E+02  5.87500000E+02  2.90985599E-01  6.97381236E-01  9.88366836E-01  2.50000000E-02 -8.35780444E-10  1.54456981E-09 
     934  3.37500000E+02  5.87500000E+02  1.88690182E-01  7.99676653E-01  9.88366835E-01  2.50000000E-02 -7.57491662E-10 -1.07798417E-10 
     935  3.62500000E+02  5.87500000E+02  4.67830686E-01  5.20536149E-01  9.88366835E-01  2.50000000E-02 -7.28890655E-10 -2.14704808E-11 
     936  3.87500000E+02  5.87500000E+02 -2.62553830E-02  1.01462222E+00  9.88366835E-01  2.50000000E-02 -7.06236093E-10  3.92823266E-10 
     937  4.12500000E+02  5.87500000E+02  8.77213955E-01  1.11152881E-01  9.88366835E-01  2.50000000E-02 -1.05819532E-09 -9.85360964E-11 
     938  4.37500000E+02  5.87500000E+02 -6.36819589E-01  1.62518642E+00  9.88366836E-01  2.50000000E-02 -8.33334850E-10 -1.62778829E-09 
     939  4.62500000E+02  5.87500000E+02  2.32506691E-01  7.55860144E-01  9.88366836E-01  2.50000000E-02 -8.22718463E-10 -2.89152248E-11 
     940  4.87500000E+02  5.87500000E+02 -2.48784872E-01  1.23715171E+00  9.88366836E-01  2.50000000E-02 -6.85150868E-10  7.92927177E-10 
     941  5.12500000E+02  5.87500000E+02 -5.22370654E-01  1.51073749E+00  9.88366836E-01  2.50000000E-02 -6.22725893E-10  1.27140374E-10 
     942  5.37500000E+02  5.87500000E+02 -6.24177793E-01  1.61254463E+00  9.88366836E-01  2.50000000E-02 -6.07034874E-10  9.43967038E-11 
     943  5.62500000E+02  5.87500000E+02 -5.12936838E-01  1.50130367E+00  9.88366836E-01  2.50000000E-02 -5.86253846E-10 -2.50541802E-11 
     944  5.87500000E+02  5.87500000E+02 -3.91293652E-01  1.37966049E+00  9.88366836E-01  2.50000000E-02 -5.64788557E-10  2.83895399E-10 
     945  6.12500000E+02  5.87500000E+02 -2.39706493E-01  1.22807333E+00  9.88366836E-01  2.50000000E-02 -5.00033308E-10  1.39661367E-10 
     946  6.37500000E+02  5.87500000E+02 -2.70095115E-01  1.25846195E+00  9.88366836E-01  2.50000000E-02 -4.63971800E-10  1.98536157E-11 
     947  6.62500000E+02  5.87500000E+02 -1.52645767E-01  1.14101260E+00  9.88366836E-01  2.50000000E-02 -4.99402317E-10  3.73152491E-10 
     948  6.87500000E+02  5.87500000E+02  6.09920179E-01  3.78446656E-01  9.88366836E-01  2.50000000E-02 -6.83144902E-10  4.10703262E-10 
     949  7.12500000E+02  5.87500000E+02  2.96242300E-01  6.92124536E-01  9.88366836E-01  2.50000000E-02 -5.47745785E-10  1.59218542E-10 
     950  7.37500000E+02  5.87500000E+02 -7.63312843E-01  1.75167968E+00  9.88366836E-01  2.50000000E-02 -3.40368037E-10  1.02466609E-10 
     951  7.62500000E+02  5.87500000E+02 -8.61664926E-01  1.85003176E+00  9.88366836E-01  2.50000000E-02 -2.99046591E-10  3.09623342E-10 
     952  7.87500000E+02  5.87500000E+02  7.90965086E-01  1.97401750E-01  9.88366836E-01  2.50000000E-02 -2.03732605E-10  2.09597839E-10 
     953  8.12500000E+02  5.87500000E+02  3.82152086E-01  6.06214749E-01  9.88366836E-01  2.50000000E-02 -1.65600640E-10  4.34136354E-10 
     954  8.37500000E+02  5.87500000E+02 -4.09702057E-01  1.39806889E+00  9.88366836E-01  2.50000000E-02 -1.46332141E-10  1.22529672E-10 
     955  8.62500000E+02  5.87500000E+02 -3.98703818E-01  1.38707065E+00  9.88366836E-01  2.50000000E-02 -1.48269518E-10  1.33107900E-10 
     956  8.87500000E+02  5.87500000E+02  8.83761814E-01  1.04605022E-01  9.88366836E-01  2.50000000E-02 -1.06491773E-10 -2.72896995E-10 
     957  9.12500000E+02  5.87500000E+02  6.21648804E-01  3.66718032E-01  9.88366836E-01  2.50000000E-02  5.43569983E-11  1.82794724E-10 
     958  9.37500000E+02  5.87500000E+02 -6.34674977E-01  1.62304181E+00  9.88366836E-01  2.50000000E-02  2.14726674E-12  5.10414210E-11 
     959  9.62500000E+02  5.87500000E+02  6.58150002E-02  9.22551835E-01  9.88366836E-01  2.50000000E-02 -6.11785156E-12  6.95443779E-11 
     960  9.87500000E+02  5.87500000E+02  6.34963127E-01  3.53403708E-01  9.88366836E-01  2.50000000E-02  4.95769300E-13  7.93690096E-11 
     961  1.25000000E+01  6.12500000E+02  3.03453320E-01  6.84913516E-01  9.88366835E-01  2.50000000E-02 -2.06987420E-11 -3.50970503E-10 
     962  3.75000000E+01  6.12500000E+02 -5.37321985E-02  1.04209903E+00  9.88366835E-01  2.50000000E-02 -3.52156736E-11 -9.72502993E-11 
     963  6.25000000E+01  6.12500000E+02 -3.05673691E-01  1.29404053E+00  9.88366835E-01  2.50000000E-02 -4.18815264E-11 -5.99157302E-11 
     964  8.75000000E+01  6.12500000E+02 -2.61743157E-01  1.25010999E+00  9.88366835E-01  2.50000000E-02 -5.12354124E-11 -9.09251815E-11 
     965  1.12500000E+02  6.12500000E+02  8.15419797E-01  1.72947038E-01  9.88366835E-01  2.50000000E-02 -1.42791934E-10 -2.05048707E-10 
     966  1.37500000E+02  6.12500000E+02 -7.44647963E-01  1.73301480E+00  9.88366835E-01  2.50000000E-02 -1.72227870E-10 -1.50456304E-11 
     967  1.62500000E+02  6.12500000E+02  5.29176109E-01  4.59190726E-01  9.88366835E-01  2.50000000E-02 -3.60041493E-10 -1.05887022E-09 
     968  1.87500000E+02  6.12500000E+02  1.64077824E-01  8.24289011E-01  9.88366835E-01  2.50000000E-02 -7.24444388E-10 -5.02911855E-10 
     969  2.12500000E+02  6.12500000E+02 -5.50158379E-01  1.53852521E+00  9.88366836E-01  2.50000000E-02 -6.05654576E-10 -1.05409069E-09 
     970  2.37500000E+02  6.12500000E+02 -9.02006140E-01  1.89037298E+00  9.88366835E-01  2.50000000E-02 -5.45096936E-10 -8.52472332E-10 
     971  2.62500000E+02  6.12500000E+02  2.99165750E-01  6.89201086E-01  9.88366835E-01  2.50000000E-02 -5.99463784E-10 -5.63809479E-11 
     972  2.87500000E+02  6.12500000E+02 -8.96736737E-01  1.88510357E+00  9.88366835E-01  2.50000000E-02 -5.49148268E-10 -4.63120037E-11 
     973  3.12500000E+02  6.12500000E+02  1.61556385E-02  9.72211197E-01  9.88366835E-01  2.50000000E-02 -5.63429580E-10  1.30307504E-09 
     974  3.37500000E+02  6.12500000E+02 -2.51029848E-03  9.90877134E-01  9.88366835E-01  2.50000000E-02 -6.52483979E-10 -1.16630897E-10 
     975  3.62500000E+02  6.12500000E+02 -1.47085750E-01  1.13545259E+00  9.88366835E-01  2.50000000E-02 -6.19728518E-10 -6.60144379E-11 
     976  3.87500000E+02  6.12500000E+02 -5.05318059E-01  1.49368489E+00  9.88366835E-01  2.50000000E-02 -6.29149611E-10  9.51349023E-11 
     977  4.12500000E+02  6.12500000E+02  5.62001394E-01  4.26365441E-01  9.88366835E-01  2.50000000E-02 -1.03157730E-09 -1.31182516E-10 
     978  4.37500000E+02  6.12500000E+02  7.35463960E-01  2.52902876E-01  9.88366836E-01  2.50000000E-02 -1.46926558E-09 -1.24876725E-09 
     979  4.62500000E+02  6.12500000E+02 -4.48297505E-01  1.43666434E+00  9.88366836E-01  2.50000000E-02 -1.76014994E-09 -4.02162766E-11 
     980  4.87500000E+02  6.12500000E+02  7.97431476E-01  1.90935359E-01  9.88366836E-01  2.50000000E-02 -1.77441188E-09  8.02475966E-10 
     981  5.12500000E+02  6.12500000E+02 -6.28015485E-01  1.61638232E+00  9.88366836E-01  2.50000000E-02 -1.74172122E-09  7.40369624E-11 
     982  5.37500000E+02  6.12500000E+02  8.77500396E-01  1.10866439E-01  9.88366836E-01  2.50000000E-02 -1.37767033E-09 -1.18255522E-12 
     983  5.62500000E+02  6.12500000E+02 -2.13074037E-01  1.20144087E+00  9.88366836E-01  2.50000000E-02 -6.28403674E-10 -4.38342085E-11 
     984  5.87500000E+02  6.12500000E+02  6.01599391E-01  3.86767445E-01  9.88366836E-01  2.50000000E-02 -5.46676295E-10  1.76209689E-10 
     985  6.12500000E+02  6.12500000E+02  7.52456020E-01  2.35910816E-01  9.88366836E-01  2.50000000E-02 -5.33157107E-10  9.23084077E-11 
     986  6.37500000E+02  6.12500000E+02 -6.78948890E-01  1.66731573E+00  9.88366836E-01  2.50000000E-02 -2.66295559E-10  8.96977350E-11 
     987  6.62500000E+02  6.12500000E+02 -3.99877109E-01  1.38824394E+00  9.88366836E-01  2.50000000E-02 -2.37920363E-10  2.43984871E-10 
     988  6.87500000E+02  6.12500000E+02  4.94103848E-01  4.94262988E-01  9.88366836E-01  2.50000000E-02 -2.03106701E-10  3.84468829E-10 
     989  7.12500000E+02  6.12500000E+02 -8.35357542E-01  1.82372438E+00  9.88366836E-01  2.50000000E-02 -1.42723142E-10  2.28995875E-10 
     990  7.37500000E+02  6.12500000E+02 -1.75286905E-01  1.16365374E+00  9.88366836E-01  2.50000000E-02 -1.25943408E-10  1.49992030E-10 
     991  7.62500000E+02  6.12500000E+02  8.28031203E-01  1.60335632E-01  9.88366836E-01  2.50000000E-02 -2.23095002E-10  3.10834241E-10 
     992  7.87500000E+02  6.12500000E+02  5.71861485E-01  4.16505350E-01  9.88366836E-01  2.50000000E-02 -2.02433438E-10  2.21527172E-10 
     993  8.12500000E+02  6.12500000E+02 -4.06956404E-01  1.39532324E+00  9.88366836E-01  2.50000000E-02 -1.42246280E-10  5.35373507E-10 
     994  8.37500000E+02  6.12500000E+02 -9.24495417E-01  1.91286225E+00  9.88366836E-01  2.50000000E-02 -1.38368790E-10  1.28558448E-10 
     995  8.62500000E+02  6.12500000E+02  6.60746527E-01  3.27620308E-01  9.88366836E-01  2.50000000E-02 -1.94135137E-10  1.08066858E-10 
     996  8.87500000E+02  6.12500000E+02  9.95587154E-01  1.13040765E-07  9.95587267E-01  2.50000000E-02 -1.42323172E-11 -9.50256073E-12 
     997  9.12500000E+02  6.12500000E+02 -7.59677557E-01  1.74804439E+00  9.88366836E-01  2.50000000E-02 -2.83555365E-11  1.31172677E-10 
     998  9.37500000E+02  6.12500000E+02 -4.27104154E-01  1.41547099E+00  9.88366836E-01  2.50000000E-02 -2.56567030E-11  4.86840179E-11 
     999  9.62500000E+02  6.12500000E+02  4.11357170E-01  5.77009665E-01  9.88366836E-01  2.50000000E-02 -5.83222961E-12  7.42317507E-11 
    1000  9.87500000E+02  6.12500000E+02 -6.48242668E-01  1.63660950E+00  9.88366836E-01  2.50000000E-02  6.76292507E-13  3.65211951E-11 
    1001  1.25000000E+01  6.37500000E+02 -9.40392861E-01  1.92875970E+00  9.88366835E-01  2.50000000E-02 -2.32271056E-11 -3.01611917E-10 
    1002  3.75000000E+01  6.37500000E+02  2.92199058E-01  6.96167777E-01  9.88366835E-01  2.50000000E-02 -1.47361059E-10 -8.00268580E-11 
    1003  6.25000000E+01  6.37500000E+02  4.03752741E-01  5.84614095E-01  9.88366835E-01  2.50000000E-02 -1.76964265E-10 -7.03597510E-11 
    1004  8.75000000E+01  6.37500000E+02 -9.40355357E-01  1.92872219E+00  9.88366835E-01  2.50000000E-02 -1.27997047E-10 -9.52444954E-11 
    1005  1.12500000E+02  6.37500000E+02 -6.69036089E-01  1.65740292E+00  9.88366835E-01  2.50000000E-02 -1.19935480E-10 -3.48704874E-11 
    1006  1.37500000E+02  6.37500000E+02 -6.30592728E-01  1.61895956E+00  9.88366835E-01  2.50000000E-02 -1.28567069E-10 -4.62650493E-12 
    1007  1.62500000E+02  6.37500000E+02 -5.73665813E-01  1.56203265E+00  9.88366835E-01  2.50000000E-02 -1.33922629E-10 -4.62748763E-10 
    1008  1.87500000E+02  6.37500000E+02  9.74206108E-01  1.41607274E-02  9.88366835E-01  2.50000000E-02 -9.63768504E-10 -9.27681404E-10 
    1009  2.12500000E+02  6.37500000E+02  5.58623786E-01  4.29743049E-01  9.88366836E-01  2.50000000E-02 -5.62416648E-10 -5.93320127E-10 
    1010  2.37500000E+02  6.37500000E+02  1.43151761E-01  8.45215074E-01  9.88366835E-01  2.50000000E-02 -6.68043677E-10 -7.29805254E-10 
    1011  2.62500000E+02  6.37500000E+02 -2.12071154E-01  1.20043799E+00  9.88366836E-01  2.50000000E-02 -6.82582989E-10  8.83959096E-11 
    1012  2.87500000E+02  6.37500000E+02 -4.21580013E-01  1.40994685E+00  9.88366835E-01  2.50000000E-02 -6.83188009E-10  1.05455624E-11 
    1013  3.12500000E+02  6.37500000E+02 -2.69652413E-01  1.25801925E+00  9.88366835E-01  2.50000000E-02 -6.96488405E-10  1.16507595E-09 
    1014  3.37500000E+02  6.37500000E+02  9.34500156E-01  5.38666793E-02  9.88366835E-01  2.50000000E-02 -3.93134255E-10 -3.14006369E-10 
    1015  3.62500000E+02  6.37500000E+02 -8.15144883E-01  1.80351172E+00  9.88366835E-01  2.50000000E-02 -3.89292513E-11 -6.29384339E-11 
    1016  3.87500000E+02  6.37500000E+02 -4.06610623E-01  1.39497746E+00  9.88366835E-01  2.50000000E-02 -4.59847642E-11 -5.41769996E-12 
    1017  4.12500000E+02  6.37500000E+02  3.49140391E-01  6.39226445E-01  9.88366835E-01  2.50000000E-02 -9.68443282E-11 -8.47020204E-11 
    1018  4.37500000E+02  6.37500000E+02 -2.34497289E-01  1.22286412E+00  9.88366835E-01  2.50000000E-02 -1.64652180E-10 -1.05119517E-09 
    1019  4.62500000E+02  6.37500000E+02 -6.23537321E-01  1.61190416E+00  9.88366835E-01  2.50000000E-02 -1.96709100E-10 -9.03547160E-11 
    1020  4.87500000E+02  6.37500000E+02  6.91516761E-01  2.96850074E-01  9.88366836E-01  2.50000000E-02 -2.84335937E-10  5.03899746E-10 
    1021  5.12500000E+02  6.37500000E+02 -6.90845646E-01  1.67921248E+00  9.88366836E-01  2.50000000E-02 -1.08539467E-10  5.29656812E-11 
    1022  5.37500000E+02  6.37500000E+02 -6.34222063E-01  1.62258890E+00  9.88366836E-01  2.50000000E-02 -9.73340701E-11 -1.50157129E-10 
    1023  5.62500000E+02  6.37500000E+02  4.58383699E-01  5.29983136E-01  9.88366836E-01  2.50000000E-02 -9.98875401E-11  6.06860828E-12 
    1024  5.87500000E+02  6.37500000E+02 -3.65768581E-01  1.35413542E+00  9.88366836E-01  2.50000000E-02 -5.17887256E-11  1.03908028E-10 
    1025  6.12500000E+02  6.37500000E+02 -6.90980806E-01  1.67934764E+00  9.88366836E-01  2.50000000E-02 -4.76526673E-11  2.89254053E-11 
    1026  6.37500000E+02  6.37500000E+02 -6.60668753E-01  1.64903559E+00  9.88366836E-01  2.50000000E-02 -5.69449635E-11  1.46405351E-10 
    1027  6.62500000E+02  6.37500000E+02  9.10784558E-01  7.75822779E-02  9.88366836E-01  2.50000000E-02 -4.67914636E-10  2.85826691E-10 
    1028  6.87500000E+02  6.37500000E+02 -3.34732112E-01  1.32309895E+00  9.88366836E-01  2.50000000E-02 -5.99340786E-10  4.39246879E-10 
    1029  7.12500000E+02  6.37500000E+02  2.61776502E-01  7.26590334E-01  9.88366836E-01  2.50000000E-02 -5.98416218E-10  2.39429525E-10 
    1030  7.37500000E+02  6.37500000E+02 -2.93455060E-01  1.28182190E+00  9.88366836E-01  2.50000000E-02 -5.63908848E-10  1.13622670E-10 
    1031  7.62500000E+02  6.37500000E+02  3.10672546E-01  6.77694289E-01  9.88366836E-01  2.50000000E-02 -5.28914082E-10  9.50918225E-11 
    1032  7.87500000E+02  6.37500000E+02  2.80939941E-01  7.07426895E-01  9.88366836E-01  2.50000000E-02 -5.47500507E-10  1.67135199E-10 
    1033  8.12500000E+02  6.37500000E+02  3.32255791E-01  6.56111045E-01  9.88366836E-01  2.50000000E-02 -5.38245858E-10  5.64212475E-10 
    1034  8.37500000E+02  6.37500000E+02  6.39458614E-01  3.48908222E-01  9.88366836E-01  2.50000000E-02 -4.33910054E-10  9.81757126E-11 
    1035  8.62500000E+02  6.37500000E+02  6.53592954E-01  3.34773882E-01  9.88366836E-01  2.50000000E-02 -3.06233754E-10  4.69946589E-11 
    1036  8.87500000E+02  6.37500000E+02 -7.00726285E-01  1.68909312E+00  9.88366836E-01  2.50000000E-02 -8.36507305E-11  7.35032955E-11 
    1037  9.12500000E+02  6.37500000E+02 -4.87372950E-01  1.47573979E+00  9.88366836E-01  2.50000000E-02 -6.40564149E-11  1.10844258E-10 
    1038  9.37500000E+02  6.37500000E+02 -5.92334440E-02  1.04760028E+00  9.88366836E-01  2.50000000E-02 -4.44862927E-11  2.83264966E-11 
    1039  9.62500000E+02  6.37500000E+02 -7.99537434E-01  1.78790427E+00  9.88366836E-01  2.50000000E-02 -2.44566037E-11  3.80561303E-11 
    1040  9.87500000E+02  6.37500000E+02 -5.07206554E-02  1.03908749E+00  9.88366836E-01  2.50000000E-02 -8.50295175E-12  1.90722723E-11 
    1041  1.25000000E+01  6.62500000E+02  7.21507143E-01  2.66859692E-01  9.88366835E-01  2.50000000E-02 -2.12642013E-11 -3.67660136E-10 
    1042  3.75000000E+01  6.62500000E+02  5.28989000E-01  4.59377835E-01  9.88366835E-01  2.50000000E-02 -1.59874972E-11 -1.11740670E-10 
    1043  6.25000000E+01  6.62500000E+02  6.53154362E-01  3.35212474E-01  9.88366835E-01  2.50000000E-02  2.90169202E-11 -1.18749115E-10 
    1044  8.75000000E+01  6.62500000E+02  1.68424251E-01  8.19942585E-01  9.88366835E-01  2.50000000E-02  7.94827957E-11 -1.00227622E-10 
    1045  1.12500000E+02  6.62500000E+02  1.44999953E-01  8.43366883E-01  9.88366835E-01  2.50000000E-02  1.00664415E-10 -4.08805672E-11 
    1046  1.37500000E+02  6.62500000E+02 -5.02182718E-01  1.49054955E+00  9.88366835E-01  2.50000000E-02  1.17461189E-10 -3.05731298E-11 
    1047  1.62500000E+02  6.62500000E+02 -5.26667734E-01  1.51503457E+00  9.88366835E-01  2.50000000E-02  1.17399482E-10 -3.60284244E-10 
    1048  1.87500000E+02  6.62500000E+02  9.41039388E-01  4.73274479E-02  9.88366835E-01  2.50000000E-02 -1.15107393E-10 -2.63989298E-10 
    1049  2.12500000E+02  6.62500000E+02  1.10856106E-01  8.77510729E-01  9.88366835E-01  2.50000000E-02  2.95796220E-11 -2.33800031E-10 
    1050  2.37500000E+02  6.62500000E+02  3.92237814E-01  5.96129021E-01  9.88366835E-01  2.50000000E-02 -3.65374354E-11 -5.01707281E-10 
    1051  2.62500000E+02  6.62500000E+02 -2.56877494E-01  1.24524433E+00  9.88366835E-01  2.50000000E-02 -7.65220285E-11  1.49145614E-10 
    1052  2.87500000E+02  6.62500000E+02 -8.93025048E-01  1.88139188E+00  9.88366835E-01  2.50000000E-02 -7.62240328E-11  2.97738800E-11 
    1053  3.12500000E+02  6.62500000E+02  7.04383125E-01  2.83983710E-01  9.88366836E-01  2.50000000E-02 -8.23478347E-11  9.49365661E-10 
    1054  3.37500000E+02  6.62500000E+02 -6.20474723E-01  1.60884156E+00  9.88366836E-01  2.50000000E-02  4.74641497E-11 -4.34529525E-11 
    1055  3.62500000E+02  6.62500000E+02  2.15328870E-01  7.73037965E-01  9.88366835E-01  2.50000000E-02  5.57481662E-11 -5.69138835E-11 
    1056  3.87500000E+02  6.62500000E+02  1.03280951E-01  8.85085884E-01  9.88366835E-01  2.50000000E-02  4.44208289E-11 -5.74814387E-12 
    1057  4.12500000E+02  6.62500000E+02 -9.20204754E-01  1.90857159E+00  9.88366835E-01  2.50000000E-02  3.63724625E-11 -2.09059601E-11 
    1058  4.37500000E+02  6.62500000E+02  8.34153607E-01  1.54213228E-01  9.88366835E-01  2.50000000E-02 -1.28598086E-10 -7.16675861E-10 
    1059  4.62500000E+02  6.62500000E+02 -6.17011257E-01  1.60537809E+00  9.88366836E-01  2.50000000E-02 -1.38049647E-10 -9.54829867E-11 
    1060  4.87500000E+02  6.62500000E+02 -1.11500883E-01  1.09986772E+00  9.88366836E-01  2.50000000E-02 -1.70552248E-10  2.12469418E-10 
    1061  5.12500000E+02  6.62500000E+02 -4.38547116E-01  1.42691395E+00  9.88366836E-01  2.50000000E-02 -1.92579647E-10  7.67728278E-11 
    1062  5.37500000E+02  6.62500000E+02  1.24881031E-01  8.63485804E-01  9.88366836E-01  2.50000000E-02 -1.72693930E-10 -2.11530596E-10 
    1063  5.62500000E+02  6.62500000E+02  8.88143054E-01  1.00223781E-01  9.88366836E-01  2.50000000E-02 -3.18145849E-10 -1.36037088E-11 
    1064  5.87500000E+02  6.62500000E+02  7.56693025E-01  2.31673811E-01  9.88366836E-01  2.50000000E-02 -1.84824011E-10  1.50825510E-10 
    1065  6.12500000E+02  6.62500000E+02 -5.59181623E-01  1.54754846E+00  9.88366836E-01  2.50000000E-02 -8.13079874E-11  4.74999238E-11 
    1066  6.37500000E+02  6.62500000E+02 -2.36502072E-01  1.22486891E+00  9.88366836E-01  2.50000000E-02 -7.91807073E-11  1.61078899E-10 
    1067  6.62500000E+02  6.62500000E+02  7.69975015E-01  2.18391821E-01  9.88366836E-01  2.50000000E-02 -1.48520173E-10  1.85856711E-10 
    1068  6.87500000E+02  6.62500000E+02 -2.62419045E-01  1.25078588E+00  9.88366836E-01  2.50000000E-02 -5.81596555E-11  4.84579937E-10 
    1069  7.12500000E+02  6.62500000E+02 -7.47798696E-01  1.73616553E+00  9.88366836E-01  2.50000000E-02 -4.65372548E-11  2.48780473E-10 
    1070  7.37500000E+02  6.62500000E+02  7.17758291E-01  2.70608545E-01  9.88366836E-01  2.50000000E-02 -2.53088409E-13  1.51808139E-10 
    1071  7.62500000E+02  6.62500000E+02 -2.70231324E-01  1.25859816E+00  9.88366836E-01  2.50000000E-02 -9.08182391E-13  5.21114989E-11 
    1072  7.87500000E+02  6.62500000E+02 -6.08207114E-01  1.59657395E+00  9.88366836E-01  2.50000000E-02 -1.81353495E-11  9.94968462E-11 
    1073  8.12500000E+02  6.62500000E+02  6.27633483E-01  3.60733353E-01  9.88366836E-01  2.50000000E-02 -1.15558697E-10  4.98408733E-10 
    1074  8.37500000E+02  6.62500000E+02  3.77482458E-01  6.10884378E-01  9.88366836E-01  2.50000000E-02 -9.22783886E-11  6.27441041E-11 
    1075  8.62500000E+02  6.62500000E+02 -7.49113139E-01  1.73747997E+00  9.88366836E-01  2.50000000E-02 -4.01143381E-11 -1.65516268E-11 
    1076  8.87500000E+02  6.62500000E+02 -4.20707946E-01  1.40907478E+00  9.88366836E-01  2.50000000E-02 -2.10674679E-11  8.46223524E-11 
    1077  9.12500000E+02  6.62500000E+02 -5.96752387E-01  1.58511922E+00  9.88366836E-01  2.50000000E-02 -3.95094336E-12  1.10183441E-10 
    1078  9.37500000E+02  6.62500000E+02 -6.47407324E-01  1.63577416E+00  9.88366836E-01  2.50000000E-02  6.88378882E-12  1.95759672E-11 
    1079  9.62500000E+02  6.62500000E+02  1.30377829E-01  8.57989006E-01  9.88366836E-01  2.50000000E-02  1.09960515E-11  3.09027243E-11 
    1080  9.87500000E+02  6.62500000E+02 -1.42309912E-01  1.13067675E+00  9.88366836E-01  2.50000000E-02  4.42311545E-12  1.39257756E-11 
    1081  1.25000000E+01  6.87500000E+02 -3.07977107E-01  1.29634394E+00  9.88366835E-01  2.50000000E-02  3.58525308E-12 -1.71822404E-10 
    1082  3.75000000E+01  6.87500000E+02 -5.64544706E-02  1.04482131E+00  9.88366835E-01  2.50000000E-02  5.84897004E-12 -6.88967488E-11 
    1083  6.25000000E+01  6.87500000E+02  5.18945662E-01  4.69421173E-01  9.88366835E-01  2.50000000E-02 -5.62246380E-11 -1.49695964E-10 
    1084  8.75000000E+01  6.87500000E+02 -6.36454859E-01  1.62482169E+00  9.88366835E-01  2.50000000E-02 -7.90583453E-11 -8.48769673E-11 
    1085  1.12500000E+02  6.87500000E+02 -6.85283209E-01  1.67365004E+00  9.88366835E-01  2.50000000E-02 -8.30626995E-11 -2.35441260E-11 
    1086  1.37500000E+02  6.87500000E+02 -9.97720077E-01  1.98608691E+00  9.88366835E-01  2.50000000E-02 -1.14676059E-10 -5.41633137E-11 
    1087  1.62500000E+02  6.87500000E+02 -3.34496651E-01  1.32286349E+00  9.88366835E-01  2.50000000E-02 -2.74164948E-10 -3.32723220E-10 
    1088  1.87500000E+02  6.87500000E+02 -1.78130384E-01  1.16649722E+00  9.88366835E-01  2.50000000E-02 -4.39880406E-10  2.07820317E-11 
    1089  2.12500000E+02  6.87500000E+02 -9.12266154E-01  1.90063299E+00  9.88366835E-01  2.50000000E-02 -4.25426517E-10 -1.16010596E-10 
    1090  2.37500000E+02  6.87500000E+02 -5.41857218E-01  1.53022405E+00  9.88366835E-01  2.50000000E-02 -4.03272678E-10 -2.65398309E-10 
    1091  2.62500000E+02  6.87500000E+02 -3.64935538E-01  1.35330237E+00  9.88366835E-01  2.50000000E-02 -4.38693785E-10  1.10800609E-10 
    1092  2.87500000E+02  6.87500000E+02  1.14057330E-01  8.74309506E-01  9.88366835E-01  2.50000000E-02 -5.27965054E-10  2.70603121E-11 
    1093  3.12500000E+02  6.87500000E+02  5.99342883E-02  9.28432547E-01  9.88366836E-01  2.50000000E-02 -5.06222340E-10  7.44812758E-10 
    1094  3.37500000E+02  6.87500000E+02 -6.29059867E-01  1.61742670E+00  9.88366836E-01  2.50000000E-02 -3.95609749E-10 -8.26864101E-12 
    1095  3.62500000E+02  6.87500000E+02 -5.54513131E-01  1.54287997E+00  9.88366835E-01  2.50000000E-02 -3.69654992E-10 -6.47247688E-11 
    1096  3.87500000E+02  6.87500000E+02 -2.96395410E-01  1.28476225E+00  9.88366835E-01  2.50000000E-02 -4.02148262E-10 -1.03194901E-11 
    1097  4.12500000E+02  6.87500000E+02 -1.48470216E-01  1.13683705E+00  9.88366835E-01  2.50000000E-02 -4.49633376E-10 -1.29949877E-11 
    1098  4.37500000E+02  6.87500000E+02  7.59800929E-03  9.80768826E-01  9.88366836E-01  2.50000000E-02 -4.71708901E-10 -2.54825256E-10 
    1099  4.62500000E+02  6.87500000E+02 -6.08590634E-01  1.59695747E+00  9.88366836E-01  2.50000000E-02 -4.16602897E-10 -4.17752165E-11 
    1100  4.87500000E+02  6.87500000E+02 -3.69620645E-01  1.35798748E+00  9.88366835E-01  2.50000000E-02 -4.41685123E-10  1.05434133E-10 
    1101  5.12500000E+02  6.87500000E+02  3.46211414E-01  6.42155422E-01  9.88366836E-01  2.50000000E-02 -5.90964891E-10  4.81713983E-11 
    1102  5.37500000E+02  6.87500000E+02 -2.26452086E-01  1.21481892E+00  9.88366836E-01  2.50000000E-02 -4.92176294E-10 -2.22114435E-10 
    1103  5.62500000E+02  6.87500000E+02 -5.15429995E-02  1.03990984E+00  9.88366836E-01  2.50000000E-02 -4.65490712E-10 -8.74907254E-11 
    1104  5.87500000E+02  6.87500000E+02  2.08717471E-01  7.79649365E-01  9.88366836E-01  2.50000000E-02 -5.07344961E-10  9.32321012E-11 
    1105  6.12500000E+02  6.87500000E+02 -4.30792963E-01  1.41915980E+00  9.88366836E-01  2.50000000E-02 -5.29940873E-10  5.68736223E-11 
    1106  6.37500000E+02  6.87500000E+02  4.02911505E-01  5.85455330E-01  9.88366836E-01  2.50000000E-02 -5.31252935E-10  1.96524931E-10 
    1107  6.62500000E+02  6.87500000E+02  1.26154343E-01  8.62212493E-01  9.88366836E-01  2.50000000E-02 -4.69851123E-10  1.18210873E-10 
    1108  6.87500000E+02  6.87500000E+02 -1.71976768E-01  1.16034360E+00  9.88366836E-01  2.50000000E-02 -4.51528001E-10  4.42372346E-10 
    1109  7.12500000E+02  6.87500000E+02  5.64254654E-01  4.24112182E-01  9.88366836E-01  2.50000000E-02 -4.18936024E-10  2.36250599E-10 
    1110  7.37500000E+02  6.87500000E+02 -1.49038884E-01  1.13740572E+00  9.88366836E-01  2.50000000E-02 -2.23545970E-10  1.52845981E-10 
    1111  7.62500000E+02  6.87500000E+02 -3.60254336E-01  1.34862117E+00  9.88366836E-01  2.50000000E-02 -1.80287186E-10  4.29669797E-11 
    1112  7.87500000E+02  6.87500000E+02 -7.85771987E-01  1.77413882E+00  9.88366836E-01  2.50000000E-02 -1.72406490E-10  8.10585025E-11 
    1113  8.12500000E+02  6.87500000E+02  4.57362621E-01  5.31004214E-01  9.88366836E-01  2.50000000E-02 -2.09881896E-10  3.66569116E-10 
    1114  8.37500000E+02  6.87500000E+02  6.66470773E-01  3.21896062E-01  9.88366836E-01  2.50000000E-02 -2.11191578E-10  7.24015916E-11 
    1115  8.62500000E+02  6.87500000E+02 -7.72833755E-01  1.76120059E+00  9.88366836E-01  2.50000000E-02 -3.76953339E-11 -1.50395923E-11 
    1116  8.87500000E+02  6.87500000E+02  2.32845507E-01  7.55521328E-01  9.88366836E-01  2.50000000E-02 -1.78416169E-12  1.12603412E-10 
    1117  9.12500000E+02  6.87500000E+02  2.12036995E-01  7.76329840E-01  9.88366836E-01  2.50000000E-02 -2.15064369E-12  1.44085209E-10 
    1118  9.37500000E+02  6.87500000E+02  7.93162657E-01  1.95204178E-01  9.88366836E-01  2.50000000E-02 -8.60464750E-12  7.45610794E-11 
    1119  9.62500000E+02  6.87500000E+02  7.35826877E-01  2.52539958E-01  9.88366836E-01  2.50000000E-02 -1.95847888E-11  8.15922991E-11 
    1120  9.87500000E+02  6.87500000E+02 -1.15334343E-01  1.10370118E+00  9.88366836E-01  2.50000000E-02 -2.38050858E-12  2.04535329E-11 
    1121  1.25000000E+01  7.12500000E+02  2.12525782E-01  7.75841053E-01  9.88366835E-01  2.50000000E-02 -2.68746276E-12 -1.33576399E-10 
    1122  3.75000000E+01  7.12500000E+02 -1.04713308E-02  9.98838166E-01  9.88366835E-01  2.50000000E-02 -5.33426203E-12 -5.38393231E-11 
    1123  6.25000000E+01  7.12500000E+02  9.76343073E-01  1.20237623E-02  9.88366835E-01  2.50000000E-02 -2.95043970E-11 -2.26175609E-10 
    1124  8.75000000E+01  7.12500000E+02  5.34586808E-02  9.34908155E-01  9.88366835E-01  2.50000000E-02  3.39431445E-12 -4.82793820E-11 
    1125  1.12500000E+02  7.12500000E+02 -8.52450590E-01  1.84081743E+00  9.88366835E-01  2.50000000E-02  6.24208153E-12 -1.59318948E-11 
    1126  1.37500000E+02  7.12500000E+02 -9.64945501E-03  9.98016290E-01  9.88366835E-01  2.50000000E-02  5.87076912E-13 -5.24174945E-11 
    1127  1.62500000E+02  7.12500000E+02  7.74196494E-01  2.14170341E-01  9.88366835E-01  2.50000000E-02 -1.15906418E-10 -5.30993817E-10 
    1128  1.87500000E+02  7.12500000E+02  2.29713840E-01  7.58652995E-01  9.88366835E-01  2.50000000E-02 -8.37831487E-11  4.33271668E-11 
    1129  2.12500000E+02  7.12500000E+02 -2.32188020E-01  1.22055486E+00  9.88366835E-01  2.50000000E-02 -7.65224848E-11 -5.14155543E-11 
    1130  2.37500000E+02  7.12500000E+02 -9.98114426E-01  1.98648126E+00  9.88366835E-01  2.50000000E-02 -1.05774471E-10 -2.20969092E-10 
    1131  2.62500000E+02  7.12500000E+02 -9.56243896E-01  1.94461073E+00  9.88366835E-01  2.50000000E-02 -1.19823013E-10  5.44988198E-11 
    1132  2.87500000E+02  7.12500000E+02 -2.02079740E-01  1.19044658E+00  9.88366835E-01  2.50000000E-02 -1.34391201E-10 -6.22072021E-13 
    1133  3.12500000E+02  7.12500000E+02  6.56841777E-01  3.31525058E-01  9.88366836E-01  2.50000000E-02 -1.41702117E-10  5.46386689E-10 
    1134  3.37500000E+02  7.12500000E+02 -4.28067939E-01  1.41643477E+00  9.88366835E-01  2.50000000E-02  5.71001535E-12  3.29431133E-11 
    1135  3.62500000E+02  7.12500000E+02 -5.78451388E-01  1.56681822E+00  9.88366835E-01  2.50000000E-02  8.19215793E-12 -6.97418299E-11 
    1136  3.87500000E+02  7.12500000E+02  6.96919818E-01  2.91447017E-01  9.88366836E-01  2.50000000E-02 -4.75393253E-11 -4.52028382E-11 
    1137  4.12500000E+02  7.12500000E+02  6.88016199E-01  3.00350636E-01  9.88366836E-01  2.50000000E-02 -6.90499333E-11 -5.35784583E-11 
    1138  4.37500000E+02  7.12500000E+02  4.50937987E-01  5.37428848E-01  9.88366835E-01  2.50000000E-02 -1.02831496E-10 -1.71561139E-10 
    1139  4.62500000E+02  7.12500000E+02 -8.72638106E-01  1.86100494E+00  9.88366836E-01  2.50000000E-02 -7.70469025E-11 -8.20619604E-12 
    1140  4.87500000E+02  7.12500000E+02 -4.72261166E-01  1.46062800E+00  9.88366836E-01  2.50000000E-02 -8.35785403E-11  3.36313373E-11 
    1141  5.12500000E+02  7.12500000E+02  7.11608422E-01  2.76758413E-01  9.88366836E-01  2.50000000E-02 -2.64659441E-10  4.85985861E-11 
    1142  5.37500000E+02  7.12500000E+02  1.36578061E-01  8.51788774E-01  9.88366836E-01  2.50000000E-02 -2.58775964E-10 -1.58006691E-10 
    1143  5.62500000E+02  7.12500000E+02 -3.27990276E-01  1.31635711E+00  9.88366836E-01  2.50000000E-02 -2.68365708E-10 -8.76531562E-11 
    1144  5.87500000E+02  7.12500000E+02 -1.35230552E-01  1.12359739E+00  9.88366836E-01  2.50000000E-02 -3.09882405E-10  3.83765430E-11 
    1145  6.12500000E+02  7.12500000E+02  4.61645272E-01  5.26721564E-01  9.88366836E-01  2.50000000E-02 -4.09899144E-10 -6.56001576E-12 
    1146  6.37500000E+02  7.12500000E+02 -7.21591945E-01  1.70995878E+00  9.88366836E-01  2.50000000E-02 -3.08062234E-10  3.25214981E-10 
    1147  6.62500000E+02  7.12500000E+02 -6.19559136E-01  1.60792597E+00  9.88366836E-01  2.50000000E-02 -3.03521669E-10  1.27099546E-10 
    1148  6.87500000E+02  7.12500000E+02 -9.67050839E-01  1.95541767E+00  9.88366836E-01  2.50000000E-02 -3.18005803E-10  3.71680874E-10 
    1149  7.12500000E+02  7.12500000E+02  7.15133262E-01  2.73233574E-01  9.88366836E-01  2.50000000E-02 -2.89506362E-10  1.51478221E-10 
    1150  7.37500000E+02  7.12500000E+02  2.54938944E-01  7.33427892E-01  9.88366836E-01  2.50000000E-02 -1.74453896E-10  1.81958683E-10 
    1151  7.62500000E+02  7.12500000E+02 -4.88733671E-01  1.47710051E+00  9.88366836E-01  2.50000000E-02 -1.82744048E-10  3.61219801E-11 
    1152  7.87500000E+02  7.12500000E+02  5.88489260E-01  3.99877575E-01  9.88366836E-01  2.50000000E-02 -2.70959762E-10  4.53806319E-11 
    1153  8.12500000E+02  7.12500000E+02  1.42788505E-01  8.45578330E-01  9.88366836E-01  2.50000000E-02 -3.19693336E-10  2.83603779E-10 
    1154  8.37500000E+02  7.12500000E+02  9.09849421E-01  7.85174150E-02  9.88366836E-01  2.50000000E-02 -6.47749277E-10  1.41632388E-10 
    1155  8.62500000E+02  7.12500000E+02  9.96609287E-01  1.12641025E-07  9.96609400E-01  2.50000000E-02 -1.30099761E-11  1.09461516E-11 
    1156  8.87500000E+02  7.12500000E+02 -7.20531090E-01  1.70889793E+00  9.88366836E-01  2.50000000E-02  1.98783167E-11  9.17709805E-11 
    1157  9.12500000E+02  7.12500000E+02  1.83987736E-01  8.04379100E-01  9.88366836E-01  2.50000000E-02  2.83997842E-11  1.31311532E-10 
    1158  9.37500000E+02  7.12500000E+02 -3.67840359E-01  1.35620719E+00  9.88366836E-01  2.50000000E-02  3.13806080E-11  3.12891509E-11 
    1159  9.62500000E+02  7.12500000E+02  5.24402463E-01  4.63964373E-01  9.88366836E-01  2.50000000E-02  1.76831839E-11  6.83286312E-11 
    1160  9.87500000E+02  7.12500000E+02  8.48327636E-01  1.40039199E-01  9.88366836E-01  2.50000000E-02  5.31907403E-12  8.96326392E-11 
    1161  1.25000000E+01  7.37500000E+02 -7.88650651E-01  1.77701749E+00  9.88366835E-01  2.50000000E-02 -5.75690250E-13 -1.07039778E-10 
    1162  3.75000000E+01  7.37500000E+02 -4.78120813E-01  1.46648765E+00  9.88366835E-01  2.50000000E-02 -3.47925710E-12 -4.37691535E-11 
    1163  6.25000000E+01  7.37500000E+02 -6.38564569E-01  1.62693140E+00  9.88366835E-01  2.50000000E-02 -3.73207635E-12 -1.36814713E-11 
    1164  8.75000000E+01  7.37500000E+02 -7.36592694E-01  1.72495953E+00  9.88366835E-01  2.50000000E-02 -7.38314096E-12 -4.82103988E-11 
    1165  1.12500000E+02  7.37500000E+02 -2.36763111E-02  1.01204315E+00  9.88366835E-01  2.50000000E-02 -2.39940539E-11 -2.72613476E-11 
    1166  1.37500000E+02  7.37500000E+02  7.75144578E-01  2.13222257E-01  9.88366835E-01  2.50000000E-02 -1.10562962E-10 -8.72926914E-11 
    1167  1.62500000E+02  7.37500000E+02  2.58238609E-01  7.30128226E-01  9.88366835E-01  2.50000000E-02 -2.04922937E-10 -4.81252231E-10 
    1168  1.87500000E+02  7.37500000E+02  4.67752723E-01  5.20614112E-01  9.88366835E-01  2.50000000E-02 -2.10588401E-10  6.35353688E-11 
    1169  2.12500000E+02  7.37500000E+02 -2.07987256E-01  1.19635409E+00  9.88366835E-01  2.50000000E-02 -1.58755585E-10 -2.26944007E-11 
    1170  2.37500000E+02  7.37500000E+02  1.81088697E-02  9.70257966E-01  9.88366835E-01  2.50000000E-02 -1.61271020E-10 -2.13440400E-10 
    1171  2.62500000E+02  7.37500000E+02  2.37743781E-01  7.50623054E-01  9.88366835E-01  2.50000000E-02 -1.65178287E-10 -1.50912481E-11 
    1172  2.87500000E+02  7.37500000E+02  7.38630632E-02  9.14503772E-01  9.88366835E-01  2.50000000E-02 -1.21425187E-10 -4.40860720E-11 
    1173  3.12500000E+02  7.37500000E+02 -6.92625819E-01  1.68099265E+00  9.88366835E-01  2.50000000E-02 -1.11796785E-10  1.96707669E-10 
    1174  3.37500000E+02  7.37500000E+02  9.10884101E-01  7.74827347E-02  9.88366835E-01  2.50000000E-02 -3.02444707E-10  9.02048650E-11 
    1175  3.62500000E+02  7.37500000E+02 -8.89535876E-02  1.07732042E+00  9.88366836E-01  2.50000000E-02 -1.20779815E-10 -4.09514055E-11 
    1176  3.87500000E+02  7.37500000E+02  1.79161911E-01  8.09204924E-01  9.88366836E-01  2.50000000E-02 -1.21609437E-10 -2.01644094E-11 
    1177  4.12500000E+02  7.37500000E+02 -5.20105070E-01  1.50847191E+00  9.88366836E-01  2.50000000E-02 -1.30835265E-10 -1.89137510E-11 
    1178  4.37500000E+02  7.37500000E+02  1.44048664E-01  8.44318171E-01  9.88366836E-01  2.50000000E-02 -1.42444391E-10 -9.43985807E-11 
    1179  4.62500000E+02  7.37500000E+02 -2.93262894E-01  1.28162973E+00  9.88366836E-01  2.50000000E-02 -1.36775698E-10  2.03062763E-11 
    1180  4.87500000E+02  7.37500000E+02 -8.74837871E-01  1.86320471E+00  9.88366836E-01  2.50000000E-02 -1.30680255E-10  2.17447441E-11 
    1181  5.12500000E+02  7.37500000E+02  1.28077772E-02  9.75559058E-01  9.88366836E-01  2.50000000E-02 -1.40209288E-10 -9.56821817E-11 
    1182  5.37500000E+02  7.37500000E+02  8.63247758E-01  1.25119077E-01  9.88366836E-01  2.50000000E-02 -3.38031378E-10 -1.73765316E-12 
    1183  5.62500000E+02  7.37500000E+02  9.08072132E-01  8.02947036E-02  9.88366836E-01  2.50000000E-02 -4.58582043E-10 -1.96306650E-11 
    1184  5.87500000E+02  7.37500000E+02  5.53396221E-01  4.34970614E-01  9.88366836E-01  2.50000000E-02 -1.84189662E-10 -3.16668407E-11 
    1185  6.12500000E+02  7.37500000E+02  2.10395785E-01  7.77971051E-01  9.88366836E-01  2.50000000E-02 -1.32239081E-10  8.71937371E-12 
    1186  6.37500000E+02  7.37500000E+02  4.84775283E-02  9.39889307E-01  9.88366836E-01  2.50000000E-02 -1.15568115E-10  3.94003705E-10 
    1187  6.62500000E+02  7.37500000E+02 -4.85448113E-02  1.03691165E+00  9.88366836E-01  2.50000000E-02 -1.12575165E-10  1.31372665E-10 
    1188  6.87500000E+02  7.37500000E+02  9.81100052E-01  7.26678401E-03  9.88366836E-01  2.50000000E-02 -2.56359182E-10  3.12741054E-10 
    1189  7.12500000E+02  7.37500000E+02  2.79590471E-01  7.08776364E-01  9.88366836E-01  2.50000000E-02 -2.12072514E-11  7.69604933E-11 
    1190  7.37500000E+02  7.37500000E+02 -1.65822439E-01  1.15418927E+00  9.88366836E-01  2.50000000E-02 -1.74599644E-11  1.86690576E-10 
    1191  7.62500000E+02  7.37500000E+02 -6.23547884E-01  1.61191472E+00  9.88366836E-01  2.50000000E-02 -8.67307298E-12  3.06730879E-11 
    1192  7.87500000E+02  7.37500000E+02 -7.41045783E-01  1.72941262E+00  9.88366836E-01  2.50000000E-02 -6.40344811E-12  2.77966162E-11 
    1193  8.12500000E+02  7.37500000E+02  6.28917049E-01  3.59449786E-01  9.88366836E-01  2.50000000E-02 -1.51136572E-12  2.30711142E-10 
    1194  8.37500000E+02  7.37500000E+02 -1.29294933E-01  1.11766177E+00  9.88366836E-01  2.50000000E-02 -1.38880013E-11  5.03247802E-11 
    1195  8.62500000E+02  7.37500000E+02  6.99776301E-01  2.88590535E-01  9.88366836E-01  2.50000000E-02 -4.24316149E-11  2.25388383E-10 
    1196  8.87500000E+02  7.37500000E+02 -7.91778566E-01  1.78014540E+00  9.88366836E-01  2.50000000E-02  8.32784474E-12  7.99224402E-11 
    1197  9.12500000E+02  7.37500000E+02 -3.81969586E-01  1.37033642E+00  9.88366836E-01  2.50000000E-02  6.92079415E-12  9.17184777E-11 
    1198  9.37500000E+02  7.37500000E+02 -2.37369274E-01  1.22573611E+00  9.88366836E-01  2.50000000E-02  2.10090106E-12  2.80433514E-11 
    1199  9.62500000E+02  7.37500000E+02 -1.28648872E-01  1.11701571E+00  9.88366836E-01  2.50000000E-02  1.27744887E-11  6.23321824E-11 
    1200  9.87500000E+02  7.37500000E+02 -9.95164348E-01  1.98353118E+00  9.88366836E-01  2.50000000E-02  6.95403231E-12  3.17281056E-11 
    1201  1.25000000E+01  7.62500000E+02 -1.29155342E-01  1.11752218E+00  9.88366835E-01  2.50000000E-02 -1.78666436E-11 -1.01955349E-10 
    1202  3.75000000E+01  7.62500000E+02 -5.83351884E-01  1.57171872E+00  9.88366835E-01  2.50000000E-02 -4.01919958E-11 -3.76407959E-11 
    1203  6.25000000E+01  7.62500000E+02  2.15780788E-01  7.72586048E-01  9.88366835E-01  2.50000000E-02 -4.34116002E-11 -1.88804125E-11 
    1204  8.75000000E+01  7.62500000E+02  1.67498107E-01  8.20868728E-01  9.88366835E-01  2.50000000E-02 -4.11799045E-11 -4.17272959E-11 
    1205  1.12500000E+02  7.62500000E+02 -4.84599483E-01  1.47296632E+00  9.88366835E-01  2.50000000E-02 -4.19318260E-11 -3.45111028E-11 
    1206  1.37500000E+02  7.62500000E+02  6.08456202E-01  3.79910633E-01  9.88366835E-01  2.50000000E-02 -2.95341478E-11 -8.51982844E-11 
    1207  1.62500000E+02  7.62500000E+02  9.15172981E-01  7.31938540E-02  9.88366835E-01  2.50000000E-02 -4.82823489E-11 -3.44213581E-10 
    1208  1.87500000E+02  7.62500000E+02 -9.82501712E-01  1.97086855E+00  9.88366835E-01  2.50000000E-02 -6.03253985E-12  3.40346038E-11 
    1209  2.12500000E+02  7.62500000E+02 -9.44664556E-01  1.93303139E+00  9.88366835E-01  2.50000000E-02 -3.92099711E-12 -1.56290765E-11 
    1210  2.37500000E+02  7.62500000E+02 -3.23494052E-01  1.31186089E+00  9.88366835E-01  2.50000000E-02 -2.74961253E-11 -2.29602096E-10 
    1211  2.62500000E+02  7.62500000E+02  4.96707116E-01  4.91659719E-01  9.88366835E-01  2.50000000E-02 -1.26802433E-10 -7.44162942E-11 
    1212  2.87500000E+02  7.62500000E+02 -2.92645816E-01  1.28101265E+00  9.88366835E-01  2.50000000E-02 -1.34844743E-10 -5.06912051E-11 
    1213  3.12500000E+02  7.62500000E+02  2.98231197E-01  6.90135638E-01  9.88366835E-01  2.50000000E-02 -1.22177012E-10  8.40994761E-11 
    1214  3.37500000E+02  7.62500000E+02 -9.59836919E-01  1.94820375E+00  9.88366835E-01  2.50000000E-02 -7.57229838E-11  5.11851953E-11 
    1215  3.62500000E+02  7.62500000E+02 -6.97700009E-01  1.68606684E+00  9.88366835E-01  2.50000000E-02 -7.38272170E-11 -3.77292186E-11 
    1216  3.87500000E+02  7.62500000E+02  6.40197572E-01  3.48169263E-01  9.88366835E-01  2.50000000E-02 -1.05630163E-10 -2.28248012E-11 
    1217  4.12500000E+02  7.62500000E+02  3.51639594E-01  6.36727242E-01  9.88366836E-01  2.50000000E-02 -6.06553350E-11 -1.38418603E-11 
    1218  4.37500000E+02  7.62500000E+02 -2.59690226E-01  1.24805706E+00  9.88366836E-01  2.50000000E-02 -3.62488390E-11 -5.24708011E-11 
    1219  4.62500000E+02  7.62500000E+02 -4.54942193E-01  1.44330903E+00  9.88366835E-01  2.50000000E-02 -3.30019995E-11  1.92924832E-11 
    1220  4.87500000E+02  7.62500000E+02  9.69373941E-01  1.89928947E-02  9.88366836E-01  2.50000000E-02 -5.05410805E-10 -2.16218881E-10 
    1221  5.12500000E+02  7.62500000E+02  4.18351814E-01  5.70015022E-01  9.88366836E-01  2.50000000E-02 -5.92161098E-10 -1.48517902E-10 
    1222  5.37500000E+02  7.62500000E+02  8.74381873E-01  1.13984963E-01  9.88366836E-01  2.50000000E-02 -5.52157018E-10 -2.31097499E-11 
    1223  5.62500000E+02  7.62500000E+02 -2.27439838E-01  1.21580667E+00  9.88366836E-01  2.50000000E-02 -2.59446745E-10  1.98259146E-10 
    1224  5.87500000E+02  7.62500000E+02  4.74677530E-01  5.13689305E-01  9.88366836E-01  2.50000000E-02 -2.12823715E-10 -1.40289841E-11 
    1225  6.12500000E+02  7.62500000E+02 -7.90045506E-01  1.77841234E+00  9.88366836E-01  2.50000000E-02 -1.27650390E-10  3.23889273E-11 
    1226  6.37500000E+02  7.62500000E+02 -1.95074996E-01  1.18344183E+00  9.88366836E-01  2.50000000E-02 -1.17227817E-10  3.76983634E-10 
    1227  6.62500000E+02  7.62500000E+02  6.23433476E-01  3.64933360E-01  9.88366836E-01  2.50000000E-02 -1.61952667E-10  1.09339062E-10 
    1228  6.87500000E+02  7.62500000E+02 -4.47466695E-01  1.43583353E+00  9.88366836E-01  2.50000000E-02 -1.33799140E-10  9.83123087E-11 
    1229  7.12500000E+02  7.62500000E+02 -7.85039710E-01  1.77340655E+00  9.88366836E-01  2.50000000E-02 -1.41454296E-10  2.48932377E-11 
    1230  7.37500000E+02  7.62500000E+02  7.57658276E-02  9.12601008E-01  9.88366836E-01  2.50000000E-02 -1.36283531E-10  1.67322693E-10 
    1231  7.62500000E+02  7.62500000E+02 -6.01492353E-02  1.04851607E+00  9.88366836E-01  2.50000000E-02 -1.00085815E-10  2.77922824E-11 
    1232  7.87500000E+02  7.62500000E+02 -2.35893939E-01  1.22426077E+00  9.88366836E-01  2.50000000E-02 -8.33535316E-11  1.50779399E-11 
    1233  8.12500000E+02  7.62500000E+02 -6.03943320E-02  1.04876117E+00  9.88366836E-01  2.50000000E-02 -8.60483928E-11  1.07712877E-10 
    1234  8.37500000E+02  7.62500000E+02 -7.55900906E-01  1.74426774E+00  9.88366836E-01  2.50000000E-02 -1.00753862E-10  3.81066640E-11 
    1235  8.62500000E+02  7.62500000E+02  4.88671498E-01  4.99695337E-01  9.88366836E-01  2.50000000E-02 -1.18711454E-10  1.61408069E-10 
    1236  8.87500000E+02  7.62500000E+02 -6.98894523E-01  1.68726136E+00  9.88366836E-01  2.50000000E-02 -5.45701248E-11  7.75741160E-11 
    1237  9.12500000E+02  7.62500000E+02 -7.87935242E-01  1.77630208E+00  9.88366836E-01  2.50000000E-02 -2.96489567E-11  8.69244804E-11 
    1238  9.37500000E+02  7.62500000E+02 -7.18559022E-01  1.70692586E+00  9.88366836E-01  2.50000000E-02 -1.57295186E-11  2.83889621E-11 
    1239  9.62500000E+02  7.62500000E+02  9.62182206E-01  2.61846293E-02  9.88366836E-01  2.50000000E-02  4.17915431E-11  1.05522971E-10 
    1240  9.87500000E+02  7.62500000E+02 -2.96470198E-01  1.28483703E+00  9.88366836E-01  2.50000000E-02  1.49630518E-13  2.96286495E-11 
    1241  1.25000000E+01  7.87500000E+02  5.12184706E-01  4.76182129E-01  9.88366835E-01  2.50000000E-02 -3.79665905E-12 -1.35673256E-10 
    1242  3.75000000E+01  7.87500000E+02 -5.05686300E-01  1.49405314E+00  9.88366835E-01  2.50000000E-02 -2.81293064E-11 -4.10623979E-11 
    1243  6.25000000E+01  7.87500000E+02 -6.10630668E-01  1.59899750E+00  9.88366835E-01  2.50000000E-02 -2.64782938E-11 -3.07839805E-11 
    1244  8.75000000E+01  7.87500000E+02 -7.69718752E-01  1.75808559E+00  9.88366835E-01  2.50000000E-02 -2.67964843E-11 -4.56633204E-11 
    1245  1.12500000E+02  7.87500000E+02 -3.74472949E-01  1.36283978E+00  9.88366835E-01  2.50000000E-02 -3.18095188E-11 -4.25412217E-11 
    1246  1.37500000E+02  7.87500000E+02 -3.26369102E-01  1.31473594E+00  9.88366835E-01  2.50000000E-02 -3.04676729E-11 -1.07706167E-10 
    1247  1.62500000E+02  7.87500000E+02  9.77163706E-01  1.12031292E-02  9.88366835E-01  2.50000000E-02 -3.96473792E-10 -7.29221317E-10 
    1248  1.87500000E+02  7.87500000E+02  1.55964062E-01  8.32402774E-01  9.88366835E-01  2.50000000E-02 -1.65151473E-10  6.04748919E-11 
    1249  2.12500000E+02  7.87500000E+02  5.81497036E-01  4.06869799E-01  9.88366835E-01  2.50000000E-02 -1.86602094E-10 -4.87541311E-11 
    1250  2.37500000E+02  7.87500000E+02  4.52434962E-01  5.35931874E-01  9.88366835E-01  2.50000000E-02 -2.28783220E-10 -2.31072832E-10 
    1251  2.62500000E+02  7.87500000E+02 -9.81250213E-01  1.96961705E+00  9.88366835E-01  2.50000000E-02 -2.44411878E-10 -1.35967324E-10 
    1252  2.87500000E+02  7.87500000E+02  9.24848470E-01  6.35183654E-02  9.88366835E-01  2.50000000E-02 -2.24236701E-10 -9.78215532E-11 
    1253  3.12500000E+02  7.87500000E+02 -1.50094150E-01  1.13846099E+00  9.88366835E-01  2.50000000E-02  1.52112680E-11  6.04733844E-11 
    1254  3.37500000E+02  7.87500000E+02 -6.36470323E-02  1.05201387E+00  9.88366835E-01  2.50000000E-02  9.21464854E-12  5.88771615E-11 
    1255  3.62500000E+02  7.87500000E+02 -6.96106355E-01  1.68447319E+00  9.88366835E-01  2.50000000E-02 -8.01343873E-12 -4.75430328E-11 
    1256  3.87500000E+02  7.87500000E+02  7.16918299E-01  2.71448536E-01  9.88366836E-01  2.50000000E-02 -8.01427070E-11 -3.82803579E-11 
    1257  4.12500000E+02  7.87500000E+02  3.94637213E-01  5.93729623E-01  9.88366836E-01  2.50000000E-02 -8.23723868E-11 -4.33809791E-13 
    1258  4.37500000E+02  7.87500000E+02 -5.07367031E-01  1.49573387E+00  9.88366836E-01  2.50000000E-02 -8.00512744E-11 -1.79203497E-11 
    1259  4.62500000E+02  7.87500000E+02 -5.70342437E-01  1.55870927E+00  9.88366835E-01  2.50000000E-02 -9.50306177E-11 -3.50606303E-12 
    1260  4.87500000E+02  7.87500000E+02  7.32570805E-01  2.55796031E-01  9.88366836E-01  2.50000000E-02 -3.57673271E-10 -8.57230820E-12 
    1261  5.12500000E+02  7.87500000E+02  8.03825180E-01  1.84541656E-01  9.88366836E-01  2.50000000E-02 -5.15375437E-10 -9.98447888E-11 
    1262  5.37500000E+02  7.87500000E+02 -2.96755179E-01  1.28512201E+00  9.88366836E-01  2.50000000E-02 -6.53142926E-10  7.29422540E-11 
    1263  5.62500000E+02  7.87500000E+02  7.65708990E-01  2.22657846E-01  9.88366836E-01  2.50000000E-02 -6.36236304E-10  2.29691703E-10 
    1264  5.87500000E+02  7.87500000E+02  5.18666491E-01  4.69700345E-01  9.88366836E-01  2.50000000E-02 -4.40102056E-10  2.12480930E-11 
    1265  6.12500000E+02  7.87500000E+02  1.92842463E-02  9.69082589E-01  9.88366836E-01  2.50000000E-02 -3.05592004E-10  7.61602965E-11 
    1266  6.37500000E+02  7.87500000E+02  1.01460689E-01  8.86906146E-01  9.88366836E-01  2.50000000E-02 -2.68019241E-10  3.60529065E-10 
    1267  6.62500000E+02  7.87500000E+02  7.70351714E-01  2.18015121E-01  9.88366836E-01  2.50000000E-02 -1.93487551E-10  9.21003788E-11 
    1268  6.87500000E+02  7.87500000E+02 -3.93053304E-01  1.38142014E+00  9.88366836E-01  2.50000000E-02 -5.48957784E-11  1.14103217E-10 
    1269  7.12500000E+02  7.87500000E+02 -4.89428734E-02  1.03730971E+00  9.88366836E-01  2.50000000E-02 -4.76338546E-11 -2.45704050E-12 
    1270  7.37500000E+02  7.87500000E+02  3.05378955E-01  6.82987880E-01  9.88366836E-01  2.50000000E-02 -4.23108519E-11  1.49715827E-10 
    1271  7.62500000E+02  7.87500000E+02  1.15064248E-02  9.76860411E-01  9.88366836E-01  2.50000000E-02 -2.26839445E-11  2.20212558E-11 
    1272  7.87500000E+02  7.87500000E+02 -6.54236181E-01  1.64260302E+00  9.88366836E-01  2.50000000E-02 -1.35746253E-11  7.81010714E-12 
    1273  8.12500000E+02  7.87500000E+02 -5.28859316E-01  1.51722615E+00  9.88366836E-01  2.50000000E-02 -1.97119051E-11  7.67837031E-11 
    1274  8.37500000E+02  7.87500000E+02  4.81049763E-01  5.07317073E-01  9.88366836E-01  2.50000000E-02 -7.79398651E-11  2.73278670E-11 
    1275  8.62500000E+02  7.87500000E+02 -1.20181723E-01  1.10854856E+00  9.88366836E-01  2.50000000E-02 -8.04050242E-11  1.56241727E-10 
    1276  8.87500000E+02  7.87500000E+02 -7.05859829E-01  1.69422666E+00  9.88366836E-01  2.50000000E-02 -6.62048580E-11  8.00788666E-11 
    1277  9.12500000E+02  7.87500000E+02  5.00367896E-01  4.87998940E-01  9.88366836E-01  2.50000000E-02 -2.93680595E-11  1.09378811E-10 
    1278  9.37500000E+02  7.87500000E+02  9.34024516E-01  5.43423199E-02  9.88366836E-01  2.50000000E-02 -2.00174940E-11  8.33651050E-11 
    1279  9.62500000E+02  7.87500000E+02  4.22830000E-02  9.46083836E-01  9.88366836E-01  2.50000000E-02  3.94497358E-12 -5.24190043E-12 
    1280  9.87500000E+02  7.87500000E+02 -5.49122951E-01  1.53748979E+00  9.88366836E-01  2.50000000E-02  1.37540923E-12  2.85011242E-11 
    1281  1.25000000E+01  8.12500000E+02 -3.17920717E-01  1.30628755E+00  9.88366835E-01  2.50000000E-02  1.09486271E-13 -1.09511956E-10 
    1282  3.75000000E+01  8.12500000E+02  7.63393325E-01  2.24973511E-01  9.88366835E-01  2.50000000E-02 -1.20361265E-11 -6.56382462E-11 
    1283  6.25000000E+01  8.12500000E+02  1.45936860E-02  9.73773149E-01  9.88366835E-01  2.50000000E-02 -5.56824440E-11 -3.79076820E-11 
    1284  8.75000000E+01  8.12500000E+02  5.94522513E-01  3.93844323E-01  9.88366835E-01  2.50000000E-02 -7.86074678E-11 -5.41087193E-11 
    1285  1.12500000E+02  8.12500000E+02 -2.83011310E-01  1.27137815E+00  9.88366835E-01  2.50000000E-02 -1.06267009E-10 -5.07454569E-11 
    1286  1.37500000E+02  8.12500000E+02  3.28146965E-01  6.60219870E-01  9.88366835E-01  2.50000000E-02 -1.33826945E-10 -1.27996139E-10 
    1287  1.62500000E+02  8.12500000E+02 -3.15538951E-01  1.30390579E+00  9.88366835E-01  2.50000000E-02 -9.38806607E-11 -2.74423455E-11 
    1288  1.87500000E+02  8.12500000E+02 -1.43462335E-01  1.13182917E+00  9.88366835E-01  2.50000000E-02 -6.72593107E-11  9.41360675E-11 
    1289  2.12500000E+02  8.12500000E+02  9.75605087E-01  1.27617489E-02  9.88366835E-01  2.50000000E-02 -2.63325987E-10 -1.55095745E-10 
    1290  2.37500000E+02  8.12500000E+02 -4.22574008E-02  1.03062424E+00  9.88366835E-01  2.50000000E-02 -2.30876610E-11 -1.13275663E-10 
    1291  2.62500000E+02  8.12500000E+02 -6.21157836E-02  1.05048262E+00  9.88366835E-01  2.50000000E-02 -4.94369448E-11 -1.66481753E-10 
    1292  2.87500000E+02  8.12500000E+02 -2.46924589E-01  1.23529142E+00  9.88366835E-01  2.50000000E-02 -7.69253629E-11 -6.42091486E-11 
    1293  3.12500000E+02  8.12500000E+02  9.10505203E-01  7.78616330E-02  9.88366835E-01  2.50000000E-02 -1.33780368E-10  6.36082996E-11 
    1294  3.37500000E+02  8.12500000E+02 -8.91053726E-01  1.87942056E+00  9.88366836E-01  2.50000000E-02 -5.41513272E-11  9.47351838E-11 
    1295  3.62500000E+02  8.12500000E+02 -6.84249296E-01  1.67261613E+00  9.88366835E-01  2.50000000E-02 -6.81275971E-11 -3.93991579E-11 
    1296  3.87500000E+02  8.12500000E+02 -9.93029892E-01  1.98139673E+00  9.88366835E-01  2.50000000E-02 -8.89129983E-11 -5.15633739E-11 
    1297  4.12500000E+02  8.12500000E+02  3.01377228E-01  6.86989608E-01  9.88366836E-01  2.50000000E-02 -1.14925174E-10  1.84041662E-11 
    1298  4.37500000E+02  8.12500000E+02  8.46607542E-02  9.03706081E-01  9.88366835E-01  2.50000000E-02 -1.55054205E-10  2.17546899E-11 
    1299  4.62500000E+02  8.12500000E+02  6.76283780E-01  3.12083056E-01  9.88366836E-01  2.50000000E-02 -2.62819850E-10 -1.20841784E-10 
    1300  4.87500000E+02  8.12500000E+02 -5.87960715E-01  1.57632755E+00  9.88366836E-01  2.50000000E-02 -1.92090899E-10  5.13712243E-12 
    1301  5.12500000E+02  8.12500000E+02  4.45607059E-01  5.42759776E-01  9.88366836E-01  2.50000000E-02 -1.79009277E-10 -5.15952618E-11 
    1302  5.37500000E+02  8.12500000E+02  5.76082622E-01  4.12284213E-01  9.88366836E-01  2.50000000E-02 -2.26805378E-10  4.64485299E-11 
    1303  5.62500000E+02  8.12500000E+02  8.32685535E-01  1.55681300E-01  9.88366836E-01  2.50000000E-02 -2.92386095E-10  1.78122130E-10 
    1304  5.87500000E+02  8.12500000E+02  1.40966716E-01  8.47400119E-01  9.88366836E-01  2.50000000E-02 -1.20572031E-10  8.88788246E-11 
    1305  6.12500000E+02  8.12500000E+02  1.81870507E-01  8.06496328E-01  9.88366836E-01  2.50000000E-02 -1.14937804E-10  1.01367621E-10 
    1306  6.37500000E+02  8.12500000E+02  7.01653474E-01  2.86713361E-01  9.88366836E-01  2.50000000E-02 -1.47854839E-10  4.08814546E-10 
    1307  6.62500000E+02  8.12500000E+02 -6.77303998E-01  1.66567083E+00  9.88366836E-01  2.50000000E-02 -7.02249620E-11  1.05760170E-10 
    1308  6.87500000E+02  8.12500000E+02 -5.15245579E-02  1.03989139E+00  9.88366836E-01  2.50000000E-02 -6.24091533E-11  1.41888605E-10 
    1309  7.12500000E+02  8.12500000E+02  4.56894185E-01  5.31472651E-01  9.88366836E-01  2.50000000E-02 -7.00925020E-11 -1.94214278E-11 
    1310  7.37500000E+02  8.12500000E+02 -9.74321502E-01  1.96268834E+00  9.88366836E-01  2.50000000E-02 -6.03370124E-11  1.12550753E-10 
    1311  7.62500000E+02  8.12500000E+02 -6.91669106E-02  1.05753375E+00  9.88366836E-01  2.50000000E-02 -5.15587071E-11  1.66216390E-11 
    1312  7.87500000E+02  8.12500000E+02 -3.30246550E-01  1.31861339E+00  9.88366836E-01  2.50000000E-02 -3.76429923E-11  5.28360178E-12 
    1313  8.12500000E+02  8.12500000E+02 -6.12474222E-01  1.60084106E+00  9.88366836E-01  2.50000000E-02 -2.95978740E-11  7.14616246E-11 
    1314  8.37500000E+02  8.12500000E+02 -3.20882754E-01  1.30924959E+00  9.88366836E-01  2.50000000E-02 -3.24499333E-11  2.36436237E-11 
    1315  8.62500000E+02  8.12500000E+02  3.86736737E-01  6.01630099E-01  9.88366836E-01  2.50000000E-02 -4.26743592E-11  1.64575049E-10 
    1316  8.87500000E+02  8.12500000E+02  1.37639775E-01  8.50727060E-01  9.88366836E-01  2.50000000E-02  1.27244512E-11  7.82733467E-11 
    1317  9.12500000E+02  8.12500000E+02  1.69933067E-01  8.18433769E-01  9.88366836E-01  2.50000000E-02  3.75873849E-11  7.74501527E-11 
    1318  9.37500000E+02  8.12500000E+02  2.45947634E-01  7.42419201E-01  9.88366836E-01  2.50000000E-02  1.94118594E-11  3.13823474E-11 
    1319  9.62500000E+02  8.12500000E+02  3.15965527E-01  6.72401309E-01  9.88366836E-01  2.50000000E-02  4.34571911E-12 -5.65795502E-12 
    1320  9.87500000E+02  8.12500000E+02 -5.10382206E-01  1.49874904E+00  9.88366836E-01  2.50000000E-02  7.86948491E-13  2.82944746E-11 
    1321  1.25000000E+01  8.37500000E+02  2.89857136E-01  6.98509699E-01  9.88366835E-01  2.50000000E-02 -1.83774013E-11 -8.58255434E-11 
    1322  3.75000000E+01  8.37500000E+02  2.06080072E-01  7.82286763E-01  9.88366835E-01  2.50000000E-02 -4.62169835E-11 -2.72698705E-11 
    1323  6.25000000E+01  8.37500000E+02  7.25636087E-01  2.62730748E-01  9.88366835E-01  2.50000000E-02 -1.15704106E-10 -3.33679522E-11 
    1324  8.75000000E+01  8.37500000E+02  1.75598290E-01  8.12768545E-01  9.88366835E-01  2.50000000E-02 -1.85743339E-10 -1.42098941E-11 
    1325  1.12500000E+02  8.37500000E+02  7.44273458E-01  2.44093377E-01  9.88366835E-01  2.50000000E-02 -2.58089096E-10 -8.24466016E-11 
    1326  1.37500000E+02  8.37500000E+02  7.08108041E-01  2.80258794E-01  9.88366835E-01  2.50000000E-02 -3.03119937E-10 -1.51701600E-10 
    1327  1.62500000E+02  8.37500000E+02 -9.21429355E-01  1.90979619E+00  9.88366835E-01  2.50000000E-02 -3.21922737E-10 -4.51358518E-11 
    1328  1.87500000E+02  8.37500000E+02  9.11841196E-01  7.65256398E-02  9.88366835E-01  2.50000000E-02 -2.19110864E-10  3.52768825E-12 
    1329  2.12500000E+02  8.37500000E+02 -2.65279687E-02  1.01489480E+00  9.88366835E-01  2.50000000E-02  1.45889927E-12 -2.37214138E-11 
    1330  2.37500000E+02  8.37500000E+02 -9.89332990E-01  1.97769983E+00  9.88366835E-01  2.50000000E-02 -1.32508123E-11 -8.33229376E-11 
    1331  2.62500000E+02  8.37500000E+02  5.03447756E-01  4.84919080E-01  9.88366835E-01  2.50000000E-02 -7.14952006E-11 -2.15509158E-10 
    1332  2.87500000E+02  8.37500000E+02 -9.46414540E-01  1.93478138E+00  9.88366835E-01  2.50000000E-02 -4.48406466E-11 -3.50182968E-11 
    1333  3.12500000E+02  8.37500000E+02 -8.69568998E-01  1.85793583E+00  9.88366835E-01  2.50000000E-02 -4.93579353E-11  5.05098722E-12 
    1334  3.37500000E+02  8.37500000E+02 -3.06338779E-01  1.29470561E+00  9.88366835E-01  2.50000000E-02 -7.59816187E-11  1.15382886E-10 
    1335  3.62500000E+02  8.37500000E+02  1.77549684E-01  8.10817152E-01  9.88366835E-01  2.50000000E-02 -1.17639440E-10 -1.33074526E-11 
    1336  3.87500000E+02  8.37500000E+02 -3.66924104E-01  1.35529094E+00  9.88366836E-01  2.50000000E-02 -1.21427406E-10 -3.67145220E-11 
    1337  4.12500000E+02  8.37500000E+02 -5.20939004E-01  1.50930584E+00  9.88366836E-01  2.50000000E-02 -1.19776332E-10  1.27488760E-11 
    1338  4.37500000E+02  8.37500000E+02 -2.97072474E-01  1.28543931E+00  9.88366835E-01  2.50000000E-02 -1.52078522E-10  1.77780380E-11 
    1339  4.62500000E+02  8.37500000E+02  4.92806270E-01  4.95560566E-01  9.88366836E-01  2.50000000E-02 -2.52593472E-10 -1.19559591E-10 
    1340  4.87500000E+02  8.37500000E+02 -1.33237921E-01  1.12160476E+00  9.88366836E-01  2.50000000E-02 -2.50867860E-10 -2.38565626E-11 
    1341  5.12500000E+02  8.37500000E+02  8.06992906E-01  1.81373929E-01  9.88366836E-01  2.50000000E-02 -3.19760547E-10 -7.35142049E-11 
    1342  5.37500000E+02  8.37500000E+02 -3.12502795E-01  1.30086963E+00  9.88366836E-01  2.50000000E-02 -2.12202716E-10  7.87439966E-11 
    1343  5.62500000E+02  8.37500000E+02  7.73404179E-02  9.11026418E-01  9.88366836E-01  2.50000000E-02 -2.20495619E-10  6.92025778E-11 
    1344  5.87500000E+02  8.37500000E+02 -1.35382093E-01  1.12374893E+00  9.88366836E-01  2.50000000E-02 -2.50135080E-10  5.89236688E-11 
    1345  6.12500000E+02  8.37500000E+02  3.02996821E-01  6.85370015E-01  9.88366836E-01  2.50000000E-02 -2.44470457E-10  4.89130350E-11 
    1346  6.37500000E+02  8.37500000E+02  3.36412781E-01  6.51954054E-01  9.88366836E-01  2.50000000E-02 -2.41116415E-10  3.35267470E-10 
    1347  6.62500000E+02  8.37500000E+02  7.91097063E-01  1.97269772E-01  9.88366836E-01  2.50000000E-02 -3.08197149E-10  1.17214556E-10 
    1348  6.87500000E+02  8.37500000E+02  1.56250412E-01  8.32116424E-01  9.88366836E-01  2.50000000E-02 -1.51322076E-10  1.80980163E-10 
    1349  7.12500000E+02  8.37500000E+02 -4.94733205E-01  1.48310004E+00  9.88366836E-01  2.50000000E-02 -1.23472690E-10 -9.93408703E-12 
    1350  7.37500000E+02  8.37500000E+02 -1.83218777E-01  1.17158561E+00  9.88366836E-01  2.50000000E-02 -1.07148182E-10  1.02014964E-10 
    1351  7.62500000E+02  8.37500000E+02  4.35011613E-01  5.53355223E-01  9.88366836E-01  2.50000000E-02 -6.99002122E-11 -3.14618490E-12 
    1352  7.87500000E+02  8.37500000E+02 -6.86449221E-03  9.95231328E-01  9.88366836E-01  2.50000000E-02 -3.98784296E-11  3.02420495E-12 
    1353  8.12500000E+02  8.37500000E+02 -3.59093655E-01  1.34746049E+00  9.88366836E-01  2.50000000E-02 -3.23166573E-11  7.14718474E-11 
    1354  8.37500000E+02  8.37500000E+02  9.99038683E-02  8.88462967E-01  9.88366836E-01  2.50000000E-02 -3.54047279E-11  1.39529070E-11 
    1355  8.62500000E+02  8.37500000E+02  3.33395814E-01  6.54971021E-01  9.88366836E-01  2.50000000E-02 -4.04926228E-11  1.30716331E-10 
    1356  8.87500000E+02  8.37500000E+02  9.38366747E-01  5.00000886E-02  9.88366836E-01  2.50000000E-02 -5.59721276E-11  1.32074290E-10 
    1357  9.12500000E+02  8.37500000E+02 -2.65614161E-01  1.25398100E+00  9.88366836E-01  2.50000000E-02  2.35918689E-11  7.11479766E-11 
    1358  9.37500000E+02  8.37500000E+02 -2.86357394E-01  1.27472423E+00  9.88366836E-01  2.50000000E-02  1.66663403E-11  3.63762376E-11 
    1359  9.62500000E+02  8.37500000E+02 -7.96697996E-01  1.78506483E+00  9.88366836E-01  2.50000000E-02  6.75973444E-12 -5.30233952E-12 
    1360  9.87500000E+02  8.37500000E+02 -4.70365245E-01  1.45873208E+00  9.88366836E-01  2.50000000E-02  2.24290678E-12  3.10231022E-11 
    1361  1.25000000E+01  8.62500000E+02  4.07376454E-01  5.80990381E-01  9.88366835E-01  2.50000000E-02 -8.88410106E-12 -7.62565424E-11 
    1362  3.75000000E+01  8.62500000E+02 -1.21352181E-01  1.10971902E+00  9.88366835E-01  2.50000000E-02 -7.73609554E-12 -2.30545340E-11 
    1363  6.25000000E+01  8.62500000E+02 -8.73705486E-01  1.86207232E+00  9.88366835E-01  2.50000000E-02 -2.15722703E-12 -7.47263919E-12 
    1364  8.75000000E+01  8.62500000E+02 -9.98413662E-01  1.98678050E+00  9.88366835E-01  2.50000000E-02 -2.43695549E-12 -1.28623312E-12 
    1365  1.12500000E+02  8.62500000E+02  8.33309439E-01  1.55057397E-01  9.88366835E-01  2.50000000E-02 -6.74369303E-11 -5.09391367E-11 
    1366  1.37500000E+02  8.62500000E+02 -2.60208690E-01  1.24857553E+00  9.88366835E-01  2.50000000E-02 -1.10168686E-11 -4.10187665E-11 
    1367  1.62500000E+02  8.62500000E+02 -9.63215529E-01  1.95158236E+00  9.88366835E-01  2.50000000E-02 -1.75840504E-11 -5.68984143E-11 
    1368  1.87500000E+02  8.62500000E+02  4.10194782E-01  5.78172053E-01  9.88366835E-01  2.50000000E-02 -6.59699651E-11  2.16469193E-11 
    1369  2.12500000E+02  8.62500000E+02 -9.43144540E-01  1.93151138E+00  9.88366835E-01  2.50000000E-02 -8.53796456E-11 -2.03742437E-11 
    1370  2.37500000E+02  8.62500000E+02  3.95919412E-01  5.92447423E-01  9.88366835E-01  2.50000000E-02 -1.04573690E-10 -6.62265087E-11 
    1371  2.62500000E+02  8.62500000E+02 -6.35564967E-01  1.62393180E+00  9.88366835E-01  2.50000000E-02 -1.01735029E-10 -2.07651611E-10 
    1372  2.87500000E+02  8.62500000E+02 -9.45198013E-01  1.93356485E+00  9.88366835E-01  2.50000000E-02 -9.72820712E-11 -2.33682752E-11 
    1373  3.12500000E+02  8.62500000E+02 -7.62488102E-01  1.75085494E+00  9.88366835E-01  2.50000000E-02 -1.01832293E-10 -5.67493166E-12 
    1374  3.37500000E+02  8.62500000E+02 -2.63138460E-01  1.25150530E+00  9.88366835E-01  2.50000000E-02 -1.02163415E-10  1.16208773E-10 
    1375  3.62500000E+02  8.62500000E+02 -2.05460750E-01  1.19382759E+00  9.88366835E-01  2.50000000E-02 -9.44685674E-11  2.72633876E-12 
    1376  3.87500000E+02  8.62500000E+02 -4.39778244E-01  1.42814508E+00  9.88366835E-01  2.50000000E-02 -8.22133620E-11 -2.85240057E-11 
    1377  4.12500000E+02  8.62500000E+02 -8.44826290E-01  1.83319313E+00  9.88366835E-01  2.50000000E-02 -7.61287796E-11 -1.67254981E-11 
    1378  4.37500000E+02  8.62500000E+02  8.75594857E-01  1.12771978E-01  9.88366836E-01  2.50000000E-02 -2.08385705E-10 -9.45828973E-11 
    1379  4.62500000E+02  8.62500000E+02 -8.52560820E-01  1.84092766E+00  9.88366836E-01  2.50000000E-02  1.05879461E-11 -7.28290362E-11 
    1380  4.87500000E+02  8.62500000E+02 -9.46925678E-01  1.93529251E+00  9.88366836E-01  2.50000000E-02  1.39003605E-11 -4.89879844E-11 
    1381  5.12500000E+02  8.62500000E+02  9.58028009E-01  3.03388269E-02  9.88366836E-01  2.50000000E-02 -1.14268459E-10 -6.15907028E-11 
    1382  5.37500000E+02  8.62500000E+02 -7.76676945E-01  1.76504378E+00  9.88366836E-01  2.50000000E-02 -5.13891881E-11  1.01588711E-10 
    1383  5.62500000E+02  8.62500000E+02  3.62333463E-02  9.52133489E-01  9.88366836E-01  2.50000000E-02 -6.01002150E-11  7.85238867E-11 
    1384  5.87500000E+02  8.62500000E+02 -4.59899185E-01  1.44826602E+00  9.88366836E-01  2.50000000E-02 -5.17441658E-11  4.39785942E-11 
    1385  6.12500000E+02  8.62500000E+02 -8.32465217E-01  1.82083205E+00  9.88366836E-01  2.50000000E-02 -4.45768687E-11 -7.28163868E-12 
    1386  6.37500000E+02  8.62500000E+02  7.96846529E-01  1.91520307E-01  9.88366836E-01  2.50000000E-02 -7.83068239E-11  1.68023765E-10 
    1387  6.62500000E+02  8.62500000E+02 -5.05845840E-01  1.49421268E+00  9.88366836E-01  2.50000000E-02 -5.54272685E-11  4.42605346E-11 
    1388  6.87500000E+02  8.62500000E+02 -4.27833739E-02  1.03115021E+00  9.88366836E-01  2.50000000E-02 -6.70284019E-11  1.82710546E-10 
    1389  7.12500000E+02  8.62500000E+02  7.18106973E-01  2.70259862E-01  9.88366836E-01  2.50000000E-02 -1.69861599E-10  3.48285552E-11 
    1390  7.37500000E+02  8.62500000E+02  7.37711206E-01  2.50655630E-01  9.88366836E-01  2.50000000E-02 -1.75213514E-10  9.66791433E-11 
    1391  7.62500000E+02  8.62500000E+02 -6.70612918E-01  1.65897975E+00  9.88366836E-01  2.50000000E-02 -1.74381647E-10 -3.30859920E-11 
    1392  7.87500000E+02  8.62500000E+02  9.79470914E-01  8.89592171E-03  9.88366836E-01  2.50000000E-02 -1.33578529E-10  4.74490806E-11 
    1393  8.12500000E+02  8.62500000E+02 -3.75857959E-01  1.36422479E+00  9.88366836E-01  2.50000000E-02  5.07462067E-12  7.35880475E-11 
    1394  8.37500000E+02  8.62500000E+02 -2.83718146E-02  1.01673865E+00  9.88366836E-01  2.50000000E-02  2.08126587E-12  1.43246967E-11 
    1395  8.62500000E+02  8.62500000E+02  3.16682222E-01  6.71684613E-01  9.88366836E-01  2.50000000E-02  2.02931392E-12  1.00500600E-10 
    1396  8.87500000E+02  8.62500000E+02 -4.57398628E-02  1.03410670E+00  9.88366836E-01  2.50000000E-02  5.09636889E-12  1.04262968E-11 
    1397  9.12500000E+02  8.62500000E+02  6.75266436E-01  3.13100399E-01  9.88366836E-01  2.50000000E-02  2.94639739E-12  6.98831478E-11 
    1398  9.37500000E+02  8.62500000E+02  2.54067837E-03  9.85826157E-01  9.88366836E-01  2.50000000E-02  9.07923387E-12  4.11337146E-11 
    1399  9.62500000E+02  8.62500000E+02  9.73706620E-01  1.46602159E-02  9.88366836E-01  2.50000000E-02 -4.14682487E-11  5.94605848E-11 
    1400  9.87500000E+02  8.62500000E+02 -7.52633511E-01  1.74100035E+00  9.88366836E-01  2.50000000E-02 -5.49795897E-14  3.74460502E-11 
    1401  1.25000000E+01  8.87500000E+02  5.55101610E-01  4.33265226E-01  9.88366835E-01  2.50000000E-02 -1.16408054E-11 -7.09699392E-11 
    1402  3.75000000E+01  8.87500000E+02 -4.67493575E-01  1.45586041E+00  9.88366835E-01  2.50000000E-02 -2.37944225E-11 -2.23620187E-11 
    1403  6.25000000E+01  8.87500000E+02  1.29263602E-01  8.59103233E-01  9.88366835E-01  2.50000000E-02 -2.63467154E-11 -6.00689577E-12 
    1404  8.75000000E+01  8.87500000E+02 -1.04465240E-01  1.09283208E+00  9.88366835E-01  2.50000000E-02 -3.76675675E-11 -9.69280860E-13 
    1405  1.12500000E+02  8.87500000E+02  6.51993856E-01  3.36372979E-01  9.88366835E-01  2.50000000E-02 -8.15526049E-11 -1.76906977E-11 
    1406  1.37500000E+02  8.87500000E+02 -3.88128403E-01  1.37649524E+00  9.88366835E-01  2.50000000E-02 -5.49676677E-11 -3.18755021E-11 
    1407  1.62500000E+02  8.87500000E+02 -5.24665436E-01  1.51303227E+00  9.88366835E-01  2.50000000E-02 -4.88347082E-11 -5.91075036E-11 
    1408  1.87500000E+02  8.87500000E+02 -7.19673157E-01  1.70803999E+00  9.88366835E-01  2.50000000E-02 -4.79577058E-11  1.27719225E-11 
    1409  2.12500000E+02  8.87500000E+02 -2.54747273E-01  1.24311411E+00  9.88366835E-01  2.50000000E-02 -4.38837733E-11 -3.00349001E-11 
    1410  2.37500000E+02  8.87500000E+02  6.83815792E-02  9.19985256E-01  9.88366835E-01  2.50000000E-02 -4.02721220E-11 -5.20648459E-11 
    1411  2.62500000E+02  8.87500000E+02  8.39491579E-01  1.48875256E-01  9.88366835E-01  2.50000000E-02 -1.18053778E-10 -1.36299628E-10 
    1412  2.87500000E+02  8.87500000E+02  1.15899667E-01  8.72467169E-01  9.88366835E-01  2.50000000E-02 -6.65991448E-11 -2.94155812E-11 
    1413  3.12500000E+02  8.87500000E+02 -5.96846993E-01  1.58521383E+00  9.88366835E-01  2.50000000E-02 -5.88195902E-11 -1.69553430E-11 
    1414  3.37500000E+02  8.87500000E+02 -4.74669581E-02  1.03583379E+00  9.88366835E-01  2.50000000E-02 -5.63540744E-11  1.13546056E-10 
    1415  3.62500000E+02  8.87500000E+02  9.86726756E-01  1.64007905E-03  9.88366835E-01  2.50000000E-02 -8.89560588E-10 -5.19167422E-10 
    1416  3.87500000E+02  8.87500000E+02  2.24678442E-01  7.63688394E-01  9.88366836E-01  2.50000000E-02 -8.54886693E-11 -8.20809792E-12 
    1417  4.12500000E+02  8.87500000E+02 -7.30762253E-01  1.71912909E+00  9.88366836E-01  2.50000000E-02 -1.24092941E-10 -3.67749543E-11 
    1418  4.37500000E+02  8.87500000E+02  5.75043059E-01  4.13323776E-01  9.88366836E-01  2.50000000E-02 -2.45973170E-10  7.37095505E-12 
    1419  4.62500000E+02  8.87500000E+02 -6.31575044E-01  1.61994188E+00  9.88366836E-01  2.50000000E-02 -2.47178064E-10 -6.52658315E-11 
    1420  4.87500000E+02  8.87500000E+02  1.30468460E-01  8.57898376E-01  9.88366836E-01  2.50000000E-02 -2.34483250E-10 -4.53164136E-11 
    1421  5.12500000E+02  8.87500000E+02 -8.54843183E-02  1.07385115E+00  9.88366836E-01  2.50000000E-02 -2.33033149E-10  4.79741914E-11 
    1422  5.37500000E+02  8.87500000E+02 -4.66690687E-01  1.45505752E+00  9.88366836E-01  2.50000000E-02 -2.28519489E-10  8.23124974E-11 
    1423  5.62500000E+02  8.87500000E+02  1.98478416E-01  7.89888419E-01  9.88366836E-01  2.50000000E-02 -2.39476998E-10  4.70791970E-11 
    1424  5.87500000E+02  8.87500000E+02  6.91373008E-01  2.96993827E-01  9.88366836E-01  2.50000000E-02 -3.23533037E-10  1.03540975E-10 
    1425  6.12500000E+02  8.87500000E+02  4.36357020E-01  5.52009815E-01  9.88366836E-01  2.50000000E-02 -2.14964868E-10 -5.04760719E-11 
    1426  6.37500000E+02  8.87500000E+02 -3.75622754E-01  1.36398959E+00  9.88366836E-01  2.50000000E-02 -1.49186944E-10  9.53910409E-11 
    1427  6.62500000E+02  8.87500000E+02 -4.53691987E-01  1.44205882E+00  9.88366836E-01  2.50000000E-02 -1.27369056E-10  4.25159033E-11 
    1428  6.87500000E+02  8.87500000E+02 -3.82558556E-01  1.37092539E+00  9.88366836E-01  2.50000000E-02 -1.18585722E-10  1.24869011E-10 
    1429  7.12500000E+02  8.87500000E+02  6.95889476E-01  2.92477360E-01  9.88366836E-01  2.50000000E-02 -1.71928888E-10  2.84892131E-11 
    1430  7.37500000E+02  8.87500000E+02 -3.97057235E-02  1.02807256E+00  9.88366836E-01  2.50000000E-02 -1.09082233E-10  7.70188859E-11 
    1431  7.62500000E+02  8.87500000E+02 -3.21406477E-01  1.30977331E+00  9.88366836E-01  2.50000000E-02 -9.79615006E-11 -3.80956502E-11 
    1432  7.87500000E+02  8.87500000E+02 -1.37715400E-01  1.12608224E+00  9.88366836E-01  2.50000000E-02 -9.47046460E-11 -3.08657404E-12 
    1433  8.12500000E+02  8.87500000E+02 -1.24653555E-01  1.11302039E+00  9.88366836E-01  2.50000000E-02 -9.51467373E-11  7.53987549E-11 
    1434  8.37500000E+02  8.87500000E+02 -5.31782411E-02  1.04154508E+00  9.88366836E-01  2.50000000E-02 -9.24375683E-11  1.85133032E-11 
    1435  8.62500000E+02  8.87500000E+02 -6.70792831E-01  1.65915967E+00  9.88366836E-01  2.50000000E-02 -8.25724718E-11  7.63549321E-11 
    1436  8.87500000E+02  8.87500000E+02 -1.94368657E-01  1.18273549E+00  9.88366836E-01  2.50000000E-02 -7.65748174E-11  2.92801710E-12 
    1437  9.12500000E+02  8.87500000E+02 -6.22169355E-02  1.05058377E+00  9.88366836E-01  2.50000000E-02 -7.39444460E-11  3.08059004E-11 
    1438  9.37500000E+02  8.87500000E+02 -2.82240705E-01  1.27060754E+00  9.88366836E-01  2.50000000E-02 -6.14421476E-11  4.22054639E-11 
    1439  9.62500000E+02  8.87500000E+02  1.64184544E-01  8.24182292E-01  9.88366836E-01  2.50000000E-02 -3.92439597E-11 -1.37765933E-11 
    1440  9.87500000E+02  8.87500000E+02 -3.06219751E-02  1.01898881E+00  9.88366836E-01  2.50000000E-02 -1.36668011E-11  4.39046802E-11 
    1441  1.25000000E+01  9.12500000E+02  3.88405572E-01  5.99961264E-01  9.88366835E-01  2.50000000E-02 -1.12303028E-11 -6.18213804E-11 
    1442  3.75000000E+01  9.12500000E+02  1.51280795E-01  8.37086040E-01  9.88366835E-01  2.50000000E-02 -1.89588048E-11 -2.18328962E-11 
    1443  6.25000000E+01  9.12500000E+02 -3.04139805E-01  1.29250664E+00  9.88366835E-01  2.50000000E-02 -1.53730909E-11 -4.18175846E-12 
    1444  8.75000000E+01  9.12500000E+02 -7.90098644E-01  1.77846548E+00  9.88366835E-01  2.50000000E-02 -1.92734957E-11 -3.79991178E-12 
    1445  1.12500000E+02  9.12500000E+02  7.07785279E-01  2.80581556E-01  9.88366835E-01  2.50000000E-02 -8.90525528E-11 -1.05558080E-11 
    1446  1.37500000E+02  9.12500000E+02  8.57594923E-01  1.30771913E-01  9.88366835E-01  2.50000000E-02 -1.69824317E-10 -2.16552171E-11 
    1447  1.62500000E+02  9.12500000E+02 -8.07520116E-01  1.79588695E+00  9.88366835E-01  2.50000000E-02 -1.62575041E-10 -5.62381915E-11 
    1448  1.87500000E+02  9.12500000E+02  3.35942190E-01  6.52424645E-01  9.88366835E-01  2.50000000E-02 -1.57358618E-10 -1.05750616E-12 
    1449  2.12500000E+02  9.12500000E+02 -2.77486749E-01  1.26585358E+00  9.88366835E-01  2.50000000E-02 -1.32336173E-10 -4.04912042E-11 
    1450  2.37500000E+02  9.12500000E+02 -3.12058132E-01  1.30042497E+00  9.88366835E-01  2.50000000E-02 -1.38659513E-10 -5.42466375E-11 
    1451  2.62500000E+02  9.12500000E+02 -3.83367170E-01  1.37173401E+00  9.88366835E-01  2.50000000E-02 -1.54987039E-10 -1.41803868E-10 
    1452  2.87500000E+02  9.12500000E+02  8.70565118E-01  1.17801717E-01  9.88366835E-01  2.50000000E-02 -2.33291919E-10  4.49842908E-11 
    1453  3.12500000E+02  9.12500000E+02 -7.50646418E-01  1.73901325E+00  9.88366835E-01  2.50000000E-02 -1.55267428E-10 -1.56881120E-12 
    1454  3.37500000E+02  9.12500000E+02  4.16096782E-01  5.72270053E-01  9.88366835E-01  2.50000000E-02 -1.49290325E-10  1.10046550E-10 
    1455  3.62500000E+02  9.12500000E+02 -3.92942277E-01  1.38130911E+00  9.88366836E-01  2.50000000E-02 -1.16995900E-10  1.83215048E-10 
    1456  3.87500000E+02  9.12500000E+02 -9.57833220E-01  1.94620006E+00  9.88366836E-01  2.50000000E-02 -1.08243877E-10  3.40054692E-11 
    1457  4.12500000E+02  9.12500000E+02 -3.25219041E-01  1.31358588E+00  9.88366835E-01  2.50000000E-02 -1.29799225E-10 -4.77090173E-11 
    1458  4.37500000E+02  9.12500000E+02  2.64936649E-01  7.23430186E-01  9.88366836E-01  2.50000000E-02 -2.01616102E-10 -2.85950363E-11 
    1459  4.62500000E+02  9.12500000E+02  6.83520915E-01  3.04845920E-01  9.88366836E-01  2.50000000E-02 -2.60012510E-10 -8.00849124E-11 
    1460  4.87500000E+02  9.12500000E+02 -8.15006038E-02  1.06986744E+00  9.88366836E-01  2.50000000E-02 -1.32023717E-10 -1.63104168E-11 
    1461  5.12500000E+02  9.12500000E+02 -5.83436561E-01  1.57180340E+00  9.88366836E-01  2.50000000E-02 -1.19498008E-10  6.51484411E-11 
    1462  5.37500000E+02  9.12500000E+02 -8.37726170E-01  1.82609301E+00  9.88366836E-01  2.50000000E-02 -1.08816769E-10  5.21454983E-11 
    1463  5.62500000E+02  9.12500000E+02 -5.10982256E-01  1.49934909E+00  9.88366836E-01  2.50000000E-02 -1.08763391E-10 -2.46780848E-11 
    1464  5.87500000E+02  9.12500000E+02  2.44398885E-01  7.43967951E-01  9.88366836E-01  2.50000000E-02 -1.65859194E-10  7.84754609E-11 
    1465  6.12500000E+02  9.12500000E+02 -9.47668472E-01  1.93603531E+00  9.88366836E-01  2.50000000E-02 -1.23137709E-10 -4.31611329E-11 
    1466  6.37500000E+02  9.12500000E+02 -5.51132154E-01  1.53949899E+00  9.88366836E-01  2.50000000E-02 -1.08425463E-10  7.78201972E-11 
    1467  6.62500000E+02  9.12500000E+02  5.83388787E-01  4.04978048E-01  9.88366836E-01  2.50000000E-02 -1.55764173E-10  4.78307995E-11 
    1468  6.87500000E+02  9.12500000E+02  1.67800515E-01  8.20566320E-01  9.88366836E-01  2.50000000E-02 -1.53821920E-10  6.41335360E-11 
    1469  7.12500000E+02  9.12500000E+02  7.84184367E-01  2.04182468E-01  9.88366836E-01  2.50000000E-02 -1.05114738E-10 -1.90296371E-11 
    1470  7.37500000E+02  9.12500000E+02 -4.43871320E-02  1.03275397E+00  9.88366836E-01  2.50000000E-02  4.57063151E-12  7.23325457E-11 
    1471  7.62500000E+02  9.12500000E+02 -2.68744283E-01  1.25711112E+00  9.88366836E-01  2.50000000E-02  1.38898116E-11 -4.01831456E-11 
    1472  7.87500000E+02  9.12500000E+02 -9.53819213E-03  9.97905028E-01  9.88366836E-01  2.50000000E-02  1.65011603E-11 -3.96096087E-12 
    1473  8.12500000E+02  9.12500000E+02 -4.55987203E-01  1.44435404E+00  9.88366836E-01  2.50000000E-02  1.56702319E-11  6.85710959E-11 
    1474  8.37500000E+02  9.12500000E+02  7.36070775E-01  2.52296060E-01  9.88366836E-01  2.50000000E-02 -2.53338540E-12  4.01155889E-11 
    1475  8.62500000E+02  9.12500000E+02  7.59808647E-02  9.12385971E-01  9.88366836E-01  2.50000000E-02  1.00750537E-11  6.31539504E-11 
    1476  8.87500000E+02  9.12500000E+02 -9.92158611E-01  1.98052545E+00  9.88366836E-01  2.50000000E-02  1.11260695E-11 -1.43523496E-13 
    1477  9.12500000E+02  9.12500000E+02  3.02283360E-01  6.86083476E-01  9.88366836E-01  2.50000000E-02  8.23840837E-12  2.35743834E-11 
    1478  9.37500000E+02  9.12500000E+02  9.20759821E-01  6.76070149E-02  9.88366836E-01  2.50000000E-02  1.27954585E-11  3.47030016E-11 
    1479  9.62500000E+02  9.12500000E+02 -5.80980122E-01  1.56934696E+00  9.88366836E-01  2.50000000E-02 -1.52524133E-11 -1.28520881E-11 
    1480  9.87500000E+02  9.12500000E+02  5.28786169E-01  4.59580667E-01  9.88366836E-01  2.50000000E-02 -8.24416933E-12  3.03258973E-11 
    1481  1.25000000E+01  9.37500000E+02  7.34919795E-01  2.53447040E-01  9.88366835E-01  2.50000000E-02 -1.58074348E-11 -6.94146356E-11 
    1482  3.75000000E+01  9.37500000E+02 -8.75809183E-01  1.86417602E+00  9.88366835E-01  2.50000000E-02 -5.68338046E-12 -1.82959756E-11 
    1483  6.25000000E+01  9.37500000E+02  4.82332735E-01  5.06034100E-01  9.88366835E-01  2.50000000E-02  2.24428156E-12 -4.36809413E-12 
    1484  8.75000000E+01  9.37500000E+02  2.98046826E-01  6.90320009E-01  9.88366835E-01  2.50000000E-02 -8.77075334E-13 -6.09940010E-12 
    1485  1.12500000E+02  9.37500000E+02  9.53217469E-01  3.51493670E-02  9.88366835E-01  2.50000000E-02 -1.24844982E-10 -4.44317385E-11 
    1486  1.37500000E+02  9.37500000E+02  1.48860910E-01  8.39505926E-01  9.88366835E-01  2.50000000E-02 -2.95651494E-11 -2.78236669E-12 
    1487  1.62500000E+02  9.37500000E+02  6.29629172E-01  3.58737663E-01  9.88366835E-01  2.50000000E-02 -4.03505438E-11 -1.71906537E-11 
    1488  1.87500000E+02  9.37500000E+02 -3.04770272E-01  1.29313711E+00  9.88366835E-01  2.50000000E-02 -5.94848082E-11 -1.02171540E-11 
    1489  2.12500000E+02  9.37500000E+02  8.65550920E-01  1.22815915E-01  9.88366835E-01  2.50000000E-02 -8.67711517E-11  1.39917135E-11 
    1490  2.37500000E+02  9.37500000E+02  8.68394624E-01  1.19972212E-01  9.88366835E-01  2.50000000E-02 -1.15281528E-10 -6.50259209E-11 
    1491  2.62500000E+02  9.37500000E+02 -8.26868350E-01  1.81523519E+00  9.88366835E-01  2.50000000E-02 -6.44962606E-11 -1.21694285E-10 
    1492  2.87500000E+02  9.37500000E+02 -9.47225403E-01  1.93559224E+00  9.88366835E-01  2.50000000E-02 -7.90484593E-11  1.44264256E-11 
    1493  3.12500000E+02  9.37500000E+02 -1.30141149E-01  1.11850798E+00  9.88366835E-01  2.50000000E-02 -1.22909285E-10  1.97867163E-11 
    1494  3.37500000E+02  9.37500000E+02  2.38649677E-01  7.49717158E-01  9.88366835E-01  2.50000000E-02 -1.73628717E-10  8.14412455E-11 
    1495  3.62500000E+02  9.37500000E+02  6.68767066E-01  3.19599770E-01  9.88366836E-01  2.50000000E-02 -2.81136760E-10  1.76394558E-10 
    1496  3.87500000E+02  9.37500000E+02  4.87360395E-01  5.01006440E-01  9.88366836E-01  2.50000000E-02 -2.61076768E-10  7.73935871E-11 
    1497  4.12500000E+02  9.37500000E+02  2.94828656E-01  6.93538179E-01  9.88366836E-01  2.50000000E-02 -2.62117738E-10 -8.46661220E-11 
    1498  4.37500000E+02  9.37500000E+02  1.98095948E-01  7.90270887E-01  9.88366836E-01  2.50000000E-02 -2.67913132E-10 -5.45339807E-11 
    1499  4.62500000E+02  9.37500000E+02 -9.78490582E-01  1.96685742E+00  9.88366836E-01  2.50000000E-02 -1.49181163E-10 -1.45593503E-11 
    1500  4.87500000E+02  9.37500000E+02 -9.35325731E-01  1.92369257E+00  9.88366836E-01  2.50000000E-02 -1.16642117E-10  6.98929964E-12 
    1501  5.12500000E+02  9.37500000E+02 -9.56784893E-01  1.94515173E+00  9.88366836E-01  2.50000000E-02 -1.28240542E-10  6.50273756E-11 
    1502  5.37500000E+02  9.37500000E+02  2.98263193E-01  6.90103643E-01  9.88366836E-01  2.50000000E-02 -1.82080330E-10  4.93180803E-11 
    1503  5.62500000E+02  9.37500000E+02  3.15803437E-01  6.72563399E-01  9.88366836E-01  2.50000000E-02 -1.92003409E-10 -4.89979621E-11 
    1504  5.87500000E+02  9.37500000E+02 -4.35304940E-01  1.42367178E+00  9.88366836E-01  2.50000000E-02 -2.36790041E-10  6.66183585E-11 
    1505  6.12500000E+02  9.37500000E+02  6.58213495E-01  3.30153341E-01  9.88366836E-01  2.50000000E-02 -3.03062085E-10 -3.85970021E-11 
    1506  6.37500000E+02  9.37500000E+02  2.65929123E-01  7.22437712E-01  9.88366836E-01  2.50000000E-02 -2.09651560E-10  6.42501004E-11 
    1507  6.62500000E+02  9.37500000E+02  2.53591048E-01  7.34775788E-01  9.88366836E-01  2.50000000E-02 -2.01026269E-10  4.26836432E-11 
    1508  6.87500000E+02  9.37500000E+02  4.20484636E-01  5.67882200E-01  9.88366836E-01  2.50000000E-02 -2.07937382E-10  4.33646431E-11 
    1509  7.12500000E+02  9.37500000E+02  9.27306853E-02  8.95636150E-01  9.88366836E-01  2.50000000E-02 -1.66365735E-10 -3.66234317E-11 
    1510  7.37500000E+02  9.37500000E+02  2.49961450E-01  7.38405386E-01  9.88366836E-01  2.50000000E-02 -1.29503507E-10  5.77293259E-11 
    1511  7.62500000E+02  9.37500000E+02 -6.40387268E-01  1.62875410E+00  9.88366836E-01  2.50000000E-02 -8.52653498E-11 -3.88190105E-11 
    1512  7.87500000E+02  9.37500000E+02 -7.41023022E-01  1.72938986E+00  9.88366836E-01  2.50000000E-02 -7.65706812E-11 -6.20328238E-12 
    1513  8.12500000E+02  9.37500000E+02 -6.82917758E-01  1.67128459E+00  9.88366836E-01  2.50000000E-02 -7.43165490E-11  6.32521669E-11 
    1514  8.37500000E+02  9.37500000E+02  1.12980395E-01  8.75386441E-01  9.88366836E-01  2.50000000E-02 -7.10445368E-11  4.69169001E-11 
    1515  8.62500000E+02  9.37500000E+02  2.45730310E-01  7.42636525E-01  9.88366836E-01  2.50000000E-02 -5.83751876E-11  4.67657162E-11 
    1516  8.87500000E+02  9.37500000E+02 -2.26569120E-01  1.21493596E+00  9.88366836E-01  2.50000000E-02 -3.38842005E-11  1.62622813E-12 
    1517  9.12500000E+02  9.37500000E+02 -5.49723705E-01  1.53809054E+00  9.88366836E-01  2.50000000E-02 -2.38783177E-11  1.90325918E-11 
    1518  9.37500000E+02  9.37500000E+02 -2.41878206E-01  1.23024504E+00  9.88366836E-01  2.50000000E-02 -1.92695978E-11 -1.29733356E-11 
    1519  9.62500000E+02  9.37500000E+02  5.59834469E-01  4.28532366E-01  9.88366836E-01  2.50000000E-02 -1.43269357E-11 -1.30505107E-11 
    1520  9.87500000E+02  9.37500000E+02 -6.51116848E-01  1.63948368E+00  9.88366836E-01  2.50000000E-02 -1.46228898E-12  4.76092451E-12 
    1521  1.25000000E+01  9.62500000E+02  8.96722093E-01  9.16447420E-02  9.88366835E-01  2.50000000E-02 -5.62190850E-11 -6.15453161E-11 
    1522  3.75000000E+01  9.62500000E+02 -8.42159858E-01  1.83052669E+00  9.88366835E-01  2.50000000E-02 -1.64439146E-10 -1.24124435E-11 
    1523  6.25000000E+01  9.62500000E+02  7.35773468E-01  2.52593368E-01  9.88366835E-01  2.50000000E-02 -1.78417284E-10 -1.23455537E-12 
    1524  8.75000000E+01  9.62500000E+02 -4.75535013E-01  1.46390185E+00  9.88366835E-01  2.50000000E-02 -2.16234905E-10 -5.50612268E-12 
    1525  1.12500000E+02  9.62500000E+02  7.68205346E-01  2.20161489E-01  9.88366835E-01  2.50000000E-02 -2.23240463E-10 -4.40837600E-11 
    1526  1.37500000E+02  9.62500000E+02 -3.04672445E-01  1.29303928E+00  9.88366835E-01  2.50000000E-02 -1.41059362E-10 -2.04007236E-12 
    1527  1.62500000E+02  9.62500000E+02  5.74915790E-01  4.13451046E-01  9.88366835E-01  2.50000000E-02 -1.11640387E-10 -8.03709915E-12 
    1528  1.87500000E+02  9.62500000E+02 -3.92427551E-01  1.38079439E+00  9.88366835E-01  2.50000000E-02 -7.32471682E-11 -6.64279190E-12 
    1529  2.12500000E+02  9.62500000E+02 -5.88412673E-02  1.04720810E+00  9.88366835E-01  2.50000000E-02 -7.58561747E-11 -2.21166010E-11 
    1530  2.37500000E+02  9.62500000E+02  5.45428619E-01  4.42938216E-01  9.88366835E-01  2.50000000E-02 -1.25395263E-10 -1.49609250E-11 
    1531  2.62500000E+02  9.62500000E+02 -7.43832154E-02  1.06275005E+00  9.88366835E-01  2.50000000E-02 -1.29703291E-10 -7.31541245E-11 
    1532  2.87500000E+02  9.62500000E+02 -8.95814017E-02  1.07794824E+00  9.88366835E-01  2.50000000E-02 -1.47607120E-10  2.76323684E-12 
    1533  3.12500000E+02  9.62500000E+02  3.83351312E-01  6.05015524E-01  9.88366835E-01  2.50000000E-02 -1.87371158E-10  6.94377853E-12 
    1534  3.37500000E+02  9.62500000E+02  1.64148860E-01  8.24217976E-01  9.88366835E-01  2.50000000E-02 -2.01900166E-10  3.39096761E-11 
    1535  3.62500000E+02  9.62500000E+02  6.71659560E-01  3.16707276E-01  9.88366835E-01  2.50000000E-02 -2.09860108E-10  1.35822528E-10 
    1536  3.87500000E+02  9.62500000E+02  5.99661382E-01  3.88705453E-01  9.88366835E-01  2.50000000E-02 -1.93833431E-10  9.42254169E-11 
    1537  4.12500000E+02  9.62500000E+02  9.46653930E-01  4.17129059E-02  9.88366836E-01  2.50000000E-02 -7.23506397E-10  1.10499542E-10 
    1538  4.37500000E+02  9.62500000E+02  8.56148547E-01  1.32218289E-01  9.88366836E-01  2.50000000E-02 -6.21276688E-10  4.46143836E-11 
    1539  4.62500000E+02  9.62500000E+02 -9.11244148E-01  1.89961098E+00  9.88366836E-01  2.50000000E-02 -4.63953073E-10 -8.73973569E-12 
    1540  4.87500000E+02  9.62500000E+02  7.41694063E-01  2.46672773E-01  9.88366836E-01  2.50000000E-02 -3.87829643E-10 -2.93566880E-12 
    1541  5.12500000E+02  9.62500000E+02  2.66200869E-01  7.22165967E-01  9.88366836E-01  2.50000000E-02 -3.87083401E-10  1.75022223E-11 
    1542  5.37500000E+02  9.62500000E+02  7.96732860E-01  1.91633975E-01  9.88366836E-01  2.50000000E-02 -3.51965373E-10  5.50690271E-11 
    1543  5.62500000E+02  9.62500000E+02  5.98661757E-01  3.89705078E-01  9.88366836E-01  2.50000000E-02 -2.45215892E-10 -1.75335883E-11 
    1544  5.87500000E+02  9.62500000E+02  6.19124027E-01  3.69242808E-01  9.88366836E-01  2.50000000E-02 -1.94402207E-10  4.53484541E-11 
    1545  6.12500000E+02  9.62500000E+02 -4.32051852E-01  1.42041869E+00  9.88366836E-01  2.50000000E-02 -6.97923178E-11 -4.67505368E-11 
    1546  6.37500000E+02  9.62500000E+02 -7.08649779E-01  1.69701661E+00  9.88366836E-01  2.50000000E-02 -5.68089622E-11  5.98844798E-11 
    1547  6.62500000E+02  9.62500000E+02  5.82485926E-01  4.05880910E-01  9.88366836E-01  2.50000000E-02 -6.48703127E-11  1.17064214E-11 
    1548  6.87500000E+02  9.62500000E+02  9.49551748E-01  3.88150873E-02  9.88366836E-01  2.50000000E-02 -1.87127991E-10  7.27407660E-11 
    1549  7.12500000E+02  9.62500000E+02  6.77367560E-01  3.10999275E-01  9.88366836E-01  2.50000000E-02 -6.63103839E-11 -1.72933494E-11 
    1550  7.37500000E+02  9.62500000E+02  5.27567504E-01  4.60799332E-01  9.88366836E-01  2.50000000E-02 -4.32557588E-11  3.18068683E-11 
    1551  7.62500000E+02  9.62500000E+02  5.84450674E-01  4.03916162E-01  9.88366836E-01  2.50000000E-02 -3.81466965E-11 -1.41735370E-11 
    1552  7.87500000E+02  9.62500000E+02  1.27239764E-01  8.61127071E-01  9.88366836E-01  2.50000000E-02 -4.40856119E-11 -4.52122469E-12 
    1553  8.12500000E+02  9.62500000E+02  4.08184924E-01  5.80181911E-01  9.88366836E-01  2.50000000E-02 -4.32895249E-11  4.78411105E-11 
    1554  8.37500000E+02  9.62500000E+02  9.69415757E-01  1.89510782E-02  9.88366836E-01  2.50000000E-02 -3.14764586E-11  4.54463508E-12 
    1555  8.62500000E+02  9.62500000E+02 -4.55126912E-01  1.44349375E+00  9.88366836E-01  2.50000000E-02  8.59166639E-12  2.21611697E-11 
    1556  8.87500000E+02  9.62500000E+02 -3.50936499E-02  1.02346049E+00  9.88366836E-01  2.50000000E-02  9.18074002E-12  1.67814629E-12 
    1557  9.12500000E+02  9.62500000E+02  3.37572878E-01  6.50793957E-01  9.88366836E-01  2.50000000E-02  1.19398421E-11  8.63919592E-12 
    1558  9.37500000E+02  9.62500000E+02 -8.75588298E-01  1.86395513E+00  9.88366836E-01  2.50000000E-02  1.14294939E-11 -9.75377143E-12 
    1559  9.62500000E+02  9.62500000E+02  4.93574482E-01  4.94792354E-01  9.88366836E-01  2.50000000E-02  2.83534325E-12 -1.23210362E-11 
    1560  9.87500000E+02  9.62500000E+02 -5.51021495E-01  1.53938833E+00  9.88366836E-01  2.50000000E-02 -3.25075954E-13  2.23362490E-12 
    1561  1.25000000E+01  9.87500000E+02  7.80190091E-01  2.08176744E-01  9.88366835E-01  2.50000000E-02 -8.82430565E-12 -3.79832943E-12 
    1562  3.75000000E+01  9.87500000E+02 -1.81548055E-02  1.00652164E+00  9.88366835E-01  2.50000000E-02 -2.61018898E-11 -6.82972848E-13 
    1563  6.25000000E+01  9.87500000E+02  7.71319893E-01  2.17046943E-01  9.88366835E-01  2.50000000E-02 -4.34053210E-11  4.07292492E-12 
    1564  8.75000000E+01  9.87500000E+02  8.88495144E-01  9.98716917E-02  9.88366835E-01  2.50000000E-02 -9.45037372E-11 -7.83878382E-12 
    1565  1.12500000E+02  9.87500000E+02  4.92368360E-01  4.95998475E-01  9.88366835E-01  2.50000000E-02 -5.17652775E-11 -9.98412860E-12 
    1566  1.37500000E+02  9.87500000E+02 -4.30424939E-01  1.41879177E+00  9.88366835E-01  2.50000000E-02 -2.41752291E-11 -1.08259551E-12 
    1567  1.62500000E+02  9.87500000E+02 -5.44610253E-01  1.53297709E+00  9.88366835E-01  2.50000000E-02 -2.60742288E-11 -1.27556432E-12 
    1568  1.87500000E+02  9.87500000E+02  1.28043422E-01  8.60323413E-01  9.88366835E-01  2.50000000E-02 -4.75848671E-11  1.78035008E-12 
    1569  2.12500000E+02  9.87500000E+02  4.76008640E-01  5.12358196E-01  9.88366835E-01  2.50000000E-02 -7.98576926E-11 -1.32567630E-11 
    1570  2.37500000E+02  9.87500000E+02 -2.24396448E-01  1.21276328E+00  9.88366835E-01  2.50000000E-02 -9.09236104E-11 -1.61728603E-12 
    1571  2.62500000E+02  9.87500000E+02  3.63342812E-01  6.25024024E-01  9.88366835E-01  2.50000000E-02 -1.04935165E-10 -1.59604233E-11 
    1572  2.87500000E+02  9.87500000E+02  1.71146563E-01  8.17220272E-01  9.88366835E-01  2.50000000E-02 -1.14322258E-10 -6.37336184E-12 
    1573  3.12500000E+02  9.87500000E+02 -2.55419759E-01  1.24378659E+00  9.88366835E-01  2.50000000E-02 -8.45798947E-11  6.76461094E-13 
    1574  3.37500000E+02  9.87500000E+02 -8.66685646E-01  1.85505248E+00  9.88366835E-01  2.50000000E-02 -6.30970189E-11  2.54639295E-12 
    1575  3.62500000E+02  9.87500000E+02 -4.65567840E-01  1.45393468E+00  9.88366835E-01  2.50000000E-02 -4.64122634E-11  8.96319505E-12 
    1576  3.87500000E+02  9.87500000E+02 -4.61431498E-01  1.44979833E+00  9.88366835E-01  2.50000000E-02 -3.23241448E-11  6.38708795E-12 
    1577  4.12500000E+02  9.87500000E+02 -2.80989792E-01  1.26935663E+00  9.88366835E-01  2.50000000E-02 -3.38213003E-11  1.31124838E-12 
    1578  4.37500000E+02  9.87500000E+02  7.01271443E-01  2.87095393E-01  9.88366835E-01  2.50000000E-02 -9.66954717E-11  4.61365991E-11 
    1579  4.62500000E+02  9.87500000E+02  9.85313228E-01  3.05360779E-03  9.88366836E-01  2.50000000E-02 -1.05807204E-09  4.08258583E-10 
    1580  4.87500000E+02  9.87500000E+02 -5.00564128E-01  1.48893096E+00  9.88366836E-01  2.50000000E-02 -7.04254096E-12 -6.15393102E-13 
    1581  5.12500000E+02  9.87500000E+02  4.67460687E-02  9.41620767E-01  9.88366836E-01  2.50000000E-02 -6.97620299E-12  6.42007430E-13 
    1582  5.37500000E+02  9.87500000E+02 -3.67814905E-01  1.35618174E+00  9.88366836E-01  2.50000000E-02 -4.81828692E-12  1.08335080E-12 
    1583  5.62500000E+02  9.87500000E+02 -2.25677842E-01  1.21404468E+00  9.88366836E-01  2.50000000E-02 -3.65065591E-12  6.17549074E-13 
    1584  5.87500000E+02  9.87500000E+02  9.68637570E-01  1.97292651E-02  9.88366836E-01  2.50000000E-02 -2.35834444E-10 -8.83198923E-12 
    1585  6.12500000E+02  9.87500000E+02  8.61150098E-01  1.27216737E-01  9.88366836E-01  2.50000000E-02 -8.30344091E-11 -9.45712608E-12 
    1586  6.37500000E+02  9.87500000E+02  4.40708159E-01  5.47658677E-01  9.88366836E-01  2.50000000E-02 -1.02962140E-11  7.46482037E-12 
    1587  6.62500000E+02  9.87500000E+02 -4.93636618E-01  1.48200345E+00  9.88366836E-01  2.50000000E-02 -6.57436976E-12 -1.38952216E-12 
    1588  6.87500000E+02  9.87500000E+02  2.86862288E-02  9.59680607E-01  9.88366836E-01  2.50000000E-02 -1.00805642E-11  4.18865475E-13 
    1589  7.12500000E+02  9.87500000E+02  8.13472892E-01  1.74893943E-01  9.88366836E-01  2.50000000E-02 -3.59924571E-11  5.45807080E-12 
    1590  7.37500000E+02  9.87500000E+02 -1.47160918E-01  1.13552775E+00  9.88366836E-01  2.50000000E-02  1.42523853E-12  4.87912584E-12 
    1591  7.62500000E+02  9.87500000E+02 -4.87373231E-01  1.47574007E+00  9.88366836E-01  2.50000000E-02  1.94714517E-12 -1.06321283E-12 
    1592  7.87500000E+02  9.87500000E+02  1.47170481E-01  8.41196355E-01  9.88366836E-01  2.50000000E-02 -1.76283044E-12 -5.35171787E-13 
    1593  8.12500000E+02  9.87500000E+02  7.84715252E-01  2.03651584E-01  9.88366836E-01  2.50000000E-02 -4.98079244E-12  1.17947353E-11 
    1594  8.37500000E+02  9.87500000E+02  8.76695779E-01  1.11671056E-01  9.88366836E-01  2.50000000E-02  6.53018603E-12 -6.96841081E-13 
    1595  8.62500000E+02  9.87500000E+02 -4.94772749E-03  9.93314563E-01  9.88366836E-01  2.50000000E-02  1.31077767E-11  7.25495888E-12 
    1596  8.87500000E+02  9.87500000E+02 -3.80833447E-01  1.36920028E+00  9.88366836E-01  2.50000000E-02  1.18459951E-11  9.07239863E-13 
    1597  9.12500000E+02  9.87500000E+02 -7.36947486E-01  1.72531432E+00  9.88366836E-01  2.50000000E-02  1.05837053E-11  1.12875925E-12 
    1598  9.37500000E+02  9.87500000E+02 -7.00983651E-01  1.68935049E+00  9.88366836E-01  2.50000000E-02  1.04204329E-11 -3.71162797E-12 
    1599  9.62500000E+02  9.87500000E+02  5.93900250E-01  3.94466586E-01  9.88366836E-01  2.50000000E-02  5.23502848E-12 -3.94627163E-12 
    1600  9.87500000E+02  9.87500000E+02  6.22605174E-01  3.65761662E-01  9.88366836E-01  2.50000000E-02 -1.82223589E-13  1.61026333E-12 
