 # Gnuplot DataFile Version
 # i x y bathy h zs Manning u v
       1  1.25000000E+01  1.25000000E+01  4.46335605E-01  5.42031229E-01  9.88366834E-01  2.50000000E-02  1.18389265E-10 -1.33857561E-10 
       2  3.75000000E+01  1.25000000E+01 -6.05345608E-03  9.94420290E-01  9.88366834E-01  2.50000000E-02  4.37430964E-10 -2.02641747E-10 
       3  6.25000000E+01  1.25000000E+01 -5.49514821E-01  1.53788166E+00  9.88366834E-01  2.50000000E-02  6.85433689E-10 -1.35520486E-12 
       4  8.75000000E+01  1.25000000E+01  7.91149585E-01  1.97217249E-01  9.88366834E-01  2.50000000E-02  1.89069774E-09  6.12710547E-10 
       5  1.12500000E+02  1.25000000E+01  6.13669961E-02  9.26999838E-01  9.88366834E-01  2.50000000E-02  8.89562407E-10 -2.48005291E-12 
       6  1.37500000E+02  1.25000000E+01  6.27517616E-01  3.60849219E-01  9.88366834E-01  2.50000000E-02  2.11266989E-09 -1.39317162E-09 
       7  1.62500000E+02  1.25000000E+01  2.46381453E-01  7.41985381E-01  9.88366834E-01  2.50000000E-02  1.64432366E-09  4.88789574E-10 
       8  1.87500000E+02  1.25000000E+01  3.71292612E-01  6.17074222E-01  9.88366834E-01  2.50000000E-02  2.36673229E-10  1.49422765E-09 
       9  2.12500000E+02  1.25000000E+01  9.46004258E-01  4.23625778E-02  9.88366836E-01  2.50000000E-02 -3.64997827E-08  4.08986191E-09 
      10  2.37500000E+02  1.25000000E+01  5.74937168E-01  4.13429668E-01  9.88366837E-01  2.50000000E-02 -2.49050959E-08  1.01186448E-08 
      11  2.62500000E+02  1.25000000E+01  4.39255120E-02  9.44441328E-01  9.88366840E-01  2.50000000E-02 -1.06772521E-08 -1.86230786E-09 
      12  2.87500000E+02  1.25000000E+01 -4.09949661E-02  1.02936180E+00  9.88366838E-01  2.50000000E-02 -6.19382681E-09 -1.82117573E-09 
      13  3.12500000E+02  1.25000000E+01  4.38687919E-01  5.49678920E-01  9.88366838E-01  2.50000000E-02 -5.12663851E-09  7.60966307E-11 
      14  3.37500000E+02  1.25000000E+01 -7.91228831E-02  1.06748972E+00  9.88366839E-01  2.50000000E-02 -1.93110993E-09 -1.39513312E-09 
      15  3.62500000E+02  1.25000000E+01  2.44044062E-01  7.44322777E-01  9.88366839E-01  2.50000000E-02  2.50049691E-09 -2.28187125E-09 
      16  3.87500000E+02  1.25000000E+01 -6.85643526E-01  1.67401036E+00  9.88366839E-01  2.50000000E-02  5.82451871E-09 -7.81317976E-10 
      17  4.12500000E+02  1.25000000E+01  2.59727577E-02  9.62394081E-01  9.88366838E-01  2.50000000E-02  6.17489450E-09  3.33836227E-10 
      18  4.37500000E+02  1.25000000E+01 -5.16011811E-01  1.50437865E+00  9.88366838E-01  2.50000000E-02  4.04196324E-09  3.50141033E-10 
      19  4.62500000E+02  1.25000000E+01 -9.20531819E-01  1.90889866E+00  9.88366839E-01  2.50000000E-02  4.26443069E-09 -1.80789197E-10 
      20  4.87500000E+02  1.25000000E+01  2.92289694E-01  6.96077144E-01  9.88366838E-01  2.50000000E-02  8.11942557E-09 -1.41423596E-10 
      21  5.12500000E+02  1.25000000E+01 -6.29697380E-01  1.61806422E+00  9.88366837E-01  2.50000000E-02  7.31780684E-09  8.60142245E-11 
      22  5.37500000E+02  1.25000000E+01  1.38086539E-01  8.50280298E-01  9.88366838E-01  2.50000000E-02  6.12522064E-09  4.28417161E-10 
      23  5.62500000E+02  1.25000000E+01 -7.46759496E-01  1.73512633E+00  9.88366838E-01  2.50000000E-02  6.93502958E-09  4.02174649E-10 
      24  5.87500000E+02  1.25000000E+01  7.38600993E-01  2.49765844E-01  9.88366837E-01  2.50000000E-02  1.33511630E-08  1.01012547E-09 
      25  6.12500000E+02  1.25000000E+01 -7.02905248E-01  1.69127209E+00  9.88366837E-01  2.50000000E-02  1.27495262E-08  2.70971896E-10 
      26  6.37500000E+02  1.25000000E+01  8.08237824E-01  1.80129013E-01  9.88366837E-01  2.50000000E-02  1.15639274E-08  7.51012070E-10 
      27  6.62500000E+02  1.25000000E+01  2.71836042E-01  7.16530794E-01  9.88366836E-01  2.50000000E-02  5.14508019E-09 -8.36519811E-10 
      28  6.87500000E+02  1.25000000E+01  1.36223681E-01  8.52143156E-01  9.88366837E-01  2.50000000E-02  4.82263085E-09 -7.02250273E-10 
      29  7.12500000E+02  1.25000000E+01 -3.85249797E-01  1.37361663E+00  9.88366836E-01  2.50000000E-02  4.34193203E-09 -1.30844404E-10 
      30  7.37500000E+02  1.25000000E+01 -2.31877380E-01  1.22024422E+00  9.88366836E-01  2.50000000E-02  3.79485474E-09  6.31665410E-10 
      31  7.62500000E+02  1.25000000E+01  1.13778251E-01  8.74588585E-01  9.88366836E-01  2.50000000E-02  3.48368599E-09  1.84016934E-10 
      32  7.87500000E+02  1.25000000E+01 -2.03716185E-01  1.19208302E+00  9.88366836E-01  2.50000000E-02  2.66556468E-09  8.72321289E-11 
      33  8.12500000E+02  1.25000000E+01 -8.01970376E-01  1.79033721E+00  9.88366836E-01  2.50000000E-02  1.90773862E-09  2.15374204E-10 
      34  8.37500000E+02  1.25000000E+01 -2.45458514E-01  1.23382535E+00  9.88366836E-01  2.50000000E-02  1.56533766E-09  5.84390999E-10 
      35  8.62500000E+02  1.25000000E+01  6.55172082E-01  3.33194754E-01  9.88366836E-01  2.50000000E-02  1.17927310E-09  3.64670080E-10 
      36  8.87500000E+02  1.25000000E+01 -7.59466771E-01  1.74783361E+00  9.88366836E-01  2.50000000E-02  3.47242116E-10 -4.79591661E-12 
      37  9.12500000E+02  1.25000000E+01 -1.48571111E-01  1.13693795E+00  9.88366836E-01  2.50000000E-02  2.13303867E-10  6.43747338E-11 
      38  9.37500000E+02  1.25000000E+01 -9.38289085E-01  1.92665592E+00  9.88366836E-01  2.50000000E-02  1.87154754E-10  7.92235284E-12 
      39  9.62500000E+02  1.25000000E+01  6.10300161E-01  3.78066675E-01  9.88366836E-01  2.50000000E-02  2.30589413E-10  1.22452331E-10 
      40  9.87500000E+02  1.25000000E+01 -2.47851854E-01  1.23621869E+00  9.88366836E-01  2.50000000E-02  1.80001389E-11  2.39845076E-11 
      41  1.25000000E+01  3.75000000E+01 -5.98248598E-03  9.94349320E-01  9.88366834E-01  2.50000000E-02  1.36745594E-10 -3.88101963E-10 
      42  3.75000000E+01  3.75000000E+01 -2.67561176E-01  1.25592801E+00  9.88366834E-01  2.50000000E-02  4.72400962E-10 -5.95783542E-10 
      43  6.25000000E+01  3.75000000E+01 -5.60496726E-01  1.54886356E+00  9.88366834E-01  2.50000000E-02  8.17816547E-10 -6.50729777E-12 
      44  8.75000000E+01  3.75000000E+01  6.36443375E-01  3.51923459E-01  9.88366834E-01  2.50000000E-02  2.18315548E-09  2.50353872E-09 
      45  1.12500000E+02  3.75000000E+01  9.86166516E-01  2.20031876E-03  9.88366834E-01  2.50000000E-02 -4.58823062E-08 -1.55512226E-08 
      46  1.37500000E+02  3.75000000E+01 -5.10431734E-01  1.49879857E+00  9.88366835E-01  2.50000000E-02 -2.03377323E-09  1.06079618E-09 
      47  1.62500000E+02  3.75000000E+01 -4.55747954E-01  1.44411479E+00  9.88366834E-01  2.50000000E-02 -4.36291330E-09  4.04127135E-09 
      48  1.87500000E+02  3.75000000E+01 -9.26617771E-01  1.91498460E+00  9.88366834E-01  2.50000000E-02 -9.48652448E-09  6.31893757E-09 
      49  2.12500000E+02  3.75000000E+01 -6.05654847E-01  1.59402168E+00  9.88366835E-01  2.50000000E-02 -1.26053094E-08  1.26274067E-09 
      50  2.37500000E+02  3.75000000E+01 -4.45395756E-01  1.43376259E+00  9.88366834E-01  2.50000000E-02 -1.56973168E-08  1.80139973E-08 
      51  2.62500000E+02  3.75000000E+01  6.78131645E-01  3.10235195E-01  9.88366840E-01  2.50000000E-02 -2.93183073E-08 -2.01709468E-08 
      52  2.87500000E+02  3.75000000E+01  4.31827320E-01  5.56539518E-01  9.88366838E-01  2.50000000E-02 -2.07655802E-08 -1.18424021E-08 
      53  3.12500000E+02  3.75000000E+01  9.58920598E-01  2.94462394E-02  9.88366838E-01  2.50000000E-02 -1.13806113E-08  6.05380700E-09 
      54  3.37500000E+02  3.75000000E+01 -1.43604037E-01  1.13197088E+00  9.88366839E-01  2.50000000E-02  4.67118202E-09 -5.29701503E-09 
      55  3.62500000E+02  3.75000000E+01 -7.98346345E-01  1.78671318E+00  9.88366839E-01  2.50000000E-02  6.60635009E-09 -6.08818681E-09 
      56  3.87500000E+02  3.75000000E+01 -7.61416868E-01  1.74978371E+00  9.88366839E-01  2.50000000E-02  7.61890902E-09 -1.92569860E-09 
      57  4.12500000E+02  3.75000000E+01 -7.32299337E-01  1.72066618E+00  9.88366839E-01  2.50000000E-02  7.91687887E-09  2.81854043E-09 
      58  4.37500000E+02  3.75000000E+01  4.06542981E-03  9.84301409E-01  9.88366839E-01  2.50000000E-02  7.94066836E-09  3.82404285E-09 
      59  4.62500000E+02  3.75000000E+01  5.23048454E-01  4.65318385E-01  9.88366839E-01  2.50000000E-02  7.18559906E-09 -1.01733115E-09 
      60  4.87500000E+02  3.75000000E+01  8.70015014E-01  1.18351824E-01  9.88366838E-01  2.50000000E-02  1.34493029E-08 -5.67812943E-10 
      61  5.12500000E+02  3.75000000E+01  6.95774785E-02  9.18789359E-01  9.88366837E-01  2.50000000E-02  2.60837052E-09 -1.34900488E-11 
      62  5.37500000E+02  3.75000000E+01 -2.62874281E-01  1.25124112E+00  9.88366838E-01  2.50000000E-02  2.31549448E-09  9.76737500E-10 
      63  5.62500000E+02  3.75000000E+01  2.57640648E-02  9.62602773E-01  9.88366838E-01  2.50000000E-02  3.58472087E-09  1.51207931E-09 
      64  5.87500000E+02  3.75000000E+01  5.75245284E-01  4.13121553E-01  9.88366837E-01  2.50000000E-02  6.48594644E-09  3.04740895E-09 
      65  6.12500000E+02  3.75000000E+01 -6.05455565E-01  1.59382240E+00  9.88366837E-01  2.50000000E-02  3.24270614E-09 -1.82429445E-10 
      66  6.37500000E+02  3.75000000E+01 -6.78783371E-01  1.66715021E+00  9.88366837E-01  2.50000000E-02  2.99669118E-09  1.83438750E-10 
      67  6.62500000E+02  3.75000000E+01 -9.13459003E-01  1.90182584E+00  9.88366837E-01  2.50000000E-02  2.84527238E-09 -1.38227836E-09 
      68  6.87500000E+02  3.75000000E+01 -6.50455217E-01  1.63882205E+00  9.88366837E-01  2.50000000E-02  3.00448192E-09 -1.37371836E-09 
      69  7.12500000E+02  3.75000000E+01  2.69543656E-01  7.18823181E-01  9.88366836E-01  2.50000000E-02  3.98416788E-09 -2.47851818E-10 
      70  7.37500000E+02  3.75000000E+01 -3.48170109E-01  1.33653695E+00  9.88366836E-01  2.50000000E-02  2.56672753E-09  1.18867733E-09 
      71  7.62500000E+02  3.75000000E+01 -8.77683744E-01  1.86605058E+00  9.88366836E-01  2.50000000E-02  1.96004951E-09  1.79528864E-10 
      72  7.87500000E+02  3.75000000E+01 -6.64986548E-01  1.65335338E+00  9.88366836E-01  2.50000000E-02  1.73759705E-09  3.03826683E-10 
      73  8.12500000E+02  3.75000000E+01 -8.83911452E-01  1.87227829E+00  9.88366836E-01  2.50000000E-02  1.56039785E-09  7.05438692E-10 
      74  8.37500000E+02  3.75000000E+01 -4.05378689E-01  1.39374553E+00  9.88366836E-01  2.50000000E-02  1.27843398E-09  1.33265664E-09 
      75  8.62500000E+02  3.75000000E+01 -9.46473242E-01  1.93484008E+00  9.88366836E-01  2.50000000E-02  8.70987048E-10  6.27342791E-10 
      76  8.87500000E+02  3.75000000E+01 -4.51688796E-02  1.03353572E+00  9.88366836E-01  2.50000000E-02  5.37638687E-10  7.25509217E-11 
      77  9.12500000E+02  3.75000000E+01  1.61625845E-01  8.26740991E-01  9.88366836E-01  2.50000000E-02  5.14769435E-10  4.06373238E-10 
      78  9.37500000E+02  3.75000000E+01  8.80252354E-01  1.08114482E-01  9.88366836E-01  2.50000000E-02  6.06013438E-10  8.46661651E-10 
      79  9.62500000E+02  3.75000000E+01 -4.78569655E-01  1.46693649E+00  9.88366836E-01  2.50000000E-02 -1.15049747E-11  2.99977674E-10 
      80  9.87500000E+02  3.75000000E+01 -4.41479578E-01  1.42984641E+00  9.88366836E-01  2.50000000E-02 -1.02417575E-11  5.57644521E-11 
      81  1.25000000E+01  6.25000000E+01 -2.22133777E-01  1.21050061E+00  9.88366834E-01  2.50000000E-02 -1.13020734E-10 -3.29156303E-10 
      82  3.75000000E+01  6.25000000E+01 -9.22805164E-01  1.91117200E+00  9.88366834E-01  2.50000000E-02 -2.95375766E-10 -7.39003456E-10 
      83  6.25000000E+01  6.25000000E+01  8.67690341E-01  1.20676494E-01  9.88366834E-01  2.50000000E-02 -3.57014844E-09  8.62900078E-10 
      84  8.75000000E+01  6.25000000E+01  5.96017279E-01  3.92349556E-01  9.88366834E-01  2.50000000E-02 -6.36698820E-09  5.23917112E-09 
      85  1.12500000E+02  6.25000000E+01  6.44978475E-01  3.43388360E-01  9.88366834E-01  2.50000000E-02 -6.69869723E-09 -9.59191780E-11 
      86  1.37500000E+02  6.25000000E+01  1.31753819E-01  8.56613016E-01  9.88366835E-01  2.50000000E-02 -3.56219742E-09  2.14140340E-09 
      87  1.62500000E+02  6.25000000E+01 -4.55407585E-01  1.44377442E+00  9.88366835E-01  2.50000000E-02 -3.23020855E-09  6.86490403E-09 
      88  1.87500000E+02  6.25000000E+01 -5.64947174E-01  1.55331401E+00  9.88366834E-01  2.50000000E-02 -4.17137703E-09  8.45539878E-09 
      89  2.12500000E+02  6.25000000E+01  3.81153889E-01  6.07212946E-01  9.88366835E-01  2.50000000E-02 -8.36579815E-09  2.46102795E-10 
      90  2.37500000E+02  6.25000000E+01  8.45212841E-01  1.43153995E-01  9.88366836E-01  2.50000000E-02 -2.33724202E-08  7.06634802E-09 
      91  2.62500000E+02  6.25000000E+01 -2.37008896E-01  1.22537573E+00  9.88366839E-01  2.50000000E-02 -1.92443697E-09 -4.06238972E-08 
      92  2.87500000E+02  6.25000000E+01 -1.01501098E-01  1.08986794E+00  9.88366840E-01  2.50000000E-02  2.50872646E-09 -1.59338397E-08 
      93  3.12500000E+02  6.25000000E+01 -3.41664032E-01  1.33003087E+00  9.88366838E-01  2.50000000E-02  2.83142345E-09  4.34956581E-09 
      94  3.37500000E+02  6.25000000E+01 -5.72670355E-01  1.56103719E+00  9.88366839E-01  2.50000000E-02  1.89986399E-09 -8.50943957E-09 
      95  3.62500000E+02  6.25000000E+01 -7.40812302E-01  1.72917914E+00  9.88366839E-01  2.50000000E-02  3.82453931E-09 -7.42277859E-09 
      96  3.87500000E+02  6.25000000E+01  1.39403546E-01  8.48963293E-01  9.88366839E-01  2.50000000E-02  7.38719052E-09 -4.22222132E-09 
      97  4.12500000E+02  6.25000000E+01 -3.42636639E-01  1.33100348E+00  9.88366838E-01  2.50000000E-02  8.92106152E-09  4.05693419E-09 
      98  4.37500000E+02  6.25000000E+01 -8.09230132E-01  1.79759697E+00  9.88366838E-01  2.50000000E-02  8.99701491E-09  8.81514883E-09 
      99  4.62500000E+02  6.25000000E+01  8.36185138E-01  1.52181701E-01  9.88366839E-01  2.50000000E-02  8.39181893E-09  1.93441977E-09 
     100  4.87500000E+02  6.25000000E+01 -7.66004509E-01  1.75437135E+00  9.88366838E-01  2.50000000E-02  1.92916412E-09 -2.17022634E-09 
     101  5.12500000E+02  6.25000000E+01 -8.56193929E-01  1.84456077E+00  9.88366838E-01  2.50000000E-02  1.84837052E-09  8.91529866E-10 
     102  5.37500000E+02  6.25000000E+01  7.96759260E-01  1.91607578E-01  9.88366837E-01  2.50000000E-02  5.35203106E-09  2.92975490E-09 
     103  5.62500000E+02  6.25000000E+01  9.10743014E-01  7.76238237E-02  9.88366837E-01  2.50000000E-02  8.03421957E-09  7.25895441E-09 
     104  5.87500000E+02  6.25000000E+01  4.33256348E-01  5.55110488E-01  9.88366837E-01  2.50000000E-02  1.01857901E-09  3.31233533E-09 
     105  6.12500000E+02  6.25000000E+01 -2.25020687E-01  1.21338752E+00  9.88366837E-01  2.50000000E-02  1.27728625E-09 -1.57769600E-09 
     106  6.37500000E+02  6.25000000E+01  4.75225974E-01  5.13140863E-01  9.88366837E-01  2.50000000E-02  2.11611249E-09 -2.04045402E-10 
     107  6.62500000E+02  6.25000000E+01  4.58719477E-01  5.29647360E-01  9.88366837E-01  2.50000000E-02  2.29399229E-09  5.03945218E-11 
     108  6.87500000E+02  6.25000000E+01  9.60961101E-01  2.74057355E-02  9.88366837E-01  2.50000000E-02  5.28576346E-09  6.44859982E-09 
     109  7.12500000E+02  6.25000000E+01 -4.20474387E-01  1.40884122E+00  9.88366836E-01  2.50000000E-02  4.26502574E-10 -3.01404333E-10 
     110  7.37500000E+02  6.25000000E+01 -3.14378457E-01  1.30274529E+00  9.88366836E-01  2.50000000E-02  2.90305460E-10  1.27537356E-09 
     111  7.62500000E+02  6.25000000E+01 -1.11089879E-01  1.09945672E+00  9.88366836E-01  2.50000000E-02  1.95883562E-10 -7.31088538E-12 
     112  7.87500000E+02  6.25000000E+01 -7.61144773E-01  1.74951161E+00  9.88366836E-01  2.50000000E-02  1.79386448E-10  4.32687980E-10 
     113  8.12500000E+02  6.25000000E+01 -3.67239481E-02  1.02509078E+00  9.88366836E-01  2.50000000E-02 -9.22141572E-11  1.73770332E-09 
     114  8.37500000E+02  6.25000000E+01 -9.98738683E-01  1.98710552E+00  9.88366836E-01  2.50000000E-02 -2.58163807E-10  1.71217844E-09 
     115  8.62500000E+02  6.25000000E+01 -8.80356106E-01  1.86872294E+00  9.88366836E-01  2.50000000E-02 -2.01074304E-10  7.28383364E-10 
     116  8.87500000E+02  6.25000000E+01 -6.14383111E-01  1.60274995E+00  9.88366836E-01  2.50000000E-02 -1.27617130E-10  5.91288472E-11 
     117  9.12500000E+02  6.25000000E+01  3.58235454E-01  6.30131382E-01  9.88366836E-01  2.50000000E-02 -9.35065662E-11  7.64449326E-10 
     118  9.37500000E+02  6.25000000E+01  6.03469246E-01  3.84897590E-01  9.88366836E-01  2.50000000E-02 -2.48678406E-10  6.74570887E-10 
     119  9.62500000E+02  6.25000000E+01  4.41048308E-01  5.47318528E-01  9.88366836E-01  2.50000000E-02 -3.63547591E-10  3.14015783E-10 
     120  9.87500000E+02  6.25000000E+01  9.11711479E-01  7.66553570E-02  9.88366836E-01  2.50000000E-02 -3.55988477E-11  5.95722919E-10 
     121  1.25000000E+01  8.75000000E+01  1.08678609E-01  8.79688226E-01  9.88366835E-01  2.50000000E-02 -7.07066640E-10  4.99199669E-10 
     122  3.75000000E+01  8.75000000E+01 -2.28846589E-01  1.21721342E+00  9.88366835E-01  2.50000000E-02 -1.92174756E-09 -1.46956442E-10 
     123  6.25000000E+01  8.75000000E+01 -3.58835185E-01  1.34720202E+00  9.88366835E-01  2.50000000E-02 -2.60174516E-09  3.59037572E-09 
     124  8.75000000E+01  8.75000000E+01 -2.64391871E-01  1.25275871E+00  9.88366834E-01  2.50000000E-02 -4.15708900E-09  8.12187584E-09 
     125  1.12500000E+02  8.75000000E+01 -7.25763198E-02  1.06094315E+00  9.88366835E-01  2.50000000E-02 -6.13067569E-09  6.81391711E-10 
     126  1.37500000E+02  8.75000000E+01 -1.54400161E-01  1.14276700E+00  9.88366835E-01  2.50000000E-02 -5.65938479E-09  2.18637644E-09 
     127  1.62500000E+02  8.75000000E+01 -5.69328360E-02  1.04529967E+00  9.88366834E-01  2.50000000E-02 -6.26208610E-09  1.10023651E-08 
     128  1.87500000E+02  8.75000000E+01  9.24570212E-02  8.95909813E-01  9.88366834E-01  2.50000000E-02 -9.58619105E-09  1.41067038E-08 
     129  2.12500000E+02  8.75000000E+01 -4.43656183E-01  1.43202302E+00  9.88366835E-01  2.50000000E-02 -9.24586595E-09  8.36949181E-10 
     130  2.37500000E+02  8.75000000E+01 -5.57667035E-01  1.54603387E+00  9.88366835E-01  2.50000000E-02 -9.51777620E-09 -2.58802893E-09 
     131  2.62500000E+02  8.75000000E+01  8.18492517E-01  1.69874324E-01  9.88366840E-01  2.50000000E-02 -2.00570090E-08 -8.45883888E-08 
     132  2.87500000E+02  8.75000000E+01 -5.73086483E-01  1.56145332E+00  9.88366839E-01  2.50000000E-02  4.60302007E-09 -1.69534658E-08 
     133  3.12500000E+02  8.75000000E+01 -8.05166683E-01  1.79353352E+00  9.88366839E-01  2.50000000E-02  4.01969714E-09  6.92667254E-09 
     134  3.37500000E+02  8.75000000E+01 -3.46934284E-01  1.33530112E+00  9.88366839E-01  2.50000000E-02  3.19722539E-09 -9.45505680E-09 
     135  3.62500000E+02  8.75000000E+01 -3.61523406E-01  1.34989025E+00  9.88366839E-01  2.50000000E-02  3.91804244E-09 -9.25465832E-09 
     136  3.87500000E+02  8.75000000E+01 -3.84854875E-01  1.37322171E+00  9.88366839E-01  2.50000000E-02  5.34109245E-09 -4.26482570E-09 
     137  4.12500000E+02  8.75000000E+01  6.99363783E-01  2.89003055E-01  9.88366838E-01  2.50000000E-02  1.72120510E-08  1.10421064E-09 
     138  4.37500000E+02  8.75000000E+01 -8.75640272E-01  1.86400711E+00  9.88366838E-01  2.50000000E-02  2.10051298E-08  9.95607640E-09 
     139  4.62500000E+02  8.75000000E+01  6.10751907E-01  3.77614931E-01  9.88366838E-01  2.50000000E-02  2.29920332E-08 -1.66277533E-09 
     140  4.87500000E+02  8.75000000E+01  3.56843358E-01  6.31523479E-01  9.88366837E-01  2.50000000E-02  1.98977583E-08 -4.48690013E-09 
     141  5.12500000E+02  8.75000000E+01  1.64731033E-01  8.23635805E-01  9.88366837E-01  2.50000000E-02  1.63184013E-08  2.36790387E-09 
     142  5.37500000E+02  8.75000000E+01 -7.42538812E-01  1.73090565E+00  9.88366836E-01  2.50000000E-02  1.11719182E-08 -2.48141587E-09 
     143  5.62500000E+02  8.75000000E+01 -9.48118006E-01  1.93648484E+00  9.88366837E-01  2.50000000E-02  9.79575112E-09  4.42511408E-09 
     144  5.87500000E+02  8.75000000E+01 -3.36867799E-01  1.32523464E+00  9.88366837E-01  2.50000000E-02  8.84199287E-09  3.47295710E-09 
     145  6.12500000E+02  8.75000000E+01 -8.26321860E-01  1.81468870E+00  9.88366837E-01  2.50000000E-02  8.94518913E-09 -3.63483504E-10 
     146  6.37500000E+02  8.75000000E+01  4.72054294E-01  5.16312542E-01  9.88366837E-01  2.50000000E-02  1.37085837E-08 -8.23470483E-10 
     147  6.62500000E+02  8.75000000E+01  3.81361642E-01  6.07005195E-01  9.88366836E-01  2.50000000E-02  1.35131134E-08  4.82415700E-10 
     148  6.87500000E+02  8.75000000E+01  2.08037102E-01  7.80329734E-01  9.88366836E-01  2.50000000E-02  1.25724198E-08  6.54302927E-09 
     149  7.12500000E+02  8.75000000E+01  7.21356006E-01  2.67010831E-01  9.88366837E-01  2.50000000E-02  1.06517368E-08 -1.00343893E-09 
     150  7.37500000E+02  8.75000000E+01 -6.36567943E-01  1.62493478E+00  9.88366836E-01  2.50000000E-02  7.22962261E-09  1.43363565E-09 
     151  7.62500000E+02  8.75000000E+01  2.81442429E-01  7.06924407E-01  9.88366836E-01  2.50000000E-02  6.36984706E-09 -3.62195498E-11 
     152  7.87500000E+02  8.75000000E+01 -8.69344436E-01  1.85771127E+00  9.88366836E-01  2.50000000E-02  5.93659446E-09  6.47706063E-10 
     153  8.12500000E+02  8.75000000E+01  2.54507633E-01  7.33859203E-01  9.88366836E-01  2.50000000E-02  4.94023670E-09  3.05834571E-09 
     154  8.37500000E+02  8.75000000E+01 -1.03986893E-01  1.09235373E+00  9.88366836E-01  2.50000000E-02  3.67067922E-09  2.26972050E-09 
     155  8.62500000E+02  8.75000000E+01  1.39175414E-01  8.49191422E-01  9.88366836E-01  2.50000000E-02  2.84430756E-09  1.41832921E-09 
     156  8.87500000E+02  8.75000000E+01 -8.52254150E-01  1.84062099E+00  9.88366836E-01  2.50000000E-02  2.27469911E-09  6.51367527E-11 
     157  9.12500000E+02  8.75000000E+01  9.24882240E-02  8.95878612E-01  9.88366836E-01  2.50000000E-02  1.96588448E-09  1.19357710E-09 
     158  9.37500000E+02  8.75000000E+01  2.11924596E-01  7.76442241E-01  9.88366836E-01  2.50000000E-02  1.89948672E-09  1.39949858E-09 
     159  9.62500000E+02  8.75000000E+01  7.91661204E-01  1.96705632E-01  9.88366836E-01  2.50000000E-02  1.70814593E-09  6.38503016E-10 
     160  9.87500000E+02  8.75000000E+01 -7.84772235E-01  1.77313907E+00  9.88366836E-01  2.50000000E-02  4.79381453E-11  1.86939522E-10 
     161  1.25000000E+01  1.12500000E+02 -1.38517810E-01  1.12688464E+00  9.88366834E-01  2.50000000E-02 -5.66306469E-11  1.65824012E-09 
     162  3.75000000E+01  1.12500000E+02 -5.15752501E-01  1.50411934E+00  9.88366834E-01  2.50000000E-02 -2.20095240E-10  6.40026400E-10 
     163  6.25000000E+01  1.12500000E+02  6.79722152E-01  3.08644683E-01  9.88366835E-01  2.50000000E-02 -1.13630053E-09  4.04690932E-09 
     164  8.75000000E+01  1.12500000E+02  3.93778443E-01  5.94588391E-01  9.88366834E-01  2.50000000E-02 -2.31401811E-09  9.59413027E-09 
     165  1.12500000E+02  1.12500000E+02 -7.51376039E-01  1.73974287E+00  9.88366834E-01  2.50000000E-02 -2.72312341E-09  5.31565955E-10 
     166  1.37500000E+02  1.12500000E+02  9.94759526E-01  1.77630838E-07  9.94759703E-01  2.50000000E-02  2.49094957E-11  3.02610376E-11 
     167  1.62500000E+02  1.12500000E+02 -5.96844762E-03  9.94335283E-01  9.88366835E-01  2.50000000E-02 -1.33391484E-08  1.73422325E-08 
     168  1.87500000E+02  1.12500000E+02  2.73210245E-01  7.15156590E-01  9.88366834E-01  2.50000000E-02 -1.67707123E-08  2.13129085E-08 
     169  2.12500000E+02  1.12500000E+02 -7.97240036E-01  1.78560687E+00  9.88366836E-01  2.50000000E-02 -1.62959207E-08  4.29321939E-09 
     170  2.37500000E+02  1.12500000E+02 -5.90233836E-01  1.57860067E+00  9.88366834E-01  2.50000000E-02 -1.92503043E-08 -4.22359992E-09 
     171  2.62500000E+02  1.12500000E+02  4.42065805E-01  5.46301039E-01  9.88366845E-01  2.50000000E-02 -1.50858173E-08 -8.37324971E-08 
     172  2.87500000E+02  1.12500000E+02 -3.93244859E-01  1.38161170E+00  9.88366839E-01  2.50000000E-02  1.05716754E-08 -1.88601108E-08 
     173  3.12500000E+02  1.12500000E+02  3.09424066E-01  6.78942772E-01  9.88366838E-01  2.50000000E-02  7.12375447E-09  1.81266186E-08 
     174  3.37500000E+02  1.12500000E+02 -9.66486511E-01  1.95485335E+00  9.88366839E-01  2.50000000E-02  1.14922696E-09 -1.16597202E-08 
     175  3.62500000E+02  1.12500000E+02 -3.44924414E-01  1.33329125E+00  9.88366839E-01  2.50000000E-02  9.60670856E-10 -1.10805685E-08 
     176  3.87500000E+02  1.12500000E+02  3.36817882E-02  9.54685051E-01  9.88366839E-01  2.50000000E-02  2.14716049E-09 -4.14566833E-09 
     177  4.12500000E+02  1.12500000E+02  5.63483232E-01  4.24883607E-01  9.88366839E-01  2.50000000E-02  3.29503944E-09 -1.01279968E-09 
     178  4.37500000E+02  1.12500000E+02 -4.61520794E-01  1.44988763E+00  9.88366838E-01  2.50000000E-02  9.82940137E-10  1.06326513E-08 
     179  4.62500000E+02  1.12500000E+02 -8.93975861E-02  1.07776442E+00  9.88366839E-01  2.50000000E-02  1.20988898E-09 -2.14421944E-09 
     180  4.87500000E+02  1.12500000E+02  5.86560371E-01  4.01806468E-01  9.88366838E-01  2.50000000E-02  5.65745922E-09 -8.18405995E-09 
     181  5.12500000E+02  1.12500000E+02  8.29051939E-01  1.59314899E-01  9.88366837E-01  2.50000000E-02  8.88158240E-09  4.06356768E-09 
     182  5.37500000E+02  1.12500000E+02 -2.66416548E-01  1.25478338E+00  9.88366837E-01  2.50000000E-02  6.36571351E-10 -2.74665801E-09 
     183  5.62500000E+02  1.12500000E+02 -5.82060613E-02  1.04657290E+00  9.88366837E-01  2.50000000E-02  1.44585312E-09  4.59752556E-09 
     184  5.87500000E+02  1.12500000E+02 -2.17671230E-01  1.20603807E+00  9.88366837E-01  2.50000000E-02  2.68077674E-09  3.75941536E-09 
     185  6.12500000E+02  1.12500000E+02 -1.44100279E-01  1.13246712E+00  9.88366837E-01  2.50000000E-02  3.27338527E-09  1.46673886E-09 
     186  6.37500000E+02  1.12500000E+02  1.79934253E-01  8.08432584E-01  9.88366837E-01  2.50000000E-02  4.45030881E-09 -1.32462755E-09 
     187  6.62500000E+02  1.12500000E+02  3.46347084E-01  6.42019753E-01  9.88366837E-01  2.50000000E-02  4.29528223E-09  4.95892835E-10 
     188  6.87500000E+02  1.12500000E+02  1.33810219E-02  9.74985815E-01  9.88366837E-01  2.50000000E-02  3.10506615E-09  6.67924967E-09 
     189  7.12500000E+02  1.12500000E+02  4.88346163E-01  5.00020673E-01  9.88366837E-01  2.50000000E-02  1.96925806E-09  1.04170084E-09 
     190  7.37500000E+02  1.12500000E+02  9.85545454E-01  2.82138269E-03  9.88366836E-01  2.50000000E-02  1.77342757E-08  1.85425639E-09 
     191  7.62500000E+02  1.12500000E+02  8.44931991E-01  1.43434845E-01  9.88366836E-01  2.50000000E-02  9.98724846E-10  4.61349535E-10 
     192  7.87500000E+02  1.12500000E+02 -2.61429806E-01  1.24979664E+00  9.88366836E-01  2.50000000E-02  4.24283721E-10  7.84822363E-10 
     193  8.12500000E+02  1.12500000E+02 -4.19086636E-01  1.40745347E+00  9.88366836E-01  2.50000000E-02  3.01767545E-12  3.61198406E-09 
     194  8.37500000E+02  1.12500000E+02 -6.24126360E-01  1.61249320E+00  9.88366836E-01  2.50000000E-02 -2.09580693E-10  2.53064930E-09 
     195  8.62500000E+02  1.12500000E+02 -1.03208890E-01  1.09157573E+00  9.88366836E-01  2.50000000E-02 -3.17944005E-11  1.51297488E-09 
     196  8.87500000E+02  1.12500000E+02  8.56216663E-01  1.32150173E-01  9.88366836E-01  2.50000000E-02 -4.35698076E-10  2.95484318E-09 
     197  9.12500000E+02  1.12500000E+02  5.22711667E-01  4.65655170E-01  9.88366836E-01  2.50000000E-02 -5.05488273E-11  1.80427454E-09 
     198  9.37500000E+02  1.12500000E+02 -9.57883280E-01  1.94625012E+00  9.88366836E-01  2.50000000E-02 -9.50013328E-11  1.04382337E-09 
     199  9.62500000E+02  1.12500000E+02 -8.96224899E-01  1.88459174E+00  9.88366836E-01  2.50000000E-02 -1.26071489E-10  1.72373607E-10 
     200  9.87500000E+02  1.12500000E+02 -8.69716605E-01  1.85808344E+00  9.88366836E-01  2.50000000E-02 -6.89620925E-11  1.54572158E-10 
     201  1.25000000E+01  1.37500000E+02  7.23899730E-01  2.64467104E-01  9.88366834E-01  2.50000000E-02  4.13422006E-10  3.99072793E-09 
     202  3.75000000E+01  1.37500000E+02  8.12980265E-01  1.75386569E-01  9.88366834E-01  2.50000000E-02  1.72100974E-09  3.43037308E-09 
     203  6.25000000E+01  1.37500000E+02 -3.66884301E-01  1.35525113E+00  9.88366834E-01  2.50000000E-02  1.73289531E-09 -1.96222199E-11 
     204  8.75000000E+01  1.37500000E+02 -5.83269168E-01  1.57163600E+00  9.88366833E-01  2.50000000E-02  8.77274334E-10  7.79515440E-09 
     205  1.12500000E+02  1.37500000E+02  7.75219159E-01  2.13147676E-01  9.88366835E-01  2.50000000E-02 -1.47716951E-08 -1.79462606E-09 
     206  1.37500000E+02  1.37500000E+02 -4.95104883E-01  1.48347172E+00  9.88366835E-01  2.50000000E-02 -1.72625862E-08  1.34594044E-08 
     207  1.62500000E+02  1.37500000E+02 -3.69251004E-01  1.35761784E+00  9.88366836E-01  2.50000000E-02 -1.61141374E-08  2.83217931E-08 
     208  1.87500000E+02  1.37500000E+02 -8.84234157E-01  1.87260099E+00  9.88366836E-01  2.50000000E-02 -1.40558089E-08  3.30587010E-08 
     209  2.12500000E+02  1.37500000E+02 -6.39689322E-01  1.62805616E+00  9.88366835E-01  2.50000000E-02 -1.33301336E-08  6.91496120E-09 
     210  2.37500000E+02  1.37500000E+02  3.91397575E-02  9.49227078E-01  9.88366835E-01  2.50000000E-02 -1.38669769E-08 -6.39715779E-09 
     211  2.62500000E+02  1.37500000E+02 -8.48776607E-01  1.83714345E+00  9.88366846E-01  2.50000000E-02  2.07126639E-08 -7.03737007E-08 
     212  2.87500000E+02  1.37500000E+02 -9.42180406E-01  1.93054725E+00  9.88366841E-01  2.50000000E-02  3.53848073E-08 -1.46251177E-08 
     213  3.12500000E+02  1.37500000E+02 -3.69058054E-01  1.35742489E+00  9.88366840E-01  2.50000000E-02  3.74170938E-08  3.52104084E-08 
     214  3.37500000E+02  1.37500000E+02  3.15102034E-01  6.73264807E-01  9.88366840E-01  2.50000000E-02  3.42542368E-08 -1.54548302E-08 
     215  3.62500000E+02  1.37500000E+02 -1.07956865E-01  1.09632371E+00  9.88366840E-01  2.50000000E-02  3.11636832E-08 -1.02039063E-08 
     216  3.87500000E+02  1.37500000E+02  7.69074484E-01  2.19292358E-01  9.88366842E-01  2.50000000E-02  2.21460507E-08 -1.07985367E-09 
     217  4.12500000E+02  1.37500000E+02  9.99470287E-01  1.75365387E-07  9.99470463E-01  2.50000000E-02  1.68700777E-11 -3.43653668E-11 
     218  4.37500000E+02  1.37500000E+02 -7.43699164E-01  1.73206600E+00  9.88366838E-01  2.50000000E-02  8.20129337E-09  1.12559257E-08 
     219  4.62500000E+02  1.37500000E+02 -4.07240404E-01  1.39560724E+00  9.88366839E-01  2.50000000E-02  9.18909669E-09 -2.09187540E-09 
     220  4.87500000E+02  1.37500000E+02  1.67925225E-01  8.20441613E-01  9.88366838E-01  2.50000000E-02  1.27994055E-08 -6.25872909E-09 
     221  5.12500000E+02  1.37500000E+02  6.80805707E-01  3.07561131E-01  9.88366837E-01  2.50000000E-02  1.90925903E-08  5.18891478E-09 
     222  5.37500000E+02  1.37500000E+02  2.17428979E-02  9.66623939E-01  9.88366837E-01  2.50000000E-02  1.63570867E-08 -2.09327991E-09 
     223  5.62500000E+02  1.37500000E+02  6.58877397E-01  3.29489440E-01  9.88366837E-01  2.50000000E-02  1.23095519E-08  7.04129806E-09 
     224  5.87500000E+02  1.37500000E+02 -3.39958281E-02  1.02236267E+00  9.88366837E-01  2.50000000E-02  9.49807961E-09  4.94471920E-09 
     225  6.12500000E+02  1.37500000E+02  4.87976919E-01  5.00389918E-01  9.88366837E-01  2.50000000E-02  8.93194561E-09  4.32834880E-09 
     226  6.37500000E+02  1.37500000E+02  8.01521395E-01  1.86845442E-01  9.88366837E-01  2.50000000E-02  9.67439894E-09 -5.74084161E-12 
     227  6.62500000E+02  1.37500000E+02 -8.98507145E-01  1.88687398E+00  9.88366836E-01  2.50000000E-02  2.67015961E-09  1.77212115E-10 
     228  6.87500000E+02  1.37500000E+02  7.01774916E-03  9.81349087E-01  9.88366837E-01  2.50000000E-02  2.40010807E-09  6.97096650E-09 
     229  7.12500000E+02  1.37500000E+02  3.74468801E-01  6.13898036E-01  9.88366837E-01  2.50000000E-02  3.81371143E-09  1.75709205E-09 
     230  7.37500000E+02  1.37500000E+02  5.87595617E-01  4.00771220E-01  9.88366836E-01  2.50000000E-02  5.15126310E-09  1.04760855E-09 
     231  7.62500000E+02  1.37500000E+02  3.25762240E-01  6.62604596E-01  9.88366836E-01  2.50000000E-02  4.05241056E-09 -7.92457368E-10 
     232  7.87500000E+02  1.37500000E+02 -6.78944753E-01  1.66731159E+00  9.88366836E-01  2.50000000E-02  3.26910785E-09  3.16259554E-10 
     233  8.12500000E+02  1.37500000E+02 -5.91976095E-02  1.04756445E+00  9.88366836E-01  2.50000000E-02  3.20997292E-09  4.13413998E-09 
     234  8.37500000E+02  1.37500000E+02  1.04583311E-01  8.83783526E-01  9.88366836E-01  2.50000000E-02  3.47799506E-09  2.58122053E-09 
     235  8.62500000E+02  1.37500000E+02 -9.53455028E-01  1.94182186E+00  9.88366836E-01  2.50000000E-02  3.37230727E-09  1.20157328E-09 
     236  8.87500000E+02  1.37500000E+02  2.42194233E-01  7.46172604E-01  9.88366836E-01  2.50000000E-02  2.57316043E-09  3.16834197E-09 
     237  9.12500000E+02  1.37500000E+02  5.61472783E-01  4.26894054E-01  9.88366836E-01  2.50000000E-02  9.37715669E-10  1.95088773E-09 
     238  9.37500000E+02  1.37500000E+02 -8.09283821E-01  1.79765066E+00  9.88366836E-01  2.50000000E-02  3.63085140E-10  8.81906873E-10 
     239  9.62500000E+02  1.37500000E+02 -8.07533917E-01  1.79590075E+00  9.88366836E-01  2.50000000E-02  2.76545538E-10  3.03820515E-10 
     240  9.87500000E+02  1.37500000E+02  3.82521626E-02  9.50114674E-01  9.88366836E-01  2.50000000E-02  8.24371908E-11  1.95490042E-10 
     241  1.25000000E+01  1.62500000E+02  8.35147174E-02  9.04852116E-01  9.88366834E-01  2.50000000E-02 -5.99552698E-10  2.39834877E-09 
     242  3.75000000E+01  1.62500000E+02 -4.14718301E-01  1.40308514E+00  9.88366834E-01  2.50000000E-02 -1.47121200E-09  2.27256986E-09 
     243  6.25000000E+01  1.62500000E+02 -9.45091518E-01  1.93345835E+00  9.88366834E-01  2.50000000E-02 -1.63738433E-09 -4.15758522E-10 
     244  8.75000000E+01  1.62500000E+02 -9.93943173E-01  1.98231001E+00  9.88366834E-01  2.50000000E-02 -1.65586656E-09  7.68146822E-09 
     245  1.12500000E+02  1.62500000E+02  9.48005754E-01  4.03610801E-02  9.88366834E-01  2.50000000E-02  1.17852445E-09  6.63600472E-09 
     246  1.37500000E+02  1.62500000E+02 -5.04923905E-01  1.49329074E+00  9.88366835E-01  2.50000000E-02  1.86774703E-08  1.21708220E-08 
     247  1.62500000E+02  1.62500000E+02  7.85674229E-01  2.02692602E-01  9.88366831E-01  2.50000000E-02 -1.09010757E-08  1.23489692E-07 
     248  1.87500000E+02  1.62500000E+02  6.65479012E-01  3.22887821E-01  9.88366833E-01  2.50000000E-02 -5.43027714E-08  6.96575290E-08 
     249  2.12500000E+02  1.62500000E+02  7.59975092E-01  2.28391743E-01  9.88366835E-01  2.50000000E-02 -6.26007172E-08  8.01238483E-09 
     250  2.37500000E+02  1.62500000E+02 -4.00673773E-01  1.38904061E+00  9.88366839E-01  2.50000000E-02 -2.99835677E-08  7.00172104E-09 
     251  2.62500000E+02  1.62500000E+02 -7.55400846E-01  1.74376769E+00  9.88366842E-01  2.50000000E-02 -1.71048104E-08 -7.58768831E-08 
     252  2.87500000E+02  1.62500000E+02 -5.99398565E-01  1.58776540E+00  9.88366838E-01  2.50000000E-02 -9.26061264E-09 -1.40805892E-08 
     253  3.12500000E+02  1.62500000E+02 -1.85486079E-02  1.00691545E+00  9.88366838E-01  2.50000000E-02 -1.25644801E-08  4.36175580E-08 
     254  3.37500000E+02  1.62500000E+02 -9.00384404E-01  1.88875124E+00  9.88366840E-01  2.50000000E-02 -1.17851037E-08 -1.53118221E-08 
     255  3.62500000E+02  1.62500000E+02  7.23953227E-01  2.64413610E-01  9.88366837E-01  2.50000000E-02  3.01312009E-09  1.27896451E-08 
     256  3.87500000E+02  1.62500000E+02 -4.26425104E-01  1.41479194E+00  9.88366838E-01  2.50000000E-02  7.32399744E-09 -4.84870767E-09 
     257  4.12500000E+02  1.62500000E+02 -4.08711126E-01  1.39707796E+00  9.88366838E-01  2.50000000E-02  7.35461256E-09  5.97855667E-08 
     258  4.37500000E+02  1.62500000E+02  6.49783679E-01  3.38583159E-01  9.88366838E-01  2.50000000E-02  4.20403048E-09  1.61383678E-08 
     259  4.62500000E+02  1.62500000E+02  9.96707638E-01  1.74327379E-07  9.96707813E-01  2.50000000E-02  3.74528430E-11 -5.59467654E-12 
     260  4.87500000E+02  1.62500000E+02  8.78262420E-01  1.10104417E-01  9.88366837E-01  2.50000000E-02  5.14168959E-09  3.03454496E-09 
     261  5.12500000E+02  1.62500000E+02  8.69145546E-01  1.19221291E-01  9.88366837E-01  2.50000000E-02  6.87023242E-09  3.47839206E-09 
     262  5.37500000E+02  1.62500000E+02  2.82105952E-01  7.06260884E-01  9.88366836E-01  2.50000000E-02  2.82584021E-09 -1.92646382E-09 
     263  5.62500000E+02  1.62500000E+02 -1.76678378E-01  1.16504521E+00  9.88366836E-01  2.50000000E-02  2.33435821E-09  5.29135396E-09 
     264  5.87500000E+02  1.62500000E+02  5.52505683E-01  4.35861153E-01  9.88366836E-01  2.50000000E-02  1.71103099E-09  8.69213984E-09 
     265  6.12500000E+02  1.62500000E+02 -2.66796525E-01  1.25516336E+00  9.88366836E-01  2.50000000E-02  2.76811895E-10  3.94395608E-09 
     266  6.37500000E+02  1.62500000E+02  4.53008486E-01  5.35358350E-01  9.88366837E-01  2.50000000E-02 -1.02373154E-11 -1.82225707E-10 
     267  6.62500000E+02  1.62500000E+02 -7.65433764E-01  1.75380060E+00  9.88366836E-01  2.50000000E-02  2.38645485E-10  5.00769576E-11 
     268  6.87500000E+02  1.62500000E+02 -6.92202912E-02  1.05758713E+00  9.88366836E-01  2.50000000E-02  1.73726367E-10  6.93208484E-09 
     269  7.12500000E+02  1.62500000E+02  8.76503252E-01  1.11863585E-01  9.88366836E-01  2.50000000E-02  1.53909068E-09  2.10547524E-09 
     270  7.37500000E+02  1.62500000E+02 -5.37976910E-01  1.52634375E+00  9.88366836E-01  2.50000000E-02  4.96018420E-10  8.04757087E-10 
     271  7.62500000E+02  1.62500000E+02 -7.99079871E-04  9.89165916E-01  9.88366836E-01  2.50000000E-02  5.33122331E-10 -8.34985060E-10 
     272  7.87500000E+02  1.62500000E+02 -6.09372242E-01  1.59773908E+00  9.88366836E-01  2.50000000E-02  7.90010925E-10  9.44984599E-11 
     273  8.12500000E+02  1.62500000E+02  2.42801476E-01  7.45565360E-01  9.88366836E-01  2.50000000E-02  7.46148029E-10  5.38699280E-09 
     274  8.37500000E+02  1.62500000E+02 -4.07254055E-01  1.39562089E+00  9.88366836E-01  2.50000000E-02  4.61344002E-10  2.36064788E-09 
     275  8.62500000E+02  1.62500000E+02 -9.32943653E-01  1.92131049E+00  9.88366836E-01  2.50000000E-02  7.06540050E-10  1.24769168E-09 
     276  8.87500000E+02  1.62500000E+02 -8.73369498E-01  1.86173633E+00  9.88366836E-01  2.50000000E-02  8.31474524E-10  3.49360005E-09 
     277  9.12500000E+02  1.62500000E+02  3.87206214E-01  6.01160623E-01  9.88366836E-01  2.50000000E-02  5.61210607E-10  1.84279871E-09 
     278  9.37500000E+02  1.62500000E+02 -4.53648108E-01  1.44201494E+00  9.88366836E-01  2.50000000E-02  6.04172584E-10  8.26024066E-10 
     279  9.62500000E+02  1.62500000E+02  1.48897342E-01  8.39469495E-01  9.88366836E-01  2.50000000E-02  6.01524299E-10  1.07879298E-09 
     280  9.87500000E+02  1.62500000E+02  6.70755937E-01  3.17610899E-01  9.88366836E-01  2.50000000E-02  1.81060838E-10  9.76866473E-10 
     281  1.25000000E+01  1.87500000E+02 -1.66476527E-01  1.15484336E+00  9.88366834E-01  2.50000000E-02  7.69437160E-11  2.30955111E-09 
     282  3.75000000E+01  1.87500000E+02  2.37551903E-01  7.50814931E-01  9.88366834E-01  2.50000000E-02  3.66153418E-10  2.07600486E-09 
     283  6.25000000E+01  1.87500000E+02  8.86512986E-01  1.01853848E-01  9.88366834E-01  2.50000000E-02  3.28096917E-09  2.45017244E-09 
     284  8.75000000E+01  1.87500000E+02  7.99757613E-02  9.08391072E-01  9.88366833E-01  2.50000000E-02  1.50678745E-09  8.34255576E-09 
     285  1.12500000E+02  1.87500000E+02 -3.21040265E-01  1.30940710E+00  9.88366834E-01  2.50000000E-02  2.44131792E-09 -5.65795027E-09 
     286  1.37500000E+02  1.87500000E+02 -7.68747739E-01  1.75711457E+00  9.88366836E-01  2.50000000E-02  8.42334304E-09  1.12460523E-08 
     287  1.62500000E+02  1.87500000E+02  6.97657624E-01  2.90709201E-01  9.88366825E-01  2.50000000E-02  5.07835390E-08  1.42614675E-07 
     288  1.87500000E+02  1.87500000E+02 -7.86922382E-01  1.77528921E+00  9.88366823E-01  2.50000000E-02  1.81041444E-08  3.40746099E-08 
     289  2.12500000E+02  1.87500000E+02  8.79619040E-01  1.08747795E-01  9.88366835E-01  2.50000000E-02 -8.21397204E-08 -7.29320288E-10 
     290  2.37500000E+02  1.87500000E+02 -5.35190590E-01  1.52355743E+00  9.88366839E-01  2.50000000E-02 -2.61087675E-08  2.15176058E-08 
     291  2.62500000E+02  1.87500000E+02 -9.78600396E-01  1.96696724E+00  9.88366839E-01  2.50000000E-02 -2.27806261E-08 -9.68791836E-08 
     292  2.87500000E+02  1.87500000E+02  3.11980387E-01  6.76386453E-01  9.88366839E-01  2.50000000E-02 -6.85216149E-09 -3.52709686E-08 
     293  3.12500000E+02  1.87500000E+02 -1.53058204E-02  1.00367266E+00  9.88366838E-01  2.50000000E-02  2.42364683E-09  4.36884726E-08 
     294  3.37500000E+02  1.87500000E+02 -5.46319126E-01  1.53468596E+00  9.88366838E-01  2.50000000E-02  3.33229960E-09 -2.10891434E-08 
     295  3.62500000E+02  1.87500000E+02 -2.35273906E-01  1.22364074E+00  9.88366836E-01  2.50000000E-02 -1.10791528E-10  1.03062245E-08 
     296  3.87500000E+02  1.87500000E+02 -3.51627214E-01  1.33999405E+00  9.88366838E-01  2.50000000E-02 -3.46058303E-09 -7.50033417E-09 
     297  4.12500000E+02  1.87500000E+02  8.13906002E-01  1.74460835E-01  9.88366838E-01  2.50000000E-02  4.32942385E-09  5.06829727E-08 
     298  4.37500000E+02  1.87500000E+02  4.28358932E-01  5.60007905E-01  9.88366837E-01  2.50000000E-02  8.41786396E-09  1.50952226E-08 
     299  4.62500000E+02  1.87500000E+02 -1.51875673E-01  1.14024251E+00  9.88366837E-01  2.50000000E-02  7.99919572E-09 -9.46318114E-10 
     300  4.87500000E+02  1.87500000E+02  2.23783840E-01  7.64582997E-01  9.88366837E-01  2.50000000E-02  7.61890416E-09  5.16573060E-10 
     301  5.12500000E+02  1.87500000E+02 -5.94372845E-01  1.58273968E+00  9.88366837E-01  2.50000000E-02  7.91661366E-09  6.79851557E-10 
     302  5.37500000E+02  1.87500000E+02  4.10290570E-01  5.78076267E-01  9.88366837E-01  2.50000000E-02  7.04379276E-09 -2.08464754E-09 
     303  5.62500000E+02  1.87500000E+02  2.14724687E-01  7.73642150E-01  9.88366837E-01  2.50000000E-02  4.28009305E-09  4.87497856E-09 
     304  5.87500000E+02  1.87500000E+02 -9.92053210E-01  1.98042005E+00  9.88366836E-01  2.50000000E-02 -1.08584855E-10  7.66186747E-09 
     305  6.12500000E+02  1.87500000E+02 -9.90360644E-01  1.97872748E+00  9.88366836E-01  2.50000000E-02 -8.78529983E-10  3.11716703E-09 
     306  6.37500000E+02  1.87500000E+02 -5.38917583E-02  1.04225859E+00  9.88366836E-01  2.50000000E-02 -2.80119657E-10 -1.09237676E-09 
     307  6.62500000E+02  1.87500000E+02  1.33030385E-01  8.55336451E-01  9.88366836E-01  2.50000000E-02  2.61970596E-10  1.48402243E-10 
     308  6.87500000E+02  1.87500000E+02 -4.04030470E-01  1.39239731E+00  9.88366836E-01  2.50000000E-02  4.36802626E-10  6.35159535E-09 
     309  7.12500000E+02  1.87500000E+02 -8.13372492E-01  1.80173933E+00  9.88366836E-01  2.50000000E-02  6.70991721E-10  7.71653242E-11 
     310  7.37500000E+02  1.87500000E+02  5.26055641E-01  4.62311195E-01  9.88366836E-01  2.50000000E-02  1.73656537E-09  7.15126080E-10 
     311  7.62500000E+02  1.87500000E+02 -1.21979092E-01  1.11034593E+00  9.88366836E-01  2.50000000E-02  1.84208238E-09 -8.05268809E-10 
     312  7.87500000E+02  1.87500000E+02  9.51504665E-01  3.68621717E-02  9.88366836E-01  2.50000000E-02  2.03620345E-10  2.04662956E-09 
     313  8.12500000E+02  1.87500000E+02  1.21368449E-02  9.76229991E-01  9.88366836E-01  2.50000000E-02 -2.21020000E-09  6.11893413E-09 
     314  8.37500000E+02  1.87500000E+02  5.57994914E-02  9.32567345E-01  9.88366836E-01  2.50000000E-02 -1.83869327E-09  2.31156630E-09 
     315  8.62500000E+02  1.87500000E+02  3.00266358E-01  6.88100478E-01  9.88366836E-01  2.50000000E-02 -1.20250660E-09  1.72483825E-09 
     316  8.87500000E+02  1.87500000E+02  1.38933373E-02  9.74473499E-01  9.88366836E-01  2.50000000E-02 -1.02050855E-09  3.83321377E-09 
     317  9.12500000E+02  1.87500000E+02 -7.75471231E-01  1.76383807E+00  9.88366836E-01  2.50000000E-02 -3.70972015E-10  1.76820802E-09 
     318  9.37500000E+02  1.87500000E+02 -8.13535488E-01  1.80190232E+00  9.88366836E-01  2.50000000E-02 -2.59163985E-11  6.51515876E-10 
     319  9.62500000E+02  1.87500000E+02 -3.31835338E-01  1.32020217E+00  9.88366836E-01  2.50000000E-02 -2.31754586E-11  1.25496308E-09 
     320  9.87500000E+02  1.87500000E+02 -3.84744574E-01  1.37311141E+00  9.88366836E-01  2.50000000E-02 -9.53987175E-11  1.29282732E-09 
     321  1.25000000E+01  2.12500000E+02  2.44844554E-01  7.43522280E-01  9.88366834E-01  2.50000000E-02  4.37250867E-10  2.15499908E-09 
     322  3.75000000E+01  2.12500000E+02 -8.38942158E-01  1.82730899E+00  9.88366834E-01  2.50000000E-02  1.49446014E-09  1.62236820E-09 
     323  6.25000000E+01  2.12500000E+02  8.76437427E-01  1.11929406E-01  9.88366833E-01  2.50000000E-02  1.59220328E-08 -2.31719645E-09 
     324  8.75000000E+01  2.12500000E+02 -9.82525714E-01  1.97089255E+00  9.88366833E-01  2.50000000E-02  1.99124927E-08  5.05268590E-09 
     325  1.12500000E+02  2.12500000E+02  5.51450105E-01  4.36916729E-01  9.88366834E-01  2.50000000E-02  2.46377610E-08 -4.70192298E-09 
     326  1.37500000E+02  2.12500000E+02  9.23851166E-01  6.45156638E-02  9.88366830E-01  2.50000000E-02  1.53925426E-07  6.81700297E-09 
     327  1.62500000E+02  2.12500000E+02  7.21559825E-01  2.66807001E-01  9.88366826E-01  2.50000000E-02  1.84372421E-07  1.35024889E-07 
     328  1.87500000E+02  2.12500000E+02 -5.98162436E-01  1.58652925E+00  9.88366816E-01  2.50000000E-02  1.13604139E-07  7.39845285E-09 
     329  2.12500000E+02  2.12500000E+02 -2.67355377E-01  1.25572221E+00  9.88366830E-01  2.50000000E-02  1.38080702E-07 -6.15242316E-08 
     330  2.37500000E+02  2.12500000E+02  9.29246853E-01  5.91198313E-02  9.88366685E-01  2.50000000E-02  4.38118387E-06 -3.25742738E-07 
     331  2.62500000E+02  2.12500000E+02 -5.41489150E-01  1.52985601E+00  9.88366855E-01  2.50000000E-02  8.79034815E-06 -9.05279075E-08 
     332  2.87500000E+02  2.12500000E+02  9.61606288E-01  2.67606641E-02  9.88366953E-01  2.50000000E-02  4.85405847E-06  5.61580792E-08 
     333  3.12500000E+02  2.12500000E+02 -9.96976256E-01  1.98534310E+00  9.88366843E-01  2.50000000E-02  4.23371546E-07  5.69597538E-08 
     334  3.37500000E+02  2.12500000E+02  7.03037147E-01  2.85329707E-01  9.88366853E-01  2.50000000E-02  2.48059296E-07 -6.12058263E-08 
     335  3.62500000E+02  2.12500000E+02 -9.91669405E-01  1.98003624E+00  9.88366837E-01  2.50000000E-02  3.67097805E-08  1.28591968E-08 
     336  3.87500000E+02  2.12500000E+02 -7.82311094E-01  1.77067794E+00  9.88366842E-01  2.50000000E-02  2.81229098E-08  1.95408530E-09 
     337  4.12500000E+02  2.12500000E+02  6.48352156E-01  3.40014682E-01  9.88366838E-01  2.50000000E-02  3.80079005E-08  4.60053437E-08 
     338  4.37500000E+02  2.12500000E+02  6.96944532E-01  2.91422307E-01  9.88366839E-01  2.50000000E-02  2.54170629E-08  1.58472674E-08 
     339  4.62500000E+02  2.12500000E+02 -8.76132359E-01  1.86449920E+00  9.88366837E-01  2.50000000E-02  4.85413700E-09 -1.10753893E-09 
     340  4.87500000E+02  2.12500000E+02 -5.73095536E-01  1.56146237E+00  9.88366837E-01  2.50000000E-02  3.19177005E-09  1.30654376E-09 
     341  5.12500000E+02  2.12500000E+02 -9.01463864E-01  1.88983070E+00  9.88366838E-01  2.50000000E-02  3.09894104E-09  1.54524711E-09 
     342  5.37500000E+02  2.12500000E+02  7.33343231E-01  2.55023606E-01  9.88366837E-01  2.50000000E-02  6.23868448E-09  1.96426762E-09 
     343  5.62500000E+02  2.12500000E+02 -1.68227038E-01  1.15659387E+00  9.88366837E-01  2.50000000E-02  3.96602200E-09  5.43865129E-09 
     344  5.87500000E+02  2.12500000E+02 -1.82784566E-01  1.17115140E+00  9.88366837E-01  2.50000000E-02  3.20750244E-09  8.37985763E-09 
     345  6.12500000E+02  2.12500000E+02 -7.99218124E-03  9.96359018E-01  9.88366837E-01  2.50000000E-02  2.39353776E-09  3.73689949E-09 
     346  6.37500000E+02  2.12500000E+02  2.75438084E-01  7.12928753E-01  9.88366837E-01  2.50000000E-02  2.52105105E-09 -6.10329221E-10 
     347  6.62500000E+02  2.12500000E+02  9.24385959E-01  6.39808780E-02  9.88366836E-01  2.50000000E-02  4.07048476E-09  1.70649088E-09 
     348  6.87500000E+02  2.12500000E+02 -1.36616828E-01  1.12498366E+00  9.88366836E-01  2.50000000E-02  7.10755752E-10  5.80229457E-09 
     349  7.12500000E+02  2.12500000E+02 -5.19049607E-01  1.50741644E+00  9.88366836E-01  2.50000000E-02  7.59488949E-10  1.50059859E-10 
     350  7.37500000E+02  2.12500000E+02  8.47420159E-01  1.40946677E-01  9.88366836E-01  2.50000000E-02  2.53302517E-09  2.40199796E-09 
     351  7.62500000E+02  2.12500000E+02  9.79561948E-01  8.80488800E-03  9.88366836E-01  2.50000000E-02  7.31086335E-09  4.16421140E-09 
     352  7.87500000E+02  2.12500000E+02  3.08941214E-01  6.79425622E-01  9.88366836E-01  2.50000000E-02  8.50385158E-10 -5.41716052E-10 
     353  8.12500000E+02  2.12500000E+02 -3.97161530E-01  1.38552837E+00  9.88366836E-01  2.50000000E-02  6.08745324E-10  5.87645492E-09 
     354  8.37500000E+02  2.12500000E+02  7.58434357E-01  2.29932479E-01  9.88366836E-01  2.50000000E-02 -5.33114920E-10  3.48970726E-09 
     355  8.62500000E+02  2.12500000E+02 -5.78647185E-01  1.56701402E+00  9.88366836E-01  2.50000000E-02 -8.07088112E-10  1.30107975E-09 
     356  8.87500000E+02  2.12500000E+02  4.66734109E-02  9.41693425E-01  9.88366836E-01  2.50000000E-02 -8.90011784E-10  3.66579856E-09 
     357  9.12500000E+02  2.12500000E+02  8.68719284E-01  1.19647552E-01  9.88366836E-01  2.50000000E-02 -1.64791814E-09  2.64187957E-09 
     358  9.37500000E+02  2.12500000E+02 -2.26269460E-01  1.21463630E+00  9.88366836E-01  2.50000000E-02  1.73586529E-10  5.59256949E-10 
     359  9.62500000E+02  2.12500000E+02 -7.63339254E-01  1.75170609E+00  9.88366836E-01  2.50000000E-02  2.29970233E-10  1.61908029E-09 
     360  9.87500000E+02  2.12500000E+02  9.44908009E-01  4.34588276E-02  9.88366836E-01  2.50000000E-02  6.72888113E-10  3.65572549E-09 
     361  1.25000000E+01  2.37500000E+02  3.55041820E-01  6.33325014E-01  9.88366834E-01  2.50000000E-02  3.42865076E-10  1.43471381E-09 
     362  3.75000000E+01  2.37500000E+02  3.41509921E-01  6.46856913E-01  9.88366834E-01  2.50000000E-02  1.16363084E-09  6.94063388E-10 
     363  6.25000000E+01  2.37500000E+02 -5.68093173E-01  1.55646001E+00  9.88366834E-01  2.50000000E-02  2.01865172E-09 -4.22174105E-09 
     364  8.75000000E+01  2.37500000E+02  2.68487339E-01  7.19879494E-01  9.88366834E-01  2.50000000E-02  2.53656417E-09  9.06672156E-10 
     365  1.12500000E+02  2.37500000E+02 -7.27306446E-01  1.71567328E+00  9.88366834E-01  2.50000000E-02  2.78035695E-09 -3.75530159E-09 
     366  1.37500000E+02  2.37500000E+02  5.67759217E-01  4.20607617E-01  9.88366834E-01  2.50000000E-02  2.92006070E-09 -1.96781767E-08 
     367  1.62500000E+02  2.37500000E+02  9.79894557E-01  8.47227557E-03  9.88366832E-01  2.50000000E-02  1.35475848E-08 -4.37668601E-08 
     368  1.87500000E+02  2.37500000E+02  1.12566056E-02  9.77110227E-01  9.88366833E-01  2.50000000E-02 -1.74827238E-08 -3.11153333E-08 
     369  2.12500000E+02  2.37500000E+02  1.03523423E-01  8.84843408E-01  9.88366831E-01  2.50000000E-02 -2.29784319E-08 -6.07398378E-08 
     370  2.37500000E+02  2.37500000E+02  3.41537357E-01  6.46829474E-01  9.88366830E-01  2.50000000E-02 -4.20123115E-08 -7.70491095E-07 
     371  2.62500000E+02  2.37500000E+02  3.30516002E-01  6.57850831E-01  9.88366833E-01  2.50000000E-02 -5.32534556E-08 -1.28561244E-08 
     372  2.87500000E+02  2.37500000E+02  4.31850495E-01  5.56516339E-01  9.88366835E-01  2.50000000E-02 -4.73029011E-08  5.47685031E-08 
     373  3.12500000E+02  2.37500000E+02  3.44948787E-01  6.43418046E-01  9.88366833E-01  2.50000000E-02 -4.17154348E-08  7.18294399E-08 
     374  3.37500000E+02  2.37500000E+02  8.99211308E-01  8.91555287E-02  9.88366837E-01  2.50000000E-02 -4.37138715E-08  7.22401067E-08 
     375  3.62500000E+02  2.37500000E+02 -2.08322164E-01  1.19668900E+00  9.88366836E-01  2.50000000E-02 -3.47853608E-09  1.59973589E-08 
     376  3.87500000E+02  2.37500000E+02  1.34885945E-01  8.53480891E-01  9.88366836E-01  2.50000000E-02 -3.98822050E-09  2.40679859E-08 
     377  4.12500000E+02  2.37500000E+02  6.77860891E-01  3.10505947E-01  9.88366838E-01  2.50000000E-02 -4.92686189E-09  4.14426316E-08 
     378  4.37500000E+02  2.37500000E+02  5.42106827E-01  4.46260011E-01  9.88366838E-01  2.50000000E-02  6.26641126E-09  2.21072295E-08 
     379  4.62500000E+02  2.37500000E+02  5.81020619E-01  4.07346219E-01  9.88366837E-01  2.50000000E-02  1.20525639E-08 -3.94324147E-10 
     380  4.87500000E+02  2.37500000E+02  8.48891551E-01  1.39475285E-01  9.88366836E-01  2.50000000E-02  1.53095991E-08  1.46740444E-08 
     381  5.12500000E+02  2.37500000E+02  6.13149962E-01  3.75216874E-01  9.88366836E-01  2.50000000E-02  9.11586057E-09  1.03304300E-08 
     382  5.37500000E+02  2.37500000E+02  7.83830333E-01  2.04536503E-01  9.88366837E-01  2.50000000E-02  7.05262738E-09  6.47464447E-09 
     383  5.62500000E+02  2.37500000E+02  9.08825902E-01  7.95409345E-02  9.88366836E-01  2.50000000E-02  5.10942239E-09  1.19971480E-08 
     384  5.87500000E+02  2.37500000E+02 -1.34468632E-01  1.12283547E+00  9.88366837E-01  2.50000000E-02  1.90561628E-09  1.05730432E-08 
     385  6.12500000E+02  2.37500000E+02  3.34650640E-01  6.53716196E-01  9.88366836E-01  2.50000000E-02  1.63565494E-09  5.67422547E-09 
     386  6.37500000E+02  2.37500000E+02  4.15609584E-01  5.72757252E-01  9.88366837E-01  2.50000000E-02  1.38326751E-09  6.33805680E-10 
     387  6.62500000E+02  2.37500000E+02 -9.77713809E-01  1.96608065E+00  9.88366836E-01  2.50000000E-02 -1.05789157E-10  9.56075004E-10 
     388  6.87500000E+02  2.37500000E+02 -1.11305828E-01  1.09967266E+00  9.88366836E-01  2.50000000E-02 -5.02704153E-10  5.32780242E-09 
     389  7.12500000E+02  2.37500000E+02  8.58179792E-01  1.30187044E-01  9.88366836E-01  2.50000000E-02  3.66913415E-09  3.75418248E-09 
     390  7.37500000E+02  2.37500000E+02  4.32972426E-01  5.55394410E-01  9.88366836E-01  2.50000000E-02  3.99538798E-09  1.91301589E-09 
     391  7.62500000E+02  2.37500000E+02  9.65989899E-01  2.23769368E-02  9.88366836E-01  2.50000000E-02  1.81405706E-09  3.43605712E-09 
     392  7.87500000E+02  2.37500000E+02  1.24913734E-01  8.63453102E-01  9.88366836E-01  2.50000000E-02 -7.58078787E-12 -4.75057390E-10 
     393  8.12500000E+02  2.37500000E+02 -2.80744632E-01  1.26911147E+00  9.88366836E-01  2.50000000E-02  5.79493837E-10  5.86391195E-09 
     394  8.37500000E+02  2.37500000E+02 -2.61851218E-01  1.25021805E+00  9.88366836E-01  2.50000000E-02  3.99097955E-10  1.92857866E-09 
     395  8.62500000E+02  2.37500000E+02 -7.91797223E-01  1.78016406E+00  9.88366836E-01  2.50000000E-02  9.90280746E-11  1.31591989E-09 
     396  8.87500000E+02  2.37500000E+02 -5.79944574E-01  1.56831141E+00  9.88366836E-01  2.50000000E-02  5.50729444E-10  3.57511187E-09 
     397  9.12500000E+02  2.37500000E+02 -3.91335675E-01  1.37970251E+00  9.88366836E-01  2.50000000E-02  9.13407029E-10  1.22939654E-09 
     398  9.37500000E+02  2.37500000E+02  9.45837524E-01  4.25293124E-02  9.88366836E-01  2.50000000E-02  1.58059979E-09  5.24688098E-09 
     399  9.62500000E+02  2.37500000E+02  3.37232494E-01  6.51134342E-01  9.88366836E-01  2.50000000E-02  5.04216447E-10  2.60900148E-09 
     400  9.87500000E+02  2.37500000E+02  1.21210509E-01  8.67156326E-01  9.88366836E-01  2.50000000E-02  1.91171136E-10  6.35277810E-10 
     401  1.25000000E+01  2.62500000E+02 -9.34840164E-01  1.92320700E+00  9.88366834E-01  2.50000000E-02  1.62207946E-10  9.91597620E-10 
     402  3.75000000E+01  2.62500000E+02 -9.55515730E-01  1.94388256E+00  9.88366834E-01  2.50000000E-02  5.16314031E-10 -9.95846334E-11 
     403  6.25000000E+01  2.62500000E+02  6.26565141E-01  3.61801693E-01  9.88366834E-01  2.50000000E-02  3.58679383E-09 -4.51089006E-09 
     404  8.75000000E+01  2.62500000E+02 -7.22820953E-01  1.71118779E+00  9.88366834E-01  2.50000000E-02  6.22680508E-09  5.66573122E-10 
     405  1.12500000E+02  2.62500000E+02  7.85906675E-01  2.02460158E-01  9.88366834E-01  2.50000000E-02  1.37433406E-08 -4.49747856E-09 
     406  1.37500000E+02  2.62500000E+02  8.95852159E-01  9.25146734E-02  9.88366833E-01  2.50000000E-02  2.59322179E-08 -1.34377513E-08 
     407  1.62500000E+02  2.62500000E+02 -5.06916641E-01  1.49528347E+00  9.88366832E-01  2.50000000E-02  2.23272258E-08 -2.07654811E-08 
     408  1.87500000E+02  2.62500000E+02 -5.87829816E-01  1.57619665E+00  9.88366832E-01  2.50000000E-02  2.25605702E-08 -1.56303704E-08 
     409  2.12500000E+02  2.62500000E+02 -1.34708598E-01  1.12307543E+00  9.88366833E-01  2.50000000E-02  2.55126629E-08 -4.71640670E-08 
     410  2.37500000E+02  2.62500000E+02  8.47734741E-01  1.40632073E-01  9.88366814E-01  2.50000000E-02 -2.59000957E-08 -4.31205484E-07 
     411  2.62500000E+02  2.62500000E+02  4.76887218E-01  5.11479618E-01  9.88366835E-01  2.50000000E-02 -5.84215773E-08 -1.25623434E-08 
     412  2.87500000E+02  2.62500000E+02  2.00159583E-01  7.88207253E-01  9.88366836E-01  2.50000000E-02 -3.58476587E-08  3.39129562E-08 
     413  3.12500000E+02  2.62500000E+02 -4.78297783E-01  1.46666462E+00  9.88366835E-01  2.50000000E-02 -2.68681950E-08  5.34806802E-08 
     414  3.37500000E+02  2.62500000E+02  3.56056858E-01  6.32309977E-01  9.88366834E-01  2.50000000E-02 -1.98072412E-08  3.44374691E-09 
     415  3.62500000E+02  2.62500000E+02 -4.05332105E-01  1.39369894E+00  9.88366837E-01  2.50000000E-02 -4.22528083E-09  1.68335624E-08 
     416  3.87500000E+02  2.62500000E+02 -3.03954547E-01  1.29232138E+00  9.88366835E-01  2.50000000E-02 -1.02740340E-09  2.03567639E-08 
     417  4.12500000E+02  2.62500000E+02 -8.01330835E-01  1.78969767E+00  9.88366835E-01  2.50000000E-02 -2.18498014E-09  1.82467993E-08 
     418  4.37500000E+02  2.62500000E+02  9.54547333E-01  3.38195031E-02  9.88366836E-01  2.50000000E-02 -1.43089156E-08  4.08096224E-08 
     419  4.62500000E+02  2.62500000E+02  8.90316133E-01  9.80507036E-02  9.88366836E-01  2.50000000E-02 -5.26835899E-09  1.28311148E-08 
     420  4.87500000E+02  2.62500000E+02  7.08974002E-01  2.79392834E-01  9.88366836E-01  2.50000000E-02 -7.51465219E-09  1.58376455E-08 
     421  5.12500000E+02  2.62500000E+02  6.65835253E-01  3.22531583E-01  9.88366836E-01  2.50000000E-02 -5.58973526E-09  1.34599058E-08 
     422  5.37500000E+02  2.62500000E+02 -7.56810450E-01  1.74517729E+00  9.88366837E-01  2.50000000E-02 -8.07712926E-10  1.02394712E-08 
     423  5.62500000E+02  2.62500000E+02  2.22872355E-01  7.65494481E-01  9.88366836E-01  2.50000000E-02 -1.87553576E-09  7.84943139E-09 
     424  5.87500000E+02  2.62500000E+02  1.94286672E-01  7.94080164E-01  9.88366836E-01  2.50000000E-02 -4.28676354E-09  1.26949368E-08 
     425  6.12500000E+02  2.62500000E+02  3.02195158E-01  6.86171678E-01  9.88366836E-01  2.50000000E-02 -4.86276721E-09  5.73330266E-09 
     426  6.37500000E+02  2.62500000E+02 -1.01702793E-01  1.09006963E+00  9.88366837E-01  2.50000000E-02 -3.65028726E-09  9.19068731E-10 
     427  6.62500000E+02  2.62500000E+02 -8.44736268E-01  1.83310310E+00  9.88366836E-01  2.50000000E-02 -3.41042613E-09  1.19328877E-09 
     428  6.87500000E+02  2.62500000E+02 -1.13311707E-02  9.99698007E-01  9.88366837E-01  2.50000000E-02 -3.21866561E-09  5.15749617E-09 
     429  7.12500000E+02  2.62500000E+02  6.77916363E-01  3.10450473E-01  9.88366836E-01  2.50000000E-02 -1.99185176E-10  3.17582520E-09 
     430  7.37500000E+02  2.62500000E+02 -5.21512721E-01  1.50987956E+00  9.88366836E-01  2.50000000E-02 -2.18338021E-10  1.70713838E-09 
     431  7.62500000E+02  2.62500000E+02  4.69066451E-01  5.19300385E-01  9.88366836E-01  2.50000000E-02 -3.10224833E-10  1.05600273E-09 
     432  7.87500000E+02  2.62500000E+02 -8.56823764E-01  1.84519060E+00  9.88366836E-01  2.50000000E-02 -5.93727074E-10 -3.87685715E-10 
     433  8.12500000E+02  2.62500000E+02  8.59767371E-02  9.02390099E-01  9.88366836E-01  2.50000000E-02 -6.43594875E-10  6.45427231E-09 
     434  8.37500000E+02  2.62500000E+02 -1.82638404E-01  1.17100524E+00  9.88366836E-01  2.50000000E-02 -7.84377314E-10  1.87728030E-09 
     435  8.62500000E+02  2.62500000E+02  2.06930704E-01  7.81436132E-01  9.88366836E-01  2.50000000E-02 -7.02064545E-10  1.84083781E-09 
     436  8.87500000E+02  2.62500000E+02  4.00383273E-01  5.87983563E-01  9.88366836E-01  2.50000000E-02 -2.64946448E-11  3.71372611E-09 
     437  9.12500000E+02  2.62500000E+02 -2.58413072E-01  1.24677991E+00  9.88366836E-01  2.50000000E-02  7.00961591E-10  1.23600538E-09 
     438  9.37500000E+02  2.62500000E+02 -7.37106387E-01  1.72547322E+00  9.88366836E-01  2.50000000E-02  2.18561963E-10  2.15532103E-09 
     439  9.62500000E+02  2.62500000E+02 -8.13081408E-01  1.80144824E+00  9.88366836E-01  2.50000000E-02  3.52928939E-11  2.66066858E-09 
     440  9.87500000E+02  2.62500000E+02 -5.16564687E-01  1.50493152E+00  9.88366836E-01  2.50000000E-02  1.43981797E-10  6.37430663E-10 
     441  1.25000000E+01  2.87500000E+02  8.33477417E-01  1.54889417E-01  9.88366834E-01  2.50000000E-02  2.16064832E-10 -5.40693416E-11 
     442  3.75000000E+01  2.87500000E+02 -9.98707575E-01  1.98707441E+00  9.88366834E-01  2.50000000E-02  1.94730655E-10 -2.23234393E-10 
     443  6.25000000E+01  2.87500000E+02 -3.28974606E-01  1.31734144E+00  9.88366834E-01  2.50000000E-02  3.76132124E-10 -4.02177197E-09 
     444  8.75000000E+01  2.87500000E+02  7.84918661E-01  2.03448173E-01  9.88366834E-01  2.50000000E-02  5.00593112E-09 -1.84262422E-09 
     445  1.12500000E+02  2.87500000E+02 -9.03909283E-02  1.07875776E+00  9.88366834E-01  2.50000000E-02  7.24542329E-09 -6.02996795E-09 
     446  1.37500000E+02  2.87500000E+02  4.75391453E-02  9.40827688E-01  9.88366834E-01  2.50000000E-02  7.46184978E-09 -7.79890489E-09 
     447  1.62500000E+02  2.87500000E+02 -8.47335720E-01  1.83570255E+00  9.88366831E-01  2.50000000E-02  3.56344726E-10 -2.28554219E-08 
     448  1.87500000E+02  2.87500000E+02 -4.00822679E-01  1.38918951E+00  9.88366831E-01  2.50000000E-02 -9.54557866E-09 -1.12830351E-08 
     449  2.12500000E+02  2.87500000E+02  2.14785155E-02  9.66888314E-01  9.88366830E-01  2.50000000E-02 -3.27898517E-08 -3.91677054E-08 
     450  2.37500000E+02  2.87500000E+02 -5.47241463E-01  1.53560830E+00  9.88366836E-01  2.50000000E-02 -3.96417860E-08 -3.76737224E-08 
     451  2.62500000E+02  2.87500000E+02 -2.74508318E-01  1.26287515E+00  9.88366833E-01  2.50000000E-02 -3.85573303E-08 -1.10120028E-08 
     452  2.87500000E+02  2.87500000E+02  1.64184089E-01  8.24182746E-01  9.88366835E-01  2.50000000E-02 -4.36021813E-08  2.12485961E-08 
     453  3.12500000E+02  2.87500000E+02  3.72539936E-01  6.15826899E-01  9.88366835E-01  2.50000000E-02 -3.88027570E-08  4.39685757E-08 
     454  3.37500000E+02  2.87500000E+02 -6.12205178E-01  1.60057201E+00  9.88366834E-01  2.50000000E-02 -3.67420181E-08 -1.95413197E-09 
     455  3.62500000E+02  2.87500000E+02  5.38933411E-01  4.49433424E-01  9.88366835E-01  2.50000000E-02 -3.41598556E-08  1.56130209E-08 
     456  3.87500000E+02  2.87500000E+02 -6.94758963E-01  1.68312580E+00  9.88366836E-01  2.50000000E-02 -2.42300870E-08  1.86506213E-08 
     457  4.12500000E+02  2.87500000E+02  2.53964569E-01  7.34402268E-01  9.88366837E-01  2.50000000E-02 -1.47404617E-08  1.29227400E-08 
     458  4.37500000E+02  2.87500000E+02 -4.05095158E-01  1.39346199E+00  9.88366835E-01  2.50000000E-02 -8.63549900E-09  2.14900670E-10 
     459  4.62500000E+02  2.87500000E+02  4.50713467E-01  5.37653368E-01  9.88366835E-01  2.50000000E-02 -8.16994002E-09  1.62392333E-09 
     460  4.87500000E+02  2.87500000E+02  4.34032856E-01  5.54333979E-01  9.88366835E-01  2.50000000E-02 -8.01266740E-09  6.90347353E-09 
     461  5.12500000E+02  2.87500000E+02  8.53116490E-01  1.35250346E-01  9.88366835E-01  2.50000000E-02 -1.43402078E-08  1.54363346E-08 
     462  5.37500000E+02  2.87500000E+02  9.51742552E-01  3.66242839E-02  9.88366836E-01  2.50000000E-02 -1.35014962E-08  1.39710269E-08 
     463  5.62500000E+02  2.87500000E+02  4.66086404E-01  5.22280432E-01  9.88366836E-01  2.50000000E-02 -4.74292593E-10  7.32713570E-09 
     464  5.87500000E+02  2.87500000E+02 -6.44614476E-01  1.63298131E+00  9.88366836E-01  2.50000000E-02 -2.85269879E-10  1.23489526E-08 
     465  6.12500000E+02  2.87500000E+02 -3.96191500E-01  1.38455834E+00  9.88366836E-01  2.50000000E-02 -2.91229149E-10  3.30440981E-09 
     466  6.37500000E+02  2.87500000E+02  9.33081605E-01  5.52852308E-02  9.88366836E-01  2.50000000E-02 -2.23000559E-09  9.43527867E-09 
     467  6.62500000E+02  2.87500000E+02 -3.17314769E-01  1.30568160E+00  9.88366836E-01  2.50000000E-02 -1.19619061E-10  1.55548419E-09 
     468  6.87500000E+02  2.87500000E+02  7.96572196E-01  1.91794640E-01  9.88366836E-01  2.50000000E-02  1.21028953E-09  5.86118050E-09 
     469  7.12500000E+02  2.87500000E+02  8.09256149E-01  1.79110687E-01  9.88366836E-01  2.50000000E-02  2.19057599E-09  3.08871955E-09 
     470  7.37500000E+02  2.87500000E+02  4.17497295E-01  5.70869541E-01  9.88366836E-01  2.50000000E-02  1.83998923E-09  1.70147806E-09 
     471  7.62500000E+02  2.87500000E+02  7.71770057E-01  2.16596779E-01  9.88366836E-01  2.50000000E-02  1.71546305E-09  1.52287930E-09 
     472  7.87500000E+02  2.87500000E+02  9.31914994E-01  5.64518424E-02  9.88366836E-01  2.50000000E-02  1.41645339E-09  1.34705409E-09 
     473  8.12500000E+02  2.87500000E+02 -3.74138657E-01  1.36250549E+00  9.88366836E-01  2.50000000E-02  1.19611302E-09  6.69779190E-09 
     474  8.37500000E+02  2.87500000E+02 -8.49988818E-01  1.83835565E+00  9.88366836E-01  2.50000000E-02  1.27614578E-09  2.52972882E-09 
     475  8.62500000E+02  2.87500000E+02  7.00082609E-01  2.88284227E-01  9.88366836E-01  2.50000000E-02  1.95528334E-09  2.62642824E-09 
     476  8.87500000E+02  2.87500000E+02 -9.10670425E-01  1.89903726E+00  9.88366836E-01  2.50000000E-02  2.91218208E-09  3.73472340E-09 
     477  9.12500000E+02  2.87500000E+02  6.07538114E-01  3.80828722E-01  9.88366836E-01  2.50000000E-02  3.46759928E-09  1.54246046E-09 
     478  9.37500000E+02  2.87500000E+02  2.30521661E-01  7.57845175E-01  9.88366836E-01  2.50000000E-02  3.00313306E-09  2.62837118E-09 
     479  9.62500000E+02  2.87500000E+02  7.48881598E-01  2.39485238E-01  9.88366836E-01  2.50000000E-02  1.45395878E-09  4.24858651E-09 
     480  9.87500000E+02  2.87500000E+02 -4.58150855E-01  1.44651769E+00  9.88366836E-01  2.50000000E-02  5.10805881E-11  9.40400115E-10 
     481  1.25000000E+01  3.12500000E+02  8.89455632E-01  9.89112018E-02  9.88366834E-01  2.50000000E-02  9.29455582E-10 -1.61365471E-09 
     482  3.75000000E+01  3.12500000E+02 -6.31376517E-01  1.61974335E+00  9.88366834E-01  2.50000000E-02  1.76042597E-09 -6.38375360E-10 
     483  6.25000000E+01  3.12500000E+02  3.05552792E-01  6.82814042E-01  9.88366834E-01  2.50000000E-02  1.77691602E-09 -3.57127324E-09 
     484  8.75000000E+01  3.12500000E+02  1.01249800E-01  8.87117034E-01  9.88366834E-01  2.50000000E-02  2.68883086E-09 -2.74872018E-09 
     485  1.12500000E+02  3.12500000E+02 -6.71278176E-01  1.65964501E+00  9.88366834E-01  2.50000000E-02  4.22968785E-09 -4.60584546E-09 
     486  1.37500000E+02  3.12500000E+02  7.13473855E-01  2.74892978E-01  9.88366833E-01  2.50000000E-02  1.00189521E-08 -6.66130065E-09 
     487  1.62500000E+02  3.12500000E+02  3.81535222E-01  6.06831611E-01  9.88366833E-01  2.50000000E-02  1.00342038E-08 -3.15172150E-08 
     488  1.87500000E+02  3.12500000E+02  9.56451482E-01  3.19153515E-02  9.88366833E-01  2.50000000E-02 -1.19025943E-08 -4.48286675E-08 
     489  2.12500000E+02  3.12500000E+02  7.75383494E-01  2.12983340E-01  9.88366833E-01  2.50000000E-02 -2.86777020E-08 -3.93898392E-08 
     490  2.37500000E+02  3.12500000E+02 -7.42396327E-01  1.73076316E+00  9.88366832E-01  2.50000000E-02 -3.73362505E-08 -3.03349774E-08 
     491  2.62500000E+02  3.12500000E+02  1.02374976E-01  8.85991856E-01  9.88366833E-01  2.50000000E-02 -3.66170175E-08 -1.51851384E-08 
     492  2.87500000E+02  3.12500000E+02 -7.45134914E-01  1.73350175E+00  9.88366837E-01  2.50000000E-02 -1.89228433E-08  1.50647451E-08 
     493  3.12500000E+02  3.12500000E+02 -9.64563739E-01  1.95293058E+00  9.88366836E-01  2.50000000E-02 -9.01500047E-09  4.14326674E-08 
     494  3.37500000E+02  3.12500000E+02 -5.81170204E-01  1.56953704E+00  9.88366834E-01  2.50000000E-02 -4.84414279E-09 -2.93131250E-09 
     495  3.62500000E+02  3.12500000E+02 -7.55561457E-01  1.74392829E+00  9.88366835E-01  2.50000000E-02 -5.35486470E-09  4.28107597E-09 
     496  3.87500000E+02  3.12500000E+02 -3.49295018E-01  1.33766185E+00  9.88366835E-01  2.50000000E-02 -5.45523522E-09  1.63362266E-08 
     497  4.12500000E+02  3.12500000E+02  9.88179630E-01  1.87205617E-04  9.88366835E-01  2.50000000E-02 -1.64043139E-07  2.65845841E-07 
     498  4.37500000E+02  3.12500000E+02  1.76495243E-01  8.11871593E-01  9.88366836E-01  2.50000000E-02 -6.20723462E-09  3.00078372E-09 
     499  4.62500000E+02  3.12500000E+02 -6.12133846E-02  1.04958022E+00  9.88366836E-01  2.50000000E-02 -6.64397231E-09  2.02439746E-09 
     500  4.87500000E+02  3.12500000E+02 -1.10749767E-01  1.09911660E+00  9.88366835E-01  2.50000000E-02 -7.80073882E-09  4.00062147E-09 
     501  5.12500000E+02  3.12500000E+02  1.54185328E-01  8.34181507E-01  9.88366836E-01  2.50000000E-02 -8.50686261E-09  1.20750354E-08 
     502  5.37500000E+02  3.12500000E+02  1.54441631E-03  9.86822419E-01  9.88366836E-01  2.50000000E-02 -8.18603654E-09  2.11933647E-09 
     503  5.62500000E+02  3.12500000E+02 -2.09939076E-01  1.19830591E+00  9.88366836E-01  2.50000000E-02 -7.38313862E-09  7.29150747E-09 
     504  5.87500000E+02  3.12500000E+02  8.37053587E-02  9.04661477E-01  9.88366836E-01  2.50000000E-02 -5.55254446E-09  1.09504635E-08 
     505  6.12500000E+02  3.12500000E+02 -9.84763029E-01  1.97312986E+00  9.88366836E-01  2.50000000E-02 -4.40119313E-09  1.42363248E-09 
     506  6.37500000E+02  3.12500000E+02  4.72295481E-01  5.16071355E-01  9.88366835E-01  2.50000000E-02 -3.70545051E-09  1.84244397E-09 
     507  6.62500000E+02  3.12500000E+02 -6.67066766E-01  1.65543360E+00  9.88366836E-01  2.50000000E-02 -1.58238520E-09  1.13667710E-09 
     508  6.87500000E+02  3.12500000E+02 -4.64834171E-01  1.45320101E+00  9.88366836E-01  2.50000000E-02 -1.07513973E-09  1.04763982E-09 
     509  7.12500000E+02  3.12500000E+02 -2.73507669E-01  1.26187451E+00  9.88366836E-01  2.50000000E-02 -1.23709654E-09  1.17221699E-09 
     510  7.37500000E+02  3.12500000E+02 -9.70003133E-01  1.95836997E+00  9.88366836E-01  2.50000000E-02 -1.55838232E-09  5.36464999E-10 
     511  7.62500000E+02  3.12500000E+02  2.81929733E-01  7.06437103E-01  9.88366836E-01  2.50000000E-02 -1.99236995E-09  9.43961810E-10 
     512  7.87500000E+02  3.12500000E+02  2.41078169E-01  7.47288666E-01  9.88366836E-01  2.50000000E-02 -2.30183320E-09  3.63147224E-10 
     513  8.12500000E+02  3.12500000E+02  3.95770170E-01  5.92596666E-01  9.88366836E-01  2.50000000E-02 -2.34489812E-09  6.85108655E-09 
     514  8.37500000E+02  3.12500000E+02 -6.42047305E-02  1.05257157E+00  9.88366836E-01  2.50000000E-02 -2.09684798E-09  2.98441272E-09 
     515  8.62500000E+02  3.12500000E+02  6.23029571E-01  3.65337265E-01  9.88366836E-01  2.50000000E-02 -2.11348338E-09  2.07128235E-09 
     516  8.87500000E+02  3.12500000E+02  7.02108725E-01  2.86258111E-01  9.88366836E-01  2.50000000E-02 -1.39003552E-09  3.72307474E-09 
     517  9.12500000E+02  3.12500000E+02 -3.55302842E-03  9.91919864E-01  9.88366836E-01  2.50000000E-02 -2.64264983E-10  9.62281654E-10 
     518  9.37500000E+02  3.12500000E+02 -9.62513231E-01  1.95088007E+00  9.88366836E-01  2.50000000E-02 -5.26746735E-11  3.54072046E-09 
     519  9.62500000E+02  3.12500000E+02 -6.76846554E-01  1.66521339E+00  9.88366836E-01  2.50000000E-02  9.81016243E-11  5.05121562E-09 
     520  9.87500000E+02  3.12500000E+02  5.26013183E-01  4.62353653E-01  9.88366836E-01  2.50000000E-02  3.44239296E-10  2.84612777E-09 
     521  1.25000000E+01  3.37500000E+02 -4.61756070E-01  1.45012290E+00  9.88366834E-01  2.50000000E-02  4.08462638E-10 -1.04055517E-09 
     522  3.75000000E+01  3.37500000E+02 -5.57306245E-01  1.54567308E+00  9.88366834E-01  2.50000000E-02  5.31949099E-10 -1.08976901E-09 
     523  6.25000000E+01  3.37500000E+02 -8.43123585E-01  1.83149042E+00  9.88366834E-01  2.50000000E-02  4.57659152E-10 -2.69265186E-09 
     524  8.75000000E+01  3.37500000E+02 -6.36874693E-01  1.62524153E+00  9.88366834E-01  2.50000000E-02  5.01220871E-10 -2.87744482E-09 
     525  1.12500000E+02  3.37500000E+02 -8.62173038E-01  1.85053987E+00  9.88366834E-01  2.50000000E-02 -4.43186363E-10 -4.18684822E-09 
     526  1.37500000E+02  3.37500000E+02 -9.98801574E-01  1.98716841E+00  9.88366834E-01  2.50000000E-02 -7.46741225E-10 -2.77310282E-09 
     527  1.62500000E+02  3.37500000E+02  4.97561888E-01  4.90804946E-01  9.88366833E-01  2.50000000E-02  1.60868455E-09 -3.18574881E-08 
     528  1.87500000E+02  3.37500000E+02  5.55506505E-01  4.32860330E-01  9.88366834E-01  2.50000000E-02  5.29313956E-09 -1.14785600E-08 
     529  2.12500000E+02  3.37500000E+02 -5.14768477E-01  1.50313531E+00  9.88366834E-01  2.50000000E-02  1.30578793E-08 -7.61979266E-09 
     530  2.37500000E+02  3.37500000E+02  4.49690095E-01  5.38676738E-01  9.88366833E-01  2.50000000E-02  1.38005370E-08 -3.17566926E-08 
     531  2.62500000E+02  3.37500000E+02  2.08834336E-01  7.79532497E-01  9.88366833E-01  2.50000000E-02  1.05217749E-08 -1.87862636E-08 
     532  2.87500000E+02  3.37500000E+02  8.80607532E-01  1.07759303E-01  9.88366836E-01  2.50000000E-02 -3.75652032E-09  2.81053429E-08 
     533  3.12500000E+02  3.37500000E+02  7.62143809E-01  2.26223027E-01  9.88366836E-01  2.50000000E-02  5.29349726E-09  3.84778192E-08 
     534  3.37500000E+02  3.37500000E+02  1.91182312E-01  7.97184523E-01  9.88366835E-01  2.50000000E-02  1.53785373E-09 -2.95652016E-09 
     535  3.62500000E+02  3.37500000E+02 -4.39467332E-01  1.42783417E+00  9.88366835E-01  2.50000000E-02  8.30229158E-10  2.95434950E-09 
     536  3.87500000E+02  3.37500000E+02 -6.68779376E-01  1.65714621E+00  9.88366835E-01  2.50000000E-02  9.74090092E-10  1.22048957E-08 
     537  4.12500000E+02  3.37500000E+02 -5.55079330E-01  1.54344616E+00  9.88366835E-01  2.50000000E-02  3.21891128E-10  5.31332037E-09 
     538  4.37500000E+02  3.37500000E+02 -1.77210822E-01  1.16557766E+00  9.88366835E-01  2.50000000E-02 -1.71347541E-09  6.07215631E-09 
     539  4.62500000E+02  3.37500000E+02 -3.32755791E-01  1.32112263E+00  9.88366835E-01  2.50000000E-02 -2.70849566E-09  1.60538083E-09 
     540  4.87500000E+02  3.37500000E+02  4.02397733E-01  5.85969102E-01  9.88366835E-01  2.50000000E-02 -3.09761637E-09  3.02375480E-09 
     541  5.12500000E+02  3.37500000E+02  9.35292297E-01  5.30745391E-02  9.88366836E-01  2.50000000E-02 -7.87679242E-09  1.12867840E-08 
     542  5.37500000E+02  3.37500000E+02  9.15586516E-02  8.96808184E-01  9.88366836E-01  2.50000000E-02 -4.10730522E-09  2.21574919E-09 
     543  5.62500000E+02  3.37500000E+02  8.15716200E-01  1.72650636E-01  9.88366836E-01  2.50000000E-02 -2.27719564E-09  6.12161315E-09 
     544  5.87500000E+02  3.37500000E+02 -5.03468074E-01  1.49183491E+00  9.88366836E-01  2.50000000E-02  2.72671671E-09  1.02554354E-08 
     545  6.12500000E+02  3.37500000E+02 -6.69021962E-01  1.65738880E+00  9.88366836E-01  2.50000000E-02  2.95549932E-09  6.04026439E-10 
     546  6.37500000E+02  3.37500000E+02 -6.42252231E-01  1.63061907E+00  9.88366836E-01  2.50000000E-02  2.27718200E-09  2.70405448E-09 
     547  6.62500000E+02  3.37500000E+02 -9.15931343E-01  1.90429818E+00  9.88366836E-01  2.50000000E-02  1.91628369E-09  1.07480616E-09 
     548  6.87500000E+02  3.37500000E+02 -3.57765820E-02  1.02414342E+00  9.88366836E-01  2.50000000E-02  2.70294239E-09  8.27861810E-10 
     549  7.12500000E+02  3.37500000E+02  1.43321703E-02  9.74034666E-01  9.88366836E-01  2.50000000E-02  2.51985174E-09  1.26556485E-09 
     550  7.37500000E+02  3.37500000E+02 -8.25790495E-01  1.81415733E+00  9.88366836E-01  2.50000000E-02  1.91396111E-09  2.76560357E-10 
     551  7.62500000E+02  3.37500000E+02 -5.13702550E-01  1.50206939E+00  9.88366836E-01  2.50000000E-02  1.73415382E-09  8.90950963E-10 
     552  7.87500000E+02  3.37500000E+02  6.87706151E-02  9.19596221E-01  9.88366836E-01  2.50000000E-02  1.68189366E-09  5.76767513E-10 
     553  8.12500000E+02  3.37500000E+02  1.57189289E-01  8.31177547E-01  9.88366836E-01  2.50000000E-02  1.19910401E-09  5.79908016E-09 
     554  8.37500000E+02  3.37500000E+02 -3.94510543E-01  1.38287738E+00  9.88366836E-01  2.50000000E-02  6.87196067E-10  2.59902565E-09 
     555  8.62500000E+02  3.37500000E+02  3.74971382E-01  6.13395454E-01  9.88366836E-01  2.50000000E-02  6.01197657E-10  1.81201516E-09 
     556  8.87500000E+02  3.37500000E+02 -3.79816420E-01  1.36818326E+00  9.88366836E-01  2.50000000E-02  1.93203783E-10  1.31525729E-09 
     557  9.12500000E+02  3.37500000E+02  1.94168431E-01  7.94198405E-01  9.88366836E-01  2.50000000E-02  8.56198655E-11  7.61299725E-10 
     558  9.37500000E+02  3.37500000E+02  4.57312719E-01  5.31054117E-01  9.88366836E-01  2.50000000E-02  6.95171989E-10  4.32889806E-09 
     559  9.62500000E+02  3.37500000E+02  8.05780058E-01  1.82586778E-01  9.88366836E-01  2.50000000E-02  1.36986362E-09  4.31135778E-09 
     560  9.87500000E+02  3.37500000E+02  3.18677521E-01  6.69689315E-01  9.88366836E-01  2.50000000E-02  2.38640637E-10  2.89975508E-09 
     561  1.25000000E+01  3.62500000E+02 -9.66060666E-01  1.95442750E+00  9.88366834E-01  2.50000000E-02 -3.15720037E-11 -1.19511736E-09 
     562  3.75000000E+01  3.62500000E+02  5.15856432E-01  4.72510402E-01  9.88366834E-01  2.50000000E-02 -5.65884278E-10 -1.42631090E-09 
     563  6.25000000E+01  3.62500000E+02 -3.34530843E-01  1.32289768E+00  9.88366834E-01  2.50000000E-02 -1.33403955E-09 -2.10902023E-09 
     564  8.75000000E+01  3.62500000E+02  3.69791417E-01  6.18575417E-01  9.88366834E-01  2.50000000E-02 -1.81380186E-09 -3.06244399E-09 
     565  1.12500000E+02  3.62500000E+02  3.35961265E-01  6.52405569E-01  9.88366834E-01  2.50000000E-02 -2.50588238E-09 -5.96568671E-09 
     566  1.37500000E+02  3.62500000E+02 -9.76369505E-01  1.96473634E+00  9.88366834E-01  2.50000000E-02 -3.38830652E-09 -2.60226392E-09 
     567  1.62500000E+02  3.62500000E+02 -7.03027348E-01  1.69139418E+00  9.88366834E-01  2.50000000E-02 -3.81583269E-09 -2.88243329E-08 
     568  1.87500000E+02  3.62500000E+02 -3.95054195E-01  1.38342103E+00  9.88366835E-01  2.50000000E-02 -2.88603347E-09 -9.52016104E-09 
     569  2.12500000E+02  3.62500000E+02 -6.06662382E-01  1.59502922E+00  9.88366834E-01  2.50000000E-02 -2.46349518E-09 -7.17993017E-09 
     570  2.37500000E+02  3.62500000E+02  1.31333254E-01  8.57033580E-01  9.88366834E-01  2.50000000E-02 -4.53211087E-09 -2.43936339E-08 
     571  2.62500000E+02  3.62500000E+02  6.78557906E-01  3.09808928E-01  9.88366834E-01  2.50000000E-02 -6.81146051E-09 -2.16432747E-08 
     572  2.87500000E+02  3.62500000E+02  8.98066731E-01  9.03001045E-02  9.88366835E-01  2.50000000E-02 -1.45256927E-08  2.22318474E-08 
     573  3.12500000E+02  3.62500000E+02  6.28986818E-01  3.59380017E-01  9.88366835E-01  2.50000000E-02 -6.33298402E-09  2.84569697E-08 
     574  3.37500000E+02  3.62500000E+02 -5.61567362E-01  1.54993420E+00  9.88366835E-01  2.50000000E-02 -5.52998823E-09  5.73260119E-10 
     575  3.62500000E+02  3.62500000E+02 -2.10584714E-01  1.19895155E+00  9.88366835E-01  2.50000000E-02 -5.93793730E-09  3.40755592E-09 
     576  3.87500000E+02  3.62500000E+02 -6.15901412E-01  1.60426825E+00  9.88366836E-01  2.50000000E-02 -5.61034752E-09  1.14521380E-08 
     577  4.12500000E+02  3.62500000E+02  4.92716108E-01  4.95650727E-01  9.88366835E-01  2.50000000E-02 -2.99288606E-09  5.64746789E-09 
     578  4.37500000E+02  3.62500000E+02 -3.55685850E-01  1.34405269E+00  9.88366835E-01  2.50000000E-02 -2.04327200E-09  7.35350057E-09 
     579  4.62500000E+02  3.62500000E+02 -9.76551710E-01  1.96491854E+00  9.88366835E-01  2.50000000E-02 -1.16211668E-09  1.03872845E-09 
     580  4.87500000E+02  3.62500000E+02 -8.66758993E-01  1.85512583E+00  9.88366835E-01  2.50000000E-02 -8.99812658E-10  1.23034165E-09 
     581  5.12500000E+02  3.62500000E+02  5.96923364E-01  3.91443472E-01  9.88366835E-01  2.50000000E-02 -2.18058883E-09  2.39791606E-09 
     582  5.37500000E+02  3.62500000E+02 -8.49782317E-01  1.83814915E+00  9.88366836E-01  2.50000000E-02 -7.65554080E-10  2.50804672E-09 
     583  5.62500000E+02  3.62500000E+02 -4.39410726E-01  1.42777756E+00  9.88366835E-01  2.50000000E-02 -8.56467910E-10  1.12356163E-09 
     584  5.87500000E+02  3.62500000E+02  5.24814540E-01  4.63552296E-01  9.88366836E-01  2.50000000E-02 -2.74419214E-09  9.15393853E-09 
     585  6.12500000E+02  3.62500000E+02  9.17688554E-01  7.06782817E-02  9.88366836E-01  2.50000000E-02 -3.12602475E-09  4.58487769E-09 
     586  6.37500000E+02  3.62500000E+02 -7.46181453E-02  1.06298498E+00  9.88366836E-01  2.50000000E-02 -2.58699824E-09  3.96362347E-09 
     587  6.62500000E+02  3.62500000E+02  3.43220318E-01  6.45146518E-01  9.88366836E-01  2.50000000E-02 -1.93628395E-09  2.00391061E-09 
     588  6.87500000E+02  3.62500000E+02  4.11170400E-02  9.47249796E-01  9.88366836E-01  2.50000000E-02 -1.17173040E-09  9.62965812E-10 
     589  7.12500000E+02  3.62500000E+02  1.37093551E-01  8.51273285E-01  9.88366836E-01  2.50000000E-02 -1.08100650E-09  1.86741123E-09 
     590  7.37500000E+02  3.62500000E+02 -5.61127821E-01  1.54949466E+00  9.88366836E-01  2.50000000E-02 -9.55499129E-10  4.23053560E-10 
     591  7.62500000E+02  3.62500000E+02 -6.32209528E-01  1.62057636E+00  9.88366836E-01  2.50000000E-02 -9.90950213E-10  8.25535316E-10 
     592  7.87500000E+02  3.62500000E+02  1.59330829E-01  8.29036007E-01  9.88366836E-01  2.50000000E-02 -1.46312720E-09  1.02915477E-09 
     593  8.12500000E+02  3.62500000E+02 -8.43544998E-01  1.83191183E+00  9.88366836E-01  2.50000000E-02 -1.63999235E-09  5.29466169E-09 
     594  8.37500000E+02  3.62500000E+02 -7.98577645E-01  1.78694448E+00  9.88366836E-01  2.50000000E-02 -1.62437732E-09  2.56341026E-09 
     595  8.62500000E+02  3.62500000E+02  8.70439201E-01  1.17927635E-01  9.88366836E-01  2.50000000E-02 -1.48376939E-09  3.56577212E-09 
     596  8.87500000E+02  3.62500000E+02 -5.89937129E-01  1.57830397E+00  9.88366836E-01  2.50000000E-02 -1.35814520E-09  1.38598324E-09 
     597  9.12500000E+02  3.62500000E+02  9.76380787E-01  1.19860488E-02  9.88366836E-01  2.50000000E-02  3.51631527E-09  4.96388701E-09 
     598  9.37500000E+02  3.62500000E+02  3.75203281E-01  6.13163555E-01  9.88366836E-01  2.50000000E-02  6.50871191E-10  3.88450598E-09 
     599  9.62500000E+02  3.62500000E+02  9.65871543E-03  9.78708120E-01  9.88366836E-01  2.50000000E-02  4.31262836E-10  1.04970775E-09 
     600  9.87500000E+02  3.62500000E+02  1.09596903E-01  8.78769933E-01  9.88366836E-01  2.50000000E-02  1.54714746E-10  2.52597126E-09 
     601  1.25000000E+01  3.87500000E+02  1.55109543E-01  8.33257292E-01  9.88366834E-01  2.50000000E-02 -1.97244902E-11 -1.60555996E-09 
     602  3.75000000E+01  3.87500000E+02 -7.71215314E-01  1.75958215E+00  9.88366834E-01  2.50000000E-02 -1.44758465E-10 -4.74741327E-10 
     603  6.25000000E+01  3.87500000E+02 -6.58958607E-01  1.64732544E+00  9.88366834E-01  2.50000000E-02 -5.43926927E-10 -1.59292364E-09 
     604  8.75000000E+01  3.87500000E+02 -5.58975465E-02  1.04426438E+00  9.88366834E-01  2.50000000E-02 -1.86437095E-09 -2.71757707E-09 
     605  1.12500000E+02  3.87500000E+02  5.28193489E-01  4.60173345E-01  9.88366834E-01  2.50000000E-02 -5.82724318E-09 -6.28912973E-09 
     606  1.37500000E+02  3.87500000E+02  6.72831520E-01  3.15535314E-01  9.88366834E-01  2.50000000E-02 -1.07294773E-08 -1.96719312E-09 
     607  1.62500000E+02  3.87500000E+02  4.06350372E-01  5.82016461E-01  9.88366833E-01  2.50000000E-02 -2.03840525E-08 -2.66655023E-08 
     608  1.87500000E+02  3.87500000E+02  3.95698919E-02  9.48796943E-01  9.88366835E-01  2.50000000E-02 -1.97115543E-08 -7.42999536E-09 
     609  2.12500000E+02  3.87500000E+02 -1.17352384E-02  1.00010207E+00  9.88366834E-01  2.50000000E-02 -1.80870155E-08 -7.53707717E-09 
     610  2.37500000E+02  3.87500000E+02 -5.69130758E-01  1.55749759E+00  9.88366834E-01  2.50000000E-02 -1.80807669E-08 -1.82156721E-08 
     611  2.62500000E+02  3.87500000E+02  3.82325208E-01  6.06041626E-01  9.88366834E-01  2.50000000E-02 -1.83931331E-08 -2.12209751E-08 
     612  2.87500000E+02  3.87500000E+02  8.00741049E-01  1.87625786E-01  9.88366835E-01  2.50000000E-02 -2.16001431E-08  7.89611841E-09 
     613  3.12500000E+02  3.87500000E+02 -4.36175349E-01  1.42454218E+00  9.88366835E-01  2.50000000E-02 -1.87683817E-08  1.78430760E-08 
     614  3.37500000E+02  3.87500000E+02 -1.47161939E-02  1.00308303E+00  9.88366835E-01  2.50000000E-02 -1.81220464E-08  2.81214445E-09 
     615  3.62500000E+02  3.87500000E+02 -7.06845146E-01  1.69521198E+00  9.88366835E-01  2.50000000E-02 -1.75578814E-08  2.68942714E-09 
     616  3.87500000E+02  3.87500000E+02  4.85538138E-02  9.39813022E-01  9.88366836E-01  2.50000000E-02 -1.43428048E-08  1.24955509E-08 
     617  4.12500000E+02  3.87500000E+02 -7.71735505E-01  1.76010234E+00  9.88366835E-01  2.50000000E-02 -1.11451652E-08  5.28350786E-09 
     618  4.37500000E+02  3.87500000E+02  1.87056193E-01  8.01310642E-01  9.88366834E-01  2.50000000E-02 -1.11127256E-08  9.08066482E-09 
     619  4.62500000E+02  3.87500000E+02  8.80330275E-01  1.08036560E-01  9.88366835E-01  2.50000000E-02 -1.23469076E-08  2.71491116E-09 
     620  4.87500000E+02  3.87500000E+02  3.42345162E-01  6.46021673E-01  9.88366835E-01  2.50000000E-02 -3.59593837E-09  1.19473932E-09 
     621  5.12500000E+02  3.87500000E+02 -8.72640495E-01  1.86100733E+00  9.88366835E-01  2.50000000E-02 -3.71553868E-09  1.29703993E-09 
     622  5.37500000E+02  3.87500000E+02  2.94931678E-01  6.93435158E-01  9.88366836E-01  2.50000000E-02 -3.01921657E-09  2.71855533E-09 
     623  5.62500000E+02  3.87500000E+02 -6.37404482E-01  1.62577132E+00  9.88366836E-01  2.50000000E-02 -8.67945850E-10  1.10175547E-09 
     624  5.87500000E+02  3.87500000E+02 -4.38549149E-01  1.42691598E+00  9.88366835E-01  2.50000000E-02 -6.89574592E-10  4.67434785E-09 
     625  6.12500000E+02  3.87500000E+02  3.51708111E-01  6.36658725E-01  9.88366835E-01  2.50000000E-02 -1.32661843E-09  1.06436161E-09 
     626  6.37500000E+02  3.87500000E+02  6.49206713E-02  9.23446164E-01  9.88366835E-01  2.50000000E-02 -1.60358805E-09  4.68457487E-09 
     627  6.62500000E+02  3.87500000E+02  9.18175539E-01  7.01912965E-02  9.88366836E-01  2.50000000E-02 -3.62616620E-09  5.81618506E-09 
     628  6.87500000E+02  3.87500000E+02 -9.20605568E-01  1.90897240E+00  9.88366836E-01  2.50000000E-02  3.28626799E-10  1.10679928E-09 
     629  7.12500000E+02  3.87500000E+02  4.03094956E-01  5.85271879E-01  9.88366836E-01  2.50000000E-02  4.04983704E-10  2.91419060E-09 
     630  7.37500000E+02  3.87500000E+02  1.94257328E-01  7.94109507E-01  9.88366836E-01  2.50000000E-02 -2.08518451E-12  1.23055438E-09 
     631  7.62500000E+02  3.87500000E+02 -4.74625661E-01  1.46299250E+00  9.88366836E-01  2.50000000E-02  2.12143655E-11  8.41204587E-10 
     632  7.87500000E+02  3.87500000E+02 -3.33009062E-01  1.32137590E+00  9.88366836E-01  2.50000000E-02  1.25202236E-10  1.67737163E-09 
     633  8.12500000E+02  3.87500000E+02 -1.39707627E-01  1.12807446E+00  9.88366836E-01  2.50000000E-02  1.97686269E-10  5.19657544E-09 
     634  8.37500000E+02  3.87500000E+02  8.25223234E-01  1.63143602E-01  9.88366836E-01  2.50000000E-02  1.70676556E-09  5.13124815E-09 
     635  8.62500000E+02  3.87500000E+02  9.51776039E-01  3.65907971E-02  9.88366836E-01  2.50000000E-02  1.78063260E-09  8.24661942E-09 
     636  8.87500000E+02  3.87500000E+02  3.19834321E-01  6.68532514E-01  9.88366836E-01  2.50000000E-02  1.25712870E-09  2.03227430E-09 
     637  9.12500000E+02  3.87500000E+02  8.76020387E-01  1.12346448E-01  9.88366836E-01  2.50000000E-02  8.36718863E-10  1.19751778E-09 
     638  9.37500000E+02  3.87500000E+02 -3.08319958E-01  1.29668679E+00  9.88366836E-01  2.50000000E-02 -7.12548142E-10  2.62536435E-09 
     639  9.62500000E+02  3.87500000E+02 -6.58719114E-01  1.64708595E+00  9.88366836E-01  2.50000000E-02 -5.27353243E-10  8.76389284E-10 
     640  9.87500000E+02  3.87500000E+02 -2.55844584E-01  1.24421142E+00  9.88366836E-01  2.50000000E-02 -1.48494978E-10  2.46361337E-09 
     641  1.25000000E+01  4.12500000E+02 -1.14667748E-01  1.10303458E+00  9.88366834E-01  2.50000000E-02  2.65379150E-10 -1.69191247E-09 
     642  3.75000000E+01  4.12500000E+02 -1.19798821E-01  1.10816566E+00  9.88366834E-01  2.50000000E-02  5.25042009E-10 -3.69098696E-10 
     643  6.25000000E+01  4.12500000E+02 -1.99528805E-01  1.18789564E+00  9.88366834E-01  2.50000000E-02  3.59281959E-11 -1.27041751E-09 
     644  8.75000000E+01  4.12500000E+02  4.43166795E-01  5.45200039E-01  9.88366834E-01  2.50000000E-02 -2.03326247E-09 -2.12610766E-09 
     645  1.12500000E+02  4.12500000E+02  6.67500279E-01  3.20866555E-01  9.88366834E-01  2.50000000E-02 -5.07144725E-09 -5.80843179E-09 
     646  1.37500000E+02  4.12500000E+02  6.79524660E-01  3.08842174E-01  9.88366834E-01  2.50000000E-02 -8.01906109E-09 -4.76315097E-10 
     647  1.62500000E+02  4.12500000E+02  7.83519136E-01  2.04847698E-01  9.88366834E-01  2.50000000E-02 -1.44654340E-08 -2.33182694E-08 
     648  1.87500000E+02  4.12500000E+02  5.42671422E-02  9.34099693E-01  9.88366835E-01  2.50000000E-02 -1.15511597E-08 -2.39205424E-09 
     649  2.12500000E+02  4.12500000E+02 -9.57887589E-02  1.08415559E+00  9.88366835E-01  2.50000000E-02 -1.22107184E-08 -4.44514219E-09 
     650  2.37500000E+02  4.12500000E+02 -7.04305250E-01  1.69267208E+00  9.88366835E-01  2.50000000E-02 -1.38145677E-08 -1.38934952E-08 
     651  2.62500000E+02  4.12500000E+02 -5.88823646E-01  1.57719048E+00  9.88366834E-01  2.50000000E-02 -1.59114571E-08 -1.93861295E-08 
     652  2.87500000E+02  4.12500000E+02 -5.23053373E-01  1.51142021E+00  9.88366835E-01  2.50000000E-02 -1.80976557E-08  1.25805716E-09 
     653  3.12500000E+02  4.12500000E+02 -8.25401872E-01  1.81376871E+00  9.88366835E-01  2.50000000E-02 -1.80695680E-08  1.69667878E-08 
     654  3.37500000E+02  4.12500000E+02  5.25067566E-01  4.63299269E-01  9.88366835E-01  2.50000000E-02 -1.63730427E-08  3.49190682E-09 
     655  3.62500000E+02  4.12500000E+02 -7.83024329E-01  1.77139116E+00  9.88366835E-01  2.50000000E-02 -1.54619045E-08  1.93827718E-09 
     656  3.87500000E+02  4.12500000E+02  5.73640254E-01  4.14726581E-01  9.88366835E-01  2.50000000E-02 -1.27906155E-08  1.10070783E-08 
     657  4.12500000E+02  4.12500000E+02  6.58338337E-01  3.30028497E-01  9.88366834E-01  2.50000000E-02 -1.16324588E-08  1.06324578E-09 
     658  4.37500000E+02  4.12500000E+02  8.36372757E-01  1.51994077E-01  9.88366835E-01  2.50000000E-02 -1.01560380E-08 -4.38425843E-10 
     659  4.62500000E+02  4.12500000E+02 -5.76557963E-01  1.56492480E+00  9.88366835E-01  2.50000000E-02 -1.38604257E-09  3.78334710E-09 
     660  4.87500000E+02  4.12500000E+02 -5.98355215E-01  1.58672205E+00  9.88366835E-01  2.50000000E-02 -1.07807633E-09  1.59694937E-09 
     661  5.12500000E+02  4.12500000E+02 -4.70305079E-01  1.45867191E+00  9.88366835E-01  2.50000000E-02 -9.40811155E-10  1.13399150E-09 
     662  5.37500000E+02  4.12500000E+02  9.68222219E-01  2.01446160E-02  9.88366835E-01  2.50000000E-02 -2.82586577E-09  7.15496526E-09 
     663  5.62500000E+02  4.12500000E+02  4.24524568E-01  5.63842267E-01  9.88366835E-01  2.50000000E-02  9.65551853E-10  1.72567669E-09 
     664  5.87500000E+02  4.12500000E+02 -1.70848611E-02  1.00545170E+00  9.88366836E-01  2.50000000E-02  1.72781779E-09  3.29657896E-09 
     665  6.12500000E+02  4.12500000E+02 -3.59020408E-01  1.34738724E+00  9.88366836E-01  2.50000000E-02  2.07436984E-09  1.10627965E-09 
     666  6.37500000E+02  4.12500000E+02 -5.20579146E-02  1.04042475E+00  9.88366836E-01  2.50000000E-02  2.80173328E-09  4.85202365E-09 
     667  6.62500000E+02  4.12500000E+02 -3.64641074E-01  1.35300791E+00  9.88366836E-01  2.50000000E-02  3.43838062E-09  3.09209603E-09 
     668  6.87500000E+02  4.12500000E+02  8.98391509E-01  8.99753267E-02  9.88366836E-01  2.50000000E-02 -2.89492269E-10  5.78328135E-09 
     669  7.12500000E+02  4.12500000E+02  6.22015577E-01  3.66351258E-01  9.88366836E-01  2.50000000E-02 -1.14492058E-09  4.44679616E-09 
     670  7.37500000E+02  4.12500000E+02 -1.48513640E-01  1.13688048E+00  9.88366836E-01  2.50000000E-02 -7.92143589E-10  1.70509459E-09 
     671  7.62500000E+02  4.12500000E+02  8.27164934E-01  1.61201902E-01  9.88366836E-01  2.50000000E-02 -2.04483763E-10  5.01982571E-09 
     672  7.87500000E+02  4.12500000E+02  6.44029528E-01  3.44337308E-01  9.88366836E-01  2.50000000E-02 -8.31079916E-10  3.40935574E-09 
     673  8.12500000E+02  4.12500000E+02 -6.87756908E-01  1.67612374E+00  9.88366836E-01  2.50000000E-02 -5.89444079E-10  4.39083914E-09 
     674  8.37500000E+02  4.12500000E+02  2.82743241E-01  7.05623594E-01  9.88366836E-01  2.50000000E-02 -1.22304868E-09  4.25666087E-09 
     675  8.62500000E+02  4.12500000E+02 -3.05489254E-02  1.01891576E+00  9.88366836E-01  2.50000000E-02 -2.04145063E-09  7.71735824E-09 
     676  8.87500000E+02  4.12500000E+02  2.06506390E-01  7.81860446E-01  9.88366836E-01  2.50000000E-02 -2.08374940E-09  1.77914912E-09 
     677  9.12500000E+02  4.12500000E+02 -5.37229149E-01  1.52559599E+00  9.88366836E-01  2.50000000E-02 -1.87002256E-09  1.07196183E-09 
     678  9.37500000E+02  4.12500000E+02 -5.68518548E-01  1.55688538E+00  9.88366836E-01  2.50000000E-02 -1.78818254E-09  2.39070248E-09 
     679  9.62500000E+02  4.12500000E+02  8.97037579E-01  9.13292565E-02  9.88366836E-01  2.50000000E-02 -5.56928232E-10  2.53012458E-09 
     680  9.87500000E+02  4.12500000E+02  3.11866661E-01  6.76500175E-01  9.88366836E-01  2.50000000E-02 -3.13362305E-11  2.52036157E-09 
     681  1.25000000E+01  4.37500000E+02 -5.21525428E-01  1.50989226E+00  9.88366834E-01  2.50000000E-02  5.82767287E-11 -1.96733971E-09 
     682  3.75000000E+01  4.37500000E+02  5.82371908E-01  4.05994926E-01  9.88366834E-01  2.50000000E-02  8.56611019E-10 -1.04464558E-09 
     683  6.25000000E+01  4.37500000E+02  8.74393557E-01  1.13973277E-01  9.88366834E-01  2.50000000E-02  3.93679106E-09 -2.33483895E-09 
     684  8.75000000E+01  4.37500000E+02 -3.58850876E-01  1.34721771E+00  9.88366834E-01  2.50000000E-02  4.84418421E-09 -2.32613926E-09 
     685  1.12500000E+02  4.37500000E+02  8.06857612E-01  1.81509222E-01  9.88366834E-01  2.50000000E-02  5.28684935E-09 -5.51545636E-09 
     686  1.37500000E+02  4.37500000E+02  8.47045990E-01  1.41320844E-01  9.88366834E-01  2.50000000E-02  7.14441626E-09 -1.76548313E-09 
     687  1.62500000E+02  4.37500000E+02 -3.74242936E-01  1.36260977E+00  9.88366834E-01  2.50000000E-02  1.10385276E-08 -1.23523669E-08 
     688  1.87500000E+02  4.37500000E+02 -2.19686907E-01  1.20805374E+00  9.88366834E-01  2.50000000E-02  1.14499088E-08  8.62760508E-10 
     689  2.12500000E+02  4.37500000E+02 -9.39235959E-01  1.92760279E+00  9.88366834E-01  2.50000000E-02  1.03435404E-08 -3.19670127E-09 
     690  2.37500000E+02  4.37500000E+02 -6.61510006E-01  1.64987684E+00  9.88366834E-01  2.50000000E-02  8.47107129E-09 -1.13790814E-08 
     691  2.62500000E+02  4.37500000E+02  5.06867385E-01  4.81499450E-01  9.88366834E-01  2.50000000E-02 -1.00939201E-09 -1.34207030E-08 
     692  2.87500000E+02  4.37500000E+02 -4.21473287E-01  1.40984012E+00  9.88366835E-01  2.50000000E-02 -4.61825509E-09  1.18883748E-09 
     693  3.12500000E+02  4.37500000E+02  7.66276348E-01  2.22090487E-01  9.88366835E-01  2.50000000E-02 -5.83108853E-09  1.78293166E-08 
     694  3.37500000E+02  4.37500000E+02 -8.48013906E-01  1.83638074E+00  9.88366835E-01  2.50000000E-02 -7.64856004E-09  4.74896859E-09 
     695  3.62500000E+02  4.37500000E+02  1.49155181E-01  8.39211654E-01  9.88366835E-01  2.50000000E-02 -7.66589103E-09  1.99862163E-09 
     696  3.87500000E+02  4.37500000E+02 -1.48167384E-01  1.13653422E+00  9.88366835E-01  2.50000000E-02 -7.87711535E-09  6.12115851E-09 
     697  4.12500000E+02  4.37500000E+02 -8.19904568E-01  1.80827140E+00  9.88366835E-01  2.50000000E-02 -8.10134471E-09 -1.36114460E-09 
     698  4.37500000E+02  4.37500000E+02 -1.08633900E-01  1.09700074E+00  9.88366835E-01  2.50000000E-02 -8.17946922E-09 -6.70485009E-09 
     699  4.62500000E+02  4.37500000E+02  7.80516317E-01  2.07850518E-01  9.88366835E-01  2.50000000E-02 -7.42377453E-09  4.63615943E-09 
     700  4.87500000E+02  4.37500000E+02  4.72469267E-01  5.15897568E-01  9.88366835E-01  2.50000000E-02 -3.17632525E-09  1.33415874E-09 
     701  5.12500000E+02  4.37500000E+02  4.65935691E-01  5.22431144E-01  9.88366835E-01  2.50000000E-02 -2.43013788E-09  6.15169182E-10 
     702  5.37500000E+02  4.37500000E+02  5.45168541E-01  4.43198294E-01  9.88366835E-01  2.50000000E-02 -2.70240103E-09 -5.17548601E-10 
     703  5.62500000E+02  4.37500000E+02  8.40862699E-01  1.47504136E-01  9.88366835E-01  2.50000000E-02 -4.31171695E-09  2.06949848E-09 
     704  5.87500000E+02  4.37500000E+02  2.23931685E-01  7.64435151E-01  9.88366836E-01  2.50000000E-02  2.38039580E-10  3.12858942E-09 
     705  6.12500000E+02  4.37500000E+02  7.57971950E-01  2.30394886E-01  9.88366835E-01  2.50000000E-02  2.11180592E-09  2.27485566E-09 
     706  6.37500000E+02  4.37500000E+02  6.26097992E-01  3.62268843E-01  9.88366835E-01  2.50000000E-02  9.98991439E-10  7.26802667E-09 
     707  6.62500000E+02  4.37500000E+02 -3.11012525E-01  1.29937936E+00  9.88366836E-01  2.50000000E-02  7.51477834E-10  2.97978913E-09 
     708  6.87500000E+02  4.37500000E+02  4.87651479E-01  5.00715356E-01  9.88366835E-01  2.50000000E-02 -4.66525036E-11  3.22349841E-09 
     709  7.12500000E+02  4.37500000E+02  1.48012393E-01  8.40354442E-01  9.88366835E-01  2.50000000E-02 -1.51723348E-09  3.01024046E-09 
     710  7.37500000E+02  4.37500000E+02  8.30803344E-01  1.57563492E-01  9.88366836E-01  2.50000000E-02 -5.76581492E-09  5.29915444E-09 
     711  7.62500000E+02  4.37500000E+02  1.16134439E-03  9.87205491E-01  9.88366836E-01  2.50000000E-02 -8.05704177E-09  6.02635286E-09 
     712  7.87500000E+02  4.37500000E+02  2.39835834E-01  7.48531002E-01  9.88366836E-01  2.50000000E-02 -8.13431163E-09  3.34064664E-09 
     713  8.12500000E+02  4.37500000E+02 -5.16214511E-01  1.50458135E+00  9.88366836E-01  2.50000000E-02 -6.63341901E-09  4.06044103E-09 
     714  8.37500000E+02  4.37500000E+02  4.95133606E-01  4.93233230E-01  9.88366835E-01  2.50000000E-02 -4.00265137E-09  2.66871589E-09 
     715  8.62500000E+02  4.37500000E+02  8.93104765E-01  9.52620710E-02  9.88366836E-01  2.50000000E-02 -4.87774406E-09  4.88646980E-09 
     716  8.87500000E+02  4.37500000E+02 -9.15906093E-02  1.07995745E+00  9.88366836E-01  2.50000000E-02 -1.38781415E-10  1.91167775E-09 
     717  9.12500000E+02  4.37500000E+02 -2.09695417E-01  1.19806225E+00  9.88366836E-01  2.50000000E-02  1.06817369E-11  1.31415054E-09 
     718  9.37500000E+02  4.37500000E+02  8.32850438E-01  1.55516397E-01  9.88366836E-01  2.50000000E-02  1.33766017E-09  2.32329179E-09 
     719  9.62500000E+02  4.37500000E+02  1.17914853E-01  8.70451983E-01  9.88366836E-01  2.50000000E-02  1.03000190E-10  2.01688462E-09 
     720  9.87500000E+02  4.37500000E+02 -4.81887803E-01  1.47025464E+00  9.88366836E-01  2.50000000E-02 -1.50820444E-13  2.01162520E-09 
     721  1.25000000E+01  4.62500000E+02  2.30331549E-02  9.65333679E-01  9.88366834E-01  2.50000000E-02 -2.88286035E-11 -2.20470168E-09 
     722  3.75000000E+01  4.62500000E+02 -3.31036185E-01  1.31940302E+00  9.88366834E-01  2.50000000E-02 -2.32018248E-10 -1.34048468E-09 
     723  6.25000000E+01  4.62500000E+02 -9.54557258E-02  1.08382256E+00  9.88366834E-01  2.50000000E-02 -3.86940800E-10 -7.46329678E-10 
     724  8.75000000E+01  4.62500000E+02  5.41319075E-01  4.47047759E-01  9.88366834E-01  2.50000000E-02 -8.43953933E-10 -2.60482504E-09 
     725  1.12500000E+02  4.62500000E+02  4.97923663E-01  4.90443172E-01  9.88366834E-01  2.50000000E-02 -8.36250300E-10 -3.44189648E-09 
     726  1.37500000E+02  4.62500000E+02  1.37524556E-01  8.50842278E-01  9.88366834E-01  2.50000000E-02  1.14686710E-10 -1.22971110E-09 
     727  1.62500000E+02  4.62500000E+02 -6.05547264E-01  1.59391410E+00  9.88366834E-01  2.50000000E-02 -5.35339730E-11 -1.17721168E-08 
     728  1.87500000E+02  4.62500000E+02  6.21008015E-01  3.67358819E-01  9.88366834E-01  2.50000000E-02 -1.46199036E-09  2.60011752E-10 
     729  2.12500000E+02  4.62500000E+02  9.48864050E-02  8.93480429E-01  9.88366834E-01  2.50000000E-02 -3.97233612E-09 -4.94724316E-09 
     730  2.37500000E+02  4.62500000E+02  6.95596543E-01  2.92770291E-01  9.88366834E-01  2.50000000E-02 -8.70907659E-09 -1.25567802E-08 
     731  2.62500000E+02  4.62500000E+02 -2.82454880E-01  1.27082171E+00  9.88366834E-01  2.50000000E-02 -1.51769247E-08 -1.04580643E-08 
     732  2.87500000E+02  4.62500000E+02  5.94399696E-01  3.93967139E-01  9.88366835E-01  2.50000000E-02 -1.65075942E-08 -3.82651634E-11 
     733  3.12500000E+02  4.62500000E+02 -9.60996431E-02  1.08446648E+00  9.88366835E-01  2.50000000E-02 -1.15450857E-08  1.63128450E-08 
     734  3.37500000E+02  4.62500000E+02 -3.82105376E-01  1.37047221E+00  9.88366834E-01  2.50000000E-02 -1.11987062E-08  3.85057802E-09 
     735  3.62500000E+02  4.62500000E+02  4.41596235E-01  5.46770600E-01  9.88366835E-01  2.50000000E-02 -1.15661029E-08  1.79095231E-09 
     736  3.87500000E+02  4.62500000E+02 -8.80956593E-01  1.86932343E+00  9.88366835E-01  2.50000000E-02 -9.90717568E-09  5.13988348E-09 
     737  4.12500000E+02  4.62500000E+02  3.44103553E-01  6.44263282E-01  9.88366835E-01  2.50000000E-02 -8.46885181E-09 -1.81525097E-09 
     738  4.37500000E+02  4.62500000E+02 -6.67223646E-01  1.65559048E+00  9.88366835E-01  2.50000000E-02 -8.14045436E-09 -7.86285758E-09 
     739  4.62500000E+02  4.62500000E+02  9.47055340E-01  4.13114950E-02  9.88366835E-01  2.50000000E-02 -9.28421740E-09  3.81207214E-09 
     740  4.87500000E+02  4.62500000E+02 -3.31682521E-01  1.32004936E+00  9.88366835E-01  2.50000000E-02 -3.55187218E-10  8.19332152E-10 
     741  5.12500000E+02  4.62500000E+02 -7.27119042E-01  1.71548588E+00  9.88366835E-01  2.50000000E-02 -3.24497019E-10  4.03596988E-11 
     742  5.37500000E+02  4.62500000E+02  4.57750880E-01  5.30615956E-01  9.88366835E-01  2.50000000E-02 -4.63497056E-10 -3.95188557E-10 
     743  5.62500000E+02  4.62500000E+02 -9.99289089E-01  1.98765592E+00  9.88366835E-01  2.50000000E-02 -6.61433369E-10  1.21506358E-10 
     744  5.87500000E+02  4.62500000E+02  8.67866651E-01  1.20500184E-01  9.88366835E-01  2.50000000E-02 -9.83898011E-10  7.88822931E-09 
     745  6.12500000E+02  4.62500000E+02 -7.98927735E-02  1.06825961E+00  9.88366835E-01  2.50000000E-02 -9.48331792E-10  1.25435977E-09 
     746  6.37500000E+02  4.62500000E+02  2.82823129E-01  7.05543706E-01  9.88366835E-01  2.50000000E-02 -1.62214708E-09  5.80968571E-09 
     747  6.62500000E+02  4.62500000E+02 -7.17620941E-01  1.70598778E+00  9.88366836E-01  2.50000000E-02 -5.65353066E-10  3.26194640E-09 
     748  6.87500000E+02  4.62500000E+02 -7.01660539E-01  1.69002737E+00  9.88366835E-01  2.50000000E-02 -1.66256022E-10  3.36302174E-09 
     749  7.12500000E+02  4.62500000E+02 -4.17054967E-01  1.40542180E+00  9.88366835E-01  2.50000000E-02 -4.75206068E-10  2.06015514E-09 
     750  7.37500000E+02  4.62500000E+02 -1.97769449E-01  1.18613628E+00  9.88366836E-01  2.50000000E-02 -4.45065255E-10  6.82315715E-09 
     751  7.62500000E+02  4.62500000E+02 -8.30364190E-01  1.81873103E+00  9.88366835E-01  2.50000000E-02 -2.49940584E-10  5.60222087E-09 
     752  7.87500000E+02  4.62500000E+02  5.93635457E-01  3.94731379E-01  9.88366836E-01  2.50000000E-02 -7.42854342E-10  2.81630240E-09 
     753  8.12500000E+02  4.62500000E+02  7.04729898E-01  2.83636937E-01  9.88366836E-01  2.50000000E-02 -1.34199354E-10  5.57298548E-09 
     754  8.37500000E+02  4.62500000E+02 -7.00610497E-02  1.05842789E+00  9.88366836E-01  2.50000000E-02 -9.80765642E-11  1.00062381E-09 
     755  8.62500000E+02  4.62500000E+02 -8.14516724E-01  1.80288356E+00  9.88366836E-01  2.50000000E-02 -1.72959311E-10  1.97844841E-10 
     756  8.87500000E+02  4.62500000E+02  6.34207618E-01  3.54159218E-01  9.88366836E-01  2.50000000E-02  1.05240120E-11  2.51866544E-09 
     757  9.12500000E+02  4.62500000E+02  5.73517688E-01  4.14849148E-01  9.88366836E-01  2.50000000E-02  4.72339875E-10  2.37603464E-09 
     758  9.37500000E+02  4.62500000E+02 -7.90801234E-01  1.77916807E+00  9.88366836E-01  2.50000000E-02  3.37977992E-10  3.94054544E-10 
     759  9.62500000E+02  4.62500000E+02  7.31669728E-01  2.56697108E-01  9.88366836E-01  2.50000000E-02 -2.45852931E-10  1.92259421E-09 
     760  9.87500000E+02  4.62500000E+02  2.14049060E-02  9.66961930E-01  9.88366836E-01  2.50000000E-02 -3.99740550E-11  1.68988890E-09 
     761  1.25000000E+01  4.87500000E+02 -8.92157871E-01  1.88052471E+00  9.88366834E-01  2.50000000E-02  6.77095859E-12 -1.98429104E-09 
     762  3.75000000E+01  4.87500000E+02  8.47139597E-01  1.41227237E-01  9.88366834E-01  2.50000000E-02  6.45342492E-11 -1.17567170E-09 
     763  6.25000000E+01  4.87500000E+02  9.07970650E-02  8.97569769E-01  9.88366834E-01  2.50000000E-02 -2.91241703E-10 -5.22547157E-10 
     764  8.75000000E+01  4.87500000E+02 -4.59866617E-01  1.44823345E+00  9.88366834E-01  2.50000000E-02 -2.87861970E-10 -1.34405763E-09 
     765  1.12500000E+02  4.87500000E+02  5.16185763E-01  4.72181072E-01  9.88366834E-01  2.50000000E-02 -5.47724886E-10 -3.08541829E-09 
     766  1.37500000E+02  4.87500000E+02 -7.13203339E-01  1.70157017E+00  9.88366834E-01  2.50000000E-02 -3.25224075E-10 -1.09453658E-09 
     767  1.62500000E+02  4.87500000E+02 -3.39224994E-01  1.32759183E+00  9.88366834E-01  2.50000000E-02 -1.42947580E-09 -1.22456879E-08 
     768  1.87500000E+02  4.87500000E+02 -4.02609231E-01  1.39097606E+00  9.88366834E-01  2.50000000E-02 -2.94972977E-09 -1.39128749E-09 
     769  2.12500000E+02  4.87500000E+02  7.36295286E-01  2.52071548E-01  9.88366835E-01  2.50000000E-02 -7.88099281E-09 -8.87545689E-09 
     770  2.37500000E+02  4.87500000E+02  2.15175153E-01  7.73191681E-01  9.88366835E-01  2.50000000E-02 -9.21072201E-09 -7.96116547E-09 
     771  2.62500000E+02  4.87500000E+02  9.58307377E-01  3.00594572E-02  9.88366834E-01  2.50000000E-02 -9.52383849E-09 -1.66854250E-08 
     772  2.87500000E+02  4.87500000E+02  4.14549800E-01  5.73817035E-01  9.88366835E-01  2.50000000E-02 -1.81605448E-09 -8.64478935E-10 
     773  3.12500000E+02  4.87500000E+02  3.57400243E-01  6.30966592E-01  9.88366835E-01  2.50000000E-02 -1.90871441E-09  1.61209492E-08 
     774  3.37500000E+02  4.87500000E+02  6.72171383E-02  9.21149697E-01  9.88366835E-01  2.50000000E-02 -1.92691912E-09  2.00113201E-09 
     775  3.62500000E+02  4.87500000E+02 -4.36419991E-02  1.03200883E+00  9.88366835E-01  2.50000000E-02 -2.15155738E-09  1.50464219E-09 
     776  3.87500000E+02  4.87500000E+02 -2.97094604E-01  1.28546144E+00  9.88366835E-01  2.50000000E-02 -2.59230868E-09  4.71408814E-09 
     777  4.12500000E+02  4.87500000E+02  3.84800043E-01  6.03566792E-01  9.88366835E-01  2.50000000E-02 -3.50388480E-09 -2.11044193E-09 
     778  4.37500000E+02  4.87500000E+02 -4.43349061E-01  1.43171590E+00  9.88366835E-01  2.50000000E-02 -6.15685601E-09 -9.15011902E-09 
     779  4.62500000E+02  4.87500000E+02  1.00492587E-01  8.87874248E-01  9.88366835E-01  2.50000000E-02 -7.16819621E-09 -1.10108243E-09 
     780  4.87500000E+02  4.87500000E+02 -2.99439289E-01  1.28780612E+00  9.88366835E-01  2.50000000E-02 -5.65097277E-09  8.33269518E-10 
     781  5.12500000E+02  4.87500000E+02 -4.52742072E-01  1.44110891E+00  9.88366835E-01  2.50000000E-02 -4.45531612E-09 -1.50815141E-10 
     782  5.37500000E+02  4.87500000E+02 -6.59007674E-01  1.64737451E+00  9.88366835E-01  2.50000000E-02 -3.87508987E-09 -2.79148152E-10 
     783  5.62500000E+02  4.87500000E+02 -5.76309235E-01  1.56467607E+00  9.88366835E-01  2.50000000E-02 -3.46618967E-09 -1.27195004E-10 
     784  5.87500000E+02  4.87500000E+02 -8.12551513E-01  1.80091835E+00  9.88366835E-01  2.50000000E-02 -2.97164294E-09  6.07603939E-09 
     785  6.12500000E+02  4.87500000E+02 -8.28069798E-01  1.81643663E+00  9.88366835E-01  2.50000000E-02 -2.54615546E-09  7.02998003E-10 
     786  6.37500000E+02  4.87500000E+02 -8.90927969E-01  1.87929480E+00  9.88366835E-01  2.50000000E-02 -2.59493057E-09  4.15184162E-09 
     787  6.62500000E+02  4.87500000E+02  4.97326608E-01  4.91040227E-01  9.88366835E-01  2.50000000E-02 -4.23530947E-09  4.55174570E-09 
     788  6.87500000E+02  4.87500000E+02  5.52784999E-01  4.35581836E-01  9.88366835E-01  2.50000000E-02 -4.09222055E-09  3.63323159E-09 
     789  7.12500000E+02  4.87500000E+02 -5.92100234E-01  1.58046707E+00  9.88366835E-01  2.50000000E-02 -4.03916195E-09  1.30751937E-09 
     790  7.37500000E+02  4.87500000E+02  9.56743792E-01  3.16230435E-02  9.88366835E-01  2.50000000E-02 -3.53569400E-09  5.01986138E-09 
     791  7.62500000E+02  4.87500000E+02 -1.85259607E-01  1.17362644E+00  9.88366835E-01  2.50000000E-02  6.66346178E-10  4.89594935E-09 
     792  7.87500000E+02  4.87500000E+02 -6.28813263E-01  1.61718010E+00  9.88366835E-01  2.50000000E-02  4.25755017E-10  1.07110395E-09 
     793  8.12500000E+02  4.87500000E+02 -4.54073316E-01  1.44244015E+00  9.88366835E-01  2.50000000E-02 -1.28752392E-10  2.87563851E-09 
     794  8.37500000E+02  4.87500000E+02 -4.02023641E-02  1.02856920E+00  9.88366836E-01  2.50000000E-02 -4.92810606E-10  9.48105408E-10 
     795  8.62500000E+02  4.87500000E+02 -9.55158516E-01  1.94352535E+00  9.88366836E-01  2.50000000E-02 -1.47692059E-10  1.41828589E-10 
     796  8.87500000E+02  4.87500000E+02 -8.69613158E-01  1.85797999E+00  9.88366835E-01  2.50000000E-02 -2.74019629E-10  9.36518584E-10 
     797  9.12500000E+02  4.87500000E+02 -6.95422540E-01  1.68378938E+00  9.88366835E-01  2.50000000E-02 -6.30980803E-10  1.49291509E-09 
     798  9.37500000E+02  4.87500000E+02 -7.92456884E-01  1.78082372E+00  9.88366836E-01  2.50000000E-02 -7.51424561E-10  3.75262667E-10 
     799  9.62500000E+02  4.87500000E+02 -4.15251851E-01  1.40361869E+00  9.88366836E-01  2.50000000E-02 -7.02716256E-10  1.69235226E-09 
     800  9.87500000E+02  4.87500000E+02 -7.79383764E-01  1.76775060E+00  9.88366836E-01  2.50000000E-02 -2.96572635E-10  1.71937140E-09 
     801  1.25000000E+01  5.12500000E+02 -1.98694032E-01  1.18706087E+00  9.88366834E-01  2.50000000E-02  1.22730288E-11 -1.96577381E-09 
     802  3.75000000E+01  5.12500000E+02 -4.78622974E-01  1.46698981E+00  9.88366834E-01  2.50000000E-02  1.72894768E-10 -6.13430767E-10 
     803  6.25000000E+01  5.12500000E+02 -9.58897534E-01  1.94726437E+00  9.88366834E-01  2.50000000E-02  3.69797534E-10 -3.19671289E-10 
     804  8.75000000E+01  5.12500000E+02 -5.07965653E-02  1.03916340E+00  9.88366834E-01  2.50000000E-02  3.60385453E-10 -1.20153893E-09 
     805  1.12500000E+02  5.12500000E+02  6.52596013E-01  3.35770821E-01  9.88366834E-01  2.50000000E-02 -6.92978709E-10 -3.19823967E-09 
     806  1.37500000E+02  5.12500000E+02 -1.17375780E-02  1.00010441E+00  9.88366834E-01  2.50000000E-02 -8.67237607E-10 -1.22766328E-09 
     807  1.62500000E+02  5.12500000E+02  7.45253151E-02  9.13841519E-01  9.88366834E-01  2.50000000E-02 -1.03580578E-09 -1.31981559E-08 
     808  1.87500000E+02  5.12500000E+02 -6.49563682E-02  1.05332320E+00  9.88366834E-01  2.50000000E-02 -1.52074587E-09 -2.02111828E-09 
     809  2.12500000E+02  5.12500000E+02  8.08191733E-01  1.80175101E-01  9.88366835E-01  2.50000000E-02 -5.42581061E-09 -8.56528215E-09 
     810  2.37500000E+02  5.12500000E+02  2.21052568E-01  7.67314266E-01  9.88366835E-01  2.50000000E-02 -6.57593448E-09 -6.98202400E-09 
     811  2.62500000E+02  5.12500000E+02  8.05511088E-01  1.82855747E-01  9.88366835E-01  2.50000000E-02 -6.73785421E-09 -3.59859798E-09 
     812  2.87500000E+02  5.12500000E+02  4.40774896E-02  9.44289346E-01  9.88366835E-01  2.50000000E-02 -2.29862378E-09  2.46266674E-10 
     813  3.12500000E+02  5.12500000E+02 -1.61642956E-01  1.15000979E+00  9.88366835E-01  2.50000000E-02 -1.93000938E-09  1.65336216E-08 
     814  3.37500000E+02  5.12500000E+02 -9.76898104E-01  1.96526494E+00  9.88366835E-01  2.50000000E-02 -1.58286174E-09  2.33825368E-09 
     815  3.62500000E+02  5.12500000E+02  8.27916857E-02  9.05575149E-01  9.88366835E-01  2.50000000E-02 -1.07730918E-09  1.72395836E-09 
     816  3.87500000E+02  5.12500000E+02 -1.61012357E-01  1.14937919E+00  9.88366835E-01  2.50000000E-02 -1.04543109E-09  4.45686287E-09 
     817  4.12500000E+02  5.12500000E+02  5.20549297E-01  4.67817538E-01  9.88366835E-01  2.50000000E-02 -1.22348349E-09 -1.47138269E-09 
     818  4.37500000E+02  5.12500000E+02  2.25939986E-01  7.62426849E-01  9.88366835E-01  2.50000000E-02 -1.53446702E-09 -1.09924470E-08 
     819  4.62500000E+02  5.12500000E+02  8.43436565E-01  1.44930270E-01  9.88366835E-01  2.50000000E-02 -2.20886849E-09 -1.51271397E-09 
     820  4.87500000E+02  5.12500000E+02  2.73522224E-01  7.14844612E-01  9.88366835E-01  2.50000000E-02 -6.01188595E-10  1.20524751E-09 
     821  5.12500000E+02  5.12500000E+02 -3.70256768E-01  1.35862360E+00  9.88366835E-01  2.50000000E-02 -3.17826906E-10 -3.43097004E-10 
     822  5.37500000E+02  5.12500000E+02 -1.86799403E-01  1.17516624E+00  9.88366835E-01  2.50000000E-02 -3.98502139E-10 -2.87510885E-10 
     823  5.62500000E+02  5.12500000E+02 -8.19173114E-01  1.80753995E+00  9.88366835E-01  2.50000000E-02 -6.12344393E-10 -4.38696786E-10 
     824  5.87500000E+02  5.12500000E+02  8.27341694E-01  1.61025141E-01  9.88366835E-01  2.50000000E-02 -1.90308438E-09  4.24123597E-09 
     825  6.12500000E+02  5.12500000E+02 -3.74597517E-01  1.36296435E+00  9.88366835E-01  2.50000000E-02 -1.79015141E-09  6.65686976E-10 
     826  6.37500000E+02  5.12500000E+02  4.44141516E-01  5.44225319E-01  9.88366835E-01  2.50000000E-02 -1.78648774E-09  2.59539425E-09 
     827  6.62500000E+02  5.12500000E+02 -9.92785098E-01  1.98115193E+00  9.88366835E-01  2.50000000E-02 -1.79671347E-09  4.19301811E-09 
     828  6.87500000E+02  5.12500000E+02 -1.45848634E-02  1.00295170E+00  9.88366835E-01  2.50000000E-02 -2.06760856E-09  2.75380871E-09 
     829  7.12500000E+02  5.12500000E+02 -4.48516774E-01  1.43688361E+00  9.88366836E-01  2.50000000E-02 -1.70362911E-09  8.73351638E-10 
     830  7.37500000E+02  5.12500000E+02 -9.41310020E-01  1.92967686E+00  9.88366835E-01  2.50000000E-02 -1.14225360E-09 -6.90959630E-11 
     831  7.62500000E+02  5.12500000E+02 -6.99160594E-01  1.68752743E+00  9.88366835E-01  2.50000000E-02 -1.02560211E-09  3.88330911E-09 
     832  7.87500000E+02  5.12500000E+02 -9.23100187E-01  1.91146702E+00  9.88366835E-01  2.50000000E-02 -1.03767467E-09  7.26868684E-10 
     833  8.12500000E+02  5.12500000E+02 -3.81021602E-02  1.02646900E+00  9.88366835E-01  2.50000000E-02 -1.04275320E-09  2.32457216E-09 
     834  8.37500000E+02  5.12500000E+02  7.64165111E-01  2.24201724E-01  9.88366835E-01  2.50000000E-02 -1.25631300E-09  1.47616901E-09 
     835  8.62500000E+02  5.12500000E+02 -9.54580350E-01  1.94294719E+00  9.88366836E-01  2.50000000E-02 -1.53822589E-10  1.52241567E-10 
     836  8.87500000E+02  5.12500000E+02 -6.71656305E-01  1.66002314E+00  9.88366836E-01  2.50000000E-02 -1.12420046E-10  8.94047219E-10 
     837  9.12500000E+02  5.12500000E+02 -1.39158553E-01  1.12752539E+00  9.88366836E-01  2.50000000E-02 -1.27912073E-10  1.36826604E-09 
     838  9.37500000E+02  5.12500000E+02  6.36652324E-01  3.51714511E-01  9.88366836E-01  2.50000000E-02 -3.31971273E-10  8.42018103E-10 
     839  9.62500000E+02  5.12500000E+02  6.13608273E-01  3.74758563E-01  9.88366836E-01  2.50000000E-02 -4.59638887E-10  1.40585153E-09 
     840  9.87500000E+02  5.12500000E+02  7.10892811E-01  2.77474024E-01  9.88366836E-01  2.50000000E-02 -2.12722414E-10  1.91972399E-09 
     841  1.25000000E+01  5.37500000E+02 -5.58057742E-02  1.04417261E+00  9.88366834E-01  2.50000000E-02 -1.39638238E-11 -2.12332692E-09 
     842  3.75000000E+01  5.37500000E+02  7.54977705E-02  9.12869064E-01  9.88366834E-01  2.50000000E-02 -1.08102517E-10 -6.08104336E-10 
     843  6.25000000E+01  5.37500000E+02 -7.54745601E-01  1.74311244E+00  9.88366834E-01  2.50000000E-02 -3.40197006E-10 -3.32229882E-10 
     844  8.75000000E+01  5.37500000E+02  8.38551358E-01  1.49815476E-01  9.88366834E-01  2.50000000E-02 -3.81252317E-09 -3.19632207E-09 
     845  1.12500000E+02  5.37500000E+02 -7.14267579E-01  1.70263441E+00  9.88366835E-01  2.50000000E-02 -4.04232855E-09 -1.04402561E-09 
     846  1.37500000E+02  5.37500000E+02  7.66191250E-01  2.22175584E-01  9.88366834E-01  2.50000000E-02 -3.13468740E-09 -2.85852109E-09 
     847  1.62500000E+02  5.37500000E+02 -1.51205253E-02  1.00348736E+00  9.88366835E-01  2.50000000E-02 -2.40435963E-09 -1.17710775E-08 
     848  1.87500000E+02  5.37500000E+02  1.73922527E-01  8.14444308E-01  9.88366834E-01  2.50000000E-02 -2.95365919E-09 -2.42110023E-09 
     849  2.12500000E+02  5.37500000E+02  5.53943166E-01  4.34423668E-01  9.88366835E-01  2.50000000E-02 -3.68710188E-09 -5.87363943E-09 
     850  2.37500000E+02  5.37500000E+02 -8.89105826E-01  1.87747266E+00  9.88366835E-01  2.50000000E-02 -2.33631913E-09 -5.86804780E-09 
     851  2.62500000E+02  5.37500000E+02 -5.81463339E-01  1.56983017E+00  9.88366835E-01  2.50000000E-02 -2.35914126E-09 -1.99517228E-09 
     852  2.87500000E+02  5.37500000E+02  6.79526210E-01  3.08840625E-01  9.88366835E-01  2.50000000E-02 -3.26040163E-09  1.49490482E-09 
     853  3.12500000E+02  5.37500000E+02  3.42334854E-01  6.46031981E-01  9.88366835E-01  2.50000000E-02 -2.64466599E-09  1.61640614E-08 
     854  3.37500000E+02  5.37500000E+02  7.51277662E-01  2.37089173E-01  9.88366835E-01  2.50000000E-02 -6.54882370E-10  3.49837227E-09 
     855  3.62500000E+02  5.37500000E+02  2.00360265E-01  7.88006570E-01  9.88366835E-01  2.50000000E-02  1.41222622E-09  1.74739416E-09 
     856  3.87500000E+02  5.37500000E+02 -3.85167497E-01  1.37353433E+00  9.88366835E-01  2.50000000E-02  2.26009583E-09  4.35904251E-09 
     857  4.12500000E+02  5.37500000E+02  2.99418132E-01  6.88948703E-01  9.88366835E-01  2.50000000E-02  3.21835019E-09 -1.14513150E-09 
     858  4.37500000E+02  5.37500000E+02 -5.27998769E-01  1.51636560E+00  9.88366835E-01  2.50000000E-02  3.21134844E-09 -1.17809341E-08 
     859  4.62500000E+02  5.37500000E+02  8.96312519E-01  9.20543158E-02  9.88366835E-01  2.50000000E-02 -2.63992138E-10 -1.13681276E-09 
     860  4.87500000E+02  5.37500000E+02 -9.42534601E-01  1.93090144E+00  9.88366835E-01  2.50000000E-02  4.67564158E-10  1.30215338E-09 
     861  5.12500000E+02  5.37500000E+02  1.67468620E-01  8.20898215E-01  9.88366835E-01  2.50000000E-02  5.15999115E-10 -4.73247809E-10 
     862  5.37500000E+02  5.37500000E+02  9.81067012E-01  7.29982294E-03  9.88366835E-01  2.50000000E-02 -1.56881838E-09 -1.05622291E-09 
     863  5.62500000E+02  5.37500000E+02 -4.50558862E-01  1.43892570E+00  9.88366835E-01  2.50000000E-02 -6.26521169E-10 -2.62629239E-10 
     864  5.87500000E+02  5.37500000E+02 -4.81840688E-01  1.47020752E+00  9.88366835E-01  2.50000000E-02 -1.05341063E-09  2.28648238E-09 
     865  6.12500000E+02  5.37500000E+02 -5.85625669E-01  1.57399250E+00  9.88366835E-01  2.50000000E-02 -1.52154152E-09  1.06233445E-09 
     866  6.37500000E+02  5.37500000E+02 -3.44327821E-01  1.33269466E+00  9.88366835E-01  2.50000000E-02 -1.56683246E-09  2.57775390E-09 
     867  6.62500000E+02  5.37500000E+02  2.66264540E-01  7.22102295E-01  9.88366835E-01  2.50000000E-02 -1.42326954E-09  3.96867722E-09 
     868  6.87500000E+02  5.37500000E+02  1.56224060E-01  8.32142776E-01  9.88366835E-01  2.50000000E-02 -1.45066127E-09  2.33670820E-09 
     869  7.12500000E+02  5.37500000E+02  5.76540307E-01  4.11826529E-01  9.88366835E-01  2.50000000E-02 -1.62244710E-09  1.45732501E-09 
     870  7.37500000E+02  5.37500000E+02 -8.37868197E-01  1.82623503E+00  9.88366835E-01  2.50000000E-02 -7.17200596E-10  1.14022346E-11 
     871  7.62500000E+02  5.37500000E+02 -5.81607387E-01  1.56997422E+00  9.88366835E-01  2.50000000E-02 -4.99535400E-10  3.30411943E-09 
     872  7.87500000E+02  5.37500000E+02 -3.57814128E-01  1.34618096E+00  9.88366835E-01  2.50000000E-02 -2.30403552E-10  5.39265470E-10 
     873  8.12500000E+02  5.37500000E+02  7.91384558E-02  9.09228380E-01  9.88366835E-01  2.50000000E-02  4.54264636E-11  2.03754916E-09 
     874  8.37500000E+02  5.37500000E+02 -5.08739061E-01  1.49710590E+00  9.88366835E-01  2.50000000E-02  7.23521566E-11  7.54356677E-10 
     875  8.62500000E+02  5.37500000E+02  8.16107980E-01  1.72258855E-01  9.88366835E-01  2.50000000E-02 -1.49772121E-10  1.13029586E-09 
     876  8.87500000E+02  5.37500000E+02 -2.94850547E-01  1.28321738E+00  9.88366835E-01  2.50000000E-02  1.17794660E-10  9.49500009E-10 
     877  9.12500000E+02  5.37500000E+02 -8.81591531E-03  9.97182751E-01  9.88366836E-01  2.50000000E-02  3.39252027E-10  1.45540708E-09 
     878  9.37500000E+02  5.37500000E+02 -8.78229413E-01  1.86659625E+00  9.88366835E-01  2.50000000E-02  3.60210717E-10  5.65149468E-10 
     879  9.62500000E+02  5.37500000E+02 -3.85030554E-01  1.37339739E+00  9.88366835E-01  2.50000000E-02  1.85320440E-10  6.37637268E-10 
     880  9.87500000E+02  5.37500000E+02 -8.45353893E-02  1.07290222E+00  9.88366835E-01  2.50000000E-02  4.73859633E-11  6.72043449E-10 
     881  1.25000000E+01  5.62500000E+02 -1.14584640E-01  1.10295147E+00  9.88366834E-01  2.50000000E-02 -1.86132829E-10 -2.56780168E-09 
     882  3.75000000E+01  5.62500000E+02  3.38627184E-01  6.49739650E-01  9.88366834E-01  2.50000000E-02 -7.43019131E-10 -9.20769186E-10 
     883  6.25000000E+01  5.62500000E+02  8.27180828E-01  1.61186006E-01  9.88366834E-01  2.50000000E-02 -1.99948119E-09 -2.61000664E-09 
     884  8.75000000E+01  5.62500000E+02  9.65357012E-01  2.30098222E-02  9.88366834E-01  2.50000000E-02 -2.87832824E-09 -6.42532418E-09 
     885  1.12500000E+02  5.62500000E+02 -3.42052154E-01  1.33041899E+00  9.88366834E-01  2.50000000E-02 -3.87689073E-10 -9.14139759E-10 
     886  1.37500000E+02  5.62500000E+02 -1.87288199E-01  1.17565503E+00  9.88366834E-01  2.50000000E-02 -3.91210475E-10 -3.43914892E-09 
     887  1.62500000E+02  5.62500000E+02 -2.76577068E-01  1.26494390E+00  9.88366834E-01  2.50000000E-02 -1.34410491E-09 -1.08830225E-08 
     888  1.87500000E+02  5.62500000E+02 -2.84951969E-01  1.27331880E+00  9.88366834E-01  2.50000000E-02 -2.30146254E-09 -2.15328232E-09 
     889  2.12500000E+02  5.62500000E+02  1.47953431E-01  8.40413404E-01  9.88366834E-01  2.50000000E-02 -2.29287149E-09 -6.32910472E-09 
     890  2.37500000E+02  5.62500000E+02  3.50708082E-01  6.37658752E-01  9.88366834E-01  2.50000000E-02 -2.58482176E-09 -5.19459664E-09 
     891  2.62500000E+02  5.62500000E+02 -8.82151087E-01  1.87051792E+00  9.88366835E-01  2.50000000E-02 -2.30931872E-09 -2.06704029E-09 
     892  2.87500000E+02  5.62500000E+02 -7.49584553E-01  1.73795139E+00  9.88366834E-01  2.50000000E-02 -2.14742087E-09 -8.28096147E-10 
     893  3.12500000E+02  5.62500000E+02 -3.56986072E-02  1.02406544E+00  9.88366834E-01  2.50000000E-02 -2.27082879E-09  1.36176586E-08 
     894  3.37500000E+02  5.62500000E+02  9.40667345E-01  4.76994899E-02  9.88366835E-01  2.50000000E-02 -4.63182064E-09  3.42641513E-09 
     895  3.62500000E+02  5.62500000E+02  7.28689455E-01  2.59677380E-01  9.88366835E-01  2.50000000E-02 -3.18568759E-10  1.01310005E-09 
     896  3.87500000E+02  5.62500000E+02  1.15865431E-01  8.72501404E-01  9.88366835E-01  2.50000000E-02  3.53247071E-10  4.30087428E-09 
     897  4.12500000E+02  5.62500000E+02 -4.70598467E-01  1.45896530E+00  9.88366835E-01  2.50000000E-02  1.31893415E-10 -1.08242703E-09 
     898  4.37500000E+02  5.62500000E+02  4.88022134E-01  5.00344701E-01  9.88366835E-01  2.50000000E-02 -5.39998938E-10 -1.26608612E-08 
     899  4.62500000E+02  5.62500000E+02 -7.43963884E-01  1.73233072E+00  9.88366835E-01  2.50000000E-02 -5.77692512E-10 -3.31948666E-10 
     900  4.87500000E+02  5.62500000E+02  8.86257588E-01  1.02109247E-01  9.88366835E-01  2.50000000E-02 -9.49888554E-10  3.06365500E-09 
     901  5.12500000E+02  5.62500000E+02  9.75623130E-01  1.27437052E-02  9.88366835E-01  2.50000000E-02 -3.26822036E-09  1.77666492E-09 
     902  5.37500000E+02  5.62500000E+02 -6.54186395E-02  1.05378547E+00  9.88366835E-01  2.50000000E-02 -7.10871839E-10  6.68838057E-10 
     903  5.62500000E+02  5.62500000E+02 -7.77567727E-01  1.76593456E+00  9.88366835E-01  2.50000000E-02 -7.22149533E-10  1.01422396E-11 
     904  5.87500000E+02  5.62500000E+02  9.45151334E-02  8.93851702E-01  9.88366835E-01  2.50000000E-02 -7.30780910E-10  2.12744408E-09 
     905  6.12500000E+02  5.62500000E+02  9.22893731E-02  8.96077462E-01  9.88366835E-01  2.50000000E-02 -8.28979163E-10  1.17081519E-09 
     906  6.37500000E+02  5.62500000E+02  8.11235559E-01  1.77131277E-01  9.88366835E-01  2.50000000E-02 -1.88269974E-09  2.14294031E-09 
     907  6.62500000E+02  5.62500000E+02 -8.91170747E-02  1.07748391E+00  9.88366835E-01  2.50000000E-02 -1.49553709E-09  3.81103456E-09 
     908  6.87500000E+02  5.62500000E+02 -2.66929104E-01  1.25529594E+00  9.88366835E-01  2.50000000E-02 -1.40667764E-09  2.37536379E-09 
     909  7.12500000E+02  5.62500000E+02  2.93419202E-01  6.94947633E-01  9.88366835E-01  2.50000000E-02 -1.31412329E-09  1.02448359E-09 
     910  7.37500000E+02  5.62500000E+02 -2.95420456E-01  1.28378729E+00  9.88366835E-01  2.50000000E-02 -9.40231809E-10  1.76569522E-10 
     911  7.62500000E+02  5.62500000E+02 -8.01096706E-01  1.78946354E+00  9.88366835E-01  2.50000000E-02 -7.94712774E-10  2.69501184E-09 
     912  7.87500000E+02  5.62500000E+02  8.40895920E-01  1.47470916E-01  9.88366835E-01  2.50000000E-02 -1.50305969E-09  1.54443711E-09 
     913  8.12500000E+02  5.62500000E+02 -6.60223018E-01  1.64858985E+00  9.88366836E-01  2.50000000E-02 -6.23362761E-10  2.38259149E-09 
     914  8.37500000E+02  5.62500000E+02  3.75355603E-01  6.13011232E-01  9.88366835E-01  2.50000000E-02 -6.64981883E-10  8.06649843E-10 
     915  8.62500000E+02  5.62500000E+02 -4.03301253E-01  1.39166809E+00  9.88366835E-01  2.50000000E-02 -1.22493418E-09  1.11345985E-09 
     916  8.87500000E+02  5.62500000E+02 -8.82689989E-01  1.87105682E+00  9.88366835E-01  2.50000000E-02 -1.27586958E-09  8.70254195E-10 
     917  9.12500000E+02  5.62500000E+02  3.13189889E-01  6.75176947E-01  9.88366836E-01  2.50000000E-02 -7.67280024E-10  1.53571750E-09 
     918  9.37500000E+02  5.62500000E+02 -1.32217871E-01  1.12058471E+00  9.88366835E-01  2.50000000E-02 -3.95415027E-10  5.38634489E-10 
     919  9.62500000E+02  5.62500000E+02 -7.36039310E-01  1.72440615E+00  9.88366835E-01  2.50000000E-02 -2.47072689E-10  5.91382001E-10 
     920  9.87500000E+02  5.62500000E+02 -9.14987545E-01  1.90335438E+00  9.88366835E-01  2.50000000E-02 -8.41542244E-11  5.69406235E-10 
     921  1.25000000E+01  5.87500000E+02  5.48764479E-01  4.39602356E-01  9.88366834E-01  2.50000000E-02 -1.63006109E-10 -4.04973833E-09 
     922  3.75000000E+01  5.87500000E+02  8.40809812E-01  1.47557022E-01  9.88366834E-01  2.50000000E-02 -1.40344498E-09 -3.15614160E-09 
     923  6.25000000E+01  5.87500000E+02 -7.42145942E-02  1.06258143E+00  9.88366835E-01  2.50000000E-02 -3.69954546E-10 -6.36936748E-10 
     924  8.75000000E+01  5.87500000E+02 -2.39418201E-01  1.22778504E+00  9.88366835E-01  2.50000000E-02 -1.53371764E-10 -5.67714134E-10 
     925  1.12500000E+02  5.87500000E+02  5.81542128E-01  4.06824707E-01  9.88366835E-01  2.50000000E-02  1.59178367E-10 -1.72810380E-09 
     926  1.37500000E+02  5.87500000E+02  8.15503331E-01  1.72863503E-01  9.88366835E-01  2.50000000E-02 -1.75296660E-09 -3.01065354E-09 
     927  1.62500000E+02  5.87500000E+02  2.34071098E-01  7.54295737E-01  9.88366834E-01  2.50000000E-02 -5.59757374E-09 -1.07044004E-08 
     928  1.87500000E+02  5.87500000E+02 -5.13579934E-01  1.50194677E+00  9.88366834E-01  2.50000000E-02 -6.92942436E-09 -2.66438253E-09 
     929  2.12500000E+02  5.87500000E+02  5.64850116E-01  4.23516718E-01  9.88366834E-01  2.50000000E-02 -9.66776834E-09 -8.47724957E-09 
     930  2.37500000E+02  5.87500000E+02  6.95866772E-01  2.92500062E-01  9.88366835E-01  2.50000000E-02 -1.03921519E-08 -7.29403288E-09 
     931  2.62500000E+02  5.87500000E+02  4.21055040E-01  5.67311795E-01  9.88366835E-01  2.50000000E-02 -8.12561849E-09 -1.61739987E-09 
     932  2.87500000E+02  5.87500000E+02  3.90903367E-01  5.97463468E-01  9.88366835E-01  2.50000000E-02 -7.26413993E-09 -1.46593048E-09 
     933  3.12500000E+02  5.87500000E+02  2.90985599E-01  6.97381236E-01  9.88366835E-01  2.50000000E-02 -6.31542608E-09  1.13533505E-08 
     934  3.37500000E+02  5.87500000E+02  1.88690182E-01  7.99676652E-01  9.88366835E-01  2.50000000E-02 -5.71799160E-09 -8.36309531E-10 
     935  3.62500000E+02  5.87500000E+02  4.67830686E-01  5.20536149E-01  9.88366835E-01  2.50000000E-02 -5.47869230E-09 -2.41594335E-10 
     936  3.87500000E+02  5.87500000E+02 -2.62553830E-02  1.01462222E+00  9.88366835E-01  2.50000000E-02 -5.29801403E-09  2.78597387E-09 
     937  4.12500000E+02  5.87500000E+02  8.77213955E-01  1.11152880E-01  9.88366835E-01  2.50000000E-02 -7.89821879E-09 -8.50791868E-10 
     938  4.37500000E+02  5.87500000E+02 -6.36819589E-01  1.62518642E+00  9.88366835E-01  2.50000000E-02 -6.21763071E-09 -1.22404483E-08 
     939  4.62500000E+02  5.87500000E+02  2.32506691E-01  7.55860144E-01  9.88366835E-01  2.50000000E-02 -6.12929068E-09 -2.56008764E-10 
     940  4.87500000E+02  5.87500000E+02 -2.48784872E-01  1.23715171E+00  9.88366835E-01  2.50000000E-02 -5.08743320E-09  5.70441789E-09 
     941  5.12500000E+02  5.87500000E+02 -5.22370654E-01  1.51073749E+00  9.88366835E-01  2.50000000E-02 -4.61330648E-09  9.37707133E-10 
     942  5.37500000E+02  5.87500000E+02 -6.24177793E-01  1.61254463E+00  9.88366835E-01  2.50000000E-02 -4.49287301E-09  6.96470627E-10 
     943  5.62500000E+02  5.87500000E+02 -5.12936838E-01  1.50130367E+00  9.88366835E-01  2.50000000E-02 -4.33829317E-09 -1.94336951E-10 
     944  5.87500000E+02  5.87500000E+02 -3.91293652E-01  1.37966049E+00  9.88366835E-01  2.50000000E-02 -4.17888452E-09  2.09197386E-09 
     945  6.12500000E+02  5.87500000E+02 -2.39706493E-01  1.22807333E+00  9.88366835E-01  2.50000000E-02 -3.70393971E-09  1.01055456E-09 
     946  6.37500000E+02  5.87500000E+02 -2.70095115E-01  1.25846195E+00  9.88366835E-01  2.50000000E-02 -3.43707230E-09  1.39467492E-10 
     947  6.62500000E+02  5.87500000E+02 -1.52645767E-01  1.14101260E+00  9.88366835E-01  2.50000000E-02 -3.69432188E-09  2.73712229E-09 
     948  6.87500000E+02  5.87500000E+02  6.09920179E-01  3.78446656E-01  9.88366835E-01  2.50000000E-02 -5.04362201E-09  2.97499049E-09 
     949  7.12500000E+02  5.87500000E+02  2.96242300E-01  6.92124536E-01  9.88366835E-01  2.50000000E-02 -4.05206725E-09  1.30958119E-09 
     950  7.37500000E+02  5.87500000E+02 -7.63312843E-01  1.75167968E+00  9.88366836E-01  2.50000000E-02 -2.53214922E-09  7.79332031E-10 
     951  7.62500000E+02  5.87500000E+02 -8.61664926E-01  1.85003176E+00  9.88366836E-01  2.50000000E-02 -2.22291397E-09  2.33307742E-09 
     952  7.87500000E+02  5.87500000E+02  7.90965086E-01  1.97401749E-01  9.88366835E-01  2.50000000E-02 -1.37255592E-09  1.64027877E-09 
     953  8.12500000E+02  5.87500000E+02  3.82152086E-01  6.06214749E-01  9.88366835E-01  2.50000000E-02 -1.09017625E-09  3.33388485E-09 
     954  8.37500000E+02  5.87500000E+02 -4.09702057E-01  1.39806889E+00  9.88366835E-01  2.50000000E-02 -9.91200898E-10  9.73114176E-10 
     955  8.62500000E+02  5.87500000E+02 -3.98703818E-01  1.38707065E+00  9.88366835E-01  2.50000000E-02 -9.99290380E-10  1.10425979E-09 
     956  8.87500000E+02  5.87500000E+02  8.83761814E-01  1.04605022E-01  9.88366836E-01  2.50000000E-02 -7.99505888E-10  1.03464003E-10 
     957  9.12500000E+02  5.87500000E+02  6.21648804E-01  3.66718032E-01  9.88366835E-01  2.50000000E-02  1.24730752E-10  1.52550529E-09 
     958  9.37500000E+02  5.87500000E+02 -6.34674977E-01  1.62304181E+00  9.88366835E-01  2.50000000E-02 -1.30257448E-10  6.15045947E-10 
     959  9.62500000E+02  5.87500000E+02  6.58150002E-02  9.22551835E-01  9.88366835E-01  2.50000000E-02 -1.75195967E-10  7.35868886E-10 
     960  9.87500000E+02  5.87500000E+02  6.34963127E-01  3.53403708E-01  9.88366835E-01  2.50000000E-02 -3.90075693E-11  6.97507710E-10 
     961  1.25000000E+01  6.12500000E+02  3.03453320E-01  6.84913515E-01  9.88366835E-01  2.50000000E-02 -1.57686384E-10 -2.78084370E-09 
     962  3.75000000E+01  6.12500000E+02 -5.37321985E-02  1.04209903E+00  9.88366835E-01  2.50000000E-02 -2.63290396E-10 -7.68026799E-10 
     963  6.25000000E+01  6.12500000E+02 -3.05673691E-01  1.29404053E+00  9.88366835E-01  2.50000000E-02 -3.16023553E-10 -4.81668337E-10 
     964  8.75000000E+01  6.12500000E+02 -2.61743157E-01  1.25010999E+00  9.88366835E-01  2.50000000E-02 -3.87838138E-10 -6.99638903E-10 
     965  1.12500000E+02  6.12500000E+02  8.15419797E-01  1.72947037E-01  9.88366835E-01  2.50000000E-02 -1.01139724E-09 -1.61999060E-09 
     966  1.37500000E+02  6.12500000E+02 -7.44647963E-01  1.73301480E+00  9.88366835E-01  2.50000000E-02 -1.17584497E-09 -1.53993990E-10 
     967  1.62500000E+02  6.12500000E+02  5.29176109E-01  4.59190725E-01  9.88366834E-01  2.50000000E-02 -2.61359084E-09 -8.17528860E-09 
     968  1.87500000E+02  6.12500000E+02  1.64077824E-01  8.24289010E-01  9.88366834E-01  2.50000000E-02 -5.45915455E-09 -3.87016433E-09 
     969  2.12500000E+02  6.12500000E+02 -5.50158379E-01  1.53852521E+00  9.88366835E-01  2.50000000E-02 -4.58631705E-09 -8.07116670E-09 
     970  2.37500000E+02  6.12500000E+02 -9.02006140E-01  1.89037298E+00  9.88366835E-01  2.50000000E-02 -4.12704802E-09 -6.47709402E-09 
     971  2.62500000E+02  6.12500000E+02  2.99165750E-01  6.89201085E-01  9.88366835E-01  2.50000000E-02 -4.52272343E-09 -5.06186828E-10 
     972  2.87500000E+02  6.12500000E+02 -8.96736737E-01  1.88510357E+00  9.88366835E-01  2.50000000E-02 -4.11102130E-09 -4.33866167E-10 
     973  3.12500000E+02  6.12500000E+02  1.61556385E-02  9.72211196E-01  9.88366835E-01  2.50000000E-02 -4.19691509E-09  9.58324471E-09 
     974  3.37500000E+02  6.12500000E+02 -2.51029848E-03  9.90877133E-01  9.88366835E-01  2.50000000E-02 -4.86478789E-09 -9.01758298E-10 
     975  3.62500000E+02  6.12500000E+02 -1.47085750E-01  1.13545258E+00  9.88366835E-01  2.50000000E-02 -4.62633847E-09 -5.32452998E-10 
     976  3.87500000E+02  6.12500000E+02 -5.05318059E-01  1.49368489E+00  9.88366835E-01  2.50000000E-02 -4.69386028E-09  5.95776322E-10 
     977  4.12500000E+02  6.12500000E+02  5.62001394E-01  4.26365440E-01  9.88366835E-01  2.50000000E-02 -7.68373282E-09 -1.01865635E-09 
     978  4.37500000E+02  6.12500000E+02  7.35463960E-01  2.52902875E-01  9.88366835E-01  2.50000000E-02 -1.09260240E-08 -9.44119072E-09 
     979  4.62500000E+02  6.12500000E+02 -4.48297505E-01  1.43666434E+00  9.88366835E-01  2.50000000E-02 -1.30770032E-08 -3.30821959E-10 
     980  4.87500000E+02  6.12500000E+02  7.97431476E-01  1.90935359E-01  9.88366835E-01  2.50000000E-02 -1.31655221E-08  5.81556522E-09 
     981  5.12500000E+02  6.12500000E+02 -6.28015485E-01  1.61638232E+00  9.88366835E-01  2.50000000E-02 -1.29359123E-08  5.44954552E-10 
     982  5.37500000E+02  6.12500000E+02  8.77500396E-01  1.10866439E-01  9.88366835E-01  2.50000000E-02 -1.02083145E-08  1.30331889E-11 
     983  5.62500000E+02  6.12500000E+02 -2.13074037E-01  1.20144087E+00  9.88366835E-01  2.50000000E-02 -4.64742581E-09 -3.33288286E-10 
     984  5.87500000E+02  6.12500000E+02  6.01599391E-01  3.86767444E-01  9.88366835E-01  2.50000000E-02 -4.03415489E-09  1.29660102E-09 
     985  6.12500000E+02  6.12500000E+02  7.52456020E-01  2.35910816E-01  9.88366835E-01  2.50000000E-02 -3.91612134E-09  6.72012101E-10 
     986  6.37500000E+02  6.12500000E+02 -6.78948890E-01  1.66731573E+00  9.88366835E-01  2.50000000E-02 -1.93928543E-09  6.46702980E-10 
     987  6.62500000E+02  6.12500000E+02 -3.99877109E-01  1.38824394E+00  9.88366835E-01  2.50000000E-02 -1.72699561E-09  1.78601688E-09 
     988  6.87500000E+02  6.12500000E+02  4.94103848E-01  4.94262988E-01  9.88366835E-01  2.50000000E-02 -1.43668972E-09  2.76726518E-09 
     989  7.12500000E+02  6.12500000E+02 -8.35357542E-01  1.82372438E+00  9.88366835E-01  2.50000000E-02 -9.99103817E-10  1.83092852E-09 
     990  7.37500000E+02  6.12500000E+02 -1.75286905E-01  1.16365374E+00  9.88366835E-01  2.50000000E-02 -8.74443065E-10  1.15431756E-09 
     991  7.62500000E+02  6.12500000E+02  8.28031203E-01  1.60335632E-01  9.88366835E-01  2.50000000E-02 -1.36620240E-09  2.42000086E-09 
     992  7.87500000E+02  6.12500000E+02  5.71861485E-01  4.16505350E-01  9.88366835E-01  2.50000000E-02 -1.21740518E-09  1.59246549E-09 
     993  8.12500000E+02  6.12500000E+02 -4.06956404E-01  1.39532324E+00  9.88366835E-01  2.50000000E-02 -8.48417305E-10  3.91771430E-09 
     994  8.37500000E+02  6.12500000E+02 -9.24495417E-01  1.91286225E+00  9.88366835E-01  2.50000000E-02 -7.66602322E-10  1.01363246E-09 
     995  8.62500000E+02  6.12500000E+02  6.60746527E-01  3.27620308E-01  9.88366835E-01  2.50000000E-02 -6.21820434E-10  9.64180313E-10 
     996  8.87500000E+02  6.12500000E+02  9.95587154E-01  1.77591039E-07  9.95587332E-01  2.50000000E-02 -3.25832771E-11 -2.17550357E-11 
     997  9.12500000E+02  6.12500000E+02 -7.59677557E-01  1.74804439E+00  9.88366835E-01  2.50000000E-02 -3.77130416E-10  8.96908631E-10 
     998  9.37500000E+02  6.12500000E+02 -4.27104154E-01  1.41547099E+00  9.88366835E-01  2.50000000E-02 -3.51426754E-10  5.75255284E-10 
     999  9.62500000E+02  6.12500000E+02  4.11357170E-01  5.77009665E-01  9.88366835E-01  2.50000000E-02 -1.39456902E-10  7.14161750E-10 
    1000  9.87500000E+02  6.12500000E+02 -6.48242668E-01  1.63660950E+00  9.88366835E-01  2.50000000E-02 -4.09967957E-12  2.83715701E-10 
    1001  1.25000000E+01  6.37500000E+02 -9.40392861E-01  1.92875970E+00  9.88366834E-01  2.50000000E-02 -1.81758756E-10 -2.39239760E-09 
    1002  3.75000000E+01  6.37500000E+02  2.92199058E-01  6.96167776E-01  9.88366835E-01  2.50000000E-02 -1.14746509E-09 -6.34938087E-10 
    1003  6.25000000E+01  6.37500000E+02  4.03752741E-01  5.84614094E-01  9.88366835E-01  2.50000000E-02 -1.36951526E-09 -5.59599014E-10 
    1004  8.75000000E+01  6.37500000E+02 -9.40355357E-01  1.92872219E+00  9.88366835E-01  2.50000000E-02 -9.81975334E-10 -7.35989043E-10 
    1005  1.12500000E+02  6.37500000E+02 -6.69036089E-01  1.65740292E+00  9.88366835E-01  2.50000000E-02 -9.15462337E-10 -2.83178523E-10 
    1006  1.37500000E+02  6.37500000E+02 -6.30592728E-01  1.61895956E+00  9.88366835E-01  2.50000000E-02 -9.80676576E-10 -7.06613600E-11 
    1007  1.62500000E+02  6.37500000E+02 -5.73665813E-01  1.56203265E+00  9.88366835E-01  2.50000000E-02 -1.02316897E-09 -3.56079364E-09 
    1008  1.87500000E+02  6.37500000E+02  9.74206108E-01  1.41607266E-02  9.88366835E-01  2.50000000E-02 -7.03577108E-09 -7.33180229E-09 
    1009  2.12500000E+02  6.37500000E+02  5.58623786E-01  4.29743049E-01  9.88366835E-01  2.50000000E-02 -4.17437576E-09 -4.60128106E-09 
    1010  2.37500000E+02  6.37500000E+02  1.43151761E-01  8.45215073E-01  9.88366835E-01  2.50000000E-02 -4.97519527E-09 -5.56333488E-09 
    1011  2.62500000E+02  6.37500000E+02 -2.12071154E-01  1.20043799E+00  9.88366835E-01  2.50000000E-02 -5.06303751E-09  5.74645624E-10 
    1012  2.87500000E+02  6.37500000E+02 -4.21580013E-01  1.40994685E+00  9.88366835E-01  2.50000000E-02 -5.04613579E-09 -8.69398025E-13 
    1013  3.12500000E+02  6.37500000E+02 -2.69652413E-01  1.25801925E+00  9.88366835E-01  2.50000000E-02 -5.13943707E-09  8.56565114E-09 
    1014  3.37500000E+02  6.37500000E+02  9.34500156E-01  5.38666786E-02  9.88366835E-01  2.50000000E-02 -2.89016069E-09 -2.37182389E-09 
    1015  3.62500000E+02  6.37500000E+02 -8.15144883E-01  1.80351172E+00  9.88366835E-01  2.50000000E-02 -2.76954155E-10 -5.09776559E-10 
    1016  3.87500000E+02  6.37500000E+02 -4.06610623E-01  1.39497746E+00  9.88366835E-01  2.50000000E-02 -3.36787305E-10 -1.45456160E-10 
    1017  4.12500000E+02  6.37500000E+02  3.49140391E-01  6.39226444E-01  9.88366835E-01  2.50000000E-02 -7.29681627E-10 -6.61448450E-10 
    1018  4.37500000E+02  6.37500000E+02 -2.34497289E-01  1.22286412E+00  9.88366835E-01  2.50000000E-02 -1.23058500E-09 -7.96356005E-09 
    1019  4.62500000E+02  6.37500000E+02 -6.23537321E-01  1.61190416E+00  9.88366835E-01  2.50000000E-02 -1.46834051E-09 -6.99287548E-10 
    1020  4.87500000E+02  6.37500000E+02  6.91516761E-01  2.96850074E-01  9.88366835E-01  2.50000000E-02 -2.08982843E-09  3.64690483E-09 
    1021  5.12500000E+02  6.37500000E+02 -6.90845646E-01  1.67921248E+00  9.88366835E-01  2.50000000E-02 -7.83821591E-10  3.83483076E-10 
    1022  5.37500000E+02  6.37500000E+02 -6.34222063E-01  1.62258890E+00  9.88366835E-01  2.50000000E-02 -7.01868321E-10 -1.07492593E-09 
    1023  5.62500000E+02  6.37500000E+02  4.58383699E-01  5.29983136E-01  9.88366835E-01  2.50000000E-02 -7.22619236E-10  3.27668612E-11 
    1024  5.87500000E+02  6.37500000E+02 -3.65768581E-01  1.35413542E+00  9.88366835E-01  2.50000000E-02 -3.69574529E-10  7.57985228E-10 
    1025  6.12500000E+02  6.37500000E+02 -6.90980806E-01  1.67934764E+00  9.88366835E-01  2.50000000E-02 -3.41791741E-10  2.17722485E-10 
    1026  6.37500000E+02  6.37500000E+02 -6.60668753E-01  1.64903559E+00  9.88366835E-01  2.50000000E-02 -4.10197701E-10  1.05850801E-09 
    1027  6.62500000E+02  6.37500000E+02  9.10784558E-01  7.75822777E-02  9.88366835E-01  2.50000000E-02 -3.20466221E-09  2.11926300E-09 
    1028  6.87500000E+02  6.37500000E+02 -3.34732112E-01  1.32309895E+00  9.88366835E-01  2.50000000E-02 -4.12110279E-09  3.08095851E-09 
    1029  7.12500000E+02  6.37500000E+02  2.61776502E-01  7.26590334E-01  9.88366835E-01  2.50000000E-02 -4.09774095E-09  1.88580858E-09 
    1030  7.37500000E+02  6.37500000E+02 -2.93455060E-01  1.28182190E+00  9.88366835E-01  2.50000000E-02 -3.78691522E-09  9.02169020E-10 
    1031  7.62500000E+02  6.37500000E+02  3.10672546E-01  6.77694289E-01  9.88366835E-01  2.50000000E-02 -3.49609295E-09  7.55857487E-10 
    1032  7.87500000E+02  6.37500000E+02  2.80939941E-01  7.07426894E-01  9.88366835E-01  2.50000000E-02 -3.64534321E-09  1.18954167E-09 
    1033  8.12500000E+02  6.37500000E+02  3.32255791E-01  6.56111045E-01  9.88366835E-01  2.50000000E-02 -3.54080167E-09  4.04673623E-09 
    1034  8.37500000E+02  6.37500000E+02  6.39458614E-01  3.48908222E-01  9.88366835E-01  2.50000000E-02 -2.71064064E-09  9.88353911E-10 
    1035  8.62500000E+02  6.37500000E+02  6.53592954E-01  3.34773881E-01  9.88366835E-01  2.50000000E-02 -1.93207370E-09  4.04282478E-10 
    1036  8.87500000E+02  6.37500000E+02 -7.00726285E-01  1.68909312E+00  9.88366835E-01  2.50000000E-02 -6.21164174E-10  3.17042115E-10 
    1037  9.12500000E+02  6.37500000E+02 -4.87372950E-01  1.47573979E+00  9.88366835E-01  2.50000000E-02 -5.00055902E-10  7.21433912E-10 
    1038  9.37500000E+02  6.37500000E+02 -5.92334440E-02  1.04760028E+00  9.88366835E-01  2.50000000E-02 -3.49186445E-10  3.82446389E-10 
    1039  9.62500000E+02  6.37500000E+02 -7.99537434E-01  1.78790427E+00  9.88366835E-01  2.50000000E-02 -1.90634196E-10  3.80898001E-10 
    1040  9.87500000E+02  6.37500000E+02 -5.07206554E-02  1.03908749E+00  9.88366835E-01  2.50000000E-02 -6.65256778E-11  1.41285709E-10 
    1041  1.25000000E+01  6.62500000E+02  7.21507143E-01  2.66859691E-01  9.88366835E-01  2.50000000E-02 -1.61730954E-10 -2.91939542E-09 
    1042  3.75000000E+01  6.62500000E+02  5.28989000E-01  4.59377835E-01  9.88366835E-01  2.50000000E-02 -1.14551317E-10 -8.81693973E-10 
    1043  6.25000000E+01  6.62500000E+02  6.53154362E-01  3.35212473E-01  9.88366835E-01  2.50000000E-02  2.33675351E-10 -9.21652277E-10 
    1044  8.75000000E+01  6.62500000E+02  1.68424251E-01  8.19942584E-01  9.88366835E-01  2.50000000E-02  6.24925141E-10 -7.81006948E-10 
    1045  1.12500000E+02  6.62500000E+02  1.44999953E-01  8.43366882E-01  9.88366835E-01  2.50000000E-02  7.88691840E-10 -3.22831491E-10 
    1046  1.37500000E+02  6.62500000E+02 -5.02182718E-01  1.49054955E+00  9.88366835E-01  2.50000000E-02  9.11981461E-10 -2.65037354E-10 
    1047  1.62500000E+02  6.62500000E+02 -5.26667734E-01  1.51503457E+00  9.88366835E-01  2.50000000E-02  9.09303161E-10 -2.76456255E-09 
    1048  1.87500000E+02  6.62500000E+02  9.41039388E-01  4.73274471E-02  9.88366835E-01  2.50000000E-02 -7.90475403E-10 -2.07561284E-09 
    1049  2.12500000E+02  6.62500000E+02  1.10856106E-01  8.77510729E-01  9.88366835E-01  2.50000000E-02  2.99225295E-10 -1.88244426E-09 
    1050  2.37500000E+02  6.62500000E+02  3.92237814E-01  5.96129020E-01  9.88366835E-01  2.50000000E-02 -2.04567697E-10 -3.86510507E-09 
    1051  2.62500000E+02  6.62500000E+02 -2.56877494E-01  1.24524433E+00  9.88366835E-01  2.50000000E-02 -5.24216303E-10  1.02408254E-09 
    1052  2.87500000E+02  6.62500000E+02 -8.93025048E-01  1.88139188E+00  9.88366835E-01  2.50000000E-02 -5.27081415E-10  1.39540640E-10 
    1053  3.12500000E+02  6.62500000E+02  7.04383125E-01  2.83983710E-01  9.88366835E-01  2.50000000E-02 -5.86449349E-10  6.94456616E-09 
    1054  3.37500000E+02  6.62500000E+02 -6.20474723E-01  1.60884156E+00  9.88366835E-01  2.50000000E-02  3.63341454E-10 -3.19338413E-10 
    1055  3.62500000E+02  6.62500000E+02  2.15328870E-01  7.73037965E-01  9.88366835E-01  2.50000000E-02  4.20638100E-10 -4.77027968E-10 
    1056  3.87500000E+02  6.62500000E+02  1.03280951E-01  8.85085884E-01  9.88366835E-01  2.50000000E-02  3.27982380E-10 -1.51131947E-10 
    1057  4.12500000E+02  6.62500000E+02 -9.20204754E-01  1.90857159E+00  9.88366835E-01  2.50000000E-02  2.63891635E-10 -1.79299681E-10 
    1058  4.37500000E+02  6.62500000E+02  8.34153607E-01  1.54213228E-01  9.88366835E-01  2.50000000E-02 -9.35228852E-10 -5.46019016E-09 
    1059  4.62500000E+02  6.62500000E+02 -6.17011257E-01  1.60537809E+00  9.88366835E-01  2.50000000E-02 -1.00857800E-09 -7.41887865E-10 
    1060  4.87500000E+02  6.62500000E+02 -1.11500883E-01  1.09986772E+00  9.88366835E-01  2.50000000E-02 -1.23992212E-09  1.53489488E-09 
    1061  5.12500000E+02  6.62500000E+02 -4.38547116E-01  1.42691395E+00  9.88366835E-01  2.50000000E-02 -1.39560069E-09  5.54353293E-10 
    1062  5.37500000E+02  6.62500000E+02  1.24881031E-01  8.63485804E-01  9.88366835E-01  2.50000000E-02 -1.25070829E-09 -1.51464829E-09 
    1063  5.62500000E+02  6.62500000E+02  8.88143054E-01  1.00223781E-01  9.88366835E-01  2.50000000E-02 -2.31260441E-09 -9.38905050E-11 
    1064  5.87500000E+02  6.62500000E+02  7.56693025E-01  2.31673810E-01  9.88366835E-01  2.50000000E-02 -1.33149837E-09  1.09898279E-09 
    1065  6.12500000E+02  6.62500000E+02 -5.59181623E-01  1.54754846E+00  9.88366835E-01  2.50000000E-02 -5.89345486E-10  3.55834015E-10 
    1066  6.37500000E+02  6.62500000E+02 -2.36502072E-01  1.22486891E+00  9.88366835E-01  2.50000000E-02 -5.73741404E-10  1.16263215E-09 
    1067  6.62500000E+02  6.62500000E+02  7.69975015E-01  2.18391821E-01  9.88366835E-01  2.50000000E-02 -1.06471284E-09  1.37997495E-09 
    1068  6.87500000E+02  6.62500000E+02 -2.62419045E-01  1.25078588E+00  9.88366835E-01  2.50000000E-02 -4.32683512E-10  3.39607884E-09 
    1069  7.12500000E+02  6.62500000E+02 -7.47798696E-01  1.73616553E+00  9.88366835E-01  2.50000000E-02 -3.42991008E-10  1.95040928E-09 
    1070  7.37500000E+02  6.62500000E+02  7.17758291E-01  2.70608545E-01  9.88366835E-01  2.50000000E-02  7.09709781E-11  1.24352365E-09 
    1071  7.62500000E+02  6.62500000E+02 -2.70231324E-01  1.25859816E+00  9.88366835E-01  2.50000000E-02  2.58998512E-11  4.13494335E-10 
    1072  7.87500000E+02  6.62500000E+02 -6.08207114E-01  1.59657395E+00  9.88366835E-01  2.50000000E-02 -9.57582940E-11  7.20531260E-10 
    1073  8.12500000E+02  6.62500000E+02  6.27633483E-01  3.60733353E-01  9.88366835E-01  2.50000000E-02 -7.15386384E-10  3.60650971E-09 
    1074  8.37500000E+02  6.62500000E+02  3.77482458E-01  6.10884378E-01  9.88366835E-01  2.50000000E-02 -5.54663634E-10  7.97362231E-10 
    1075  8.62500000E+02  6.62500000E+02 -7.49113139E-01  1.73747997E+00  9.88366835E-01  2.50000000E-02 -3.54453430E-10  4.19309553E-11 
    1076  8.87500000E+02  6.62500000E+02 -4.20707946E-01  1.40907478E+00  9.88366835E-01  2.50000000E-02 -2.93392190E-10  3.80374847E-10 
    1077  9.12500000E+02  6.62500000E+02 -5.96752387E-01  1.58511922E+00  9.88366835E-01  2.50000000E-02 -2.00597006E-10  7.04778811E-10 
    1078  9.37500000E+02  6.62500000E+02 -6.47407324E-01  1.63577416E+00  9.88366835E-01  2.50000000E-02 -1.06652855E-10  3.03959337E-10 
    1079  9.62500000E+02  6.62500000E+02  1.30377829E-01  8.57989006E-01  9.88366835E-01  2.50000000E-02  2.40968318E-12  3.05394124E-10 
    1080  9.87500000E+02  6.62500000E+02 -1.42309912E-01  1.13067675E+00  9.88366835E-01  2.50000000E-02  1.77410570E-11  8.92903432E-11 
    1081  1.25000000E+01  6.87500000E+02 -3.07977107E-01  1.29634394E+00  9.88366835E-01  2.50000000E-02  3.65586897E-11 -1.37639007E-09 
    1082  3.75000000E+01  6.87500000E+02 -5.64544706E-02  1.04482131E+00  9.88366835E-01  2.50000000E-02  7.48273658E-11 -5.40167681E-10 
    1083  6.25000000E+01  6.87500000E+02  5.18945662E-01  4.69421172E-01  9.88366835E-01  2.50000000E-02 -3.65395450E-10 -1.15042811E-09 
    1084  8.75000000E+01  6.87500000E+02 -6.36454859E-01  1.62482169E+00  9.88366835E-01  2.50000000E-02 -5.46916903E-10 -6.95578365E-10 
    1085  1.12500000E+02  6.87500000E+02 -6.85283209E-01  1.67365004E+00  9.88366835E-01  2.50000000E-02 -5.71932672E-10 -1.94502317E-10 
    1086  1.37500000E+02  6.87500000E+02 -9.97720077E-01  1.98608691E+00  9.88366835E-01  2.50000000E-02 -7.99471219E-10 -4.45699465E-10 
    1087  1.62500000E+02  6.87500000E+02 -3.34496651E-01  1.32286349E+00  9.88366834E-01  2.50000000E-02 -2.00166849E-09 -2.54694479E-09 
    1088  1.87500000E+02  6.87500000E+02 -1.78130384E-01  1.16649722E+00  9.88366835E-01  2.50000000E-02 -3.24229527E-09  1.11609720E-10 
    1089  2.12500000E+02  6.87500000E+02 -9.12266154E-01  1.90063299E+00  9.88366835E-01  2.50000000E-02 -3.12052041E-09 -9.75367196E-10 
    1090  2.37500000E+02  6.87500000E+02 -5.41857218E-01  1.53022405E+00  9.88366835E-01  2.50000000E-02 -2.94513784E-09 -2.04392170E-09 
    1091  2.62500000E+02  6.87500000E+02 -3.64935538E-01  1.35330237E+00  9.88366835E-01  2.50000000E-02 -3.18924550E-09  7.47502312E-10 
    1092  2.87500000E+02  6.87500000E+02  1.14057330E-01  8.74309505E-01  9.88366835E-01  2.50000000E-02 -3.84260894E-09  1.27565194E-10 
    1093  3.12500000E+02  6.87500000E+02  5.99342883E-02  9.28432547E-01  9.88366835E-01  2.50000000E-02 -3.68142446E-09  5.44020381E-09 
    1094  3.37500000E+02  6.87500000E+02 -6.29059867E-01  1.61742670E+00  9.88366835E-01  2.50000000E-02 -2.86969307E-09 -6.34660119E-11 
    1095  3.62500000E+02  6.87500000E+02 -5.54513131E-01  1.54287997E+00  9.88366835E-01  2.50000000E-02 -2.67262135E-09 -5.15377128E-10 
    1096  3.87500000E+02  6.87500000E+02 -2.96395410E-01  1.28476225E+00  9.88366835E-01  2.50000000E-02 -2.91405553E-09 -1.80596839E-10 
    1097  4.12500000E+02  6.87500000E+02 -1.48470216E-01  1.13683705E+00  9.88366835E-01  2.50000000E-02 -3.28171675E-09 -1.19323361E-10 
    1098  4.37500000E+02  6.87500000E+02  7.59800929E-03  9.80768826E-01  9.88366835E-01  2.50000000E-02 -3.43540858E-09 -1.96183718E-09 
    1099  4.62500000E+02  6.87500000E+02 -6.08590634E-01  1.59695747E+00  9.88366835E-01  2.50000000E-02 -3.02270384E-09 -3.49094549E-10 
    1100  4.87500000E+02  6.87500000E+02 -3.69620645E-01  1.35798748E+00  9.88366835E-01  2.50000000E-02 -3.20055194E-09  7.58497943E-10 
    1101  5.12500000E+02  6.87500000E+02  3.46211414E-01  6.42155421E-01  9.88366835E-01  2.50000000E-02 -4.26758661E-09  3.46174354E-10 
    1102  5.37500000E+02  6.87500000E+02 -2.26452086E-01  1.21481892E+00  9.88366835E-01  2.50000000E-02 -3.54594218E-09 -1.58855157E-09 
    1103  5.62500000E+02  6.87500000E+02 -5.15429995E-02  1.03990983E+00  9.88366835E-01  2.50000000E-02 -3.35059882E-09 -6.24812482E-10 
    1104  5.87500000E+02  6.87500000E+02  2.08717471E-01  7.79649364E-01  9.88366835E-01  2.50000000E-02 -3.64477564E-09  6.75435704E-10 
    1105  6.12500000E+02  6.87500000E+02 -4.30792963E-01  1.41915980E+00  9.88366835E-01  2.50000000E-02 -3.79266775E-09  4.31470302E-10 
    1106  6.37500000E+02  6.87500000E+02  4.02911505E-01  5.85455330E-01  9.88366835E-01  2.50000000E-02 -3.77433229E-09  1.40960092E-09 
    1107  6.62500000E+02  6.87500000E+02  1.26154343E-01  8.62212493E-01  9.88366835E-01  2.50000000E-02 -3.32741892E-09  8.63283298E-10 
    1108  6.87500000E+02  6.87500000E+02 -1.71976768E-01  1.16034360E+00  9.88366835E-01  2.50000000E-02 -3.19339821E-09  3.10647926E-09 
    1109  7.12500000E+02  6.87500000E+02  5.64254654E-01  4.24112182E-01  9.88366835E-01  2.50000000E-02 -2.91498149E-09  1.89704950E-09 
    1110  7.37500000E+02  6.87500000E+02 -1.49038884E-01  1.13740572E+00  9.88366835E-01  2.50000000E-02 -1.55162623E-09  1.18529287E-09 
    1111  7.62500000E+02  6.87500000E+02 -3.60254336E-01  1.34862117E+00  9.88366835E-01  2.50000000E-02 -1.25808180E-09  3.37465185E-10 
    1112  7.87500000E+02  6.87500000E+02 -7.85771987E-01  1.77413882E+00  9.88366835E-01  2.50000000E-02 -1.19637430E-09  5.96208307E-10 
    1113  8.12500000E+02  6.87500000E+02  4.57362621E-01  5.31004214E-01  9.88366835E-01  2.50000000E-02 -1.41272471E-09  2.62562626E-09 
    1114  8.37500000E+02  6.87500000E+02  6.66470773E-01  3.21896062E-01  9.88366835E-01  2.50000000E-02 -1.33485901E-09  9.87711716E-10 
    1115  8.62500000E+02  6.87500000E+02 -7.72833755E-01  1.76120059E+00  9.88366835E-01  2.50000000E-02 -2.87367651E-10  5.11463485E-11 
    1116  8.87500000E+02  6.87500000E+02  2.32845507E-01  7.55521328E-01  9.88366835E-01  2.50000000E-02 -9.59710198E-11  5.44325776E-10 
    1117  9.12500000E+02  6.87500000E+02  2.12036995E-01  7.76329840E-01  9.88366835E-01  2.50000000E-02 -1.06425064E-10  9.05737516E-10 
    1118  9.37500000E+02  6.87500000E+02  7.93162657E-01  1.95204178E-01  9.88366835E-01  2.50000000E-02 -1.43524024E-10  5.65147086E-10 
    1119  9.62500000E+02  6.87500000E+02  7.35826877E-01  2.52539958E-01  9.88366835E-01  2.50000000E-02 -1.36987460E-10  6.15677099E-10 
    1120  9.87500000E+02  6.87500000E+02 -1.15334343E-01  1.10370118E+00  9.88366835E-01  2.50000000E-02 -1.45318024E-11  1.22345088E-10 
    1121  1.25000000E+01  7.12500000E+02  2.12525782E-01  7.75841052E-01  9.88366835E-01  2.50000000E-02 -1.98584997E-11 -1.07370660E-09 
    1122  3.75000000E+01  7.12500000E+02 -1.04713308E-02  9.98838165E-01  9.88366835E-01  2.50000000E-02 -3.94754568E-11 -4.17797090E-10 
    1123  6.25000000E+01  7.12500000E+02  9.76343073E-01  1.20237615E-02  9.88366835E-01  2.50000000E-02 -1.37419978E-10 -1.78047623E-09 
    1124  8.75000000E+01  7.12500000E+02  5.34586808E-02  9.34908154E-01  9.88366835E-01  2.50000000E-02  5.59791983E-11 -4.49614625E-10 
    1125  1.12500000E+02  7.12500000E+02 -8.52450590E-01  1.84081742E+00  9.88366835E-01  2.50000000E-02  7.75421486E-11 -1.41168865E-10 
    1126  1.37500000E+02  7.12500000E+02 -9.64945501E-03  9.98016290E-01  9.88366835E-01  2.50000000E-02  3.59955466E-11 -4.36878855E-10 
    1127  1.62500000E+02  7.12500000E+02  7.74196494E-01  2.14170340E-01  9.88366835E-01  2.50000000E-02 -8.22023939E-10 -4.07716157E-09 
    1128  1.87500000E+02  7.12500000E+02  2.29713840E-01  7.58652994E-01  9.88366835E-01  2.50000000E-02 -5.78630301E-10  2.60798421E-10 
    1129  2.12500000E+02  7.12500000E+02 -2.32188020E-01  1.22055485E+00  9.88366835E-01  2.50000000E-02 -5.36678097E-10 -4.82729454E-10 
    1130  2.37500000E+02  7.12500000E+02 -9.98114426E-01  1.98648126E+00  9.88366835E-01  2.50000000E-02 -7.66991628E-10 -1.71074605E-09 
    1131  2.62500000E+02  7.12500000E+02 -9.56243896E-01  1.94461073E+00  9.88366835E-01  2.50000000E-02 -8.78105021E-10  3.35104262E-10 
    1132  2.87500000E+02  7.12500000E+02 -2.02079740E-01  1.19044657E+00  9.88366835E-01  2.50000000E-02 -9.92850328E-10 -6.55984703E-11 
    1133  3.12500000E+02  7.12500000E+02  6.56841777E-01  3.31525057E-01  9.88366835E-01  2.50000000E-02 -1.04553599E-09  3.97585958E-09 
    1134  3.37500000E+02  7.12500000E+02 -4.28067939E-01  1.41643477E+00  9.88366835E-01  2.50000000E-02  4.39700749E-11  2.35192208E-10 
    1135  3.62500000E+02  7.12500000E+02 -5.78451388E-01  1.56681822E+00  9.88366835E-01  2.50000000E-02  6.15592045E-11 -5.49902058E-10 
    1136  3.87500000E+02  7.12500000E+02  6.96919818E-01  2.91447017E-01  9.88366835E-01  2.50000000E-02 -3.51246591E-10 -4.56818590E-10 
    1137  4.12500000E+02  7.12500000E+02  6.88016199E-01  3.00350636E-01  9.88366835E-01  2.50000000E-02 -5.01779224E-10 -4.31906616E-10 
    1138  4.37500000E+02  7.12500000E+02  4.50937987E-01  5.37428848E-01  9.88366835E-01  2.50000000E-02 -7.42529342E-10 -1.33574090E-09 
    1139  4.62500000E+02  7.12500000E+02 -8.72638106E-01  1.86100494E+00  9.88366835E-01  2.50000000E-02 -5.61882596E-10 -1.05223249E-10 
    1140  4.87500000E+02  7.12500000E+02 -4.72261166E-01  1.46062800E+00  9.88366835E-01  2.50000000E-02 -6.09027143E-10  2.35425563E-10 
    1141  5.12500000E+02  7.12500000E+02  7.11608422E-01  2.76758413E-01  9.88366835E-01  2.50000000E-02 -1.89019654E-09  3.36326759E-10 
    1142  5.37500000E+02  7.12500000E+02  1.36578061E-01  8.51788774E-01  9.88366835E-01  2.50000000E-02 -1.83194407E-09 -1.12819953E-09 
    1143  5.62500000E+02  7.12500000E+02 -3.27990276E-01  1.31635711E+00  9.88366835E-01  2.50000000E-02 -1.89861454E-09 -6.27264722E-10 
    1144  5.87500000E+02  7.12500000E+02 -1.35230552E-01  1.12359739E+00  9.88366835E-01  2.50000000E-02 -2.18646428E-09  2.81682836E-10 
    1145  6.12500000E+02  7.12500000E+02  4.61645272E-01  5.26721563E-01  9.88366835E-01  2.50000000E-02 -2.86756613E-09 -1.41330523E-11 
    1146  6.37500000E+02  7.12500000E+02 -7.21591945E-01  1.70995878E+00  9.88366835E-01  2.50000000E-02 -2.13993891E-09  2.28359178E-09 
    1147  6.62500000E+02  7.12500000E+02 -6.19559136E-01  1.60792597E+00  9.88366835E-01  2.50000000E-02 -2.10481525E-09  9.16487809E-10 
    1148  6.87500000E+02  7.12500000E+02 -9.67050839E-01  1.95541767E+00  9.88366835E-01  2.50000000E-02 -2.19520901E-09  2.60509230E-09 
    1149  7.12500000E+02  7.12500000E+02  7.15133262E-01  2.73233573E-01  9.88366835E-01  2.50000000E-02 -1.79680259E-09  1.25793425E-09 
    1150  7.37500000E+02  7.12500000E+02  2.54938944E-01  7.33427892E-01  9.88366835E-01  2.50000000E-02 -9.62386936E-10  1.30912803E-09 
    1151  7.62500000E+02  7.12500000E+02 -4.88733671E-01  1.47710051E+00  9.88366835E-01  2.50000000E-02 -9.73319429E-10  2.90997310E-10 
    1152  7.87500000E+02  7.12500000E+02  5.88489260E-01  3.99877575E-01  9.88366835E-01  2.50000000E-02 -1.39739026E-09  3.43427393E-10 
    1153  8.12500000E+02  7.12500000E+02  1.42788505E-01  8.45578330E-01  9.88366835E-01  2.50000000E-02 -1.50620634E-09  2.04461478E-09 
    1154  8.37500000E+02  7.12500000E+02  9.09849421E-01  7.85174148E-02  9.88366835E-01  2.50000000E-02 -1.75318674E-09  1.16032723E-09 
    1155  8.62500000E+02  7.12500000E+02  9.96609287E-01  1.76804398E-07  9.96609464E-01  2.50000000E-02 -2.97359209E-11  2.50187929E-11 
    1156  8.87500000E+02  7.12500000E+02 -7.20531090E-01  1.70889793E+00  9.88366835E-01  2.50000000E-02 -9.89038586E-11  4.15372986E-10 
    1157  9.12500000E+02  7.12500000E+02  1.83987736E-01  8.04379100E-01  9.88366835E-01  2.50000000E-02 -2.96708664E-11  7.90934303E-10 
    1158  9.37500000E+02  7.12500000E+02 -3.67840359E-01  1.35620719E+00  9.88366835E-01  2.50000000E-02  1.90656966E-11  1.43794366E-10 
    1159  9.62500000E+02  7.12500000E+02  5.24402463E-01  4.63964373E-01  9.88366835E-01  2.50000000E-02 -2.95360815E-11  4.23382639E-10 
    1160  9.87500000E+02  7.12500000E+02  8.48327636E-01  1.40039199E-01  9.88366835E-01  2.50000000E-02 -2.89309222E-11  5.06341559E-10 
    1161  1.25000000E+01  7.37500000E+02 -7.88650651E-01  1.77701749E+00  9.88366835E-01  2.50000000E-02 -2.73612015E-13 -8.62833623E-10 
    1162  3.75000000E+01  7.37500000E+02 -4.78120813E-01  1.46648765E+00  9.88366835E-01  2.50000000E-02 -1.54260545E-11 -3.36010580E-10 
    1163  6.25000000E+01  7.37500000E+02 -6.38564569E-01  1.62693140E+00  9.88366835E-01  2.50000000E-02 -1.49745057E-11 -1.01682501E-10 
    1164  8.75000000E+01  7.37500000E+02 -7.36592694E-01  1.72495953E+00  9.88366835E-01  2.50000000E-02 -4.18817982E-11 -4.57626390E-10 
    1165  1.12500000E+02  7.37500000E+02 -2.36763111E-02  1.01204315E+00  9.88366835E-01  2.50000000E-02 -1.66896847E-10 -2.25539349E-10 
    1166  1.37500000E+02  7.37500000E+02  7.75144578E-01  2.13222257E-01  9.88366835E-01  2.50000000E-02 -8.06967973E-10 -7.06502387E-10 
    1167  1.62500000E+02  7.37500000E+02  2.58238609E-01  7.30128225E-01  9.88366835E-01  2.50000000E-02 -1.53319094E-09 -3.70520093E-09 
    1168  1.87500000E+02  7.37500000E+02  4.67752723E-01  5.20614111E-01  9.88366835E-01  2.50000000E-02 -1.56847591E-09  3.69020694E-10 
    1169  2.12500000E+02  7.37500000E+02 -2.07987256E-01  1.19635409E+00  9.88366835E-01  2.50000000E-02 -1.18345873E-09 -2.59579953E-10 
    1170  2.37500000E+02  7.37500000E+02  1.81088697E-02  9.70257965E-01  9.88366835E-01  2.50000000E-02 -1.20526167E-09 -1.67291784E-09 
    1171  2.62500000E+02  7.37500000E+02  2.37743781E-01  7.50623054E-01  9.88366835E-01  2.50000000E-02 -1.23827593E-09 -1.95657937E-10 
    1172  2.87500000E+02  7.37500000E+02  7.38630632E-02  9.14503772E-01  9.88366835E-01  2.50000000E-02 -9.25536603E-10 -3.72534363E-10 
    1173  3.12500000E+02  7.37500000E+02 -6.92625819E-01  1.68099265E+00  9.88366835E-01  2.50000000E-02 -8.57753029E-10  1.39506762E-09 
    1174  3.37500000E+02  7.37500000E+02  9.10884101E-01  7.74827341E-02  9.88366835E-01  2.50000000E-02 -2.24579214E-09  6.14677592E-10 
    1175  3.62500000E+02  7.37500000E+02 -8.89535876E-02  1.07732042E+00  9.88366835E-01  2.50000000E-02 -8.84239450E-10 -3.41695496E-10 
    1176  3.87500000E+02  7.37500000E+02  1.79161911E-01  8.09204924E-01  9.88366835E-01  2.50000000E-02 -8.90227759E-10 -2.44713697E-10 
    1177  4.12500000E+02  7.37500000E+02 -5.20105070E-01  1.50847191E+00  9.88366835E-01  2.50000000E-02 -9.52657909E-10 -1.65457727E-10 
    1178  4.37500000E+02  7.37500000E+02  1.44048664E-01  8.44318171E-01  9.88366835E-01  2.50000000E-02 -1.02787064E-09 -7.51758788E-10 
    1179  4.62500000E+02  7.37500000E+02 -2.93262894E-01  1.28162973E+00  9.88366835E-01  2.50000000E-02 -9.87260922E-10  1.04840774E-10 
    1180  4.87500000E+02  7.37500000E+02 -8.74837871E-01  1.86320471E+00  9.88366835E-01  2.50000000E-02 -9.48490599E-10  1.47643247E-10 
    1181  5.12500000E+02  7.37500000E+02  1.28077772E-02  9.75559058E-01  9.88366835E-01  2.50000000E-02 -1.02185860E-09 -7.06851171E-10 
    1182  5.37500000E+02  7.37500000E+02  8.63247758E-01  1.25119077E-01  9.88366835E-01  2.50000000E-02 -2.43970623E-09 -3.55913507E-11 
    1183  5.62500000E+02  7.37500000E+02  9.08072132E-01  8.02947031E-02  9.88366835E-01  2.50000000E-02 -3.26633294E-09 -1.60968906E-10 
    1184  5.87500000E+02  7.37500000E+02  5.53396221E-01  4.34970614E-01  9.88366835E-01  2.50000000E-02 -1.29509547E-09 -2.17364910E-10 
    1185  6.12500000E+02  7.37500000E+02  2.10395785E-01  7.77971050E-01  9.88366835E-01  2.50000000E-02 -9.33046603E-10  9.11590531E-11 
    1186  6.37500000E+02  7.37500000E+02  4.84775283E-02  9.39889307E-01  9.88366835E-01  2.50000000E-02 -8.17006121E-10  2.75795251E-09 
    1187  6.62500000E+02  7.37500000E+02 -4.85448113E-02  1.03691165E+00  9.88366835E-01  2.50000000E-02 -7.95259693E-10  9.49547896E-10 
    1188  6.87500000E+02  7.37500000E+02  9.81100052E-01  7.26678376E-03  9.88366835E-01  2.50000000E-02 -1.51899248E-09  2.32806795E-09 
    1189  7.12500000E+02  7.37500000E+02  2.79590471E-01  7.08776364E-01  9.88366835E-01  2.50000000E-02 -1.14450682E-10  5.89762175E-10 
    1190  7.37500000E+02  7.37500000E+02 -1.65822439E-01  1.15418927E+00  9.88366835E-01  2.50000000E-02 -8.49252835E-11  1.26982800E-09 
    1191  7.62500000E+02  7.37500000E+02 -6.23547884E-01  1.61191472E+00  9.88366835E-01  2.50000000E-02 -1.77937222E-11  2.52291516E-10 
    1192  7.87500000E+02  7.37500000E+02 -7.41045783E-01  1.72941262E+00  9.88366835E-01  2.50000000E-02  6.38602644E-12  2.12133094E-10 
    1193  8.12500000E+02  7.37500000E+02  6.28917049E-01  3.59449786E-01  9.88366835E-01  2.50000000E-02  1.35857679E-10  1.67087929E-09 
    1194  8.37500000E+02  7.37500000E+02 -1.29294933E-01  1.11766177E+00  9.88366835E-01  2.50000000E-02  1.58004724E-10  2.42955245E-10 
    1195  8.62500000E+02  7.37500000E+02  6.99776301E-01  2.88590534E-01  9.88366835E-01  2.50000000E-02 -1.12380695E-10  5.46766968E-10 
    1196  8.87500000E+02  7.37500000E+02 -7.91778566E-01  1.78014540E+00  9.88366835E-01  2.50000000E-02  2.24901622E-11  3.53932300E-10 
    1197  9.12500000E+02  7.37500000E+02 -3.81969586E-01  1.37033642E+00  9.88366835E-01  2.50000000E-02  1.52210822E-11  5.36688195E-10 
    1198  9.37500000E+02  7.37500000E+02 -2.37369274E-01  1.22573611E+00  9.88366835E-01  2.50000000E-02 -1.00254689E-11  1.17695824E-10 
    1199  9.62500000E+02  7.37500000E+02 -1.28648872E-01  1.11701571E+00  9.88366835E-01  2.50000000E-02  5.05593774E-11  3.44388680E-10 
    1200  9.87500000E+02  7.37500000E+02 -9.95164348E-01  1.98353118E+00  9.88366835E-01  2.50000000E-02  3.31826506E-11  1.58168117E-10 
    1201  1.25000000E+01  7.62500000E+02 -1.29155342E-01  1.11752218E+00  9.88366835E-01  2.50000000E-02 -1.39750464E-10 -8.27431274E-10 
    1202  3.75000000E+01  7.62500000E+02 -5.83351884E-01  1.57171872E+00  9.88366835E-01  2.50000000E-02 -3.12379860E-10 -2.88141585E-10 
    1203  6.25000000E+01  7.62500000E+02  2.15780788E-01  7.72586047E-01  9.88366835E-01  2.50000000E-02 -3.32202943E-10 -1.40473163E-10 
    1204  8.75000000E+01  7.62500000E+02  1.67498107E-01  8.20868727E-01  9.88366835E-01  2.50000000E-02 -3.11485785E-10 -4.03134409E-10 
    1205  1.12500000E+02  7.62500000E+02 -4.84599483E-01  1.47296632E+00  9.88366835E-01  2.50000000E-02 -3.16794843E-10 -2.68416677E-10 
    1206  1.37500000E+02  7.62500000E+02  6.08456202E-01  3.79910633E-01  9.88366835E-01  2.50000000E-02 -2.19923989E-10 -6.67861912E-10 
    1207  1.62500000E+02  7.62500000E+02  9.15172981E-01  7.31938531E-02  9.88366835E-01  2.50000000E-02 -2.99390681E-10 -2.69746112E-09 
    1208  1.87500000E+02  7.62500000E+02 -9.82501712E-01  1.97086855E+00  9.88366835E-01  2.50000000E-02  1.92160314E-12  1.04211464E-10 
    1209  2.12500000E+02  7.62500000E+02 -9.44664556E-01  1.93303139E+00  9.88366835E-01  2.50000000E-02  1.00689098E-11 -2.00480360E-10 
    1210  2.37500000E+02  7.62500000E+02 -3.23494052E-01  1.31186089E+00  9.88366835E-01  2.50000000E-02 -1.79500552E-10 -1.79822339E-09 
    1211  2.62500000E+02  7.62500000E+02  4.96707116E-01  4.91659719E-01  9.88366835E-01  2.50000000E-02 -9.22533998E-10 -6.36270177E-10 
    1212  2.87500000E+02  7.62500000E+02 -2.92645816E-01  1.28101265E+00  9.88366835E-01  2.50000000E-02 -1.00558200E-09 -4.13850879E-10 
    1213  3.12500000E+02  7.62500000E+02  2.98231197E-01  6.90135638E-01  9.88366835E-01  2.50000000E-02 -9.24158374E-10  5.65264574E-10 
    1214  3.37500000E+02  7.62500000E+02 -9.59836919E-01  1.94820375E+00  9.88366835E-01  2.50000000E-02 -5.60117405E-10  3.59714018E-10 
    1215  3.62500000E+02  7.62500000E+02 -6.97700009E-01  1.68606684E+00  9.88366835E-01  2.50000000E-02 -5.39613916E-10 -3.06596660E-10 
    1216  3.87500000E+02  7.62500000E+02  6.40197572E-01  3.48169263E-01  9.88366835E-01  2.50000000E-02 -7.66585445E-10 -2.42651543E-10 
    1217  4.12500000E+02  7.62500000E+02  3.51639594E-01  6.36727241E-01  9.88366835E-01  2.50000000E-02 -4.40633599E-10 -1.24127037E-10 
    1218  4.37500000E+02  7.62500000E+02 -2.59690226E-01  1.24805706E+00  9.88366835E-01  2.50000000E-02 -2.55571419E-10 -4.28638161E-10 
    1219  4.62500000E+02  7.62500000E+02 -4.54942193E-01  1.44330903E+00  9.88366835E-01  2.50000000E-02 -2.30130088E-10  1.10239173E-10 
    1220  4.87500000E+02  7.62500000E+02  9.69373941E-01  1.89928942E-02  9.88366835E-01  2.50000000E-02 -3.61168413E-09 -1.59143135E-09 
    1221  5.12500000E+02  7.62500000E+02  4.18351814E-01  5.70015021E-01  9.88366835E-01  2.50000000E-02 -4.23596909E-09 -1.08966857E-09 
    1222  5.37500000E+02  7.62500000E+02  8.74381873E-01  1.13984962E-01  9.88366835E-01  2.50000000E-02 -3.92364814E-09 -1.82318877E-10 
    1223  5.62500000E+02  7.62500000E+02 -2.27439838E-01  1.21580667E+00  9.88366835E-01  2.50000000E-02 -1.81452556E-09  1.37647910E-09 
    1224  5.87500000E+02  7.62500000E+02  4.74677530E-01  5.13689305E-01  9.88366835E-01  2.50000000E-02 -1.47533979E-09 -9.43800290E-11 
    1225  6.12500000E+02  7.62500000E+02 -7.90045506E-01  1.77841234E+00  9.88366835E-01  2.50000000E-02 -8.73683438E-10  2.51281132E-10 
    1226  6.37500000E+02  7.62500000E+02 -1.95074996E-01  1.18344183E+00  9.88366835E-01  2.50000000E-02 -7.93392397E-10  2.64173300E-09 
    1227  6.62500000E+02  7.62500000E+02  6.23433476E-01  3.64933360E-01  9.88366835E-01  2.50000000E-02 -1.04161713E-09  8.26648772E-10 
    1228  6.87500000E+02  7.62500000E+02 -4.47466695E-01  1.43583353E+00  9.88366835E-01  2.50000000E-02 -8.30097546E-10  6.12207537E-10 
    1229  7.12500000E+02  7.62500000E+02 -7.85039710E-01  1.77340655E+00  9.88366835E-01  2.50000000E-02 -8.72976286E-10  2.17246203E-10 
    1230  7.37500000E+02  7.62500000E+02  7.57658276E-02  9.12601008E-01  9.88366835E-01  2.50000000E-02 -8.14957126E-10  1.12663819E-09 
    1231  7.62500000E+02  7.62500000E+02 -6.01492353E-02  1.04851607E+00  9.88366835E-01  2.50000000E-02 -5.63321119E-10  2.24415578E-10 
    1232  7.87500000E+02  7.62500000E+02 -2.35893939E-01  1.22426077E+00  9.88366835E-01  2.50000000E-02 -4.48318371E-10  1.33130475E-10 
    1233  8.12500000E+02  7.62500000E+02 -6.03943320E-02  1.04876117E+00  9.88366835E-01  2.50000000E-02 -4.64604074E-10  7.62985718E-10 
    1234  8.37500000E+02  7.62500000E+02 -7.55900906E-01  1.74426774E+00  9.88366835E-01  2.50000000E-02 -5.60052211E-10  1.81100279E-10 
    1235  8.62500000E+02  7.62500000E+02  4.88671498E-01  4.99695337E-01  9.88366835E-01  2.50000000E-02 -6.45909425E-10  3.70767677E-10 
    1236  8.87500000E+02  7.62500000E+02 -6.98894523E-01  1.68726136E+00  9.88366835E-01  2.50000000E-02 -2.94351179E-10  3.55130131E-10 
    1237  9.12500000E+02  7.62500000E+02 -7.87935242E-01  1.77630208E+00  9.88366835E-01  2.50000000E-02 -1.52291252E-10  5.01530567E-10 
    1238  9.37500000E+02  7.62500000E+02 -7.18559022E-01  1.70692586E+00  9.88366835E-01  2.50000000E-02 -6.71354161E-11  1.20264383E-10 
    1239  9.62500000E+02  7.62500000E+02  9.62182206E-01  2.61846291E-02  9.88366835E-01  2.50000000E-02  1.90263923E-10  5.45319702E-10 
    1240  9.87500000E+02  7.62500000E+02 -2.96470198E-01  1.28483703E+00  9.88366835E-01  2.50000000E-02  8.10938670E-13  1.48395054E-10 
    1241  1.25000000E+01  7.87500000E+02  5.12184706E-01  4.76182128E-01  9.88366835E-01  2.50000000E-02 -1.92718224E-11 -1.11143000E-09 
    1242  3.75000000E+01  7.87500000E+02 -5.05686300E-01  1.49405313E+00  9.88366835E-01  2.50000000E-02 -2.00834740E-10 -3.15046591E-10 
    1243  6.25000000E+01  7.87500000E+02 -6.10630668E-01  1.59899750E+00  9.88366835E-01  2.50000000E-02 -1.88438620E-10 -2.29608811E-10 
    1244  8.75000000E+01  7.87500000E+02 -7.69718752E-01  1.75808559E+00  9.88366835E-01  2.50000000E-02 -1.95978207E-10 -4.35549243E-10 
    1245  1.12500000E+02  7.87500000E+02 -3.74472949E-01  1.36283978E+00  9.88366835E-01  2.50000000E-02 -2.43469384E-10 -3.22369352E-10 
    1246  1.37500000E+02  7.87500000E+02 -3.26369102E-01  1.31473594E+00  9.88366835E-01  2.50000000E-02 -2.35164986E-10 -8.26705622E-10 
    1247  1.62500000E+02  7.87500000E+02  9.77163706E-01  1.12031284E-02  9.88366835E-01  2.50000000E-02 -2.92666142E-09 -5.60418308E-09 
    1248  1.87500000E+02  7.87500000E+02  1.55964062E-01  8.32402773E-01  9.88366835E-01  2.50000000E-02 -1.20607204E-09  2.81678169E-10 
    1249  2.12500000E+02  7.87500000E+02  5.81497036E-01  4.06869798E-01  9.88366835E-01  2.50000000E-02 -1.40015146E-09 -4.55581659E-10 
    1250  2.37500000E+02  7.87500000E+02  4.52434962E-01  5.35931873E-01  9.88366835E-01  2.50000000E-02 -1.74430867E-09 -1.81253929E-09 
    1251  2.62500000E+02  7.87500000E+02 -9.81250213E-01  1.96961705E+00  9.88366835E-01  2.50000000E-02 -1.85751525E-09 -1.06821100E-09 
    1252  2.87500000E+02  7.87500000E+02  9.24848470E-01  6.35183647E-02  9.88366835E-01  2.50000000E-02 -1.66616951E-09 -7.96548082E-10 
    1253  3.12500000E+02  7.87500000E+02 -1.50094150E-01  1.13846098E+00  9.88366835E-01  2.50000000E-02  8.91957463E-11  3.91282314E-10 
    1254  3.37500000E+02  7.87500000E+02 -6.36470323E-02  1.05201387E+00  9.88366835E-01  2.50000000E-02  5.34244521E-11  4.10669587E-10 
    1255  3.62500000E+02  7.87500000E+02 -6.96106355E-01  1.68447319E+00  9.88366835E-01  2.50000000E-02 -6.25068140E-11 -3.74888573E-10 
    1256  3.87500000E+02  7.87500000E+02  7.16918299E-01  2.71448536E-01  9.88366835E-01  2.50000000E-02 -5.73616535E-10 -3.39287929E-10 
    1257  4.12500000E+02  7.87500000E+02  3.94637213E-01  5.93729622E-01  9.88366835E-01  2.50000000E-02 -5.78110686E-10 -3.14120177E-11 
    1258  4.37500000E+02  7.87500000E+02 -5.07367031E-01  1.49573387E+00  9.88366835E-01  2.50000000E-02 -5.65189139E-10 -1.80011881E-10 
    1259  4.62500000E+02  7.87500000E+02 -5.70342437E-01  1.55870927E+00  9.88366835E-01  2.50000000E-02 -6.75803208E-10 -4.85238927E-11 
    1260  4.87500000E+02  7.87500000E+02  7.32570805E-01  2.55796030E-01  9.88366835E-01  2.50000000E-02 -2.56974782E-09 -6.17650921E-11 
    1261  5.12500000E+02  7.87500000E+02  8.03825180E-01  1.84541655E-01  9.88366835E-01  2.50000000E-02 -3.67050795E-09 -7.57087340E-10 
    1262  5.37500000E+02  7.87500000E+02 -2.96755179E-01  1.28512201E+00  9.88366835E-01  2.50000000E-02 -4.62854101E-09  5.08801800E-10 
    1263  5.62500000E+02  7.87500000E+02  7.65708990E-01  2.22657846E-01  9.88366835E-01  2.50000000E-02 -4.48581265E-09  1.59232908E-09 
    1264  5.87500000E+02  7.87500000E+02  5.18666491E-01  4.69700344E-01  9.88366835E-01  2.50000000E-02 -3.08521720E-09  1.48159232E-10 
    1265  6.12500000E+02  7.87500000E+02  1.92842463E-02  9.69082589E-01  9.88366835E-01  2.50000000E-02 -2.13449531E-09  5.54171426E-10 
    1266  6.37500000E+02  7.87500000E+02  1.01460689E-01  8.86906146E-01  9.88366835E-01  2.50000000E-02 -1.86533787E-09  2.52760917E-09 
    1267  6.62500000E+02  7.87500000E+02  7.70351714E-01  2.18015121E-01  9.88366835E-01  2.50000000E-02 -1.29685199E-09  7.12884074E-10 
    1268  6.87500000E+02  7.87500000E+02 -3.93053304E-01  1.38142014E+00  9.88366835E-01  2.50000000E-02 -3.66414206E-10  7.14544547E-10 
    1269  7.12500000E+02  7.87500000E+02 -4.89428734E-02  1.03730971E+00  9.88366835E-01  2.50000000E-02 -3.05279438E-10  3.58022264E-11 
    1270  7.37500000E+02  7.87500000E+02  3.05378955E-01  6.82987880E-01  9.88366835E-01  2.50000000E-02 -2.33607918E-10  9.96206454E-10 
    1271  7.62500000E+02  7.87500000E+02  1.15064248E-02  9.76860411E-01  9.88366835E-01  2.50000000E-02 -8.88260062E-11  1.71039129E-10 
    1272  7.87500000E+02  7.87500000E+02 -6.54236181E-01  1.64260302E+00  9.88366835E-01  2.50000000E-02 -3.21703446E-11  7.74319505E-11 
    1273  8.12500000E+02  7.87500000E+02 -5.28859316E-01  1.51722615E+00  9.88366835E-01  2.50000000E-02 -6.30261062E-11  5.48400909E-10 
    1274  8.37500000E+02  7.87500000E+02  4.81049763E-01  5.07317072E-01  9.88366835E-01  2.50000000E-02 -3.63526057E-10  1.11772346E-10 
    1275  8.62500000E+02  7.87500000E+02 -1.20181723E-01  1.10854856E+00  9.88366835E-01  2.50000000E-02 -3.91469174E-10  4.50433292E-10 
    1276  8.87500000E+02  7.87500000E+02 -7.05859829E-01  1.69422666E+00  9.88366835E-01  2.50000000E-02 -3.30939342E-10  3.73951206E-10 
    1277  9.12500000E+02  7.87500000E+02  5.00367896E-01  4.87998939E-01  9.88366835E-01  2.50000000E-02 -1.69016423E-10  6.16968871E-10 
    1278  9.37500000E+02  7.87500000E+02  9.34024516E-01  5.43423197E-02  9.88366835E-01  2.50000000E-02 -1.14095733E-10  4.00848201E-10 
    1279  9.62500000E+02  7.87500000E+02  4.22830000E-02  9.46083835E-01  9.88366835E-01  2.50000000E-02  2.24062658E-11 -2.52832439E-11 
    1280  9.87500000E+02  7.87500000E+02 -5.49122951E-01  1.53748979E+00  9.88366835E-01  2.50000000E-02  7.80124933E-12  1.46017205E-10 
    1281  1.25000000E+01  8.12500000E+02 -3.17920717E-01  1.30628755E+00  9.88366835E-01  2.50000000E-02  4.59798225E-12 -9.05403668E-10 
    1282  3.75000000E+01  8.12500000E+02  7.63393325E-01  2.24973510E-01  9.88366835E-01  2.50000000E-02 -1.35529646E-11 -5.31369868E-10 
    1283  6.25000000E+01  8.12500000E+02  1.45936860E-02  9.73773149E-01  9.88366835E-01  2.50000000E-02 -3.19748780E-10 -2.88008076E-10 
    1284  8.75000000E+01  8.12500000E+02  5.94522513E-01  3.93844322E-01  9.88366835E-01  2.50000000E-02 -4.83905528E-10 -5.16242396E-10 
    1285  1.12500000E+02  8.12500000E+02 -2.83011310E-01  1.27137814E+00  9.88366835E-01  2.50000000E-02 -6.94494473E-10 -3.84455971E-10 
    1286  1.37500000E+02  8.12500000E+02  3.28146965E-01  6.60219870E-01  9.88366835E-01  2.50000000E-02 -9.03525649E-10 -9.80521322E-10 
    1287  1.62500000E+02  8.12500000E+02 -3.15538951E-01  1.30390579E+00  9.88366835E-01  2.50000000E-02 -5.94304591E-10 -2.47294812E-10 
    1288  1.87500000E+02  8.12500000E+02 -1.43462335E-01  1.13182917E+00  9.88366835E-01  2.50000000E-02 -3.91710345E-10  5.30773220E-10 
    1289  2.12500000E+02  8.12500000E+02  9.75605087E-01  1.27617482E-02  9.88366835E-01  2.50000000E-02 -1.89941029E-09 -1.32713870E-09 
    1290  2.37500000E+02  8.12500000E+02 -4.22574008E-02  1.03062424E+00  9.88366835E-01  2.50000000E-02 -1.36563584E-10 -9.19210923E-10 
    1291  2.62500000E+02  8.12500000E+02 -6.21157836E-02  1.05048262E+00  9.88366835E-01  2.50000000E-02 -3.43253178E-10 -1.28967515E-09 
    1292  2.87500000E+02  8.12500000E+02 -2.46924589E-01  1.23529142E+00  9.88366835E-01  2.50000000E-02 -5.57628508E-10 -4.65822175E-10 
    1293  3.12500000E+02  8.12500000E+02  9.10505203E-01  7.78616324E-02  9.88366835E-01  2.50000000E-02 -9.56735141E-10  4.09437945E-10 
    1294  3.37500000E+02  8.12500000E+02 -8.91053726E-01  1.87942056E+00  9.88366835E-01  2.50000000E-02 -3.81304460E-10  6.62385128E-10 
    1295  3.62500000E+02  8.12500000E+02 -6.84249296E-01  1.67261613E+00  9.88366835E-01  2.50000000E-02 -4.89025534E-10 -3.16902920E-10 
    1296  3.87500000E+02  8.12500000E+02 -9.93029892E-01  1.98139673E+00  9.88366835E-01  2.50000000E-02 -6.44198357E-10 -3.89887268E-10 
    1297  4.12500000E+02  8.12500000E+02  3.01377228E-01  6.86989607E-01  9.88366835E-01  2.50000000E-02 -8.23839076E-10  1.04972048E-10 
    1298  4.37500000E+02  8.12500000E+02  8.46607542E-02  9.03706081E-01  9.88366835E-01  2.50000000E-02 -1.11134143E-09  1.00202086E-10 
    1299  4.62500000E+02  8.12500000E+02  6.76283780E-01  3.12083055E-01  9.88366835E-01  2.50000000E-02 -1.88818346E-09 -8.97671695E-10 
    1300  4.87500000E+02  8.12500000E+02 -5.87960715E-01  1.57632755E+00  9.88366835E-01  2.50000000E-02 -1.37604898E-09  3.79464203E-11 
    1301  5.12500000E+02  8.12500000E+02  4.45607059E-01  5.42759776E-01  9.88366835E-01  2.50000000E-02 -1.27618195E-09 -4.06571064E-10 
    1302  5.37500000E+02  8.12500000E+02  5.76082622E-01  4.12284213E-01  9.88366835E-01  2.50000000E-02 -1.60830982E-09  3.23124941E-10 
    1303  5.62500000E+02  8.12500000E+02  8.32685535E-01  1.55681300E-01  9.88366835E-01  2.50000000E-02 -2.04613819E-09  1.23087596E-09 
    1304  5.87500000E+02  8.12500000E+02  1.40966716E-01  8.47400119E-01  9.88366835E-01  2.50000000E-02 -8.23974259E-10  6.13407247E-10 
    1305  6.12500000E+02  8.12500000E+02  1.81870507E-01  8.06496328E-01  9.88366835E-01  2.50000000E-02 -7.77969883E-10  7.38537528E-10 
    1306  6.37500000E+02  8.12500000E+02  7.01653474E-01  2.86713361E-01  9.88366835E-01  2.50000000E-02 -9.61853238E-10  2.85895385E-09 
    1307  6.62500000E+02  8.12500000E+02 -6.77303998E-01  1.66567083E+00  9.88366835E-01  2.50000000E-02 -4.38836295E-10  7.76498059E-10 
    1308  6.87500000E+02  8.12500000E+02 -5.15245579E-02  1.03989139E+00  9.88366835E-01  2.50000000E-02 -3.86316255E-10  8.97835639E-10 
    1309  7.12500000E+02  8.12500000E+02  4.56894185E-01  5.31472651E-01  9.88366835E-01  2.50000000E-02 -4.24452616E-10 -7.64117782E-11 
    1310  7.37500000E+02  8.12500000E+02 -9.74321502E-01  1.96268834E+00  9.88366835E-01  2.50000000E-02 -3.53104034E-10  7.31906367E-10 
    1311  7.62500000E+02  8.12500000E+02 -6.91669106E-02  1.05753375E+00  9.88366835E-01  2.50000000E-02 -2.91035522E-10  1.27427174E-10 
    1312  7.87500000E+02  8.12500000E+02 -3.30246550E-01  1.31861339E+00  9.88366835E-01  2.50000000E-02 -1.97778451E-10  5.49351611E-11 
    1313  8.12500000E+02  8.12500000E+02 -6.12474222E-01  1.60084106E+00  9.88366835E-01  2.50000000E-02 -1.41709294E-10  5.13034529E-10 
    1314  8.37500000E+02  8.12500000E+02 -3.20882754E-01  1.30924959E+00  9.88366835E-01  2.50000000E-02 -1.44212655E-10  1.11811148E-10 
    1315  8.62500000E+02  8.12500000E+02  3.86736737E-01  6.01630099E-01  9.88366835E-01  2.50000000E-02 -2.07156603E-10  5.45532368E-10 
    1316  8.87500000E+02  8.12500000E+02  1.37639775E-01  8.50727060E-01  9.88366835E-01  2.50000000E-02  4.01110481E-11  3.64119475E-10 
    1317  9.12500000E+02  8.12500000E+02  1.69933067E-01  8.18433768E-01  9.88366835E-01  2.50000000E-02  1.58679804E-10  4.31627933E-10 
    1318  9.37500000E+02  8.12500000E+02  2.45947634E-01  7.42419201E-01  9.88366835E-01  2.50000000E-02  7.11338990E-11  1.54802827E-10 
    1319  9.62500000E+02  8.12500000E+02  3.15965527E-01  6.72401309E-01  9.88366835E-01  2.50000000E-02  5.55295426E-12 -3.29145916E-11 
    1320  9.87500000E+02  8.12500000E+02 -5.10382206E-01  1.49874904E+00  9.88366835E-01  2.50000000E-02  1.92061992E-12  1.45564489E-10 
    1321  1.25000000E+01  8.37500000E+02  2.89857136E-01  6.98509699E-01  9.88366835E-01  2.50000000E-02 -1.41435500E-10 -7.19011496E-10 
    1322  3.75000000E+01  8.37500000E+02  2.06080072E-01  7.82286763E-01  9.88366835E-01  2.50000000E-02 -3.50341047E-10 -2.25165979E-10 
    1323  6.25000000E+01  8.37500000E+02  7.25636087E-01  2.62730748E-01  9.88366835E-01  2.50000000E-02 -8.50308901E-10 -2.84190962E-10 
    1324  8.75000000E+01  8.37500000E+02  1.75598290E-01  8.12768544E-01  9.88366835E-01  2.50000000E-02 -1.34707839E-09 -1.79914247E-10 
    1325  1.12500000E+02  8.37500000E+02  7.44273458E-01  2.44093376E-01  9.88366835E-01  2.50000000E-02 -1.86169249E-09 -6.75655052E-10 
    1326  1.37500000E+02  8.37500000E+02  7.08108041E-01  2.80258794E-01  9.88366835E-01  2.50000000E-02 -2.20373766E-09 -1.15955011E-09 
    1327  1.62500000E+02  8.37500000E+02 -9.21429355E-01  1.90979619E+00  9.88366835E-01  2.50000000E-02 -2.34539772E-09 -3.66342150E-10 
    1328  1.87500000E+02  8.37500000E+02  9.11841196E-01  7.65256391E-02  9.88366835E-01  2.50000000E-02 -1.54607721E-09 -1.00462558E-10 
    1329  2.12500000E+02  8.37500000E+02 -2.65279687E-02  1.01489480E+00  9.88366835E-01  2.50000000E-02  6.36519537E-11 -2.17375822E-10 
    1330  2.37500000E+02  8.37500000E+02 -9.89332990E-01  1.97769982E+00  9.88366835E-01  2.50000000E-02 -4.74974894E-11 -6.91184675E-10 
    1331  2.62500000E+02  8.37500000E+02  5.03447756E-01  4.84919079E-01  9.88366835E-01  2.50000000E-02 -4.87901970E-10 -1.64811421E-09 
    1332  2.87500000E+02  8.37500000E+02 -9.46414540E-01  1.93478137E+00  9.88366835E-01  2.50000000E-02 -3.08629176E-10 -2.57032350E-10 
    1333  3.12500000E+02  8.37500000E+02 -8.69568998E-01  1.85793583E+00  9.88366835E-01  2.50000000E-02 -3.39536692E-10  3.66014900E-11 
    1334  3.37500000E+02  8.37500000E+02 -3.06338779E-01  1.29470561E+00  9.88366835E-01  2.50000000E-02 -5.22573026E-10  8.11525198E-10 
    1335  3.62500000E+02  8.37500000E+02  1.77549684E-01  8.10817151E-01  9.88366835E-01  2.50000000E-02 -8.15971315E-10 -1.24571281E-10 
    1336  3.87500000E+02  8.37500000E+02 -3.66924104E-01  1.35529094E+00  9.88366835E-01  2.50000000E-02 -8.46362348E-10 -2.82466332E-10 
    1337  4.12500000E+02  8.37500000E+02 -5.20939004E-01  1.50930584E+00  9.88366835E-01  2.50000000E-02 -8.30465885E-10  7.49037526E-11 
    1338  4.37500000E+02  8.37500000E+02 -2.97072474E-01  1.28543931E+00  9.88366835E-01  2.50000000E-02 -1.06027867E-09  7.51263630E-11 
    1339  4.62500000E+02  8.37500000E+02  4.92806270E-01  4.95560565E-01  9.88366835E-01  2.50000000E-02 -1.79479633E-09 -8.67347594E-10 
    1340  4.87500000E+02  8.37500000E+02 -1.33237921E-01  1.12160476E+00  9.88366835E-01  2.50000000E-02 -1.77915080E-09 -1.67119045E-10 
    1341  5.12500000E+02  8.37500000E+02  8.06992906E-01  1.81373929E-01  9.88366835E-01  2.50000000E-02 -2.24916343E-09 -5.60952002E-10 
    1342  5.37500000E+02  8.37500000E+02 -3.12502795E-01  1.30086963E+00  9.88366835E-01  2.50000000E-02 -1.48114068E-09  5.47621625E-10 
    1343  5.62500000E+02  8.37500000E+02  7.73404179E-02  9.11026417E-01  9.88366835E-01  2.50000000E-02 -1.53347200E-09  4.78459595E-10 
    1344  5.87500000E+02  8.37500000E+02 -1.35382093E-01  1.12374893E+00  9.88366835E-01  2.50000000E-02 -1.73332221E-09  4.03324785E-10 
    1345  6.12500000E+02  8.37500000E+02  3.02996821E-01  6.85370014E-01  9.88366835E-01  2.50000000E-02 -1.68678111E-09  3.81090963E-10 
    1346  6.37500000E+02  8.37500000E+02  3.36412781E-01  6.51954054E-01  9.88366835E-01  2.50000000E-02 -1.65269954E-09  2.34032378E-09 
    1347  6.62500000E+02  8.37500000E+02  7.91097063E-01  1.97269772E-01  9.88366835E-01  2.50000000E-02 -2.05164002E-09  8.07655371E-10 
    1348  6.87500000E+02  8.37500000E+02  1.56250412E-01  8.32116423E-01  9.88366835E-01  2.50000000E-02 -9.85945948E-10  1.15630567E-09 
    1349  7.12500000E+02  8.37500000E+02 -4.94733205E-01  1.48310004E+00  9.88366835E-01  2.50000000E-02 -7.92326935E-10 -2.23470106E-11 
    1350  7.37500000E+02  8.37500000E+02 -1.83218777E-01  1.17158561E+00  9.88366835E-01  2.50000000E-02 -6.74670611E-10  6.56641131E-10 
    1351  7.62500000E+02  8.37500000E+02  4.35011613E-01  5.53355222E-01  9.88366835E-01  2.50000000E-02 -4.07665335E-10 -4.06912675E-12 
    1352  7.87500000E+02  8.37500000E+02 -6.86449221E-03  9.95231328E-01  9.88366835E-01  2.50000000E-02 -2.01198616E-10  4.19621553E-11 
    1353  8.12500000E+02  8.37500000E+02 -3.59093655E-01  1.34746049E+00  9.88366835E-01  2.50000000E-02 -1.41975898E-10  5.10086062E-10 
    1354  8.37500000E+02  8.37500000E+02  9.99038683E-02  8.88462967E-01  9.88366835E-01  2.50000000E-02 -1.43361606E-10  7.01886098E-11 
    1355  8.62500000E+02  8.37500000E+02  3.33395814E-01  6.54971021E-01  9.88366835E-01  2.50000000E-02 -1.63283364E-10  4.32058115E-10 
    1356  8.87500000E+02  8.37500000E+02  9.38366747E-01  5.00000884E-02  9.88366835E-01  2.50000000E-02 -2.85184154E-10  6.39050696E-10 
    1357  9.12500000E+02  8.37500000E+02 -2.65614161E-01  1.25398100E+00  9.88366835E-01  2.50000000E-02  1.30918563E-10  3.94403301E-10 
    1358  9.37500000E+02  8.37500000E+02 -2.86357394E-01  1.27472423E+00  9.88366835E-01  2.50000000E-02  9.30237185E-11  1.86715310E-10 
    1359  9.62500000E+02  8.37500000E+02 -7.96697996E-01  1.78506483E+00  9.88366835E-01  2.50000000E-02  3.85028767E-11 -3.66858841E-11 
    1360  9.87500000E+02  8.37500000E+02 -4.70365245E-01  1.45873208E+00  9.88366835E-01  2.50000000E-02  1.28664239E-11  1.60860176E-10 
    1361  1.25000000E+01  8.62500000E+02  4.07376454E-01  5.80990381E-01  9.88366835E-01  2.50000000E-02 -7.21388378E-11 -6.44687206E-10 
    1362  3.75000000E+01  8.62500000E+02 -1.21352181E-01  1.10971902E+00  9.88366835E-01  2.50000000E-02 -6.43579646E-11 -1.84024601E-10 
    1363  6.25000000E+01  8.62500000E+02 -8.73705486E-01  1.86207232E+00  9.88366835E-01  2.50000000E-02 -1.78640653E-11 -6.67728832E-11 
    1364  8.75000000E+01  8.62500000E+02 -9.98413662E-01  1.98678050E+00  9.88366835E-01  2.50000000E-02 -1.80790475E-11 -6.01322691E-11 
    1365  1.12500000E+02  8.62500000E+02  8.33309439E-01  1.55057396E-01  9.88366835E-01  2.50000000E-02 -4.70385027E-10 -4.36678410E-10 
    1366  1.37500000E+02  8.62500000E+02 -2.60208690E-01  1.24857552E+00  9.88366835E-01  2.50000000E-02 -6.26533502E-11 -3.18338375E-10 
    1367  1.62500000E+02  8.62500000E+02 -9.63215529E-01  1.95158236E+00  9.88366835E-01  2.50000000E-02 -1.10981534E-10 -4.45461152E-10 
    1368  1.87500000E+02  8.62500000E+02  4.10194782E-01  5.78172053E-01  9.88366835E-01  2.50000000E-02 -4.55566646E-10  1.34457915E-10 
    1369  2.12500000E+02  8.62500000E+02 -9.43144540E-01  1.93151137E+00  9.88366835E-01  2.50000000E-02 -5.89284376E-10 -1.85964116E-10 
    1370  2.37500000E+02  8.62500000E+02  3.95919412E-01  5.92447423E-01  9.88366835E-01  2.50000000E-02 -7.36366339E-10 -5.51138133E-10 
    1371  2.62500000E+02  8.62500000E+02 -6.35564967E-01  1.62393180E+00  9.88366835E-01  2.50000000E-02 -7.40486588E-10 -1.58419463E-09 
    1372  2.87500000E+02  8.62500000E+02 -9.45198013E-01  1.93356485E+00  9.88366835E-01  2.50000000E-02 -7.10979019E-10 -1.75100630E-10 
    1373  3.12500000E+02  8.62500000E+02 -7.62488102E-01  1.75085494E+00  9.88366835E-01  2.50000000E-02 -7.40639487E-10 -4.25251711E-11 
    1374  3.37500000E+02  8.62500000E+02 -2.63138460E-01  1.25150530E+00  9.88366835E-01  2.50000000E-02 -7.37046080E-10  8.17403206E-10 
    1375  3.62500000E+02  8.62500000E+02 -2.05460750E-01  1.19382758E+00  9.88366835E-01  2.50000000E-02 -6.84729688E-10 -4.73851892E-12 
    1376  3.87500000E+02  8.62500000E+02 -4.39778244E-01  1.42814508E+00  9.88366835E-01  2.50000000E-02 -6.02448603E-10 -2.27879401E-10 
    1377  4.12500000E+02  8.62500000E+02 -8.44826290E-01  1.83319312E+00  9.88366835E-01  2.50000000E-02 -5.59198600E-10 -1.36915783E-10 
    1378  4.37500000E+02  8.62500000E+02  8.75594857E-01  1.12771977E-01  9.88366835E-01  2.50000000E-02 -1.51168147E-09 -7.27135265E-10 
    1379  4.62500000E+02  8.62500000E+02 -8.52560820E-01  1.84092766E+00  9.88366835E-01  2.50000000E-02  7.24232077E-11 -5.18332599E-10 
    1380  4.87500000E+02  8.62500000E+02 -9.46925678E-01  1.93529251E+00  9.88366835E-01  2.50000000E-02  9.62557352E-11 -3.44199890E-10 
    1381  5.12500000E+02  8.62500000E+02  9.58028009E-01  3.03388265E-02  9.88366835E-01  2.50000000E-02 -7.93083392E-10 -4.79210225E-10 
    1382  5.37500000E+02  8.62500000E+02 -7.76676945E-01  1.76504378E+00  9.88366835E-01  2.50000000E-02 -3.56517667E-10  7.09043961E-10 
    1383  5.62500000E+02  8.62500000E+02  3.62333463E-02  9.52133489E-01  9.88366835E-01  2.50000000E-02 -4.16318674E-10  5.45285311E-10 
    1384  5.87500000E+02  8.62500000E+02 -4.59899185E-01  1.44826602E+00  9.88366835E-01  2.50000000E-02 -3.58476990E-10  3.00599853E-10 
    1385  6.12500000E+02  8.62500000E+02 -8.32465217E-01  1.82083205E+00  9.88366835E-01  2.50000000E-02 -3.08520026E-10 -1.51086945E-12 
    1386  6.37500000E+02  8.62500000E+02  7.96846529E-01  1.91520306E-01  9.88366835E-01  2.50000000E-02 -5.13817469E-10  1.17648949E-09 
    1387  6.62500000E+02  8.62500000E+02 -5.05845840E-01  1.49421268E+00  9.88366835E-01  2.50000000E-02 -3.57435928E-10  2.96546997E-10 
    1388  6.87500000E+02  8.62500000E+02 -4.27833739E-02  1.03115021E+00  9.88366835E-01  2.50000000E-02 -4.34768187E-10  1.17442470E-09 
    1389  7.12500000E+02  8.62500000E+02  7.18106973E-01  2.70259862E-01  9.88366835E-01  2.50000000E-02 -1.10179735E-09  2.60061409E-10 
    1390  7.37500000E+02  8.62500000E+02  7.37711206E-01  2.50655630E-01  9.88366835E-01  2.50000000E-02 -1.12151348E-09  6.15515424E-10 
    1391  7.62500000E+02  8.62500000E+02 -6.70612918E-01  1.65897975E+00  9.88366835E-01  2.50000000E-02 -1.11518938E-09 -2.02315629E-10 
    1392  7.87500000E+02  8.62500000E+02  9.79470914E-01  8.89592146E-03  9.88366835E-01  2.50000000E-02 -7.63962817E-10  2.61445179E-10 
    1393  8.12500000E+02  8.62500000E+02 -3.75857959E-01  1.36422479E+00  9.88366835E-01  2.50000000E-02  8.37858255E-11  5.07930111E-10 
    1394  8.37500000E+02  8.62500000E+02 -2.83718146E-02  1.01673865E+00  9.88366835E-01  2.50000000E-02  7.25133465E-11  8.19168346E-11 
    1395  8.62500000E+02  8.62500000E+02  3.16682222E-01  6.71684613E-01  9.88366835E-01  2.50000000E-02  6.23762822E-11  3.33392921E-10 
    1396  8.87500000E+02  8.62500000E+02 -4.57398628E-02  1.03410670E+00  9.88366835E-01  2.50000000E-02  5.73486307E-11  7.17899606E-11 
    1397  9.12500000E+02  8.62500000E+02  6.75266436E-01  3.13100399E-01  9.88366835E-01  2.50000000E-02  3.57705572E-11  4.03020697E-10 
    1398  9.37500000E+02  8.62500000E+02  2.54067837E-03  9.85826157E-01  9.88366835E-01  2.50000000E-02  6.65485772E-11  2.20160912E-10 
    1399  9.62500000E+02  8.62500000E+02  9.73706620E-01  1.46602157E-02  9.88366835E-01  2.50000000E-02 -2.02855524E-10  3.24141964E-10 
    1400  9.87500000E+02  8.62500000E+02 -7.52633511E-01  1.74100035E+00  9.88366835E-01  2.50000000E-02 -2.41085191E-13  1.98260069E-10 
    1401  1.25000000E+01  8.87500000E+02  5.55101610E-01  4.33265225E-01  9.88366835E-01  2.50000000E-02 -8.70016464E-11 -5.97373917E-10 
    1402  3.75000000E+01  8.87500000E+02 -4.67493575E-01  1.45586041E+00  9.88366835E-01  2.50000000E-02 -1.75299624E-10 -1.75488861E-10 
    1403  6.25000000E+01  8.87500000E+02  1.29263602E-01  8.59103233E-01  9.88366835E-01  2.50000000E-02 -1.90615141E-10 -5.22829792E-11 
    1404  8.75000000E+01  8.87500000E+02 -1.04465240E-01  1.09283208E+00  9.88366835E-01  2.50000000E-02 -2.71159549E-10 -4.74094029E-11 
    1405  1.12500000E+02  8.87500000E+02  6.51993856E-01  3.36372979E-01  9.88366835E-01  2.50000000E-02 -5.85728942E-10 -1.66385595E-10 
    1406  1.37500000E+02  8.87500000E+02 -3.88128403E-01  1.37649524E+00  9.88366835E-01  2.50000000E-02 -4.02760893E-10 -2.50757309E-10 
    1407  1.62500000E+02  8.87500000E+02 -5.24665436E-01  1.51303227E+00  9.88366835E-01  2.50000000E-02 -3.59528987E-10 -4.58754693E-10 
    1408  1.87500000E+02  8.87500000E+02 -7.19673157E-01  1.70803999E+00  9.88366835E-01  2.50000000E-02 -3.49908917E-10  7.16517492E-11 
    1409  2.12500000E+02  8.87500000E+02 -2.54747273E-01  1.24311411E+00  9.88366835E-01  2.50000000E-02 -3.17308731E-10 -2.48094458E-10 
    1410  2.37500000E+02  8.87500000E+02  6.83815792E-02  9.19985256E-01  9.88366835E-01  2.50000000E-02 -2.91540811E-10 -4.19517496E-10 
    1411  2.62500000E+02  8.87500000E+02  8.39491579E-01  1.48875256E-01  9.88366835E-01  2.50000000E-02 -8.50454602E-10 -1.05720156E-09 
    1412  2.87500000E+02  8.87500000E+02  1.15899667E-01  8.72467168E-01  9.88366835E-01  2.50000000E-02 -4.81188228E-10 -2.21710166E-10 
    1413  3.12500000E+02  8.87500000E+02 -5.96846993E-01  1.58521383E+00  9.88366835E-01  2.50000000E-02 -4.22305466E-10 -1.26237932E-10 
    1414  3.37500000E+02  8.87500000E+02 -4.74669581E-02  1.03583379E+00  9.88366835E-01  2.50000000E-02 -4.02353568E-10  7.95580914E-10 
    1415  3.62500000E+02  8.87500000E+02  9.86726756E-01  1.64007847E-03  9.88366835E-01  2.50000000E-02 -6.35889990E-09 -3.91644698E-09 
    1416  3.87500000E+02  8.87500000E+02  2.24678442E-01  7.63688393E-01  9.88366835E-01  2.50000000E-02 -6.02676500E-10 -8.73991839E-11 
    1417  4.12500000E+02  8.87500000E+02 -7.30762253E-01  1.71912909E+00  9.88366835E-01  2.50000000E-02 -8.79538434E-10 -2.82583436E-10 
    1418  4.37500000E+02  8.87500000E+02  5.75043059E-01  4.13323776E-01  9.88366835E-01  2.50000000E-02 -1.74629618E-09  3.96359005E-11 
    1419  4.62500000E+02  8.87500000E+02 -6.31575044E-01  1.61994188E+00  9.88366835E-01  2.50000000E-02 -1.74622694E-09 -4.63190895E-10 
    1420  4.87500000E+02  8.87500000E+02  1.30468460E-01  8.57898375E-01  9.88366835E-01  2.50000000E-02 -1.65153256E-09 -3.16879607E-10 
    1421  5.12500000E+02  8.87500000E+02 -8.54843183E-02  1.07385115E+00  9.88366835E-01  2.50000000E-02 -1.63356714E-09  3.33962505E-10 
    1422  5.37500000E+02  8.87500000E+02 -4.66690687E-01  1.45505752E+00  9.88366835E-01  2.50000000E-02 -1.59661523E-09  5.75411794E-10 
    1423  5.62500000E+02  8.87500000E+02  1.98478416E-01  7.89888419E-01  9.88366835E-01  2.50000000E-02 -1.66476854E-09  3.26308063E-10 
    1424  5.87500000E+02  8.87500000E+02  6.91373008E-01  2.96993827E-01  9.88366835E-01  2.50000000E-02 -2.21734148E-09  7.12853278E-10 
    1425  6.12500000E+02  8.87500000E+02  4.36357020E-01  5.52009815E-01  9.88366835E-01  2.50000000E-02 -1.44588790E-09 -3.01290834E-10 
    1426  6.37500000E+02  8.87500000E+02 -3.75622754E-01  1.36398959E+00  9.88366835E-01  2.50000000E-02 -9.86301927E-10  6.38320940E-10 
    1427  6.62500000E+02  8.87500000E+02 -4.53691987E-01  1.44205882E+00  9.88366835E-01  2.50000000E-02 -8.35760102E-10  2.83381993E-10 
    1428  6.87500000E+02  8.87500000E+02 -3.82558556E-01  1.37092539E+00  9.88366835E-01  2.50000000E-02 -7.72393930E-10  8.01639523E-10 
    1429  7.12500000E+02  8.87500000E+02  6.95889476E-01  2.92477360E-01  9.88366835E-01  2.50000000E-02 -1.08949039E-09  2.08401146E-10 
    1430  7.37500000E+02  8.87500000E+02 -3.97057235E-02  1.02807256E+00  9.88366835E-01  2.50000000E-02 -6.54777720E-10  4.64258934E-10 
    1431  7.62500000E+02  8.87500000E+02 -3.21406477E-01  1.30977331E+00  9.88366835E-01  2.50000000E-02 -5.77918348E-10 -2.37692346E-10 
    1432  7.87500000E+02  8.87500000E+02 -1.37715400E-01  1.12608224E+00  9.88366835E-01  2.50000000E-02 -5.45438370E-10 -3.23392721E-11 
    1433  8.12500000E+02  8.87500000E+02 -1.24653555E-01  1.11302039E+00  9.88366835E-01  2.50000000E-02 -5.31420230E-10  4.97729583E-10 
    1434  8.37500000E+02  8.87500000E+02 -5.31782411E-02  1.04154508E+00  9.88366835E-01  2.50000000E-02 -5.04170481E-10  1.11815384E-10 
    1435  8.62500000E+02  8.87500000E+02 -6.70792831E-01  1.65915967E+00  9.88366835E-01  2.50000000E-02 -4.50687683E-10  2.64443395E-10 
    1436  8.87500000E+02  8.87500000E+02 -1.94368657E-01  1.18273549E+00  9.88366835E-01  2.50000000E-02 -4.21211795E-10  3.16820588E-11 
    1437  9.12500000E+02  8.87500000E+02 -6.22169355E-02  1.05058377E+00  9.88366835E-01  2.50000000E-02 -4.09477093E-10  1.95020491E-10 
    1438  9.37500000E+02  8.87500000E+02 -2.82240705E-01  1.27060754E+00  9.88366835E-01  2.50000000E-02 -3.43180078E-10  2.30821192E-10 
    1439  9.62500000E+02  8.87500000E+02  1.64184544E-01  8.24182292E-01  9.88366835E-01  2.50000000E-02 -2.18168938E-10 -7.58170499E-11 
    1440  9.87500000E+02  8.87500000E+02 -3.06219751E-02  1.01898881E+00  9.88366835E-01  2.50000000E-02 -7.50606010E-11  2.34216926E-10 
    1441  1.25000000E+01  9.12500000E+02  3.88405572E-01  5.99961263E-01  9.88366835E-01  2.50000000E-02 -8.65028892E-11 -5.25482483E-10 
    1442  3.75000000E+01  9.12500000E+02  1.51280795E-01  8.37086040E-01  9.88366835E-01  2.50000000E-02 -1.40641434E-10 -1.72290949E-10 
    1443  6.25000000E+01  9.12500000E+02 -3.04139805E-01  1.29250664E+00  9.88366835E-01  2.50000000E-02 -1.06932775E-10 -4.15698329E-11 
    1444  8.75000000E+01  9.12500000E+02 -7.90098644E-01  1.77846548E+00  9.88366835E-01  2.50000000E-02 -1.34426785E-10 -6.45557841E-11 
    1445  1.12500000E+02  9.12500000E+02  7.07785279E-01  2.80581555E-01  9.88366835E-01  2.50000000E-02 -6.52930845E-10 -1.08530770E-10 
    1446  1.37500000E+02  9.12500000E+02  8.57594923E-01  1.30771912E-01  9.88366835E-01  2.50000000E-02 -1.23904384E-09 -1.88872911E-10 
    1447  1.62500000E+02  9.12500000E+02 -8.07520116E-01  1.79588695E+00  9.88366835E-01  2.50000000E-02 -1.21034001E-09 -4.38544589E-10 
    1448  1.87500000E+02  9.12500000E+02  3.35942190E-01  6.52424645E-01  9.88366835E-01  2.50000000E-02 -1.16916594E-09 -3.20920594E-11 
    1449  2.12500000E+02  9.12500000E+02 -2.77486749E-01  1.26585358E+00  9.88366835E-01  2.50000000E-02 -9.86816400E-10 -3.22243204E-10 
    1450  2.37500000E+02  9.12500000E+02 -3.12058132E-01  1.30042497E+00  9.88366835E-01  2.50000000E-02 -1.04059658E-09 -4.28381433E-10 
    1451  2.62500000E+02  9.12500000E+02 -3.83367170E-01  1.37173400E+00  9.88366835E-01  2.50000000E-02 -1.16480426E-09 -1.06689328E-09 
    1452  2.87500000E+02  9.12500000E+02  8.70565118E-01  1.17801717E-01  9.88366835E-01  2.50000000E-02 -1.70409382E-09  3.08816186E-10 
    1453  3.12500000E+02  9.12500000E+02 -7.50646418E-01  1.73901325E+00  9.88366835E-01  2.50000000E-02 -1.10835815E-09 -1.68098962E-11 
    1454  3.37500000E+02  9.12500000E+02  4.16096782E-01  5.72270052E-01  9.88366835E-01  2.50000000E-02 -1.06057405E-09  7.71363535E-10 
    1455  3.62500000E+02  9.12500000E+02 -3.92942277E-01  1.38130911E+00  9.88366835E-01  2.50000000E-02 -8.24393593E-10  1.29175614E-09 
    1456  3.87500000E+02  9.12500000E+02 -9.57833220E-01  1.94620006E+00  9.88366835E-01  2.50000000E-02 -7.62302246E-10  2.15194457E-10 
    1457  4.12500000E+02  9.12500000E+02 -3.25219041E-01  1.31358588E+00  9.88366835E-01  2.50000000E-02 -9.19452232E-10 -3.59022070E-10 
    1458  4.37500000E+02  9.12500000E+02  2.64936649E-01  7.23430186E-01  9.88366835E-01  2.50000000E-02 -1.43483578E-09 -2.08312495E-10 
    1459  4.62500000E+02  9.12500000E+02  6.83520915E-01  3.04845920E-01  9.88366835E-01  2.50000000E-02 -1.83654490E-09 -5.71739077E-10 
    1460  4.87500000E+02  9.12500000E+02 -8.15006038E-02  1.06986744E+00  9.88366835E-01  2.50000000E-02 -9.21010461E-10 -1.15387058E-10 
    1461  5.12500000E+02  9.12500000E+02 -5.83436561E-01  1.57180340E+00  9.88366835E-01  2.50000000E-02 -8.29460171E-10  4.53165760E-10 
    1462  5.37500000E+02  9.12500000E+02 -8.37726170E-01  1.82609301E+00  9.88366835E-01  2.50000000E-02 -7.52166889E-10  3.64966316E-10 
    1463  5.62500000E+02  9.12500000E+02 -5.10982256E-01  1.49934909E+00  9.88366835E-01  2.50000000E-02 -7.47166632E-10 -1.74227621E-10 
    1464  5.87500000E+02  9.12500000E+02  2.44398885E-01  7.43967951E-01  9.88366835E-01  2.50000000E-02 -1.13037117E-09  5.34566438E-10 
    1465  6.12500000E+02  9.12500000E+02 -9.47668472E-01  1.93603531E+00  9.88366835E-01  2.50000000E-02 -8.29619657E-10 -2.62814682E-10 
    1466  6.37500000E+02  9.12500000E+02 -5.51132154E-01  1.53949899E+00  9.88366835E-01  2.50000000E-02 -7.26017168E-10  5.18350281E-10 
    1467  6.62500000E+02  9.12500000E+02  5.83388787E-01  4.04978048E-01  9.88366835E-01  2.50000000E-02 -1.03271297E-09  3.12210168E-10 
    1468  6.87500000E+02  9.12500000E+02  1.67800515E-01  8.20566320E-01  9.88366835E-01  2.50000000E-02 -1.01942991E-09  4.05562505E-10 
    1469  7.12500000E+02  9.12500000E+02  7.84184367E-01  2.04182468E-01  9.88366835E-01  2.50000000E-02 -7.00404472E-10 -1.19570643E-10 
    1470  7.37500000E+02  9.12500000E+02 -4.43871320E-02  1.03275397E+00  9.88366835E-01  2.50000000E-02  1.75212225E-11  4.33456468E-10 
    1471  7.62500000E+02  9.12500000E+02 -2.68744283E-01  1.25711112E+00  9.88366835E-01  2.50000000E-02  7.81018471E-11 -2.53644753E-10 
    1472  7.87500000E+02  9.12500000E+02 -9.53819213E-03  9.97905027E-01  9.88366835E-01  2.50000000E-02  9.73058535E-11 -3.73690212E-11 
    1473  8.12500000E+02  9.12500000E+02 -4.55987203E-01  1.44435404E+00  9.88366835E-01  2.50000000E-02  9.56526917E-11  4.45896787E-10 
    1474  8.37500000E+02  9.12500000E+02  7.36070775E-01  2.52296060E-01  9.88366835E-01  2.50000000E-02 -7.82146589E-14  2.50125993E-10 
    1475  8.62500000E+02  9.12500000E+02  7.59808647E-02  9.12385971E-01  9.88366835E-01  2.50000000E-02  2.11009969E-11  2.28489375E-10 
    1476  8.87500000E+02  9.12500000E+02 -9.92158611E-01  1.98052545E+00  9.88366835E-01  2.50000000E-02  2.36830089E-11  1.01532681E-11 
    1477  9.12500000E+02  9.12500000E+02  3.02283360E-01  6.86083476E-01  9.88366835E-01  2.50000000E-02  1.20504977E-11  1.43928519E-10 
    1478  9.37500000E+02  9.12500000E+02  9.20759821E-01  6.76070146E-02  9.88366835E-01  2.50000000E-02  2.59800490E-11  2.01453747E-10 
    1479  9.62500000E+02  9.12500000E+02 -5.80980122E-01  1.56934696E+00  9.88366835E-01  2.50000000E-02 -8.65157951E-11 -6.97218058E-11 
    1480  9.87500000E+02  9.12500000E+02  5.28786169E-01  4.59580666E-01  9.88366835E-01  2.50000000E-02 -4.58111219E-11  1.61986682E-10 
    1481  1.25000000E+01  9.37500000E+02  7.34919795E-01  2.53447039E-01  9.88366835E-01  2.50000000E-02 -1.26796243E-10 -5.91172267E-10 
    1482  3.75000000E+01  9.37500000E+02 -8.75809183E-01  1.86417602E+00  9.88366835E-01  2.50000000E-02 -4.77227636E-11 -1.41957581E-10 
    1483  6.25000000E+01  9.37500000E+02  4.82332735E-01  5.06034100E-01  9.88366835E-01  2.50000000E-02  1.80056073E-11 -5.13946415E-11 
    1484  8.75000000E+01  9.37500000E+02  2.98046826E-01  6.90320008E-01  9.88366835E-01  2.50000000E-02 -3.58890987E-12 -7.54009325E-11 
    1485  1.12500000E+02  9.37500000E+02  9.53217469E-01  3.51493663E-02  9.88366835E-01  2.50000000E-02 -9.14931374E-10 -3.61045973E-10 
    1486  1.37500000E+02  9.37500000E+02  1.48860910E-01  8.39505925E-01  9.88366835E-01  2.50000000E-02 -2.03153574E-10 -2.19151444E-11 
    1487  1.62500000E+02  9.37500000E+02  6.29629172E-01  3.58737663E-01  9.88366835E-01  2.50000000E-02 -2.83899922E-10 -1.61878767E-10 
    1488  1.87500000E+02  9.37500000E+02 -3.04770272E-01  1.29313711E+00  9.88366835E-01  2.50000000E-02 -4.22510377E-10 -8.79885163E-11 
    1489  2.12500000E+02  9.37500000E+02  8.65550920E-01  1.22815915E-01  9.88366835E-01  2.50000000E-02 -6.04077114E-10  5.92149045E-11 
    1490  2.37500000E+02  9.37500000E+02  8.68394624E-01  1.19972211E-01  9.88366835E-01  2.50000000E-02 -8.07525128E-10 -5.22099088E-10 
    1491  2.62500000E+02  9.37500000E+02 -8.26868350E-01  1.81523519E+00  9.88366835E-01  2.50000000E-02 -4.72846591E-10 -9.17886517E-10 
    1492  2.87500000E+02  9.37500000E+02 -9.47225403E-01  1.93559224E+00  9.88366835E-01  2.50000000E-02 -5.76597378E-10  9.61970881E-11 
    1493  3.12500000E+02  9.37500000E+02 -1.30141149E-01  1.11850798E+00  9.88366835E-01  2.50000000E-02 -8.88226637E-10  1.33400184E-10 
    1494  3.37500000E+02  9.37500000E+02  2.38649677E-01  7.49717157E-01  9.88366835E-01  2.50000000E-02 -1.24852853E-09  5.69552164E-10 
    1495  3.62500000E+02  9.37500000E+02  6.68767066E-01  3.19599769E-01  9.88366835E-01  2.50000000E-02 -2.00396037E-09  1.24146147E-09 
    1496  3.87500000E+02  9.37500000E+02  4.87360395E-01  5.01006440E-01  9.88366835E-01  2.50000000E-02 -1.85305208E-09  5.26949235E-10 
    1497  4.12500000E+02  9.37500000E+02  2.94828656E-01  6.93538179E-01  9.88366835E-01  2.50000000E-02 -1.86462681E-09 -6.20572540E-10 
    1498  4.37500000E+02  9.37500000E+02  1.98095948E-01  7.90270887E-01  9.88366835E-01  2.50000000E-02 -1.90385791E-09 -3.92919493E-10 
    1499  4.62500000E+02  9.37500000E+02 -9.78490582E-01  1.96685742E+00  9.88366835E-01  2.50000000E-02 -1.05072445E-09 -1.10254335E-10 
    1500  4.87500000E+02  9.37500000E+02 -9.35325731E-01  1.92369257E+00  9.88366835E-01  2.50000000E-02 -8.16629281E-10  4.58212313E-11 
    1501  5.12500000E+02  9.37500000E+02 -9.56784893E-01  1.94515173E+00  9.88366835E-01  2.50000000E-02 -8.94436344E-10  4.50537706E-10 
    1502  5.37500000E+02  9.37500000E+02  2.98263193E-01  6.90103642E-01  9.88366835E-01  2.50000000E-02 -1.25617652E-09  3.44682491E-10 
    1503  5.62500000E+02  9.37500000E+02  3.15803437E-01  6.72563398E-01  9.88366835E-01  2.50000000E-02 -1.31202589E-09 -3.45456559E-10 
    1504  5.87500000E+02  9.37500000E+02 -4.35304940E-01  1.42367177E+00  9.88366835E-01  2.50000000E-02 -1.60880886E-09  4.52184651E-10 
    1505  6.12500000E+02  9.37500000E+02  6.58213495E-01  3.30153341E-01  9.88366835E-01  2.50000000E-02 -2.02832420E-09 -2.47905422E-10 
    1506  6.37500000E+02  9.37500000E+02  2.65929123E-01  7.22437712E-01  9.88366835E-01  2.50000000E-02 -1.37707183E-09  4.20679891E-10 
    1507  6.62500000E+02  9.37500000E+02  2.53591048E-01  7.34775788E-01  9.88366835E-01  2.50000000E-02 -1.30824111E-09  2.73523021E-10 
    1508  6.87500000E+02  9.37500000E+02  4.20484636E-01  5.67882200E-01  9.88366835E-01  2.50000000E-02 -1.34386125E-09  2.70920284E-10 
    1509  7.12500000E+02  9.37500000E+02  9.27306853E-02  8.95636150E-01  9.88366835E-01  2.50000000E-02 -1.06356760E-09 -2.53467628E-10 
    1510  7.37500000E+02  9.37500000E+02  2.49961450E-01  7.38405385E-01  9.88366835E-01  2.50000000E-02 -8.20051252E-10  3.41999873E-10 
    1511  7.62500000E+02  9.37500000E+02 -6.40387268E-01  1.62875410E+00  9.88366835E-01  2.50000000E-02 -5.34060488E-10 -2.46467716E-10 
    1512  7.87500000E+02  9.37500000E+02 -7.41023022E-01  1.72938986E+00  9.88366835E-01  2.50000000E-02 -4.75438080E-10 -5.34878399E-11 
    1513  8.12500000E+02  9.37500000E+02 -6.82917758E-01  1.67128459E+00  9.88366835E-01  2.50000000E-02 -4.51936321E-10  4.08895256E-10 
    1514  8.37500000E+02  9.37500000E+02  1.12980395E-01  8.75386440E-01  9.88366835E-01  2.50000000E-02 -4.05547032E-10  2.96614350E-10 
    1515  8.62500000E+02  9.37500000E+02  2.45730310E-01  7.42636525E-01  9.88366835E-01  2.50000000E-02 -3.38365390E-10  1.68341752E-10 
    1516  8.87500000E+02  9.37500000E+02 -2.26569120E-01  1.21493595E+00  9.88366835E-01  2.50000000E-02 -2.05860281E-10  1.55202740E-11 
    1517  9.12500000E+02  9.37500000E+02 -5.49723705E-01  1.53809054E+00  9.88366835E-01  2.50000000E-02 -1.44345596E-10  1.07324131E-10 
    1518  9.37500000E+02  9.37500000E+02 -2.41878206E-01  1.23024504E+00  9.88366835E-01  2.50000000E-02 -1.17944492E-10 -7.27975109E-11 
    1519  9.62500000E+02  9.37500000E+02  5.59834469E-01  4.28532366E-01  9.88366835E-01  2.50000000E-02 -9.03751373E-11 -6.86753090E-11 
    1520  9.87500000E+02  9.37500000E+02 -6.51116848E-01  1.63948368E+00  9.88366835E-01  2.50000000E-02 -8.83557917E-12  2.57668339E-11 
    1521  1.25000000E+01  9.62500000E+02  8.96722093E-01  9.16447413E-02  9.88366835E-01  2.50000000E-02 -4.09120415E-10 -5.25455283E-10 
    1522  3.75000000E+01  9.62500000E+02 -8.42159858E-01  1.83052669E+00  9.88366835E-01  2.50000000E-02 -1.20238816E-09 -9.71858019E-11 
    1523  6.25000000E+01  9.62500000E+02  7.35773468E-01  2.52593367E-01  9.88366835E-01  2.50000000E-02 -1.29785550E-09 -3.00095098E-11 
    1524  8.75000000E+01  9.62500000E+02 -4.75535013E-01  1.46390185E+00  9.88366835E-01  2.50000000E-02 -1.58355255E-09 -6.61319550E-11 
    1525  1.12500000E+02  9.62500000E+02  7.68205346E-01  2.20161489E-01  9.88366835E-01  2.50000000E-02 -1.64213291E-09 -3.18089663E-10 
    1526  1.37500000E+02  9.62500000E+02 -3.04672445E-01  1.29303928E+00  9.88366835E-01  2.50000000E-02 -1.02696038E-09 -1.40361592E-11 
    1527  1.62500000E+02  9.62500000E+02  5.74915790E-01  4.13451045E-01  9.88366835E-01  2.50000000E-02 -8.09234163E-10 -7.81161804E-11 
    1528  1.87500000E+02  9.62500000E+02 -3.92427551E-01  1.38079439E+00  9.88366835E-01  2.50000000E-02 -5.30980185E-10 -5.71000352E-11 
    1529  2.12500000E+02  9.62500000E+02 -5.88412673E-02  1.04720810E+00  9.88366835E-01  2.50000000E-02 -5.48231636E-10 -1.66174137E-10 
    1530  2.37500000E+02  9.62500000E+02  5.45428619E-01  4.42938216E-01  9.88366835E-01  2.50000000E-02 -8.97247678E-10 -1.14936855E-10 
    1531  2.62500000E+02  9.62500000E+02 -7.43832154E-02  1.06275005E+00  9.88366835E-01  2.50000000E-02 -9.41615287E-10 -5.59936245E-10 
    1532  2.87500000E+02  9.62500000E+02 -8.95814017E-02  1.07794824E+00  9.88366835E-01  2.50000000E-02 -1.07522759E-09  1.14288021E-11 
    1533  3.12500000E+02  9.62500000E+02  3.83351312E-01  6.05015523E-01  9.88366835E-01  2.50000000E-02 -1.35929327E-09  3.89527898E-11 
    1534  3.37500000E+02  9.62500000E+02  1.64148860E-01  8.24217975E-01  9.88366835E-01  2.50000000E-02 -1.46091375E-09  2.31487388E-10 
    1535  3.62500000E+02  9.62500000E+02  6.71659560E-01  3.16707275E-01  9.88366835E-01  2.50000000E-02 -1.51491133E-09  9.54846631E-10 
    1536  3.87500000E+02  9.62500000E+02  5.99661382E-01  3.88705452E-01  9.88366835E-01  2.50000000E-02 -1.39803475E-09  6.51511989E-10 
    1537  4.12500000E+02  9.62500000E+02  9.46653930E-01  4.17129054E-02  9.88366835E-01  2.50000000E-02 -5.19446113E-09  7.49747134E-10 
    1538  4.37500000E+02  9.62500000E+02  8.56148547E-01  1.32218288E-01  9.88366835E-01  2.50000000E-02 -4.41831927E-09  3.00008408E-10 
    1539  4.62500000E+02  9.62500000E+02 -9.11244148E-01  1.89961098E+00  9.88366835E-01  2.50000000E-02 -3.31971055E-09 -6.92417658E-11 
    1540  4.87500000E+02  9.62500000E+02  7.41694063E-01  2.46672772E-01  9.88366835E-01  2.50000000E-02 -2.77083718E-09 -3.34532891E-11 
    1541  5.12500000E+02  9.62500000E+02  2.66200869E-01  7.22165967E-01  9.88366835E-01  2.50000000E-02 -2.74951968E-09  1.12695432E-10 
    1542  5.37500000E+02  9.62500000E+02  7.96732860E-01  1.91633975E-01  9.88366835E-01  2.50000000E-02 -2.47531332E-09  3.69344098E-10 
    1543  5.62500000E+02  9.62500000E+02  5.98661757E-01  3.89705078E-01  9.88366835E-01  2.50000000E-02 -1.70083971E-09 -1.35578840E-10 
    1544  5.87500000E+02  9.62500000E+02  6.19124027E-01  3.69242808E-01  9.88366835E-01  2.50000000E-02 -1.33796099E-09  3.01786341E-10 
    1545  6.12500000E+02  9.62500000E+02 -4.32051852E-01  1.42041869E+00  9.88366835E-01  2.50000000E-02 -4.72685049E-10 -3.18026430E-10 
    1546  6.37500000E+02  9.62500000E+02 -7.08649779E-01  1.69701661E+00  9.88366835E-01  2.50000000E-02 -3.83458067E-10  3.85328159E-10 
    1547  6.62500000E+02  9.62500000E+02  5.82485926E-01  4.05880910E-01  9.88366835E-01  2.50000000E-02 -4.41427222E-10  6.47898317E-11 
    1548  6.87500000E+02  9.62500000E+02  9.49551748E-01  3.88150870E-02  9.88366835E-01  2.50000000E-02 -1.23335307E-09  4.24500849E-10 
    1549  7.12500000E+02  9.62500000E+02  6.77367560E-01  3.10999275E-01  9.88366835E-01  2.50000000E-02 -4.27211512E-10 -1.35730611E-10 
    1550  7.37500000E+02  9.62500000E+02  5.27567504E-01  4.60799331E-01  9.88366835E-01  2.50000000E-02 -2.85089155E-10  1.81165991E-10 
    1551  7.62500000E+02  9.62500000E+02  5.84450674E-01  4.03916162E-01  9.88366835E-01  2.50000000E-02 -2.54440749E-10 -9.77073180E-11 
    1552  7.87500000E+02  9.62500000E+02  1.27239764E-01  8.61127071E-01  9.88366835E-01  2.50000000E-02 -2.92557955E-10 -4.15028089E-11 
    1553  8.12500000E+02  9.62500000E+02  4.08184924E-01  5.80181911E-01  9.88366835E-01  2.50000000E-02 -2.88405613E-10  3.07069113E-10 
    1554  8.37500000E+02  9.62500000E+02  9.69415757E-01  1.89510780E-02  9.88366835E-01  2.50000000E-02 -1.25108564E-10 -3.13892135E-11 
    1555  8.62500000E+02  9.62500000E+02 -4.55126912E-01  1.44349375E+00  9.88366835E-01  2.50000000E-02  2.49116669E-11  7.56643475E-11 
    1556  8.87500000E+02  9.62500000E+02 -3.50936499E-02  1.02346049E+00  9.88366835E-01  2.50000000E-02  2.83347184E-11  1.35720727E-11 
    1557  9.12500000E+02  9.62500000E+02  3.37572878E-01  6.50793957E-01  9.88366835E-01  2.50000000E-02  4.73796296E-11  4.87140130E-11 
    1558  9.37500000E+02  9.62500000E+02 -8.75588298E-01  1.86395513E+00  9.88366835E-01  2.50000000E-02  4.67940420E-11 -5.43989677E-11 
    1559  9.62500000E+02  9.62500000E+02  4.93574482E-01  4.94792353E-01  9.88366835E-01  2.50000000E-02  3.40909779E-12 -6.74920125E-11 
    1560  9.87500000E+02  9.62500000E+02 -5.51021495E-01  1.53938833E+00  9.88366835E-01  2.50000000E-02 -2.90518682E-12  1.19197026E-11 
    1561  1.25000000E+01  9.87500000E+02  7.80190091E-01  2.08176744E-01  9.88366835E-01  2.50000000E-02 -6.28360310E-11 -3.88594059E-11 
    1562  3.75000000E+01  9.87500000E+02 -1.81548055E-02  1.00652164E+00  9.88366835E-01  2.50000000E-02 -1.90504008E-10 -8.17129345E-12 
    1563  6.25000000E+01  9.87500000E+02  7.71319893E-01  2.17046942E-01  9.88366835E-01  2.50000000E-02 -3.17280500E-10  2.08393208E-11 
    1564  8.75000000E+01  9.87500000E+02  8.88495144E-01  9.98716910E-02  9.88366835E-01  2.50000000E-02 -6.78855423E-10 -7.91665323E-11 
    1565  1.12500000E+02  9.87500000E+02  4.92368360E-01  4.95998475E-01  9.88366835E-01  2.50000000E-02 -3.62738712E-10 -7.20142184E-11 
    1566  1.37500000E+02  9.87500000E+02 -4.30424939E-01  1.41879177E+00  9.88366835E-01  2.50000000E-02 -1.65246337E-10 -7.15777194E-12 
    1567  1.62500000E+02  9.87500000E+02 -5.44610253E-01  1.53297709E+00  9.88366835E-01  2.50000000E-02 -1.77788497E-10 -1.08792149E-11 
    1568  1.87500000E+02  9.87500000E+02  1.28043422E-01  8.60323412E-01  9.88366835E-01  2.50000000E-02 -3.27726269E-10  8.96717776E-12 
    1569  2.12500000E+02  9.87500000E+02  4.76008640E-01  5.12358195E-01  9.88366835E-01  2.50000000E-02 -5.53764209E-10 -9.78731471E-11 
    1570  2.37500000E+02  9.87500000E+02 -2.24396448E-01  1.21276328E+00  9.88366835E-01  2.50000000E-02 -6.30430908E-10 -1.23234831E-11 
    1571  2.62500000E+02  9.87500000E+02  3.63342812E-01  6.25024023E-01  9.88366835E-01  2.50000000E-02 -7.40143610E-10 -1.28217293E-10 
    1572  2.87500000E+02  9.87500000E+02  1.71146563E-01  8.17220272E-01  9.88366835E-01  2.50000000E-02 -8.20236734E-10 -5.08748748E-11 
    1573  3.12500000E+02  9.87500000E+02 -2.55419759E-01  1.24378659E+00  9.88366835E-01  2.50000000E-02 -6.08839698E-10  2.40507377E-12 
    1574  3.37500000E+02  9.87500000E+02 -8.66685646E-01  1.85505248E+00  9.88366835E-01  2.50000000E-02 -4.55924197E-10  1.59069345E-11 
    1575  3.62500000E+02  9.87500000E+02 -4.65567840E-01  1.45393467E+00  9.88366835E-01  2.50000000E-02 -3.37112348E-10  6.29110521E-11 
    1576  3.87500000E+02  9.87500000E+02 -4.61431498E-01  1.44979833E+00  9.88366835E-01  2.50000000E-02 -2.37090819E-10  4.35334771E-11 
    1577  4.12500000E+02  9.87500000E+02 -2.80989792E-01  1.26935663E+00  9.88366835E-01  2.50000000E-02 -2.49876241E-10  9.33074495E-12 
    1578  4.37500000E+02  9.87500000E+02  7.01271443E-01  2.87095392E-01  9.88366835E-01  2.50000000E-02 -7.07925016E-10  3.26855771E-10 
    1579  4.62500000E+02  9.87500000E+02  9.85313228E-01  3.05360735E-03  9.88366835E-01  2.50000000E-02 -7.56077165E-09  2.54123973E-09 
    1580  4.87500000E+02  9.87500000E+02 -5.00564128E-01  1.48893096E+00  9.88366835E-01  2.50000000E-02 -4.63434185E-11 -5.11090146E-12 
    1581  5.12500000E+02  9.87500000E+02  4.67460687E-02  9.41620766E-01  9.88366835E-01  2.50000000E-02 -4.75551707E-11  1.07848793E-13 
    1582  5.37500000E+02  9.87500000E+02 -3.67814905E-01  1.35618174E+00  9.88366835E-01  2.50000000E-02 -3.33859561E-11  6.65286981E-12 
    1583  5.62500000E+02  9.87500000E+02 -2.25677842E-01  1.21404468E+00  9.88366835E-01  2.50000000E-02 -2.47710732E-11  1.94619364E-12 
    1584  5.87500000E+02  9.87500000E+02  9.68637570E-01  1.97292648E-02  9.88366835E-01  2.50000000E-02 -1.59628699E-09 -1.20065336E-10 
    1585  6.12500000E+02  9.87500000E+02  8.61150098E-01  1.27216737E-01  9.88366835E-01  2.50000000E-02 -5.32257373E-10 -7.25326075E-11 
    1586  6.37500000E+02  9.87500000E+02  4.40708159E-01  5.47658677E-01  9.88366835E-01  2.50000000E-02 -6.75069072E-11  4.26201729E-11 
    1587  6.62500000E+02  9.87500000E+02 -4.93636618E-01  1.48200345E+00  9.88366835E-01  2.50000000E-02 -4.46888075E-11 -1.06984379E-11 
    1588  6.87500000E+02  9.87500000E+02  2.86862288E-02  9.59680606E-01  9.88366835E-01  2.50000000E-02 -6.68210560E-11  2.54875873E-12 
    1589  7.12500000E+02  9.87500000E+02  8.13472892E-01  1.74893943E-01  9.88366835E-01  2.50000000E-02 -2.23468986E-10  2.48696217E-11 
    1590  7.37500000E+02  9.87500000E+02 -1.47160918E-01  1.13552775E+00  9.88366835E-01  2.50000000E-02  9.41982110E-12  2.84931917E-11 
    1591  7.62500000E+02  9.87500000E+02 -4.87373231E-01  1.47574007E+00  9.88366835E-01  2.50000000E-02  1.35391223E-11 -7.23577274E-12 
    1592  7.87500000E+02  9.87500000E+02  1.47170481E-01  8.41196354E-01  9.88366835E-01  2.50000000E-02 -8.51866333E-12 -7.56389612E-12 
    1593  8.12500000E+02  9.87500000E+02  7.84715252E-01  2.03651583E-01  9.88366835E-01  2.50000000E-02 -2.40675822E-11  7.26657737E-11 
    1594  8.37500000E+02  9.87500000E+02  8.76695779E-01  1.11671056E-01  9.88366835E-01  2.50000000E-02  8.73310497E-11 -5.60768032E-12 
    1595  8.62500000E+02  9.87500000E+02 -4.94772749E-03  9.93314563E-01  9.88366835E-01  2.50000000E-02  5.80503544E-11  2.61539612E-11 
    1596  8.87500000E+02  9.87500000E+02 -3.80833447E-01  1.36920028E+00  9.88366835E-01  2.50000000E-02  5.31654545E-11  5.52584322E-12 
    1597  9.12500000E+02  9.87500000E+02 -7.36947486E-01  1.72531432E+00  9.88366835E-01  2.50000000E-02  5.16097991E-11  6.36873799E-12 
    1598  9.37500000E+02  9.87500000E+02 -7.00983651E-01  1.68935049E+00  9.88366835E-01  2.50000000E-02  5.15217555E-11 -2.05039879E-11 
    1599  9.62500000E+02  9.87500000E+02  5.93900250E-01  3.94466586E-01  9.88366835E-01  2.50000000E-02  1.81466387E-11 -2.25838807E-11 
    1600  9.87500000E+02  9.87500000E+02  6.22605174E-01  3.65761661E-01  9.88366835E-01  2.50000000E-02 -4.72177500E-12  8.04203450E-12 
