 # Gnuplot DataFile Version
 # i x y bathy h zs Manning u v
       1  1.25000000E+01  1.25000000E+01  4.46335605E-01  5.42031230E-01  9.88366836E-01  2.50000000E-02 -1.39335468E-13  2.89086737E-14 
       2  3.75000000E+01  1.25000000E+01 -6.05345608E-03  9.94420292E-01  9.88366836E-01  2.50000000E-02 -2.53311156E-13 -1.42538960E-14 
       3  6.25000000E+01  1.25000000E+01 -5.49514821E-01  1.53788166E+00  9.88366836E-01  2.50000000E-02 -3.68165800E-13 -3.14535433E-15 
       4  8.75000000E+01  1.25000000E+01  7.91149585E-01  1.97217250E-01  9.88366836E-01  2.50000000E-02 -2.44158666E-12  3.56269564E-13 
       5  1.12500000E+02  1.25000000E+01  6.13669961E-02  9.26999840E-01  9.88366836E-01  2.50000000E-02 -2.37748796E-12  1.15717529E-15 
       6  1.37500000E+02  1.25000000E+01  6.27517616E-01  3.60849220E-01  9.88366836E-01  2.50000000E-02 -4.04015966E-13 -1.84069452E-12 
       7  1.62500000E+02  1.25000000E+01  2.46381453E-01  7.41985383E-01  9.88366836E-01  2.50000000E-02  9.57747893E-13 -1.10365827E-13 
       8  1.87500000E+02  1.25000000E+01  3.71292612E-01  6.17074224E-01  9.88366836E-01  2.50000000E-02  8.52563179E-13  2.14682123E-13 
       9  2.12500000E+02  1.25000000E+01  9.46004258E-01  4.23625780E-02  9.88366836E-01  2.50000000E-02  2.12026808E-12 -7.00223291E-13 
      10  2.37500000E+02  1.25000000E+01  5.74937168E-01  4.13429667E-01  9.88366836E-01  2.50000000E-02  1.99966954E-12 -1.08099356E-12 
      11  2.62500000E+02  1.25000000E+01  4.39255120E-02  9.44441324E-01  9.88366836E-01  2.50000000E-02  1.09344386E-12 -3.29795046E-14 
      12  2.87500000E+02  1.25000000E+01 -4.09949661E-02  1.02936180E+00  9.88366836E-01  2.50000000E-02  8.78303572E-13  5.72663808E-14 
      13  3.12500000E+02  1.25000000E+01  4.38687919E-01  5.49678917E-01  9.88366836E-01  2.50000000E-02  8.42191349E-13  2.12056405E-14 
      14  3.37500000E+02  1.25000000E+01 -7.91228831E-02  1.06748972E+00  9.88366836E-01  2.50000000E-02  9.68735964E-13 -2.78806718E-13 
      15  3.62500000E+02  1.25000000E+01  2.44044062E-01  7.44322773E-01  9.88366836E-01  2.50000000E-02  7.79878891E-13  2.87138777E-13 
      16  3.87500000E+02  1.25000000E+01 -6.85643526E-01  1.67401036E+00  9.88366836E-01  2.50000000E-02  4.89698377E-13 -9.95420787E-14 
      17  4.12500000E+02  1.25000000E+01  2.59727577E-02  9.62394078E-01  9.88366836E-01  2.50000000E-02  1.36064224E-12 -8.81005887E-13 
      18  4.37500000E+02  1.25000000E+01 -5.16011811E-01  1.50437865E+00  9.88366836E-01  2.50000000E-02  2.12090692E-12 -4.10117538E-13 
      19  4.62500000E+02  1.25000000E+01 -9.20531819E-01  1.90889865E+00  9.88366836E-01  2.50000000E-02  2.66710527E-12 -2.38598131E-14 
      20  4.87500000E+02  1.25000000E+01  2.92289694E-01  6.96077142E-01  9.88366836E-01  2.50000000E-02  4.63387658E-12 -1.72190267E-13 
      21  5.12500000E+02  1.25000000E+01 -6.29697380E-01  1.61806422E+00  9.88366836E-01  2.50000000E-02  4.43074445E-12 -1.13480990E-13 
      22  5.37500000E+02  1.25000000E+01  1.38086539E-01  8.50280297E-01  9.88366836E-01  2.50000000E-02  3.86359989E-12  2.40603193E-13 
      23  5.62500000E+02  1.25000000E+01 -7.46759496E-01  1.73512633E+00  9.88366836E-01  2.50000000E-02  4.24570271E-12  2.30829411E-13 
      24  5.87500000E+02  1.25000000E+01  7.38600993E-01  2.49765843E-01  9.88366836E-01  2.50000000E-02  8.05958417E-12  2.71768547E-13 
      25  6.12500000E+02  1.25000000E+01 -7.02905248E-01  1.69127208E+00  9.88366836E-01  2.50000000E-02  7.68314499E-12  1.07598630E-13 
      26  6.37500000E+02  1.25000000E+01  8.08237824E-01  1.80129012E-01  9.88366836E-01  2.50000000E-02  7.44188177E-12  2.76307892E-14 
      27  6.62500000E+02  1.25000000E+01  2.71836042E-01  7.16530794E-01  9.88366836E-01  2.50000000E-02  3.61228935E-12 -7.83477209E-13 
      28  6.87500000E+02  1.25000000E+01  1.36223681E-01  8.52143155E-01  9.88366836E-01  2.50000000E-02  3.45388649E-12 -5.70796206E-13 
      29  7.12500000E+02  1.25000000E+01 -3.85249797E-01  1.37361663E+00  9.88366836E-01  2.50000000E-02  3.04684348E-12 -1.03894178E-13 
      30  7.37500000E+02  1.25000000E+01 -2.31877380E-01  1.22024422E+00  9.88366836E-01  2.50000000E-02  2.59622218E-12  4.12903786E-13 
      31  7.62500000E+02  1.25000000E+01  1.13778251E-01  8.74588585E-01  9.88366836E-01  2.50000000E-02  2.24998126E-12  1.32347493E-13 
      32  7.87500000E+02  1.25000000E+01 -2.03716185E-01  1.19208302E+00  9.88366836E-01  2.50000000E-02  1.62113701E-12  2.37039359E-14 
      33  8.12500000E+02  1.25000000E+01 -8.01970376E-01  1.79033721E+00  9.88366836E-01  2.50000000E-02  1.22297609E-12  3.72048092E-14 
      34  8.37500000E+02  1.25000000E+01 -2.45458514E-01  1.23382535E+00  9.88366836E-01  2.50000000E-02  1.14142900E-12  3.06573660E-13 
      35  8.62500000E+02  1.25000000E+01  6.55172082E-01  3.33194753E-01  9.88366836E-01  2.50000000E-02  1.18117845E-12  7.14964879E-14 
      36  8.87500000E+02  1.25000000E+01 -7.59466771E-01  1.74783361E+00  9.88366836E-01  2.50000000E-02  4.18973731E-13 -5.99393308E-14 
      37  9.12500000E+02  1.25000000E+01 -1.48571111E-01  1.13693795E+00  9.88366836E-01  2.50000000E-02  3.32041016E-13 -4.99797036E-14 
      38  9.37500000E+02  1.25000000E+01 -9.38289085E-01  1.92665592E+00  9.88366836E-01  2.50000000E-02  3.58898027E-13  5.96681110E-15 
      39  9.62500000E+02  1.25000000E+01  6.10300161E-01  3.78066674E-01  9.88366836E-01  2.50000000E-02  4.31502036E-13 -6.23785034E-14 
      40  9.87500000E+02  1.25000000E+01 -2.47851854E-01  1.23621869E+00  9.88366836E-01  2.50000000E-02  4.79837856E-14  9.13865368E-16 
      41  1.25000000E+01  3.75000000E+01 -5.98248598E-03  9.94349322E-01  9.88366836E-01  2.50000000E-02 -2.88663523E-14 -5.93922403E-15 
      42  3.75000000E+01  3.75000000E+01 -2.67561176E-01  1.25592801E+00  9.88366836E-01  2.50000000E-02  7.49676021E-15 -1.38599636E-13 
      43  6.25000000E+01  3.75000000E+01 -5.60496726E-01  1.54886356E+00  9.88366836E-01  2.50000000E-02  5.19814357E-14 -2.00712327E-14 
      44  8.75000000E+01  3.75000000E+01  6.36443375E-01  3.51923461E-01  9.88366836E-01  2.50000000E-02  4.34845063E-14  2.94069485E-13 
      45  1.12500000E+02  3.75000000E+01  9.86166516E-01  2.20032012E-03  9.88366836E-01  2.50000000E-02 -1.15167357E-11 -8.56286129E-12 
      46  1.37500000E+02  3.75000000E+01 -5.10431734E-01  1.49879857E+00  9.88366836E-01  2.50000000E-02  3.24504205E-12 -6.46020415E-12 
      47  1.62500000E+02  3.75000000E+01 -4.55747954E-01  1.44411479E+00  9.88366836E-01  2.50000000E-02  3.03430209E-12  1.06150563E-13 
      48  1.87500000E+02  3.75000000E+01 -9.26617771E-01  1.91498461E+00  9.88366836E-01  2.50000000E-02  2.38881998E-12  6.06674689E-13 
      49  2.12500000E+02  3.75000000E+01 -6.05654847E-01  1.59402168E+00  9.88366836E-01  2.50000000E-02  1.78652919E-12  1.35699776E-12 
      50  2.37500000E+02  3.75000000E+01 -4.45395756E-01  1.43376259E+00  9.88366836E-01  2.50000000E-02  1.70362049E-12 -1.71263711E-12 
      51  2.62500000E+02  3.75000000E+01  6.78131645E-01  3.10235191E-01  9.88366836E-01  2.50000000E-02  2.99733346E-12  1.26220758E-13 
      52  2.87500000E+02  3.75000000E+01  4.31827320E-01  5.56539516E-01  9.88366836E-01  2.50000000E-02  2.48229229E-12  7.09780910E-13 
      53  3.12500000E+02  3.75000000E+01  9.58920598E-01  2.94462374E-02  9.88366836E-01  2.50000000E-02 -3.27100368E-13  2.79815457E-12 
      54  3.37500000E+02  3.75000000E+01 -1.43604037E-01  1.13197087E+00  9.88366836E-01  2.50000000E-02 -6.95734290E-13 -2.85520423E-13 
      55  3.62500000E+02  3.75000000E+01 -7.98346345E-01  1.78671318E+00  9.88366836E-01  2.50000000E-02 -1.33885158E-12  1.24165928E-12 
      56  3.87500000E+02  3.75000000E+01 -7.61416868E-01  1.74978370E+00  9.88366836E-01  2.50000000E-02 -1.82653416E-12 -1.42912457E-13 
      57  4.12500000E+02  3.75000000E+01 -7.32299337E-01  1.72066617E+00  9.88366836E-01  2.50000000E-02 -1.69234686E-12 -2.62458021E-12 
      58  4.37500000E+02  3.75000000E+01  4.06542981E-03  9.84301406E-01  9.88366836E-01  2.50000000E-02 -9.24615709E-13 -1.62384915E-12 
      59  4.62500000E+02  3.75000000E+01  5.23048454E-01  4.65318382E-01  9.88366836E-01  2.50000000E-02 -2.32475592E-13 -1.01188889E-12 
      60  4.87500000E+02  3.75000000E+01  8.70015014E-01  1.18351822E-01  9.88366836E-01  2.50000000E-02  3.42263063E-12 -4.02504589E-12 
      61  5.12500000E+02  3.75000000E+01  6.95774785E-02  9.18789357E-01  9.88366836E-01  2.50000000E-02  1.87018541E-12 -1.04544749E-12 
      62  5.37500000E+02  3.75000000E+01 -2.62874281E-01  1.25124112E+00  9.88366836E-01  2.50000000E-02  1.79019716E-12  5.11445747E-13 
      63  5.62500000E+02  3.75000000E+01  2.57640648E-02  9.62602771E-01  9.88366836E-01  2.50000000E-02  2.51577403E-12  8.68618510E-13 
      64  5.87500000E+02  3.75000000E+01  5.75245284E-01  4.13121552E-01  9.88366836E-01  2.50000000E-02  4.48169250E-12  8.84420004E-13 
      65  6.12500000E+02  3.75000000E+01 -6.05455565E-01  1.59382240E+00  9.88366836E-01  2.50000000E-02  2.43719874E-12 -4.17541615E-13 
      66  6.37500000E+02  3.75000000E+01 -6.78783371E-01  1.66715021E+00  9.88366836E-01  2.50000000E-02  2.31441385E-12 -8.55185313E-13 
      67  6.62500000E+02  3.75000000E+01 -9.13459003E-01  1.90182584E+00  9.88366836E-01  2.50000000E-02  2.27902067E-12 -1.55233813E-12 
      68  6.87500000E+02  3.75000000E+01 -6.50455217E-01  1.63882205E+00  9.88366836E-01  2.50000000E-02  2.42462352E-12 -1.12107994E-12 
      69  7.12500000E+02  3.75000000E+01  2.69543656E-01  7.18823180E-01  9.88366836E-01  2.50000000E-02  3.08013721E-12 -2.26211494E-13 
      70  7.37500000E+02  3.75000000E+01 -3.48170109E-01  1.33653695E+00  9.88366836E-01  2.50000000E-02  1.90220429E-12  7.48293439E-13 
      71  7.62500000E+02  3.75000000E+01 -8.77683744E-01  1.86605058E+00  9.88366836E-01  2.50000000E-02  1.37720365E-12  1.43369315E-13 
      72  7.87500000E+02  3.75000000E+01 -6.64986548E-01  1.65335338E+00  9.88366836E-01  2.50000000E-02  1.18888622E-12  8.85890251E-14 
      73  8.12500000E+02  3.75000000E+01 -8.83911452E-01  1.87227829E+00  9.88366836E-01  2.50000000E-02  1.14102499E-12  1.12885223E-13 
      74  8.37500000E+02  3.75000000E+01 -4.05378689E-01  1.39374552E+00  9.88366836E-01  2.50000000E-02  1.08985093E-12  6.23190154E-13 
      75  8.62500000E+02  3.75000000E+01 -9.46473242E-01  1.93484008E+00  9.88366836E-01  2.50000000E-02  9.36298095E-13  2.38660225E-13 
      76  8.87500000E+02  3.75000000E+01 -4.51688796E-02  1.03353572E+00  9.88366836E-01  2.50000000E-02  7.80239158E-13 -1.16950913E-13 
      77  9.12500000E+02  3.75000000E+01  1.61625845E-01  8.26740991E-01  9.88366836E-01  2.50000000E-02  7.40976403E-13  4.37586863E-14 
      78  9.37500000E+02  3.75000000E+01  8.80252354E-01  1.08114482E-01  9.88366836E-01  2.50000000E-02  1.07658220E-12  2.86568087E-13 
      79  9.62500000E+02  3.75000000E+01 -4.78569655E-01  1.46693649E+00  9.88366836E-01  2.50000000E-02  1.01324325E-13 -3.07431284E-13 
      80  9.87500000E+02  3.75000000E+01 -4.41479578E-01  1.42984641E+00  9.88366836E-01  2.50000000E-02  4.48984206E-14  3.52020110E-15 
      81  1.25000000E+01  6.25000000E+01 -2.22133777E-01  1.21050061E+00  9.88366836E-01  2.50000000E-02 -9.22289958E-14  2.00661454E-14 
      82  3.75000000E+01  6.25000000E+01 -9.22805164E-01  1.91117200E+00  9.88366836E-01  2.50000000E-02 -2.35023492E-13 -2.67522949E-13 
      83  6.25000000E+01  6.25000000E+01  8.67690341E-01  1.20676495E-01  9.88366836E-01  2.50000000E-02 -2.70240769E-12 -2.87827767E-13 
      84  8.75000000E+01  6.25000000E+01  5.96017279E-01  3.92349557E-01  9.88366836E-01  2.50000000E-02 -3.53305609E-12  1.02490603E-12 
      85  1.12500000E+02  6.25000000E+01  6.44978475E-01  3.43388361E-01  9.88366836E-01  2.50000000E-02 -1.92879542E-12 -3.72257014E-12 
      86  1.37500000E+02  6.25000000E+01  1.31753819E-01  8.56613016E-01  9.88366836E-01  2.50000000E-02  7.85576947E-13 -7.88473363E-12 
      87  1.62500000E+02  6.25000000E+01 -4.55407585E-01  1.44377442E+00  9.88366836E-01  2.50000000E-02  8.00118000E-13  1.93429670E-13 
      88  1.87500000E+02  6.25000000E+01 -5.64947174E-01  1.55331401E+00  9.88366836E-01  2.50000000E-02  7.13444381E-13  9.14009816E-13 
      89  2.12500000E+02  6.25000000E+01  3.81153889E-01  6.07212947E-01  9.88366836E-01  2.50000000E-02  9.39485310E-13  1.52362206E-12 
      90  2.37500000E+02  6.25000000E+01  8.45212841E-01  1.43153994E-01  9.88366836E-01  2.50000000E-02  1.47961462E-12  3.68955368E-13 
      91  2.62500000E+02  6.25000000E+01 -2.37008896E-01  1.22537573E+00  9.88366836E-01  2.50000000E-02 -5.14171915E-14  8.65042021E-13 
      92  2.87500000E+02  6.25000000E+01 -1.01501098E-01  1.08986793E+00  9.88366836E-01  2.50000000E-02 -3.75510365E-13  1.08846425E-12 
      93  3.12500000E+02  6.25000000E+01 -3.41664032E-01  1.33003087E+00  9.88366836E-01  2.50000000E-02 -1.53874753E-12  1.68428947E-12 
      94  3.37500000E+02  6.25000000E+01 -5.72670355E-01  1.56103719E+00  9.88366836E-01  2.50000000E-02 -1.91306579E-12 -2.11958634E-13 
      95  3.62500000E+02  6.25000000E+01 -7.40812302E-01  1.72917914E+00  9.88366836E-01  2.50000000E-02 -1.89917294E-12  1.38938852E-12 
      96  3.87500000E+02  6.25000000E+01  1.39403546E-01  8.48963290E-01  9.88366836E-01  2.50000000E-02 -2.51640097E-12  2.10702063E-14 
      97  4.12500000E+02  6.25000000E+01 -3.42636639E-01  1.33100347E+00  9.88366836E-01  2.50000000E-02 -2.32350339E-12 -4.01401466E-12 
      98  4.37500000E+02  6.25000000E+01 -8.09230132E-01  1.79759697E+00  9.88366836E-01  2.50000000E-02 -2.17300132E-12 -2.48553573E-12 
      99  4.62500000E+02  6.25000000E+01  8.36185138E-01  1.52181698E-01  9.88366836E-01  2.50000000E-02  2.18697191E-13 -7.68509695E-12 
     100  4.87500000E+02  6.25000000E+01 -7.66004509E-01  1.75437134E+00  9.88366836E-01  2.50000000E-02  1.86144373E-12 -5.77565492E-12 
     101  5.12500000E+02  6.25000000E+01 -8.56193929E-01  1.84456076E+00  9.88366836E-01  2.50000000E-02  1.97209828E-12 -6.29262857E-13 
     102  5.37500000E+02  6.25000000E+01  7.96759260E-01  1.91607576E-01  9.88366836E-01  2.50000000E-02  5.76335356E-12  1.64031491E-12 
     103  5.62500000E+02  6.25000000E+01  9.10743014E-01  7.76238223E-02  9.88366836E-01  2.50000000E-02  6.85443635E-12  4.08505347E-12 
     104  5.87500000E+02  6.25000000E+01  4.33256348E-01  5.55110488E-01  9.88366836E-01  2.50000000E-02  1.26854885E-12  6.70858721E-13 
     105  6.12500000E+02  6.25000000E+01 -2.25020687E-01  1.21338752E+00  9.88366836E-01  2.50000000E-02  1.41842375E-12 -1.60206680E-12 
     106  6.37500000E+02  6.25000000E+01  4.75225974E-01  5.13140862E-01  9.88366836E-01  2.50000000E-02  1.82090351E-12 -1.10076249E-12 
     107  6.62500000E+02  6.25000000E+01  4.58719477E-01  5.29647359E-01  9.88366836E-01  2.50000000E-02  1.80946665E-12 -9.36586089E-13 
     108  6.87500000E+02  6.25000000E+01  9.60961101E-01  2.74057348E-02  9.88366836E-01  2.50000000E-02  4.90575307E-12  1.18706006E-12 
     109  7.12500000E+02  6.25000000E+01 -4.20474387E-01  1.40884122E+00  9.88366836E-01  2.50000000E-02  3.10437190E-13 -3.74625307E-13 
     110  7.37500000E+02  6.25000000E+01 -3.14378457E-01  1.30274529E+00  9.88366836E-01  2.50000000E-02  2.21908268E-13  7.28234830E-13 
     111  7.62500000E+02  6.25000000E+01 -1.11089879E-01  1.09945671E+00  9.88366836E-01  2.50000000E-02  1.45416119E-13 -1.53244679E-14 
     112  7.87500000E+02  6.25000000E+01 -7.61144773E-01  1.74951161E+00  9.88366836E-01  2.50000000E-02  1.56165901E-13  8.50377588E-14 
     113  8.12500000E+02  6.25000000E+01 -3.67239481E-02  1.02509078E+00  9.88366836E-01  2.50000000E-02  1.75380784E-13  1.35091418E-13 
     114  8.37500000E+02  6.25000000E+01 -9.98738683E-01  1.98710552E+00  9.88366836E-01  2.50000000E-02  2.01630840E-13  5.97458025E-13 
     115  8.62500000E+02  6.25000000E+01 -8.80356106E-01  1.86872294E+00  9.88366836E-01  2.50000000E-02  2.47731812E-13  2.47518281E-13 
     116  8.87500000E+02  6.25000000E+01 -6.14383111E-01  1.60274995E+00  9.88366836E-01  2.50000000E-02  3.64051843E-13 -3.08736808E-14 
     117  9.12500000E+02  6.25000000E+01  3.58235454E-01  6.30131382E-01  9.88366836E-01  2.50000000E-02  6.84032431E-13  2.32308120E-13 
     118  9.37500000E+02  6.25000000E+01  6.03469246E-01  3.84897590E-01  9.88366836E-01  2.50000000E-02  8.37421585E-13 -1.39347424E-13 
     119  9.62500000E+02  6.25000000E+01  4.41048308E-01  5.47318528E-01  9.88366836E-01  2.50000000E-02  8.06902378E-13 -4.48232609E-13 
     120  9.87500000E+02  6.25000000E+01  9.11711479E-01  7.66553565E-02  9.88366836E-01  2.50000000E-02  5.04736309E-13 -1.91192514E-13 
     121  1.25000000E+01  8.75000000E+01  1.08678609E-01  8.79688227E-01  9.88366836E-01  2.50000000E-02 -4.67742286E-13  4.82333290E-13 
     122  3.75000000E+01  8.75000000E+01 -2.28846589E-01  1.21721342E+00  9.88366836E-01  2.50000000E-02 -1.24270586E-12  7.08513276E-15 
     123  6.25000000E+01  8.75000000E+01 -3.58835185E-01  1.34720202E+00  9.88366836E-01  2.50000000E-02 -1.60136407E-12  9.48804247E-13 
     124  8.75000000E+01  8.75000000E+01 -2.64391871E-01  1.25275871E+00  9.88366836E-01  2.50000000E-02 -2.15986506E-12  1.94668738E-12 
     125  1.12500000E+02  8.75000000E+01 -7.25763198E-02  1.06094316E+00  9.88366836E-01  2.50000000E-02 -1.69230983E-12 -3.33242835E-12 
     126  1.37500000E+02  8.75000000E+01 -1.54400161E-01  1.14276700E+00  9.88366836E-01  2.50000000E-02  3.72341068E-13 -8.56096546E-12 
     127  1.62500000E+02  8.75000000E+01 -5.69328360E-02  1.04529967E+00  9.88366836E-01  2.50000000E-02  1.55019976E-12  1.30260285E-13 
     128  1.87500000E+02  8.75000000E+01  9.24570212E-02  8.95909815E-01  9.88366836E-01  2.50000000E-02  1.49535789E-12  1.74479884E-12 
     129  2.12500000E+02  8.75000000E+01 -4.43656183E-01  1.43202302E+00  9.88366836E-01  2.50000000E-02  9.07712305E-13  9.67076651E-13 
     130  2.37500000E+02  8.75000000E+01 -5.57667035E-01  1.54603387E+00  9.88366836E-01  2.50000000E-02  7.26290536E-13  3.79163508E-13 
     131  2.62500000E+02  8.75000000E+01  8.18492517E-01  1.69874319E-01  9.88366836E-01  2.50000000E-02  1.01451615E-12  2.26475310E-12 
     132  2.87500000E+02  8.75000000E+01 -5.73086483E-01  1.56145332E+00  9.88366836E-01  2.50000000E-02 -2.40974317E-13  1.05246570E-12 
     133  3.12500000E+02  8.75000000E+01 -8.05166683E-01  1.79353352E+00  9.88366836E-01  2.50000000E-02 -3.81867732E-13  2.18287331E-12 
     134  3.37500000E+02  8.75000000E+01 -3.46934284E-01  1.33530112E+00  9.88366836E-01  2.50000000E-02 -3.47379566E-13 -5.83080698E-13 
     135  3.62500000E+02  8.75000000E+01 -3.61523406E-01  1.34989024E+00  9.88366836E-01  2.50000000E-02 -2.43414766E-13  1.38011783E-12 
     136  3.87500000E+02  8.75000000E+01 -3.84854875E-01  1.37322171E+00  9.88366836E-01  2.50000000E-02 -3.48812485E-13 -2.00051458E-13 
     137  4.12500000E+02  8.75000000E+01  6.99363783E-01  2.89003053E-01  9.88366836E-01  2.50000000E-02  3.97673618E-12 -1.72433831E-11 
     138  4.37500000E+02  8.75000000E+01 -8.75640272E-01  1.86400711E+00  9.88366836E-01  2.50000000E-02  8.27056132E-12 -3.12954365E-12 
     139  4.62500000E+02  8.75000000E+01  6.10751907E-01  3.77614929E-01  9.88366836E-01  2.50000000E-02  1.10555271E-11 -1.03277864E-11 
     140  4.87500000E+02  8.75000000E+01  3.56843358E-01  6.31523478E-01  9.88366836E-01  2.50000000E-02  1.13122229E-11 -7.88585059E-12 
     141  5.12500000E+02  8.75000000E+01  1.64731033E-01  8.23635803E-01  9.88366836E-01  2.50000000E-02  9.29349119E-12  3.60368514E-13 
     142  5.37500000E+02  8.75000000E+01 -7.42538812E-01  1.73090565E+00  9.88366836E-01  2.50000000E-02  6.23911490E-12 -1.18499005E-12 
     143  5.62500000E+02  8.75000000E+01 -9.48118006E-01  1.93648484E+00  9.88366836E-01  2.50000000E-02  5.35185061E-12  2.45869236E-12 
     144  5.87500000E+02  8.75000000E+01 -3.36867799E-01  1.32523463E+00  9.88366836E-01  2.50000000E-02  4.85480210E-12  8.82053707E-13 
     145  6.12500000E+02  8.75000000E+01 -8.26321860E-01  1.81468870E+00  9.88366836E-01  2.50000000E-02  4.97194666E-12 -1.02142883E-12 
     146  6.37500000E+02  8.75000000E+01  4.72054294E-01  5.16312541E-01  9.88366836E-01  2.50000000E-02  7.20553425E-12 -1.30620286E-12 
     147  6.62500000E+02  8.75000000E+01  3.81361642E-01  6.07005194E-01  9.88366836E-01  2.50000000E-02  6.70340131E-12 -5.04048027E-13 
     148  6.87500000E+02  8.75000000E+01  2.08037102E-01  7.80329734E-01  9.88366836E-01  2.50000000E-02  6.41123422E-12  2.36967424E-12 
     149  7.12500000E+02  8.75000000E+01  7.21356006E-01  2.67010830E-01  9.88366836E-01  2.50000000E-02  6.47439935E-12 -1.56513648E-12 
     150  7.37500000E+02  8.75000000E+01 -6.36567943E-01  1.62493478E+00  9.88366836E-01  2.50000000E-02  4.03575286E-12  7.80108450E-13 
     151  7.62500000E+02  8.75000000E+01  2.81442429E-01  7.06924406E-01  9.88366836E-01  2.50000000E-02  3.40998569E-12 -1.64403573E-13 
     152  7.87500000E+02  8.75000000E+01 -8.69344436E-01  1.85771127E+00  9.88366836E-01  2.50000000E-02  3.05619809E-12  9.78850963E-14 
     153  8.12500000E+02  8.75000000E+01  2.54507633E-01  7.33859203E-01  9.88366836E-01  2.50000000E-02  2.73512022E-12  5.46422911E-14 
     154  8.37500000E+02  8.75000000E+01 -1.03986893E-01  1.09235373E+00  9.88366836E-01  2.50000000E-02  2.36310054E-12  5.35275614E-13 
     155  8.62500000E+02  8.75000000E+01  1.39175414E-01  8.49191421E-01  9.88366836E-01  2.50000000E-02  2.02889819E-12  3.06682305E-13 
     156  8.87500000E+02  8.75000000E+01 -8.52254150E-01  1.84062099E+00  9.88366836E-01  2.50000000E-02  1.72461902E-12 -1.46415055E-14 
     157  9.12500000E+02  8.75000000E+01  9.24882240E-02  8.95878612E-01  9.88366836E-01  2.50000000E-02  1.48960686E-12  3.34791723E-13 
     158  9.37500000E+02  8.75000000E+01  2.11924596E-01  7.76442240E-01  9.88366836E-01  2.50000000E-02  1.42786577E-12  5.08577724E-13 
     159  9.62500000E+02  8.75000000E+01  7.91661204E-01  1.96705632E-01  9.88366836E-01  2.50000000E-02  1.17602367E-12 -4.85955747E-13 
     160  9.87500000E+02  8.75000000E+01 -7.84772235E-01  1.77313907E+00  9.88366836E-01  2.50000000E-02  2.60565690E-14 -1.22040582E-14 
     161  1.25000000E+01  1.12500000E+02 -1.38517810E-01  1.12688465E+00  9.88366836E-01  2.50000000E-02 -3.58584215E-13  1.54246403E-12 
     162  3.75000000E+01  1.12500000E+02 -5.15752501E-01  1.50411934E+00  9.88366836E-01  2.50000000E-02 -1.22808074E-12  6.02347165E-13 
     163  6.25000000E+01  1.12500000E+02  6.79722152E-01  3.08644684E-01  9.88366836E-01  2.50000000E-02 -6.68892491E-12  2.86468096E-12 
     164  8.75000000E+01  1.12500000E+02  3.93778443E-01  5.94588393E-01  9.88366836E-01  2.50000000E-02 -9.22276497E-12  4.42637587E-12 
     165  1.12500000E+02  1.12500000E+02 -7.51376039E-01  1.73974287E+00  9.88366836E-01  2.50000000E-02 -9.48008380E-12 -2.77772766E-12 
     166  1.37500000E+02  1.12500000E+02  9.94759526E-01  2.79538985E-08  9.94759553E-01  2.50000000E-02  8.39315114E-13  1.01963309E-12 
     167  1.62500000E+02  1.12500000E+02 -5.96844762E-03  9.94335283E-01  9.88366836E-01  2.50000000E-02  8.72537850E-12  1.83517777E-12 
     168  1.87500000E+02  1.12500000E+02  2.73210245E-01  7.15156591E-01  9.88366836E-01  2.50000000E-02  7.37227597E-12  3.33109551E-12 
     169  2.12500000E+02  1.12500000E+02 -7.97240036E-01  1.78560687E+00  9.88366836E-01  2.50000000E-02  3.50782843E-12  6.83542699E-13 
     170  2.37500000E+02  1.12500000E+02 -5.90233836E-01  1.57860067E+00  9.88366836E-01  2.50000000E-02  2.92545027E-12  1.18378389E-12 
     171  2.62500000E+02  1.12500000E+02  4.42065805E-01  5.46301031E-01  9.88366836E-01  2.50000000E-02  2.49449240E-12  3.20255509E-12 
     172  2.87500000E+02  1.12500000E+02 -3.93244859E-01  1.38161169E+00  9.88366836E-01  2.50000000E-02  2.78721394E-13  1.33136169E-12 
     173  3.12500000E+02  1.12500000E+02  3.09424066E-01  6.78942770E-01  9.88366836E-01  2.50000000E-02 -1.66979015E-12  4.79864518E-12 
     174  3.37500000E+02  1.12500000E+02 -9.66486511E-01  1.95485335E+00  9.88366836E-01  2.50000000E-02 -2.80827776E-12 -4.38432381E-13 
     175  3.62500000E+02  1.12500000E+02 -3.44924414E-01  1.33329125E+00  9.88366836E-01  2.50000000E-02 -3.34126546E-12  1.70262143E-12 
     176  3.87500000E+02  1.12500000E+02  3.36817882E-02  9.54685048E-01  9.88366836E-01  2.50000000E-02 -5.52689225E-12 -6.10732363E-13 
     177  4.12500000E+02  1.12500000E+02  5.63483232E-01  4.24883604E-01  9.88366836E-01  2.50000000E-02 -5.76564830E-12 -2.20136546E-11 
     178  4.37500000E+02  1.12500000E+02 -4.61520794E-01  1.44988763E+00  9.88366836E-01  2.50000000E-02 -3.07988528E-12 -2.86602390E-12 
     179  4.62500000E+02  1.12500000E+02 -8.93975861E-02  1.07776442E+00  9.88366836E-01  2.50000000E-02 -2.32235734E-12 -8.33807160E-12 
     180  4.87500000E+02  1.12500000E+02  5.86560371E-01  4.01806465E-01  9.88366836E-01  2.50000000E-02  3.01676129E-12 -1.22933457E-11 
     181  5.12500000E+02  1.12500000E+02  8.29051939E-01  1.59314897E-01  9.88366836E-01  2.50000000E-02  6.86675481E-12 -3.98146434E-12 
     182  5.37500000E+02  1.12500000E+02 -2.66416548E-01  1.25478338E+00  9.88366836E-01  2.50000000E-02  1.29202968E-12 -1.53161137E-12 
     183  5.62500000E+02  1.12500000E+02 -5.82060613E-02  1.04657290E+00  9.88366836E-01  2.50000000E-02  1.60112212E-12  2.52282384E-12 
     184  5.87500000E+02  1.12500000E+02 -2.17671230E-01  1.20603807E+00  9.88366836E-01  2.50000000E-02  2.25358902E-12  9.88340697E-13 
     185  6.12500000E+02  1.12500000E+02 -1.44100279E-01  1.13246711E+00  9.88366836E-01  2.50000000E-02  2.50979276E-12 -1.71093516E-13 
     186  6.37500000E+02  1.12500000E+02  1.79934253E-01  8.08432583E-01  9.88366836E-01  2.50000000E-02  2.89961050E-12 -1.45159121E-12 
     187  6.62500000E+02  1.12500000E+02  3.46347084E-01  6.42019752E-01  9.88366836E-01  2.50000000E-02  2.46238446E-12 -3.59593672E-13 
     188  6.87500000E+02  1.12500000E+02  1.33810219E-02  9.74985814E-01  9.88366836E-01  2.50000000E-02  1.90248959E-12  2.37725322E-12 
     189  7.12500000E+02  1.12500000E+02  4.88346163E-01  5.00020672E-01  9.88366836E-01  2.50000000E-02  1.59233351E-12 -1.00822647E-13 
     190  7.37500000E+02  1.12500000E+02  9.85545454E-01  2.82138208E-03  9.88366836E-01  2.50000000E-02  1.35945940E-11 -2.14920813E-12 
     191  7.62500000E+02  1.12500000E+02  8.44931991E-01  1.43434844E-01  9.88366836E-01  2.50000000E-02  3.63447972E-14 -7.06042035E-13 
     192  7.87500000E+02  1.12500000E+02 -2.61429806E-01  1.24979664E+00  9.88366836E-01  2.50000000E-02 -3.55168371E-14  1.34378568E-13 
     193  8.12500000E+02  1.12500000E+02 -4.19086636E-01  1.40745347E+00  9.88366836E-01  2.50000000E-02 -4.56507168E-15 -5.30755235E-14 
     194  8.37500000E+02  1.12500000E+02 -6.24126360E-01  1.61249320E+00  9.88366836E-01  2.50000000E-02  5.00677711E-14  4.85767640E-13 
     195  8.62500000E+02  1.12500000E+02 -1.03208890E-01  1.09157573E+00  9.88366836E-01  2.50000000E-02  1.00191815E-13  2.73010407E-13 
     196  8.87500000E+02  1.12500000E+02  8.56216663E-01  1.32150173E-01  9.88366836E-01  2.50000000E-02  1.55611805E-13  1.74914645E-13 
     197  9.12500000E+02  1.12500000E+02  5.22711667E-01  4.65655169E-01  9.88366836E-01  2.50000000E-02 -2.26036324E-14  5.07193849E-13 
     198  9.37500000E+02  1.12500000E+02 -9.57883280E-01  1.94625012E+00  9.88366836E-01  2.50000000E-02 -1.37919479E-13  4.85052877E-13 
     199  9.62500000E+02  1.12500000E+02 -8.96224899E-01  1.88459174E+00  9.88366836E-01  2.50000000E-02 -6.69841715E-14 -2.89453027E-13 
     200  9.87500000E+02  1.12500000E+02 -8.69716605E-01  1.85808344E+00  9.88366836E-01  2.50000000E-02  9.83855055E-15 -3.53229660E-14 
     201  1.25000000E+01  1.37500000E+02  7.23899730E-01  2.64467106E-01  9.88366836E-01  2.50000000E-02  1.14487724E-13  5.20486177E-12 
     202  3.75000000E+01  1.37500000E+02  8.12980265E-01  1.75386571E-01  9.88366836E-01  2.50000000E-02  2.93491055E-13  5.16077321E-12 
     203  6.25000000E+01  1.37500000E+02 -3.66884301E-01  1.35525114E+00  9.88366836E-01  2.50000000E-02  4.72440766E-13  9.02464484E-13 
     204  8.75000000E+01  1.37500000E+02 -5.83269168E-01  1.57163600E+00  9.88366836E-01  2.50000000E-02  2.38287182E-13  4.06525021E-12 
     205  1.12500000E+02  1.37500000E+02  7.75219159E-01  2.13147676E-01  9.88366836E-01  2.50000000E-02 -3.53623144E-12  3.13467616E-12 
     206  1.37500000E+02  1.37500000E+02 -4.95104883E-01  1.48347172E+00  9.88366836E-01  2.50000000E-02 -1.45219182E-12  7.23421028E-12 
     207  1.62500000E+02  1.37500000E+02 -3.69251004E-01  1.35761784E+00  9.88366836E-01  2.50000000E-02 -7.51764173E-13  4.01695801E-12 
     208  1.87500000E+02  1.37500000E+02 -8.84234157E-01  1.87260099E+00  9.88366836E-01  2.50000000E-02  9.77130739E-14  5.28990647E-12 
     209  2.12500000E+02  1.37500000E+02 -6.39689322E-01  1.62805616E+00  9.88366836E-01  2.50000000E-02  3.56054248E-13  7.72128567E-13 
     210  2.37500000E+02  1.37500000E+02  3.91397575E-02  9.49227078E-01  9.88366836E-01  2.50000000E-02  1.25432435E-13  3.13337511E-12 
     211  2.62500000E+02  1.37500000E+02 -8.48776607E-01  1.83714344E+00  9.88366836E-01  2.50000000E-02 -1.35466189E-12  2.79924051E-12 
     212  2.87500000E+02  1.37500000E+02 -9.42180406E-01  1.93054724E+00  9.88366836E-01  2.50000000E-02 -2.00197742E-12  1.42614987E-12 
     213  3.12500000E+02  1.37500000E+02 -3.69058054E-01  1.35742489E+00  9.88366836E-01  2.50000000E-02 -3.70979254E-12  5.90041672E-12 
     214  3.37500000E+02  1.37500000E+02  3.15102034E-01  6.73264802E-01  9.88366836E-01  2.50000000E-02 -8.64550407E-12  1.60523289E-12 
     215  3.62500000E+02  1.37500000E+02 -1.07956865E-01  1.09632370E+00  9.88366836E-01  2.50000000E-02 -1.19548202E-11  2.19000490E-12 
     216  3.87500000E+02  1.37500000E+02  7.69074484E-01  2.19292352E-01  9.88366836E-01  2.50000000E-02 -2.39688309E-11  7.27306984E-12 
     217  4.12500000E+02  1.37500000E+02  9.99470287E-01  2.78116594E-08  9.99470315E-01  2.50000000E-02  5.76549445E-13 -1.17446603E-12 
     218  4.37500000E+02  1.37500000E+02 -7.43699164E-01  1.73206600E+00  9.88366836E-01  2.50000000E-02  4.56581182E-12 -1.64165656E-12 
     219  4.62500000E+02  1.37500000E+02 -4.07240404E-01  1.39560724E+00  9.88366836E-01  2.50000000E-02  5.93936824E-12 -7.91897990E-12 
     220  4.87500000E+02  1.37500000E+02  1.67925225E-01  8.20441611E-01  9.88366836E-01  2.50000000E-02  9.76084284E-12 -1.31028972E-11 
     221  5.12500000E+02  1.37500000E+02  6.80805707E-01  3.07561129E-01  9.88366836E-01  2.50000000E-02  1.37761730E-11 -7.36889760E-12 
     222  5.37500000E+02  1.37500000E+02  2.17428979E-02  9.66623938E-01  9.88366836E-01  2.50000000E-02  1.21490050E-11 -1.41408658E-12 
     223  5.62500000E+02  1.37500000E+02  6.58877397E-01  3.29489439E-01  9.88366836E-01  2.50000000E-02  9.14387360E-12  3.77883756E-12 
     224  5.87500000E+02  1.37500000E+02 -3.39958281E-02  1.02236266E+00  9.88366836E-01  2.50000000E-02  6.37276436E-12  1.17533969E-12 
     225  6.12500000E+02  1.37500000E+02  4.87976919E-01  5.00389917E-01  9.88366836E-01  2.50000000E-02  5.73246447E-12  9.08262275E-13 
     226  6.37500000E+02  1.37500000E+02  8.01521395E-01  1.86845441E-01  9.88366836E-01  2.50000000E-02  6.31721280E-12 -7.70554907E-13 
     227  6.62500000E+02  1.37500000E+02 -8.98507145E-01  1.88687398E+00  9.88366836E-01  2.50000000E-02  2.06225094E-12 -4.66242077E-13 
     228  6.87500000E+02  1.37500000E+02  7.01774916E-03  9.81349087E-01  9.88366836E-01  2.50000000E-02  2.09426380E-12  2.34970076E-12 
     229  7.12500000E+02  1.37500000E+02  3.74468801E-01  6.13898035E-01  9.88366836E-01  2.50000000E-02  3.20386473E-12  4.55924930E-13 
     230  7.37500000E+02  1.37500000E+02  5.87595617E-01  4.00771219E-01  9.88366836E-01  2.50000000E-02  3.71013117E-12  4.89164542E-13 
     231  7.62500000E+02  1.37500000E+02  3.25762240E-01  6.62604595E-01  9.88366836E-01  2.50000000E-02  2.89167251E-12 -1.16320904E-12 
     232  7.87500000E+02  1.37500000E+02 -6.78944753E-01  1.66731159E+00  9.88366836E-01  2.50000000E-02  2.15657557E-12 -1.55616286E-14 
     233  8.12500000E+02  1.37500000E+02 -5.91976095E-02  1.04756445E+00  9.88366836E-01  2.50000000E-02  1.88532249E-12 -6.86738629E-14 
     234  8.37500000E+02  1.37500000E+02  1.04583311E-01  8.83783525E-01  9.88366836E-01  2.50000000E-02  1.81079264E-12  4.51263611E-13 
     235  8.62500000E+02  1.37500000E+02 -9.53455028E-01  1.94182186E+00  9.88366836E-01  2.50000000E-02  1.64180092E-12  2.42868615E-13 
     236  8.87500000E+02  1.37500000E+02  2.42194233E-01  7.46172603E-01  9.88366836E-01  2.50000000E-02  1.47982721E-12  5.31938365E-13 
     237  9.12500000E+02  1.37500000E+02  5.61472783E-01  4.26894053E-01  9.88366836E-01  2.50000000E-02  1.11022375E-12  4.93269403E-13 
     238  9.37500000E+02  1.37500000E+02 -8.09283821E-01  1.79765066E+00  9.88366836E-01  2.50000000E-02  3.42432611E-13  3.76889092E-13 
     239  9.62500000E+02  1.37500000E+02 -8.07533917E-01  1.79590075E+00  9.88366836E-01  2.50000000E-02  2.58188500E-13 -3.08726563E-13 
     240  9.87500000E+02  1.37500000E+02  3.82521626E-02  9.50114673E-01  9.88366836E-01  2.50000000E-02  9.75952868E-14 -1.07325101E-13 
     241  1.25000000E+01  1.62500000E+02  8.35147174E-02  9.04852118E-01  9.88366836E-01  2.50000000E-02 -8.34140142E-13  3.21700811E-12 
     242  3.75000000E+01  1.62500000E+02 -4.14718301E-01  1.40308514E+00  9.88366836E-01  2.50000000E-02 -2.22762631E-12  3.78879655E-12 
     243  6.25000000E+01  1.62500000E+02 -9.45091518E-01  1.93345835E+00  9.88366836E-01  2.50000000E-02 -2.01187518E-12  5.56753719E-13 
     244  8.75000000E+01  1.62500000E+02 -9.93943173E-01  1.98231001E+00  9.88366836E-01  2.50000000E-02 -1.70390777E-12  3.08079563E-12 
     245  1.12500000E+02  1.62500000E+02  9.48005754E-01  4.03610818E-02  9.88366836E-01  2.50000000E-02 -3.70483141E-12  8.54809314E-12 
     246  1.37500000E+02  1.62500000E+02 -5.04923905E-01  1.49329074E+00  9.88366836E-01  2.50000000E-02  3.44972907E-12  6.82742450E-12 
     247  1.62500000E+02  1.62500000E+02  7.85674229E-01  2.02692607E-01  9.88366836E-01  2.50000000E-02  2.89992644E-12  9.97987421E-12 
     248  1.87500000E+02  1.62500000E+02  6.65479012E-01  3.22887824E-01  9.88366836E-01  2.50000000E-02  1.11143896E-12  7.67712340E-12 
     249  2.12500000E+02  1.62500000E+02  7.59975092E-01  2.28391744E-01  9.88366836E-01  2.50000000E-02  2.63388626E-13  5.16042829E-12 
     250  2.37500000E+02  1.62500000E+02 -4.00673773E-01  1.38904061E+00  9.88366836E-01  2.50000000E-02 -6.45359837E-13  3.09813135E-12 
     251  2.62500000E+02  1.62500000E+02 -7.55400846E-01  1.74376768E+00  9.88366836E-01  2.50000000E-02 -7.20917746E-13  2.74941016E-12 
     252  2.87500000E+02  1.62500000E+02 -5.99398565E-01  1.58776540E+00  9.88366836E-01  2.50000000E-02 -5.58027155E-13  1.29192273E-12 
     253  3.12500000E+02  1.62500000E+02 -1.85486079E-02  1.00691544E+00  9.88366836E-01  2.50000000E-02 -6.34706366E-13  6.24113204E-12 
     254  3.37500000E+02  1.62500000E+02 -9.00384404E-01  1.88875124E+00  9.88366836E-01  2.50000000E-02 -1.50936023E-12  1.45247872E-12 
     255  3.62500000E+02  1.62500000E+02  7.23953227E-01  2.64413609E-01  9.88366836E-01  2.50000000E-02 -5.94393950E-12  4.39148131E-12 
     256  3.87500000E+02  1.62500000E+02 -4.26425104E-01  1.41479194E+00  9.88366836E-01  2.50000000E-02 -1.07095652E-11  1.29973142E-11 
     257  4.12500000E+02  1.62500000E+02 -4.08711126E-01  1.39707796E+00  9.88366836E-01  2.50000000E-02 -1.18093565E-11  3.22861555E-12 
     258  4.37500000E+02  1.62500000E+02  6.49783679E-01  3.38583157E-01  9.88366836E-01  2.50000000E-02 -1.87141716E-11  5.83378741E-12 
     259  4.62500000E+02  1.62500000E+02  9.96707638E-01  2.77459316E-08  9.96707666E-01  2.50000000E-02  1.28839114E-12 -1.92458866E-13 
     260  4.87500000E+02  1.62500000E+02  8.78262420E-01  1.10104415E-01  9.88366836E-01  2.50000000E-02  5.89621166E-11 -2.70184887E-12 
     261  5.12500000E+02  1.62500000E+02  8.69145546E-01  1.19221289E-01  9.88366836E-01  2.50000000E-02  4.82653355E-11 -3.80403883E-12 
     262  5.37500000E+02  1.62500000E+02  2.82105952E-01  7.06260884E-01  9.88366836E-01  2.50000000E-02  1.00813639E-11 -1.89746892E-12 
     263  5.62500000E+02  1.62500000E+02 -1.76678378E-01  1.16504521E+00  9.88366836E-01  2.50000000E-02  8.00444273E-12  4.68390194E-12 
     264  5.87500000E+02  1.62500000E+02  5.52505683E-01  4.35861153E-01  9.88366836E-01  2.50000000E-02  7.07316278E-12  2.61959134E-12 
     265  6.12500000E+02  1.62500000E+02 -2.66796525E-01  1.25516336E+00  9.88366836E-01  2.50000000E-02  5.12015245E-12  1.32730564E-12 
     266  6.37500000E+02  1.62500000E+02  4.53008486E-01  5.35358349E-01  9.88366836E-01  2.50000000E-02  3.73748810E-12  5.93541557E-13 
     267  6.62500000E+02  1.62500000E+02 -7.65433764E-01  1.75380060E+00  9.88366836E-01  2.50000000E-02  1.59000514E-12 -5.24712045E-13 
     268  6.87500000E+02  1.62500000E+02 -6.92202912E-02  1.05758713E+00  9.88366836E-01  2.50000000E-02  1.05695681E-12  2.54548472E-12 
     269  7.12500000E+02  1.62500000E+02  8.76503252E-01  1.11863584E-01  9.88366836E-01  2.50000000E-02  2.82137167E-12  3.00181427E-13 
     270  7.37500000E+02  1.62500000E+02 -5.37976910E-01  1.52634375E+00  9.88366836E-01  2.50000000E-02  4.78392162E-13  2.21741002E-13 
     271  7.62500000E+02  1.62500000E+02 -7.99079871E-04  9.89165916E-01  9.88366836E-01  2.50000000E-02  5.17241321E-13 -1.15845248E-12 
     272  7.87500000E+02  1.62500000E+02 -6.09372242E-01  1.59773908E+00  9.88366836E-01  2.50000000E-02  5.71694560E-13 -9.89234387E-14 
     273  8.12500000E+02  1.62500000E+02  2.42801476E-01  7.45565360E-01  9.88366836E-01  2.50000000E-02  4.19900708E-13 -4.49758822E-16 
     274  8.37500000E+02  1.62500000E+02 -4.07254055E-01  1.39562089E+00  9.88366836E-01  2.50000000E-02  2.62904067E-13  3.73818661E-13 
     275  8.62500000E+02  1.62500000E+02 -9.32943653E-01  1.92131049E+00  9.88366836E-01  2.50000000E-02  2.47711581E-13  2.56137727E-13 
     276  8.87500000E+02  1.62500000E+02 -8.73369498E-01  1.86173633E+00  9.88366836E-01  2.50000000E-02  2.95767350E-13  5.59536216E-13 
     277  9.12500000E+02  1.62500000E+02  3.87206214E-01  6.01160622E-01  9.88366836E-01  2.50000000E-02  3.72579791E-13  4.64603312E-13 
     278  9.37500000E+02  1.62500000E+02 -4.53648108E-01  1.44201494E+00  9.88366836E-01  2.50000000E-02  2.12091559E-13  3.00802406E-13 
     279  9.62500000E+02  1.62500000E+02  1.48897342E-01  8.39469494E-01  9.88366836E-01  2.50000000E-02  1.77273813E-13 -4.11026041E-13 
     280  9.87500000E+02  1.62500000E+02  6.70755937E-01  3.17610899E-01  9.88366836E-01  2.50000000E-02  1.17731227E-13 -1.91367314E-13 
     281  1.25000000E+01  1.87500000E+02 -1.66476527E-01  1.15484336E+00  9.88366836E-01  2.50000000E-02 -6.03689826E-14  3.23581141E-12 
     282  3.75000000E+01  1.87500000E+02  2.37551903E-01  7.50814932E-01  9.88366836E-01  2.50000000E-02 -3.58110314E-13  3.76950942E-12 
     283  6.25000000E+01  1.87500000E+02  8.86512986E-01  1.01853850E-01  9.88366836E-01  2.50000000E-02 -6.25204889E-12  4.76186575E-12 
     284  8.75000000E+01  1.87500000E+02  7.99757613E-02  9.08391075E-01  9.88366836E-01  2.50000000E-02 -4.29347327E-12  3.82907177E-12 
     285  1.12500000E+02  1.87500000E+02 -3.21040265E-01  1.30940710E+00  9.88366836E-01  2.50000000E-02 -5.44706737E-12  1.03977948E-11 
     286  1.37500000E+02  1.87500000E+02 -7.68747739E-01  1.75711457E+00  9.88366836E-01  2.50000000E-02 -5.52101170E-12  6.51757203E-12 
     287  1.62500000E+02  1.87500000E+02  6.97657624E-01  2.90709212E-01  9.88366836E-01  2.50000000E-02  1.80499786E-12  8.04361473E-12 
     288  1.87500000E+02  1.87500000E+02 -7.86922382E-01  1.77528922E+00  9.88366836E-01  2.50000000E-02  1.46490331E-12  2.68367761E-12 
     289  2.12500000E+02  1.87500000E+02  8.79619040E-01  1.08747796E-01  9.88366836E-01  2.50000000E-02 -3.33292845E-12  8.13530532E-12 
     290  2.37500000E+02  1.87500000E+02 -5.35190590E-01  1.52355743E+00  9.88366836E-01  2.50000000E-02  1.76707463E-12  3.00066317E-12 
     291  2.62500000E+02  1.87500000E+02 -9.78600396E-01  1.96696723E+00  9.88366836E-01  2.50000000E-02  2.09109002E-12  3.19375573E-12 
     292  2.87500000E+02  1.87500000E+02  3.11980387E-01  6.76386449E-01  9.88366836E-01  2.50000000E-02  3.37125999E-12  1.33643473E-12 
     293  3.12500000E+02  1.87500000E+02 -1.53058204E-02  1.00367266E+00  9.88366836E-01  2.50000000E-02  2.92460289E-12  6.70730094E-12 
     294  3.37500000E+02  1.87500000E+02 -5.46319126E-01  1.53468596E+00  9.88366836E-01  2.50000000E-02  2.71181834E-12  1.14295715E-12 
     295  3.62500000E+02  1.87500000E+02 -2.35273906E-01  1.22364074E+00  9.88366836E-01  2.50000000E-02  1.96281447E-12  3.29734293E-12 
     296  3.87500000E+02  1.87500000E+02 -3.51627214E-01  1.33999405E+00  9.88366836E-01  2.50000000E-02  1.12007781E-12  1.28794628E-11 
     297  4.12500000E+02  1.87500000E+02  8.13906002E-01  1.74460834E-01  9.88366836E-01  2.50000000E-02  3.50729763E-12  3.04160190E-12 
     298  4.37500000E+02  1.87500000E+02  4.28358932E-01  5.60007904E-01  9.88366836E-01  2.50000000E-02  3.65437909E-12  8.84870199E-12 
     299  4.62500000E+02  1.87500000E+02 -1.51875673E-01  1.14024251E+00  9.88366836E-01  2.50000000E-02  5.64940137E-12  5.59199251E-12 
     300  4.87500000E+02  1.87500000E+02  2.23783840E-01  7.64582996E-01  9.88366836E-01  2.50000000E-02  6.79236456E-12  2.08289729E-12 
     301  5.12500000E+02  1.87500000E+02 -5.94372845E-01  1.58273968E+00  9.88366836E-01  2.50000000E-02  7.37192700E-12  4.51999301E-13 
     302  5.37500000E+02  1.87500000E+02  4.10290570E-01  5.78076266E-01  9.88366836E-01  2.50000000E-02  6.94414354E-12 -2.80691007E-12 
     303  5.62500000E+02  1.87500000E+02  2.14724687E-01  7.73642149E-01  9.88366836E-01  2.50000000E-02  4.55103330E-12  4.77308369E-12 
     304  5.87500000E+02  1.87500000E+02 -9.92053210E-01  1.98042005E+00  9.88366836E-01  2.50000000E-02  1.58972781E-12  2.18980725E-12 
     305  6.12500000E+02  1.87500000E+02 -9.90360644E-01  1.97872748E+00  9.88366836E-01  2.50000000E-02  1.26296574E-12  1.22632993E-12 
     306  6.37500000E+02  1.87500000E+02 -5.38917583E-02  1.04225859E+00  9.88366836E-01  2.50000000E-02  2.13477887E-12  4.01545290E-13 
     307  6.62500000E+02  1.87500000E+02  1.33030385E-01  8.55336450E-01  9.88366836E-01  2.50000000E-02  2.19109184E-12 -4.69883535E-13 
     308  6.87500000E+02  1.87500000E+02 -4.04030470E-01  1.39239731E+00  9.88366836E-01  2.50000000E-02  1.73297957E-12  2.29429931E-12 
     309  7.12500000E+02  1.87500000E+02 -8.13372492E-01  1.80173933E+00  9.88366836E-01  2.50000000E-02  1.90669378E-12  4.05809631E-13 
     310  7.37500000E+02  1.87500000E+02  5.26055641E-01  4.62311194E-01  9.88366836E-01  2.50000000E-02  3.17168033E-12 -2.62192491E-14 
     311  7.62500000E+02  1.87500000E+02 -1.21979092E-01  1.11034593E+00  9.88366836E-01  2.50000000E-02  3.07964932E-12 -1.15225571E-12 
     312  7.87500000E+02  1.87500000E+02  9.51504665E-01  3.68621713E-02  9.88366836E-01  2.50000000E-02  2.02383703E-12 -2.20075993E-14 
     313  8.12500000E+02  1.87500000E+02  1.21368449E-02  9.76229991E-01  9.88366836E-01  2.50000000E-02  5.28577813E-14 -1.22469047E-13 
     314  8.37500000E+02  1.87500000E+02  5.57994914E-02  9.32567344E-01  9.88366836E-01  2.50000000E-02  1.01326233E-13  2.86036662E-13 
     315  8.62500000E+02  1.87500000E+02  3.00266358E-01  6.88100477E-01  9.88366836E-01  2.50000000E-02  1.85199338E-13  1.69141130E-13 
     316  8.87500000E+02  1.87500000E+02  1.38933373E-02  9.74473499E-01  9.88366836E-01  2.50000000E-02  1.98180732E-13  4.55212823E-13 
     317  9.12500000E+02  1.87500000E+02 -7.75471231E-01  1.76383807E+00  9.88366836E-01  2.50000000E-02  1.67379219E-13  3.81921347E-13 
     318  9.37500000E+02  1.87500000E+02 -8.13535488E-01  1.80190232E+00  9.88366836E-01  2.50000000E-02  1.36448837E-13  2.92607704E-13 
     319  9.62500000E+02  1.87500000E+02 -3.31835338E-01  1.32020217E+00  9.88366836E-01  2.50000000E-02  1.31091191E-13 -4.24074477E-13 
     320  9.87500000E+02  1.87500000E+02 -3.84744574E-01  1.37311141E+00  9.88366836E-01  2.50000000E-02  7.23044720E-14 -2.64817379E-13 
     321  1.25000000E+01  2.12500000E+02  2.44844554E-01  7.43522282E-01  9.88366836E-01  2.50000000E-02 -9.40883857E-14  3.90055400E-12 
     322  3.75000000E+01  2.12500000E+02 -8.38942158E-01  1.82730899E+00  9.88366836E-01  2.50000000E-02 -2.15965787E-13  4.02573766E-12 
     323  6.25000000E+01  2.12500000E+02  8.76437427E-01  1.11929408E-01  9.88366836E-01  2.50000000E-02 -1.50851199E-12  6.39739896E-12 
     324  8.75000000E+01  2.12500000E+02 -9.82525714E-01  1.97089255E+00  9.88366836E-01  2.50000000E-02  5.65811390E-13  5.48478430E-12 
     325  1.12500000E+02  2.12500000E+02  5.51450105E-01  4.36916731E-01  9.88366836E-01  2.50000000E-02  1.13740659E-12  1.04329977E-11 
     326  1.37500000E+02  2.12500000E+02  9.23851166E-01  6.45156698E-02  9.88366836E-01  2.50000000E-02  4.38487774E-12  1.56553659E-11 
     327  1.62500000E+02  2.12500000E+02  7.21559825E-01  2.66807011E-01  9.88366836E-01  2.50000000E-02  5.91232083E-12  6.22696698E-12 
     328  1.87500000E+02  2.12500000E+02 -5.98162436E-01  1.58652927E+00  9.88366836E-01  2.50000000E-02  3.05850594E-12  2.01212121E-12 
     329  2.12500000E+02  2.12500000E+02 -2.67355377E-01  1.25572221E+00  9.88366836E-01  2.50000000E-02  2.82569384E-12  4.20973021E-12 
     330  2.37500000E+02  2.12500000E+02  9.29246853E-01  5.91199826E-02  9.88366836E-01  2.50000000E-02  1.25433429E-11  8.40628597E-12 
     331  2.62500000E+02  2.12500000E+02 -5.41489150E-01  1.52985599E+00  9.88366836E-01  2.50000000E-02  3.53575899E-11  4.76981370E-12 
     332  2.87500000E+02  2.12500000E+02  9.61606288E-01  2.67605473E-02  9.88366836E-01  2.50000000E-02  2.10075911E-11  9.39296133E-12 
     333  3.12500000E+02  2.12500000E+02 -9.96976256E-01  1.98534309E+00  9.88366836E-01  2.50000000E-02  4.66423798E-13  8.15808372E-12 
     334  3.37500000E+02  2.12500000E+02  7.03037147E-01  2.85329689E-01  9.88366836E-01  2.50000000E-02 -7.19039546E-13  2.36086436E-12 
     335  3.62500000E+02  2.12500000E+02 -9.91669405E-01  1.98003624E+00  9.88366836E-01  2.50000000E-02 -2.08965845E-12  4.43571672E-12 
     336  3.87500000E+02  2.12500000E+02 -7.82311094E-01  1.77067793E+00  9.88366836E-01  2.50000000E-02 -1.91882379E-12  1.39298166E-11 
     337  4.12500000E+02  2.12500000E+02  6.48352156E-01  3.40014679E-01  9.88366836E-01  2.50000000E-02 -2.20987754E-13  3.03806323E-12 
     338  4.37500000E+02  2.12500000E+02  6.96944532E-01  2.91422304E-01  9.88366836E-01  2.50000000E-02 -6.37999925E-13  5.86441973E-12 
     339  4.62500000E+02  2.12500000E+02 -8.76132359E-01  1.86449919E+00  9.88366836E-01  2.50000000E-02  2.14350321E-12  5.74429773E-12 
     340  4.87500000E+02  2.12500000E+02 -5.73095536E-01  1.56146237E+00  9.88366836E-01  2.50000000E-02  2.23161980E-12  2.17746700E-12 
     341  5.12500000E+02  2.12500000E+02 -9.01463864E-01  1.88983070E+00  9.88366836E-01  2.50000000E-02  2.41951660E-12  9.49543585E-13 
     342  5.37500000E+02  2.12500000E+02  7.33343231E-01  2.55023605E-01  9.88366836E-01  2.50000000E-02  5.21409611E-12 -4.12624934E-13 
     343  5.62500000E+02  2.12500000E+02 -1.68227038E-01  1.15659387E+00  9.88366836E-01  2.50000000E-02  3.54623908E-12  4.87588201E-12 
     344  5.87500000E+02  2.12500000E+02 -1.82784566E-01  1.17115140E+00  9.88366836E-01  2.50000000E-02  3.03176510E-12  2.64724392E-12 
     345  6.12500000E+02  2.12500000E+02 -7.99218124E-03  9.96359017E-01  9.88366836E-01  2.50000000E-02  2.39833958E-12  1.94260288E-12 
     346  6.37500000E+02  2.12500000E+02  2.75438084E-01  7.12928752E-01  9.88366836E-01  2.50000000E-02  2.42252938E-12  1.08927853E-12 
     347  6.62500000E+02  2.12500000E+02  9.24385959E-01  6.39808773E-02  9.88366836E-01  2.50000000E-02  3.43375047E-12  1.33425588E-13 
     348  6.87500000E+02  2.12500000E+02 -1.36616828E-01  1.12498366E+00  9.88366836E-01  2.50000000E-02  1.95381128E-13  1.81121008E-12 
     349  7.12500000E+02  2.12500000E+02 -5.19049607E-01  1.50741644E+00  9.88366836E-01  2.50000000E-02  2.73310460E-13  4.77088988E-13 
     350  7.37500000E+02  2.12500000E+02  8.47420159E-01  1.40946677E-01  9.88366836E-01  2.50000000E-02  2.52707770E-12  3.74392676E-13 
     351  7.62500000E+02  2.12500000E+02  9.79561948E-01  8.80488768E-03  9.88366836E-01  2.50000000E-02  3.31399829E-12  3.13599559E-13 
     352  7.87500000E+02  2.12500000E+02  3.08941214E-01  6.79425622E-01  9.88366836E-01  2.50000000E-02 -1.95413836E-13 -1.69289838E-14 
     353  8.12500000E+02  2.12500000E+02 -3.97161530E-01  1.38552837E+00  9.88366836E-01  2.50000000E-02 -1.81929917E-13 -2.59777895E-13 
     354  8.37500000E+02  2.12500000E+02  7.58434357E-01  2.29932479E-01  9.88366836E-01  2.50000000E-02 -1.28317190E-13  2.06150945E-14 
     355  8.62500000E+02  2.12500000E+02 -5.78647185E-01  1.56701402E+00  9.88366836E-01  2.50000000E-02 -5.09173763E-14 -1.20857631E-14 
     356  8.87500000E+02  2.12500000E+02  4.66734109E-02  9.41693425E-01  9.88366836E-01  2.50000000E-02 -2.46005009E-14  2.53632944E-13 
     357  9.12500000E+02  2.12500000E+02  8.68719284E-01  1.19647552E-01  9.88366836E-01  2.50000000E-02  2.06089146E-13 -4.19353397E-14 
     358  9.37500000E+02  2.12500000E+02 -2.26269460E-01  1.21463630E+00  9.88366836E-01  2.50000000E-02  2.32179122E-13  3.16377204E-13 
     359  9.62500000E+02  2.12500000E+02 -7.63339254E-01  1.75170609E+00  9.88366836E-01  2.50000000E-02  2.41462809E-13 -4.72102851E-13 
     360  9.87500000E+02  2.12500000E+02  9.44908009E-01  4.34588273E-02  9.88366836E-01  2.50000000E-02  4.52351884E-13 -1.18242062E-12 
     361  1.25000000E+01  2.37500000E+02  3.55041820E-01  6.33325016E-01  9.88366836E-01  2.50000000E-02 -5.00421636E-13  4.67327776E-12 
     362  3.75000000E+01  2.37500000E+02  3.41509921E-01  6.46856915E-01  9.88366836E-01  2.50000000E-02 -1.36973588E-12  4.49180961E-12 
     363  6.25000000E+01  2.37500000E+02 -5.68093173E-01  1.55646001E+00  9.88366836E-01  2.50000000E-02 -2.65852514E-12  5.57342346E-12 
     364  8.75000000E+01  2.37500000E+02  2.68487339E-01  7.19879496E-01  9.88366836E-01  2.50000000E-02 -3.08146718E-12  5.20998041E-12 
     365  1.12500000E+02  2.37500000E+02 -7.27306446E-01  1.71567328E+00  9.88366836E-01  2.50000000E-02 -1.69883566E-12  1.05937560E-11 
     366  1.37500000E+02  2.37500000E+02  5.67759217E-01  4.20607619E-01  9.88366836E-01  2.50000000E-02  5.89380898E-13  1.28173420E-11 
     367  1.62500000E+02  2.37500000E+02  9.79894557E-01  8.47227890E-03  9.88366836E-01  2.50000000E-02  8.05188819E-13  1.36847465E-11 
     368  1.87500000E+02  2.37500000E+02  1.12566056E-02  9.77110230E-01  9.88366836E-01  2.50000000E-02 -6.17672565E-13  1.80369835E-12 
     369  2.12500000E+02  2.37500000E+02  1.03523423E-01  8.84843413E-01  9.88366836E-01  2.50000000E-02 -7.25690962E-13  4.01956835E-12 
     370  2.37500000E+02  2.37500000E+02  3.41537357E-01  6.46829479E-01  9.88366836E-01  2.50000000E-02 -1.18450400E-12  3.57881368E-12 
     371  2.62500000E+02  2.37500000E+02  3.30516002E-01  6.57850834E-01  9.88366836E-01  2.50000000E-02 -1.03338122E-12  8.97048683E-12 
     372  2.87500000E+02  2.37500000E+02  4.31850495E-01  5.56516340E-01  9.88366836E-01  2.50000000E-02 -9.11659133E-13  1.52305015E-12 
     373  3.12500000E+02  2.37500000E+02  3.44948787E-01  6.43418049E-01  9.88366836E-01  2.50000000E-02 -1.45550527E-12  1.04304364E-11 
     374  3.37500000E+02  2.37500000E+02  8.99211308E-01  8.91555278E-02  9.88366836E-01  2.50000000E-02 -3.32808717E-12  7.16683718E-12 
     375  3.62500000E+02  2.37500000E+02 -2.08322164E-01  1.19668900E+00  9.88366836E-01  2.50000000E-02 -1.26447034E-12  6.09786158E-12 
     376  3.87500000E+02  2.37500000E+02  1.34885945E-01  8.53480891E-01  9.88366836E-01  2.50000000E-02 -1.38385325E-12  1.54163616E-11 
     377  4.12500000E+02  2.37500000E+02  6.77860891E-01  3.10505945E-01  9.88366836E-01  2.50000000E-02 -2.88805086E-12  3.53020683E-12 
     378  4.37500000E+02  2.37500000E+02  5.42106827E-01  4.46260009E-01  9.88366836E-01  2.50000000E-02 -1.79242260E-12  5.44079044E-12 
     379  4.62500000E+02  2.37500000E+02  5.81020619E-01  4.07346217E-01  9.88366836E-01  2.50000000E-02  7.19199798E-13  7.07180947E-12 
     380  4.87500000E+02  2.37500000E+02  8.48891551E-01  1.39475285E-01  9.88366836E-01  2.50000000E-02  6.50419889E-12  1.03154946E-11 
     381  5.12500000E+02  2.37500000E+02  6.13149962E-01  3.75216874E-01  9.88366836E-01  2.50000000E-02  4.87743813E-12  5.84150855E-12 
     382  5.37500000E+02  2.37500000E+02  7.83830333E-01  2.04536502E-01  9.88366836E-01  2.50000000E-02  4.35233150E-12  2.23340672E-12 
     383  5.62500000E+02  2.37500000E+02  9.08825902E-01  7.95409338E-02  9.88366836E-01  2.50000000E-02  3.15832073E-12  6.41844646E-12 
     384  5.87500000E+02  2.37500000E+02 -1.34468632E-01  1.12283547E+00  9.88366836E-01  2.50000000E-02  8.32348535E-13  3.72060364E-12 
     385  6.12500000E+02  2.37500000E+02  3.34650640E-01  6.53716196E-01  9.88366836E-01  2.50000000E-02  7.67461119E-13  2.98052681E-12 
     386  6.37500000E+02  2.37500000E+02  4.15609584E-01  5.72757252E-01  9.88366836E-01  2.50000000E-02  7.96046042E-13  2.22445018E-12 
     387  6.62500000E+02  2.37500000E+02 -9.77713809E-01  1.96608064E+00  9.88366836E-01  2.50000000E-02  8.08098834E-14  3.43960122E-13 
     388  6.87500000E+02  2.37500000E+02 -1.11305828E-01  1.09967266E+00  9.88366836E-01  2.50000000E-02 -9.45411208E-14  1.51450224E-12 
     389  7.12500000E+02  2.37500000E+02  8.58179792E-01  1.30187044E-01  9.88366836E-01  2.50000000E-02  2.53744290E-12  2.12486019E-12 
     390  7.37500000E+02  2.37500000E+02  4.32972426E-01  5.55394410E-01  9.88366836E-01  2.50000000E-02  2.76825809E-12  5.81017403E-13 
     391  7.62500000E+02  2.37500000E+02  9.65989899E-01  2.23769366E-02  9.88366836E-01  2.50000000E-02  1.31423641E-12 -2.92413531E-12 
     392  7.87500000E+02  2.37500000E+02  1.24913734E-01  8.63453102E-01  9.88366836E-01  2.50000000E-02 -2.45202025E-13  4.34146009E-14 
     393  8.12500000E+02  2.37500000E+02 -2.80744632E-01  1.26911147E+00  9.88366836E-01  2.50000000E-02 -2.65259682E-13 -3.58030468E-13 
     394  8.37500000E+02  2.37500000E+02 -2.61851218E-01  1.25021805E+00  9.88366836E-01  2.50000000E-02 -2.29817291E-13 -2.51146613E-13 
     395  8.62500000E+02  2.37500000E+02 -7.91797223E-01  1.78016406E+00  9.88366836E-01  2.50000000E-02 -1.92213148E-13 -6.16299557E-14 
     396  8.87500000E+02  2.37500000E+02 -5.79944574E-01  1.56831141E+00  9.88366836E-01  2.50000000E-02 -1.86758742E-13  6.71731451E-14 
     397  9.12500000E+02  2.37500000E+02 -3.91335675E-01  1.37970251E+00  9.88366836E-01  2.50000000E-02 -1.71142468E-13 -3.35305312E-13 
     398  9.37500000E+02  2.37500000E+02  9.45837524E-01  4.25293122E-02  9.88366836E-01  2.50000000E-02 -4.51634355E-13 -1.19009039E-12 
     399  9.62500000E+02  2.37500000E+02  3.37232494E-01  6.51134342E-01  9.88366836E-01  2.50000000E-02 -3.20842806E-13 -6.12818615E-13 
     400  9.87500000E+02  2.37500000E+02  1.21210509E-01  8.67156326E-01  9.88366836E-01  2.50000000E-02 -1.22483065E-13 -4.98547657E-13 
     401  1.25000000E+01  2.62500000E+02 -9.34840164E-01  1.92320700E+00  9.88366836E-01  2.50000000E-02  5.29155278E-13  5.27704636E-12 
     402  3.75000000E+01  2.62500000E+02 -9.55515730E-01  1.94388257E+00  9.88366836E-01  2.50000000E-02  7.82368603E-13  3.33273022E-12 
     403  6.25000000E+01  2.62500000E+02  6.26565141E-01  3.61801695E-01  9.88366836E-01  2.50000000E-02 -3.53127035E-12  6.17429910E-12 
     404  8.75000000E+01  2.62500000E+02 -7.22820953E-01  1.71118779E+00  9.88366836E-01  2.50000000E-02 -3.29142928E-12  5.29088510E-12 
     405  1.12500000E+02  2.62500000E+02  7.85906675E-01  2.02460160E-01  9.88366836E-01  2.50000000E-02  2.08600690E-13  9.96232051E-12 
     406  1.37500000E+02  2.62500000E+02  8.95852159E-01  9.25146764E-02  9.88366836E-01  2.50000000E-02  2.54837438E-12  1.06412257E-11 
     407  1.62500000E+02  2.62500000E+02 -5.06916641E-01  1.49528348E+00  9.88366836E-01  2.50000000E-02 -7.74223728E-13  9.68689150E-13 
     408  1.87500000E+02  2.62500000E+02 -5.87829816E-01  1.57619665E+00  9.88366836E-01  2.50000000E-02 -8.50633103E-13  1.47096469E-12 
     409  2.12500000E+02  2.62500000E+02 -1.34708598E-01  1.12307543E+00  9.88366836E-01  2.50000000E-02 -9.01472704E-13  3.27308952E-12 
     410  2.37500000E+02  2.62500000E+02  8.47734741E-01  1.40632095E-01  9.88366836E-01  2.50000000E-02 -9.30897673E-13  2.78160110E-12 
     411  2.62500000E+02  2.62500000E+02  4.76887218E-01  5.11479618E-01  9.88366836E-01  2.50000000E-02  2.38858330E-13  9.12171996E-12 
     412  2.87500000E+02  2.62500000E+02  2.00159583E-01  7.88207253E-01  9.88366836E-01  2.50000000E-02  2.28837683E-13  1.07081116E-12 
     413  3.12500000E+02  2.62500000E+02 -4.78297783E-01  1.46666462E+00  9.88366836E-01  2.50000000E-02  5.69758808E-13  9.64945696E-12 
     414  3.37500000E+02  2.62500000E+02  3.56056858E-01  6.32309978E-01  9.88366836E-01  2.50000000E-02  7.65224691E-13  1.72638441E-12 
     415  3.62500000E+02  2.62500000E+02 -4.05332105E-01  1.39369894E+00  9.88366836E-01  2.50000000E-02  2.44227507E-12  6.68756476E-12 
     416  3.87500000E+02  2.62500000E+02 -3.03954547E-01  1.29232138E+00  9.88366836E-01  2.50000000E-02  2.09882370E-12  1.31077766E-11 
     417  4.12500000E+02  2.62500000E+02 -8.01330835E-01  1.78969767E+00  9.88366836E-01  2.50000000E-02  1.06179147E-12  3.39603811E-12 
     418  4.37500000E+02  2.62500000E+02  9.54547333E-01  3.38195025E-02  9.88366836E-01  2.50000000E-02  3.37164239E-12  1.31369996E-11 
     419  4.62500000E+02  2.62500000E+02  8.90316133E-01  9.80507031E-02  9.88366836E-01  2.50000000E-02  4.18120628E-12  1.01852903E-11 
     420  4.87500000E+02  2.62500000E+02  7.08974002E-01  2.79392834E-01  9.88366836E-01  2.50000000E-02 -6.18427080E-13  8.83906720E-12 
     421  5.12500000E+02  2.62500000E+02  6.65835253E-01  3.22531583E-01  9.88366836E-01  2.50000000E-02 -2.33383644E-13  6.27258517E-12 
     422  5.37500000E+02  2.62500000E+02 -7.56810450E-01  1.74517729E+00  9.88366836E-01  2.50000000E-02  9.43172665E-13  3.54674077E-12 
     423  5.62500000E+02  2.62500000E+02  2.22872355E-01  7.65494481E-01  9.88366836E-01  2.50000000E-02  4.60384841E-13  2.38768099E-12 
     424  5.87500000E+02  2.62500000E+02  1.94286672E-01  7.94080164E-01  9.88366836E-01  2.50000000E-02 -2.35034319E-13  4.38766873E-12 
     425  6.12500000E+02  2.62500000E+02  3.02195158E-01  6.86171677E-01  9.88366836E-01  2.50000000E-02 -3.58328503E-13  2.64275424E-12 
     426  6.37500000E+02  2.62500000E+02 -1.01702793E-01  1.09006963E+00  9.88366836E-01  2.50000000E-02  2.91199355E-13  2.20552637E-12 
     427  6.62500000E+02  2.62500000E+02 -8.44736268E-01  1.83310310E+00  9.88366836E-01  2.50000000E-02  3.42684283E-13  5.03888988E-13 
     428  6.87500000E+02  2.62500000E+02 -1.13311707E-02  9.99698007E-01  9.88366836E-01  2.50000000E-02  3.98222100E-13  1.39877323E-12 
     429  7.12500000E+02  2.62500000E+02  6.77916363E-01  3.10450473E-01  9.88366836E-01  2.50000000E-02  1.97931861E-12  1.14969685E-12 
     430  7.37500000E+02  2.62500000E+02 -5.21512721E-01  1.50987956E+00  9.88366836E-01  2.50000000E-02  1.26618582E-12  4.52311063E-13 
     431  7.62500000E+02  2.62500000E+02  4.69066451E-01  5.19300385E-01  9.88366836E-01  2.50000000E-02  9.26897339E-13 -5.52391234E-13 
     432  7.87500000E+02  2.62500000E+02 -8.56823764E-01  1.84519060E+00  9.88366836E-01  2.50000000E-02  5.52787194E-13  8.19458287E-14 
     433  8.12500000E+02  2.62500000E+02  8.59767371E-02  9.02390099E-01  9.88366836E-01  2.50000000E-02  3.74116163E-13 -4.44368299E-13 
     434  8.37500000E+02  2.62500000E+02 -1.82638404E-01  1.17100524E+00  9.88366836E-01  2.50000000E-02  2.79494630E-13 -2.56453282E-13 
     435  8.62500000E+02  2.62500000E+02  2.06930704E-01  7.81436132E-01  9.88366836E-01  2.50000000E-02  1.52063963E-13 -1.44229356E-13 
     436  8.87500000E+02  2.62500000E+02  4.00383273E-01  5.87983562E-01  9.88366836E-01  2.50000000E-02 -1.72775197E-15 -1.62268924E-13 
     437  9.12500000E+02  2.62500000E+02 -2.58413072E-01  1.24677991E+00  9.88366836E-01  2.50000000E-02 -2.36658814E-13 -3.55018770E-13 
     438  9.37500000E+02  2.62500000E+02 -7.37106387E-01  1.72547322E+00  9.88366836E-01  2.50000000E-02 -7.94946400E-14 -9.16428428E-13 
     439  9.62500000E+02  2.62500000E+02 -8.13081408E-01  1.80144824E+00  9.88366836E-01  2.50000000E-02 -2.32052692E-14 -6.48063974E-13 
     440  9.87500000E+02  2.62500000E+02 -5.16564687E-01  1.50493152E+00  9.88366836E-01  2.50000000E-02 -6.01316675E-14 -4.91811238E-13 
     441  1.25000000E+01  2.87500000E+02  8.33477417E-01  1.54889419E-01  9.88366836E-01  2.50000000E-02  5.53080210E-13  7.15403809E-12 
     442  3.75000000E+01  2.87500000E+02 -9.98707575E-01  1.98707441E+00  9.88366836E-01  2.50000000E-02  9.11918628E-13  3.01533712E-12 
     443  6.25000000E+01  2.87500000E+02 -3.28974606E-01  1.31734144E+00  9.88366836E-01  2.50000000E-02  8.53863042E-13  5.70837270E-12 
     444  8.75000000E+01  2.87500000E+02  7.84918661E-01  2.03448175E-01  9.88366836E-01  2.50000000E-02  4.39289029E-13  8.07583461E-12 
     445  1.12500000E+02  2.87500000E+02 -9.03909283E-02  1.07875776E+00  9.88366836E-01  2.50000000E-02 -1.13942583E-12  3.33295940E-12 
     446  1.37500000E+02  2.87500000E+02  4.75391453E-02  9.40827690E-01  9.88366836E-01  2.50000000E-02 -1.45702885E-12  4.68827359E-12 
     447  1.62500000E+02  2.87500000E+02 -8.47335720E-01  1.83570256E+00  9.88366836E-01  2.50000000E-02 -1.20064136E-12  1.17941011E-12 
     448  1.87500000E+02  2.87500000E+02 -4.00822679E-01  1.38918952E+00  9.88366836E-01  2.50000000E-02 -6.45410300E-13  1.16422600E-12 
     449  2.12500000E+02  2.87500000E+02  2.14785155E-02  9.66888320E-01  9.88366836E-01  2.50000000E-02  8.50167832E-13  2.72532139E-12 
     450  2.37500000E+02  2.87500000E+02 -5.47241463E-01  1.53560830E+00  9.88366836E-01  2.50000000E-02  1.69471298E-12 -9.73037471E-14 
     451  2.62500000E+02  2.87500000E+02 -2.74508318E-01  1.26287515E+00  9.88366836E-01  2.50000000E-02  1.43949303E-12  7.05616159E-12 
     452  2.87500000E+02  2.87500000E+02  1.64184089E-01  8.24182747E-01  9.88366836E-01  2.50000000E-02  1.33643446E-12  6.21174597E-13 
     453  3.12500000E+02  2.87500000E+02  3.72539936E-01  6.15826900E-01  9.88366836E-01  2.50000000E-02  2.52573261E-12  8.46934543E-12 
     454  3.37500000E+02  2.87500000E+02 -6.12205178E-01  1.60057201E+00  9.88366836E-01  2.50000000E-02  3.18483137E-12  1.01242022E-12 
     455  3.62500000E+02  2.87500000E+02  5.38933411E-01  4.49433424E-01  9.88366836E-01  2.50000000E-02  3.83429938E-12  7.28256229E-12 
     456  3.87500000E+02  2.87500000E+02 -6.94758963E-01  1.68312580E+00  9.88366836E-01  2.50000000E-02  4.96617965E-12  1.10874430E-11 
     457  4.12500000E+02  2.87500000E+02  2.53964569E-01  7.34402267E-01  9.88366836E-01  2.50000000E-02  6.65601744E-12  3.23382446E-12 
     458  4.37500000E+02  2.87500000E+02 -4.05095158E-01  1.39346199E+00  9.88366836E-01  2.50000000E-02  7.85741458E-12  2.87817170E-12 
     459  4.62500000E+02  2.87500000E+02  4.50713467E-01  5.37653369E-01  9.88366836E-01  2.50000000E-02  6.94395338E-12  2.52516580E-12 
     460  4.87500000E+02  2.87500000E+02  4.34032856E-01  5.54333980E-01  9.88366836E-01  2.50000000E-02  6.37587582E-12  8.71352816E-12 
     461  5.12500000E+02  2.87500000E+02  8.53116490E-01  1.35250346E-01  9.88366836E-01  2.50000000E-02  5.45324209E-12  8.85117100E-12 
     462  5.37500000E+02  2.87500000E+02  9.51742552E-01  3.66242841E-02  9.88366836E-01  2.50000000E-02  5.45083452E-12  3.96269883E-12 
     463  5.62500000E+02  2.87500000E+02  4.66086404E-01  5.22280432E-01  9.88366836E-01  2.50000000E-02  4.33532751E-13  1.99008214E-12 
     464  5.87500000E+02  2.87500000E+02 -6.44614476E-01  1.63298131E+00  9.88366836E-01  2.50000000E-02  1.07750921E-13  4.20042019E-12 
     465  6.12500000E+02  2.87500000E+02 -3.96191500E-01  1.38455834E+00  9.88366836E-01  2.50000000E-02  5.39745714E-14  1.43281283E-12 
     466  6.37500000E+02  2.87500000E+02  9.33081605E-01  5.52852307E-02  9.88366836E-01  2.50000000E-02  1.08415480E-12  4.27064462E-12 
     467  6.62500000E+02  2.87500000E+02 -3.17314769E-01  1.30568160E+00  9.88366836E-01  2.50000000E-02  1.78349710E-12  6.20627086E-13 
     468  6.87500000E+02  2.87500000E+02  7.96572196E-01  1.91794640E-01  9.88366836E-01  2.50000000E-02  2.14422300E-12  2.44369564E-12 
     469  7.12500000E+02  2.87500000E+02  8.09256149E-01  1.79110686E-01  9.88366836E-01  2.50000000E-02  2.40996300E-12  6.78374966E-13 
     470  7.37500000E+02  2.87500000E+02  4.17497295E-01  5.70869541E-01  9.88366836E-01  2.50000000E-02  1.92849870E-12  3.27772919E-13 
     471  7.62500000E+02  2.87500000E+02  7.71770057E-01  2.16596779E-01  9.88366836E-01  2.50000000E-02  1.66296087E-12 -2.13402584E-13 
     472  7.87500000E+02  2.87500000E+02  9.31914994E-01  5.64518423E-02  9.88366836E-01  2.50000000E-02  1.27207008E-12 -2.66851033E-13 
     473  8.12500000E+02  2.87500000E+02 -3.74138657E-01  1.36250549E+00  9.88366836E-01  2.50000000E-02 -6.30691995E-14 -5.45160230E-13 
     474  8.37500000E+02  2.87500000E+02 -8.49988818E-01  1.83835565E+00  9.88366836E-01  2.50000000E-02 -7.88640373E-14 -3.42766048E-13 
     475  8.62500000E+02  2.87500000E+02  7.00082609E-01  2.88284227E-01  9.88366836E-01  2.50000000E-02 -2.60411449E-13 -3.73210771E-13 
     476  8.87500000E+02  2.87500000E+02 -9.10670425E-01  1.89903726E+00  9.88366836E-01  2.50000000E-02 -3.23205274E-13 -3.70995758E-13 
     477  9.12500000E+02  2.87500000E+02  6.07538114E-01  3.80828722E-01  9.88366836E-01  2.50000000E-02 -3.82455397E-13 -5.89634317E-13 
     478  9.37500000E+02  2.87500000E+02  2.30521661E-01  7.57845175E-01  9.88366836E-01  2.50000000E-02 -3.12129979E-13 -1.08359670E-12 
     479  9.62500000E+02  2.87500000E+02  7.48881598E-01  2.39485238E-01  9.88366836E-01  2.50000000E-02 -4.90395149E-15 -1.23760142E-12 
     480  9.87500000E+02  2.87500000E+02 -4.58150855E-01  1.44651769E+00  9.88366836E-01  2.50000000E-02  2.19272671E-15 -6.96882460E-13 
     481  1.25000000E+01  3.12500000E+02  8.89455632E-01  9.89112037E-02  9.88366836E-01  2.50000000E-02  6.07111100E-13  6.53407608E-12 
     482  3.75000000E+01  3.12500000E+02 -6.31376517E-01  1.61974335E+00  9.88366836E-01  2.50000000E-02  1.70223372E-12  2.66179420E-12 
     483  6.25000000E+01  3.12500000E+02  3.05552792E-01  6.82814044E-01  9.88366836E-01  2.50000000E-02  2.09571586E-12  4.77222323E-12 
     484  8.75000000E+01  3.12500000E+02  1.01249800E-01  8.87117036E-01  9.88366836E-01  2.50000000E-02  1.51773137E-12  3.04354493E-12 
     485  1.12500000E+02  3.12500000E+02 -6.71278176E-01  1.65964501E+00  9.88366836E-01  2.50000000E-02  8.16042435E-13  2.43019014E-12 
     486  1.37500000E+02  3.12500000E+02  7.13473855E-01  2.74892981E-01  9.88366836E-01  2.50000000E-02  7.38598759E-13  3.15823557E-12 
     487  1.62500000E+02  3.12500000E+02  3.81535222E-01  6.06831614E-01  9.88366836E-01  2.50000000E-02  9.89393743E-13  2.34531598E-12 
     488  1.87500000E+02  3.12500000E+02  9.56451482E-01  3.19153539E-02  9.88366836E-01  2.50000000E-02 -1.74840237E-12  4.37128617E-12 
     489  2.12500000E+02  3.12500000E+02  7.75383494E-01  2.12983342E-01  9.88366836E-01  2.50000000E-02 -1.28357730E-12  3.38190751E-12 
     490  2.37500000E+02  3.12500000E+02 -7.42396327E-01  1.73076316E+00  9.88366836E-01  2.50000000E-02 -1.55748174E-12  1.29869509E-13 
     491  2.62500000E+02  3.12500000E+02  1.02374976E-01  8.85991859E-01  9.88366836E-01  2.50000000E-02 -1.42848864E-12  6.45687059E-12 
     492  2.87500000E+02  3.12500000E+02 -7.45134914E-01  1.73350175E+00  9.88366836E-01  2.50000000E-02 -8.84720026E-13  5.09317264E-13 
     493  3.12500000E+02  3.12500000E+02 -9.64563739E-01  1.95293057E+00  9.88366836E-01  2.50000000E-02 -6.13033792E-14  8.01107419E-12 
     494  3.37500000E+02  3.12500000E+02 -5.81170204E-01  1.56953704E+00  9.88366836E-01  2.50000000E-02  6.94031535E-13  1.12917715E-12 
     495  3.62500000E+02  3.12500000E+02 -7.55561457E-01  1.74392829E+00  9.88366836E-01  2.50000000E-02 -1.05463519E-13  4.06449753E-12 
     496  3.87500000E+02  3.12500000E+02 -3.49295018E-01  1.33766185E+00  9.88366836E-01  2.50000000E-02 -1.06611625E-12  9.62153690E-12 
     497  4.12500000E+02  3.12500000E+02  9.88179630E-01  1.87206078E-04  9.88366836E-01  2.50000000E-02  3.30413567E-11  8.05848001E-11 
     498  4.37500000E+02  3.12500000E+02  1.76495243E-01  8.11871593E-01  9.88366836E-01  2.50000000E-02  2.67506754E-13  2.58294033E-12 
     499  4.62500000E+02  3.12500000E+02 -6.12133846E-02  1.04958022E+00  9.88366836E-01  2.50000000E-02  1.92244888E-13  1.30849653E-12 
     500  4.87500000E+02  3.12500000E+02 -1.10749767E-01  1.09911660E+00  9.88366836E-01  2.50000000E-02  1.48479298E-13  8.58046996E-12 
     501  5.12500000E+02  3.12500000E+02  1.54185328E-01  8.34181507E-01  9.88366836E-01  2.50000000E-02  6.26319150E-13  9.85352439E-12 
     502  5.37500000E+02  3.12500000E+02  1.54441631E-03  9.86822420E-01  9.88366836E-01  2.50000000E-02  7.21014646E-13  5.95079076E-13 
     503  5.62500000E+02  3.12500000E+02 -2.09939076E-01  1.19830591E+00  9.88366836E-01  2.50000000E-02  6.60900097E-13  1.92031045E-12 
     504  5.87500000E+02  3.12500000E+02  8.37053587E-02  9.04661477E-01  9.88366836E-01  2.50000000E-02  9.63778167E-13  3.84431683E-12 
     505  6.12500000E+02  3.12500000E+02 -9.84763029E-01  1.97312987E+00  9.88366836E-01  2.50000000E-02  1.22722978E-12  9.61047478E-13 
     506  6.37500000E+02  3.12500000E+02  4.72295481E-01  5.16071355E-01  9.88366836E-01  2.50000000E-02  1.41443150E-12  8.09966166E-13 
     507  6.62500000E+02  3.12500000E+02 -6.67066766E-01  1.65543360E+00  9.88366836E-01  2.50000000E-02  8.89786122E-13  1.25189215E-13 
     508  6.87500000E+02  3.12500000E+02 -4.64834171E-01  1.45320101E+00  9.88366836E-01  2.50000000E-02  8.00863918E-13  6.24639995E-13 
     509  7.12500000E+02  3.12500000E+02 -2.73507669E-01  1.26187451E+00  9.88366836E-01  2.50000000E-02  7.56578760E-13 -4.92557840E-14 
     510  7.37500000E+02  3.12500000E+02 -9.70003133E-01  1.95836997E+00  9.88366836E-01  2.50000000E-02  7.45873990E-13  2.87576371E-13 
     511  7.62500000E+02  3.12500000E+02  2.81929733E-01  7.06437103E-01  9.88366836E-01  2.50000000E-02  6.23482476E-13 -1.74620825E-14 
     512  7.87500000E+02  3.12500000E+02  2.41078169E-01  7.47288666E-01  9.88366836E-01  2.50000000E-02  5.41388657E-13 -1.01303470E-13 
     513  8.12500000E+02  3.12500000E+02  3.95770170E-01  5.92596666E-01  9.88366836E-01  2.50000000E-02  4.61442370E-13 -7.49672828E-13 
     514  8.37500000E+02  3.12500000E+02 -6.42047305E-02  1.05257157E+00  9.88366836E-01  2.50000000E-02  3.57484039E-13 -4.30796653E-13 
     515  8.62500000E+02  3.12500000E+02  6.23029571E-01  3.65337264E-01  9.88366836E-01  2.50000000E-02  1.73275958E-13 -5.17003028E-13 
     516  8.87500000E+02  3.12500000E+02  7.02108725E-01  2.86258111E-01  9.88366836E-01  2.50000000E-02  3.82599017E-14 -1.00261389E-12 
     517  9.12500000E+02  3.12500000E+02 -3.55302842E-03  9.91919864E-01  9.88366836E-01  2.50000000E-02  2.20670997E-14 -5.45098253E-13 
     518  9.37500000E+02  3.12500000E+02 -9.62513231E-01  1.95088007E+00  9.88366836E-01  2.50000000E-02 -3.24953861E-14 -1.47505271E-12 
     519  9.62500000E+02  3.12500000E+02 -6.76846554E-01  1.66521339E+00  9.88366836E-01  2.50000000E-02 -1.09974351E-13 -1.72652146E-12 
     520  9.87500000E+02  3.12500000E+02  5.26013183E-01  4.62353653E-01  9.88366836E-01  2.50000000E-02 -2.37899303E-13 -2.17189341E-12 
     521  1.25000000E+01  3.37500000E+02 -4.61756070E-01  1.45012291E+00  9.88366836E-01  2.50000000E-02 -4.54058274E-13  1.25719678E-12 
     522  3.75000000E+01  3.37500000E+02 -5.57306245E-01  1.54567308E+00  9.88366836E-01  2.50000000E-02 -1.99487381E-13  2.45793075E-12 
     523  6.25000000E+01  3.37500000E+02 -8.43123585E-01  1.83149042E+00  9.88366836E-01  2.50000000E-02  2.89892801E-13  2.97161450E-12 
     524  8.75000000E+01  3.37500000E+02 -6.36874693E-01  1.62524153E+00  9.88366836E-01  2.50000000E-02  2.20521862E-13  2.76399857E-12 
     525  1.12500000E+02  3.37500000E+02 -8.62173038E-01  1.85053987E+00  9.88366836E-01  2.50000000E-02  7.18888096E-13  2.37298682E-12 
     526  1.37500000E+02  3.37500000E+02 -9.98801574E-01  1.98716841E+00  9.88366836E-01  2.50000000E-02  9.66322291E-13  1.32910151E-12 
     527  1.62500000E+02  3.37500000E+02  4.97561888E-01  4.90804948E-01  9.88366836E-01  2.50000000E-02 -2.75035219E-13  3.17786907E-12 
     528  1.87500000E+02  3.37500000E+02  5.55506505E-01  4.32860331E-01  9.88366836E-01  2.50000000E-02 -1.97042126E-12  2.26629300E-12 
     529  2.12500000E+02  3.37500000E+02 -5.14768477E-01  1.50313531E+00  9.88366836E-01  2.50000000E-02 -4.14185499E-12  1.38413770E-12 
     530  2.37500000E+02  3.37500000E+02  4.49690095E-01  5.38676741E-01  9.88366836E-01  2.50000000E-02 -5.54643506E-12  2.03217251E-12 
     531  2.62500000E+02  3.37500000E+02  2.08834336E-01  7.79532500E-01  9.88366836E-01  2.50000000E-02 -5.91892241E-12  6.60894074E-12 
     532  2.87500000E+02  3.37500000E+02  8.80607532E-01  1.07759304E-01  9.88366836E-01  2.50000000E-02 -2.44754279E-12  2.70549984E-12 
     533  3.12500000E+02  3.37500000E+02  7.62143809E-01  2.26223027E-01  9.88366836E-01  2.50000000E-02  3.24049917E-13  8.18308277E-12 
     534  3.37500000E+02  3.37500000E+02  1.91182312E-01  7.97184524E-01  9.88366836E-01  2.50000000E-02  7.10524575E-13  1.53037178E-12 
     535  3.62500000E+02  3.37500000E+02 -4.39467332E-01  1.42783417E+00  9.88366836E-01  2.50000000E-02  9.27340149E-13  3.55549768E-12 
     536  3.87500000E+02  3.37500000E+02 -6.68779376E-01  1.65714621E+00  9.88366836E-01  2.50000000E-02  1.23563839E-12  7.89234742E-12 
     537  4.12500000E+02  3.37500000E+02 -5.55079330E-01  1.54344617E+00  9.88366836E-01  2.50000000E-02  1.10962607E-12  2.56815270E-12 
     538  4.37500000E+02  3.37500000E+02 -1.77210822E-01  1.16557766E+00  9.88366836E-01  2.50000000E-02  4.62862367E-13  2.08303410E-12 
     539  4.62500000E+02  3.37500000E+02 -3.32755791E-01  1.32112263E+00  9.88366836E-01  2.50000000E-02  2.48697757E-13  9.34841760E-13 
     540  4.87500000E+02  3.37500000E+02  4.02397733E-01  5.85969103E-01  9.88366836E-01  2.50000000E-02  2.08569997E-13  8.20308064E-12 
     541  5.12500000E+02  3.37500000E+02  9.35292297E-01  5.30745393E-02  9.88366836E-01  2.50000000E-02  1.87056795E-12  6.61954867E-12 
     542  5.37500000E+02  3.37500000E+02  9.15586516E-02  8.96808184E-01  9.88366836E-01  2.50000000E-02  9.94760424E-13  5.14087572E-13 
     543  5.62500000E+02  3.37500000E+02  8.15716200E-01  1.72650636E-01  9.88366836E-01  2.50000000E-02  7.53551078E-13  2.01493646E-12 
     544  5.87500000E+02  3.37500000E+02 -5.03468074E-01  1.49183491E+00  9.88366836E-01  2.50000000E-02  1.25591813E-12  3.60106993E-12 
     545  6.12500000E+02  3.37500000E+02 -6.69021962E-01  1.65738880E+00  9.88366836E-01  2.50000000E-02  1.57711330E-12  8.69320028E-13 
     546  6.37500000E+02  3.37500000E+02 -6.42252231E-01  1.63061907E+00  9.88366836E-01  2.50000000E-02  1.62788023E-12  8.58841821E-13 
     547  6.62500000E+02  3.37500000E+02 -9.15931343E-01  1.90429818E+00  9.88366836E-01  2.50000000E-02  1.49939940E-12 -4.99657597E-15 
     548  6.87500000E+02  3.37500000E+02 -3.57765820E-02  1.02414342E+00  9.88366836E-01  2.50000000E-02  1.59208344E-12  6.04983841E-13 
     549  7.12500000E+02  3.37500000E+02  1.43321703E-02  9.74034666E-01  9.88366836E-01  2.50000000E-02  1.38748522E-12 -3.48823543E-14 
     550  7.37500000E+02  3.37500000E+02 -8.25790495E-01  1.81415733E+00  9.88366836E-01  2.50000000E-02  9.95286185E-13  2.63452051E-13 
     551  7.62500000E+02  3.37500000E+02 -5.13702550E-01  1.50206939E+00  9.88366836E-01  2.50000000E-02  8.60678311E-13  1.57325596E-13 
     552  7.87500000E+02  3.37500000E+02  6.87706151E-02  9.19596221E-01  9.88366836E-01  2.50000000E-02  8.14036738E-13 -3.76304717E-14 
     553  8.12500000E+02  3.37500000E+02  1.57189289E-01  8.31177547E-01  9.88366836E-01  2.50000000E-02  7.00699944E-13 -6.98511760E-13 
     554  8.37500000E+02  3.37500000E+02 -3.94510543E-01  1.38287738E+00  9.88366836E-01  2.50000000E-02  6.24233282E-13 -3.23488066E-13 
     555  8.62500000E+02  3.37500000E+02  3.74971382E-01  6.13395454E-01  9.88366836E-01  2.50000000E-02  3.64550805E-13 -5.29145390E-13 
     556  8.87500000E+02  3.37500000E+02 -3.79816420E-01  1.36818326E+00  9.88366836E-01  2.50000000E-02  5.27730404E-13 -7.57018961E-13 
     557  9.12500000E+02  3.37500000E+02  1.94168431E-01  7.94198405E-01  9.88366836E-01  2.50000000E-02  5.62921140E-13 -4.96804108E-13 
     558  9.37500000E+02  3.37500000E+02  4.57312719E-01  5.31054117E-01  9.88366836E-01  2.50000000E-02  1.35253535E-13 -1.83049347E-12 
     559  9.62500000E+02  3.37500000E+02  8.05780058E-01  1.82586778E-01  9.88366836E-01  2.50000000E-02 -5.93383243E-13 -1.84101322E-12 
     560  9.87500000E+02  3.37500000E+02  3.18677521E-01  6.69689315E-01  9.88366836E-01  2.50000000E-02 -1.35057979E-13 -2.34393884E-12 
     561  1.25000000E+01  3.62500000E+02 -9.66060666E-01  1.95442750E+00  9.88366836E-01  2.50000000E-02 -1.02262245E-14  1.42415095E-12 
     562  3.75000000E+01  3.62500000E+02  5.15856432E-01  4.72510404E-01  9.88366836E-01  2.50000000E-02  1.86958804E-13  2.73766163E-12 
     563  6.25000000E+01  3.62500000E+02 -3.34530843E-01  1.32289768E+00  9.88366836E-01  2.50000000E-02  8.80911103E-13  2.24235993E-12 
     564  8.75000000E+01  3.62500000E+02  3.69791417E-01  6.18575419E-01  9.88366836E-01  2.50000000E-02  1.04972270E-12  3.09948023E-12 
     565  1.12500000E+02  3.62500000E+02  3.35961265E-01  6.52405571E-01  9.88366836E-01  2.50000000E-02  1.15393268E-12  3.24663630E-12 
     566  1.37500000E+02  3.62500000E+02 -9.76369505E-01  1.96473634E+00  9.88366836E-01  2.50000000E-02  1.52625871E-12  1.29397814E-12 
     567  1.62500000E+02  3.62500000E+02 -7.03027348E-01  1.69139418E+00  9.88366836E-01  2.50000000E-02  1.53099414E-12  3.70539156E-12 
     568  1.87500000E+02  3.62500000E+02 -3.95054195E-01  1.38342103E+00  9.88366836E-01  2.50000000E-02  1.13640673E-12  1.96565784E-12 
     569  2.12500000E+02  3.62500000E+02 -6.06662382E-01  1.59502922E+00  9.88366836E-01  2.50000000E-02  9.25484356E-13  1.48533692E-12 
     570  2.37500000E+02  3.62500000E+02  1.31333254E-01  8.57033582E-01  9.88366836E-01  2.50000000E-02  8.78958959E-13  2.76320011E-12 
     571  2.62500000E+02  3.62500000E+02  6.78557906E-01  3.09808929E-01  9.88366836E-01  2.50000000E-02 -6.39598252E-13  6.20491540E-12 
     572  2.87500000E+02  3.62500000E+02  8.98066731E-01  9.03001049E-02  9.88366836E-01  2.50000000E-02 -2.36348186E-12  2.34337414E-12 
     573  3.12500000E+02  3.62500000E+02  6.28986818E-01  3.59380018E-01  9.88366836E-01  2.50000000E-02 -3.12929456E-12  6.39395697E-12 
     574  3.37500000E+02  3.62500000E+02 -5.61567362E-01  1.54993420E+00  9.88366836E-01  2.50000000E-02 -2.70899439E-12  2.27058772E-12 
     575  3.62500000E+02  3.62500000E+02 -2.10584714E-01  1.19895155E+00  9.88366836E-01  2.50000000E-02 -2.95154792E-12  3.68661667E-12 
     576  3.87500000E+02  3.62500000E+02 -6.15901412E-01  1.60426825E+00  9.88366836E-01  2.50000000E-02 -2.57872500E-12  7.24538428E-12 
     577  4.12500000E+02  3.62500000E+02  4.92716108E-01  4.95650728E-01  9.88366836E-01  2.50000000E-02 -2.15945239E-13  2.62031069E-12 
     578  4.37500000E+02  3.62500000E+02 -3.55685850E-01  1.34405269E+00  9.88366836E-01  2.50000000E-02  8.91833217E-14  1.97531389E-12 
     579  4.62500000E+02  3.62500000E+02 -9.76551710E-01  1.96491855E+00  9.88366836E-01  2.50000000E-02  3.85141017E-13  9.32509778E-13 
     580  4.87500000E+02  3.62500000E+02 -8.66758993E-01  1.85512583E+00  9.88366836E-01  2.50000000E-02  5.50600371E-13  8.06841462E-12 
     581  5.12500000E+02  3.62500000E+02  5.96923364E-01  3.91443472E-01  9.88366836E-01  2.50000000E-02  9.69108746E-13  7.08237206E-13 
     582  5.37500000E+02  3.62500000E+02 -8.49782317E-01  1.83814915E+00  9.88366836E-01  2.50000000E-02  4.04338800E-13  3.60844266E-13 
     583  5.62500000E+02  3.62500000E+02 -4.39410726E-01  1.42777756E+00  9.88366836E-01  2.50000000E-02  2.34252479E-13  5.93457374E-13 
     584  5.87500000E+02  3.62500000E+02  5.24814540E-01  4.63552296E-01  9.88366836E-01  2.50000000E-02 -2.72515981E-13  2.88632213E-12 
     585  6.12500000E+02  3.62500000E+02  9.17688554E-01  7.06782817E-02  9.88366836E-01  2.50000000E-02  4.09854630E-13  2.03062172E-12 
     586  6.37500000E+02  3.62500000E+02 -7.46181453E-02  1.06298498E+00  9.88366836E-01  2.50000000E-02 -4.31504510E-14  9.24415311E-13 
     587  6.62500000E+02  3.62500000E+02  3.43220318E-01  6.45146518E-01  9.88366836E-01  2.50000000E-02  2.35144280E-14  4.51308108E-13 
     588  6.87500000E+02  3.62500000E+02  4.11170400E-02  9.47249796E-01  9.88366836E-01  2.50000000E-02  8.32936994E-14  6.34224437E-13 
     589  7.12500000E+02  3.62500000E+02  1.37093551E-01  8.51273285E-01  9.88366836E-01  2.50000000E-02  7.18196857E-14 -4.37283761E-14 
     590  7.37500000E+02  3.62500000E+02 -5.61127821E-01  1.54949466E+00  9.88366836E-01  2.50000000E-02  7.10504741E-14  2.33515079E-13 
     591  7.62500000E+02  3.62500000E+02 -6.32209528E-01  1.62057636E+00  9.88366836E-01  2.50000000E-02  9.27252143E-14  1.75565948E-13 
     592  7.87500000E+02  3.62500000E+02  1.59330829E-01  8.29036007E-01  9.88366836E-01  2.50000000E-02  1.36179377E-13 -5.40464868E-14 
     593  8.12500000E+02  3.62500000E+02 -8.43544998E-01  1.83191183E+00  9.88366836E-01  2.50000000E-02  1.49948087E-13 -7.00908296E-13 
     594  8.37500000E+02  3.62500000E+02 -7.98577645E-01  1.78694448E+00  9.88366836E-01  2.50000000E-02  1.53893670E-13 -2.92899108E-13 
     595  8.62500000E+02  3.62500000E+02  8.70439201E-01  1.17927635E-01  9.88366836E-01  2.50000000E-02 -4.77219239E-13 -9.16294525E-13 
     596  8.87500000E+02  3.62500000E+02 -5.89937129E-01  1.57830397E+00  9.88366836E-01  2.50000000E-02 -8.84040386E-13 -9.88979292E-13 
     597  9.12500000E+02  3.62500000E+02  9.76380787E-01  1.19860488E-02  9.88366836E-01  2.50000000E-02 -2.73183668E-12 -2.82819968E-12 
     598  9.37500000E+02  3.62500000E+02  3.75203281E-01  6.13163555E-01  9.88366836E-01  2.50000000E-02 -6.00418015E-13 -1.54156383E-12 
     599  9.62500000E+02  3.62500000E+02  9.65871543E-03  9.78708120E-01  9.88366836E-01  2.50000000E-02 -4.58364728E-13 -5.54408455E-13 
     600  9.87500000E+02  3.62500000E+02  1.09596903E-01  8.78769933E-01  9.88366836E-01  2.50000000E-02 -1.91545575E-13 -2.22461827E-12 
     601  1.25000000E+01  3.87500000E+02  1.55109543E-01  8.33257293E-01  9.88366836E-01  2.50000000E-02 -3.45938424E-13  2.24423961E-12 
     602  3.75000000E+01  3.87500000E+02 -7.71215314E-01  1.75958215E+00  9.88366836E-01  2.50000000E-02 -7.01564483E-13  1.60593993E-12 
     603  6.25000000E+01  3.87500000E+02 -6.58958607E-01  1.64732544E+00  9.88366836E-01  2.50000000E-02 -5.45938613E-13  1.71309578E-12 
     604  8.75000000E+01  3.87500000E+02 -5.58975465E-02  1.04426438E+00  9.88366836E-01  2.50000000E-02 -1.92452940E-13  3.01341401E-12 
     605  1.12500000E+02  3.87500000E+02  5.28193489E-01  4.60173347E-01  9.88366836E-01  2.50000000E-02  3.12462577E-13  3.53084400E-12 
     606  1.37500000E+02  3.87500000E+02  6.72831520E-01  3.15535315E-01  9.88366836E-01  2.50000000E-02  1.07877226E-12  1.53703223E-12 
     607  1.62500000E+02  3.87500000E+02  4.06350372E-01  5.82016464E-01  9.88366836E-01  2.50000000E-02  2.07052078E-12  4.06496582E-12 
     608  1.87500000E+02  3.87500000E+02  3.95698919E-02  9.48796944E-01  9.88366836E-01  2.50000000E-02  2.02659262E-12  1.65908527E-12 
     609  2.12500000E+02  3.87500000E+02 -1.17352384E-02  1.00010207E+00  9.88366836E-01  2.50000000E-02  1.84319844E-12  1.75500518E-12 
     610  2.37500000E+02  3.87500000E+02 -5.69130758E-01  1.55749759E+00  9.88366836E-01  2.50000000E-02  1.45271606E-12  2.56920657E-12 
     611  2.62500000E+02  3.87500000E+02  3.82325208E-01  6.06041628E-01  9.88366836E-01  2.50000000E-02  3.49670942E-13  4.33568200E-12 
     612  2.87500000E+02  3.87500000E+02  8.00741049E-01  1.87625787E-01  9.88366836E-01  2.50000000E-02 -2.16781602E-12  2.83719242E-12 
     613  3.12500000E+02  3.87500000E+02 -4.36175349E-01  1.42454219E+00  9.88366836E-01  2.50000000E-02 -4.44082617E-12  4.45631907E-12 
     614  3.37500000E+02  3.87500000E+02 -1.47161939E-02  1.00308303E+00  9.88366836E-01  2.50000000E-02 -4.04831350E-12  3.22508672E-12 
     615  3.62500000E+02  3.87500000E+02 -7.06845146E-01  1.69521198E+00  9.88366836E-01  2.50000000E-02 -3.92680514E-12  3.35579110E-12 
     616  3.87500000E+02  3.87500000E+02  4.85538138E-02  9.39813022E-01  9.88366836E-01  2.50000000E-02 -2.69953706E-12  8.21158500E-12 
     617  4.12500000E+02  3.87500000E+02 -7.71735505E-01  1.76010234E+00  9.88366836E-01  2.50000000E-02 -1.16820929E-12  3.06249301E-12 
     618  4.37500000E+02  3.87500000E+02  1.87056193E-01  8.01310643E-01  9.88366836E-01  2.50000000E-02 -1.19685664E-12  2.11583229E-12 
     619  4.62500000E+02  3.87500000E+02  8.80330275E-01  1.08036561E-01  9.88366836E-01  2.50000000E-02  4.58974926E-13  3.19954476E-12 
     620  4.87500000E+02  3.87500000E+02  3.42345162E-01  6.46021674E-01  9.88366836E-01  2.50000000E-02  9.76611922E-13  7.38545328E-12 
     621  5.12500000E+02  3.87500000E+02 -8.72640495E-01  1.86100733E+00  9.88366836E-01  2.50000000E-02  9.74557107E-13  1.28598190E-13 
     622  5.37500000E+02  3.87500000E+02  2.94931678E-01  6.93435158E-01  9.88366836E-01  2.50000000E-02  8.96728893E-13  2.26150042E-13 
     623  5.62500000E+02  3.87500000E+02 -6.37404482E-01  1.62577132E+00  9.88366836E-01  2.50000000E-02  7.10415816E-13  5.60242696E-13 
     624  5.87500000E+02  3.87500000E+02 -4.38549149E-01  1.42691598E+00  9.88366836E-01  2.50000000E-02  6.63012280E-13  1.78197774E-12 
     625  6.12500000E+02  3.87500000E+02  3.51708111E-01  6.36658725E-01  9.88366836E-01  2.50000000E-02  5.29357669E-13  3.23338463E-13 
     626  6.37500000E+02  3.87500000E+02  6.49206713E-02  9.23446165E-01  9.88366836E-01  2.50000000E-02  3.80032889E-13  9.89159086E-13 
     627  6.62500000E+02  3.87500000E+02  9.18175539E-01  7.01912966E-02  9.88366836E-01  2.50000000E-02  2.49507894E-13  4.32896798E-13 
     628  6.87500000E+02  3.87500000E+02 -9.20605568E-01  1.90897240E+00  9.88366836E-01  2.50000000E-02  4.17903578E-13  6.00778188E-13 
     629  7.12500000E+02  3.87500000E+02  4.03094956E-01  5.85271879E-01  9.88366836E-01  2.50000000E-02  3.86453794E-13 -2.51747213E-13 
     630  7.37500000E+02  3.87500000E+02  1.94257328E-01  7.94109507E-01  9.88366836E-01  2.50000000E-02  2.14616000E-13  2.11316983E-13 
     631  7.62500000E+02  3.87500000E+02 -4.74625661E-01  1.46299250E+00  9.88366836E-01  2.50000000E-02  1.60716137E-13  1.18731492E-13 
     632  7.87500000E+02  3.87500000E+02 -3.33009062E-01  1.32137590E+00  9.88366836E-01  2.50000000E-02  1.28555311E-13 -1.41859666E-13 
     633  8.12500000E+02  3.87500000E+02 -1.39707627E-01  1.12807446E+00  9.88366836E-01  2.50000000E-02  5.84026686E-14 -7.36653584E-13 
     634  8.37500000E+02  3.87500000E+02  8.25223234E-01  1.63143602E-01  9.88366836E-01  2.50000000E-02 -2.83534387E-13 -1.59484892E-12 
     635  8.62500000E+02  3.87500000E+02  9.51776039E-01  3.65907972E-02  9.88366836E-01  2.50000000E-02 -1.24604202E-12 -3.66256959E-12 
     636  8.87500000E+02  3.87500000E+02  3.19834321E-01  6.68532514E-01  9.88366836E-01  2.50000000E-02 -5.30116149E-15 -1.96845278E-12 
     637  9.12500000E+02  3.87500000E+02  8.76020387E-01  1.12346448E-01  9.88366836E-01  2.50000000E-02  2.49122185E-13 -1.58969028E-12 
     638  9.37500000E+02  3.87500000E+02 -3.08319958E-01  1.29668679E+00  9.88366836E-01  2.50000000E-02  2.74567011E-13 -1.05677632E-12 
     639  9.62500000E+02  3.87500000E+02 -6.58719114E-01  1.64708595E+00  9.88366836E-01  2.50000000E-02  1.94620325E-13 -5.55621315E-13 
     640  9.87500000E+02  3.87500000E+02 -2.55844584E-01  1.24421142E+00  9.88366836E-01  2.50000000E-02  5.27290587E-14 -2.48371136E-12 
     641  1.25000000E+01  4.12500000E+02 -1.14667748E-01  1.10303458E+00  9.88366836E-01  2.50000000E-02 -6.30186826E-13  2.83852679E-12 
     642  3.75000000E+01  4.12500000E+02 -1.19798821E-01  1.10816566E+00  9.88366836E-01  2.50000000E-02 -1.15531073E-12  1.69189003E-12 
     643  6.25000000E+01  4.12500000E+02 -1.99528805E-01  1.18789564E+00  9.88366836E-01  2.50000000E-02 -8.08227475E-13  1.42134551E-12 
     644  8.75000000E+01  4.12500000E+02  4.43166795E-01  5.45200041E-01  9.88366836E-01  2.50000000E-02 -2.65186999E-13  2.92202679E-12 
     645  1.12500000E+02  4.12500000E+02  6.67500279E-01  3.20866556E-01  9.88366836E-01  2.50000000E-02 -4.58199516E-13  4.03043595E-12 
     646  1.37500000E+02  4.12500000E+02  6.79524660E-01  3.08842176E-01  9.88366836E-01  2.50000000E-02 -4.88486901E-13  1.53884141E-12 
     647  1.62500000E+02  4.12500000E+02  7.83519136E-01  2.04847700E-01  9.88366836E-01  2.50000000E-02 -1.63681464E-12  5.68819646E-12 
     648  1.87500000E+02  4.12500000E+02  5.42671422E-02  9.34099694E-01  9.88366836E-01  2.50000000E-02 -1.95845982E-12  2.05465789E-12 
     649  2.12500000E+02  4.12500000E+02 -9.57887589E-02  1.08415559E+00  9.88366836E-01  2.50000000E-02 -2.14942661E-12  1.87904348E-12 
     650  2.37500000E+02  4.12500000E+02 -7.04305250E-01  1.69267209E+00  9.88366836E-01  2.50000000E-02 -2.58124952E-12  2.89204087E-12 
     651  2.62500000E+02  4.12500000E+02 -5.88823646E-01  1.57719048E+00  9.88366836E-01  2.50000000E-02 -2.67723124E-12  3.80702447E-12 
     652  2.87500000E+02  4.12500000E+02 -5.23053373E-01  1.51142021E+00  9.88366836E-01  2.50000000E-02 -3.21195359E-12  1.58510959E-12 
     653  3.12500000E+02  4.12500000E+02 -8.25401872E-01  1.81376871E+00  9.88366836E-01  2.50000000E-02 -3.67215721E-12  4.40593761E-12 
     654  3.37500000E+02  4.12500000E+02  5.25067566E-01  4.63299270E-01  9.88366836E-01  2.50000000E-02 -2.98700824E-12  3.92558851E-12 
     655  3.62500000E+02  4.12500000E+02 -7.83024329E-01  1.77139117E+00  9.88366836E-01  2.50000000E-02 -1.92388693E-12  3.41885874E-12 
     656  3.87500000E+02  4.12500000E+02  5.73640254E-01  4.14726582E-01  9.88366836E-01  2.50000000E-02 -1.31630566E-13  9.13992589E-12 
     657  4.12500000E+02  4.12500000E+02  6.58338337E-01  3.30028498E-01  9.88366836E-01  2.50000000E-02  4.10590345E-13  3.89256447E-12 
     658  4.37500000E+02  4.12500000E+02  8.36372757E-01  1.51994078E-01  9.88366836E-01  2.50000000E-02 -2.38996210E-13  2.40199130E-12 
     659  4.62500000E+02  4.12500000E+02 -5.76557963E-01  1.56492480E+00  9.88366836E-01  2.50000000E-02 -4.76402621E-13  3.98287445E-12 
     660  4.87500000E+02  4.12500000E+02 -5.98355215E-01  1.58672205E+00  9.88366836E-01  2.50000000E-02 -1.93439638E-13  6.65010922E-12 
     661  5.12500000E+02  4.12500000E+02 -4.70305079E-01  1.45867191E+00  9.88366836E-01  2.50000000E-02  1.28316198E-13  1.01122854E-13 
     662  5.37500000E+02  4.12500000E+02  9.68222219E-01  2.01446164E-02  9.88366836E-01  2.50000000E-02  7.60851794E-13  1.62185130E-12 
     663  5.62500000E+02  4.12500000E+02  4.24524568E-01  5.63842268E-01  9.88366836E-01  2.50000000E-02  9.52659512E-14  6.32152043E-13 
     664  5.87500000E+02  4.12500000E+02 -1.70848611E-02  1.00545170E+00  9.88366836E-01  2.50000000E-02  3.88630917E-13  1.43715812E-12 
     665  6.12500000E+02  4.12500000E+02 -3.59020408E-01  1.34738724E+00  9.88366836E-01  2.50000000E-02  4.44063775E-13  3.65212100E-13 
     666  6.37500000E+02  4.12500000E+02 -5.20579146E-02  1.04042475E+00  9.88366836E-01  2.50000000E-02  4.67791578E-13  1.17616070E-12 
     667  6.62500000E+02  4.12500000E+02 -3.64641074E-01  1.35300791E+00  9.88366836E-01  2.50000000E-02  5.54518087E-13  2.98772290E-13 
     668  6.87500000E+02  4.12500000E+02  8.98391509E-01  8.99753268E-02  9.88366836E-01  2.50000000E-02 -9.96408490E-14  1.69448823E-12 
     669  7.12500000E+02  4.12500000E+02  6.22015577E-01  3.66351259E-01  9.88366836E-01  2.50000000E-02 -5.01400119E-13 -4.62990522E-13 
     670  7.37500000E+02  4.12500000E+02 -1.48513640E-01  1.13688048E+00  9.88366836E-01  2.50000000E-02 -5.99643206E-13  1.86596629E-13 
     671  7.62500000E+02  4.12500000E+02  8.27164934E-01  1.61201902E-01  9.88366836E-01  2.50000000E-02 -1.22026953E-12 -4.92442640E-13 
     672  7.87500000E+02  4.12500000E+02  6.44029528E-01  3.44337308E-01  9.88366836E-01  2.50000000E-02 -1.39488208E-12 -3.10875764E-14 
     673  8.12500000E+02  4.12500000E+02 -6.87756908E-01  1.67612374E+00  9.88366836E-01  2.50000000E-02 -1.25939789E-12 -5.23527079E-13 
     674  8.37500000E+02  4.12500000E+02  2.82743241E-01  7.05623595E-01  9.88366836E-01  2.50000000E-02 -9.39939169E-13 -1.74641194E-12 
     675  8.62500000E+02  4.12500000E+02 -3.05489254E-02  1.01891576E+00  9.88366836E-01  2.50000000E-02 -5.60701033E-13 -4.35668113E-12 
     676  8.87500000E+02  4.12500000E+02  2.06506390E-01  7.81860446E-01  9.88366836E-01  2.50000000E-02 -1.55667311E-13 -2.40313575E-12 
     677  9.12500000E+02  4.12500000E+02 -5.37229149E-01  1.52559599E+00  9.88366836E-01  2.50000000E-02  5.08013541E-13 -9.63036345E-13 
     678  9.37500000E+02  4.12500000E+02 -5.68518548E-01  1.55688538E+00  9.88366836E-01  2.50000000E-02  6.15694659E-13 -1.02352857E-12 
     679  9.62500000E+02  4.12500000E+02  8.97037579E-01  9.13292567E-02  9.88366836E-01  2.50000000E-02 -2.63918073E-13 -5.08918441E-12 
     680  9.87500000E+02  4.12500000E+02  3.11866661E-01  6.76500175E-01  9.88366836E-01  2.50000000E-02  1.66741042E-14 -2.93821018E-12 
     681  1.25000000E+01  4.37500000E+02 -5.21525428E-01  1.50989226E+00  9.88366836E-01  2.50000000E-02 -1.51491168E-14  3.21218957E-12 
     682  3.75000000E+01  4.37500000E+02  5.82371908E-01  4.05994928E-01  9.88366836E-01  2.50000000E-02 -2.69722148E-13  2.94137096E-12 
     683  6.25000000E+01  4.37500000E+02  8.74393557E-01  1.13973279E-01  9.88366836E-01  2.50000000E-02 -1.52669451E-12  3.16314281E-12 
     684  8.75000000E+01  4.37500000E+02 -3.58850876E-01  1.34721771E+00  9.88366836E-01  2.50000000E-02 -1.40256766E-12  3.10853889E-12 
     685  1.12500000E+02  4.37500000E+02  8.06857612E-01  1.81509223E-01  9.88366836E-01  2.50000000E-02 -1.62933621E-12  5.02160231E-12 
     686  1.37500000E+02  4.37500000E+02  8.47045990E-01  1.41320846E-01  9.88366836E-01  2.50000000E-02 -2.94206211E-12  2.72011670E-12 
     687  1.62500000E+02  4.37500000E+02 -3.74242936E-01  1.36260977E+00  9.88366836E-01  2.50000000E-02 -5.49999903E-12  5.44620216E-12 
     688  1.87500000E+02  4.37500000E+02 -2.19686907E-01  1.20805374E+00  9.88366836E-01  2.50000000E-02 -5.08905452E-12  2.80325252E-12 
     689  2.12500000E+02  4.37500000E+02 -9.39235959E-01  1.92760279E+00  9.88366836E-01  2.50000000E-02 -3.91707004E-12  2.31514554E-12 
     690  2.37500000E+02  4.37500000E+02 -6.61510006E-01  1.64987684E+00  9.88366836E-01  2.50000000E-02 -3.46283391E-12  3.34673933E-12 
     691  2.62500000E+02  4.37500000E+02  5.06867385E-01  4.81499451E-01  9.88366836E-01  2.50000000E-02 -2.83233365E-12  3.24407094E-12 
     692  2.87500000E+02  4.37500000E+02 -4.21473287E-01  1.40984012E+00  9.88366836E-01  2.50000000E-02 -1.96374742E-12  1.67485054E-12 
     693  3.12500000E+02  4.37500000E+02  7.66276348E-01  2.22090488E-01  9.88366836E-01  2.50000000E-02 -9.01162658E-13  6.95998734E-12 
     694  3.37500000E+02  4.37500000E+02 -8.48013906E-01  1.83638074E+00  9.88366836E-01  2.50000000E-02 -1.58186162E-12  2.32486029E-12 
     695  3.62500000E+02  4.37500000E+02  1.49155181E-01  8.39211655E-01  9.88366836E-01  2.50000000E-02 -9.80165330E-13  4.65705415E-12 
     696  3.87500000E+02  4.37500000E+02 -1.48167384E-01  1.13653422E+00  9.88366836E-01  2.50000000E-02 -1.02589704E-12  4.98209564E-12 
     697  4.12500000E+02  4.37500000E+02 -8.19904568E-01  1.80827140E+00  9.88366836E-01  2.50000000E-02 -1.57062691E-12  2.62493758E-12 
     698  4.37500000E+02  4.37500000E+02 -1.08633900E-01  1.09700074E+00  9.88366836E-01  2.50000000E-02 -1.73835721E-12 -8.45579664E-13 
     699  4.62500000E+02  4.37500000E+02  7.80516317E-01  2.07850519E-01  9.88366836E-01  2.50000000E-02 -1.36865417E-12  4.49486252E-12 
     700  4.87500000E+02  4.37500000E+02  4.72469267E-01  5.15897569E-01  9.88366836E-01  2.50000000E-02  1.05537251E-12  5.62296687E-12 
     701  5.12500000E+02  4.37500000E+02  4.65935691E-01  5.22431145E-01  9.88366836E-01  2.50000000E-02  1.49103690E-12  7.54534870E-14 
     702  5.37500000E+02  4.37500000E+02  5.45168541E-01  4.43198295E-01  9.88366836E-01  2.50000000E-02  1.57637622E-12  1.00336844E-12 
     703  5.62500000E+02  4.37500000E+02  8.40862699E-01  1.47504136E-01  9.88366836E-01  2.50000000E-02  8.41279537E-13  8.20992277E-13 
     704  5.87500000E+02  4.37500000E+02  2.23931685E-01  7.64435151E-01  9.88366836E-01  2.50000000E-02  1.72060486E-12  1.39456933E-12 
     705  6.12500000E+02  4.37500000E+02  7.57971950E-01  2.30394886E-01  9.88366836E-01  2.50000000E-02  1.87251093E-12  9.35639929E-13 
     706  6.37500000E+02  4.37500000E+02  6.26097992E-01  3.62268844E-01  9.88366836E-01  2.50000000E-02  7.57593821E-13  1.85647413E-12 
     707  6.62500000E+02  4.37500000E+02 -3.11012525E-01  1.29937936E+00  9.88366836E-01  2.50000000E-02  3.82283451E-13  2.46185976E-13 
     708  6.87500000E+02  4.37500000E+02  4.87651479E-01  5.00715357E-01  9.88366836E-01  2.50000000E-02 -1.79141788E-13  1.18176900E-12 
     709  7.12500000E+02  4.37500000E+02  1.48012393E-01  8.40354442E-01  9.88366836E-01  2.50000000E-02 -6.55597535E-13 -6.77165948E-13 
     710  7.37500000E+02  4.37500000E+02  8.30803344E-01  1.57563492E-01  9.88366836E-01  2.50000000E-02 -3.81128316E-13 -1.49283729E-13 
     711  7.62500000E+02  4.37500000E+02  1.16134439E-03  9.87205491E-01  9.88366836E-01  2.50000000E-02  4.12152498E-13 -6.87700180E-13 
     712  7.87500000E+02  4.37500000E+02  2.39835834E-01  7.48531002E-01  9.88366836E-01  2.50000000E-02  3.94847827E-13  1.96941117E-13 
     713  8.12500000E+02  4.37500000E+02 -5.16214511E-01  1.50458135E+00  9.88366836E-01  2.50000000E-02  1.20992170E-13 -4.58715524E-13 
     714  8.37500000E+02  4.37500000E+02  4.95133606E-01  4.93233230E-01  9.88366836E-01  2.50000000E-02 -1.89572104E-13 -1.91888963E-12 
     715  8.62500000E+02  4.37500000E+02  8.93104765E-01  9.52620711E-02  9.88366836E-01  2.50000000E-02 -1.88262499E-13 -4.64482469E-12 
     716  8.87500000E+02  4.37500000E+02 -9.15906093E-02  1.07995745E+00  9.88366836E-01  2.50000000E-02 -3.89302627E-13 -3.17448002E-12 
     717  9.12500000E+02  4.37500000E+02 -2.09695417E-01  1.19806225E+00  9.88366836E-01  2.50000000E-02 -4.76758720E-13 -1.34174188E-12 
     718  9.37500000E+02  4.37500000E+02  8.32850438E-01  1.55516398E-01  9.88366836E-01  2.50000000E-02 -2.17973559E-12 -2.44558194E-12 
     719  9.62500000E+02  4.37500000E+02  1.17914853E-01  8.70451983E-01  9.88366836E-01  2.50000000E-02  1.28014471E-13 -5.39342344E-12 
     720  9.87500000E+02  4.37500000E+02 -4.81887803E-01  1.47025464E+00  9.88366836E-01  2.50000000E-02  9.68424002E-14 -2.33803343E-12 
     721  1.25000000E+01  4.62500000E+02  2.30331549E-02  9.65333681E-01  9.88366836E-01  2.50000000E-02 -2.27737819E-16  3.34642896E-12 
     722  3.75000000E+01  4.62500000E+02 -3.31036185E-01  1.31940302E+00  9.88366836E-01  2.50000000E-02  3.00441712E-13  2.96337181E-12 
     723  6.25000000E+01  4.62500000E+02 -9.54557258E-02  1.08382256E+00  9.88366836E-01  2.50000000E-02  4.31183071E-13  1.00335317E-12 
     724  8.75000000E+01  4.62500000E+02  5.41319075E-01  4.47047761E-01  9.88366836E-01  2.50000000E-02  1.49909027E-13  3.01229409E-12 
     725  1.12500000E+02  4.62500000E+02  4.97923663E-01  4.90443173E-01  9.88366836E-01  2.50000000E-02 -3.64482896E-13  3.36096729E-12 
     726  1.37500000E+02  4.62500000E+02  1.37524556E-01  8.50842279E-01  9.88366836E-01  2.50000000E-02 -1.49475554E-12  1.60426933E-12 
     727  1.62500000E+02  4.62500000E+02 -6.05547264E-01  1.59391410E+00  9.88366836E-01  2.50000000E-02 -1.93782680E-12  5.25076261E-12 
     728  1.87500000E+02  4.62500000E+02  6.21008015E-01  3.67358820E-01  9.88366836E-01  2.50000000E-02 -2.78105078E-12  3.22463014E-12 
     729  2.12500000E+02  4.62500000E+02  9.48864050E-02  8.93480431E-01  9.88366836E-01  2.50000000E-02 -1.95003104E-12  2.96722188E-12 
     730  2.37500000E+02  4.62500000E+02  6.95596543E-01  2.92770293E-01  9.88366836E-01  2.50000000E-02 -9.47522816E-13  4.07046558E-12 
     731  2.62500000E+02  4.62500000E+02 -2.82454880E-01  1.27082172E+00  9.88366836E-01  2.50000000E-02  3.13062772E-13  2.73453231E-12 
     732  2.87500000E+02  4.62500000E+02  5.94399696E-01  3.93967140E-01  9.88366836E-01  2.50000000E-02  7.90331452E-13  3.04987643E-12 
     733  3.12500000E+02  4.62500000E+02 -9.60996431E-02  1.08446648E+00  9.88366836E-01  2.50000000E-02 -1.45462649E-12  5.77074184E-12 
     734  3.37500000E+02  4.62500000E+02 -3.82105376E-01  1.37047221E+00  9.88366836E-01  2.50000000E-02 -1.73397115E-12  1.87869603E-12 
     735  3.62500000E+02  4.62500000E+02  4.41596235E-01  5.46770601E-01  9.88366836E-01  2.50000000E-02 -1.09961762E-12  4.30449239E-12 
     736  3.87500000E+02  4.62500000E+02 -8.80956593E-01  1.86932343E+00  9.88366836E-01  2.50000000E-02 -7.75641014E-13  3.94882833E-12 
     737  4.12500000E+02  4.62500000E+02  3.44103553E-01  6.44263283E-01  9.88366836E-01  2.50000000E-02 -6.63585798E-13  1.93419997E-12 
     738  4.37500000E+02  4.62500000E+02 -6.67223646E-01  1.65559048E+00  9.88366836E-01  2.50000000E-02 -5.40857836E-13 -1.02402802E-12 
     739  4.62500000E+02  4.62500000E+02  9.47055340E-01  4.13114958E-02  9.88366836E-01  2.50000000E-02 -1.66437791E-12  5.13299575E-12 
     740  4.87500000E+02  4.62500000E+02 -3.31682521E-01  1.32004936E+00  9.88366836E-01  2.50000000E-02 -1.13686609E-12  3.30576358E-12 
     741  5.12500000E+02  4.62500000E+02 -7.27119042E-01  1.71548588E+00  9.88366836E-01  2.50000000E-02 -1.10287358E-12 -6.57866584E-13 
     742  5.37500000E+02  4.62500000E+02  4.57750880E-01  5.30615956E-01  9.88366836E-01  2.50000000E-02 -9.22750891E-13  7.12437225E-13 
     743  5.62500000E+02  4.62500000E+02 -9.99289089E-01  1.98765592E+00  9.88366836E-01  2.50000000E-02 -9.11461963E-13 -1.70232159E-13 
     744  5.87500000E+02  4.62500000E+02  8.67866651E-01  1.20500185E-01  9.88366836E-01  2.50000000E-02 -1.46617528E-12  2.86561916E-12 
     745  6.12500000E+02  4.62500000E+02 -7.98927735E-02  1.06825961E+00  9.88366836E-01  2.50000000E-02 -1.44646831E-12  9.21537653E-13 
     746  6.37500000E+02  4.62500000E+02  2.82823129E-01  7.05543707E-01  9.88366836E-01  2.50000000E-02 -1.67881064E-12  1.46747136E-12 
     747  6.62500000E+02  4.62500000E+02 -7.17620941E-01  1.70598778E+00  9.88366836E-01  2.50000000E-02 -1.25062976E-12  3.75733256E-13 
     748  6.87500000E+02  4.62500000E+02 -7.01660539E-01  1.69002737E+00  9.88366836E-01  2.50000000E-02 -1.23963726E-12  1.34564841E-12 
     749  7.12500000E+02  4.62500000E+02 -4.17054967E-01  1.40542180E+00  9.88366836E-01  2.50000000E-02 -1.46025062E-12 -7.47764612E-13 
     750  7.37500000E+02  4.62500000E+02 -1.97769449E-01  1.18613628E+00  9.88366836E-01  2.50000000E-02 -1.52327049E-12 -5.49108028E-13 
     751  7.62500000E+02  4.62500000E+02 -8.30364190E-01  1.81873103E+00  9.88366836E-01  2.50000000E-02 -1.77528962E-12 -1.07106281E-12 
     752  7.87500000E+02  4.62500000E+02  5.93635457E-01  3.94731379E-01  9.88366836E-01  2.50000000E-02 -3.32826980E-12  2.38475576E-13 
     753  8.12500000E+02  4.62500000E+02  7.04729898E-01  2.83636937E-01  9.88366836E-01  2.50000000E-02 -4.51236455E-12 -1.34242252E-12 
     754  8.37500000E+02  4.62500000E+02 -7.00610497E-02  1.05842789E+00  9.88366836E-01  2.50000000E-02 -2.79165544E-12 -4.24589579E-13 
     755  8.62500000E+02  4.62500000E+02 -8.14516724E-01  1.80288356E+00  9.88366836E-01  2.50000000E-02 -2.47324837E-12 -1.42780158E-12 
     756  8.87500000E+02  4.62500000E+02  6.34207618E-01  3.54159218E-01  9.88366836E-01  2.50000000E-02 -2.25218574E-12 -5.15331948E-12 
     757  9.12500000E+02  4.62500000E+02  5.73517688E-01  4.14849148E-01  9.88366836E-01  2.50000000E-02 -2.19304403E-12 -3.33914813E-12 
     758  9.37500000E+02  4.62500000E+02 -7.90801234E-01  1.77916807E+00  9.88366836E-01  2.50000000E-02 -1.59438182E-12 -7.74833116E-13 
     759  9.62500000E+02  4.62500000E+02  7.31669728E-01  2.56697108E-01  9.88366836E-01  2.50000000E-02 -1.13617102E-13 -5.80920942E-12 
     760  9.87500000E+02  4.62500000E+02  2.14049060E-02  9.66961930E-01  9.88366836E-01  2.50000000E-02  3.49618649E-14 -1.97200961E-12 
     761  1.25000000E+01  4.87500000E+02 -8.92157871E-01  1.88052471E+00  9.88366836E-01  2.50000000E-02 -6.35915230E-15  2.89272422E-12 
     762  3.75000000E+01  4.87500000E+02  8.47139597E-01  1.41227239E-01  9.88366836E-01  2.50000000E-02 -1.14108683E-14  2.46970225E-12 
     763  6.25000000E+01  4.87500000E+02  9.07970650E-02  8.97569771E-01  9.88366836E-01  2.50000000E-02  3.05751327E-13  7.19632990E-13 
     764  8.75000000E+01  4.87500000E+02 -4.59866617E-01  1.44823345E+00  9.88366836E-01  2.50000000E-02  2.79652361E-13  1.53639073E-12 
     765  1.12500000E+02  4.87500000E+02  5.16185763E-01  4.72181073E-01  9.88366836E-01  2.50000000E-02  5.00359263E-13  2.98601676E-12 
     766  1.37500000E+02  4.87500000E+02 -7.13203339E-01  1.70157017E+00  9.88366836E-01  2.50000000E-02  4.85995347E-13  1.21295843E-12 
     767  1.62500000E+02  4.87500000E+02 -3.39224994E-01  1.32759183E+00  9.88366836E-01  2.50000000E-02  9.38128823E-13  5.33504491E-12 
     768  1.87500000E+02  4.87500000E+02 -4.02609231E-01  1.39097607E+00  9.88366836E-01  2.50000000E-02  1.53724812E-12  2.37414901E-12 
     769  2.12500000E+02  4.87500000E+02  7.36295286E-01  2.52071550E-01  9.88366836E-01  2.50000000E-02  3.13202367E-12  5.23883343E-12 
     770  2.37500000E+02  4.87500000E+02  2.15175153E-01  7.73191683E-01  9.88366836E-01  2.50000000E-02  3.62979841E-12  2.92572320E-12 
     771  2.62500000E+02  4.87500000E+02  9.58307377E-01  3.00594587E-02  9.88366836E-01  2.50000000E-02  9.72492523E-14  7.23528643E-12 
     772  2.87500000E+02  4.87500000E+02  4.14549800E-01  5.73817035E-01  9.88366836E-01  2.50000000E-02 -1.00229244E-12  3.22907262E-12 
     773  3.12500000E+02  4.87500000E+02  3.57400243E-01  6.30966593E-01  9.88366836E-01  2.50000000E-02 -1.17843019E-12  5.64277873E-12 
     774  3.37500000E+02  4.87500000E+02  6.72171383E-02  9.21149698E-01  9.88366836E-01  2.50000000E-02 -1.00080886E-12  1.48893065E-12 
     775  3.62500000E+02  4.87500000E+02 -4.36419991E-02  1.03200883E+00  9.88366836E-01  2.50000000E-02 -9.87240124E-13  3.01747606E-12 
     776  3.87500000E+02  4.87500000E+02 -2.97094604E-01  1.28546144E+00  9.88366836E-01  2.50000000E-02 -1.12228878E-12  3.67549355E-12 
     777  4.12500000E+02  4.87500000E+02  3.84800043E-01  6.03566793E-01  9.88366836E-01  2.50000000E-02 -9.92241317E-13  1.73172085E-12 
     778  4.37500000E+02  4.87500000E+02 -4.43349061E-01  1.43171590E+00  9.88366836E-01  2.50000000E-02 -1.17859437E-12 -1.10183368E-12 
     779  4.62500000E+02  4.87500000E+02  1.00492587E-01  8.87874249E-01  9.88366836E-01  2.50000000E-02 -1.43971852E-12  1.76272922E-12 
     780  4.87500000E+02  4.87500000E+02 -2.99439289E-01  1.28780612E+00  9.88366836E-01  2.50000000E-02 -6.49358427E-13  3.08078795E-12 
     781  5.12500000E+02  4.87500000E+02 -4.52742072E-01  1.44110891E+00  9.88366836E-01  2.50000000E-02 -1.04816197E-13 -8.78384796E-13 
     782  5.37500000E+02  4.87500000E+02 -6.59007674E-01  1.64737451E+00  9.88366836E-01  2.50000000E-02 -1.05481936E-13  2.68979608E-13 
     783  5.62500000E+02  4.87500000E+02 -5.76309235E-01  1.56467607E+00  9.88366836E-01  2.50000000E-02 -1.90233221E-13 -1.79130139E-13 
     784  5.87500000E+02  4.87500000E+02 -8.12551513E-01  1.80091835E+00  9.88366836E-01  2.50000000E-02 -2.59828352E-13  2.03032889E-12 
     785  6.12500000E+02  4.87500000E+02 -8.28069798E-01  1.81643663E+00  9.88366836E-01  2.50000000E-02 -2.95885418E-13  7.73514191E-13 
     786  6.37500000E+02  4.87500000E+02 -8.90927969E-01  1.87929480E+00  9.88366836E-01  2.50000000E-02 -3.73638007E-13  1.20692793E-12 
     787  6.62500000E+02  4.87500000E+02  4.97326608E-01  4.91040227E-01  9.88366836E-01  2.50000000E-02 -9.27567823E-13  1.17860727E-12 
     788  6.87500000E+02  4.87500000E+02  5.52784999E-01  4.35581837E-01  9.88366836E-01  2.50000000E-02 -1.35866346E-12  1.67933780E-12 
     789  7.12500000E+02  4.87500000E+02 -5.92100234E-01  1.58046707E+00  9.88366836E-01  2.50000000E-02 -1.63272397E-12 -9.90392182E-13 
     790  7.37500000E+02  4.87500000E+02  9.56743792E-01  3.16230438E-02  9.88366836E-01  2.50000000E-02 -5.28149471E-12 -1.95018244E-12 
     791  7.62500000E+02  4.87500000E+02 -1.85259607E-01  1.17362644E+00  9.88366836E-01  2.50000000E-02 -1.89590855E-12 -5.69982836E-13 
     792  7.87500000E+02  4.87500000E+02 -6.28813263E-01  1.61718010E+00  9.88366836E-01  2.50000000E-02 -2.34834084E-12  9.48149146E-13 
     793  8.12500000E+02  4.87500000E+02 -4.54073316E-01  1.44244015E+00  9.88366836E-01  2.50000000E-02 -2.91741195E-12 -1.03151095E-12 
     794  8.37500000E+02  4.87500000E+02 -4.02023641E-02  1.02856920E+00  9.88366836E-01  2.50000000E-02 -3.27345435E-12  1.35978774E-13 
     795  8.62500000E+02  4.87500000E+02 -9.55158516E-01  1.94352535E+00  9.88366836E-01  2.50000000E-02 -2.58606645E-12 -1.10920202E-12 
     796  8.87500000E+02  4.87500000E+02 -8.69613158E-01  1.85797999E+00  9.88366836E-01  2.50000000E-02 -1.50563818E-12 -3.38639283E-12 
     797  9.12500000E+02  4.87500000E+02 -6.95422540E-01  1.68378938E+00  9.88366836E-01  2.50000000E-02 -1.53854370E-13 -2.76322680E-12 
     798  9.37500000E+02  4.87500000E+02 -7.92456884E-01  1.78082372E+00  9.88366836E-01  2.50000000E-02  2.54682166E-13 -9.62889226E-13 
     799  9.62500000E+02  4.87500000E+02 -4.15251851E-01  1.40361869E+00  9.88366836E-01  2.50000000E-02  4.85844876E-13 -6.55544596E-12 
     800  9.87500000E+02  4.87500000E+02 -7.79383764E-01  1.76775060E+00  9.88366836E-01  2.50000000E-02  3.04001950E-13 -2.22333451E-12 
     801  1.25000000E+01  5.12500000E+02 -1.98694032E-01  1.18706087E+00  9.88366836E-01  2.50000000E-02  1.71099711E-14  2.69557110E-12 
     802  3.75000000E+01  5.12500000E+02 -4.78622974E-01  1.46698981E+00  9.88366836E-01  2.50000000E-02 -1.76976461E-13  7.66351630E-13 
     803  6.25000000E+01  5.12500000E+02 -9.58897534E-01  1.94726437E+00  9.88366836E-01  2.50000000E-02 -4.70664258E-13  3.89094725E-13 
     804  8.75000000E+01  5.12500000E+02 -5.07965653E-02  1.03916340E+00  9.88366836E-01  2.50000000E-02 -6.07197434E-13  1.29533441E-12 
     805  1.12500000E+02  5.12500000E+02  6.52596013E-01  3.35770823E-01  9.88366836E-01  2.50000000E-02 -6.08593104E-14  2.80467681E-12 
     806  1.37500000E+02  5.12500000E+02 -1.17375780E-02  1.00010441E+00  9.88366836E-01  2.50000000E-02  1.86402568E-13  1.15108779E-12 
     807  1.62500000E+02  5.12500000E+02  7.45253151E-02  9.13841521E-01  9.88366836E-01  2.50000000E-02  1.55513247E-13  5.77553097E-12 
     808  1.87500000E+02  5.12500000E+02 -6.49563682E-02  1.05332320E+00  9.88366836E-01  2.50000000E-02  1.74341580E-13  2.32914178E-12 
     809  2.12500000E+02  5.12500000E+02  8.08191733E-01  1.80175102E-01  9.88366836E-01  2.50000000E-02  1.25654794E-12  4.81226879E-12 
     810  2.37500000E+02  5.12500000E+02  2.21052568E-01  7.67314268E-01  9.88366836E-01  2.50000000E-02  9.34434830E-13  2.61094662E-12 
     811  2.62500000E+02  5.12500000E+02  8.05511088E-01  1.82855748E-01  9.88366836E-01  2.50000000E-02 -3.05075324E-14  1.95137382E-12 
     812  2.87500000E+02  5.12500000E+02  4.40774896E-02  9.44289346E-01  9.88366836E-01  2.50000000E-02  1.72676072E-13  3.42683008E-12 
     813  3.12500000E+02  5.12500000E+02 -1.61642956E-01  1.15000979E+00  9.88366836E-01  2.50000000E-02 -2.22406080E-14  5.97804728E-12 
     814  3.37500000E+02  5.12500000E+02 -9.76898104E-01  1.96526494E+00  9.88366836E-01  2.50000000E-02  2.36517096E-14  1.48305759E-12 
     815  3.62500000E+02  5.12500000E+02  8.27916857E-02  9.05575150E-01  9.88366836E-01  2.50000000E-02  5.11222899E-13  2.60743096E-12 
     816  3.87500000E+02  5.12500000E+02 -1.61012357E-01  1.14937919E+00  9.88366836E-01  2.50000000E-02  6.86440795E-13  3.65438182E-12 
     817  4.12500000E+02  5.12500000E+02  5.20549297E-01  4.67817539E-01  9.88366836E-01  2.50000000E-02  7.85312351E-13  1.60094635E-12 
     818  4.37500000E+02  5.12500000E+02  2.25939986E-01  7.62426850E-01  9.88366836E-01  2.50000000E-02  7.13570455E-13 -1.13953656E-12 
     819  4.62500000E+02  5.12500000E+02  8.43436565E-01  1.44930271E-01  9.88366836E-01  2.50000000E-02  1.27052650E-13  1.56543104E-12 
     820  4.87500000E+02  5.12500000E+02  2.73522224E-01  7.14844612E-01  9.88366836E-01  2.50000000E-02  2.11898608E-13  3.22587439E-12 
     821  5.12500000E+02  5.12500000E+02 -3.70256768E-01  1.35862360E+00  9.88366836E-01  2.50000000E-02  1.00863077E-13 -1.17905593E-12 
     822  5.37500000E+02  5.12500000E+02 -1.86799403E-01  1.17516624E+00  9.88366836E-01  2.50000000E-02  6.80212701E-14  2.05588448E-13 
     823  5.62500000E+02  5.12500000E+02 -8.19173114E-01  1.80753995E+00  9.88366836E-01  2.50000000E-02  5.97944756E-14 -1.25892819E-13 
     824  5.87500000E+02  5.12500000E+02  8.27341694E-01  1.61025142E-01  9.88366836E-01  2.50000000E-02 -1.23894217E-12  1.75599036E-12 
     825  6.12500000E+02  5.12500000E+02 -3.74597517E-01  1.36296435E+00  9.88366836E-01  2.50000000E-02 -1.68421788E-12  8.78250562E-13 
     826  6.37500000E+02  5.12500000E+02  4.44141516E-01  5.44225320E-01  9.88366836E-01  2.50000000E-02 -1.91952383E-12  1.19117121E-12 
     827  6.62500000E+02  5.12500000E+02 -9.92785098E-01  1.98115193E+00  9.88366836E-01  2.50000000E-02 -2.06484638E-12  1.59599148E-12 
     828  6.87500000E+02  5.12500000E+02 -1.45848634E-02  1.00295170E+00  9.88366836E-01  2.50000000E-02 -2.39195223E-12  1.68305753E-12 
     829  7.12500000E+02  5.12500000E+02 -4.48516774E-01  1.43688361E+00  9.88366836E-01  2.50000000E-02 -2.72670811E-12 -1.29452406E-12 
     830  7.37500000E+02  5.12500000E+02 -9.41310020E-01  1.92967686E+00  9.88366836E-01  2.50000000E-02 -2.25693633E-12 -4.91593638E-13 
     831  7.62500000E+02  5.12500000E+02 -6.99160594E-01  1.68752743E+00  9.88366836E-01  2.50000000E-02 -1.88018955E-12  1.18083639E-13 
     832  7.87500000E+02  5.12500000E+02 -9.23100187E-01  1.91146702E+00  9.88366836E-01  2.50000000E-02 -1.88399510E-12  7.13100652E-13 
     833  8.12500000E+02  5.12500000E+02 -3.81021602E-02  1.02646900E+00  9.88366836E-01  2.50000000E-02 -2.09330905E-12 -1.69364271E-12 
     834  8.37500000E+02  5.12500000E+02  7.64165111E-01  2.24201724E-01  9.88366836E-01  2.50000000E-02 -3.24909172E-12 -6.18205545E-13 
     835  8.62500000E+02  5.12500000E+02 -9.54580350E-01  1.94294719E+00  9.88366836E-01  2.50000000E-02 -1.35474752E-12 -8.90166662E-13 
     836  8.87500000E+02  5.12500000E+02 -6.71656305E-01  1.66002314E+00  9.88366836E-01  2.50000000E-02 -1.22807549E-12 -3.88182394E-12 
     837  9.12500000E+02  5.12500000E+02 -1.39158553E-01  1.12752539E+00  9.88366836E-01  2.50000000E-02 -1.24830181E-12 -3.11013293E-12 
     838  9.37500000E+02  5.12500000E+02  6.36652324E-01  3.51714512E-01  9.88366836E-01  2.50000000E-02 -8.36330539E-13 -4.89582826E-12 
     839  9.62500000E+02  5.12500000E+02  6.13608273E-01  3.74758563E-01  9.88366836E-01  2.50000000E-02  2.00485816E-13 -6.72364499E-12 
     840  9.87500000E+02  5.12500000E+02  7.10892811E-01  2.77474025E-01  9.88366836E-01  2.50000000E-02  9.15034827E-14 -3.81513160E-12 
     841  1.25000000E+01  5.37500000E+02 -5.58057742E-02  1.04417261E+00  9.88366836E-01  2.50000000E-02  1.04583697E-14  2.73543952E-12 
     842  3.75000000E+01  5.37500000E+02  7.54977705E-02  9.12869065E-01  9.88366836E-01  2.50000000E-02  4.09952357E-14  7.25568279E-13 
     843  6.25000000E+01  5.37500000E+02 -7.54745601E-01  1.74311244E+00  9.88366836E-01  2.50000000E-02  1.45605478E-13  3.82507503E-13 
     844  8.75000000E+01  5.37500000E+02  8.38551358E-01  1.49815477E-01  9.88366836E-01  2.50000000E-02  1.95618371E-12  3.07515185E-12 
     845  1.12500000E+02  5.37500000E+02 -7.14267579E-01  1.70263441E+00  9.88366836E-01  2.50000000E-02  1.34747372E-12  9.35606717E-13 
     846  1.37500000E+02  5.37500000E+02  7.66191250E-01  2.22175585E-01  9.88366836E-01  2.50000000E-02  4.68652646E-13  2.77288143E-12 
     847  1.62500000E+02  5.37500000E+02 -1.51205253E-02  1.00348736E+00  9.88366836E-01  2.50000000E-02  3.74737096E-13  5.30273967E-12 
     848  1.87500000E+02  5.37500000E+02  1.73922527E-01  8.14444309E-01  9.88366836E-01  2.50000000E-02  6.99968287E-13  2.22813759E-12 
     849  2.12500000E+02  5.37500000E+02  5.53943166E-01  4.34423669E-01  9.88366836E-01  2.50000000E-02  1.12105827E-12  2.78782128E-12 
     850  2.37500000E+02  5.37500000E+02 -8.89105826E-01  1.87747266E+00  9.88366836E-01  2.50000000E-02  7.34026056E-13  2.18366840E-12 
     851  2.62500000E+02  5.37500000E+02 -5.81463339E-01  1.56983018E+00  9.88366836E-01  2.50000000E-02  6.54907736E-13  9.19984127E-13 
     852  2.87500000E+02  5.37500000E+02  6.79526210E-01  3.08840626E-01  9.88366836E-01  2.50000000E-02 -2.84949281E-13  4.07878966E-12 
     853  3.12500000E+02  5.37500000E+02  3.42334854E-01  6.46031981E-01  9.88366836E-01  2.50000000E-02 -5.37782167E-13  6.15651124E-12 
     854  3.37500000E+02  5.37500000E+02  7.51277662E-01  2.37089173E-01  9.88366836E-01  2.50000000E-02 -3.00743777E-13  2.42174867E-12 
     855  3.62500000E+02  5.37500000E+02  2.00360265E-01  7.88006571E-01  9.88366836E-01  2.50000000E-02  1.19900679E-12  2.69927878E-12 
     856  3.87500000E+02  5.37500000E+02 -3.85167497E-01  1.37353433E+00  9.88366836E-01  2.50000000E-02  1.60372476E-12  3.99575616E-12 
     857  4.12500000E+02  5.37500000E+02  2.99418132E-01  6.88948704E-01  9.88366836E-01  2.50000000E-02  1.68391920E-12  1.33999843E-12 
     858  4.37500000E+02  5.37500000E+02 -5.27998769E-01  1.51636560E+00  9.88366836E-01  2.50000000E-02  1.48642129E-12 -7.01485921E-13 
     859  4.62500000E+02  5.37500000E+02  8.96312519E-01  9.20543166E-02  9.88366836E-01  2.50000000E-02  1.07493265E-12  1.80049869E-12 
     860  4.87500000E+02  5.37500000E+02 -9.42534601E-01  1.93090144E+00  9.88366836E-01  2.50000000E-02  1.83999457E-12  3.10915135E-12 
     861  5.12500000E+02  5.37500000E+02  1.67468620E-01  8.20898216E-01  9.88366836E-01  2.50000000E-02  1.89565598E-12 -1.59187826E-12 
     862  5.37500000E+02  5.37500000E+02  9.81067012E-01  7.29982355E-03  9.88366836E-01  2.50000000E-02  1.69930014E-12  1.25577429E-12 
     863  5.62500000E+02  5.37500000E+02 -4.50558862E-01  1.43892570E+00  9.88366836E-01  2.50000000E-02 -5.15732410E-13  1.19662867E-13 
     864  5.87500000E+02  5.37500000E+02 -4.81840688E-01  1.47020752E+00  9.88366836E-01  2.50000000E-02 -7.75526415E-13  1.10433657E-12 
     865  6.12500000E+02  5.37500000E+02 -5.85625669E-01  1.57399250E+00  9.88366836E-01  2.50000000E-02 -1.01443227E-12  1.14801903E-12 
     866  6.37500000E+02  5.37500000E+02 -3.44327821E-01  1.33269466E+00  9.88366836E-01  2.50000000E-02 -1.09490250E-12  1.31057468E-12 
     867  6.62500000E+02  5.37500000E+02  2.66264540E-01  7.22102295E-01  9.88366836E-01  2.50000000E-02 -1.41932739E-12  1.82324300E-12 
     868  6.87500000E+02  5.37500000E+02  1.56224060E-01  8.32142776E-01  9.88366836E-01  2.50000000E-02 -1.85915199E-12  1.59242373E-12 
     869  7.12500000E+02  5.37500000E+02  5.76540307E-01  4.11826529E-01  9.88366836E-01  2.50000000E-02 -2.59464924E-12 -2.04377702E-12 
     870  7.37500000E+02  5.37500000E+02 -8.37868197E-01  1.82623503E+00  9.88366836E-01  2.50000000E-02 -1.46703866E-12 -2.93221243E-13 
     871  7.62500000E+02  5.37500000E+02 -5.81607387E-01  1.56997422E+00  9.88366836E-01  2.50000000E-02 -1.56750239E-12  1.45367557E-13 
     872  7.87500000E+02  5.37500000E+02 -3.57814128E-01  1.34618096E+00  9.88366836E-01  2.50000000E-02 -2.03043210E-12  2.52479362E-13 
     873  8.12500000E+02  5.37500000E+02  7.91384558E-02  9.09228380E-01  9.88366836E-01  2.50000000E-02 -2.35874165E-12 -2.57069633E-12 
     874  8.37500000E+02  5.37500000E+02 -5.08739061E-01  1.49710590E+00  9.88366836E-01  2.50000000E-02 -2.60924983E-12 -2.49674071E-12 
     875  8.62500000E+02  5.37500000E+02  8.16107980E-01  1.72258855E-01  9.88366836E-01  2.50000000E-02 -5.12772228E-12 -2.25628800E-12 
     876  8.87500000E+02  5.37500000E+02 -2.94850547E-01  1.28321738E+00  9.88366836E-01  2.50000000E-02 -2.07497501E-12 -4.55305844E-12 
     877  9.12500000E+02  5.37500000E+02 -8.81591531E-03  9.97182751E-01  9.88366836E-01  2.50000000E-02 -2.64421566E-12 -3.56600788E-12 
     878  9.37500000E+02  5.37500000E+02 -8.78229413E-01  1.86659625E+00  9.88366836E-01  2.50000000E-02 -2.00395959E-12 -4.06841954E-12 
     879  9.62500000E+02  5.37500000E+02 -3.85030554E-01  1.37339739E+00  9.88366836E-01  2.50000000E-02 -6.46993662E-13 -3.57492224E-12 
     880  9.87500000E+02  5.37500000E+02 -8.45353893E-02  1.07290223E+00  9.88366836E-01  2.50000000E-02  1.93374169E-14 -1.42339712E-12 
     881  1.25000000E+01  5.62500000E+02 -1.14584640E-01  1.10295148E+00  9.88366836E-01  2.50000000E-02  2.65007564E-13  3.12425420E-12 
     882  3.75000000E+01  5.62500000E+02  3.38627184E-01  6.49739652E-01  9.88366836E-01  2.50000000E-02  1.02293347E-12  1.03527805E-12 
     883  6.25000000E+01  5.62500000E+02  8.27180828E-01  1.61186008E-01  9.88366836E-01  2.50000000E-02  2.48542901E-12  2.45521654E-12 
     884  8.75000000E+01  5.62500000E+02  9.65357012E-01  2.30098237E-02  9.88366836E-01  2.50000000E-02  1.69268783E-12  6.13097042E-12 
     885  1.12500000E+02  5.62500000E+02 -3.42052154E-01  1.33041899E+00  9.88366836E-01  2.50000000E-02  8.24841271E-14  8.78383009E-13 
     886  1.37500000E+02  5.62500000E+02 -1.87288199E-01  1.17565504E+00  9.88366836E-01  2.50000000E-02  2.88154368E-14  3.08780764E-12 
     887  1.62500000E+02  5.62500000E+02 -2.76577068E-01  1.26494390E+00  9.88366836E-01  2.50000000E-02  3.79749908E-13  4.94268231E-12 
     888  1.87500000E+02  5.62500000E+02 -2.84951969E-01  1.27331880E+00  9.88366836E-01  2.50000000E-02  7.82894068E-13  1.54216733E-12 
     889  2.12500000E+02  5.62500000E+02  1.47953431E-01  8.40413405E-01  9.88366836E-01  2.50000000E-02  7.67012084E-13  2.56953924E-12 
     890  2.37500000E+02  5.62500000E+02  3.50708082E-01  6.37658754E-01  9.88366836E-01  2.50000000E-02  8.53623997E-13  1.78091058E-12 
     891  2.62500000E+02  5.62500000E+02 -8.82151087E-01  1.87051792E+00  9.88366836E-01  2.50000000E-02  7.20125206E-13  9.95102832E-13 
     892  2.87500000E+02  5.62500000E+02 -7.49584553E-01  1.73795139E+00  9.88366836E-01  2.50000000E-02  5.51698407E-13  3.34495813E-12 
     893  3.12500000E+02  5.62500000E+02 -3.56986072E-02  1.02406544E+00  9.88366836E-01  2.50000000E-02  3.51096506E-13  6.05001482E-12 
     894  3.37500000E+02  5.62500000E+02  9.40667345E-01  4.76994909E-02  9.88366836E-01  2.50000000E-02 -1.86883296E-13  3.16380650E-12 
     895  3.62500000E+02  5.62500000E+02  7.28689455E-01  2.59677381E-01  9.88366836E-01  2.50000000E-02 -5.39334503E-14  3.06818624E-12 
     896  3.87500000E+02  5.62500000E+02  1.15865431E-01  8.72501405E-01  9.88366836E-01  2.50000000E-02  8.20219509E-14  4.33882855E-12 
     897  4.12500000E+02  5.62500000E+02 -4.70598467E-01  1.45896530E+00  9.88366836E-01  2.50000000E-02  3.92341083E-13  1.33848107E-12 
     898  4.37500000E+02  5.62500000E+02  4.88022134E-01  5.00344702E-01  9.88366836E-01  2.50000000E-02  1.08237459E-12 -2.22391917E-13 
     899  4.62500000E+02  5.62500000E+02 -7.43963884E-01  1.73233072E+00  9.88366836E-01  2.50000000E-02  1.04234136E-12  7.51016734E-13 
     900  4.87500000E+02  5.62500000E+02  8.86257588E-01  1.02109248E-01  9.88366836E-01  2.50000000E-02  5.27901654E-13  4.58723811E-12 
     901  5.12500000E+02  5.62500000E+02  9.75623130E-01  1.27437059E-02  9.88366836E-01  2.50000000E-02 -1.07363770E-12  2.26167808E-12 
     902  5.37500000E+02  5.62500000E+02 -6.54186395E-02  1.05378548E+00  9.88366836E-01  2.50000000E-02 -4.71797021E-13  2.97601005E-13 
     903  5.62500000E+02  5.62500000E+02 -7.77567727E-01  1.76593456E+00  9.88366836E-01  2.50000000E-02 -4.94957752E-13  2.69083326E-13 
     904  5.87500000E+02  5.62500000E+02  9.45151334E-02  8.93851702E-01  9.88366836E-01  2.50000000E-02 -5.54238463E-13  1.00663738E-12 
     905  6.12500000E+02  5.62500000E+02  9.22893731E-02  8.96077463E-01  9.88366836E-01  2.50000000E-02 -6.41033634E-13  1.06596844E-12 
     906  6.37500000E+02  5.62500000E+02  8.11235559E-01  1.77131277E-01  9.88366836E-01  2.50000000E-02 -1.58687985E-12  1.18530285E-12 
     907  6.62500000E+02  5.62500000E+02 -8.91170747E-02  1.07748391E+00  9.88366836E-01  2.50000000E-02 -1.32636897E-12  1.99918706E-12 
     908  6.87500000E+02  5.62500000E+02 -2.66929104E-01  1.25529594E+00  9.88366836E-01  2.50000000E-02 -1.40708911E-12  1.72645169E-12 
     909  7.12500000E+02  5.62500000E+02  2.93419202E-01  6.94947633E-01  9.88366836E-01  2.50000000E-02 -1.24723427E-12 -2.29707261E-12 
     910  7.37500000E+02  5.62500000E+02 -2.95420456E-01  1.28378729E+00  9.88366836E-01  2.50000000E-02 -5.11772040E-13 -6.17089674E-14 
     911  7.62500000E+02  5.62500000E+02 -8.01096706E-01  1.78946354E+00  9.88366836E-01  2.50000000E-02 -4.42043618E-13  1.46653410E-13 
     912  7.87500000E+02  5.62500000E+02  8.40895920E-01  1.47470916E-01  9.88366836E-01  2.50000000E-02 -2.27921759E-12 -1.31250841E-12 
     913  8.12500000E+02  5.62500000E+02 -6.60223018E-01  1.64858985E+00  9.88366836E-01  2.50000000E-02 -2.21472584E-12 -2.53998074E-12 
     914  8.37500000E+02  5.62500000E+02  3.75355603E-01  6.13011232E-01  9.88366836E-01  2.50000000E-02 -2.27064535E-12 -2.79805164E-12 
     915  8.62500000E+02  5.62500000E+02 -4.03301253E-01  1.39166809E+00  9.88366836E-01  2.50000000E-02 -4.89686708E-13 -1.54704643E-12 
     916  8.87500000E+02  5.62500000E+02 -8.82689989E-01  1.87105682E+00  9.88366836E-01  2.50000000E-02 -1.50404436E-13 -5.20526572E-12 
     917  9.12500000E+02  5.62500000E+02  3.13189889E-01  6.75176947E-01  9.88366836E-01  2.50000000E-02 -1.30086067E-12 -3.63210364E-12 
     918  9.37500000E+02  5.62500000E+02 -1.32217871E-01  1.12058471E+00  9.88366836E-01  2.50000000E-02 -5.04324022E-13 -4.38126995E-12 
     919  9.62500000E+02  5.62500000E+02 -7.36039310E-01  1.72440615E+00  9.88366836E-01  2.50000000E-02  1.35260059E-13 -3.73048906E-12 
     920  9.87500000E+02  5.62500000E+02 -9.14987545E-01  1.90335438E+00  9.88366836E-01  2.50000000E-02  6.45789064E-14 -1.39184534E-12 
     921  1.25000000E+01  5.87500000E+02  5.48764479E-01  4.39602357E-01  9.88366836E-01  2.50000000E-02  1.25699871E-13  4.52800283E-12 
     922  3.75000000E+01  5.87500000E+02  8.40809812E-01  1.47557023E-01  9.88366836E-01  2.50000000E-02  8.36424893E-13  3.13534664E-12 
     923  6.25000000E+01  5.87500000E+02 -7.42145942E-02  1.06258143E+00  9.88366836E-01  2.50000000E-02 -1.86155031E-13  8.35060032E-13 
     924  8.75000000E+01  5.87500000E+02 -2.39418201E-01  1.22778504E+00  9.88366836E-01  2.50000000E-02 -4.60908969E-13  2.67997436E-13 
     925  1.12500000E+02  5.87500000E+02  5.81542128E-01  4.06824708E-01  9.88366836E-01  2.50000000E-02 -1.42921233E-12  1.80404650E-12 
     926  1.37500000E+02  5.87500000E+02  8.15503331E-01  1.72863505E-01  9.88366836E-01  2.50000000E-02 -1.45173601E-12  3.07296801E-12 
     927  1.62500000E+02  5.87500000E+02  2.34071098E-01  7.54295738E-01  9.88366836E-01  2.50000000E-02  1.02873398E-12  5.15670074E-12 
     928  1.87500000E+02  5.87500000E+02 -5.13579934E-01  1.50194677E+00  9.88366836E-01  2.50000000E-02  1.60990349E-12  1.51242348E-12 
     929  2.12500000E+02  5.87500000E+02  5.64850116E-01  4.23516720E-01  9.88366836E-01  2.50000000E-02  2.28603519E-12  3.13696813E-12 
     930  2.37500000E+02  5.87500000E+02  6.95866772E-01  2.92500064E-01  9.88366836E-01  2.50000000E-02  1.95369967E-12  2.18126227E-12 
     931  2.62500000E+02  5.87500000E+02  4.21055040E-01  5.67311796E-01  9.88366836E-01  2.50000000E-02  7.68675592E-13  1.63471824E-12 
     932  2.87500000E+02  5.87500000E+02  3.90903367E-01  5.97463469E-01  9.88366836E-01  2.50000000E-02  4.27858893E-13  2.96426472E-12 
     933  3.12500000E+02  5.87500000E+02  2.90985599E-01  6.97381237E-01  9.88366836E-01  2.50000000E-02  5.32033998E-13  5.79881552E-12 
     934  3.37500000E+02  5.87500000E+02  1.88690182E-01  7.99676653E-01  9.88366836E-01  2.50000000E-02  3.50025890E-13  5.46148536E-13 
     935  3.62500000E+02  5.87500000E+02  4.67830686E-01  5.20536150E-01  9.88366836E-01  2.50000000E-02 -1.81211137E-13  1.80417850E-12 
     936  3.87500000E+02  5.87500000E+02 -2.62553830E-02  1.01462222E+00  9.88366836E-01  2.50000000E-02 -4.05502414E-13  3.79120471E-12 
     937  4.12500000E+02  5.87500000E+02  8.77213955E-01  1.11152881E-01  9.88366836E-01  2.50000000E-02 -1.45167473E-12  2.43718685E-12 
     938  4.37500000E+02  5.87500000E+02 -6.36819589E-01  1.62518642E+00  9.88366836E-01  2.50000000E-02 -1.11554242E-12  6.05111721E-14 
     939  4.62500000E+02  5.87500000E+02  2.32506691E-01  7.55860145E-01  9.88366836E-01  2.50000000E-02 -1.31046896E-12  8.63595344E-13 
     940  4.87500000E+02  5.87500000E+02 -2.48784872E-01  1.23715171E+00  9.88366836E-01  2.50000000E-02 -1.46653112E-12  4.58536667E-12 
     941  5.12500000E+02  5.87500000E+02 -5.22370654E-01  1.51073749E+00  9.88366836E-01  2.50000000E-02 -1.57657055E-12  4.33165682E-13 
     942  5.37500000E+02  5.87500000E+02 -6.24177793E-01  1.61254463E+00  9.88366836E-01  2.50000000E-02 -1.64277563E-12  3.01527212E-13 
     943  5.62500000E+02  5.87500000E+02 -5.12936838E-01  1.50130367E+00  9.88366836E-01  2.50000000E-02 -1.60579798E-12  1.37704068E-13 
     944  5.87500000E+02  5.87500000E+02 -3.91293652E-01  1.37966049E+00  9.88366836E-01  2.50000000E-02 -1.56274162E-12  9.51407880E-13 
     945  6.12500000E+02  5.87500000E+02 -2.39706493E-01  1.22807333E+00  9.88366836E-01  2.50000000E-02 -1.31354774E-12  8.28964856E-13 
     946  6.37500000E+02  5.87500000E+02 -2.70095115E-01  1.25846195E+00  9.88366836E-01  2.50000000E-02 -1.23839379E-12  2.35469818E-13 
     947  6.62500000E+02  5.87500000E+02 -1.52645767E-01  1.14101260E+00  9.88366836E-01  2.50000000E-02 -1.45909970E-12  1.60868071E-12 
     948  6.87500000E+02  5.87500000E+02  6.09920179E-01  3.78446656E-01  9.88366836E-01  2.50000000E-02 -2.24316354E-12  2.47388903E-12 
     949  7.12500000E+02  5.87500000E+02  2.96242300E-01  6.92124536E-01  9.88366836E-01  2.50000000E-02 -1.64704616E-12 -2.43370543E-12 
     950  7.37500000E+02  5.87500000E+02 -7.63312843E-01  1.75167968E+00  9.88366836E-01  2.50000000E-02 -7.19981980E-13 -1.68146476E-13 
     951  7.62500000E+02  5.87500000E+02 -8.61664926E-01  1.85003176E+00  9.88366836E-01  2.50000000E-02 -6.74399533E-13  3.13690870E-15 
     952  7.87500000E+02  5.87500000E+02  7.90965086E-01  1.97401750E-01  9.88366836E-01  2.50000000E-02 -3.60486854E-12 -1.36706893E-12 
     953  8.12500000E+02  5.87500000E+02  3.82152086E-01  6.06214750E-01  9.88366836E-01  2.50000000E-02 -3.48005831E-12 -1.48389108E-12 
     954  8.37500000E+02  5.87500000E+02 -4.09702057E-01  1.39806889E+00  9.88366836E-01  2.50000000E-02 -2.45535271E-12 -1.12127580E-12 
     955  8.62500000E+02  5.87500000E+02 -3.98703818E-01  1.38707065E+00  9.88366836E-01  2.50000000E-02 -2.59880778E-12 -2.24999923E-12 
     956  8.87500000E+02  5.87500000E+02  8.83761814E-01  1.04605022E-01  9.88366836E-01  2.50000000E-02 -7.29727823E-14 -4.75247104E-11 
     957  9.12500000E+02  5.87500000E+02  6.21648804E-01  3.66718032E-01  9.88366836E-01  2.50000000E-02  6.28098018E-12 -3.29782803E-12 
     958  9.37500000E+02  5.87500000E+02 -6.34674977E-01  1.62304181E+00  9.88366836E-01  2.50000000E-02  3.22072051E-12 -5.07891681E-12 
     959  9.62500000E+02  5.87500000E+02  6.58150002E-02  9.22551836E-01  9.88366836E-01  2.50000000E-02  2.83923081E-12 -4.65272336E-12 
     960  9.87500000E+02  5.87500000E+02  6.34963127E-01  3.53403708E-01  9.88366836E-01  2.50000000E-02  9.40868203E-13 -2.20203684E-12 
     961  1.25000000E+01  6.12500000E+02  3.03453320E-01  6.84913516E-01  9.88366836E-01  2.50000000E-02  4.43400383E-14  3.07439891E-12 
     962  3.75000000E+01  6.12500000E+02 -5.37321985E-02  1.04209903E+00  9.88366836E-01  2.50000000E-02 -3.73547284E-14  8.09405131E-13 
     963  6.25000000E+01  6.12500000E+02 -3.05673691E-01  1.29404053E+00  9.88366836E-01  2.50000000E-02  1.90346877E-14  6.88755725E-13 
     964  8.75000000E+01  6.12500000E+02 -2.61743157E-01  1.25010999E+00  9.88366836E-01  2.50000000E-02  5.26585264E-14  3.38859624E-13 
     965  1.12500000E+02  6.12500000E+02  8.15419797E-01  1.72947039E-01  9.88366836E-01  2.50000000E-02 -1.37858741E-12  1.72220485E-12 
     966  1.37500000E+02  6.12500000E+02 -7.44647963E-01  1.73301480E+00  9.88366836E-01  2.50000000E-02 -2.63056702E-12  8.95195871E-13 
     967  1.62500000E+02  6.12500000E+02  5.29176109E-01  4.59190726E-01  9.88366836E-01  2.50000000E-02 -2.10689273E-12  4.52147070E-12 
     968  1.87500000E+02  6.12500000E+02  1.64077824E-01  8.24289012E-01  9.88366836E-01  2.50000000E-02  1.58698534E-13  1.88018124E-12 
     969  2.12500000E+02  6.12500000E+02 -5.50158379E-01  1.53852522E+00  9.88366836E-01  2.50000000E-02  6.23534464E-13  3.03524130E-12 
     970  2.37500000E+02  6.12500000E+02 -9.02006140E-01  1.89037298E+00  9.88366836E-01  2.50000000E-02  5.42369190E-13  1.37405906E-12 
     971  2.62500000E+02  6.12500000E+02  2.99165750E-01  6.89201086E-01  9.88366836E-01  2.50000000E-02  2.36359169E-13  1.79381560E-12 
     972  2.87500000E+02  6.12500000E+02 -8.96736737E-01  1.88510357E+00  9.88366836E-01  2.50000000E-02 -4.92455697E-13  1.89165705E-12 
     973  3.12500000E+02  6.12500000E+02  1.61556385E-02  9.72211197E-01  9.88366836E-01  2.50000000E-02 -9.60262846E-13  4.77590609E-12 
     974  3.37500000E+02  6.12500000E+02 -2.51029848E-03  9.90877134E-01  9.88366836E-01  2.50000000E-02 -1.00424894E-12  5.23674228E-13 
     975  3.62500000E+02  6.12500000E+02 -1.47085750E-01  1.13545259E+00  9.88366836E-01  2.50000000E-02 -8.31985113E-13  8.09911558E-13 
     976  3.87500000E+02  6.12500000E+02 -5.05318059E-01  1.49368490E+00  9.88366836E-01  2.50000000E-02 -9.08274824E-13  2.66906311E-12 
     977  4.12500000E+02  6.12500000E+02  5.62001394E-01  4.26365441E-01  9.88366836E-01  2.50000000E-02 -1.75625270E-12  6.95107557E-13 
     978  4.37500000E+02  6.12500000E+02  7.35463960E-01  2.52902876E-01  9.88366836E-01  2.50000000E-02 -2.87761307E-12  1.24210865E-12 
     979  4.62500000E+02  6.12500000E+02 -4.48297505E-01  1.43666434E+00  9.88366836E-01  2.50000000E-02 -3.71176350E-12  6.42461936E-13 
     980  4.87500000E+02  6.12500000E+02  7.97431476E-01  1.90935360E-01  9.88366836E-01  2.50000000E-02 -4.29486483E-12  4.15317994E-12 
     981  5.12500000E+02  6.12500000E+02 -6.28015485E-01  1.61638232E+00  9.88366836E-01  2.50000000E-02 -4.10095970E-12  2.72896655E-13 
     982  5.37500000E+02  6.12500000E+02  8.77500396E-01  1.10866440E-01  9.88366836E-01  2.50000000E-02 -3.76206607E-12 -4.69261005E-13 
     983  5.62500000E+02  6.12500000E+02 -2.13074037E-01  1.20144087E+00  9.88366836E-01  2.50000000E-02 -1.88034493E-12  8.82135855E-14 
     984  5.87500000E+02  6.12500000E+02  6.01599391E-01  3.86767445E-01  9.88366836E-01  2.50000000E-02 -1.82028877E-12  6.10713130E-13 
     985  6.12500000E+02  6.12500000E+02  7.52456020E-01  2.35910816E-01  9.88366836E-01  2.50000000E-02 -2.19175607E-12  4.52143870E-13 
     986  6.37500000E+02  6.12500000E+02 -6.78948890E-01  1.66731573E+00  9.88366836E-01  2.50000000E-02 -1.46862443E-12  6.49578008E-13 
     987  6.62500000E+02  6.12500000E+02 -3.99877109E-01  1.38824394E+00  9.88366836E-01  2.50000000E-02 -1.43835509E-12  1.13859379E-12 
     988  6.87500000E+02  6.12500000E+02  4.94103848E-01  4.94262988E-01  9.88366836E-01  2.50000000E-02 -2.06227757E-12  2.71773784E-12 
     989  7.12500000E+02  6.12500000E+02 -8.35357542E-01  1.82372438E+00  9.88366836E-01  2.50000000E-02 -1.68211353E-12 -2.31926568E-12 
     990  7.37500000E+02  6.12500000E+02 -1.75286905E-01  1.16365374E+00  9.88366836E-01  2.50000000E-02 -1.64604958E-12 -5.40584133E-13 
     991  7.62500000E+02  6.12500000E+02  8.28031203E-01  1.60335632E-01  9.88366836E-01  2.50000000E-02 -6.94390829E-12 -1.69531590E-12 
     992  7.87500000E+02  6.12500000E+02  5.71861485E-01  4.16505351E-01  9.88366836E-01  2.50000000E-02 -6.78821055E-12  1.67387240E-12 
     993  8.12500000E+02  6.12500000E+02 -4.06956404E-01  1.39532324E+00  9.88366836E-01  2.50000000E-02 -4.91641652E-12  2.44935624E-12 
     994  8.37500000E+02  6.12500000E+02 -9.24495417E-01  1.91286225E+00  9.88366836E-01  2.50000000E-02 -6.07542818E-12 -1.01004731E-12 
     995  8.62500000E+02  6.12500000E+02  6.60746527E-01  3.27620308E-01  9.88366836E-01  2.50000000E-02 -1.85364380E-11 -3.32981597E-12 
     996  8.87500000E+02  6.12500000E+02  9.95587154E-01  2.79514139E-08  9.95587182E-01  2.50000000E-02 -1.09815219E-12 -7.33208633E-13 
     997  9.12500000E+02  6.12500000E+02 -7.59677557E-01  1.74804439E+00  9.88366836E-01  2.50000000E-02  3.61878302E-12  2.00118736E-12 
     998  9.37500000E+02  6.12500000E+02 -4.27104154E-01  1.41547099E+00  9.88366836E-01  2.50000000E-02  3.50124082E-12 -4.58696427E-12 
     999  9.62500000E+02  6.12500000E+02  4.11357170E-01  5.77009666E-01  9.88366836E-01  2.50000000E-02  2.11521915E-12 -3.39416857E-12 
    1000  9.87500000E+02  6.12500000E+02 -6.48242668E-01  1.63660950E+00  9.88366836E-01  2.50000000E-02  2.03493296E-13 -1.93446883E-13 
    1001  1.25000000E+01  6.37500000E+02 -9.40392861E-01  1.92875970E+00  9.88366836E-01  2.50000000E-02  1.53096261E-13  2.69630945E-12 
    1002  3.75000000E+01  6.37500000E+02  2.92199058E-01  6.96167778E-01  9.88366836E-01  2.50000000E-02  8.46134389E-13  7.34852145E-13 
    1003  6.25000000E+01  6.37500000E+02  4.03752741E-01  5.84614095E-01  9.88366836E-01  2.50000000E-02  8.31262114E-13  6.76989780E-13 
    1004  8.75000000E+01  6.37500000E+02 -9.40355357E-01  1.92872219E+00  9.88366836E-01  2.50000000E-02  4.12943395E-13  4.24493327E-13 
    1005  1.12500000E+02  6.37500000E+02 -6.69036089E-01  1.65740292E+00  9.88366836E-01  2.50000000E-02  2.81350443E-13  4.73597190E-13 
    1006  1.37500000E+02  6.37500000E+02 -6.30592728E-01  1.61895956E+00  9.88366836E-01  2.50000000E-02  2.84158952E-13  7.87530219E-13 
    1007  1.62500000E+02  6.37500000E+02 -5.73665813E-01  1.56203265E+00  9.88366836E-01  2.50000000E-02  3.31720322E-13  1.71045617E-12 
    1008  1.87500000E+02  6.37500000E+02  9.74206108E-01  1.41607277E-02  9.88366836E-01  2.50000000E-02 -4.68941862E-12  7.64194377E-12 
    1009  2.12500000E+02  6.37500000E+02  5.58623786E-01  4.29743049E-01  9.88366836E-01  2.50000000E-02 -1.23698810E-12  2.96890709E-12 
    1010  2.37500000E+02  6.37500000E+02  1.43151761E-01  8.45215074E-01  9.88366836E-01  2.50000000E-02 -1.10608621E-12  1.57053446E-12 
    1011  2.62500000E+02  6.37500000E+02 -2.12071154E-01  1.20043799E+00  9.88366836E-01  2.50000000E-02 -1.57426959E-12  1.97159472E-12 
    1012  2.87500000E+02  6.37500000E+02 -4.21580013E-01  1.40994685E+00  9.88366836E-01  2.50000000E-02 -2.03819856E-12  1.77323504E-12 
    1013  3.12500000E+02  6.37500000E+02 -2.69652413E-01  1.25801925E+00  9.88366836E-01  2.50000000E-02 -2.18288050E-12  4.31961467E-12 
    1014  3.37500000E+02  6.37500000E+02  9.34500156E-01  5.38666797E-02  9.88366836E-01  2.50000000E-02 -1.50155410E-12  1.93439067E-13 
    1015  3.62500000E+02  6.37500000E+02 -8.15144883E-01  1.80351172E+00  9.88366836E-01  2.50000000E-02 -3.51506804E-13  8.19868592E-13 
    1016  3.87500000E+02  6.37500000E+02 -4.06610623E-01  1.39497746E+00  9.88366836E-01  2.50000000E-02 -2.00454812E-13  2.32329948E-12 
    1017  4.12500000E+02  6.37500000E+02  3.49140391E-01  6.39226445E-01  9.88366836E-01  2.50000000E-02  3.33865796E-14  5.27974485E-13 
    1018  4.37500000E+02  6.37500000E+02 -2.34497289E-01  1.22286412E+00  9.88366836E-01  2.50000000E-02 -1.56996703E-13  1.42900606E-12 
    1019  4.62500000E+02  6.37500000E+02 -6.23537321E-01  1.61190416E+00  9.88366836E-01  2.50000000E-02 -2.25427564E-13  4.52557028E-13 
    1020  4.87500000E+02  6.37500000E+02  6.91516761E-01  2.96850075E-01  9.88366836E-01  2.50000000E-02 -1.08863767E-12  2.78538064E-12 
    1021  5.12500000E+02  6.37500000E+02 -6.90845646E-01  1.67921248E+00  9.88366836E-01  2.50000000E-02 -7.41777761E-13  3.30964351E-13 
    1022  5.37500000E+02  6.37500000E+02 -6.34222063E-01  1.62258890E+00  9.88366836E-01  2.50000000E-02 -6.90956013E-13 -1.22068995E-12 
    1023  5.62500000E+02  6.37500000E+02  4.58383699E-01  5.29983137E-01  9.88366836E-01  2.50000000E-02 -6.67513086E-13  3.05288828E-13 
    1024  5.87500000E+02  6.37500000E+02 -3.65768581E-01  1.35413542E+00  9.88366836E-01  2.50000000E-02 -4.61994163E-13  4.81541050E-13 
    1025  6.12500000E+02  6.37500000E+02 -6.90980806E-01  1.67934764E+00  9.88366836E-01  2.50000000E-02 -3.87408541E-13 -6.42611025E-15 
    1026  6.37500000E+02  6.37500000E+02 -6.60668753E-01  1.64903559E+00  9.88366836E-01  2.50000000E-02 -4.20684170E-13  9.81467877E-13 
    1027  6.62500000E+02  6.37500000E+02  9.10784558E-01  7.75822782E-02  9.88366836E-01  2.50000000E-02 -6.97029595E-12  7.40528678E-13 
    1028  6.87500000E+02  6.37500000E+02 -3.34732112E-01  1.32309895E+00  9.88366836E-01  2.50000000E-02 -8.52338637E-12  4.89853426E-12 
    1029  7.12500000E+02  6.37500000E+02  2.61776502E-01  7.26590334E-01  9.88366836E-01  2.50000000E-02 -8.89499552E-12 -1.78738993E-12 
    1030  7.37500000E+02  6.37500000E+02 -2.93455060E-01  1.28182190E+00  9.88366836E-01  2.50000000E-02 -1.00204158E-11 -1.02431040E-12 
    1031  7.62500000E+02  6.37500000E+02  3.10672546E-01  6.77694290E-01  9.88366836E-01  2.50000000E-02 -1.06392397E-11 -8.35653939E-13 
    1032  7.87500000E+02  6.37500000E+02  2.80939941E-01  7.07426895E-01  9.88366836E-01  2.50000000E-02 -1.04559103E-11  1.53664686E-12 
    1033  8.12500000E+02  6.37500000E+02  3.32255791E-01  6.56111045E-01  9.88366836E-01  2.50000000E-02 -1.12338658E-11  4.39499068E-12 
    1034  8.37500000E+02  6.37500000E+02  6.39458614E-01  3.48908222E-01  9.88366836E-01  2.50000000E-02 -1.22304830E-11 -5.49471291E-12 
    1035  8.62500000E+02  6.37500000E+02  6.53592954E-01  3.34773882E-01  9.88366836E-01  2.50000000E-02 -8.20640747E-12 -1.11459544E-12 
    1036  8.87500000E+02  6.37500000E+02 -7.00726285E-01  1.68909312E+00  9.88366836E-01  2.50000000E-02 -1.63022232E-13  5.20575340E-12 
    1037  9.12500000E+02  6.37500000E+02 -4.87372950E-01  1.47573979E+00  9.88366836E-01  2.50000000E-02  4.19697922E-13  2.49964512E-12 
    1038  9.37500000E+02  6.37500000E+02 -5.92334440E-02  1.04760028E+00  9.88366836E-01  2.50000000E-02  3.38863078E-13 -3.70509022E-12 
    1039  9.62500000E+02  6.37500000E+02 -7.99537434E-01  1.78790427E+00  9.88366836E-01  2.50000000E-02  1.58322223E-13 -2.04900631E-12 
    1040  9.87500000E+02  6.37500000E+02 -5.07206554E-02  1.03908749E+00  9.88366836E-01  2.50000000E-02  6.02309990E-14  5.44782374E-14 
    1041  1.25000000E+01  6.62500000E+02  7.21507143E-01  2.66859693E-01  9.88366836E-01  2.50000000E-02  3.86377908E-14  3.35603606E-12 
    1042  3.75000000E+01  6.62500000E+02  5.28989000E-01  4.59377836E-01  9.88366836E-01  2.50000000E-02 -1.25203309E-13  9.18572916E-13 
    1043  6.25000000E+01  6.62500000E+02  6.53154362E-01  3.35212474E-01  9.88366836E-01  2.50000000E-02 -3.33982255E-13  6.33332848E-13 
    1044  8.75000000E+01  6.62500000E+02  1.68424251E-01  8.19942585E-01  9.88366836E-01  2.50000000E-02 -5.84586816E-13  5.89385795E-13 
    1045  1.12500000E+02  6.62500000E+02  1.44999953E-01  8.43366883E-01  9.88366836E-01  2.50000000E-02 -6.81242150E-13  3.50977723E-13 
    1046  1.37500000E+02  6.62500000E+02 -5.02182718E-01  1.49054955E+00  9.88366836E-01  2.50000000E-02 -6.13925965E-13  7.68157447E-13 
    1047  1.62500000E+02  6.62500000E+02 -5.26667734E-01  1.51503457E+00  9.88366836E-01  2.50000000E-02 -5.65407550E-13  1.15989680E-12 
    1048  1.87500000E+02  6.62500000E+02  9.41039388E-01  4.73274482E-02  9.88366836E-01  2.50000000E-02 -1.67810200E-12  1.89301102E-12 
    1049  2.12500000E+02  6.62500000E+02  1.10856106E-01  8.77510730E-01  9.88366836E-01  2.50000000E-02 -1.67346695E-12  2.67075847E-12 
    1050  2.37500000E+02  6.62500000E+02  3.92237814E-01  5.96129022E-01  9.88366836E-01  2.50000000E-02 -1.54021767E-12  1.96122046E-12 
    1051  2.62500000E+02  6.62500000E+02 -2.56877494E-01  1.24524433E+00  9.88366836E-01  2.50000000E-02 -1.13640559E-12  2.13858738E-12 
    1052  2.87500000E+02  6.62500000E+02 -8.93025048E-01  1.88139188E+00  9.88366836E-01  2.50000000E-02 -1.02616412E-12  1.86289611E-12 
    1053  3.12500000E+02  6.62500000E+02  7.04383125E-01  2.83983711E-01  9.88366836E-01  2.50000000E-02 -7.45045817E-13  4.24758031E-12 
    1054  3.37500000E+02  6.62500000E+02 -6.20474723E-01  1.60884156E+00  9.88366836E-01  2.50000000E-02 -1.59325860E-13 -1.59525122E-13 
    1055  3.62500000E+02  6.62500000E+02  2.15328870E-01  7.73037966E-01  9.88366836E-01  2.50000000E-02 -4.99761955E-14  1.10208946E-12 
    1056  3.87500000E+02  6.62500000E+02  1.03280951E-01  8.85085884E-01  9.88366836E-01  2.50000000E-02  1.16813096E-13  2.39272007E-12 
    1057  4.12500000E+02  6.62500000E+02 -9.20204754E-01  1.90857159E+00  9.88366836E-01  2.50000000E-02  1.94773177E-13  4.76732532E-13 
    1058  4.37500000E+02  6.62500000E+02  8.34153607E-01  1.54213229E-01  9.88366836E-01  2.50000000E-02 -7.40766629E-13  1.66740138E-12 
    1059  4.62500000E+02  6.62500000E+02 -6.17011257E-01  1.60537809E+00  9.88366836E-01  2.50000000E-02 -6.74601447E-13  5.49971423E-13 
    1060  4.87500000E+02  6.62500000E+02 -1.11500883E-01  1.09986772E+00  9.88366836E-01  2.50000000E-02 -9.64729991E-13  1.29800631E-12 
    1061  5.12500000E+02  6.62500000E+02 -4.38547116E-01  1.42691395E+00  9.88366836E-01  2.50000000E-02 -1.18445170E-12  5.16386494E-13 
    1062  5.37500000E+02  6.62500000E+02  1.24881031E-01  8.63485805E-01  9.88366836E-01  2.50000000E-02 -1.08062926E-12 -1.70750746E-12 
    1063  5.62500000E+02  6.62500000E+02  8.88143054E-01  1.00223782E-01  9.88366836E-01  2.50000000E-02 -1.83278948E-12 -1.52947120E-13 
    1064  5.87500000E+02  6.62500000E+02  7.56693025E-01  2.31673811E-01  9.88366836E-01  2.50000000E-02 -1.34412995E-12  7.72049287E-13 
    1065  6.12500000E+02  6.62500000E+02 -5.59181623E-01  1.54754846E+00  9.88366836E-01  2.50000000E-02 -5.21034996E-13  3.85754533E-14 
    1066  6.37500000E+02  6.62500000E+02 -2.36502072E-01  1.22486891E+00  9.88366836E-01  2.50000000E-02 -5.11593299E-13  1.10961280E-12 
    1067  6.62500000E+02  6.62500000E+02  7.69975015E-01  2.18391821E-01  9.88366836E-01  2.50000000E-02 -1.20743136E-12  4.35264573E-13 
    1068  6.87500000E+02  6.62500000E+02 -2.62419045E-01  1.25078588E+00  9.88366836E-01  2.50000000E-02 -1.39495029E-13  5.48165660E-12 
    1069  7.12500000E+02  6.62500000E+02 -7.47798696E-01  1.73616553E+00  9.88366836E-01  2.50000000E-02 -1.88696186E-13 -1.65794397E-12 
    1070  7.37500000E+02  6.62500000E+02  7.17758291E-01  2.70608545E-01  9.88366836E-01  2.50000000E-02 -1.64751676E-12 -2.19965448E-12 
    1071  7.62500000E+02  6.62500000E+02 -2.70231324E-01  1.25859816E+00  9.88366836E-01  2.50000000E-02 -7.52049557E-13 -4.23065689E-13 
    1072  7.87500000E+02  6.62500000E+02 -6.08207114E-01  1.59657395E+00  9.88366836E-01  2.50000000E-02 -9.34189017E-13  6.37097693E-13 
    1073  8.12500000E+02  6.62500000E+02  6.27633483E-01  3.60733353E-01  9.88366836E-01  2.50000000E-02 -3.48859753E-12  3.18808851E-12 
    1074  8.37500000E+02  6.62500000E+02  3.77482458E-01  6.10884378E-01  9.88366836E-01  2.50000000E-02 -3.15196017E-12 -7.15574710E-12 
    1075  8.62500000E+02  6.62500000E+02 -7.49113139E-01  1.73747997E+00  9.88366836E-01  2.50000000E-02  1.12714070E-12 -3.67784520E-12 
    1076  8.87500000E+02  6.62500000E+02 -4.20707946E-01  1.40907478E+00  9.88366836E-01  2.50000000E-02  2.94772242E-12  5.65752574E-12 
    1077  9.12500000E+02  6.62500000E+02 -5.96752387E-01  1.58511922E+00  9.88366836E-01  2.50000000E-02  3.74226715E-12  2.76067973E-12 
    1078  9.37500000E+02  6.62500000E+02 -6.47407324E-01  1.63577416E+00  9.88366836E-01  2.50000000E-02  3.47230261E-12 -3.42207002E-12 
    1079  9.62500000E+02  6.62500000E+02  1.30377829E-01  8.57989007E-01  9.88366836E-01  2.50000000E-02  1.76346533E-12 -1.57094182E-12 
    1080  9.87500000E+02  6.62500000E+02 -1.42309912E-01  1.13067675E+00  9.88366836E-01  2.50000000E-02  3.43132909E-13  3.49103341E-13 
    1081  1.25000000E+01  6.87500000E+02 -3.07977107E-01  1.29634394E+00  9.88366836E-01  2.50000000E-02 -2.09378689E-13  1.82901211E-12 
    1082  3.75000000E+01  6.87500000E+02 -5.64544706E-02  1.04482131E+00  9.88366836E-01  2.50000000E-02 -6.75534064E-13  4.93221069E-13 
    1083  6.25000000E+01  6.87500000E+02  5.18945662E-01  4.69421173E-01  9.88366836E-01  2.50000000E-02 -1.26622176E-12  5.41685194E-13 
    1084  8.75000000E+01  6.87500000E+02 -6.36454859E-01  1.62482170E+00  9.88366836E-01  2.50000000E-02 -1.05033104E-12  1.24650595E-12 
    1085  1.12500000E+02  6.87500000E+02 -6.85283209E-01  1.67365004E+00  9.88366836E-01  2.50000000E-02 -1.16533346E-12  3.94837351E-13 
    1086  1.37500000E+02  6.87500000E+02 -9.97720077E-01  1.98608691E+00  9.88366836E-01  2.50000000E-02 -1.39512115E-12  8.36393776E-13 
    1087  1.62500000E+02  6.87500000E+02 -3.34496651E-01  1.32286349E+00  9.88366836E-01  2.50000000E-02 -1.35396508E-12  9.34947569E-13 
    1088  1.87500000E+02  6.87500000E+02 -1.78130384E-01  1.16649722E+00  9.88366836E-01  2.50000000E-02 -1.48898369E-12  9.49866449E-13 
    1089  2.12500000E+02  6.87500000E+02 -9.12266154E-01  1.90063299E+00  9.88366836E-01  2.50000000E-02 -1.76326833E-12  2.22059305E-12 
    1090  2.37500000E+02  6.87500000E+02 -5.41857218E-01  1.53022405E+00  9.88366836E-01  2.50000000E-02 -1.95128804E-12  1.02357622E-12 
    1091  2.62500000E+02  6.87500000E+02 -3.64935538E-01  1.35330237E+00  9.88366836E-01  2.50000000E-02 -2.44060572E-12  1.88031046E-12 
    1092  2.87500000E+02  6.87500000E+02  1.14057330E-01  8.74309506E-01  9.88366836E-01  2.50000000E-02 -2.84121951E-12  1.67799282E-12 
    1093  3.12500000E+02  6.87500000E+02  5.99342883E-02  9.28432548E-01  9.88366836E-01  2.50000000E-02 -2.78547127E-12  3.48185967E-12 
    1094  3.37500000E+02  6.87500000E+02 -6.29059867E-01  1.61742670E+00  9.88366836E-01  2.50000000E-02 -2.33309014E-12  3.27878376E-14 
    1095  3.62500000E+02  6.87500000E+02 -5.54513131E-01  1.54287997E+00  9.88366836E-01  2.50000000E-02 -2.37572912E-12  6.48642507E-13 
    1096  3.87500000E+02  6.87500000E+02 -2.96395410E-01  1.28476225E+00  9.88366836E-01  2.50000000E-02 -2.44226903E-12  2.28266116E-12 
    1097  4.12500000E+02  6.87500000E+02 -1.48470216E-01  1.13683705E+00  9.88366836E-01  2.50000000E-02 -2.21158705E-12  4.65288067E-13 
    1098  4.37500000E+02  6.87500000E+02  7.59800929E-03  9.80768827E-01  9.88366836E-01  2.50000000E-02 -2.49189610E-12  1.05307244E-12 
    1099  4.62500000E+02  6.87500000E+02 -6.08590634E-01  1.59695747E+00  9.88366836E-01  2.50000000E-02 -2.45581028E-12  8.02436748E-13 
    1100  4.87500000E+02  6.87500000E+02 -3.69620645E-01  1.35798748E+00  9.88366836E-01  2.50000000E-02 -2.70206184E-12  7.03639833E-13 
    1101  5.12500000E+02  6.87500000E+02  3.46211414E-01  6.42155422E-01  9.88366836E-01  2.50000000E-02 -3.95930539E-12  3.62973168E-13 
    1102  5.37500000E+02  6.87500000E+02 -2.26452086E-01  1.21481892E+00  9.88366836E-01  2.50000000E-02 -3.48640051E-12 -1.82876561E-12 
    1103  5.62500000E+02  6.87500000E+02 -5.15429995E-02  1.03990984E+00  9.88366836E-01  2.50000000E-02 -3.37171234E-12 -7.32329599E-13 
    1104  5.87500000E+02  6.87500000E+02  2.08717471E-01  7.79649365E-01  9.88366836E-01  2.50000000E-02 -3.83736149E-12  5.74874984E-13 
    1105  6.12500000E+02  6.87500000E+02 -4.30792963E-01  1.41915980E+00  9.88366836E-01  2.50000000E-02 -4.32801407E-12 -6.38113180E-14 
    1106  6.37500000E+02  6.87500000E+02  4.02911505E-01  5.85455331E-01  9.88366836E-01  2.50000000E-02 -4.95057701E-12  1.52956896E-12 
    1107  6.62500000E+02  6.87500000E+02  1.26154343E-01  8.62212493E-01  9.88366836E-01  2.50000000E-02 -4.61755156E-12  5.99197882E-13 
    1108  6.87500000E+02  6.87500000E+02 -1.71976768E-01  1.16034360E+00  9.88366836E-01  2.50000000E-02 -4.54169471E-12  4.87166109E-12 
    1109  7.12500000E+02  6.87500000E+02  5.64254654E-01  4.24112182E-01  9.88366836E-01  2.50000000E-02 -5.28908980E-12 -2.56212421E-12 
    1110  7.37500000E+02  6.87500000E+02 -1.49038884E-01  1.13740572E+00  9.88366836E-01  2.50000000E-02 -2.91516725E-12 -7.40111662E-13 
    1111  7.62500000E+02  6.87500000E+02 -3.60254336E-01  1.34862117E+00  9.88366836E-01  2.50000000E-02 -2.20796628E-12 -2.63300384E-13 
    1112  7.87500000E+02  6.87500000E+02 -7.85771987E-01  1.77413882E+00  9.88366836E-01  2.50000000E-02 -2.26587454E-12  3.12507234E-13 
    1113  8.12500000E+02  6.87500000E+02  4.57362621E-01  5.31004215E-01  9.88366836E-01  2.50000000E-02 -3.74334412E-12  2.93041513E-12 
    1114  8.37500000E+02  6.87500000E+02  6.66470773E-01  3.21896063E-01  9.88366836E-01  2.50000000E-02 -5.67128910E-12 -9.75999047E-12 
    1115  8.62500000E+02  6.87500000E+02 -7.72833755E-01  1.76120059E+00  9.88366836E-01  2.50000000E-02  9.83268484E-14 -3.62872111E-12 
    1116  8.87500000E+02  6.87500000E+02  2.32845507E-01  7.55521328E-01  9.88366836E-01  2.50000000E-02  1.84639849E-12  6.69454326E-12 
    1117  9.12500000E+02  6.87500000E+02  2.12036995E-01  7.76329841E-01  9.88366836E-01  2.50000000E-02  2.00906306E-12  3.96657006E-12 
    1118  9.37500000E+02  6.87500000E+02  7.93162657E-01  1.95204178E-01  9.88366836E-01  2.50000000E-02  1.75528153E-12 -5.97307423E-14 
    1119  9.62500000E+02  6.87500000E+02  7.35826877E-01  2.52539959E-01  9.88366836E-01  2.50000000E-02 -2.17883465E-13  7.64295028E-15 
    1120  9.87500000E+02  6.87500000E+02 -1.15334343E-01  1.10370118E+00  9.88366836E-01  2.50000000E-02 -7.38840144E-14  7.03849583E-13 
    1121  1.25000000E+01  7.12500000E+02  2.12525782E-01  7.75841053E-01  9.88366836E-01  2.50000000E-02 -8.02528250E-15  1.50241165E-12 
    1122  3.75000000E+01  7.12500000E+02 -1.04713308E-02  9.98838167E-01  9.88366836E-01  2.50000000E-02 -1.46357511E-14  2.92288830E-13 
    1123  6.25000000E+01  7.12500000E+02  9.76343073E-01  1.20237626E-02  9.88366836E-01  2.50000000E-02 -1.86528456E-12  1.78072646E-12 
    1124  8.75000000E+01  7.12500000E+02  5.34586808E-02  9.34908155E-01  9.88366836E-01  2.50000000E-02 -6.69798465E-13  1.89219294E-12 
    1125  1.12500000E+02  7.12500000E+02 -8.52450590E-01  1.84081743E+00  9.88366836E-01  2.50000000E-02 -6.72025932E-13  4.82850905E-13 
    1126  1.37500000E+02  7.12500000E+02 -9.64945501E-03  9.98016291E-01  9.88366836E-01  2.50000000E-02 -6.94619018E-13  9.30944535E-13 
    1127  1.62500000E+02  7.12500000E+02  7.74196494E-01  2.14170341E-01  9.88366836E-01  2.50000000E-02 -1.10506082E-12  1.74660428E-12 
    1128  1.87500000E+02  7.12500000E+02  2.29713840E-01  7.58652995E-01  9.88366836E-01  2.50000000E-02 -1.13559455E-12  1.39362931E-12 
    1129  2.12500000E+02  7.12500000E+02 -2.32188020E-01  1.22055486E+00  9.88366836E-01  2.50000000E-02 -8.58666629E-13  2.07737683E-12 
    1130  2.37500000E+02  7.12500000E+02 -9.98114426E-01  1.98648126E+00  9.88366836E-01  2.50000000E-02 -6.35736692E-13  1.04860997E-12 
    1131  2.62500000E+02  7.12500000E+02 -9.56243896E-01  1.94461073E+00  9.88366836E-01  2.50000000E-02 -5.18869707E-13  1.63336891E-12 
    1132  2.87500000E+02  7.12500000E+02 -2.02079740E-01  1.19044658E+00  9.88366836E-01  2.50000000E-02 -4.09317599E-13  1.34257011E-12 
    1133  3.12500000E+02  7.12500000E+02  6.56841777E-01  3.31525058E-01  9.88366836E-01  2.50000000E-02 -4.66237059E-13  2.86120933E-12 
    1134  3.37500000E+02  7.12500000E+02 -4.28067939E-01  1.41643477E+00  9.88366836E-01  2.50000000E-02 -2.64193313E-14  2.80906411E-13 
    1135  3.62500000E+02  7.12500000E+02 -5.78451388E-01  1.56681822E+00  9.88366836E-01  2.50000000E-02 -9.80028432E-16  5.77888378E-13 
    1136  3.87500000E+02  7.12500000E+02  6.96919818E-01  2.91447018E-01  9.88366836E-01  2.50000000E-02 -1.37313182E-13  2.58807193E-12 
    1137  4.12500000E+02  7.12500000E+02  6.88016199E-01  3.00350637E-01  9.88366836E-01  2.50000000E-02 -3.81720696E-13  6.23401239E-13 
    1138  4.37500000E+02  7.12500000E+02  4.50937987E-01  5.37428849E-01  9.88366836E-01  2.50000000E-02 -6.68083750E-13  1.04185914E-12 
    1139  4.62500000E+02  7.12500000E+02 -8.72638106E-01  1.86100494E+00  9.88366836E-01  2.50000000E-02 -3.71463393E-13  9.91553722E-13 
    1140  4.87500000E+02  7.12500000E+02 -4.72261166E-01  1.46062800E+00  9.88366836E-01  2.50000000E-02 -4.17494560E-13  3.50790819E-13 
    1141  5.12500000E+02  7.12500000E+02  7.11608422E-01  2.76758413E-01  9.88366836E-01  2.50000000E-02 -2.22981725E-12  6.62285254E-13 
    1142  5.37500000E+02  7.12500000E+02  1.36578061E-01  8.51788774E-01  9.88366836E-01  2.50000000E-02 -2.53927014E-12 -1.33837823E-12 
    1143  5.62500000E+02  7.12500000E+02 -3.27990276E-01  1.31635711E+00  9.88366836E-01  2.50000000E-02 -2.65721927E-12 -7.05995317E-13 
    1144  5.87500000E+02  7.12500000E+02 -1.35230552E-01  1.12359739E+00  9.88366836E-01  2.50000000E-02 -3.19403567E-12  1.56375266E-13 
    1145  6.12500000E+02  7.12500000E+02  4.61645272E-01  5.26721564E-01  9.88366836E-01  2.50000000E-02 -4.76358502E-12 -7.52963183E-13 
    1146  6.37500000E+02  7.12500000E+02 -7.21591945E-01  1.70995878E+00  9.88366836E-01  2.50000000E-02 -3.90718134E-12  3.58712867E-12 
    1147  6.62500000E+02  7.12500000E+02 -6.19559136E-01  1.60792597E+00  9.88366836E-01  2.50000000E-02 -3.92722297E-12  8.95987140E-13 
    1148  6.87500000E+02  7.12500000E+02 -9.67050839E-01  1.95541767E+00  9.88366836E-01  2.50000000E-02 -4.33595909E-12  4.19428035E-12 
    1149  7.12500000E+02  7.12500000E+02  7.15133262E-01  2.73233574E-01  9.88366836E-01  2.50000000E-02 -8.39943988E-12 -2.53500126E-12 
    1150  7.37500000E+02  7.12500000E+02  2.54938944E-01  7.33427892E-01  9.88366836E-01  2.50000000E-02 -7.69618359E-12  1.34923401E-12 
    1151  7.62500000E+02  7.12500000E+02 -4.88733671E-01  1.47710051E+00  9.88366836E-01  2.50000000E-02 -8.82540535E-12 -3.73396983E-13 
    1152  7.87500000E+02  7.12500000E+02  5.88489260E-01  3.99877576E-01  9.88366836E-01  2.50000000E-02 -1.41229561E-11 -3.45912620E-14 
    1153  8.12500000E+02  7.12500000E+02  1.42788505E-01  8.45578331E-01  9.88366836E-01  2.50000000E-02 -1.98071502E-11  1.98541628E-12 
    1154  8.37500000E+02  7.12500000E+02  9.09849421E-01  7.85174153E-02  9.88366836E-01  2.50000000E-02 -6.88480382E-11 -2.00567170E-12 
    1155  8.62500000E+02  7.12500000E+02  9.96609287E-01  2.79022005E-08  9.96609315E-01  2.50000000E-02 -1.00711977E-12  8.47356332E-13 
    1156  8.87500000E+02  7.12500000E+02 -7.20531090E-01  1.70889793E+00  9.88366836E-01  2.50000000E-02  5.47151172E-12  6.10226837E-12 
    1157  9.12500000E+02  7.12500000E+02  1.83987736E-01  8.04379100E-01  9.88366836E-01  2.50000000E-02  5.36441966E-12  4.38311730E-12 
    1158  9.37500000E+02  7.12500000E+02 -3.67840359E-01  1.35620719E+00  9.88366836E-01  2.50000000E-02  4.78171284E-12  2.02380830E-12 
    1159  9.62500000E+02  7.12500000E+02  5.24402463E-01  4.63964373E-01  9.88366836E-01  2.50000000E-02  3.58340096E-12  2.02426034E-12 
    1160  9.87500000E+02  7.12500000E+02  8.48327636E-01  1.40039199E-01  9.88366836E-01  2.50000000E-02  1.52397341E-12  3.74664916E-12 
    1161  1.25000000E+01  7.37500000E+02 -7.88650651E-01  1.77701749E+00  9.88366836E-01  2.50000000E-02 -8.91052344E-14  1.25710180E-12 
    1162  3.75000000E+01  7.37500000E+02 -4.78120813E-01  1.46648765E+00  9.88366836E-01  2.50000000E-02 -2.36950293E-13  1.58615064E-13 
    1163  6.25000000E+01  7.37500000E+02 -6.38564569E-01  1.62693140E+00  9.88366836E-01  2.50000000E-02 -2.93394392E-13 -1.29406492E-14 
    1164  8.75000000E+01  7.37500000E+02 -7.36592694E-01  1.72495953E+00  9.88366836E-01  2.50000000E-02 -3.09004946E-13  2.07749641E-12 
    1165  1.12500000E+02  7.37500000E+02 -2.36763111E-02  1.01204315E+00  9.88366836E-01  2.50000000E-02 -3.11511440E-13  4.67171965E-13 
    1166  1.37500000E+02  7.37500000E+02  7.75144578E-01  2.13222258E-01  9.88366836E-01  2.50000000E-02 -5.89022964E-13  1.09633602E-12 
    1167  1.62500000E+02  7.37500000E+02  2.58238609E-01  7.30128226E-01  9.88366836E-01  2.50000000E-02 -2.32895216E-13  1.79705926E-12 
    1168  1.87500000E+02  7.37500000E+02  4.67752723E-01  5.20614112E-01  9.88366836E-01  2.50000000E-02 -3.88559100E-13  2.34039325E-12 
    1169  2.12500000E+02  7.37500000E+02 -2.07987256E-01  1.19635409E+00  9.88366836E-01  2.50000000E-02 -2.73052440E-13  1.92769386E-12 
    1170  2.37500000E+02  7.37500000E+02  1.81088697E-02  9.70257966E-01  9.88366836E-01  2.50000000E-02 -2.11301046E-13  1.45946097E-12 
    1171  2.62500000E+02  7.37500000E+02  2.37743781E-01  7.50623055E-01  9.88366836E-01  2.50000000E-02 -1.37646105E-13  1.78659457E-12 
    1172  2.87500000E+02  7.37500000E+02  7.38630632E-02  9.14503773E-01  9.88366836E-01  2.50000000E-02  2.24068112E-13  9.00026023E-13 
    1173  3.12500000E+02  7.37500000E+02 -6.92625819E-01  1.68099265E+00  9.88366836E-01  2.50000000E-02  3.28289612E-13  1.76541455E-12 
    1174  3.37500000E+02  7.37500000E+02  9.10884101E-01  7.74827350E-02  9.88366836E-01  2.50000000E-02 -6.73043213E-13  1.42097962E-12 
    1175  3.62500000E+02  7.37500000E+02 -8.89535876E-02  1.07732042E+00  9.88366836E-01  2.50000000E-02 -5.35309679E-13  7.64009793E-13 
    1176  3.87500000E+02  7.37500000E+02  1.79161911E-01  8.09204925E-01  9.88366836E-01  2.50000000E-02 -5.38939660E-13  2.05623410E-12 
    1177  4.12500000E+02  7.37500000E+02 -5.20105070E-01  1.50847191E+00  9.88366836E-01  2.50000000E-02 -6.87999057E-13  4.96141065E-13 
    1178  4.37500000E+02  7.37500000E+02  1.44048664E-01  8.44318172E-01  9.88366836E-01  2.50000000E-02 -9.50769322E-13  9.45735077E-13 
    1179  4.62500000E+02  7.37500000E+02 -2.93262894E-01  1.28162973E+00  9.88366836E-01  2.50000000E-02 -9.01759511E-13  1.08169948E-12 
    1180  4.87500000E+02  7.37500000E+02 -8.74837871E-01  1.86320471E+00  9.88366836E-01  2.50000000E-02 -7.57010318E-13  3.25357769E-13 
    1181  5.12500000E+02  7.37500000E+02  1.28077772E-02  9.75559059E-01  9.88366836E-01  2.50000000E-02 -7.39908934E-13 -2.81680834E-13 
    1182  5.37500000E+02  7.37500000E+02  8.63247758E-01  1.25119078E-01  9.88366836E-01  2.50000000E-02 -2.33018903E-12  4.89677024E-13 
    1183  5.62500000E+02  7.37500000E+02  9.08072132E-01  8.02947039E-02  9.88366836E-01  2.50000000E-02 -4.10126743E-12  2.70157570E-13 
    1184  5.87500000E+02  7.37500000E+02  5.53396221E-01  4.34970615E-01  9.88366836E-01  2.50000000E-02 -2.01821621E-12 -4.58130958E-13 
    1185  6.12500000E+02  7.37500000E+02  2.10395785E-01  7.77971051E-01  9.88366836E-01  2.50000000E-02 -1.38678838E-12 -5.36770208E-13 
    1186  6.37500000E+02  7.37500000E+02  4.84775283E-02  9.39889308E-01  9.88366836E-01  2.50000000E-02 -1.17828669E-12  4.53228788E-12 
    1187  6.62500000E+02  7.37500000E+02 -4.85448113E-02  1.03691165E+00  9.88366836E-01  2.50000000E-02 -1.15877394E-12  8.69172269E-13 
    1188  6.87500000E+02  7.37500000E+02  9.81100052E-01  7.26678428E-03  9.88366836E-01  2.50000000E-02 -9.13102489E-12  4.30590146E-13 
    1189  7.12500000E+02  7.37500000E+02  2.79590471E-01  7.08776365E-01  9.88366836E-01  2.50000000E-02 -1.02970303E-12 -1.79273242E-13 
    1190  7.37500000E+02  7.37500000E+02 -1.65822439E-01  1.15418927E+00  9.88366836E-01  2.50000000E-02 -1.05114831E-12  2.98815946E-12 
    1191  7.62500000E+02  7.37500000E+02 -6.23547884E-01  1.61191472E+00  9.88366836E-01  2.50000000E-02 -1.06080411E-12 -4.20783635E-13 
    1192  7.87500000E+02  7.37500000E+02 -7.41045783E-01  1.72941262E+00  9.88366836E-01  2.50000000E-02 -1.21515710E-12 -6.09357869E-14 
    1193  8.12500000E+02  7.37500000E+02  6.28917049E-01  3.59449786E-01  9.88366836E-01  2.50000000E-02 -3.29523800E-12  1.48635104E-12 
    1194  8.37500000E+02  7.37500000E+02 -1.29294933E-01  1.11766177E+00  9.88366836E-01  2.50000000E-02 -5.86623607E-12  3.02854483E-12 
    1195  8.62500000E+02  7.37500000E+02  6.99776301E-01  2.88590535E-01  9.88366836E-01  2.50000000E-02 -4.60908370E-12  2.53410788E-11 
    1196  8.87500000E+02  7.37500000E+02 -7.91778566E-01  1.78014540E+00  9.88366836E-01  2.50000000E-02  9.03351937E-13  5.49170614E-12 
    1197  9.12500000E+02  7.37500000E+02 -3.81969586E-01  1.37033642E+00  9.88366836E-01  2.50000000E-02  8.27636901E-13  3.41135582E-12 
    1198  9.37500000E+02  7.37500000E+02 -2.37369274E-01  1.22573611E+00  9.88366836E-01  2.50000000E-02  5.83675252E-13  2.05877420E-12 
    1199  9.62500000E+02  7.37500000E+02 -1.28648872E-01  1.11701571E+00  9.88366836E-01  2.50000000E-02  1.02104799E-12  2.75972771E-12 
    1200  9.87500000E+02  7.37500000E+02 -9.95164348E-01  1.98353118E+00  9.88366836E-01  2.50000000E-02  4.27211070E-13  1.79582061E-12 
    1201  1.25000000E+01  7.62500000E+02 -1.29155342E-01  1.11752218E+00  9.88366836E-01  2.50000000E-02  1.15781750E-13  1.32021901E-12 
    1202  3.75000000E+01  7.62500000E+02 -5.83351884E-01  1.57171872E+00  9.88366836E-01  2.50000000E-02  2.17429912E-13  1.18405253E-13 
    1203  6.25000000E+01  7.62500000E+02  2.15780788E-01  7.72586048E-01  9.88366836E-01  2.50000000E-02  1.20040222E-13 -1.92309503E-14 
    1204  8.75000000E+01  7.62500000E+02  1.67498107E-01  8.20868729E-01  9.88366836E-01  2.50000000E-02  3.35995327E-14  1.94860145E-12 
    1205  1.12500000E+02  7.62500000E+02 -4.84599483E-01  1.47296632E+00  9.88366836E-01  2.50000000E-02  2.59495154E-14  2.07295957E-13 
    1206  1.37500000E+02  7.62500000E+02  6.08456202E-01  3.79910634E-01  9.88366836E-01  2.50000000E-02 -5.66781625E-14  5.92997366E-13 
    1207  1.62500000E+02  7.62500000E+02  9.15172981E-01  7.31938543E-02  9.88366836E-01  2.50000000E-02 -1.41254966E-12  2.34776192E-12 
    1208  1.87500000E+02  7.62500000E+02 -9.82501712E-01  1.97086855E+00  9.88366836E-01  2.50000000E-02 -1.02509083E-12  3.26612057E-12 
    1209  2.12500000E+02  7.62500000E+02 -9.44664556E-01  1.93303139E+00  9.88366836E-01  2.50000000E-02 -8.56901954E-13  1.80131867E-12 
    1210  2.37500000E+02  7.62500000E+02 -3.23494052E-01  1.31186089E+00  9.88366836E-01  2.50000000E-02 -5.92768065E-13  1.54007395E-12 
    1211  2.62500000E+02  7.62500000E+02  4.96707116E-01  4.91659719E-01  9.88366836E-01  2.50000000E-02 -6.85900278E-13  1.66017403E-12 
    1212  2.87500000E+02  7.62500000E+02 -2.92645816E-01  1.28101265E+00  9.88366836E-01  2.50000000E-02 -1.90501746E-13  7.17142741E-13 
    1213  3.12500000E+02  7.62500000E+02  2.98231197E-01  6.90135639E-01  9.88366836E-01  2.50000000E-02  1.12094729E-13  1.39016365E-12 
    1214  3.37500000E+02  7.62500000E+02 -9.59836919E-01  1.94820375E+00  9.88366836E-01  2.50000000E-02 -2.11077759E-13  5.58203284E-13 
    1215  3.62500000E+02  7.62500000E+02 -6.97700009E-01  1.68606685E+00  9.88366836E-01  2.50000000E-02 -3.48791754E-13  5.19089132E-13 
    1216  3.87500000E+02  7.62500000E+02  6.40197572E-01  3.48169263E-01  9.88366836E-01  2.50000000E-02 -6.28525257E-13  1.56772714E-12 
    1217  4.12500000E+02  7.62500000E+02  3.51639594E-01  6.36727242E-01  9.88366836E-01  2.50000000E-02 -3.54184779E-13  4.28013371E-13 
    1218  4.37500000E+02  7.62500000E+02 -2.59690226E-01  1.24805706E+00  9.88366836E-01  2.50000000E-02 -3.83690937E-13  7.65686420E-13 
    1219  4.62500000E+02  7.62500000E+02 -4.54942193E-01  1.44330903E+00  9.88366836E-01  2.50000000E-02 -4.04853172E-13  7.86149431E-13 
    1220  4.87500000E+02  7.62500000E+02  9.69373941E-01  1.89928950E-02  9.88366836E-01  2.50000000E-02 -4.20819357E-12 -8.62631091E-13 
    1221  5.12500000E+02  7.62500000E+02  4.18351814E-01  5.70015022E-01  9.88366836E-01  2.50000000E-02 -4.80835465E-12 -6.09894918E-13 
    1222  5.37500000E+02  7.62500000E+02  8.74381873E-01  1.13984963E-01  9.88366836E-01  2.50000000E-02 -5.08431590E-12  1.83846456E-13 
    1223  5.62500000E+02  7.62500000E+02 -2.27439838E-01  1.21580667E+00  9.88366836E-01  2.50000000E-02 -3.02802983E-12  2.50500338E-12 
    1224  5.87500000E+02  7.62500000E+02  4.74677530E-01  5.13689305E-01  9.88366836E-01  2.50000000E-02 -2.77750523E-12 -2.37091629E-13 
    1225  6.12500000E+02  7.62500000E+02 -7.90045506E-01  1.77841234E+00  9.88366836E-01  2.50000000E-02 -1.92169433E-12 -1.35983323E-13 
    1226  6.37500000E+02  7.62500000E+02 -1.95074996E-01  1.18344183E+00  9.88366836E-01  2.50000000E-02 -1.96763883E-12  4.26719327E-12 
    1227  6.62500000E+02  7.62500000E+02  6.23433476E-01  3.64933360E-01  9.88366836E-01  2.50000000E-02 -3.92887929E-12 -9.54991761E-14 
    1228  6.87500000E+02  7.62500000E+02 -4.47466695E-01  1.43583353E+00  9.88366836E-01  2.50000000E-02 -3.90609209E-12  2.81199358E-12 
    1229  7.12500000E+02  7.62500000E+02 -7.85039710E-01  1.77340655E+00  9.88366836E-01  2.50000000E-02 -4.23336361E-12 -6.12298790E-13 
    1230  7.37500000E+02  7.62500000E+02  7.57658276E-02  9.12601008E-01  9.88366836E-01  2.50000000E-02 -4.66322054E-12  2.93209167E-12 
    1231  7.62500000E+02  7.62500000E+02 -6.01492353E-02  1.04851607E+00  9.88366836E-01  2.50000000E-02 -4.20436819E-12 -2.76964795E-13 
    1232  7.87500000E+02  7.62500000E+02 -2.35893939E-01  1.22426077E+00  9.88366836E-01  2.50000000E-02 -3.96626299E-12 -4.28991654E-13 
    1233  8.12500000E+02  7.62500000E+02 -6.03943320E-02  1.04876117E+00  9.88366836E-01  2.50000000E-02 -4.06677249E-12  1.08678645E-12 
    1234  8.37500000E+02  7.62500000E+02 -7.55900906E-01  1.74426774E+00  9.88366836E-01  2.50000000E-02 -4.41315747E-12  2.36092286E-12 
    1235  8.62500000E+02  7.62500000E+02  4.88671498E-01  4.99695338E-01  9.88366836E-01  2.50000000E-02 -5.48947196E-12  1.85871096E-11 
    1236  8.87500000E+02  7.62500000E+02 -6.98894523E-01  1.68726136E+00  9.88366836E-01  2.50000000E-02 -2.56769656E-12  5.06956070E-12 
    1237  9.12500000E+02  7.62500000E+02 -7.87935242E-01  1.77630208E+00  9.88366836E-01  2.50000000E-02 -1.56082769E-12  3.39074509E-12 
    1238  9.37500000E+02  7.62500000E+02 -7.18559022E-01  1.70692586E+00  9.88366836E-01  2.50000000E-02 -1.12573908E-12  2.05822320E-12 
    1239  9.62500000E+02  7.62500000E+02  9.62182206E-01  2.61846296E-02  9.88366836E-01  2.50000000E-02  2.78312263E-12  5.53789927E-12 
    1240  9.87500000E+02  7.62500000E+02 -2.96470198E-01  1.28483703E+00  9.88366836E-01  2.50000000E-02  6.89118328E-15  1.66262272E-12 
    1241  1.25000000E+01  7.87500000E+02  5.12184706E-01  4.76182130E-01  9.88366836E-01  2.50000000E-02 -2.04099407E-13  1.98433235E-12 
    1242  3.75000000E+01  7.87500000E+02 -5.05686300E-01  1.49405314E+00  9.88366836E-01  2.50000000E-02 -2.32348146E-13  1.43909287E-13 
    1243  6.25000000E+01  7.87500000E+02 -6.10630668E-01  1.59899750E+00  9.88366836E-01  2.50000000E-02 -2.32670790E-13 -2.62617838E-14 
    1244  8.75000000E+01  7.87500000E+02 -7.69718752E-01  1.75808559E+00  9.88366836E-01  2.50000000E-02 -1.22760889E-13  2.00799506E-12 
    1245  1.12500000E+02  7.87500000E+02 -3.74472949E-01  1.36283978E+00  9.88366836E-01  2.50000000E-02  8.96984512E-14  6.42722881E-14 
    1246  1.37500000E+02  7.87500000E+02 -3.26369102E-01  1.31473594E+00  9.88366836E-01  2.50000000E-02  1.28923422E-13  3.57358011E-13 
    1247  1.62500000E+02  7.87500000E+02  9.77163706E-01  1.12031295E-02  9.88366836E-01  2.50000000E-02 -1.27547195E-12  2.54416401E-12 
    1248  1.87500000E+02  7.87500000E+02  1.55964062E-01  8.32402774E-01  9.88366836E-01  2.50000000E-02 -8.07523084E-13  3.73679434E-12 
    1249  2.12500000E+02  7.87500000E+02  5.81497036E-01  4.06869799E-01  9.88366836E-01  2.50000000E-02 -9.90516558E-14  1.93057042E-12 
    1250  2.37500000E+02  7.87500000E+02  4.52434962E-01  5.35931874E-01  9.88366836E-01  2.50000000E-02  4.81065557E-13  1.61613122E-12 
    1251  2.62500000E+02  7.87500000E+02 -9.81250213E-01  1.96961705E+00  9.88366836E-01  2.50000000E-02  3.84018619E-13  9.75108224E-13 
    1252  2.87500000E+02  7.87500000E+02  9.24848470E-01  6.35183658E-02  9.88366836E-01  2.50000000E-02 -4.93146985E-13  1.33772689E-12 
    1253  3.12500000E+02  7.87500000E+02 -1.50094150E-01  1.13846099E+00  9.88366836E-01  2.50000000E-02  4.99191418E-13  1.30961698E-12 
    1254  3.37500000E+02  7.87500000E+02 -6.36470323E-02  1.05201387E+00  9.88366836E-01  2.50000000E-02  2.97311790E-13  7.06664075E-13 
    1255  3.62500000E+02  7.87500000E+02 -6.96106355E-01  1.68447319E+00  9.88366836E-01  2.50000000E-02 -2.27952258E-15  3.84761139E-13 
    1256  3.87500000E+02  7.87500000E+02  7.16918299E-01  2.71448536E-01  9.88366836E-01  2.50000000E-02 -7.05800082E-13  1.12984986E-12 
    1257  4.12500000E+02  7.87500000E+02  3.94637213E-01  5.93729623E-01  9.88366836E-01  2.50000000E-02 -9.51152453E-13  6.11868600E-13 
    1258  4.37500000E+02  7.87500000E+02 -5.07367031E-01  1.49573387E+00  9.88366836E-01  2.50000000E-02 -8.32023701E-13  1.01545818E-12 
    1259  4.62500000E+02  7.87500000E+02 -5.70342437E-01  1.55870927E+00  9.88366836E-01  2.50000000E-02 -8.73742465E-13  5.01484568E-13 
    1260  4.87500000E+02  7.87500000E+02  7.32570805E-01  2.55796031E-01  9.88366836E-01  2.50000000E-02 -2.66599204E-12 -7.59050481E-14 
    1261  5.12500000E+02  7.87500000E+02  8.03825180E-01  1.84541656E-01  9.88366836E-01  2.50000000E-02 -4.53690419E-12  1.23566073E-13 
    1262  5.37500000E+02  7.87500000E+02 -2.96755179E-01  1.28512201E+00  9.88366836E-01  2.50000000E-02 -6.23939218E-12  8.75096169E-13 
    1263  5.62500000E+02  7.87500000E+02  7.65708990E-01  2.22657846E-01  9.88366836E-01  2.50000000E-02 -6.60496224E-12  2.97719937E-12 
    1264  5.87500000E+02  7.87500000E+02  5.18666491E-01  4.69700345E-01  9.88366836E-01  2.50000000E-02 -4.96538868E-12  2.67301533E-13 
    1265  6.12500000E+02  7.87500000E+02  1.92842463E-02  9.69082589E-01  9.88366836E-01  2.50000000E-02 -3.62031963E-12  4.50357743E-13 
    1266  6.37500000E+02  7.87500000E+02  1.01460689E-01  8.86906147E-01  9.88366836E-01  2.50000000E-02 -3.32741088E-12  4.04928786E-12 
    1267  6.62500000E+02  7.87500000E+02  7.70351714E-01  2.18015121E-01  9.88366836E-01  2.50000000E-02 -3.53688463E-12 -4.49309547E-13 
    1268  6.87500000E+02  7.87500000E+02 -3.93053304E-01  1.38142014E+00  9.88366836E-01  2.50000000E-02 -1.04984259E-12  3.18116593E-12 
    1269  7.12500000E+02  7.87500000E+02 -4.89428734E-02  1.03730971E+00  9.88366836E-01  2.50000000E-02 -1.18971117E-12 -1.14921505E-12 
    1270  7.37500000E+02  7.87500000E+02  3.05378955E-01  6.82987881E-01  9.88366836E-01  2.50000000E-02 -1.88118564E-12  2.88519604E-12 
    1271  7.62500000E+02  7.87500000E+02  1.15064248E-02  9.76860411E-01  9.88366836E-01  2.50000000E-02 -1.81145292E-12 -5.81851211E-14 
    1272  7.87500000E+02  7.87500000E+02 -6.54236181E-01  1.64260302E+00  9.88366836E-01  2.50000000E-02 -1.54645753E-12 -4.05162814E-13 
    1273  8.12500000E+02  7.87500000E+02 -5.28859316E-01  1.51722615E+00  9.88366836E-01  2.50000000E-02 -1.88697449E-12  6.78593226E-13 
    1274  8.37500000E+02  7.87500000E+02  4.81049763E-01  5.07317073E-01  9.88366836E-01  2.50000000E-02 -4.94233555E-12  2.10501485E-12 
    1275  8.62500000E+02  7.87500000E+02 -1.20181723E-01  1.10854856E+00  9.88366836E-01  2.50000000E-02 -4.72144069E-12  1.59486722E-11 
    1276  8.87500000E+02  7.87500000E+02 -7.05859829E-01  1.69422666E+00  9.88366836E-01  2.50000000E-02 -3.68879911E-12  5.06919040E-12 
    1277  9.12500000E+02  7.87500000E+02  5.00367896E-01  4.87998940E-01  9.88366836E-01  2.50000000E-02 -1.13003513E-12  4.59034187E-12 
    1278  9.37500000E+02  7.87500000E+02  9.34024516E-01  5.43423202E-02  9.88366836E-01  2.50000000E-02 -7.71389587E-13  5.02678841E-12 
    1279  9.62500000E+02  7.87500000E+02  4.22830000E-02  9.46083836E-01  9.88366836E-01  2.50000000E-02  1.60117829E-13 -3.09151863E-13 
    1280  9.87500000E+02  7.87500000E+02 -5.49122951E-01  1.53748979E+00  9.88366836E-01  2.50000000E-02  5.61310521E-14  1.52605221E-12 
    1281  1.25000000E+01  8.12500000E+02 -3.17920717E-01  1.30628755E+00  9.88366836E-01  2.50000000E-02 -8.18078358E-14  1.77969515E-12 
    1282  3.75000000E+01  8.12500000E+02  7.63393325E-01  2.24973511E-01  9.88366836E-01  2.50000000E-02 -1.66769959E-12  8.37360567E-13 
    1283  6.25000000E+01  8.12500000E+02  1.45936860E-02  9.73773150E-01  9.88366836E-01  2.50000000E-02 -2.13155300E-12  8.02456103E-14 
    1284  8.75000000E+01  8.12500000E+02  5.94522513E-01  3.93844323E-01  9.88366836E-01  2.50000000E-02 -2.31116950E-12  2.38579218E-12 
    1285  1.12500000E+02  8.12500000E+02 -2.83011310E-01  1.27137815E+00  9.88366836E-01  2.50000000E-02 -2.25420525E-12  7.30963523E-14 
    1286  1.37500000E+02  8.12500000E+02  3.28146965E-01  6.60219871E-01  9.88366836E-01  2.50000000E-02 -2.21873264E-12  3.82053654E-13 
    1287  1.62500000E+02  8.12500000E+02 -3.15538951E-01  1.30390579E+00  9.88366836E-01  2.50000000E-02 -2.41169331E-12  8.80485579E-13 
    1288  1.87500000E+02  8.12500000E+02 -1.43462335E-01  1.13182917E+00  9.88366836E-01  2.50000000E-02 -2.46287104E-12  3.82802681E-12 
    1289  2.12500000E+02  8.12500000E+02  9.75605087E-01  1.27617492E-02  9.88366836E-01  2.50000000E-02 -1.77535089E-12  3.48203649E-12 
    1290  2.37500000E+02  8.12500000E+02 -4.22574008E-02  1.03062424E+00  9.88366836E-01  2.50000000E-02 -8.13506711E-13  1.46453014E-12 
    1291  2.62500000E+02  8.12500000E+02 -6.21157836E-02  1.05048262E+00  9.88366836E-01  2.50000000E-02 -6.31184102E-13  7.94428896E-13 
    1292  2.87500000E+02  8.12500000E+02 -2.46924589E-01  1.23529143E+00  9.88366836E-01  2.50000000E-02 -4.67438408E-13 -3.82130317E-13 
    1293  3.12500000E+02  8.12500000E+02  9.10505203E-01  7.78616333E-02  9.88366836E-01  2.50000000E-02 -1.11199670E-12  1.46183699E-12 
    1294  3.37500000E+02  8.12500000E+02 -8.91053726E-01  1.87942056E+00  9.88366836E-01  2.50000000E-02 -5.82049804E-13  1.10534184E-12 
    1295  3.62500000E+02  8.12500000E+02 -6.84249296E-01  1.67261613E+00  9.88366836E-01  2.50000000E-02 -5.26894626E-13  4.48011330E-13 
    1296  3.87500000E+02  8.12500000E+02 -9.93029892E-01  1.98139673E+00  9.88366836E-01  2.50000000E-02 -5.55759047E-13  3.66301233E-14 
    1297  4.12500000E+02  8.12500000E+02  3.01377228E-01  6.86989608E-01  9.88366836E-01  2.50000000E-02 -9.14858785E-13  7.34299614E-13 
    1298  4.37500000E+02  8.12500000E+02  8.46607542E-02  9.03706082E-01  9.88366836E-01  2.50000000E-02 -1.23518042E-12  1.42024628E-12 
    1299  4.62500000E+02  8.12500000E+02  6.76283780E-01  3.12083056E-01  9.88366836E-01  2.50000000E-02 -1.98649832E-12 -2.46363400E-13 
    1300  4.87500000E+02  8.12500000E+02 -5.87960715E-01  1.57632755E+00  9.88366836E-01  2.50000000E-02 -1.53953858E-12  1.21850674E-14 
    1301  5.12500000E+02  8.12500000E+02  4.45607059E-01  5.42759777E-01  9.88366836E-01  2.50000000E-02 -1.57286295E-12  3.90642328E-13 
    1302  5.37500000E+02  8.12500000E+02  5.76082622E-01  4.12284214E-01  9.88366836E-01  2.50000000E-02 -2.18344569E-12  5.71739661E-13 
    1303  5.62500000E+02  8.12500000E+02  8.32685535E-01  1.55681301E-01  9.88366836E-01  2.50000000E-02 -3.42223531E-12  2.40399738E-12 
    1304  5.87500000E+02  8.12500000E+02  1.40966716E-01  8.47400120E-01  9.88366836E-01  2.50000000E-02 -1.85034258E-12  1.22898798E-12 
    1305  6.12500000E+02  8.12500000E+02  1.81870507E-01  8.06496329E-01  9.88366836E-01  2.50000000E-02 -1.93120058E-12  5.69793539E-13 
    1306  6.37500000E+02  8.12500000E+02  7.01653474E-01  2.86713361E-01  9.88366836E-01  2.50000000E-02 -3.35612858E-12  4.75339279E-12 
    1307  6.62500000E+02  8.12500000E+02 -6.77303998E-01  1.66567083E+00  9.88366836E-01  2.50000000E-02 -1.99350478E-12  4.27272994E-13 
    1308  6.87500000E+02  8.12500000E+02 -5.15245579E-02  1.03989139E+00  9.88366836E-01  2.50000000E-02 -1.85520814E-12  3.75607651E-12 
    1309  7.12500000E+02  8.12500000E+02  4.56894185E-01  5.31472651E-01  9.88366836E-01  2.50000000E-02 -2.29973127E-12 -1.47805718E-12 
    1310  7.37500000E+02  8.12500000E+02 -9.74321502E-01  1.96268834E+00  9.88366836E-01  2.50000000E-02 -2.25059063E-12  2.54507429E-12 
    1311  7.62500000E+02  8.12500000E+02 -6.91669106E-02  1.05753375E+00  9.88366836E-01  2.50000000E-02 -2.15474320E-12  9.08956930E-15 
    1312  7.87500000E+02  8.12500000E+02 -3.30246550E-01  1.31861339E+00  9.88366836E-01  2.50000000E-02 -1.89352803E-12 -3.28358314E-13 
    1313  8.12500000E+02  8.12500000E+02 -6.12474222E-01  1.60084106E+00  9.88366836E-01  2.50000000E-02 -1.79422648E-12  5.73988629E-13 
    1314  8.37500000E+02  8.12500000E+02 -3.20882754E-01  1.30924959E+00  9.88366836E-01  2.50000000E-02 -2.21604047E-12  1.48499472E-12 
    1315  8.62500000E+02  8.12500000E+02  3.86736737E-01  6.01630099E-01  9.88366836E-01  2.50000000E-02 -2.53401104E-12  1.52319340E-11 
    1316  8.87500000E+02  8.12500000E+02  1.37639775E-01  8.50727061E-01  9.88366836E-01  2.50000000E-02  1.22569009E-12  4.98969842E-12 
    1317  9.12500000E+02  8.12500000E+02  1.69933067E-01  8.18433769E-01  9.88366836E-01  2.50000000E-02  2.74426116E-12  3.37287522E-12 
    1318  9.37500000E+02  8.12500000E+02  2.45947634E-01  7.42419202E-01  9.88366836E-01  2.50000000E-02  1.65363227E-12  1.79744541E-12 
    1319  9.62500000E+02  8.12500000E+02  3.15965527E-01  6.72401309E-01  9.88366836E-01  2.50000000E-02  5.97472963E-13 -2.11140511E-13 
    1320  9.87500000E+02  8.12500000E+02 -5.10382206E-01  1.49874904E+00  9.88366836E-01  2.50000000E-02  8.77122642E-14  1.49971285E-12 
    1321  1.25000000E+01  8.37500000E+02  2.89857136E-01  6.98509700E-01  9.88366836E-01  2.50000000E-02  6.93194107E-14  1.59878664E-12 
    1322  3.75000000E+01  8.37500000E+02  2.06080072E-01  7.82286764E-01  9.88366836E-01  2.50000000E-02  5.65763979E-14  4.40597947E-13 
    1323  6.25000000E+01  8.37500000E+02  7.25636087E-01  2.62730749E-01  9.88366836E-01  2.50000000E-02 -4.42661861E-13  7.43545191E-13 
    1324  8.75000000E+01  8.37500000E+02  1.75598290E-01  8.12768546E-01  9.88366836E-01  2.50000000E-02 -1.09817628E-12  1.59469389E-12 
    1325  1.12500000E+02  8.37500000E+02  7.44273458E-01  2.44093377E-01  9.88366836E-01  2.50000000E-02 -1.74499301E-12  1.22834123E-12 
    1326  1.37500000E+02  8.37500000E+02  7.08108041E-01  2.80258795E-01  9.88366836E-01  2.50000000E-02 -1.66718221E-12  3.92841643E-13 
    1327  1.62500000E+02  8.37500000E+02 -9.21429355E-01  1.90979619E+00  9.88366836E-01  2.50000000E-02 -1.64868266E-12  5.76103148E-13 
    1328  1.87500000E+02  8.37500000E+02  9.11841196E-01  7.65256402E-02  9.88366836E-01  2.50000000E-02 -2.23101950E-12  2.74973997E-12 
    1329  2.12500000E+02  8.37500000E+02 -2.65279687E-02  1.01489480E+00  9.88366836E-01  2.50000000E-02 -1.15675750E-12  8.53529659E-13 
    1330  2.37500000E+02  8.37500000E+02 -9.89332990E-01  1.97769983E+00  9.88366836E-01  2.50000000E-02 -1.14802638E-12  1.40618632E-12 
    1331  2.62500000E+02  8.37500000E+02  5.03447756E-01  4.84919080E-01  9.88366836E-01  2.50000000E-02 -1.10638752E-12  5.58682443E-13 
    1332  2.87500000E+02  8.37500000E+02 -9.46414540E-01  1.93478138E+00  9.88366836E-01  2.50000000E-02 -6.38256994E-13 -1.40997158E-13 
    1333  3.12500000E+02  8.37500000E+02 -8.69568998E-01  1.85793583E+00  9.88366836E-01  2.50000000E-02 -7.07920911E-13  3.07430792E-14 
    1334  3.37500000E+02  8.37500000E+02 -3.06338779E-01  1.29470561E+00  9.88366836E-01  2.50000000E-02 -1.09380876E-12  1.24597112E-12 
    1335  3.62500000E+02  8.37500000E+02  1.77549684E-01  8.10817152E-01  9.88366836E-01  2.50000000E-02 -1.54093863E-12  5.38597982E-13 
    1336  3.87500000E+02  8.37500000E+02 -3.66924104E-01  1.35529094E+00  9.88366836E-01  2.50000000E-02 -1.49958539E-12  1.34168653E-13 
    1337  4.12500000E+02  8.37500000E+02 -5.20939004E-01  1.50930584E+00  9.88366836E-01  2.50000000E-02 -1.57630977E-12  4.62688903E-13 
    1338  4.37500000E+02  8.37500000E+02 -2.97072474E-01  1.28543931E+00  9.88366836E-01  2.50000000E-02 -1.86825170E-12  1.31144317E-12 
    1339  4.62500000E+02  8.37500000E+02  4.92806270E-01  4.95560566E-01  9.88366836E-01  2.50000000E-02 -2.34399928E-12 -7.08116215E-13 
    1340  4.87500000E+02  8.37500000E+02 -1.33237921E-01  1.12160476E+00  9.88366836E-01  2.50000000E-02 -2.39910047E-12 -2.76443722E-13 
    1341  5.12500000E+02  8.37500000E+02  8.06992906E-01  1.81373930E-01  9.88366836E-01  2.50000000E-02 -3.47178362E-12  1.58646369E-13 
    1342  5.37500000E+02  8.37500000E+02 -3.12502795E-01  1.30086963E+00  9.88366836E-01  2.50000000E-02 -2.55310962E-12  9.84879795E-13 
    1343  5.62500000E+02  8.37500000E+02  7.73404179E-02  9.11026418E-01  9.88366836E-01  2.50000000E-02 -2.77702501E-12  9.33786751E-13 
    1344  5.87500000E+02  8.37500000E+02 -1.35382093E-01  1.12374893E+00  9.88366836E-01  2.50000000E-02 -3.28886916E-12  8.89069504E-13 
    1345  6.12500000E+02  8.37500000E+02  3.02996821E-01  6.85370015E-01  9.88366836E-01  2.50000000E-02 -3.37519184E-12 -2.51015170E-13 
    1346  6.37500000E+02  8.37500000E+02  3.36412781E-01  6.51954055E-01  9.88366836E-01  2.50000000E-02 -3.57397058E-12  3.98728338E-12 
    1347  6.62500000E+02  8.37500000E+02  7.91097063E-01  1.97269773E-01  9.88366836E-01  2.50000000E-02 -5.93142668E-12  1.65572903E-12 
    1348  6.87500000E+02  8.37500000E+02  1.56250412E-01  8.32116424E-01  9.88366836E-01  2.50000000E-02 -3.38810527E-12  4.54672984E-12 
    1349  7.12500000E+02  8.37500000E+02 -4.94733205E-01  1.48310004E+00  9.88366836E-01  2.50000000E-02 -3.02863975E-12 -1.08750308E-12 
    1350  7.37500000E+02  8.37500000E+02 -1.83218777E-01  1.17158561E+00  9.88366836E-01  2.50000000E-02 -2.90988206E-12  2.45851966E-12 
    1351  7.62500000E+02  8.37500000E+02  4.35011613E-01  5.53355223E-01  9.88366836E-01  2.50000000E-02 -2.61503636E-12 -3.65337514E-13 
    1352  7.87500000E+02  8.37500000E+02 -6.86449221E-03  9.95231328E-01  9.88366836E-01  2.50000000E-02 -2.18068055E-12 -4.16339306E-13 
    1353  8.12500000E+02  8.37500000E+02 -3.59093655E-01  1.34746049E+00  9.88366836E-01  2.50000000E-02 -2.23141462E-12  6.42395057E-13 
    1354  8.37500000E+02  8.37500000E+02  9.99038683E-02  8.88462967E-01  9.88366836E-01  2.50000000E-02 -2.71654147E-12  7.90996508E-13 
    1355  8.62500000E+02  8.37500000E+02  3.33395814E-01  6.54971021E-01  9.88366836E-01  2.50000000E-02 -3.12277335E-12  1.21095085E-11 
    1356  8.87500000E+02  8.37500000E+02  9.38366747E-01  5.00000889E-02  9.88366836E-01  2.50000000E-02 -3.00798695E-12  7.89349956E-12 
    1357  9.12500000E+02  8.37500000E+02 -2.65614161E-01  1.25398100E+00  9.88366836E-01  2.50000000E-02  1.03491414E-12  3.14616793E-12 
    1358  9.37500000E+02  8.37500000E+02 -2.86357394E-01  1.27472423E+00  9.88366836E-01  2.50000000E-02  7.19286672E-13  1.92481445E-12 
    1359  9.62500000E+02  8.37500000E+02 -7.96697996E-01  1.78506483E+00  9.88366836E-01  2.50000000E-02  2.74870955E-13 -6.86013635E-14 
    1360  9.87500000E+02  8.37500000E+02 -4.70365245E-01  1.45873208E+00  9.88366836E-01  2.50000000E-02  8.91524867E-14  1.61531473E-12 
    1361  1.25000000E+01  8.62500000E+02  4.07376454E-01  5.80990382E-01  9.88366836E-01  2.50000000E-02  1.14467099E-13  1.54612905E-12 
    1362  3.75000000E+01  8.62500000E+02 -1.21352181E-01  1.10971902E+00  9.88366836E-01  2.50000000E-02  1.31736099E-13  2.33707443E-13 
    1363  6.25000000E+01  8.62500000E+02 -8.73705486E-01  1.86207232E+00  9.88366836E-01  2.50000000E-02  3.26152548E-14  2.39277018E-13 
    1364  8.75000000E+01  8.62500000E+02 -9.98413662E-01  1.98678050E+00  9.88366836E-01  2.50000000E-02 -9.06710160E-15  1.09948974E-12 
    1365  1.12500000E+02  8.62500000E+02  8.33309439E-01  1.55057397E-01  9.88366836E-01  2.50000000E-02 -8.26407034E-13  1.18207363E-12 
    1366  1.37500000E+02  8.62500000E+02 -2.60208690E-01  1.24857553E+00  9.88366836E-01  2.50000000E-02 -4.44815990E-13  2.08549470E-13 
    1367  1.62500000E+02  8.62500000E+02 -9.63215529E-01  1.95158236E+00  9.88366836E-01  2.50000000E-02 -4.69088239E-13  3.72464340E-13 
    1368  1.87500000E+02  8.62500000E+02  4.10194782E-01  5.78172054E-01  9.88366836E-01  2.50000000E-02 -9.03840579E-13  6.23093339E-13 
    1369  2.12500000E+02  8.62500000E+02 -9.43144540E-01  1.93151138E+00  9.88366836E-01  2.50000000E-02 -1.17642993E-12  7.17263526E-13 
    1370  2.37500000E+02  8.62500000E+02  3.95919412E-01  5.92447424E-01  9.88366836E-01  2.50000000E-02 -1.12136226E-12  1.15910095E-12 
    1371  2.62500000E+02  8.62500000E+02 -6.35564967E-01  1.62393180E+00  9.88366836E-01  2.50000000E-02 -5.61608850E-13  4.55302556E-13 
    1372  2.87500000E+02  8.62500000E+02 -9.45198013E-01  1.93356485E+00  9.88366836E-01  2.50000000E-02 -4.72455312E-13 -1.32018550E-14 
    1373  3.12500000E+02  8.62500000E+02 -7.62488102E-01  1.75085494E+00  9.88366836E-01  2.50000000E-02 -5.73544984E-13 -3.57888832E-15 
    1374  3.37500000E+02  8.62500000E+02 -2.63138460E-01  1.25150530E+00  9.88366836E-01  2.50000000E-02 -7.09950925E-13  1.25356919E-12 
    1375  3.62500000E+02  8.62500000E+02 -2.05460750E-01  1.19382759E+00  9.88366836E-01  2.50000000E-02 -5.86190147E-13  5.58139323E-13 
    1376  3.87500000E+02  8.62500000E+02 -4.39778244E-01  1.42814508E+00  9.88366836E-01  2.50000000E-02 -3.65077881E-13  2.91357194E-13 
    1377  4.12500000E+02  8.62500000E+02 -8.44826290E-01  1.83319313E+00  9.88366836E-01  2.50000000E-02 -3.07821060E-13  2.41238059E-13 
    1378  4.37500000E+02  8.62500000E+02  8.75594857E-01  1.12771978E-01  9.88366836E-01  2.50000000E-02 -1.25661184E-12  3.58135743E-13 
    1379  4.62500000E+02  8.62500000E+02 -8.52560820E-01  1.84092766E+00  9.88366836E-01  2.50000000E-02  1.58885095E-13 -6.54092805E-13 
    1380  4.87500000E+02  8.62500000E+02 -9.46925678E-01  1.93529251E+00  9.88366836E-01  2.50000000E-02  1.83755940E-13 -5.43255616E-13 
    1381  5.12500000E+02  8.62500000E+02  9.58028009E-01  3.03388272E-02  9.88366836E-01  2.50000000E-02 -1.49879162E-12  3.30579133E-13 
    1382  5.37500000E+02  8.62500000E+02 -7.76676945E-01  1.76504378E+00  9.88366836E-01  2.50000000E-02 -6.73342345E-13  1.21968774E-12 
    1383  5.62500000E+02  8.62500000E+02  3.62333463E-02  9.52133490E-01  9.88366836E-01  2.50000000E-02 -8.01494705E-13  1.00901131E-12 
    1384  5.87500000E+02  8.62500000E+02 -4.59899185E-01  1.44826602E+00  9.88366836E-01  2.50000000E-02 -6.88381253E-13  6.72201679E-13 
    1385  6.12500000E+02  8.62500000E+02 -8.32465217E-01  1.82083205E+00  9.88366836E-01  2.50000000E-02 -5.98899393E-13 -1.14022192E-12 
    1386  6.37500000E+02  8.62500000E+02  7.96846529E-01  1.91520307E-01  9.88366836E-01  2.50000000E-02 -1.67260866E-12  1.90626382E-12 
    1387  6.62500000E+02  8.62500000E+02 -5.05845840E-01  1.49421268E+00  9.88366836E-01  2.50000000E-02 -1.31501341E-12  8.04307726E-13 
    1388  6.87500000E+02  8.62500000E+02 -4.27833739E-02  1.03115021E+00  9.88366836E-01  2.50000000E-02 -1.53185196E-12  4.43352519E-12 
    1389  7.12500000E+02  8.62500000E+02  7.18106973E-01  2.70259863E-01  9.88366836E-01  2.50000000E-02 -3.85099915E-12  1.12914865E-13 
    1390  7.37500000E+02  8.62500000E+02  7.37711206E-01  2.50655630E-01  9.88366836E-01  2.50000000E-02 -4.26768934E-12  2.46806861E-12 
    1391  7.62500000E+02  8.62500000E+02 -6.70612918E-01  1.65897975E+00  9.88366836E-01  2.50000000E-02 -4.22384728E-12 -9.81698542E-13 
    1392  7.87500000E+02  8.62500000E+02  9.79470914E-01  8.89592198E-03  9.88366836E-01  2.50000000E-02 -5.26725910E-12  2.16367790E-12 
    1393  8.12500000E+02  8.62500000E+02 -3.75857959E-01  1.36422479E+00  9.88366836E-01  2.50000000E-02 -9.94581167E-13  1.03976232E-12 
    1394  8.37500000E+02  8.62500000E+02 -2.83718146E-02  1.01673865E+00  9.88366836E-01  2.50000000E-02 -1.24231095E-12  5.92520916E-13 
    1395  8.62500000E+02  8.62500000E+02  3.16682222E-01  6.71684614E-01  9.88366836E-01  2.50000000E-02 -1.02374685E-12  9.26796950E-12 
    1396  8.87500000E+02  8.62500000E+02 -4.57398628E-02  1.03410670E+00  9.88366836E-01  2.50000000E-02 -4.07767459E-13  1.62578496E-13 
    1397  9.12500000E+02  8.62500000E+02  6.75266436E-01  3.13100400E-01  9.88366836E-01  2.50000000E-02 -3.08573710E-13  2.76292718E-12 
    1398  9.37500000E+02  8.62500000E+02  2.54067837E-03  9.85826157E-01  9.88366836E-01  2.50000000E-02  2.90562288E-14  1.97621730E-12 
    1399  9.62500000E+02  8.62500000E+02  9.73706620E-01  1.46602162E-02  9.88366836E-01  2.50000000E-02 -2.42640229E-12  2.77110626E-12 
    1400  9.87500000E+02  8.62500000E+02 -7.52633511E-01  1.74100035E+00  9.88366836E-01  2.50000000E-02 -3.83976895E-15  1.85804983E-12 
    1401  1.25000000E+01  8.87500000E+02  5.55101610E-01  4.33265226E-01  9.88366836E-01  2.50000000E-02 -1.51254568E-14  1.38252579E-12 
    1402  3.75000000E+01  8.87500000E+02 -4.67493575E-01  1.45586041E+00  9.88366836E-01  2.50000000E-02 -8.64290806E-14  1.62235899E-13 
    1403  6.25000000E+01  8.87500000E+02  1.29263602E-01  8.59103234E-01  9.88366836E-01  2.50000000E-02 -1.72256929E-13  1.62794154E-13 
    1404  8.75000000E+01  8.87500000E+02 -1.04465240E-01  1.09283208E+00  9.88366836E-01  2.50000000E-02 -2.76386882E-13  8.72359083E-13 
    1405  1.12500000E+02  8.87500000E+02  6.51993856E-01  3.36372980E-01  9.88366836E-01  2.50000000E-02 -6.27769393E-13  7.36450654E-13 
    1406  1.37500000E+02  8.87500000E+02 -3.88128403E-01  1.37649524E+00  9.88366836E-01  2.50000000E-02 -2.46299334E-13  2.35967979E-13 
    1407  1.62500000E+02  8.87500000E+02 -5.24665436E-01  1.51303227E+00  9.88366836E-01  2.50000000E-02 -1.81381399E-13  2.99835882E-13 
    1408  1.87500000E+02  8.87500000E+02 -7.19673157E-01  1.70803999E+00  9.88366836E-01  2.50000000E-02 -2.47836878E-13  5.35702017E-13 
    1409  2.12500000E+02  8.87500000E+02 -2.54747273E-01  1.24311411E+00  9.88366836E-01  2.50000000E-02 -2.90181257E-13  4.83784065E-13 
    1410  2.37500000E+02  8.87500000E+02  6.83815792E-02  9.19985257E-01  9.88366836E-01  2.50000000E-02 -2.58161239E-13  6.07708375E-13 
    1411  2.62500000E+02  8.87500000E+02  8.39491579E-01  1.48875257E-01  9.88366836E-01  2.50000000E-02 -8.43482038E-13  6.84052251E-13 
    1412  2.87500000E+02  8.87500000E+02  1.15899667E-01  8.72467169E-01  9.88366836E-01  2.50000000E-02 -4.37990077E-13  1.25784537E-14 
    1413  3.12500000E+02  8.87500000E+02 -5.96846993E-01  1.58521383E+00  9.88366836E-01  2.50000000E-02 -4.45168125E-13 -2.93150320E-14 
    1414  3.37500000E+02  8.87500000E+02 -4.74669581E-02  1.03583379E+00  9.88366836E-01  2.50000000E-02 -4.76395523E-13  1.29306434E-12 
    1415  3.62500000E+02  8.87500000E+02  9.86726756E-01  1.64007938E-03  9.88366836E-01  2.50000000E-02 -7.34381699E-12  1.74240906E-13 
    1416  3.87500000E+02  8.87500000E+02  2.24678442E-01  7.63688394E-01  9.88366836E-01  2.50000000E-02 -8.94278483E-13  5.62727148E-13 
    1417  4.12500000E+02  8.87500000E+02 -7.30762253E-01  1.71912909E+00  9.88366836E-01  2.50000000E-02 -1.19577151E-12  1.24690410E-13 
    1418  4.37500000E+02  8.87500000E+02  5.75043059E-01  4.13323777E-01  9.88366836E-01  2.50000000E-02 -2.31203674E-12  3.59180623E-13 
    1419  4.62500000E+02  8.87500000E+02 -6.31575044E-01  1.61994188E+00  9.88366836E-01  2.50000000E-02 -2.51308375E-12 -6.15231881E-13 
    1420  4.87500000E+02  8.87500000E+02  1.30468460E-01  8.57898376E-01  9.88366836E-01  2.50000000E-02 -2.49529836E-12 -5.37553479E-13 
    1421  5.12500000E+02  8.87500000E+02 -8.54843183E-02  1.07385115E+00  9.88366836E-01  2.50000000E-02 -2.65144775E-12  5.96553862E-13 
    1422  5.37500000E+02  8.87500000E+02 -4.66690687E-01  1.45505752E+00  9.88366836E-01  2.50000000E-02 -2.71702801E-12  9.69519512E-13 
    1423  5.62500000E+02  8.87500000E+02  1.98478416E-01  7.89888420E-01  9.88366836E-01  2.50000000E-02 -3.03401464E-12  6.21524242E-13 
    1424  5.87500000E+02  8.87500000E+02  6.91373008E-01  2.96993827E-01  9.88366836E-01  2.50000000E-02 -4.80085760E-12  1.46310829E-12 
    1425  6.12500000E+02  8.87500000E+02  4.36357020E-01  5.52009816E-01  9.88366836E-01  2.50000000E-02 -3.79340788E-12 -1.70087869E-12 
    1426  6.37500000E+02  8.87500000E+02 -3.75622754E-01  1.36398959E+00  9.88366836E-01  2.50000000E-02 -3.00951172E-12  1.74654813E-12 
    1427  6.62500000E+02  8.87500000E+02 -4.53691987E-01  1.44205882E+00  9.88366836E-01  2.50000000E-02 -2.70929101E-12  8.04459286E-13 
    1428  6.87500000E+02  8.87500000E+02 -3.82558556E-01  1.37092539E+00  9.88366836E-01  2.50000000E-02 -2.64927612E-12  3.04991321E-12 
    1429  7.12500000E+02  8.87500000E+02  6.95889476E-01  2.92477360E-01  9.88366836E-01  2.50000000E-02 -4.49991859E-12  1.76215519E-13 
    1430  7.37500000E+02  8.87500000E+02 -3.97057235E-02  1.02807256E+00  9.88366836E-01  2.50000000E-02 -3.63887258E-12  2.51671448E-12 
    1431  7.62500000E+02  8.87500000E+02 -3.21406477E-01  1.30977331E+00  9.88366836E-01  2.50000000E-02 -3.48547187E-12 -1.04027135E-12 
    1432  7.87500000E+02  8.87500000E+02 -1.37715400E-01  1.12608224E+00  9.88366836E-01  2.50000000E-02 -3.66215424E-12  2.04283275E-13 
    1433  8.12500000E+02  8.87500000E+02 -1.24653555E-01  1.11302039E+00  9.88366836E-01  2.50000000E-02 -4.04472327E-12  1.56063475E-12 
    1434  8.37500000E+02  8.87500000E+02 -5.31782411E-02  1.04154508E+00  9.88366836E-01  2.50000000E-02 -4.18834661E-12  6.27245432E-13 
    1435  8.62500000E+02  8.87500000E+02 -6.70792831E-01  1.65915967E+00  9.88366836E-01  2.50000000E-02 -3.72502115E-12  6.78307222E-12 
    1436  8.87500000E+02  8.87500000E+02 -1.94368657E-01  1.18273549E+00  9.88366836E-01  2.50000000E-02 -3.38317160E-12 -1.94140041E-13 
    1437  9.12500000E+02  8.87500000E+02 -6.22169355E-02  1.05058377E+00  9.88366836E-01  2.50000000E-02 -3.21600378E-12  8.55378689E-13 
    1438  9.37500000E+02  8.87500000E+02 -2.82240705E-01  1.27060754E+00  9.88366836E-01  2.50000000E-02 -2.60975547E-12  1.91595435E-12 
    1439  9.62500000E+02  8.87500000E+02  1.64184544E-01  8.24182292E-01  9.88366836E-01  2.50000000E-02 -1.69373657E-12 -5.94030398E-13 
    1440  9.87500000E+02  8.87500000E+02 -3.06219751E-02  1.01898881E+00  9.88366836E-01  2.50000000E-02 -6.14114865E-13  2.14193225E-12 
    1441  1.25000000E+01  9.12500000E+02  3.88405572E-01  5.99961264E-01  9.88366836E-01  2.50000000E-02  4.20898615E-14  1.31729873E-12 
    1442  3.75000000E+01  9.12500000E+02  1.51280795E-01  8.37086041E-01  9.88366836E-01  2.50000000E-02 -4.73570098E-14  1.81149294E-13 
    1443  6.25000000E+01  9.12500000E+02 -3.04139805E-01  1.29250664E+00  9.88366836E-01  2.50000000E-02 -1.93070587E-13  2.29683372E-13 
    1444  8.75000000E+01  9.12500000E+02 -7.90098644E-01  1.77846548E+00  9.88366836E-01  2.50000000E-02 -2.33839290E-13  7.81011300E-13 
    1445  1.12500000E+02  9.12500000E+02  7.07785279E-01  2.80581556E-01  9.88366836E-01  2.50000000E-02 -3.90833328E-13  6.43873550E-13 
    1446  1.37500000E+02  9.12500000E+02  8.57594923E-01  1.30771913E-01  9.88366836E-01  2.50000000E-02 -8.71642673E-13  5.69317801E-13 
    1447  1.62500000E+02  9.12500000E+02 -8.07520116E-01  1.79588695E+00  9.88366836E-01  2.50000000E-02 -3.02745492E-13  3.30673704E-13 
    1448  1.87500000E+02  9.12500000E+02  3.35942190E-01  6.52424646E-01  9.88366836E-01  2.50000000E-02 -3.44961353E-13  5.28256714E-13 
    1449  2.12500000E+02  9.12500000E+02 -2.77486749E-01  1.26585358E+00  9.88366836E-01  2.50000000E-02 -2.11019635E-13  3.82500237E-13 
    1450  2.37500000E+02  9.12500000E+02 -3.12058132E-01  1.30042497E+00  9.88366836E-01  2.50000000E-02 -7.43365410E-14  4.39996133E-13 
    1451  2.62500000E+02  9.12500000E+02 -3.83367170E-01  1.37173401E+00  9.88366836E-01  2.50000000E-02 -4.54867378E-14 -1.56044798E-14 
    1452  2.87500000E+02  9.12500000E+02  8.70565118E-01  1.17801718E-01  9.88366836E-01  2.50000000E-02 -1.14624227E-12  6.60756540E-13 
    1453  3.12500000E+02  9.12500000E+02 -7.50646418E-01  1.73901325E+00  9.88366836E-01  2.50000000E-02 -1.32566390E-12  1.11519057E-13 
    1454  3.37500000E+02  9.12500000E+02  4.16096782E-01  5.72270053E-01  9.88366836E-01  2.50000000E-02 -1.38963545E-12  1.24836137E-12 
    1455  3.62500000E+02  9.12500000E+02 -3.92942277E-01  1.38130911E+00  9.88366836E-01  2.50000000E-02 -1.23635455E-12  1.90615726E-12 
    1456  3.87500000E+02  9.12500000E+02 -9.57833220E-01  1.94620006E+00  9.88366836E-01  2.50000000E-02 -1.15266767E-12  8.94350075E-13 
    1457  4.12500000E+02  9.12500000E+02 -3.25219041E-01  1.31358588E+00  9.88366836E-01  2.50000000E-02 -1.26532088E-12 -4.22728108E-15 
    1458  4.37500000E+02  9.12500000E+02  2.64936649E-01  7.23430187E-01  9.88366836E-01  2.50000000E-02 -1.82114793E-12 -1.43712613E-13 
    1459  4.62500000E+02  9.12500000E+02  6.83520915E-01  3.04845920E-01  9.88366836E-01  2.50000000E-02 -2.66040053E-12 -6.76102204E-13 
    1460  4.87500000E+02  9.12500000E+02 -8.15006038E-02  1.06986744E+00  9.88366836E-01  2.50000000E-02 -1.60815869E-12 -1.63644242E-13 
    1461  5.12500000E+02  9.12500000E+02 -5.83436561E-01  1.57180340E+00  9.88366836E-01  2.50000000E-02 -1.54769838E-12  8.19432879E-13 
    1462  5.37500000E+02  9.12500000E+02 -8.37726170E-01  1.82609301E+00  9.88366836E-01  2.50000000E-02 -1.48024174E-12  6.03357910E-13 
    1463  5.62500000E+02  9.12500000E+02 -5.10982256E-01  1.49934909E+00  9.88366836E-01  2.50000000E-02 -1.58356195E-12 -2.49996520E-13 
    1464  5.87500000E+02  9.12500000E+02  2.44398885E-01  7.43967951E-01  9.88366836E-01  2.50000000E-02 -2.61062054E-12  1.23153126E-12 
    1465  6.12500000E+02  9.12500000E+02 -9.47668472E-01  1.93603531E+00  9.88366836E-01  2.50000000E-02 -2.14484354E-12 -1.33356082E-12 
    1466  6.37500000E+02  9.12500000E+02 -5.51132154E-01  1.53949899E+00  9.88366836E-01  2.50000000E-02 -1.98685270E-12  1.47608040E-12 
    1467  6.62500000E+02  9.12500000E+02  5.83388787E-01  4.04978049E-01  9.88366836E-01  2.50000000E-02 -3.09207836E-12  1.04992823E-12 
    1468  6.87500000E+02  9.12500000E+02  1.67800515E-01  8.20566320E-01  9.88366836E-01  2.50000000E-02 -3.06735998E-12  1.70292691E-12 
    1469  7.12500000E+02  9.12500000E+02  7.84184367E-01  2.04182469E-01  9.88366836E-01  2.50000000E-02 -2.03423685E-12 -4.89036147E-13 
    1470  7.37500000E+02  9.12500000E+02 -4.43871320E-02  1.03275397E+00  9.88366836E-01  2.50000000E-02  3.45422870E-13  2.42341974E-12 
    1471  7.62500000E+02  9.12500000E+02 -2.68744283E-01  1.25711112E+00  9.88366836E-01  2.50000000E-02  5.58906867E-13 -1.04025229E-12 
    1472  7.87500000E+02  9.12500000E+02 -9.53819213E-03  9.97905028E-01  9.88366836E-01  2.50000000E-02  5.70390860E-13  1.70324374E-13 
    1473  8.12500000E+02  9.12500000E+02 -4.55987203E-01  1.44435404E+00  9.88366836E-01  2.50000000E-02  4.67191873E-13  1.55820549E-12 
    1474  8.37500000E+02  9.12500000E+02  7.36070775E-01  2.52296060E-01  9.88366836E-01  2.50000000E-02 -4.49109849E-13  1.16228616E-12 
    1475  8.62500000E+02  9.12500000E+02  7.59808647E-02  9.12385971E-01  9.88366836E-01  2.50000000E-02  1.18040252E-12  5.39491448E-12 
    1476  8.87500000E+02  9.12500000E+02 -9.92158611E-01  1.98052545E+00  9.88366836E-01  2.50000000E-02  1.29844649E-12 -2.29881674E-13 
    1477  9.12500000E+02  9.12500000E+02  3.02283360E-01  6.86083476E-01  9.88366836E-01  2.50000000E-02  1.07658975E-12  7.68282479E-13 
    1478  9.37500000E+02  9.12500000E+02  9.20759821E-01  6.76070151E-02  9.88366836E-01  2.50000000E-02  1.51205673E-12  1.34396179E-12 
    1479  9.62500000E+02  9.12500000E+02 -5.80980122E-01  1.56934696E+00  9.88366836E-01  2.50000000E-02 -6.23959149E-13 -5.72854164E-13 
    1480  9.87500000E+02  9.12500000E+02  5.28786169E-01  4.59580667E-01  9.88366836E-01  2.50000000E-02 -3.58510402E-13  1.48641996E-12 
    1481  1.25000000E+01  9.37500000E+02  7.34919795E-01  2.53447040E-01  9.88366836E-01  2.50000000E-02  1.68512239E-13  1.50709263E-12 
    1482  3.75000000E+01  9.37500000E+02 -8.75809183E-01  1.86417602E+00  9.88366836E-01  2.50000000E-02  1.00780668E-13  9.78296862E-14 
    1483  6.25000000E+01  9.37500000E+02  4.82332735E-01  5.06034101E-01  9.88366836E-01  2.50000000E-02 -2.97812685E-14  4.14551802E-13 
    1484  8.75000000E+01  9.37500000E+02  2.98046826E-01  6.90320009E-01  9.88366836E-01  2.50000000E-02 -6.94048039E-14  6.38661654E-13 
    1485  1.12500000E+02  9.37500000E+02  9.53217469E-01  3.51493673E-02  9.88366836E-01  2.50000000E-02 -5.60883026E-13  5.83704118E-13 
    1486  1.37500000E+02  9.37500000E+02  1.48860910E-01  8.39505926E-01  9.88366836E-01  2.50000000E-02 -4.25216772E-13  2.00731390E-14 
    1487  1.62500000E+02  9.37500000E+02  6.29629172E-01  3.58737664E-01  9.88366836E-01  2.50000000E-02 -4.34909188E-13  7.09498141E-13 
    1488  1.87500000E+02  9.37500000E+02 -3.04770272E-01  1.29313711E+00  9.88366836E-01  2.50000000E-02 -5.52632310E-13  2.42902744E-13 
    1489  2.12500000E+02  9.37500000E+02  8.65550920E-01  1.22815916E-01  9.88366836E-01  2.50000000E-02 -1.08028525E-12  1.01334873E-12 
    1490  2.37500000E+02  9.37500000E+02  8.68394624E-01  1.19972212E-01  9.88366836E-01  2.50000000E-02 -1.32641845E-12  7.15713240E-13 
    1491  2.62500000E+02  9.37500000E+02 -8.26868350E-01  1.81523519E+00  9.88366836E-01  2.50000000E-02 -2.80803665E-13  3.80322189E-14 
    1492  2.87500000E+02  9.37500000E+02 -9.47225403E-01  1.93559224E+00  9.88366836E-01  2.50000000E-02 -4.08612527E-13  2.72383064E-13 
    1493  3.12500000E+02  9.37500000E+02 -1.30141149E-01  1.11850799E+00  9.88366836E-01  2.50000000E-02 -8.16897185E-13  3.43433932E-13 
    1494  3.37500000E+02  9.37500000E+02  2.38649677E-01  7.49717158E-01  9.88366836E-01  2.50000000E-02 -1.29064532E-12  9.53186789E-13 
    1495  3.62500000E+02  9.37500000E+02  6.68767066E-01  3.19599770E-01  9.88366836E-01  2.50000000E-02 -2.48019208E-12  1.89123436E-12 
    1496  3.87500000E+02  9.37500000E+02  4.87360395E-01  5.01006441E-01  9.88366836E-01  2.50000000E-02 -2.47907548E-12  1.22211280E-12 
    1497  4.12500000E+02  9.37500000E+02  2.94828656E-01  6.93538180E-01  9.88366836E-01  2.50000000E-02 -2.39569549E-12 -3.69422895E-13 
    1498  4.37500000E+02  9.37500000E+02  1.98095948E-01  7.90270888E-01  9.88366836E-01  2.50000000E-02 -2.49022583E-12 -3.75782654E-13 
    1499  4.62500000E+02  9.37500000E+02 -9.78490582E-01  1.96685742E+00  9.88366836E-01  2.50000000E-02 -1.59710974E-12  2.22696703E-14 
    1500  4.87500000E+02  9.37500000E+02 -9.35325731E-01  1.92369257E+00  9.88366836E-01  2.50000000E-02 -1.35868495E-12  1.49040502E-13 
    1501  5.12500000E+02  9.37500000E+02 -9.56784893E-01  1.94515173E+00  9.88366836E-01  2.50000000E-02 -1.56780862E-12  8.55420528E-13 
    1502  5.37500000E+02  9.37500000E+02  2.98263193E-01  6.90103643E-01  9.88366836E-01  2.50000000E-02 -2.52763851E-12  5.78548188E-13 
    1503  5.62500000E+02  9.37500000E+02  3.15803437E-01  6.72563399E-01  9.88366836E-01  2.50000000E-02 -2.94082783E-12 -5.13597869E-13 
    1504  5.87500000E+02  9.37500000E+02 -4.35304940E-01  1.42367178E+00  9.88366836E-01  2.50000000E-02 -3.82544271E-12  1.07661777E-12 
    1505  6.12500000E+02  9.37500000E+02  6.58213495E-01  3.30153341E-01  9.88366836E-01  2.50000000E-02 -5.57108901E-12 -9.08801132E-13 
    1506  6.37500000E+02  9.37500000E+02  2.65929123E-01  7.22437712E-01  9.88366836E-01  2.50000000E-02 -4.42476877E-12  1.37370417E-12 
    1507  6.62500000E+02  9.37500000E+02  2.53591048E-01  7.34775788E-01  9.88366836E-01  2.50000000E-02 -4.51125554E-12  1.04895914E-12 
    1508  6.87500000E+02  9.37500000E+02  4.20484636E-01  5.67882200E-01  9.88366836E-01  2.50000000E-02 -4.87252969E-12  1.22489058E-12 
    1509  7.12500000E+02  9.37500000E+02  9.27306853E-02  8.95636151E-01  9.88366836E-01  2.50000000E-02 -4.15175586E-12 -4.75209298E-13 
    1510  7.37500000E+02  9.37500000E+02  2.49961450E-01  7.38405386E-01  9.88366836E-01  2.50000000E-02 -3.40576116E-12  2.02335406E-12 
    1511  7.62500000E+02  9.37500000E+02 -6.40387268E-01  1.62875410E+00  9.88366836E-01  2.50000000E-02 -2.36066422E-12 -9.74695283E-13 
    1512  7.87500000E+02  9.37500000E+02 -7.41023022E-01  1.72938986E+00  9.88366836E-01  2.50000000E-02 -2.20843997E-12  1.54879400E-13 
    1513  8.12500000E+02  9.37500000E+02 -6.82917758E-01  1.67128459E+00  9.88366836E-01  2.50000000E-02 -2.35155469E-12  1.48656124E-12 
    1514  8.37500000E+02  9.37500000E+02  1.12980395E-01  8.75386441E-01  9.88366836E-01  2.50000000E-02 -2.82351139E-12  1.25532557E-12 
    1515  8.62500000E+02  9.37500000E+02  2.45730310E-01  7.42636526E-01  9.88366836E-01  2.50000000E-02 -2.20484860E-12  4.01076046E-12 
    1516  8.87500000E+02  9.37500000E+02 -2.26569120E-01  1.21493596E+00  9.88366836E-01  2.50000000E-02 -1.06885560E-12 -5.97108214E-14 
    1517  9.12500000E+02  9.37500000E+02 -5.49723705E-01  1.53809054E+00  9.88366836E-01  2.50000000E-02 -7.64415454E-13  8.07252068E-13 
    1518  9.37500000E+02  9.37500000E+02 -2.41878206E-01  1.23024504E+00  9.88366836E-01  2.50000000E-02 -5.82326423E-13 -5.37052391E-13 
    1519  9.62500000E+02  9.37500000E+02  5.59834469E-01  4.28532367E-01  9.88366836E-01  2.50000000E-02 -3.76392440E-13 -6.24603284E-13 
    1520  9.87500000E+02  9.37500000E+02 -6.51116848E-01  1.63948368E+00  9.88366836E-01  2.50000000E-02 -4.70060851E-14  2.31157500E-13 
    1521  1.25000000E+01  9.62500000E+02  8.96722093E-01  9.16447424E-02  9.88366836E-01  2.50000000E-02 -3.01490277E-13  1.36238263E-12 
    1522  3.75000000E+01  9.62500000E+02 -8.42159858E-01  1.83052669E+00  9.88366836E-01  2.50000000E-02 -7.37277998E-13  8.55928323E-14 
    1523  6.25000000E+01  9.62500000E+02  7.35773468E-01  2.52593368E-01  9.88366836E-01  2.50000000E-02 -9.52534958E-13  4.59700608E-13 
    1524  8.75000000E+01  9.62500000E+02 -4.75535013E-01  1.46390185E+00  9.88366836E-01  2.50000000E-02 -9.32828709E-13  5.32480561E-13 
    1525  1.12500000E+02  9.62500000E+02  7.68205346E-01  2.20161490E-01  9.88366836E-01  2.50000000E-02 -8.21043262E-13 -3.01131149E-13 
    1526  1.37500000E+02  9.62500000E+02 -3.04672445E-01  1.29303928E+00  9.88366836E-01  2.50000000E-02 -7.51493196E-13 -2.99881055E-14 
    1527  1.62500000E+02  9.62500000E+02  5.74915790E-01  4.13451046E-01  9.88366836E-01  2.50000000E-02 -6.75193387E-13  3.85642302E-13 
    1528  1.87500000E+02  9.62500000E+02 -3.92427551E-01  1.38079439E+00  9.88366836E-01  2.50000000E-02 -4.44608890E-13  1.56055286E-13 
    1529  2.12500000E+02  9.62500000E+02 -5.88412673E-02  1.04720810E+00  9.88366836E-01  2.50000000E-02 -4.97648984E-13 -4.30664964E-15 
    1530  2.37500000E+02  9.62500000E+02  5.45428619E-01  4.42938217E-01  9.88366836E-01  2.50000000E-02 -1.02111448E-12  5.15596938E-14 
    1531  2.62500000E+02  9.62500000E+02 -7.43832154E-02  1.06275005E+00  9.88366836E-01  2.50000000E-02 -7.60350701E-13  2.03069731E-13 
    1532  2.87500000E+02  9.62500000E+02 -8.95814017E-02  1.07794824E+00  9.88366836E-01  2.50000000E-02 -7.85703862E-13  2.05984943E-13 
    1533  3.12500000E+02  9.62500000E+02  3.83351312E-01  6.05015524E-01  9.88366836E-01  2.50000000E-02 -1.11832897E-12  2.93784780E-13 
    1534  3.37500000E+02  9.62500000E+02  1.64148860E-01  8.24217976E-01  9.88366836E-01  2.50000000E-02 -1.28614406E-12  5.20748719E-13 
    1535  3.62500000E+02  9.62500000E+02  6.71659560E-01  3.16707276E-01  9.88366836E-01  2.50000000E-02 -1.41465982E-12  1.48185491E-12 
    1536  3.87500000E+02  9.62500000E+02  5.99661382E-01  3.88705453E-01  9.88366836E-01  2.50000000E-02 -1.32849768E-12  1.27174038E-12 
    1537  4.12500000E+02  9.62500000E+02  9.46653930E-01  4.17129063E-02  9.88366836E-01  2.50000000E-02 -5.43437941E-12  1.80947761E-12 
    1538  4.37500000E+02  9.62500000E+02  8.56148547E-01  1.32218289E-01  9.88366836E-01  2.50000000E-02 -5.58698951E-12  7.99541865E-13 
    1539  4.62500000E+02  9.62500000E+02 -9.11244148E-01  1.89961098E+00  9.88366836E-01  2.50000000E-02 -3.67906001E-12  8.40218306E-14 
    1540  4.87500000E+02  9.62500000E+02  7.41694063E-01  2.46672773E-01  9.88366836E-01  2.50000000E-02 -3.16755323E-12  2.44846371E-13 
    1541  5.12500000E+02  9.62500000E+02  2.66200869E-01  7.22165967E-01  9.88366836E-01  2.50000000E-02 -3.51630532E-12  4.14864063E-13 
    1542  5.37500000E+02  9.62500000E+02  7.96732860E-01  1.91633975E-01  9.88366836E-01  2.50000000E-02 -3.75484416E-12  9.87021648E-13 
    1543  5.62500000E+02  9.62500000E+02  5.98661757E-01  3.89705078E-01  9.88366836E-01  2.50000000E-02 -3.15169053E-12  7.87672990E-14 
    1544  5.87500000E+02  9.62500000E+02  6.19124027E-01  3.69242809E-01  9.88366836E-01  2.50000000E-02 -2.73848308E-12  8.54158188E-13 
    1545  6.12500000E+02  9.62500000E+02 -4.32051852E-01  1.42041869E+00  9.88366836E-01  2.50000000E-02 -1.15183690E-12 -7.21976739E-13 
    1546  6.37500000E+02  9.62500000E+02 -7.08649779E-01  1.69701661E+00  9.88366836E-01  2.50000000E-02 -9.65462982E-13  1.42994694E-12 
    1547  6.62500000E+02  9.62500000E+02  5.82485926E-01  4.05880910E-01  9.88366836E-01  2.50000000E-02 -1.02724734E-12  5.12942107E-13 
    1548  6.87500000E+02  9.62500000E+02  9.49551748E-01  3.88150876E-02  9.88366836E-01  2.50000000E-02 -3.87901684E-12  2.71832680E-12 
    1549  7.12500000E+02  9.62500000E+02  6.77367560E-01  3.10999275E-01  9.88366836E-01  2.50000000E-02 -1.59471204E-12  1.29710603E-13 
    1550  7.37500000E+02  9.62500000E+02  5.27567504E-01  4.60799332E-01  9.88366836E-01  2.50000000E-02 -9.07937287E-13  1.26945885E-12 
    1551  7.62500000E+02  9.62500000E+02  5.84450674E-01  4.03916162E-01  9.88366836E-01  2.50000000E-02 -7.33612949E-13 -1.73153984E-13 
    1552  7.87500000E+02  9.62500000E+02  1.27239764E-01  8.61127072E-01  9.88366836E-01  2.50000000E-02 -8.72427829E-13  1.71235828E-13 
    1553  8.12500000E+02  9.62500000E+02  4.08184924E-01  5.80181912E-01  9.88366836E-01  2.50000000E-02 -8.31802818E-13  1.18132874E-12 
    1554  8.37500000E+02  9.62500000E+02  9.69415757E-01  1.89510785E-02  9.88366836E-01  2.50000000E-02 -2.48449732E-12  1.46872834E-12 
    1555  8.62500000E+02  9.62500000E+02 -4.55126912E-01  1.44349375E+00  9.88366836E-01  2.50000000E-02  8.60363347E-13  1.98828886E-12 
    1556  8.87500000E+02  9.62500000E+02 -3.50936499E-02  1.02346049E+00  9.88366836E-01  2.50000000E-02  8.82632643E-13 -1.37132898E-14 
    1557  9.12500000E+02  9.62500000E+02  3.37572878E-01  6.50793958E-01  9.88366836E-01  2.50000000E-02  9.20490907E-13  3.68994329E-13 
    1558  9.37500000E+02  9.62500000E+02 -8.75588298E-01  1.86395513E+00  9.88366836E-01  2.50000000E-02  8.48789422E-13 -4.11335031E-13 
    1559  9.62500000E+02  9.62500000E+02  4.93574482E-01  4.94792354E-01  9.88366836E-01  2.50000000E-02  3.82557427E-13 -5.36640691E-13 
    1560  9.87500000E+02  9.62500000E+02 -5.51021495E-01  1.53938833E+00  9.88366836E-01  2.50000000E-02  8.71822353E-15  1.14946960E-13 
    1561  1.25000000E+01  9.87500000E+02  7.80190091E-01  2.08176745E-01  9.88366836E-01  2.50000000E-02 -8.26482795E-14  2.22492296E-13 
    1562  3.75000000E+01  9.87500000E+02 -1.81548055E-02  1.00652164E+00  9.88366836E-01  2.50000000E-02 -1.36210324E-13  6.65850122E-14 
    1563  6.25000000E+01  9.87500000E+02  7.71319893E-01  2.17046943E-01  9.88366836E-01  2.50000000E-02 -2.11099276E-13  2.17143350E-13 
    1564  8.75000000E+01  9.87500000E+02  8.88495144E-01  9.98716921E-02  9.88366836E-01  2.50000000E-02 -7.23903853E-13  4.38373229E-13 
    1565  1.12500000E+02  9.87500000E+02  4.92368360E-01  4.95998476E-01  9.88366836E-01  2.50000000E-02 -5.95163164E-13 -6.87606537E-14 
    1566  1.37500000E+02  9.87500000E+02 -4.30424939E-01  1.41879177E+00  9.88366836E-01  2.50000000E-02 -3.69112005E-13 -2.21298093E-14 
    1567  1.62500000E+02  9.87500000E+02 -5.44610253E-01  1.53297709E+00  9.88366836E-01  2.50000000E-02 -4.07512627E-13  2.82295770E-14 
    1568  1.87500000E+02  9.87500000E+02  1.28043422E-01  8.60323413E-01  9.88366836E-01  2.50000000E-02 -6.70775324E-13  9.77065818E-14 
    1569  2.12500000E+02  9.87500000E+02  4.76008640E-01  5.12358196E-01  9.88366836E-01  2.50000000E-02 -1.04118283E-12 -4.08411946E-14 
    1570  2.37500000E+02  9.87500000E+02 -2.24396448E-01  1.21276328E+00  9.88366836E-01  2.50000000E-02 -1.18490560E-12  3.38704706E-15 
    1571  2.62500000E+02  9.87500000E+02  3.63342812E-01  6.25024024E-01  9.88366836E-01  2.50000000E-02 -1.09237569E-12  1.76742978E-13 
    1572  2.87500000E+02  9.87500000E+02  1.71146563E-01  8.17220273E-01  9.88366836E-01  2.50000000E-02 -8.85777210E-13  6.36178896E-14 
    1573  3.12500000E+02  9.87500000E+02 -2.55419759E-01  1.24378659E+00  9.88366836E-01  2.50000000E-02 -6.11444807E-13  5.91511761E-14 
    1574  3.37500000E+02  9.87500000E+02 -8.66685646E-01  1.85505248E+00  9.88366836E-01  2.50000000E-02 -4.18308563E-13  7.14084695E-14 
    1575  3.62500000E+02  9.87500000E+02 -4.65567840E-01  1.45393468E+00  9.88366836E-01  2.50000000E-02 -2.69361790E-13  1.00171396E-13 
    1576  3.87500000E+02  9.87500000E+02 -4.61431498E-01  1.44979833E+00  9.88366836E-01  2.50000000E-02 -1.36774323E-13  1.00110425E-13 
    1577  4.12500000E+02  9.87500000E+02 -2.80989792E-01  1.26935663E+00  9.88366836E-01  2.50000000E-02 -1.02713585E-13  1.17668042E-14 
    1578  4.37500000E+02  9.87500000E+02  7.01271443E-01  2.87095393E-01  9.88366836E-01  2.50000000E-02 -4.35176257E-13  4.46192536E-13 
    1579  4.62500000E+02  9.87500000E+02  9.85313228E-01  3.05360810E-03  9.88366836E-01  2.50000000E-02 -8.93669141E-12  1.16125352E-11 
    1580  4.87500000E+02  9.87500000E+02 -5.00564128E-01  1.48893096E+00  9.88366836E-01  2.50000000E-02 -1.48018915E-13  1.02967263E-14 
    1581  5.12500000E+02  9.87500000E+02  4.67460687E-02  9.41620767E-01  9.88366836E-01  2.50000000E-02 -1.09857860E-13  1.04328520E-13 
    1582  5.37500000E+02  9.87500000E+02 -3.67814905E-01  1.35618174E+00  9.88366836E-01  2.50000000E-02 -6.38881846E-14  3.32321261E-14 
    1583  5.62500000E+02  9.87500000E+02 -2.25677842E-01  1.21404468E+00  9.88366836E-01  2.50000000E-02 -5.98536126E-14  5.95512275E-14 
    1584  5.87500000E+02  9.87500000E+02  9.68637570E-01  1.97292654E-02  9.88366836E-01  2.50000000E-02 -3.96205378E-12  1.17231043E-12 
    1585  6.12500000E+02  9.87500000E+02  8.61150098E-01  1.27216738E-01  9.88366836E-01  2.50000000E-02 -2.03716454E-12  3.52638289E-14 
    1586  6.37500000E+02  9.87500000E+02  4.40708159E-01  5.47658677E-01  9.88366836E-01  2.50000000E-02 -2.25275159E-13  2.96065861E-13 
    1587  6.62500000E+02  9.87500000E+02 -4.93636618E-01  1.48200345E+00  9.88366836E-01  2.50000000E-02 -1.11055226E-13  5.20826849E-15 
    1588  6.87500000E+02  9.87500000E+02  2.86862288E-02  9.59680607E-01  9.88366836E-01  2.50000000E-02 -2.06040480E-13  1.33695334E-14 
    1589  7.12500000E+02  9.87500000E+02  8.13472892E-01  1.74893944E-01  9.88366836E-01  2.50000000E-02 -1.07038470E-12  3.62690917E-13 
    1590  7.37500000E+02  9.87500000E+02 -1.47160918E-01  1.13552775E+00  9.88366836E-01  2.50000000E-02  1.83842693E-14  1.79200978E-13 
    1591  7.62500000E+02  9.87500000E+02 -4.87373231E-01  1.47574007E+00  9.88366836E-01  2.50000000E-02  1.59195093E-14 -1.48532758E-14 
    1592  7.87500000E+02  9.87500000E+02  1.47170481E-01  8.41196355E-01  9.88366836E-01  2.50000000E-02 -1.12856718E-13  8.09940392E-14 
    1593  8.12500000E+02  9.87500000E+02  7.84715252E-01  2.03651584E-01  9.88366836E-01  2.50000000E-02 -3.10322723E-13  3.60082239E-13 
    1594  8.37500000E+02  9.87500000E+02  8.76695779E-01  1.11671057E-01  9.88366836E-01  2.50000000E-02 -8.61848991E-13  9.00159503E-15 
    1595  8.62500000E+02  9.87500000E+02 -4.94772749E-03  9.93314563E-01  9.88366836E-01  2.50000000E-02  8.78097221E-13  6.21119896E-13 
    1596  8.87500000E+02  9.87500000E+02 -3.80833447E-01  1.36920028E+00  9.88366836E-01  2.50000000E-02  7.80147399E-13  3.03095426E-14 
    1597  9.12500000E+02  9.87500000E+02 -7.36947486E-01  1.72531432E+00  9.88366836E-01  2.50000000E-02  6.09230610E-13  4.79873988E-14 
    1598  9.37500000E+02  9.87500000E+02 -7.00983651E-01  1.68935049E+00  9.88366836E-01  2.50000000E-02  5.84833800E-13 -1.61162305E-13 
    1599  9.62500000E+02  9.87500000E+02  5.93900250E-01  3.94466586E-01  9.88366836E-01  2.50000000E-02  4.60725162E-13 -1.50439579E-13 
    1600  9.87500000E+02  9.87500000E+02  6.22605174E-01  3.65761662E-01  9.88366836E-01  2.50000000E-02  7.21115448E-14  9.40880329E-14 
