time h_mean u_mean v_mean w_mean
  2.500000000000000E+00  0.000000000000000E+00  0.000000000000000E+00  0.000000000000000E+00  0.000000000000000E+00
  2.930100314244744E+00  0.000000000000000E+00  0.000000000000000E+00  0.000000000000000E+00  0.000000000000000E+00
  3.461281081585234E+00  0.000000000000000E+00  0.000000000000000E+00  0.000000000000000E+00  0.000000000000000E+00
  4.051171847267777E+00  0.000000000000000E+00  0.000000000000000E+00  0.000000000000000E+00  0.000000000000000E+00
  4.667215015460233E+00  0.000000000000000E+00  0.000000000000000E+00  0.000000000000000E+00  0.000000000000000E+00
  5.291324950027177E+00  0.000000000000000E+00  0.000000000000000E+00  0.000000000000000E+00  0.000000000000000E+00
  6.536331935622448E+00  0.000000000000000E+00  0.000000000000000E+00  0.000000000000000E+00  0.000000000000000E+00
  7.152896697723268E+00  0.000000000000000E+00  0.000000000000000E+00  0.000000000000000E+00  0.000000000000000E+00
  8.372319517182087E+00  0.000000000000000E+00  0.000000000000000E+00  0.000000000000000E+00  0.000000000000000E+00
  9.574521993403618E+00  0.000000000000000E+00  0.000000000000000E+00  0.000000000000000E+00  0.000000000000000E+00
  1.016975896990275E+01  0.000000000000000E+00  0.000000000000000E+00  0.000000000000000E+00  0.000000000000000E+00
  1.134969384069101E+01  0.000000000000000E+00  0.000000000000000E+00  0.000000000000000E+00  0.000000000000000E+00
  1.251699692266693E+01  0.000000000000000E+00  0.000000000000000E+00  0.000000000000000E+00  0.000000000000000E+00
  1.309638598429933E+01  0.000000000000000E+00  0.000000000000000E+00  0.000000000000000E+00  0.000000000000000E+00
  1.424746160482989E+01  0.000000000000000E+00  0.000000000000000E+00  0.000000000000000E+00  0.000000000000000E+00
  1.538921443425445E+01  0.000000000000000E+00  0.000000000000000E+00  0.000000000000000E+00  0.000000000000000E+00
  1.652262719320350E+01  0.000000000000000E+00  0.000000000000000E+00  0.000000000000000E+00  0.000000000000000E+00
  1.708647177095355E+01  0.000000000000000E+00  0.000000000000000E+00  0.000000000000000E+00  0.000000000000000E+00
  1.820889965781559E+01  0.000000000000000E+00  0.000000000000000E+00  0.000000000000000E+00  0.000000000000000E+00
  1.932485241479894E+01  0.000000000000000E+00  0.000000000000000E+00  0.000000000000000E+00  0.000000000000000E+00
  2.043490133768513E+01  0.000000000000000E+00  0.000000000000000E+00  0.000000000000000E+00  0.000000000000000E+00
  2.153954376178952E+01  0.000000000000000E+00  0.000000000000000E+00  0.000000000000000E+00  0.000000000000000E+00
  2.208997570068303E+01  0.000000000000000E+00  0.000000000000000E+00  0.000000000000000E+00  0.000000000000000E+00
  2.318730766775719E+01  0.000000000000000E+00  0.000000000000000E+00  0.000000000000000E+00  0.000000000000000E+00
  2.428022506362698E+01  0.000000000000000E+00  0.000000000000000E+00  0.000000000000000E+00  0.000000000000000E+00
  2.536904596227485E+01  0.000000000000000E+00  0.000000000000000E+00  0.000000000000000E+00  0.000000000000000E+00
  2.645405333051623E+01  0.000000000000000E+00  0.000000000000000E+00  0.000000000000000E+00  0.000000000000000E+00
  2.753550015664440E+01  0.000000000000000E+00  0.000000000000000E+00  0.000000000000000E+00  0.000000000000000E+00
  2.807496027701793E+01  0.000000000000000E+00  0.000000000000000E+00  0.000000000000000E+00  0.000000000000000E+00
  2.915148519879794E+01  0.000000000000000E+00  0.000000000000000E+00  0.000000000000000E+00  0.000000000000000E+00
  3.022497659311129E+01  0.000000000000000E+00  0.000000000000000E+00  0.000000000000000E+00  0.000000000000000E+00
  3.129561098549311E+01  0.000000000000000E+00  0.000000000000000E+00  0.000000000000000E+00  0.000000000000000E+00
  3.236354888274393E+01  0.000000000000000E+00  0.000000000000000E+00  0.000000000000000E+00  0.000000000000000E+00
  3.342893670259569E+01  0.000000000000000E+00  0.000000000000000E+00  0.000000000000000E+00  0.000000000000000E+00
  3.449190843687389E+01  0.000000000000000E+00  0.000000000000000E+00  0.000000000000000E+00  0.000000000000000E+00
  3.502252710164683E+01  0.000000000000000E+00  0.000000000000000E+00  0.000000000000000E+00  0.000000000000000E+00
  3.608210221459395E+01  0.000000000000000E+00  0.000000000000000E+00  0.000000000000000E+00  0.000000000000000E+00
  3.713955070435508E+01  0.000000000000000E+00  0.000000000000000E+00  0.000000000000000E+00  0.000000000000000E+00
  3.819497301120309E+01  0.000000000000000E+00  0.000000000000000E+00  0.000000000000000E+00  0.000000000000000E+00
  3.924846214401177E+01  0.000000000000000E+00  0.000000000000000E+00  0.000000000000000E+00  0.000000000000000E+00
  4.030010442071053E+01  0.000000000000000E+00  0.000000000000000E+00  0.000000000000000E+00  0.000000000000000E+00
  4.134998012159693E+01  0.000000000000000E+00  0.000000000000000E+00  0.000000000000000E+00  0.000000000000000E+00
  4.239816406588575E+01  0.000000000000000E+00  0.000000000000000E+00  0.000000000000000E+00  0.000000000000000E+00
  4.344472611989123E+01  0.000000000000000E+00  0.000000000000000E+00  0.000000000000000E+00  0.000000000000000E+00
  4.448973164491928E+01  0.000000000000000E+00  0.000000000000000E+00  0.000000000000000E+00  0.000000000000000E+00
  4.501167000098698E+01  0.000000000000000E+00  0.000000000000000E+00  0.000000000000000E+00  0.000000000000000E+00
  4.605445439341471E+01  0.000000000000000E+00  0.000000000000000E+00  0.000000000000000E+00  0.000000000000000E+00
  4.709582844145208E+01  0.000000000000000E+00  0.000000000000000E+00  0.000000000000000E+00  0.000000000000000E+00
  4.813584458259324E+01  0.000000000000000E+00  0.000000000000000E+00  0.000000000000000E+00  0.000000000000000E+00
  4.917455222344428E+01  0.000000000000000E+00  0.000000000000000E+00  0.000000000000000E+00  0.000000000000000E+00
  5.021199798049999E+01  0.000000000000000E+00  0.000000000000000E+00  0.000000000000000E+00  0.000000000000000E+00
  5.124822589695251E+01  0.000000000000000E+00  0.000000000000000E+00  0.000000000000000E+00  0.000000000000000E+00
  5.228327763804417E+01  0.000000000000000E+00  0.000000000000000E+00  0.000000000000000E+00  0.000000000000000E+00
  5.331719266739876E+01  0.000000000000000E+00  0.000000000000000E+00  0.000000000000000E+00  0.000000000000000E+00
  5.435000840664901E+01  0.000000000000000E+00  0.000000000000000E+00  0.000000000000000E+00  0.000000000000000E+00
  5.538176038043446E+01  0.000000000000000E+00  0.000000000000000E+00  0.000000000000000E+00  0.000000000000000E+00
  5.641248234851329E+01  0.000000000000000E+00  0.000000000000000E+00  0.000000000000000E+00  0.000000000000000E+00
  5.744220642640028E+01  0.000000000000000E+00  0.000000000000000E+00  0.000000000000000E+00  0.000000000000000E+00
  5.847096319567770E+01  0.000000000000000E+00  0.000000000000000E+00  0.000000000000000E+00  0.000000000000000E+00
  5.949878180495364E+01  0.000000000000000E+00  0.000000000000000E+00  0.000000000000000E+00  0.000000000000000E+00
  6.001234803962299E+01  0.000000000000000E+00  0.000000000000000E+00  0.000000000000000E+00  0.000000000000000E+00
  6.103881115361484E+01  0.000000000000000E+00  0.000000000000000E+00  0.000000000000000E+00  0.000000000000000E+00
  6.206440329819898E+01  0.000000000000000E+00  0.000000000000000E+00  0.000000000000000E+00  0.000000000000000E+00
  6.308914928665776E+01  0.000000000000000E+00  0.000000000000000E+00  0.000000000000000E+00  0.000000000000000E+00
  6.411307286023148E+01  0.000000000000000E+00  0.000000000000000E+00  0.000000000000000E+00  0.000000000000000E+00
  6.513619675183104E+01  0.000000000000000E+00  0.000000000000000E+00  0.000000000000000E+00  0.000000000000000E+00
  6.615854274497180E+01  0.000000000000000E+00  0.000000000000000E+00  0.000000000000000E+00  0.000000000000000E+00
  6.718013172834684E+01  0.000000000000000E+00  0.000000000000000E+00  0.000000000000000E+00  0.000000000000000E+00
  6.820098374640972E+01  0.000000000000000E+00  0.000000000000000E+00  0.000000000000000E+00  0.000000000000000E+00
  6.922111804630497E+01  0.000000000000000E+00  0.000000000000000E+00  0.000000000000000E+00  0.000000000000000E+00
  7.024055312146069E+01  0.000000000000000E+00  0.000000000000000E+00  0.000000000000000E+00  0.000000000000000E+00
  7.125930675213493E+01  0.000000000000000E+00  0.000000000000000E+00  0.000000000000000E+00  0.000000000000000E+00
  7.227739604318135E+01  5.050211733419432E+00  0.000000000000000E+00  0.000000000000000E+00  0.000000000000000E+00
  7.329483745927196E+01  5.050211733419432E+00  0.000000000000000E+00  0.000000000000000E+00  0.000000000000000E+00
  7.431164685778639E+01  5.050211733419432E+00  0.000000000000000E+00  0.000000000000000E+00  0.000000000000000E+00
  7.532783951955295E+01  5.050211733419432E+00  0.000000000000000E+00  0.000000000000000E+00  0.000000000000000E+00
  7.634343017760662E+01  5.050211733419432E+00  0.000000000000000E+00  0.000000000000000E+00  0.000000000000000E+00
  7.735843304411478E+01  5.050211733419432E+00  3.884095459477407E-13 -2.684582680667486E-38  0.000000000000000E+00
  7.837286183560963E+01  5.050211733419435E+00  2.985386888760241E-12 -3.920972618169464E-36  0.000000000000000E+00
  7.938672979665658E+01  5.050211733419458E+00  1.994168263265174E-11 -4.412032629921963E-35  0.000000000000000E+00
  8.040004972207775E+01  5.050211733419656E+00  1.169851735269830E-10  7.489779297151724E-35  0.000000000000000E+00
  8.141283397783967E+01  5.050211733421099E+00  6.089932141001538E-10  1.462858592698951E-32  0.000000000000000E+00
  8.242509452070406E+01  5.050211733430324E+00  2.838552179952330E-09 -3.615850260610632E-31  0.000000000000000E+00
  8.343684291673075E+01  5.050211733482316E+00  1.192222518834145E-08 -2.089391711991359E-30  0.000000000000000E+00
  8.444809035871323E+01  5.050211733742286E+00  4.537913367912061E-08 -1.541025753363217E-29  0.000000000000000E+00
  8.545884768262053E+01  5.050211734903989E+00  1.574897908287658E-07 -6.187332635324992E-29  0.000000000000000E+00
  8.646912538311321E+01  5.050211739579140E+00  5.016516127833314E-07 -1.099337156484716E-27  0.000000000000000E+00
  8.747893362819619E+01  5.050211756657823E+00  1.476345531906441E-06 -3.781326283980640E-27  0.000000000000000E+00
  8.848828227306714E+01  5.050211813714725E+00  4.038952774975528E-06  2.240763611632775E-26  0.000000000000000E+00
  8.949718087321445E+01  5.050211988937265E+00  1.031222577323187E-05  6.651408252360204E-26  0.000000000000000E+00
  9.000146431371968E+01  5.050212175957365E+00  1.607111319770796E-05  1.041489246958058E-25  0.000000000000000E+00
  9.100970513805584E+01  5.050212987839557E+00  3.720808171822325E-05 -2.649709081039702E-26  0.000000000000000E+00
  9.201751857491961E+01  5.050215043167310E+00  8.107829748436888E-05  7.485156519407758E-25  0.000000000000000E+00
  9.302491322425435E+01  5.050219900919416E+00  1.669815546754097E-04  2.107203483181814E-24  0.000000000000000E+00
  9.403189743719557E+01  5.050230676980094E+00  3.264094592784399E-04  4.377166640403549E-23  0.000000000000000E+00
  9.503847932583238E+01  5.050253223183453E+00  6.078709707659344E-04 -6.295672887491246E-23  0.000000000000000E+00
  9.604466677247962E+01  5.050297823007606E+00  1.079950116006205E-03 -6.392509110309966E-23  0.000000000000000E+00
  9.705046743849007E+01  5.050381361390413E+00  1.832984413527312E-03  5.031665303870310E-23  0.000000000000000E+00
  9.805588877263516E+01  5.050529954948519E+00  2.980056065820070E-03 -1.872109846043088E-22  0.000000000000000E+00
  9.906093801907947E+01  5.050781912490534E+00  4.656055560460982E-03 -1.168814816616645E-21  0.000000000000000E+00
  1.000656222249737E+02  5.051190798524686E+00  7.014748281310364E-03  1.846437239991867E-21  0.000000000000000E+00
  1.010699482476877E+02  5.051828274559056E+00  1.022376243371597E-02  5.865454584558049E-21  0.000000000000000E+00
  1.020739227617049E+02  5.052785591941048E+00  1.444121920122390E-02  1.847285572743257E-21  0.000000000000000E+00
  1.030775522651970E+02  5.054167512724971E+00  1.973823931211599E-02  1.451296182056696E-21  0.000000000000000E+00
  1.040808430862967E+02  5.056087932468221E+00  2.618033594861450E-02  9.492578534838915E-21  0.000000000000000E+00
  1.050838013890858E+02  5.058666945835793E+00  3.381982509978033E-02  3.668038174779710E-20  0.000000000000000E+00
  1.060864331793145E+02  5.062026785451022E+00  4.269363166944227E-02  3.061022200652300E-20  0.000000000000000E+00
  1.070887443098649E+02  5.066287136446364E+00  5.282378626671478E-02  1.150382725471167E-19  0.000000000000000E+00
  1.080907404859756E+02  5.071560014885066E+00  6.421762957319306E-02 -7.486102373978814E-20  0.000000000000000E+00
  1.090924272702376E+02  5.077921634982742E+00  7.661050556027947E-02  1.359832952387975E-21  0.000000000000000E+00
  1.100938100873750E+02  5.085319289832812E+00  8.932646592573530E-02  3.167071275106118E-19  0.000000000000000E+00
  1.110948942288213E+02  5.093705743288435E+00  1.025546934326318E-01  4.785082262107500E-19  0.000000000000000E+00
  1.120956848571025E+02  5.103037985372809E+00  1.163816994105768E-01  1.639421663750635E-20  0.000000000000000E+00
  1.130961870100357E+02  5.113271310980011E+00  1.308504739196477E-01  2.192647151569994E-19  0.000000000000000E+00
  1.140964056047546E+02  5.124357107996153E+00  1.459814918002187E-01 -6.927194525640753E-20  0.000000000000000E+00
  1.150963454415681E+02  5.136241606967405E+00  1.617769329668439E-01  9.264400420428845E-19  0.000000000000000E+00
  1.160960112076633E+02  5.148527341016060E+00  1.773708535596798E-01  1.709334178301774E-18  0.000000000000000E+00
  1.170954074806575E+02  5.160345605458420E+00  1.927643623625361E-01  7.810429230625222E-19  0.000000000000000E+00
  1.180945387320093E+02  5.172017616229154E+00  2.091349029316283E-01 -1.670940398804014E-18  0.000000000000000E+00
  1.190934093302944E+02  5.183704915237084E+00  2.262825521148446E-01 -5.276012439921743E-19  0.000000000000000E+00
  1.200920235443525E+02  5.195499241496414E+00  2.440419154374275E-01 -1.734220680780131E-18  0.000000000000000E+00
  1.210903855463118E+02  5.207452652580390E+00  2.622952712556625E-01 -2.066516576150949E-18  0.000000000000000E+00
  1.220884994144974E+02  5.219590159464401E+00  2.809468561051486E-01  1.485855786698084E-18  0.000000000000000E+00
  1.230863691362278E+02  5.231917119420141E+00  2.999109453118469E-01  1.104847908108941E-18  0.000000000000000E+00
  1.240839986105062E+02  5.245142848365067E+00  3.196723279957799E-01  2.135952145852264E-18  0.000000000000000E+00
  1.250813916506098E+02  5.259513623755856E+00  3.395320613136223E-01 -1.048994957858932E-19  0.000000000000000E+00
  1.260785519865836E+02  5.274711836142178E+00  3.593075895820194E-01  1.571658901489891E-18  0.000000000000000E+00
  1.270754832676410E+02  5.290557246521921E+00  3.790060290243853E-01  1.359444713564353E-19  0.000000000000000E+00
  1.280721890644781E+02  5.306918799992867E+00  3.986108590423907E-01 -4.608943135406266E-18  0.000000000000000E+00
  1.290686728715019E+02  5.323692092507480E+00  4.180856948422159E-01 -1.181950251854114E-18  0.000000000000000E+00
  1.300649381089801E+02  5.340789157443594E+00  4.373860357289627E-01  2.774725376444728E-19  0.000000000000000E+00
  1.310609881251131E+02  5.358133022255254E+00  4.564663154439247E-01  2.978453055017668E-18  0.000000000000000E+00
  1.320568261980325E+02  5.375671046825529E+00  4.752776895363007E-01  9.807878019046393E-18  0.000000000000000E+00
  1.330524555377301E+02  5.393427045174665E+00  4.937424836755173E-01  1.025742957038345E-17  0.000000000000000E+00
  1.340478792879187E+02  5.411390876022904E+00  5.118013082848497E-01  8.078175549365881E-18  0.000000000000000E+00
  1.350431005278292E+02  5.429530351597406E+00  5.294166503201100E-01  6.002709270611761E-18  0.000000000000000E+00
  1.360381222739458E+02  5.447803713757242E+00  5.465631355702628E-01  3.876397101278832E-18  0.000000000000000E+00
  1.370329474816820E+02  5.466165678886536E+00  5.632230904124610E-01 -5.628700017294952E-18  0.000000000000000E+00
  1.380275790469997E+02  5.484570702611819E+00  5.793845213913242E-01  6.866132691496377E-18  0.000000000000000E+00
  1.390220198079748E+02  5.502974771506256E+00  5.950400871903222E-01  8.223346646159308E-18  0.000000000000000E+00
  1.400162725463097E+02  5.521336543509300E+00  6.101863016511856E-01  1.685446943915691E-18  0.000000000000000E+00
  1.410103399887965E+02  5.539622146277832E+00  6.248186848666003E-01 -2.838870016325507E-18  0.000000000000000E+00
  1.420042248087320E+02  5.557806949080701E+00  6.389304864726453E-01 -2.197519403818190E-18  0.000000000000000E+00
  1.434947153412352E+02  5.584851323739663E+00  6.591146578876960E-01  3.504764938192446E-19  0.000000000000000E+00
  1.444881549616356E+02  5.602699681356581E+00  6.719168432082517E-01 -4.274001905740609E-18  0.000000000000000E+00
  1.454814209141168E+02  5.620383844243021E+00  6.842023190136031E-01 -3.063639523940467E-18  0.000000000000000E+00
  1.464745156475637E+02  5.637888500124608E+00  6.959802151543263E-01  3.961816653303116E-18  0.000000000000000E+00
  1.474674415643718E+02  5.655199391702638E+00  7.072622267611322E-01 -6.117129511118521E-18  0.000000000000000E+00
  1.484602010215933E+02  5.672303400672806E+00  7.180620638461269E-01 -9.882106573736161E-18  0.000000000000000E+00
  1.494527963320479E+02  5.689188955767135E+00  7.283944824588030E-01 -2.500088482474483E-17  0.000000000000000E+00
  1.504452297653980E+02  5.705846662881493E+00  7.382741451677542E-01 -2.280157861662160E-17  0.000000000000000E+00
  1.514375006439436E+02  5.722269263907339E+00  7.477154666879132E-01 -1.013417774700668E-17  0.000000000000000E+00
  1.524295802514883E+02  5.738450930814768E+00  7.567326229427744E-01 -1.182269709713181E-17  0.000000000000000E+00
  1.534214639132884E+02  5.754387780401876E+00  7.653401456485434E-01  9.891941819139131E-19  0.000000000000000E+00
  1.544131544121484E+02  5.770077268486813E+00  7.735528739960813E-01 -1.351643329316820E-18  0.000000000000000E+00
  1.554046544772518E+02  5.785517807705070E+00  7.813858989991661E-01  1.304172118703806E-18  0.000000000000000E+00
  1.563959667855271E+02  5.800708569256123E+00  7.888545155830756E-01  2.541537900235340E-19  0.000000000000000E+00
  1.573870939629697E+02  5.815649336928820E+00  7.959741374796381E-01 -3.920350093559838E-18  0.000000000000000E+00
  1.583780385859173E+02  5.830340453390738E+00  8.027601030692046E-01 -9.308120062545504E-18  0.000000000000000E+00
  1.593688031822814E+02  5.844782841813164E+00  8.092274203349870E-01 -8.614508473935573E-18  0.000000000000000E+00
  1.603593902327360E+02  5.858978010845965E+00  8.153906039372113E-01 -1.562228726894414E-17  0.000000000000000E+00
  1.613498021718669E+02  5.872928021197659E+00  8.212636087231681E-01 -2.898642897024684E-17  0.000000000000000E+00
  1.623400413892852E+02  5.886635422423248E+00  8.268598249652004E-01 -7.911373269244681E-18  0.000000000000000E+00
  1.633301102307040E+02  5.900103173808461E+00  8.321921048576284E-01 -1.452094011082292E-18  0.000000000000000E+00
  1.643200109989835E+02  5.913334561002862E+00  8.372728003262396E-01  4.883319159705132E-19  0.000000000000000E+00
  1.653097459551437E+02  5.926333116192101E+00  8.421138010712222E-01 -1.076374012185743E-17  0.000000000000000E+00
  1.662993173193463E+02  5.939102547570460E+00  8.467265649544096E-01 -1.483566344530129E-17  0.000000000000000E+00
  1.672887272718486E+02  5.951646687652826E+00  8.511221252215140E-01  1.945154257347480E-17  0.000000000000000E+00
  1.682779779539285E+02  5.963969463191117E+00  8.553110739196358E-01  1.556090471349485E-17  0.000000000000000E+00
  1.692670714687825E+02  5.976074878441487E+00  8.593035392385587E-01 -1.083096300862050E-18  0.000000000000000E+00
  1.702560098823985E+02  5.987967003190557E+00  8.631091703736142E-01 -7.992501652380281E-18  0.000000000000000E+00
  1.712447952244027E+02  5.999649960359241E+00  8.667371351834409E-01 -1.597428160187628E-17  0.000000000000000E+00
  1.722334294888830E+02  6.011127911110500E+00  8.701961304020375E-01 -1.019256628134595E-17  0.000000000000000E+00
  1.732219146351886E+02  6.022405037358782E+00  8.734944015982965E-01  1.535671339522116E-17  0.000000000000000E+00
  1.742102525887071E+02  6.033485522546882E+00  8.766397694098194E-01  2.029739144673226E-17  0.000000000000000E+00
  1.751984452416206E+02  6.044373532095600E+00  8.796396584004504E-01  2.064427791508762E-17  0.000000000000000E+00
  1.761864944536397E+02  6.055073195874161E+00  8.825011236903958E-01 -6.035334349445942E-18  0.000000000000000E+00
  1.771744020527176E+02  6.065588594847418E+00  8.852308716955658E-01  2.567163918764537E-18  0.000000000000000E+00
  1.781621698357455E+02  6.075923752328978E+00  8.878352750189227E-01  9.925270992061030E-18  0.000000000000000E+00
  1.791497995692276E+02  6.086082628938136E+00  8.903203836924654E-01  3.998436829109359E-18  0.000000000000000E+00
  1.801372929899382E+02  6.096069119889452E+00  8.926919352519692E-01  1.065155716360348E-17  0.000000000000000E+00
  1.811246518055622E+02  6.105887053348952E+00  8.949553654814937E-01  9.483944144216549E-18  0.000000000000000E+00
  1.821118776953165E+02  6.115540188945074E+00  8.971158207993829E-01  3.796698535147473E-18  0.000000000000000E+00
  1.830989723105566E+02  6.125032215913382E+00  8.991781725210845E-01  2.850049508286952E-18  0.000000000000000E+00
  1.840859372753658E+02  6.134366750715454E+00  9.011470326615479E-01  2.684839179535036E-18  0.000000000000000E+00
  1.850727741871298E+02  6.143547334372360E+00  9.030267703373547E-01 -5.117146767043744E-18  0.000000000000000E+00
  1.860594846170956E+02  6.152577430037865E+00  9.048215275163577E-01 -2.903563527554330E-18  0.000000000000000E+00
  1.870460701109165E+02  6.161460421295723E+00  9.065352331883118E-01 -5.768221956003346E-18  0.000000000000000E+00
  1.880325321891818E+02  6.170199611419168E+00  9.081716156409152E-01 -4.845169826573251E-18  0.000000000000000E+00
  1.890188723479345E+02  6.178798223568283E+00  9.097342130376449E-01  1.284828045960381E-18  0.000000000000000E+00
  1.900050920591744E+02  6.187259401720789E+00  9.112263827689192E-01  2.919779154243274E-17  0.000000000000000E+00
  1.914841989491038E+02  6.199700166576539E+00  9.133395082815269E-01  7.388916291115364E-18  0.000000000000000E+00
  1.924701238281715E+02  6.207831007882496E+00  9.146691886082396E-01  1.967189066698119E-17  0.000000000000000E+00
  1.934559332293592E+02  6.215834816458408E+00  9.159388920314635E-01  1.852015738794889E-17  0.000000000000000E+00
  1.944416285223692E+02  6.223714397791598E+00  9.171512681023998E-01 -6.586993007178168E-18  0.000000000000000E+00
  1.954272110554109E+02  6.231472485642898E+00  9.183088325187765E-01 -1.215588170641082E-17  0.000000000000000E+00
  1.964126821556279E+02  6.239111743132045E+00  9.194139752237994E-01 -5.621910464980098E-17  0.000000000000000E+00
  1.973980431295145E+02  6.246634763920541E+00  9.204689678960331E-01 -4.608610742438526E-17  0.000000000000000E+00
  1.983832952633217E+02  6.254044073562932E+00  9.214759707351388E-01 -4.257968031229229E-17  0.000000000000000E+00
  1.993684398234531E+02  6.261342131042139E+00  9.224370385659107E-01 -7.681503758202216E-17  0.000000000000000E+00
  2.003534780568523E+02  6.268531330456204E+00  9.233541263679507E-01 -6.427893718436386E-17  0.000000000000000E+00
  2.013384111913796E+02  6.275614002792483E+00  9.242290943804297E-01 -3.215564871227935E-17  0.000000000000000E+00
  2.023232404361809E+02  6.282592417714065E+00  9.250637129322976E-01 -2.294590881723678E-17  0.000000000000000E+00
  2.033079669820466E+02  6.289468785293618E+00  9.258596671107652E-01 -2.001822826733427E-17  0.000000000000000E+00
  2.042925920017630E+02  6.296245257657505E+00  9.266185613176672E-01  7.532053089206488E-19  0.000000000000000E+00
  2.052771166504549E+02  6.302923930535766E+00  9.273419237012623E-01  5.167294467664108E-18  0.000000000000000E+00
  2.062615420659204E+02  6.309506844738426E+00  9.280312104124333E-01  4.442303725683912E-18  0.000000000000000E+00
  2.072458693689574E+02  6.315995987589960E+00  9.286878096257891E-01 -2.190575484053415E-17  0.000000000000000E+00
  2.082300996636831E+02  6.322393294351757E+00  9.293130452818049E-01 -1.285401674087975E-18  0.000000000000000E+00
  2.092142340378459E+02  6.328700649651742E+00  9.299081805343706E-01  2.123223705712954E-18  0.000000000000000E+00
  2.101982735631296E+02  6.334919888925952E+00  9.304744209179421E-01 -1.116616225095942E-17  0.000000000000000E+00
  2.111822192954519E+02  6.341052799863475E+00  9.310129172720394E-01 -3.172097357053822E-17  0.000000000000000E+00
  2.121660722752544E+02  6.347101123837097E+00  9.315247684729878E-01 -1.454221354470984E-17  0.000000000000000E+00
  2.131498335277875E+02  6.353066557299672E+00  9.320110240208516E-01 -1.406476325981203E-17  0.000000000000000E+00
  2.141335040633880E+02  6.358950753130570E+00  9.324726865158771E-01 -2.930321058519512E-17  0.000000000000000E+00
  2.151170848777507E+02  6.364755321924732E+00  9.329107140400847E-01 -2.105778695622326E-17  0.000000000000000E+00
  2.161005769521941E+02  6.370481833225515E+00  9.333260224429366E-01 -1.826534074649609E-17  0.000000000000000E+00
  2.170839812539201E+02  6.376131816708980E+00  9.337194875198643E-01 -4.856441002551345E-17  0.000000000000000E+00
  2.180672987362673E+02  6.381706763329939E+00  9.340919470701141E-01 -4.177098059827974E-17  0.000000000000000E+00
  2.190505303389600E+02  6.387208126439551E+00  9.344442028244917E-01 -6.195439547649579E-17  0.000000000000000E+00
  2.200336769883505E+02  6.392637322880862E+00  9.347770222416054E-01 -4.934407180845568E-17  0.000000000000000E+00
  2.210167395976570E+02  6.397995734064397E+00  9.350911401800571E-01 -7.792874999253344E-17  0.000000000000000E+00
  2.224911779024285E+02  6.405903565965857E+00  9.355287833007434E-01 -8.228640180065307E-17  0.000000000000000E+00
  2.234740343227425E+02  6.411090834583849E+00  9.357991624656712E-01 -9.172087907744174E-17  0.000000000000000E+00
  2.244568097991119E+02  6.416211888807241E+00  9.360531772042826E-01 -1.146056906429009E-16  0.000000000000000E+00
  2.254395051884541E+02  6.421267963211811E+00  9.362914338187355E-01 -1.150006558303260E-16  0.000000000000000E+00
  2.264221213357693E+02  6.426260262347073E+00  9.365145136607604E-01 -8.417369113640474E-17  0.000000000000000E+00
  2.274046590743470E+02  6.431189961606562E+00  9.367229743216039E-01 -4.346743912394815E-17  0.000000000000000E+00
  2.283871192259680E+02  6.436058208067372E+00  9.369173507628273E-01 -5.426642271471840E-17  0.000000000000000E+00
  2.293695026011015E+02  6.440866121302892E+00  9.370981563853483E-01 -4.751883843946198E-17  0.000000000000000E+00
  2.303518099990993E+02  6.445614794172091E+00  9.372658840359412E-01 -3.705287915080246E-17  0.000000000000000E+00
  2.313340422083844E+02  6.450305293587362E+00  9.374210069531236E-01 -4.855702998172271E-17  0.000000000000000E+00
  2.323162000066373E+02  6.454938661261560E+00  9.375639796569294E-01 -4.696572112032027E-17  0.000000000000000E+00
  2.332982841609768E+02  6.459515914433718E+00  9.376952387886721E-01 -2.670303078337353E-17  0.000000000000000E+00
  2.342802954281387E+02  6.464038046572413E+00  9.378152039071074E-01 -2.247445245973929E-17  0.000000000000000E+00
  2.352622345546495E+02  6.468506028055864E+00  9.379242782465136E-01 -1.397548571231956E-17  0.000000000000000E+00
  2.362441022769972E+02  6.472920806828367E+00  9.380228494405551E-01 -2.703011848653425E-17  0.000000000000000E+00
  2.372258993217989E+02  6.477283309033521E+00  9.381112902140095E-01 -4.352081212519984E-17  0.000000000000000E+00
  2.382076264059639E+02  6.481594439625320E+00  9.381899590429735E-01 -3.292760072773060E-17  0.000000000000000E+00
  2.391892842368548E+02  6.485855082958753E+00  9.382592007833529E-01 -4.206375190266955E-17  0.000000000000000E+00
  2.401708735124448E+02  6.490066103361553E+00  9.383193472674171E-01 -2.283128354589621E-17  0.000000000000000E+00
  2.411523949214715E+02  6.494228345688603E+00  9.383707178687023E-01 -2.582134926784831E-19  0.000000000000000E+00
  2.421338491435880E+02  6.498342635860005E+00  9.384136200364480E-01  1.075789232912910E-17  0.000000000000000E+00
  2.431152368495113E+02  6.502409781383371E+00  9.384483498015458E-01  9.492742702477488E-18  0.000000000000000E+00
  2.440965587011673E+02  6.506430571860474E+00  9.384751922565399E-01 -1.099748754201963E-17  0.000000000000000E+00
  2.450778153518327E+02  6.510405779478209E+00  9.384944220123175E-01  2.283126141803862E-17  0.000000000000000E+00
  2.460590074462750E+02  6.514336159483793E+00  9.385063036338352E-01  7.319197584097199E-18  0.000000000000000E+00
  2.470401356208893E+02  6.518222450644376E+00  9.385110920566694E-01 -2.591816171195618E-17  0.000000000000000E+00
  2.480212005038316E+02  6.522065375691341E+00  9.385090329855215E-01 -3.735822364339003E-18  0.000000000000000E+00
  2.490022027151514E+02  6.525865641750022E+00  9.385003632752688E-01 -2.196282637760457E-17  0.000000000000000E+00
  2.504735898595940E+02  6.531487564788891E+00  9.384754610838401E-01  1.511219495217292E-18  0.000000000000000E+00
  2.514544380525272E+02  6.535184178352688E+00  9.384512461760238E-01  1.436303270225827E-17  0.000000000000000E+00
  2.524352256820067E+02  6.538840490857416E+00  9.384211850290325E-01 -2.477185299184839E-17  0.000000000000000E+00
  2.534159533331606E+02  6.542457144165651E+00  9.383854789338352E-01 -4.043410446889148E-17  0.000000000000000E+00
  2.543966215836891E+02  6.546034766669444E+00  9.383443221290830E-01 -6.802144825328363E-17  0.000000000000000E+00
  2.553772310039808E+02  6.549573973641634E+00  9.382979020790975E-01 -9.761060944203530E-17  0.000000000000000E+00
  2.563577821572264E+02  6.553075367576452E+00  9.382463997394258E-01 -8.226258930272426E-17  0.000000000000000E+00
  2.573382755995301E+02  6.556539538519592E+00  9.381899898109364E-01 -5.910336414424359E-17  0.000000000000000E+00
  2.583187118800196E+02  6.559967064387988E+00  9.381288409832187E-01 -2.908645271590520E-17  0.000000000000000E+00
  2.592990915409534E+02  6.563358511279590E+00  9.380631161677995E-01 -2.691768356041083E-17  0.000000000000000E+00
  2.602794151178263E+02  6.566714433773592E+00  9.379929727215093E-01 -2.904545987653186E-17  0.000000000000000E+00
  2.612596831394730E+02  6.570035375221491E+00  9.379185626602219E-01 -4.476051569191740E-17  0.000000000000000E+00
  2.622398961281698E+02  6.573321868029468E+00  9.378400328631890E-01 -3.982146391939305E-17  0.000000000000000E+00
  2.632200545997343E+02  6.576574433932449E+00  9.377575252682350E-01 -3.544018135913268E-17  0.000000000000000E+00
  2.642001590636237E+02  6.579793584260223E+00  9.376711770581966E-01 -1.811288686341369E-17  0.000000000000000E+00
  2.651802100230305E+02  6.582979820195840E+00  9.375811208390676E-01 -4.460092126524836E-17  0.000000000000000E+00
  2.661602079749770E+02  6.586133633026534E+00  9.374874848103762E-01 -2.708732573031514E-17  0.000000000000000E+00
  2.671401534104085E+02  6.589255504387308E+00  9.373903929283330E-01 -1.077982330194387E-17  0.000000000000000E+00
  2.681200468142839E+02  6.592345906497391E+00  9.372899650622316E-01 -9.610407322447607E-18  0.000000000000000E+00
  2.690998886656649E+02  6.595405302389705E+00  9.371863171445088E-01  9.044283585809946E-18  0.000000000000000E+00
  2.700796794378047E+02  6.598434146133586E+00  9.370795613147896E-01  2.135417259568339E-17  0.000000000000000E+00
  2.710594195982330E+02  6.601432883050978E+00  9.369698060581322E-01  1.212322476352310E-18  0.000000000000000E+00
  2.720391096088418E+02  6.604401949926356E+00  9.368571563376696E-01  6.377124755751745E-18  0.000000000000000E+00
  2.730187499259679E+02  6.607341775210637E+00  9.367417137217999E-01  2.319175307282809E-17  0.000000000000000E+00
  2.744881182111642E+02  6.611697602416845E+00  9.365635272745976E-01  2.485245257614361E-17  0.000000000000000E+00
  2.754676362553361E+02  6.614566145279981E+00  9.364415255903110E-01  2.150147674042999E-17  0.000000000000000E+00
  2.764471061606255E+02  6.617406883314332E+00  9.363170614812927E-01  1.893860473137253E-17  0.000000000000000E+00
  2.774265283593626E+02  6.620220209843062E+00  9.361902226770623E-01 -1.879207955986791E-17  0.000000000000000E+00
  2.784059032787546E+02  6.623006510879211E+00  9.360610941235844E-01 -2.106511216963792E-17  0.000000000000000E+00
  2.793852313409598E+02  6.625766165295258E+00  9.359297580803285E-01 -2.477011800275008E-17  0.000000000000000E+00
  2.803645129631606E+02  6.628499544987951E+00  9.357962942135852E-01 -6.791560595904686E-18  0.000000000000000E+00
  2.813437485576351E+02  6.631207015038559E+00  9.356607796862039E-01 -3.664661746670469E-17  0.000000000000000E+00
  2.823229385318276E+02  6.633888933868675E+00  9.355232892438942E-01 -1.529975799280366E-17  0.000000000000000E+00
  2.833020832884172E+02  6.636545653391739E+00  9.353838952981970E-01  2.168659119928468E-17  0.000000000000000E+00
  2.842811832253868E+02  6.639177519160443E+00  9.352426680062449E-01  2.239590394350419E-18  0.000000000000000E+00
  2.852602387360888E+02  6.641784870510137E+00  9.350996753474113E-01 -1.125292986335527E-18  0.000000000000000E+00
  2.862392502093116E+02  6.644368040698414E+00  9.349549831969682E-01 -1.909908581084273E-17  0.000000000000000E+00
  2.872182180293439E+02  6.646927357040937E+00  9.348086553968958E-01  6.670458461780139E-19  0.000000000000000E+00
  2.881971407918986E+02  6.649463136432688E+00  9.346607540227028E-01 -1.459167271166024E-17  0.000000000000000E+00
  2.891760122936668E+02  6.651975677977467E+00  9.345113398350056E-01 -1.890599689676525E-17  0.000000000000000E+00
  2.901548325661428E+02  6.654465291664446E+00  9.343604711148346E-01  5.309167013116860E-17  0.000000000000000E+00
  2.911336020582598E+02  6.656932283125050E+00  9.342082043059493E-01  1.174451994595272E-17  0.000000000000000E+00
  2.921123212137189E+02  6.659376952649970E+00  9.340545941206128E-01 -1.617177388850340E-17  0.000000000000000E+00
  2.930909904710645E+02  6.661799595305677E+00  9.338996935982937E-01 -3.242615580679542E-17  0.000000000000000E+00
  2.940696102637581E+02  6.664200501047884E+00  9.337435541618714E-01 -6.691010134891253E-17  0.000000000000000E+00
  2.950481810202510E+02  6.666579954832025E+00  9.335862256715051E-01  9.456930609015335E-18  0.000000000000000E+00
  2.960267031640554E+02  6.668938236720879E+00  9.334277564762991E-01  2.632646744840047E-17  0.000000000000000E+00
  2.970051771138150E+02  6.671275621989426E+00  9.332681934638878E-01 -2.792056771870917E-17  0.000000000000000E+00
  2.984727985786078E+02  6.674743109386673E+00  9.330268971366135E-01  3.594847503951817E-18  0.000000000000000E+00
  2.994511538434876E+02  6.677029426927365E+00  9.328647955483993E-01 -1.541352172291190E-17  0.000000000000000E+00
  3.004294623422162E+02  6.679295775057902E+00  9.327017534117180E-01 -2.287630323369447E-17  0.000000000000000E+00
  3.014077244723614E+02  6.681542408735471E+00  9.325378116011009E-01  3.160402490666133E-17  0.000000000000000E+00
  3.023859406269860E+02  6.683769578660136E+00  9.323730097700723E-01  6.733063701962144E-19  0.000000000000000E+00
  3.033641101735927E+02  6.685977529063607E+00  9.322073865251155E-01  6.061246112290675E-19  0.000000000000000E+00
  3.043422269448860E+02  6.688166487824571E+00  9.320409800887935E-01  1.728314355067956E-17  0.000000000000000E+00
  3.053202902241640E+02  6.690336691399279E+00  9.318738268994224E-01  3.316970845140987E-17  0.000000000000000E+00
  3.062983004655542E+02  6.692488374979705E+00  9.317059621566313E-01  6.327579836085405E-17  0.000000000000000E+00
  3.072762581180151E+02  6.694621769902442E+00  9.315374200071463E-01  5.701101020283824E-17  0.000000000000000E+00
  3.082541636254078E+02  6.696737103727605E+00  9.313682335790532E-01  6.891545372661258E-17  0.000000000000000E+00
  3.092320174265683E+02  6.698834600315780E+00  9.311984350145672E-01  8.914394132626999E-17  0.000000000000000E+00
  3.102098161354908E+02  6.700914471794903E+00  9.310280560340323E-01  1.136125198308874E-16  0.000000000000000E+00
  3.111875546414991E+02  6.702976923392010E+00  9.308571277205403E-01  1.540001045281770E-16  0.000000000000000E+00
  3.121652334526884E+02  6.705022168975620E+00  9.306856795031508E-01  7.966145928423501E-17  0.000000000000000E+00
  3.131428530713672E+02  6.707050418984080E+00  9.305137399302474E-01  1.398609470686130E-16  0.000000000000000E+00
  3.141204139941400E+02  6.709061880494279E+00  9.303413366985701E-01  7.590599642391328E-17  0.000000000000000E+00
  3.150979167119872E+02  6.711056757288668E+00  9.301684966808613E-01  2.427205641337365E-17  0.000000000000000E+00
  3.160753615418438E+02  6.713035249580302E+00  9.299952459763257E-01  4.920602085920889E-17  0.000000000000000E+00
  3.170527414210852E+02  6.714997539653561E+00  9.298216109798948E-01  1.121172664435622E-16  0.000000000000000E+00
  3.180300545530558E+02  6.716943817656350E+00  9.296476166398225E-01  8.256724131686195E-17  0.000000000000000E+00
  3.190073014954083E+02  6.718874275482685E+00  9.294732868375815E-01  1.074922211631168E-16  0.000000000000000E+00
  3.204730490077147E+02  6.721740711786240E+00  9.292112136300635E-01  6.750400103947477E-17  0.000000000000000E+00
  3.214501328744373E+02  6.723632439151149E+00  9.290361450203667E-01 -6.370844681065614E-18  0.000000000000000E+00
  3.224271524540677E+02  6.725508994709375E+00  9.288608190557270E-01  2.113925484415854E-18  0.000000000000000E+00
  3.234041049961996E+02  6.727370551060674E+00  9.286852570604792E-01  1.175372147401873E-17  0.000000000000000E+00
  3.243809836400478E+02  6.729217270510259E+00  9.285094803843674E-01  1.230003345057695E-17  0.000000000000000E+00
  3.253577889971659E+02  6.731049327100653E+00  9.283335087077229E-01  9.452078667376502E-18  0.000000000000000E+00
  3.263345216721834E+02  6.732866892210733E+00  9.281573611174689E-01 -2.495815667323649E-17  0.000000000000000E+00
  3.273111822629044E+02  6.734670134606634E+00  9.279810561269114E-01  1.172723482825480E-17  0.000000000000000E+00
  3.282877713604040E+02  6.736459220491474E+00  9.278046116944449E-01 -1.501276387778989E-17  0.000000000000000E+00
  3.292642895491227E+02  6.738234313553924E+00  9.276280452413146E-01  5.322501108984247E-17  0.000000000000000E+00
  3.302407364507876E+02  6.739995573294299E+00  9.274513738110797E-01  8.236264136458921E-17  0.000000000000000E+00
  3.312171041631216E+02  6.741743143416346E+00  9.272746150837607E-01  7.454922081404060E-17  0.000000000000000E+00
  3.321933914644151E+02  6.743477177566942E+00  9.270977852973045E-01  5.042607321421181E-17  0.000000000000000E+00
  3.331695990103582E+02  6.745197830463407E+00  9.269208999277785E-01 -4.659658124114797E-18  0.000000000000000E+00
  3.341457274492706E+02  6.746905254517520E+00  9.267439739802096E-01  3.909976179870327E-17  0.000000000000000E+00
  3.351217774222060E+02  6.748599599878427E+00  9.265670220041714E-01  6.862179294129202E-17  0.000000000000000E+00
  3.360977495630542E+02  6.750281014474550E+00  9.263900581085163E-01  7.072055663330747E-17  0.000000000000000E+00
  3.370736444986421E+02  6.751949644054574E+00  9.262130959753415E-01  5.437313830492227E-17  0.000000000000000E+00
  3.380494609298364E+02  6.753605628977030E+00  9.260361491627161E-01  8.319164477269675E-17  0.000000000000000E+00
  3.390251905783908E+02  6.755249095876270E+00  9.258592319056409E-01  7.378697110123491E-17  0.000000000000000E+00
  3.400008330902153E+02  6.756880183003116E+00  9.256823568884208E-01  6.642513538979701E-17  0.000000000000000E+00
  3.414641350052296E+02  6.759303902991657E+00  9.254171500102213E-01  4.043908214929762E-17  0.000000000000000E+00
  3.424395627197479E+02  6.760904640153128E+00  9.252404328748197E-01  3.507349642835484E-17  0.000000000000000E+00
  3.434149057128715E+02  6.762493471923055E+00  9.250637988410783E-01  4.144984681371215E-17  0.000000000000000E+00
  3.443901646575368E+02  6.764070529462355E+00  9.248872587821317E-01  3.600895553508125E-17  0.000000000000000E+00
  3.453653402192486E+02  6.765635942050787E+00  9.247108232355085E-01  4.995989104060348E-17  0.000000000000000E+00
  3.463404301466330E+02  6.767189832492416E+00  9.245345028547735E-01  6.981647667367581E-17  0.000000000000000E+00
  3.473154258209200E+02  6.768732311868343E+00  9.243583089740379E-01  3.131743058315841E-17  0.000000000000000E+00
  3.482903277923153E+02  6.770263504284753E+00  9.241822512552836E-01  2.684988450849405E-17  0.000000000000000E+00
  3.492651368005920E+02  6.771783532397788E+00  9.240063390221630E-01 -1.992287670271669E-18  0.000000000000000E+00
  3.502398535773434E+02  6.773292517127834E+00  9.238305813001857E-01 -5.325992007791969E-17  0.000000000000000E+00
  3.512144788460971E+02  6.774790577690172E+00  9.236549868267879E-01 -4.679654756834283E-17  0.000000000000000E+00
  3.521890133224275E+02  6.776277831624998E+00  9.234795640607820E-01 -7.596232565888452E-17  0.000000000000000E+00
  3.531634577140669E+02  6.777754394826776E+00  9.233043211912723E-01 -2.039523422675070E-17  0.000000000000000E+00
  3.541378127210132E+02  6.779220381572962E+00  9.231292661460950E-01 -8.981789531239854E-18  0.000000000000000E+00
  3.551120750737041E+02  6.780675898643611E+00  9.229544072016914E-01  7.311591304157905E-18  0.000000000000000E+00
  3.560862365946298E+02  6.782121044167910E+00  9.227797531639701E-01  3.999180273542343E-17  0.000000000000000E+00
  3.570602980675605E+02  6.783555928294668E+00  9.226053112593385E-01  2.682269289493603E-17  0.000000000000000E+00
  3.580342602676637E+02  6.784980659649666E+00  9.224310884716368E-01  2.997320886043768E-17  0.000000000000000E+00
  3.590081239616247E+02  6.786395345361973E+00  9.222570915508009E-01  4.310888685043586E-17  0.000000000000000E+00
  3.604687364601182E+02  6.788498769081488E+00  9.219965338814968E-01  3.130701614940726E-17  0.000000000000000E+00
  3.614423571883661E+02  6.789888799785431E+00  9.218231296951744E-01  5.378346149463943E-17  0.000000000000000E+00
  3.624158820287572E+02  6.791269148378667E+00  9.216499732704004E-01  2.674622695072330E-17  0.000000000000000E+00
  3.633893117112368E+02  6.792639915565958E+00  9.214770703973838E-01 -7.290260775702901E-18  0.000000000000000E+00
  3.643626431084888E+02  6.794001195315966E+00  9.213044272527640E-01 -7.133488291643374E-17  0.000000000000000E+00
  3.653358675753701E+02  6.795353072765356E+00  9.211320506842922E-01 -7.316024198370804E-17  0.000000000000000E+00
  3.663089859263260E+02  6.796695645124186E+00  9.209599459455221E-01 -8.309503616033864E-17  0.000000000000000E+00
  3.672819989669683E+02  6.798029008294517E+00  9.207881181011000E-01 -4.409476555990251E-17  0.000000000000000E+00
  3.682549074941967E+02  6.799353256892395E+00  9.206165720337636E-01 -2.481216771633686E-17  0.000000000000000E+00
  3.692277122963204E+02  6.800668484269395E+00  9.204453124508277E-01 -5.748727225499738E-17  0.000000000000000E+00
  3.702004141531747E+02  6.801974782533694E+00  9.202743438902176E-01 -4.406104474840834E-18  0.000000000000000E+00
  3.711730138362383E+02  6.803272242570731E+00  9.201036707261115E-01 -6.130898641636944E-17  0.000000000000000E+00
  3.721455121087463E+02  6.804560954063442E+00  9.199332971742507E-01 -1.063498744910655E-16  0.000000000000000E+00
  3.731179097258023E+02  6.805841005512075E+00  9.197632272969420E-01 -1.297220353732032E-16  0.000000000000000E+00
  3.740902049528772E+02  6.807112481013761E+00  9.195934653787288E-01 -1.345709884754735E-16  0.000000000000000E+00
  3.750623883971203E+02  6.808375453685355E+00  9.194240167236377E-01 -8.975587328970319E-17  0.000000000000000E+00
  3.760344599844463E+02  6.809630007879480E+00  9.192548851247515E-01 -1.765395795486837E-17  0.000000000000000E+00
  3.770064205457269E+02  6.810876228030150E+00  9.190860740945311E-01 -4.885619517170522E-17  0.000000000000000E+00
  3.784641550095537E+02  6.812730113917720E+00  9.188334659548834E-01 -4.778743815994269E-17  0.000000000000000E+00
  3.794358415828934E+02  6.813955861173895E+00  9.186654708051863E-01 -5.289721809166565E-17  0.000000000000000E+00
  3.804074199692020E+02  6.815173561348060E+00  9.184978074461225E-01 -1.361333475573148E-17  0.000000000000000E+00
  3.813788909603905E+02  6.816383294056354E+00  9.183304787975665E-01 -2.800728272071185E-17  0.000000000000000E+00
  3.823502553400320E+02  6.817585137891353E+00  9.181634876599387E-01 -3.683980977579252E-18  0.000000000000000E+00
  3.833215138834734E+02  6.818779170438465E+00  9.179968367180581E-01 -1.898828611071955E-18  0.000000000000000E+00
  3.842926673579447E+02  6.819965468292006E+00  9.178305285447816E-01  2.008943694352103E-17  0.000000000000000E+00
  3.852637064360874E+02  6.821144094847892E+00  9.176645670960358E-01  1.759381208009520E-17  0.000000000000000E+00
  3.862346282859526E+02  6.822315120684603E+00  9.174989552962226E-01  1.718758396627994E-17  0.000000000000000E+00
  3.872054337583772E+02  6.823478619956330E+00  9.173336954209931E-01  6.801124064657945E-18  0.000000000000000E+00
  3.881761236952480E+02  6.824634665876349E+00  9.171687896384170E-01  4.758018180358636E-18  0.000000000000000E+00
  3.891466989296228E+02  6.825783330731936E+00  9.170042400133268E-01  4.567826798356751E-17  0.000000000000000E+00
  3.901171602858495E+02  6.826924685898994E+00  9.168400485112989E-01  4.023887085785878E-17  0.000000000000000E+00
  3.910875085796832E+02  6.828058801856375E+00  9.166762170023293E-01  7.728115250476312E-17  0.000000000000000E+00
  3.920577446184002E+02  6.829185748199944E+00  9.165127472642381E-01  2.336260978505100E-17  0.000000000000000E+00
  3.930278692009117E+02  6.830305593656352E+00  9.163496409858485E-01  7.802142341238889E-17  0.000000000000000E+00
  3.944828488216235E+02  6.831972195914563E+00  9.161056665385039E-01  6.805092435480926E-17  0.000000000000000E+00
  3.954526982049524E+02  6.833074584249284E+00  9.159434757403078E-01  7.095839063125158E-17  0.000000000000000E+00
  3.964224306530809E+02  6.834170096326553E+00  9.157816548440845E-01  9.567025582610252E-17  0.000000000000000E+00
  3.973920413401837E+02  6.835258791031412E+00  9.156202060100909E-01  1.020831483236906E-16  0.000000000000000E+00
  3.983615311272731E+02  6.836340732945805E+00  9.154591305031552E-01  1.339966111176542E-16  0.000000000000000E+00
  3.993309008664584E+02  6.837415985856074E+00  9.152984295077982E-01  8.134543312056340E-17  0.000000000000000E+00
  4.003001514010641E+02  6.838484612765207E+00  9.151381041317472E-01  7.289125172188232E-17  0.000000000000000E+00
  4.012692835657471E+02  6.839546675904849E+00  9.149781554091388E-01  8.309069217586637E-17  0.000000000000000E+00
  4.022382981866112E+02  6.840602236747079E+00  9.148185843034451E-01  3.596019491550137E-17  0.000000000000000E+00
  4.032071960813196E+02  6.841651356015974E+00  9.146593917101735E-01 -1.187976081554556E-18  0.000000000000000E+00
  4.041759780592062E+02  6.842694093698936E+00  9.145005784593657E-01  3.104501406730971E-17  0.000000000000000E+00
  4.051446449213838E+02  6.843730509057826E+00  9.143421453179256E-01 -2.334423518692625E-18  0.000000000000000E+00
  4.061131974608514E+02  6.844760660639889E+00  9.141840929917937E-01 -7.330821964636104E-19  0.000000000000000E+00
  4.070816364625998E+02  6.845784606288462E+00  9.140264221279957E-01  7.281826165166475E-19  0.000000000000000E+00
  4.080499599855272E+02  6.846802400300655E+00  9.138691337006588E-01  2.584610865481075E-17  0.000000000000000E+00
  4.090181584146169E+02  6.847814088359953E+00  9.137122297270431E-01  3.894691208928389E-17  0.000000000000000E+00
  4.104702219729778E+02  6.849320292943554E+00  9.134775958910530E-01  1.040698421566209E-16  0.000000000000000E+00
  4.114381095354124E+02  6.850316958338741E+00  9.133216553694062E-01  8.603355617072634E-17  0.000000000000000E+00
  4.124058742362908E+02  6.851307710615410E+00  9.131661008983860E-01  4.672737718692811E-17  0.000000000000000E+00
  4.133735169114180E+02  6.852292603624614E+00  9.130109327800114E-01  2.637601056196693E-17  0.000000000000000E+00
  4.143410383882008E+02  6.853271690580060E+00  9.128561512657233E-01  2.412697169733505E-17  0.000000000000000E+00
  4.153084394857566E+02  6.854245024067518E+00  9.127017565584807E-01  1.415340167249092E-17  0.000000000000000E+00
  4.162757210150202E+02  6.855212656054039E+00  9.125477488146964E-01  5.938657341794852E-17  0.000000000000000E+00
  4.172428837788494E+02  6.856174637897018E+00  9.123941281460232E-01  6.304674974979969E-17  0.000000000000000E+00
  4.182099285721280E+02  6.857131020353091E+00  9.122408946210186E-01 -4.610621216825989E-18  0.000000000000000E+00
  4.191768561818678E+02  6.858081853586864E+00  9.120880482667003E-01 -2.848996848891499E-18  0.000000000000000E+00
  4.201436673873089E+02  6.859027187179506E+00  9.119355890700068E-01 -2.759246669669514E-17  0.000000000000000E+00
  4.211103583764004E+02  6.859967065687037E+00  9.117835176102691E-01 -1.656584443210158E-17  0.000000000000000E+00
  4.220769207345064E+02  6.860901528764142E+00  9.116318350782068E-01 -5.492759130029626E-17  0.000000000000000E+00
  4.230433553193313E+02  6.861830624614003E+00  9.114805413612658E-01 -9.070573051722477E-17  0.000000000000000E+00
  4.240096629800613E+02  6.862754400881691E+00  9.113296363049973E-01 -9.091127493643820E-17  0.000000000000000E+00
  4.254588883254081E+02  6.864130193938609E+00  9.111040070245654E-01 -2.933360498720210E-17  0.000000000000000E+00
  4.264248823361773E+02  6.865040876107938E+00  9.109540726894320E-01 -2.686205720123648E-17  0.000000000000000E+00
  4.273907523294929E+02  6.865946401172982E+00  9.108045261756091E-01 -4.586042499468827E-17  0.000000000000000E+00
  4.283564991175425E+02  6.866846814365127E+00  9.106553671654332E-01 -3.296394327401114E-17  0.000000000000000E+00
  4.293221235045773E+02  6.867742160400272E+00  9.105065953095020E-01  1.426012389960503E-18  0.000000000000000E+00
  4.302876262870121E+02  6.868632483486127E+00  9.103582102280284E-01  2.652827243471054E-18  0.000000000000000E+00
  4.312530082535236E+02  6.869517827329410E+00  9.102102115120934E-01  1.822230079100325E-17  0.000000000000000E+00
  4.322182701851476E+02  6.870398235142874E+00  9.100625987248058E-01 -1.419935334549516E-17  0.000000000000000E+00
  4.331834128553742E+02  6.871273749652256E+00  9.099153714023909E-01  1.177728176356271E-17  0.000000000000000E+00
  4.341484370302417E+02  6.872144413103079E+00  9.097685290552063E-01  4.098388573988064E-17  0.000000000000000E+00
  4.351133350509409E+02  6.873010259724404E+00  9.096220722939681E-01  2.893709842158786E-17  0.000000000000000E+00
  4.360781025265297E+02  6.873871326361540E+00  9.094760012865516E-01  5.668089579829430E-17  0.000000000000000E+00
  4.370427402982770E+02  6.874727654140754E+00  9.093303154797610E-01 -9.668516323357931E-18  0.000000000000000E+00
  4.380072491992991E+02  6.875579283727848E+00  9.091850142922077E-01  2.259651436194331E-17  0.000000000000000E+00
  4.394537727208803E+02  6.876848006838923E+00  9.089677823355289E-01  2.243451712229746E-17  0.000000000000000E+00
  4.404179630373974E+02  6.877688065894546E+00  9.088234399829459E-01 -1.204882306801804E-17  0.000000000000000E+00
  4.413820273363665E+02  6.878523565554056E+00  9.086794800166348E-01  3.989368950042386E-18  0.000000000000000E+00
  4.423459664154667E+02  6.879354544489157E+00  9.085359017477299E-01  3.658160651776377E-18  0.000000000000000E+00
  4.433097810647695E+02  6.880181040945100E+00  9.083927044669081E-01  3.339820683155378E-17  0.000000000000000E+00
  4.442734720668330E+02  6.881003092746522E+00  9.082498874453980E-01  3.025335893281721E-17  0.000000000000000E+00
  4.452370401967940E+02  6.881820737303196E+00  9.081074499359086E-01  1.208291716508162E-17  0.000000000000000E+00
  4.462004862224591E+02  6.882634011615661E+00  9.079653911734832E-01  1.239830981569705E-17  0.000000000000000E+00
  4.471638109043943E+02  6.883442952280791E+00  9.078237103762931E-01  2.806580116627405E-18  0.000000000000000E+00
  4.481270149960127E+02  6.884247595497234E+00  9.076824067463808E-01  3.385523392511412E-17  0.000000000000000E+00
  4.490900978710969E+02  6.885047975931581E+00  9.075414796473160E-01  6.232506554529149E-17  0.000000000000000E+00
  4.500530502596080E+02  6.885844120755483E+00  9.074009295475323E-01  3.366165809735783E-17  0.000000000000000E+00
  4.510158710076821E+02  6.886636063601972E+00  9.072607558681769E-01  8.535113893152738E-17  0.000000000000000E+00
  4.524598570909443E+02  6.887816175408796E+00  9.070511992707582E-01  1.242518279886440E-17  0.000000000000000E+00
  4.534223522992382E+02  6.888597765183453E+00  9.069119628801159E-01  6.579761053772435E-17  0.000000000000000E+00
  4.543847186960762E+02  6.889375273496928E+00  9.067730998555439E-01  6.577197138592747E-17  0.000000000000000E+00
  4.553469570727295E+02  6.890148733951791E+00  9.066346092887607E-01  3.774669948540396E-17  0.000000000000000E+00
  4.563090682130793E+02  6.890918179790482E+00  9.064964902576590E-01  3.594713253727682E-17  0.000000000000000E+00
  4.572710528937053E+02  6.891683643900097E+00  9.063587418272092E-01  3.300103492248343E-17  0.000000000000000E+00
  4.582329118839750E+02  6.892445158817100E+00  9.062213630502806E-01  6.140796519095170E-17  0.000000000000000E+00
  4.591946459461299E+02  6.893202756731963E+00  9.060843529683852E-01  2.658107383431180E-17  0.000000000000000E+00
  4.601562558353717E+02  6.893956469493718E+00  9.059477106123576E-01  4.697489650996610E-17  0.000000000000000E+00
  4.611177422999458E+02  6.894706328614446E+00  9.058114350029759E-01  6.569278239404699E-17  0.000000000000000E+00
  4.620791060812251E+02  6.895452365273687E+00  9.056755251515368E-01  9.137721821465238E-17  0.000000000000000E+00
  4.630403479137909E+02  6.896194610322778E+00  9.055399800603882E-01  5.289227479624202E-17  0.000000000000000E+00
  4.640014685255142E+02  6.896933094289125E+00  9.054047987234228E-01 -1.216801742472082E-17  0.000000000000000E+00
  4.654429128620716E+02  6.898033825923149E+00  9.052027078890942E-01 -4.042510110287190E-17  0.000000000000000E+00
  4.664037101179319E+02  6.898763020923530E+00  9.050684344190473E-01 -1.628882528794379E-17  0.000000000000000E+00
  4.673643757911276E+02  6.899488549674916E+00  9.049345227538285E-01  1.599750004929500E-17  0.000000000000000E+00
  4.683249106667326E+02  6.900210441504234E+00  9.048009718545117E-01  1.342245840934568E-17  0.000000000000000E+00
  4.692853155226350E+02  6.900928725432440E+00  9.046677806722396E-01  2.652495706651885E-17  0.000000000000000E+00
  4.702455911296225E+02  6.901643430178476E+00  9.045349481491870E-01  1.838524464889507E-17  0.000000000000000E+00
  4.712057382514676E+02  6.902354584163179E+00  9.044024732194113E-01  4.117551602506058E-17  0.000000000000000E+00
  4.721657576450104E+02  6.903062215513112E+00  9.042703548096098E-01 -1.604424062796420E-17  0.000000000000000E+00
  4.731256500602408E+02  6.903766352064340E+00  9.041385918397924E-01 -1.601403589311979E-17  0.000000000000000E+00
  4.740854162403792E+02  6.904467021366144E+00  9.040071832238880E-01 -1.598570461464919E-17  0.000000000000000E+00
  4.750450569219560E+02  6.905164250684676E+00  9.038761278702890E-01 -3.074807576963303E-17  0.000000000000000E+00
  4.760045728348898E+02  6.905858067006551E+00  9.037454246823426E-01 -2.826591660409991E-17  0.000000000000000E+00
  4.774436143437190E+02  6.906892450475502E+00  9.035500278008859E-01 -8.405853927959605E-17  0.000000000000000E+00
  4.784028214857423E+02  6.907577850569512E+00  9.034202002000571E-01 -1.376102640366521E-16  0.000000000000000E+00
  4.793619063628732E+02  6.908259929969271E+00  9.032907208930143E-01 -1.093022774790227E-16  0.000000000000000E+00
  4.803208696762158E+02  6.908938714446485E+00  9.031615887654444E-01 -1.607789133518018E-16  0.000000000000000E+00
  4.812797096548501E+02  6.909614227776955E+00  9.030328029939590E-01 -1.409045494833843E-16  0.000000000000000E+00
  4.822384175508554E+02  6.910286488629888E+00  9.029043635909343E-01 -1.308374829400319E-16  0.000000000000000E+00
  4.831969934358753E+02  6.910955521696598E+00  9.027762695222772E-01 -1.739401791732907E-16  0.000000000000000E+00
  4.841554380683055E+02  6.911621351903898E+00  9.026485196653654E-01 -1.822765069500308E-16  0.000000000000000E+00
  4.851137521997918E+02  6.912284003926885E+00  9.025211128919710E-01 -1.673073390207196E-16  0.000000000000000E+00
  4.860719365753085E+02  6.912943502192087E+00  9.023940480690921E-01 -1.623134974621193E-16  0.000000000000000E+00
  4.870299919332363E+02  6.913599870880570E+00  9.022673240596853E-01 -1.270611707900156E-16  0.000000000000000E+00
  4.884668346613368E+02  6.914578608257202E+00  9.020778745753238E-01 -2.387799533261086E-17  0.000000000000000E+00
  4.894245706631234E+02  6.915227257212590E+00  9.019519976040861E-01 -2.196995083833328E-17  0.000000000000000E+00
  4.903821801808210E+02  6.915872859335581E+00  9.018264574434327E-01 -5.083150850683762E-17  0.000000000000000E+00
  4.913396639240676E+02  6.916515437739724E+00  9.017012529450592E-01 -1.741271662665205E-17  0.000000000000000E+00
  4.922970225963138E+02  6.917155015309308E+00  9.015763829593482E-01 -1.602423142800438E-17  0.000000000000000E+00
  4.932542568948928E+02  6.917791614702154E+00  9.014518463357057E-01 -3.841733695173743E-17  0.000000000000000E+00
  4.942113675110903E+02  6.918425258352379E+00  9.013276419228683E-01 -6.468456139369956E-17  0.000000000000000E+00
  4.951683551302123E+02  6.919055968473102E+00  9.012037685691749E-01 -5.918477510651838E-17  0.000000000000000E+00
  4.961252204316527E+02  6.919683767059121E+00  9.010802251228233E-01 -8.501355646708200E-17  0.000000000000000E+00
  4.970819640889598E+02  6.920308675889543E+00  9.009570104320952E-01 -7.825794982724503E-17  0.000000000000000E+00
  4.980385867699015E+02  6.920930716530384E+00  9.008341233455718E-01 -5.148133573195164E-17  0.000000000000000E+00
  4.994732829455110E+02  6.921858438254509E+00  9.006504058830960E-01 -1.621639135488164E-17  0.000000000000000E+00
  5.004295826550048E+02  6.922473386395245E+00  9.005283354678801E-01 -1.370451839254249E-17  0.000000000000000E+00
  5.013857516843355E+02  6.923085532650302E+00  9.004065900296728E-01 -1.384378753694565E-17  0.000000000000000E+00
  5.023417907515246E+02  6.923694897807103E+00  9.002851684194498E-01  2.605133760559798E-17  0.000000000000000E+00
  5.032977005684177E+02  6.924301502450625E+00  9.001640694866212E-01  9.994617460811855E-18  0.000000000000000E+00
  5.042534818407548E+02  6.924905366965842E+00  9.000432920796285E-01  3.840638906199737E-17  0.000000000000000E+00
  5.052091352682386E+02  6.925506511540117E+00  8.999228350464604E-01  3.537198196842412E-17  0.000000000000000E+00
  5.061646615446026E+02  6.926104956165553E+00  8.998026972351050E-01  2.389431560977034E-17  0.000000000000000E+00
  5.071200613576777E+02  6.926700720641324E+00  8.996828774939478E-01  1.332778748852270E-17  0.000000000000000E+00
  5.080753353894584E+02  6.927293824575954E+00  8.995633746721199E-01  4.386253664097261E-17  0.000000000000000E+00
  5.090304843161672E+02  6.927884287389584E+00  8.994441876198046E-01  5.619277349720054E-17  0.000000000000000E+00
  5.104629745994266E+02  6.928765071532064E+00  8.992659965972659E-01  6.667934084038559E-17  0.000000000000000E+00
  5.114178136846272E+02  6.929349015289871E+00  8.991475939475685E-01  4.098244387770950E-17  0.000000000000000E+00
  5.123725299869981E+02  6.929930384445280E+00  8.990295030549811E-01  5.196722096089100E-17  0.000000000000000E+00
  5.133271241575676E+02  6.930509197597639E+00  8.989117227773865E-01  2.589428367857749E-17  0.000000000000000E+00
  5.142815968419334E+02  6.931085473169703E+00  8.987942519748976E-01  2.386110473278400E-17  0.000000000000000E+00
  5.152359486803215E+02  6.931659229409686E+00  8.986770895100032E-01  2.319487966721291E-17  0.000000000000000E+00
  5.161901803076448E+02  6.932230484393267E+00  8.985602342477058E-01  4.420945287099989E-17  0.000000000000000E+00
  5.171442898854594E+02  6.932799254555842E+00  8.984436853248630E-01  2.380103335497017E-17  0.000000000000000E+00
  5.180982693270913E+02  6.933365552487610E+00  8.983274425681136E-01 -8.791821199718999E-19  0.000000000000000E+00
  5.190521188753753E+02  6.933929395620943E+00  8.982115049033615E-01 -3.103895039725640E-17  0.000000000000000E+00
  5.200058392149014E+02  6.934490801488621E+00  8.980958712077276E-01  4.054448865183217E-19  0.000000000000000E+00
  5.214361789412922E+02  6.935328378363625E+00  8.979229881508777E-01 -4.704761761728580E-18  0.000000000000000E+00
  5.223895792167372E+02  6.935883766692895E+00  8.978081094685134E-01 -3.452315102565398E-17  0.000000000000000E+00
  5.233428526349933E+02  6.936436777831878E+00  8.976935308306311E-01 -3.302416171589077E-17  0.000000000000000E+00
  5.242959998554786E+02  6.936987428584332E+00  8.975792511192942E-01 -3.010717492468434E-17  0.000000000000000E+00
  5.252490215321848E+02  6.937535735597092E+00  8.974652692187176E-01 -2.895334098766624E-17  0.000000000000000E+00
  5.262019183137352E+02  6.938081715361868E+00  8.973515840155428E-01 -4.830316726644225E-18  0.000000000000000E+00
  5.271546908434436E+02  6.938625384216992E+00  8.972381943990831E-01 -4.845270605753372E-17  0.000000000000000E+00
  5.281073397593711E+02  6.939166758349173E+00  8.971250992615314E-01  1.435622096800657E-17  0.000000000000000E+00
  5.290598656943824E+02  6.939705853795201E+00  8.970122974981459E-01  1.205170695930591E-17  0.000000000000000E+00
  5.300122692762018E+02  6.940242686443634E+00  8.968997880074135E-01 -1.778865016375093E-17  0.000000000000000E+00
  5.314406465973403E+02  6.941043727066732E+00  8.967315693813018E-01 -2.467528094889833E-17  0.000000000000000E+00
  5.323927470092315E+02  6.941574971275818E+00  8.966197857754995E-01  7.301303272225688E-18  0.000000000000000E+00
  5.333447272252693E+02  6.942104007153770E+00  8.965082906143810E-01  5.552139724932312E-18  0.000000000000000E+00
  5.342965878507143E+02  6.942630849942367E+00  8.963970828124981E-01  4.256173775122862E-17  0.000000000000000E+00
  5.352483294859796E+02  6.943155514744027E+00  8.962861612882378E-01  3.926518642229903E-17  0.000000000000000E+00
  5.361999521431427E+02  6.943678016203267E+00  8.961755250246440E-01  2.121754543944615E-17  0.000000000000000E+00
  5.371514480860484E+02  6.944198364603213E+00  8.960651738165625E-01  4.958100758776698E-17  0.000000000000000E+00
  5.381028157632699E+02  6.944716573533426E+00  8.959551068265155E-01  4.692474575163067E-17  0.000000000000000E+00
  5.390540558212471E+02  6.945232657661552E+00  8.958453229904513E-01  4.212298877033084E-17  0.000000000000000E+00
  5.400051689012237E+02  6.945746631521375E+00  8.957358212459318E-01 -1.989607943279395E-17  0.000000000000000E+00
  5.414316018275209E+02  6.946513667025311E+00  8.955720952318761E-01 -5.408103138871647E-17  0.000000000000000E+00
  5.423824002343368E+02  6.947022427934642E+00  8.954632940824857E-01 -8.723608289830475E-17  0.000000000000000E+00
  5.433330738673806E+02  6.947529128411123E+00  8.953547713246938E-01 -1.104443653672721E-16  0.000000000000000E+00
  5.442836233451895E+02  6.948033782404321E+00  8.952465259080021E-01 -7.318790706746333E-17  0.000000000000000E+00
  5.452340492814012E+02  6.948536403737879E+00  8.951385567853143E-01 -6.755431232901854E-17  0.000000000000000E+00
  5.461843522848044E+02  6.949037006110888E+00  8.950308629131333E-01 -1.013608330591653E-17  0.000000000000000E+00
  5.471345329593900E+02  6.949535603099264E+00  8.949234432517246E-01 -1.052322515315382E-17  0.000000000000000E+00
  5.480845919044012E+02  6.950032208157053E+00  8.948162967652635E-01 -1.644952898577278E-17  0.000000000000000E+00
  5.490345297143831E+02  6.950526834617778E+00  8.947094224219572E-01  1.351439650026539E-17  0.000000000000000E+00
  5.504592105903124E+02  6.951265093313338E+00  8.945496189285811E-01  6.940594989909851E-17  0.000000000000000E+00
  5.514088481334605E+02  6.951754830836239E+00  8.944434204564664E-01  6.408329304255307E-17  0.000000000000000E+00
  5.523583665861855E+02  6.952242635498813E+00  8.943374905494146E-01  8.899882097206604E-17  0.000000000000000E+00
  5.533077665224845E+02  6.952728520108019E+00  8.942318281949156E-01  1.108383710380407E-16  0.000000000000000E+00
  5.542570485119167E+02  6.953212497357224E+00  8.941264323849294E-01  1.011941828193689E-16  0.000000000000000E+00
  5.552062131196487E+02  6.953694579827406E+00  8.940213021159326E-01  1.306020900133497E-16  0.000000000000000E+00
  5.561552609065001E+02  6.954174779988346E+00  8.939164363889628E-01  9.082943521585699E-17  0.000000000000000E+00
  5.571041873202392E+02  6.954653107627129E+00  8.938118347163013E-01  3.980341114334919E-17  0.000000000000000E+00
  5.580529875000366E+02  6.955129572308762E+00  8.937074966508285E-01  3.676285820261741E-17  0.000000000000000E+00
  5.590016620535463E+02  6.955604186266572E+00  8.936034212096478E-01  2.545534009803337E-17  0.000000000000000E+00
  5.604244396522049E+02  6.956312663590523E+00  8.934477983242388E-01  3.302439783539744E-17  0.000000000000000E+00
  5.613728027677428E+02  6.956782703552356E+00  8.933443751600224E-01  3.083528095849069E-17  0.000000000000000E+00
  5.623210423470691E+02  6.957250934762498E+00  8.932412112009052E-01 -9.391979538053843E-18  0.000000000000000E+00
  5.632691589770569E+02  6.957717368976389E+00  8.931383054772616E-01 -2.874647305506405E-17  0.000000000000000E+00
  5.642171532400907E+02  6.958182017846360E+00  8.930356570231516E-01 -5.510604117563163E-17  0.000000000000000E+00
  5.651650257141133E+02  6.958644892922703E+00  8.929332648765071E-01 -7.244469854292386E-17  0.000000000000000E+00
  5.661127769726703E+02  6.959106005654762E+00  8.928311280792927E-01 -9.661080322402894E-17  0.000000000000000E+00
  5.670604075849552E+02  6.959565367391967E+00  8.927292456776388E-01 -1.262643373869610E-16  0.000000000000000E+00
  5.680079181158535E+02  6.960022989384893E+00  8.926276167219581E-01 -1.012759401250263E-16  0.000000000000000E+00
  5.694289599848039E+02  6.960706184723875E+00  8.924756464332149E-01 -8.246537123706418E-17  0.000000000000000E+00
  5.703761727557296E+02  6.961159505937826E+00  8.923746469669667E-01 -8.141859124070610E-17  0.000000000000000E+00
  5.713232673890660E+02  6.961611126020696E+00  8.922738976581381E-01 -1.048647054372963E-16  0.000000000000000E+00
  5.722702444308434E+02  6.962061055790710E+00  8.921733975774218E-01 -6.844969706342364E-17  0.000000000000000E+00
  5.732171044230171E+02  6.962509305972725E+00  8.920731458001709E-01 -2.553610728722252E-17  0.000000000000000E+00
  5.741638479035078E+02  6.962955887199176E+00  8.919731414064392E-01 -5.319176266126907E-17  0.000000000000000E+00
  5.751104754062418E+02  6.963400810011032E+00  8.918733834810092E-01 -6.915948173905313E-17  0.000000000000000E+00
  5.760569874611908E+02  6.963844084858716E+00  8.917738711134202E-01 -7.237853772610963E-17  0.000000000000000E+00
  5.770033845944108E+02  6.964285722103037E+00  8.916746033979877E-01 -6.804281206042812E-17  0.000000000000000E+00
  5.784227602381765E+02  6.964945127257284E+00  8.915261591174780E-01 -1.014442058159299E-16  0.000000000000000E+00
  5.793688566664846E+02  6.965382708007933E+00  8.914275005852316E-01 -1.169933527346565E-16  0.000000000000000E+00
  5.803148300805942E+02  6.965818682218266E+00  8.913290845191710E-01 -8.585886810387891E-17  0.000000000000000E+00
  5.812606810432637E+02  6.966253059930292E+00  8.912309100349566E-01 -8.781831056376940E-17  0.000000000000000E+00
  5.822064101130862E+02  6.966685851100009E+00  8.911329762514126E-01 -9.773803635062551E-17  0.000000000000000E+00
  5.831520178445314E+02  6.967117065598277E+00  8.910352822907854E-01 -1.187438679373044E-16  0.000000000000000E+00
  5.840975047879868E+02  6.967546713211690E+00  8.909378272789646E-01 -1.676482552767117E-16  0.000000000000000E+00
  5.850428714897984E+02  6.967974803643432E+00  8.908406103456691E-01 -9.721017200588753E-17  0.000000000000000E+00
  5.864606972747273E+02  6.968614040598128E+00  8.906952294490612E-01 -1.147913778052781E-16  0.000000000000000E+00
  5.874057657365298E+02  6.969038279987303E+00  8.905986039310757E-01 -1.578740980958440E-16  0.000000000000000E+00
  5.883507158376460E+02  6.969460995511153E+00  8.905022134778428E-01 -2.037774686875718E-16  0.000000000000000E+00
  5.892955481067238E+02  6.969882196507793E+00  8.904060572379352E-01 -8.849362946770295E-17  0.000000000000000E+00
  5.902402630685841E+02  6.970301892236425E+00  8.903101343643655E-01 -6.051792080727833E-17  0.000000000000000E+00
  5.911848612442583E+02  6.970720091878132E+00  8.902144440146436E-01 -1.928265954187348E-17  0.000000000000000E+00
  5.921293431510250E+02  6.971136804536648E+00  8.901189853508252E-01 -7.552562019522615E-17  0.000000000000000E+00
  5.930737093024468E+02  6.971552039239131E+00  8.900237575395534E-01 -6.986751011632775E-17  0.000000000000000E+00
  5.940179602084064E+02  6.971965804936909E+00  8.899287597520877E-01 -6.983216558757783E-18  0.000000000000000E+00
  5.954341215885127E+02  6.972583718496204E+00  8.897866925640889E-01  4.922288710166775E-17  0.000000000000000E+00
  5.963780865877239E+02  6.972993850353389E+00  8.896922662409210E-01  2.568374239858099E-17  0.000000000000000E+00
  5.973219380975935E+02  6.973402543949087E+00  8.895980670776514E-01  3.911643492628509E-18  0.000000000000000E+00
  5.982656766118793E+02  6.973809807902515E+00  8.895040942665586E-01 -2.572389182153594E-17  0.000000000000000E+00
  5.992093026208503E+02  6.974215650761057E+00  8.894103470046167E-01 -8.579788510343885E-18  0.000000000000000E+00
  6.001528147962910E+02  6.974620080223617E+00  8.893168246557650E-01 -3.726434946756910E-17  0.000000000000000E+00
  6.010962065633477E+02  6.975023101691443E+00  8.892235270604208E-01 -3.448424629026381E-17  0.000000000000000E+00
  6.020394779055653E+02  6.975424723328226E+00  8.891304534803803E-01 -6.010994308676266E-17  0.000000000000000E+00
  6.034541602714978E+02  6.976024549299212E+00  8.889912614252683E-01  3.107807054736729E-17  0.000000000000000E+00
  6.043971328438761E+02  6.976422707642728E+00  8.888987444612365E-01  5.871568196776051E-19  0.000000000000000E+00
  6.053399868155136E+02  6.976819495001748E+00  8.888064487834038E-01 -7.504557825927849E-18  0.000000000000000E+00
  6.062827226993338E+02  6.977214919464457E+00  8.887143736198803E-01  1.427322183168912E-17  0.000000000000000E+00
  6.072253410046595E+02  6.977608989051946E+00  8.886225182025690E-01  1.321172427510841E-17  0.000000000000000E+00
  6.081678422372477E+02  6.978001711718880E+00  8.885308817672907E-01  3.201677558291326E-17  0.000000000000000E+00
  6.091102268993233E+02  6.978393095354125E+00  8.884394635538863E-01  6.009794386113832E-17  0.000000000000000E+00
  6.100524954896134E+02  6.978783147781396E+00  8.883482628063040E-01  5.453304997424303E-17  0.000000000000000E+00
  6.114656818228991E+02  6.979365747363067E+00  8.882118677897813E-01  1.830108911205765E-17  0.000000000000000E+00
  6.124076623930027E+02  6.979752505577182E+00  8.881212074265901E-01  5.418090119654386E-17  0.000000000000000E+00
  6.133495286097989E+02  6.980137959462184E+00  8.880307619163014E-01  7.936177408732391E-17  0.000000000000000E+00
  6.142912809566819E+02  6.980522116556224E+00  8.879405305220586E-01  6.832377758481348E-17  0.000000000000000E+00
  6.152329199137272E+02  6.980904984335653E+00  8.878505125113707E-01  9.968333072603039E-17  0.000000000000000E+00
  6.161744459577226E+02  6.981286570215596E+00  8.877607071561302E-01  1.294961711400883E-16  0.000000000000000E+00
  6.171158595621989E+02  6.981666881550552E+00  8.876711137326307E-01  1.188176024185016E-16  0.000000000000000E+00
  6.180571611974610E+02  6.982045925634946E+00  8.875817315215745E-01  1.380884094000793E-16  0.000000000000000E+00
  6.194689047290116E+02  6.982612131476994E+00  8.874480526657208E-01  1.096477916810013E-16  0.000000000000000E+00
  6.204099284779218E+02  6.982988038958991E+00  8.873591953678176E-01  6.440239785936630E-17  0.000000000000000E+00
  6.213508418787117E+02  6.983362704255994E+00  8.872705467995841E-01  2.489669224593656E-18  0.000000000000000E+00
  6.222916453875376E+02  6.983736134399035E+00  8.871821062615850E-01  5.944630917877357E-17  0.000000000000000E+00
  6.232323375429290E+02  6.984108335605173E+00  8.870938732210895E-01  2.595307909166229E-17  0.000000000000000E+00
  6.241729121564522E+02  6.984479312183224E+00  8.870058475530952E-01 -5.059346720208695E-18  0.000000000000000E+00
  6.251133694143278E+02  6.984849070924902E+00  8.869180285989189E-01  2.440335515824732E-17  0.000000000000000E+00
  6.260537098052464E+02  6.985217618686935E+00  8.868304156769562E-01 -3.446936877528979E-17  0.000000000000000E+00
  6.274640023269802E+02  6.985768184605188E+00  8.866993811209630E-01  1.727638190882641E-17  0.000000000000000E+00
  6.284040526669562E+02  6.986133734551751E+00  8.866122803179907E-01  5.305718746303386E-17  0.000000000000000E+00
  6.293439878246184E+02  6.986498097081641E+00  8.865253831867764E-01 -7.863519485089209E-18  0.000000000000000E+00
  6.302838082740560E+02  6.986861278804820E+00  8.864386890606989E-01  9.000820263863789E-18  0.000000000000000E+00
  6.312235144861968E+02  6.987223286277818E+00  8.863521972768025E-01  4.458588188115336E-17  0.000000000000000E+00
  6.321631069288361E+02  6.987584126004226E+00  8.862659071758778E-01  7.033622484814574E-17  0.000000000000000E+00
  6.331025860666666E+02  6.987943804435195E+00  8.861798181025302E-01  8.481647832968652E-17  0.000000000000000E+00
  6.340419523613065E+02  6.988302327969916E+00  8.860939294052311E-01  5.756140567328866E-17  0.000000000000000E+00
  6.354507912245847E+02  6.988837961713199E+00  8.859654706487916E-01  9.924284884366873E-17  0.000000000000000E+00
  6.363898774109083E+02  6.989193625667104E+00  8.858800800669322E-01  1.002489273083707E-16  0.000000000000000E+00
  6.373288523459026E+02  6.989548156719639E+00  8.857948876117838E-01  3.601981663300744E-17  0.000000000000000E+00
  6.382677164776989E+02  6.989901561042041E+00  8.857098926496447E-01  5.486543018418682E-18  0.000000000000000E+00
  6.392064702515062E+02  6.990253844756157E+00  8.856250945508238E-01  2.469672253051898E-17  0.000000000000000E+00
  6.401451141096387E+02  6.990605013934894E+00  8.855404926896501E-01  8.949214922901631E-18  0.000000000000000E+00
  6.410836484915416E+02  6.990955074602677E+00  8.854560864444742E-01 -5.334642597962689E-18  0.000000000000000E+00
  6.420220738338173E+02  6.991304032735865E+00  8.853718751976691E-01  2.399491184942642E-17  0.000000000000000E+00
  6.434295083460725E+02  6.991825415639500E+00  8.852459226082361E-01  7.716122991458974E-17  0.000000000000000E+00
  6.443676629809936E+02  6.992171643271363E+00  8.851621961815966E-01  1.004441480557357E-16  0.000000000000000E+00
  6.453057100823804E+02  6.992516788913722E+00  8.850786626232349E-01  8.607280209056472E-17  0.000000000000000E+00
  6.462436500743588E+02  6.992860858332020E+00  8.849953213335475E-01  5.088725444714677E-17  0.000000000000000E+00
  6.471814814687201E+02  6.993203856548082E+00  8.849121718702225E-01  4.824475693844690E-17  0.000000000000000E+00
  6.481191984595750E+02  6.993545786974869E+00  8.848292141439298E-01 -1.197885351059970E-17  0.000000000000000E+00
  6.490568013317085E+02  6.993886655221384E+00  8.847464475821629E-01 -4.716770515460662E-17  0.000000000000000E+00
  6.504629926594705E+02  6.994395978299814E+00  8.846226548971284E-01 -5.298387270557375E-18  0.000000000000000E+00
  6.514003122143686E+02  6.994734215615723E+00  8.845403636995878E-01 -4.171244414377333E-17  0.000000000000000E+00
  6.523375192266205E+02  6.995071410250784E+00  8.844582616365453E-01 -2.648007335218485E-18  0.000000000000000E+00
  6.532746141400912E+02  6.995407567677116E+00  8.843763481348035E-01  2.638780415627174E-17  0.000000000000000E+00
  6.542115973958299E+02  6.995742693323507E+00  8.842946226243814E-01  1.653431605353182E-17  0.000000000000000E+00
  6.551484694320959E+02  6.996076792575797E+00  8.842130845385948E-01  1.426885606913855E-17  0.000000000000000E+00
  6.560852306843835E+02  6.996409870777272E+00  8.841317333141179E-01  6.980816436203658E-17  0.000000000000000E+00
  6.570218815854470E+02  6.996741933229041E+00  8.840505683910360E-01  1.151252697929090E-16  0.000000000000000E+00
  6.584266519684704E+02  6.997238133869393E+00  8.839291691052175E-01  1.299636841469671E-16  0.000000000000000E+00
  6.593630288670136E+02  6.997567679865855E+00  8.838484675087269E-01  6.995294329866306E-17  0.000000000000000E+00
  6.602992969077482E+02  6.997896228339759E+00  8.837679502813088E-01  6.518246385588099E-17  0.000000000000000E+00
  6.612354565113993E+02  6.998223784407030E+00  8.836876168787923E-01  6.151603021455631E-17  0.000000000000000E+00
  6.621715080960844E+02  6.998550353143438E+00  8.836074667605515E-01  5.705836878527555E-17  0.000000000000000E+00
  6.631074520773360E+02  6.998875939584955E+00  8.835274993895125E-01  8.062933629614660E-17  0.000000000000000E+00
  6.640432888681247E+02  6.999200548728105E+00  8.834477142321546E-01  1.312421580014305E-16  0.000000000000000E+00
  6.654468439693206E+02  6.999685640842154E+00  8.833283769884355E-01  9.579347257719931E-17  0.000000000000000E+00
  6.663824145740917E+02  7.000007828343433E+00  8.832490450544301E-01  1.247544426410389E-16  0.000000000000000E+00
  6.673178794139488E+02  7.000329055728515E+00  8.831698934947264E-01  1.516153289187694E-16  0.000000000000000E+00
  6.682532388906117E+02  7.000649327820654E+00  8.830909217917394E-01  1.119380931786925E-16  0.000000000000000E+00
  6.691884934033601E+02  7.000968649405521E+00  8.830121294314023E-01  7.513913738479307E-17  0.000000000000000E+00
  6.701236433490552E+02  7.001287025231534E+00  8.829335159031508E-01  9.736569058159311E-17  0.000000000000000E+00
  6.710586891221604E+02  7.001604460010178E+00  8.828550806999087E-01  1.097840124802902E-16  0.000000000000000E+00
  6.724610579671637E+02  7.002078856124158E+00  8.827377615603432E-01  1.810653094988826E-16  0.000000000000000E+00
  6.733958319262753E+02  7.002393954253193E+00  8.826597709727131E-01  1.966867977692226E-16  0.000000000000000E+00
  6.743304953670139E+02  7.002708124975867E+00  8.825819575554346E-01  9.279995261300394E-17  0.000000000000000E+00
  6.752650487098840E+02  7.003021372875871E+00  8.825043208165680E-01  8.611334975658581E-17  0.000000000000000E+00
  6.761994923728491E+02  7.003333702501196E+00  8.824268602666889E-01  7.172363675801185E-17  0.000000000000000E+00
  6.771338267713541E+02  7.003645118364449E+00  8.823495754189998E-01  4.579755930889385E-17  0.000000000000000E+00
  6.780680523183476E+02  7.003955624943169E+00  8.822724657894142E-01  4.280052455046748E-17  0.000000000000000E+00
  6.790021694243040E+02  7.004265226680121E+00  8.821955308966369E-01  2.031445408448867E-17  0.000000000000000E+00
  6.804031426481763E+02  7.004727942341068E+00  8.820804551431751E-01  5.800152963215835E-17  0.000000000000000E+00
  6.813369904313226E+02  7.005035301185319E+00  8.820039550055688E-01  1.734048649215720E-17  0.000000000000000E+00
  6.822707311909180E+02  7.005341770468089E+00  8.819276279429801E-01  1.505165381836528E-17  0.000000000000000E+00
  6.832043653265674E+02  7.005647354479422E+00  8.818514734872701E-01  5.044493482887783E-17  0.000000000000000E+00
  6.841378932355179E+02  7.005952057476233E+00  8.817754911733068E-01  1.927242558513636E-17  0.000000000000000E+00
  6.850713153126791E+02  7.006255883682593E+00  8.816996805389782E-01  2.605692768791796E-17  0.000000000000000E+00
  6.860046319506433E+02  7.006558837290007E+00  8.816240411252061E-01  9.898592880143161E-18  0.000000000000000E+00
  6.874044100622430E+02  7.007011640667655E+00  8.815109020463300E-01  9.150400533846569E-18  0.000000000000000E+00
  6.883374648047798E+02  7.007312430904392E+00  8.814356886954140E-01  3.601663818853942E-17  0.000000000000000E+00
  6.892704154642315E+02  7.007612362960066E+00  8.813606449822033E-01  6.095219758793038E-17  0.000000000000000E+00
  6.902032624230072E+02  7.007911440883093E+00  8.812857704612840E-01  4.872811737957663E-17  0.000000000000000E+00
  6.911360060613065E+02  7.008209668690830E+00  8.812110646902657E-01  5.309823596347113E-17  0.000000000000000E+00
  6.920686467571375E+02  7.008507050369858E+00  8.811365272297734E-01  1.291081002267692E-17  0.000000000000000E+00
  6.930011848863361E+02  7.008803589876225E+00  8.810621576434355E-01  5.425752529298340E-17  0.000000000000000E+00
  6.943998005845439E+02  7.009246828641484E+00  8.809509170807601E-01  1.217847426048052E-17  0.000000000000000E+00
  6.953320839273548E+02  7.009541279825948E+00  8.808769652902717E-01  3.370721799790775E-17  0.000000000000000E+00
  6.962642660021176E+02  7.009834902447284E+00  8.808031798700950E-01  6.154095270637194E-17  0.000000000000000E+00
  6.971963471751186E+02  7.010127700327367E+00  8.807295603971991E-01  5.714692422872603E-17  0.000000000000000E+00
  6.981283238323681E+02  7.010419676013514E+00  8.806561067369115E-01  6.120724788871791E-17  0.000000000000000E+00
  6.990601931010093E+02  7.010710832269970E+00  8.805828187065188E-01  5.580912387309931E-17  0.000000000000000E+00
  7.004577965105599E+02  7.011146038450399E+00  8.804731963125741E-01  5.023081145222727E-17  0.000000000000000E+00
  7.013893990244648E+02  7.011435162538305E+00  8.804003205513860E-01  5.448826015831684E-17  0.000000000000000E+00
  7.023208955173375E+02  7.011723480245983E+00  8.803276089810677E-01  3.718686558832789E-17  0.000000000000000E+00
  7.032522863749379E+02  7.012010995238003E+00  8.802550611952864E-01  3.483204647507992E-17  0.000000000000000E+00
  7.041835719808485E+02  7.012297711151001E+00  8.801826767899897E-01 -2.350231805969849E-17  0.000000000000000E+00
  7.051147527164931E+02  7.012583631593929E+00  8.801104553634609E-01 -2.080252857550481E-17  0.000000000000000E+00
  7.060458289611554E+02  7.012868760148282E+00  8.800383965163635E-01 -4.672325428055666E-17  0.000000000000000E+00
  7.074422482320209E+02  7.013294975956337E+00  8.799306122145564E-01 -1.440087368151498E-17  0.000000000000000E+00
  7.083730648947085E+02  7.013578140280257E+00  8.798589580848694E-01 -4.178725572866969E-17  0.000000000000000E+00
  7.093037783773094E+02  7.013860525038020E+00  8.797874651561385E-01 -1.955443582462123E-17  0.000000000000000E+00
  7.102343890496962E+02  7.014142133690456E+00  8.797161330400872E-01  1.732038656662423E-17  0.000000000000000E+00
  7.111648972796983E+02  7.014422969672203E+00  8.796449613509355E-01 -1.127589313338625E-17  0.000000000000000E+00
  7.120953034331186E+02  7.014703036391935E+00  8.795739497054068E-01  1.790719474544790E-17  0.000000000000000E+00
  7.130256078737509E+02  7.014982337232574E+00  8.795030977227293E-01 -3.909356526889997E-17  0.000000000000000E+00
  7.144208746141209E+02  7.015399859807608E+00  8.793971182897812E-01 -6.435984766082723E-17  0.000000000000000E+00
  7.153509263513445E+02  7.015677260583797E+00  8.793266638147734E-01 -8.815693488103383E-17  0.000000000000000E+00
  7.162808776334738E+02  7.015953907121489E+00  8.792563676895964E-01 -2.622463342767646E-17  0.000000000000000E+00
  7.172107288154649E+02  7.016229802690405E+00  8.791862295446962E-01 -2.407586029038868E-17  0.000000000000000E+00
  7.181404802503541E+02  7.016504950535692E+00  8.791162490129885E-01 -4.463768407953840E-17  0.000000000000000E+00
  7.190701322892739E+02  7.016779353878130E+00  8.790464257298444E-01 -4.249593769641908E-17  0.000000000000000E+00
  7.204644247436710E+02  7.017189569934981E+00  8.789419848545722E-01 -1.174141080923320E-17  0.000000000000000E+00
  7.213938298165199E+02  7.017462125953122E+00  8.788725531135908E-01  8.298502145838594E-18  0.000000000000000E+00
  7.223231367075957E+02  7.017733948552173E+00  8.788032773641227E-01 -2.059795988276177E-17  0.000000000000000E+00
  7.232523457596554E+02  7.018005040845757E+00  8.787341572524179E-01 -2.722893417404040E-17  0.000000000000000E+00
  7.241814573136364E+02  7.018275405924236E+00  8.786651924271002E-01  3.027367268425352E-17  0.000000000000000E+00
  7.251104672382357E+02  7.018545045558263E+00  8.785963828411025E-01 -1.544509305831504E-19  0.000000000000000E+00
  7.260393736644851E+02  7.018813962164307E+00  8.785277282990603E-01 -2.063559059933392E-17  0.000000000000000E+00
  7.274325400440808E+02  7.019215988052121E+00  8.784250364413293E-01 -2.559218978737270E-17  0.000000000000000E+00
  7.283611893205139E+02  7.019483110363279E+00  8.783567680076125E-01 -2.083199468743551E-18  0.000000000000000E+00
  7.292897363703518E+02  7.019749520207021E+00  8.782886534208826E-01 -3.019678970610190E-17  0.000000000000000E+00
  7.302181815526216E+02  7.020015220550057E+00  8.782206923429676E-01 -8.356560530875317E-17  0.000000000000000E+00
  7.311465252244539E+02  7.020280214336965E+00  8.781528844374997E-01 -4.943023840188939E-17  0.000000000000000E+00
  7.320747677410986E+02  7.020544504490371E+00  8.780852293699584E-01  9.523690923740518E-18  0.000000000000000E+00
  7.330029094559403E+02  7.020808093911148E+00  8.780177268077078E-01  1.074408124426525E-18  0.000000000000000E+00
  7.343949337933005E+02  7.021202170461219E+00  8.779167581888141E-01  3.696398989434254E-17  0.000000000000000E+00
  7.353228250375855E+02  7.021464020600563E+00  8.778496354470890E-01  6.258197955071562E-17  0.000000000000000E+00
  7.362506167024396E+02  7.021725179991591E+00  8.777826640615939E-01  8.809347968422639E-18  0.000000000000000E+00
  7.371783091330382E+02  7.021985651439505E+00  8.777158437084199E-01  6.359487387034975E-17  0.000000000000000E+00
  7.381059026727721E+02  7.022245437728738E+00  8.776491740656275E-01  3.733000656255342E-18  0.000000000000000E+00
  7.390333976632630E+02  7.022504541623132E+00  8.775826548132467E-01  2.465556550526469E-18  0.000000000000000E+00
  7.404244561121486E+02  7.022891923970096E+00  8.774831572216074E-01  2.065536867604596E-17  0.000000000000000E+00
  7.413517062126392E+02  7.023149333835622E+00  8.774170125582997E-01 -1.207788560739524E-18  0.000000000000000E+00
  7.422788589458287E+02  7.023406070820081E+00  8.773510171809897E-01  1.799578280501018E-17  0.000000000000000E+00
  7.432059146455480E+02  7.023662137596772E+00  8.772851707785300E-01  4.389542863856731E-17  0.000000000000000E+00
  7.441328736439348E+02  7.023917536819337E+00  8.772194730417145E-01  6.897582549013882E-17  0.000000000000000E+00
  7.450597362714467E+02  7.024172271121931E+00  8.771539236632656E-01  3.598862361822801E-17  0.000000000000000E+00
  7.464498502361013E+02  7.024553131565549E+00  8.770558771000784E-01  2.820858527294922E-17  0.000000000000000E+00
  7.473764733712717E+02  7.024806214966173E+00  8.769906972857645E-01  2.594713086774259E-17  0.000000000000000E+00
  7.483030012791286E+02  7.025058642515198E+00  8.769256647693654E-01  2.313081757692272E-17  0.000000000000000E+00
  7.492294342827317E+02  7.025310416761066E+00  8.768607792521290E-01 -6.612650723786999E-18  0.000000000000000E+00
  7.501557727035324E+02  7.025561540233605E+00  8.767960404371585E-01 -6.138823732880973E-17  0.000000000000000E+00
  7.510820168613857E+02  7.025812015444188E+00  8.767314480293964E-01 -5.609640752281791E-17  0.000000000000000E+00
  7.520081670745631E+02  7.026061844885894E+00  8.766670017356087E-01  3.041084390462283E-18  0.000000000000000E+00
  7.533972115400682E+02  7.026435382190411E+00  8.765706059639100E-01 -7.860873085160403E-17  0.000000000000000E+00
  7.543231169927506E+02  7.026683604980078E+00  8.765065244010735E-01 -4.602191715437042E-17  0.000000000000000E+00
  7.552489234896725E+02  7.026931188966688E+00  8.764425883313448E-01 -6.315254418020681E-17  0.000000000000000E+00
  7.561746313692403E+02  7.027178136582373E+00  8.763787974689896E-01 -5.874333955040356E-17  0.000000000000000E+00
  7.571002409681819E+02  7.027424450241558E+00  8.763151515294906E-01  5.070404840562817E-19  0.000000000000000E+00
  7.580257526215598E+02  7.027670132341109E+00  8.762516502296024E-01 -1.528224849630534E-17  0.000000000000000E+00
  7.594138371825812E+02  7.028037476516457E+00  8.761566688626856E-01 -9.493906058272083E-17  0.000000000000000E+00
  7.603391054271374E+02  7.028281590089332E+00  8.760935279313445E-01 -8.058935645835525E-17  0.000000000000000E+00
  7.612642768859214E+02  7.028525080355483E+00  8.760305306588340E-01 -7.398099392964833E-17  0.000000000000000E+00
  7.621893518866613E+02  7.028767949634601E+00  8.759676767680714E-01 -6.783539630777743E-17  0.000000000000000E+00
  7.631143307554895E+02  7.029010200229626E+00  8.759049659834017E-01 -6.410171481997522E-17  0.000000000000000E+00
  7.640392138169559E+02  7.029251834426890E+00  8.758423980306114E-01 -4.534224019473685E-17  0.000000000000000E+00
  7.654263594764416E+02  7.029613134937844E+00  8.757488133149228E-01  1.339970499061299E-17  0.000000000000000E+00
  7.663510044291291E+02  7.029853238035692E+00  8.756866012516615E-01  4.464057632808412E-18  0.000000000000000E+00
  7.672755546980875E+02  7.030092732609182E+00  8.756245310719606E-01 -2.385256276800616E-17  0.000000000000000E+00
  7.682000106008917E+02  7.030331620871650E+00  8.755626025081429E-01 -2.318219157079968E-17  0.000000000000000E+00
  7.691243724535997E+02  7.030569905020574E+00  8.755008152939785E-01 -2.785191013705742E-17  0.000000000000000E+00
  7.700486405707634E+02  7.030807587237731E+00  8.754391691646821E-01 -6.091509028326260E-17  0.000000000000000E+00
  7.714348676767706E+02  7.031162986675729E+00  8.753469639291780E-01 -6.172327266459193E-17  0.000000000000000E+00
  7.723589028214586E+02  7.031399173506824E+00  8.752856693630174E-01 -8.442647085262604E-17  0.000000000000000E+00
  7.732828453198390E+02  7.031634765920555E+00  8.752245149662292E-01 -5.957494096134008E-17  0.000000000000000E+00
  7.742066954798270E+02  7.031869766029633E+00  8.751635004804190E-01 -6.343082504503263E-17  0.000000000000000E+00
  7.751304536078933E+02  7.032104175931775E+00  8.751026256485840E-01 -5.903132888099407E-17  0.000000000000000E+00
  7.760541200090751E+02  7.032337997709845E+00  8.750418902151021E-01 -6.264318110756457E-17  0.000000000000000E+00
  7.774394482867091E+02  7.032687632164322E+00  8.749510478809766E-01 -6.778883974415547E-17  0.000000000000000E+00
  7.783628866959058E+02  7.032919992648301E+00  8.748906598339652E-01 -5.539100138339260E-17  0.000000000000000E+00
  7.792862344347125E+02  7.033151772182975E+00  8.748304103013057E-01 -3.258573620536819E-17  0.000000000000000E+00
  7.802094918018465E+02  7.033382972785862E+00  8.747702990334192E-01 -3.032948299331872E-17  0.000000000000000E+00
  7.811326590946493E+02  7.033613596460304E+00  8.747103257820336E-01 -6.384636386308281E-17  0.000000000000000E+00
  7.820557366090967E+02  7.033843645195581E+00  8.746504903001663E-01 -5.942832766876129E-17  0.000000000000000E+00
  7.834401768789864E+02  7.034187642542272E+00  8.745609953500980E-01 -2.738965183130334E-17  0.000000000000000E+00
  7.843630186933977E+02  7.034416259442350E+00  8.745015039644169E-01 -2.549581726099280E-17  0.000000000000000E+00
  7.852857661839889E+02  7.034644306896348E+00  8.744421498268408E-01 -3.170310495275926E-17  0.000000000000000E+00
  7.862084196650524E+02  7.034871786847757E+00  8.743829326953180E-01 -6.439038816697885E-17  0.000000000000000E+00
  7.871309794494315E+02  7.035098701226478E+00  8.743238523286061E-01 -2.507111857992929E-17  0.000000000000000E+00
  7.880534458485316E+02  7.035325051948928E+00  8.742649084863130E-01  3.143647922680138E-17  0.000000000000000E+00
  7.894369710274723E+02  7.035663525336409E+00  8.741767481824722E-01  2.729595483807440E-17  0.000000000000000E+00
  7.903592053164306E+02  7.035888475215118E+00  8.741181446053529E-01 -9.435057942428047E-18  0.000000000000000E+00
  7.912813472988551E+02  7.036112868040561E+00  8.740596767183794E-01 -7.808948083505105E-18  0.000000000000000E+00
  7.922033972798091E+02  7.036336705669942E+00  8.740013442853023E-01 -7.270411682527178E-18  0.000000000000000E+00
  7.931253555629750E+02  7.036559989947617E+00  8.739431470708350E-01 -1.776498546354354E-18  0.000000000000000E+00
  7.940472224506640E+02  7.036782722705205E+00  8.738850848406627E-01 -1.654058197425502E-18  0.000000000000000E+00
  7.954298520736372E+02  7.037115791717058E+00  8.737982440807992E-01  5.526665510929125E-18  0.000000000000000E+00
  7.963514917863382E+02  7.037337153605204E+00  8.737405182926539E-01 -2.526429509765201E-18  0.000000000000000E+00
  7.972730411509981E+02  7.037557970285244E+00  8.736829266764041E-01 -2.125233391633017E-17  0.000000000000000E+00
  7.981945004638802E+02  7.037778243532855E+00  8.736254690021363E-01 -3.993514125052899E-17  0.000000000000000E+00
  7.991158700199309E+02  7.037997975111576E+00  8.735681450409093E-01  1.746106020226854E-17  0.000000000000000E+00
  8.000371501127881E+02  7.038217166772913E+00  8.735109545647487E-01  1.598261768470098E-17  0.000000000000000E+00
  8.014189031477260E+02  7.038544945721925E+00  8.734254186386770E-01  8.604289465448138E-18  0.000000000000000E+00
  8.023399608587667E+02  7.038762795174643E+00  8.733685608840854E-01 -1.977781121036053E-17  0.000000000000000E+00
  8.032609301241811E+02  7.038980110747016E+00  8.733118358241723E-01 -3.729636860538888E-17  0.000000000000000E+00
  8.041818112318355E+02  7.039196894137705E+00  8.732552432352269E-01 -2.707382244986176E-17  0.000000000000000E+00
  8.051026044683388E+02  7.039413147033896E+00  8.731987828944624E-01 -2.521447032410556E-17  0.000000000000000E+00
  8.060233101190510E+02  7.039628871111417E+00  8.731424545800035E-01 -3.371771348011268E-18  0.000000000000000E+00
  8.074042049929363E+02  7.039951469330862E+00  8.730582091745079E-01 -3.172514375634384E-17  0.000000000000000E+00
  8.083246929195044E+02  7.040165878619762E+00  8.730022099610104E-01 -1.792751701643326E-18  0.000000000000000E+00
  8.092450942493331E+02  7.040379764867313E+00  8.729463420042934E-01 -2.176757341759958E-17  0.000000000000000E+00
  8.101654092622701E+02  7.040593129699420E+00  8.728906050864571E-01 -5.498198113671665E-17  0.000000000000000E+00
  8.110856382369620E+02  7.040805974731162E+00  8.728349989904516E-01  3.301823389155699E-18  0.000000000000000E+00
  8.120057814508619E+02  7.041018301566877E+00  8.727795235000659E-01 -1.871600361269223E-17  0.000000000000000E+00
  8.133858360742420E+02  7.041335823686243E+00  8.726965546791005E-01 -1.589564448875041E-17  0.000000000000000E+00
  8.143057640283936E+02  7.041546861508126E+00  8.726414048754003E-01  1.195107818879732E-17  0.000000000000000E+00
  8.152256021106267E+02  7.041757385508028E+00  8.725863852059461E-01  1.209580123598394E-17  0.000000000000000E+00
  8.161453506150890E+02  7.041967397256524E+00  8.725314954582156E-01  1.918536201009763E-17  0.000000000000000E+00
  8.170650098346604E+02  7.042176898313819E+00  8.724767354200395E-01 -9.550217972593120E-19  0.000000000000000E+00
  8.184443318924259E+02  7.042490195741450E+00  8.723948381050508E-01 -6.200361335767303E-17  0.000000000000000E+00
  8.193637691728798E+02  7.042698426829441E+00  8.723404014152037E-01 -5.803888712094083E-17  0.000000000000000E+00
  8.202831181836656E+02  7.042906152606633E+00  8.722860936956599E-01 -5.503221181602224E-17  0.000000000000000E+00
  8.212023792120664E+02  7.043113374587713E+00  8.722319147362834E-01 -2.454981156775797E-17  0.000000000000000E+00
  8.221215525441449E+02  7.043320094277496E+00  8.721778643274545E-01  4.803877850183944E-18  0.000000000000000E+00
  8.230406384647520E+02  7.043526313171022E+00  8.721239422600878E-01  3.516792031783895E-18  0.000000000000000E+00
  8.244191040693037E+02  7.043834705764898E+00  8.720432993432474E-01 -4.384032493204838E-17  0.000000000000000E+00
  8.253379726995738E+02  7.044039679145197E+00  8.719896972183833E-01 -4.084842962697261E-17  0.000000000000000E+00
  8.262567549059237E+02  7.044244156886134E+00  8.719362227075234E-01 -6.475735502329917E-17  0.000000000000000E+00
  8.271754509678510E+02  7.044448140439827E+00  8.718828756040878E-01 -3.269227908332069E-17  0.000000000000000E+00
  8.280940611636860E+02  7.044651631249089E+00  8.718296557020625E-01 -3.776576663296717E-18  0.000000000000000E+00
  8.290125857705989E+02  7.044854630747515E+00  8.717765627960009E-01  5.080061115398582E-17  0.000000000000000E+00
  8.303902128052167E+02  7.045158211900863E+00  8.716971611063141E-01  2.783944249007588E-17  0.000000000000000E+00
  8.313085246449044E+02  7.045359989334432E+00  8.716443847950318E-01  2.594296456363081E-17  0.000000000000000E+00
  8.322267518567451E+02  7.045561280403348E+00  8.715917347650785E-01  2.513075335388330E-17  0.000000000000000E+00
  8.331448947127853E+02  7.045762086500748E+00  8.715392108135223E-01  2.314712304799960E-17  0.000000000000000E+00
  8.340629534839539E+02  7.045962409011000E+00  8.714868127379789E-01  2.184408563065480E-17  0.000000000000000E+00
  8.354398845714976E+02  7.046261989057410E+00  8.714084512007969E-01 -2.291498824744477E-17  0.000000000000000E+00
  8.363577343085298E+02  7.046461108599566E+00  8.713563669333770E-01 -7.559888428827332E-17  0.000000000000000E+00
  8.372755009002425E+02  7.046659749331948E+00  8.713044078378297E-01 -6.950587042567067E-17  0.000000000000000E+00
  8.381931846126239E+02  7.046857912600449E+00  8.712525737141452E-01 -3.814479858831761E-17  0.000000000000000E+00
  8.391107857105839E+02  7.047055599742610E+00  8.712008643628196E-01 -6.218367973767732E-17  0.000000000000000E+00
  8.400283044579609E+02  7.047252812087721E+00  8.711492795848492E-01 -5.890948672906559E-17  0.000000000000000E+00
  8.414044287462129E+02  7.047547743248603E+00  8.710721355588175E-01 -2.452251811021225E-17  0.000000000000000E+00
  8.423217427644590E+02  7.047743774363175E+00  8.710208613467897E-01 -2.190754875125206E-17  0.000000000000000E+00
  8.432389753472207E+02  7.047939335269219E+00  8.709697110154083E-01 -1.947095376534545E-17  0.000000000000000E+00
  8.441561267536010E+02  7.048134427259767E+00  8.709186843678084E-01  3.601296365936431E-17  0.000000000000000E+00
  8.450731972416688E+02  7.048329051620000E+00  8.708677812075759E-01  5.230023715053258E-17  0.000000000000000E+00
  8.464486518139341E+02  7.048620114145693E+00  8.707916575774718E-01  5.280597747204890E-17  0.000000000000000E+00
  8.473655211285472E+02  7.048813575001883E+00  8.707410622792270E-01  2.263436832415706E-17  0.000000000000000E+00
  8.482823094800144E+02  7.049006572467283E+00  8.706905898316434E-01  1.350387293596943E-17  0.000000000000000E+00
  8.491990137303169E+02  7.049199107082159E+00  8.706402402114457E-01  4.011787786116570E-17  0.000000000000000E+00
  8.501156339576468E+02  7.049391180059734E+00  8.705900132342806E-01  9.150212409235998E-17  0.000000000000000E+00
  8.510321704328269E+02  7.049582792646587E+00  8.705399087061365E-01  1.118781969531529E-16  0.000000000000000E+00
  8.524068187000707E+02  7.049869351002860E+00  8.704649810816517E-01  9.979747236208546E-17  0.000000000000000E+00
  8.533231469726168E+02  7.050059818018043E+00  8.704151818278941E-01  5.794631876614310E-17  0.000000000000000E+00
  8.542393924323858E+02  7.050249828947411E+00  8.703655043449819E-01  3.532515957242638E-17  0.000000000000000E+00
  8.551555553453670E+02  7.050439385004625E+00  8.703159484395029E-01  4.052215831057198E-17  0.000000000000000E+00
  8.560716359764945E+02  7.050628487396214E+00  8.702665139182350E-01  4.536704500756454E-17  0.000000000000000E+00
  8.574456032216725E+02  7.050911292982482E+00  8.701925893095598E-01  4.816822412234093E-17  0.000000000000000E+00
  8.583614793003831E+02  7.051099266442423E+00  8.701434574048370E-01  4.491265840715963E-17  0.000000000000000E+00
  8.592772740162901E+02  7.051286790404443E+00  8.700944462097197E-01  3.429682602082590E-17  0.000000000000000E+00
  8.601929876296585E+02  7.051473866043830E+00  8.700455555319759E-01  3.197999228378458E-17  0.000000000000000E+00
  8.611086203997328E+02  7.051660494529105E+00  8.699967851796093E-01  2.982022333107429E-17  0.000000000000000E+00
  8.620241725847437E+02  7.051846677022089E+00  8.699481349608637E-01  3.538421124725997E-17  0.000000000000000E+00
  8.633973503276688E+02  7.052125117051205E+00  8.698753844644107E-01  2.427821478470834E-17  0.000000000000000E+00
  8.643127021731852E+02  7.052310189603061E+00  8.698270337423648E-01  1.506574365890264E-17  0.000000000000000E+00
  8.652279743295528E+02  7.052494820177168E+00  8.697788024846912E-01  2.946407415193367E-17  0.000000000000000E+00
  8.661431670505168E+02  7.052679009905988E+00  8.697306905007141E-01  2.747701392256266E-17  0.000000000000000E+00
  8.670582805888424E+02  7.052862759915620E+00  8.696826975999953E-01  2.562443088602279E-17  0.000000000000000E+00
  8.684308029794115E+02  7.053137562904465E+00  8.696109311140148E-01  8.199105547909488E-18  0.000000000000000E+00
  8.693457196606096E+02  7.053320218501664E+00  8.695632350897949E-01  7.646645733929350E-18  0.000000000000000E+00
  8.702605580362132E+02  7.053502438271853E+00  8.695156574841116E-01  1.469798333610990E-17  0.000000000000000E+00
  8.711753183546492E+02  7.053684223313279E+00  8.694681981075481E-01  5.875166636218499E-18  0.000000000000000E+00
  8.720900008633960E+02  7.053865574718158E+00  8.694208567709011E-01  5.479592332780085E-18  0.000000000000000E+00
  8.730046058089893E+02  7.054046493572736E+00  8.693736332851791E-01 -1.028246704952527E-17  0.000000000000000E+00
  8.743763683334587E+02  7.054317063184417E+00  8.693030186141650E-01 -3.195457607990264E-17  0.000000000000000E+00
  8.752907804436263E+02  7.054496905376905E+00  8.692560889302532E-01 -2.980494720831760E-17  0.000000000000000E+00
  8.762051158461724E+02  7.054676318774765E+00  8.692092764373801E-01 -3.535914344786827E-17  0.000000000000000E+00
  8.771193747834590E+02  7.054855304438075E+00  8.691625809474384E-01 -1.759956876866651E-17  0.000000000000000E+00
  8.780335574969356E+02  7.055033863421254E+00  8.691160022725024E-01 -1.641649536462815E-17  0.000000000000000E+00
  8.794046891734466E+02  7.055300904163545E+00  8.690463528775777E-01 -1.504746378646161E-17  0.000000000000000E+00
  8.803186823777995E+02  7.055478401022834E+00  8.690000654191217E-01 -6.216488559974825E-18  0.000000000000000E+00
  8.812326001963058E+02  7.055655474848670E+00  8.689538941192805E-01 -1.361777155083244E-17  0.000000000000000E+00
  8.821464428663738E+02  7.055832126670669E+00  8.689078387908777E-01 -2.807205559771728E-17  0.000000000000000E+00
  8.830602106245276E+02  7.056008357513077E+00  8.688618992468865E-01 -1.863753650288280E-17  0.000000000000000E+00
  8.844307223171544E+02  7.056271916667433E+00  8.687932066179089E-01 -9.502017783847238E-18  0.000000000000000E+00
  8.853443038245614E+02  7.056447099507202E+00  8.687475557176487E-01 -8.864514408663234E-18  0.000000000000000E+00
  8.862578092356292E+02  7.056621864527314E+00  8.687020200399493E-01 -8.269925823812341E-18  0.000000000000000E+00
  8.871712368335800E+02  7.056796212359393E+00  8.686565994879204E-01 -1.526016103799598E-17  0.000000000000000E+00
  8.880845868669929E+02  7.056970144007641E+00  8.686112938751045E-01 -1.423708069345076E-17  0.000000000000000E+00
  8.894544670250683E+02  7.057230263319448E+00  8.685435505587094E-01 -1.283003497038090E-17  0.000000000000000E+00
  8.903676242285401E+02  7.057403158868055E+00  8.684985314773660E-01 -1.197039558660690E-17  0.000000000000000E+00
  8.912807047301636E+02  7.057575641707578E+00  8.684536266817539E-01 -3.628956211550857E-18  0.000000000000000E+00
  8.921937087743472E+02  7.057747712819586E+00  8.684088359850048E-01  4.152515289893677E-18  0.000000000000000E+00
  8.931066366045866E+02  7.057919373180757E+00  8.683641592002146E-01  1.167688715448275E-17  0.000000000000000E+00
  8.940194884634700E+02  7.058090623762926E+00  8.683195961404525E-01  1.089525986340335E-17  0.000000000000000E+00
  8.953886243339462E+02  7.058346733414641E+00  8.682529643763001E-01 -5.257717533575779E-18  0.000000000000000E+00
  8.963012873198562E+02  7.058516963769716E+00  8.682086848112294E-01 -4.905985249047718E-18  0.000000000000000E+00
  8.972138751763981E+02  7.058686787709743E+00  8.681645183168882E-01 -1.237467110335624E-17  0.000000000000000E+00
  8.981263881421399E+02  7.058856206185351E+00  8.681204647063522E-01 -1.907826473978969E-17  0.000000000000000E+00
  8.990388264547699E+02  7.059025220142579E+00  8.680765237927145E-01 -1.000851318974954E-17  0.000000000000000E+00
  9.004073444669211E+02  7.059277984664764E+00  8.680108233201382E-01 -9.022142913145634E-18  0.000000000000000E+00
  9.013195971809274E+02  7.059445991435296E+00  8.679671633311767E-01 -8.922316522432262E-19  0.000000000000000E+00
  9.022317760668719E+02  7.059613596963149E+00  8.679236153851247E-01 -8.326337856623516E-19  0.000000000000000E+00
  9.031438813585434E+02  7.059780802174293E+00  8.678801792951882E-01  7.011836938555005E-18  0.000000000000000E+00
  9.040559132888767E+02  7.059947607990370E+00  8.678368548746004E-01 -1.243969400755108E-18  0.000000000000000E+00
  9.054238241393249E+02  7.060197069854257E+00  8.677720772152658E-01  6.409515526989909E-18  0.000000000000000E+00
  9.063356736798436E+02  7.060362881186758E+00  8.677290311511313E-01  1.376647935496285E-17  0.000000000000000E+00
  9.072474506676413E+02  7.060528296316397E+00  8.676860961028812E-01  5.064639229489914E-18  0.000000000000000E+00
  9.081591553318685E+02  7.060693316145827E+00  8.676432718838692E-01  1.224569665263308E-17  0.000000000000000E+00
  9.090707879008474E+02  7.060857941573611E+00  8.676005583074738E-01  3.911377539188829E-18  0.000000000000000E+00
  9.104381020731524E+02  7.061104142167796E+00  8.675366949896035E-01 -3.989274716562030E-18  0.000000000000000E+00
  9.113495553975214E+02  7.061267785496088E+00  8.674942572034173E-01 -1.901658112707510E-17  0.000000000000000E+00
  9.122609374193074E+02  7.061431037535964E+00  8.674519294068298E-01 -9.972601806185588E-18  0.000000000000000E+00
  9.131722483631580E+02  7.061593899168034E+00  8.674097114133046E-01 -9.308293974574594E-18  0.000000000000000E+00
  9.140834884529161E+02  7.061756371269022E+00  8.673676030363159E-01 -9.137851090422755E-19  0.000000000000000E+00
  9.154502162238165E+02  7.061999350958127E+00  8.673046455938409E-01 -1.077837872984885E-18  0.000000000000000E+00
  9.163612801524122E+02  7.062160853041987E+00  8.672628104422102E-01  6.765584793337217E-18  0.000000000000000E+00
  9.172722740040886E+02  7.062321968633331E+00  8.672210842543467E-01  6.577786576659162E-18  0.000000000000000E+00
  9.181831979991188E+02  7.062482698591907E+00  8.671794668437545E-01  6.140156780073562E-18  0.000000000000000E+00
  9.190940523569943E+02  7.062643043773803E+00  8.671379580239391E-01  1.349994826026468E-17  0.000000000000000E+00
  9.200048372964285E+02  7.062803005031475E+00  8.670965576084013E-01  1.260217422624443E-17  0.000000000000000E+00
  9.213708850225346E+02  7.063042228915978E+00  8.670346598351405E-01  4.116364945316681E-18  0.000000000000000E+00
  9.222814973676682E+02  7.063201234069094E+00  8.669935296143340E-01  1.134508077759251E-17  0.000000000000000E+00
  9.231920410537891E+02  7.063359858253527E+00  8.669525071450109E-01  1.809245979231450E-17  0.000000000000000E+00
  9.241025162961595E+02  7.063518102305850E+00  8.669115922406345E-01  2.465239961964830E-17  0.000000000000000E+00
  9.250129233092848E+02  7.063675967059202E+00  8.668707847146533E-01  7.754935180471338E-18  0.000000000000000E+00
  9.263784063665190E+02  7.063912054817814E+00  8.668097743520472E-01 -5.021811496955379E-19  0.000000000000000E+00
  9.272886437400658E+02  7.064068974946539E+00  8.667692344557746E-01 -7.965462681147956E-18  0.000000000000000E+00
  9.281988133818639E+02  7.064225518623248E+00  8.667288012948868E-01  3.200912775477621E-19  0.000000000000000E+00
  9.291089129646681E+02  7.064381686231080E+00  8.666884747860780E-01 -1.495143367405017E-17  0.000000000000000E+00
  9.300189421120350E+02  7.064537478487944E+00  8.666482547669713E-01 -1.395951492296952E-17  0.000000000000000E+00
  9.313838542562090E+02  7.064770464879164E+00  8.665881239974471E-01 -4.841128025464226E-18  0.000000000000000E+00
  9.322937082928122E+02  7.064925322331288E+00  8.665481693841591E-01 -1.976279131518955E-17  0.000000000000000E+00
  9.332034926741560E+02  7.065079807282159E+00  8.665083206053320E-01 -1.845266827862350E-17  0.000000000000000E+00
  9.341132076213688E+02  7.065233920538827E+00  8.664685774733701E-01 -2.497915901992535E-17  0.000000000000000E+00
  9.350228533547953E+02  7.065387662905216E+00  8.664289398005373E-01 -2.358450543580778E-17  0.000000000000000E+00
  9.363871926591721E+02  7.065617582786539E+00  8.663696806161721E-01 -2.851476569137228E-17  0.000000000000000E+00
  9.372966663170340E+02  7.065770401424240E+00  8.663303057690075E-01 -1.914102069090805E-17  0.000000000000000E+00
  9.382060715262015E+02  7.065922851961307E+00  8.662910357229604E-01 -1.038937260956950E-17  0.000000000000000E+00
  9.391154085035412E+02  7.066074935188023E+00  8.662518702897993E-01 -9.961739207434478E-18  0.000000000000000E+00
  9.400246774651569E+02  7.066226651891725E+00  8.662128092812040E-01 -1.820198890791571E-18  0.000000000000000E+00
  9.413884538489593E+02  7.066453541431761E+00  8.661544131522254E-01 -1.661265473068080E-17  0.000000000000000E+00
  9.422975537117502E+02  7.066604345253470E+00  8.661156123806257E-01 -2.944938533076459E-19  0.000000000000000E+00
  9.432065863092306E+02  7.066754785285085E+00  8.660769153738643E-01  7.463408512642798E-18  0.000000000000000E+00
  9.441155518541191E+02  7.066904862301062E+00  8.660383219432904E-01  6.969899860369056E-18  0.000000000000000E+00
  9.450244505583925E+02  7.067054577073073E+00  8.659998319001890E-01  6.509119968909151E-18  0.000000000000000E+00
  9.463876737505306E+02  7.067278471704925E+00  8.659422902740884E-01 -1.609285704850251E-18  0.000000000000000E+00
  9.472964062758244E+02  7.067427284225102E+00  8.659040578736531E-01 -1.502951066886307E-18  0.000000000000000E+00
  9.482050726966274E+02  7.067575737180686E+00  8.658659281997281E-01 -8.876892331433588E-18  0.000000000000000E+00
  9.491136732216199E+02  7.067723831331188E+00  8.658279010633411E-01 -8.031434515871795E-18  0.000000000000000E+00
  9.500222080587595E+02  7.067871567433492E+00  8.657899762754679E-01 -1.523140985487574E-17  0.000000000000000E+00
  9.513848876028821E+02  7.068092501895881E+00  8.657332805835034E-01 -2.121806529023932E-17  0.000000000000000E+00
  9.522932591254910E+02  7.068239346172087E+00  8.656956108395957E-01 -2.728647631385363E-17  0.000000000000000E+00
  9.532015656824552E+02  7.068385835028909E+00  8.656580427822148E-01 -1.801804982770095E-17  0.000000000000000E+00
  9.541098074785218E+02  7.068531969211756E+00  8.656205762221106E-01 -2.429621032052808E-17  0.000000000000000E+00
  9.550179847177332E+02  7.068677749463549E+00  8.655832109699829E-01 -1.522768716733978E-17  0.000000000000000E+00
  9.563801299770655E+02  7.068895757839629E+00  8.655273526300398E-01 -2.096118484860894E-17  0.000000000000000E+00
  9.572881467122327E+02  7.069040656498045E+00  8.654902398193586E-01 -1.957926235042332E-17  0.000000000000000E+00
  9.581960995991946E+02  7.069185203806486E+00  8.654532276537337E-01 -1.082613809013518E-17  0.000000000000000E+00
  9.591039888388647E+02  7.069329400497036E+00  8.654163159436519E-01 -1.757429670860999E-17  0.000000000000000E+00
  9.600118146314703E+02  7.069473247299433E+00  8.653795044995536E-01 -8.697586214901010E-18  0.000000000000000E+00
  9.613734347934486E+02  7.069688363053354E+00  8.653244749173531E-01 -2.302898091072236E-17  0.000000000000000E+00
  9.622811028399097E+02  7.069831338312834E+00  8.652879133085909E-01 -2.151239687765362E-17  0.000000000000000E+00
  9.631887081347408E+02  7.069973966220162E+00  8.652514513019919E-01 -2.781114046755345E-17  0.000000000000000E+00
  9.640962508751181E+02  7.070116247494830E+00  8.652150887077898E-01 -4.462141155471991E-17  0.000000000000000E+00
  9.650037312575491E+02  7.070258182854129E+00  8.651788253361730E-01 -4.168458464595167E-17  0.000000000000000E+00
  9.663648353382671E+02  7.070470438865442E+00  8.651246159057698E-01 -3.018463736899973E-17  0.000000000000000E+00
  9.672721606811864E+02  7.070611512560134E+00  8.650885997598936E-01 -2.819896006601675E-17  0.000000000000000E+00
  9.681794243487070E+02  7.070752242832867E+00  8.650526821719065E-01 -2.660161821294744E-17  0.000000000000000E+00
  9.690866265343614E+02  7.070892630391251E+00  8.650168629517971E-01 -1.740100969445613E-17  0.000000000000000E+00
  9.704473149560889E+02  7.071102570682187E+00  8.649633181456430E-01 -3.036483414678518E-17  0.000000000000000E+00
  9.713543642795029E+02  7.071242104536837E+00  8.649277440136368E-01 -2.836904328663971E-17  0.000000000000000E+00
  9.722613527932903E+02  7.071381298137460E+00  8.648922675841245E-01 -4.165798420511710E-17  0.000000000000000E+00
  9.731682806880675E+02  7.071520152182429E+00  8.648568886668995E-01 -3.147377996327377E-17  0.000000000000000E+00
  9.740751481538114E+02  7.071658667368126E+00  8.648216070717162E-01 -2.914947873562746E-17  0.000000000000000E+00
  9.754353364619959E+02  7.071865806304005E+00  8.647688667415065E-01 -1.862400274516252E-17  0.000000000000000E+00
  9.763420536821291E+02  7.072003477375262E+00  8.647338276188353E-01 -9.700546136393339E-18  0.000000000000000E+00
  9.772487111331471E+02  7.072140812009149E+00  8.646988851520276E-01 -1.650688215927746E-17  0.000000000000000E+00
  9.781553079424257E+02  7.072277810733271E+00  8.646640391880372E-01 -2.286571966628367E-17  0.000000000000000E+00
  9.790618425650513E+02  7.072414473973716E+00  8.646292895976098E-01 -1.366758493395776E-17  0.000000000000000E+00
  9.804215283309026E+02  7.072618841308536E+00  8.645773454952367E-01 -5.152672848756460E-18  0.000000000000000E+00
  9.813279083495645E+02  7.072754668848795E+00  8.645428360041267E-01 -1.994895123716227E-17  0.000000000000000E+00
  9.822342268699435E+02  7.072890163307660E+00  8.645084222185103E-01 -1.838469173210247E-17  0.000000000000000E+00
  9.831404840872100E+02  7.073025325367318E+00  8.644741039472006E-01 -3.230976811442916E-17  0.000000000000000E+00
  9.840466801958700E+02  7.073160155708130E+00  8.644398809989008E-01 -2.275545919847439E-17  0.000000000000000E+00
  9.854058602040778E+02  7.073361780730362E+00  8.643887248883856E-01 -2.081133105476203E-17  0.000000000000000E+00
  9.863119043878527E+02  7.073495784738836E+00  8.643547394100470E-01 -3.457164191261856E-17  0.000000000000000E+00
  9.872178881386033E+02  7.073629459395631E+00  8.643208485844500E-01 -4.742891845368273E-17  0.000000000000000E+00
  9.881238116478822E+02  7.073762805373124E+00  8.642870522199182E-01 -4.432246734679572E-17  0.000000000000000E+00
  9.890296751065939E+02  7.073895823341966E+00  8.642533501247133E-01 -2.630168991597846E-17  0.000000000000000E+00
  9.903883581158625E+02  7.074094736741866E+00  8.642029733173335E-01 -8.892823356273920E-18  0.000000000000000E+00
  9.912940722791318E+02  7.074226937612027E+00  8.641695060562438E-01 -1.573997215786213E-17  0.000000000000000E+00
  9.921997270549323E+02  7.074358812807487E+00  8.641361323929979E-01 -1.470990809785418E-17  0.000000000000000E+00
  9.931053226312847E+02  7.074490362991344E+00  8.641028521356510E-01 -6.319957236037501E-18  0.000000000000000E+00
  9.940108591955765E+02  7.074621588825072E+00  8.640696650922227E-01 -1.358815578986029E-17  0.000000000000000E+00
  9.953690538027590E+02  7.074817820862152E+00  8.640200588831534E-01 -4.851824783318919E-18  0.000000000000000E+00
  9.962744436525874E+02  7.074948238703902E+00  8.639871040344309E-01 -4.534569544050430E-18  0.000000000000000E+00
  9.971797751412626E+02  7.075078334498036E+00  8.639542417274911E-01 -4.238112946501756E-18  0.000000000000000E+00
  9.980850484533556E+02  7.075208108898870E+00  8.639214717702497E-01  3.461620992979166E-18  0.000000000000000E+00
  9.994428497426309E+02  7.075402169315212E+00  8.638724895698486E-01  3.382477296471156E-18  0.000000000000000E+00
  1.000000000000000E+03  7.075481588791002E+00  8.638522007125887E-01  1.085941792149027E-17  0.000000000000000E+00
