time h_mean u_mean v_mean w_mean
  2.500000000000000E+00  0.000000000000000E+00  0.000000000000000E+00  0.000000000000000E+00  0.000000000000000E+00
  2.930100314244744E+00  0.000000000000000E+00  0.000000000000000E+00  0.000000000000000E+00  0.000000000000000E+00
  3.461281081585234E+00  0.000000000000000E+00  0.000000000000000E+00  0.000000000000000E+00  0.000000000000000E+00
  4.051171847267777E+00  0.000000000000000E+00  0.000000000000000E+00  0.000000000000000E+00  0.000000000000000E+00
  4.667215015460233E+00  0.000000000000000E+00  0.000000000000000E+00  0.000000000000000E+00  0.000000000000000E+00
  5.291324950027177E+00  0.000000000000000E+00  0.000000000000000E+00  0.000000000000000E+00  0.000000000000000E+00
  6.536331935622448E+00  0.000000000000000E+00  0.000000000000000E+00  0.000000000000000E+00  0.000000000000000E+00
  7.152896697723268E+00  0.000000000000000E+00  0.000000000000000E+00  0.000000000000000E+00  0.000000000000000E+00
  8.372319517182087E+00  0.000000000000000E+00  0.000000000000000E+00  0.000000000000000E+00  0.000000000000000E+00
  9.574521993403618E+00  0.000000000000000E+00  0.000000000000000E+00  0.000000000000000E+00  0.000000000000000E+00
  1.016975896990275E+01  0.000000000000000E+00  0.000000000000000E+00  0.000000000000000E+00  0.000000000000000E+00
  1.134969384069101E+01  0.000000000000000E+00  0.000000000000000E+00  0.000000000000000E+00  0.000000000000000E+00
  1.251699692266693E+01  0.000000000000000E+00  0.000000000000000E+00  0.000000000000000E+00  0.000000000000000E+00
  1.309638598429933E+01  0.000000000000000E+00  0.000000000000000E+00  0.000000000000000E+00  0.000000000000000E+00
  1.424746160482989E+01  0.000000000000000E+00  0.000000000000000E+00  0.000000000000000E+00  0.000000000000000E+00
  1.538921443425445E+01  0.000000000000000E+00  0.000000000000000E+00  0.000000000000000E+00  0.000000000000000E+00
  1.652262719320350E+01  0.000000000000000E+00  0.000000000000000E+00  0.000000000000000E+00  0.000000000000000E+00
  1.708647177095355E+01  0.000000000000000E+00  0.000000000000000E+00  0.000000000000000E+00  0.000000000000000E+00
  1.820889965781559E+01  0.000000000000000E+00  0.000000000000000E+00  0.000000000000000E+00  0.000000000000000E+00
  1.932485241479894E+01  0.000000000000000E+00  0.000000000000000E+00  0.000000000000000E+00  0.000000000000000E+00
  2.043490133768513E+01  0.000000000000000E+00  0.000000000000000E+00  0.000000000000000E+00  0.000000000000000E+00
  2.153954376178952E+01  0.000000000000000E+00  0.000000000000000E+00  0.000000000000000E+00  0.000000000000000E+00
  2.208997570068303E+01  0.000000000000000E+00  0.000000000000000E+00  0.000000000000000E+00  0.000000000000000E+00
  2.318730766775719E+01  0.000000000000000E+00  0.000000000000000E+00  0.000000000000000E+00  0.000000000000000E+00
  2.428022506362698E+01  0.000000000000000E+00  0.000000000000000E+00  0.000000000000000E+00  0.000000000000000E+00
  2.536904596227485E+01  0.000000000000000E+00  0.000000000000000E+00  0.000000000000000E+00  0.000000000000000E+00
  2.645405333051623E+01  0.000000000000000E+00  0.000000000000000E+00  0.000000000000000E+00  0.000000000000000E+00
  2.753550015664440E+01  0.000000000000000E+00  0.000000000000000E+00  0.000000000000000E+00  0.000000000000000E+00
  2.807496027701793E+01  0.000000000000000E+00  0.000000000000000E+00  0.000000000000000E+00  0.000000000000000E+00
  2.915148519879794E+01  0.000000000000000E+00  0.000000000000000E+00  0.000000000000000E+00  0.000000000000000E+00
  3.022497659311129E+01  0.000000000000000E+00  0.000000000000000E+00  0.000000000000000E+00  0.000000000000000E+00
  3.129561098549311E+01  0.000000000000000E+00  0.000000000000000E+00  0.000000000000000E+00  0.000000000000000E+00
  3.236354888274393E+01  0.000000000000000E+00  0.000000000000000E+00  0.000000000000000E+00  0.000000000000000E+00
  3.342893670259569E+01  0.000000000000000E+00  0.000000000000000E+00  0.000000000000000E+00  0.000000000000000E+00
  3.449190843687389E+01  0.000000000000000E+00  0.000000000000000E+00  0.000000000000000E+00  0.000000000000000E+00
  3.502252710164683E+01  0.000000000000000E+00  0.000000000000000E+00  0.000000000000000E+00  0.000000000000000E+00
  3.608210221459395E+01  0.000000000000000E+00  0.000000000000000E+00  0.000000000000000E+00  0.000000000000000E+00
  3.713955070435508E+01  0.000000000000000E+00  0.000000000000000E+00  0.000000000000000E+00  0.000000000000000E+00
  3.819497301120309E+01  0.000000000000000E+00  0.000000000000000E+00  0.000000000000000E+00  0.000000000000000E+00
  3.924846214401177E+01  0.000000000000000E+00  0.000000000000000E+00  0.000000000000000E+00  0.000000000000000E+00
  4.030010442071053E+01  0.000000000000000E+00  0.000000000000000E+00  0.000000000000000E+00  0.000000000000000E+00
  4.134998012159693E+01  0.000000000000000E+00  0.000000000000000E+00  0.000000000000000E+00  0.000000000000000E+00
  4.239816406588575E+01  0.000000000000000E+00  0.000000000000000E+00  0.000000000000000E+00  0.000000000000000E+00
  4.344472611989123E+01  0.000000000000000E+00  0.000000000000000E+00  0.000000000000000E+00  0.000000000000000E+00
  4.448973164491928E+01  0.000000000000000E+00  0.000000000000000E+00  0.000000000000000E+00  0.000000000000000E+00
  4.501167000098698E+01  0.000000000000000E+00  0.000000000000000E+00  0.000000000000000E+00  0.000000000000000E+00
  4.605445439341471E+01  0.000000000000000E+00  0.000000000000000E+00  0.000000000000000E+00  0.000000000000000E+00
  4.709582844145208E+01  0.000000000000000E+00  0.000000000000000E+00  0.000000000000000E+00  0.000000000000000E+00
  4.813584458259324E+01  0.000000000000000E+00  0.000000000000000E+00  0.000000000000000E+00  0.000000000000000E+00
  4.917455222344428E+01  0.000000000000000E+00  0.000000000000000E+00  0.000000000000000E+00  0.000000000000000E+00
  5.021199798049999E+01  0.000000000000000E+00  0.000000000000000E+00  0.000000000000000E+00  0.000000000000000E+00
  5.124822589695251E+01  0.000000000000000E+00  0.000000000000000E+00  0.000000000000000E+00  0.000000000000000E+00
  5.228327763804417E+01  0.000000000000000E+00  0.000000000000000E+00  0.000000000000000E+00  0.000000000000000E+00
  5.331719266739876E+01  0.000000000000000E+00  0.000000000000000E+00  0.000000000000000E+00  0.000000000000000E+00
  5.435000840664901E+01  0.000000000000000E+00  0.000000000000000E+00  0.000000000000000E+00  0.000000000000000E+00
  5.538176038043446E+01  0.000000000000000E+00  0.000000000000000E+00  0.000000000000000E+00  0.000000000000000E+00
  5.641248234851329E+01  0.000000000000000E+00  0.000000000000000E+00  0.000000000000000E+00  0.000000000000000E+00
  5.744220642640028E+01  0.000000000000000E+00  0.000000000000000E+00  0.000000000000000E+00  0.000000000000000E+00
  5.847096319567770E+01  0.000000000000000E+00  0.000000000000000E+00  0.000000000000000E+00  0.000000000000000E+00
  5.949878180495364E+01  0.000000000000000E+00  0.000000000000000E+00  0.000000000000000E+00  0.000000000000000E+00
  6.001234803962299E+01  0.000000000000000E+00  0.000000000000000E+00  0.000000000000000E+00  0.000000000000000E+00
  6.103881115361484E+01  0.000000000000000E+00  0.000000000000000E+00  0.000000000000000E+00  0.000000000000000E+00
  6.206440329819898E+01  0.000000000000000E+00  0.000000000000000E+00  0.000000000000000E+00  0.000000000000000E+00
  6.308914928665776E+01  0.000000000000000E+00  0.000000000000000E+00  0.000000000000000E+00  0.000000000000000E+00
  6.411307286023148E+01  0.000000000000000E+00  0.000000000000000E+00  0.000000000000000E+00  0.000000000000000E+00
  6.513619675183104E+01  0.000000000000000E+00  0.000000000000000E+00  0.000000000000000E+00  0.000000000000000E+00
  6.615854274497180E+01  0.000000000000000E+00  0.000000000000000E+00  0.000000000000000E+00  0.000000000000000E+00
  6.718013172834684E+01  0.000000000000000E+00  0.000000000000000E+00  0.000000000000000E+00  0.000000000000000E+00
  6.820098374640972E+01  0.000000000000000E+00  0.000000000000000E+00  0.000000000000000E+00  0.000000000000000E+00
  6.922111804630497E+01  0.000000000000000E+00  0.000000000000000E+00  0.000000000000000E+00  0.000000000000000E+00
  7.024055312146069E+01  0.000000000000000E+00  0.000000000000000E+00  0.000000000000000E+00  0.000000000000000E+00
  7.125930675213493E+01  0.000000000000000E+00  0.000000000000000E+00  0.000000000000000E+00  0.000000000000000E+00
  7.227739604318135E+01  0.000000000000000E+00  0.000000000000000E+00  0.000000000000000E+00  0.000000000000000E+00
  7.329483745927196E+01  0.000000000000000E+00  0.000000000000000E+00  0.000000000000000E+00  0.000000000000000E+00
  7.431164685778639E+01  0.000000000000000E+00  0.000000000000000E+00  0.000000000000000E+00  0.000000000000000E+00
  7.532783951955295E+01  0.000000000000000E+00  0.000000000000000E+00  0.000000000000000E+00  0.000000000000000E+00
  7.634343017760662E+01  0.000000000000000E+00  0.000000000000000E+00  0.000000000000000E+00  0.000000000000000E+00
  7.735843304411478E+01  0.000000000000000E+00  0.000000000000000E+00  0.000000000000000E+00  0.000000000000000E+00
  7.837286183560963E+01  0.000000000000000E+00  0.000000000000000E+00  0.000000000000000E+00  0.000000000000000E+00
  7.938672979665658E+01  0.000000000000000E+00  0.000000000000000E+00  0.000000000000000E+00  0.000000000000000E+00
  8.040004972207775E+01  0.000000000000000E+00  0.000000000000000E+00  0.000000000000000E+00  0.000000000000000E+00
  8.141283397783967E+01  0.000000000000000E+00  0.000000000000000E+00  0.000000000000000E+00  0.000000000000000E+00
  8.242509452070406E+01  0.000000000000000E+00  0.000000000000000E+00  0.000000000000000E+00  0.000000000000000E+00
  8.343684291673075E+01  0.000000000000000E+00  0.000000000000000E+00  0.000000000000000E+00  0.000000000000000E+00
  8.444809035871323E+01  0.000000000000000E+00  0.000000000000000E+00  0.000000000000000E+00  0.000000000000000E+00
  8.545884768262053E+01  0.000000000000000E+00  0.000000000000000E+00  0.000000000000000E+00  0.000000000000000E+00
  8.646912538311321E+01  0.000000000000000E+00  0.000000000000000E+00  0.000000000000000E+00  0.000000000000000E+00
  8.747893362819619E+01  0.000000000000000E+00  0.000000000000000E+00  0.000000000000000E+00  0.000000000000000E+00
  8.848828227306714E+01  0.000000000000000E+00  0.000000000000000E+00  0.000000000000000E+00  0.000000000000000E+00
  8.949718087321445E+01  0.000000000000000E+00  0.000000000000000E+00  0.000000000000000E+00  0.000000000000000E+00
  9.000146431371968E+01  0.000000000000000E+00  0.000000000000000E+00  0.000000000000000E+00  0.000000000000000E+00
  9.100970513805584E+01  0.000000000000000E+00  0.000000000000000E+00  0.000000000000000E+00  0.000000000000000E+00
  9.201751857491961E+01  0.000000000000000E+00  0.000000000000000E+00  0.000000000000000E+00  0.000000000000000E+00
  9.302491322425435E+01  0.000000000000000E+00  0.000000000000000E+00  0.000000000000000E+00  0.000000000000000E+00
  9.403189743719557E+01  0.000000000000000E+00  0.000000000000000E+00  0.000000000000000E+00  0.000000000000000E+00
  9.503847932583238E+01  0.000000000000000E+00  0.000000000000000E+00  0.000000000000000E+00  0.000000000000000E+00
  9.604466677247962E+01  0.000000000000000E+00  0.000000000000000E+00  0.000000000000000E+00  0.000000000000000E+00
  9.705046743849007E+01  0.000000000000000E+00  0.000000000000000E+00  0.000000000000000E+00  0.000000000000000E+00
  9.805588877263516E+01  0.000000000000000E+00  0.000000000000000E+00  0.000000000000000E+00  0.000000000000000E+00
  9.906093801907947E+01  0.000000000000000E+00  0.000000000000000E+00  0.000000000000000E+00  0.000000000000000E+00
  1.000656222249737E+02  0.000000000000000E+00  0.000000000000000E+00  0.000000000000000E+00  0.000000000000000E+00
  1.010699482476877E+02  0.000000000000000E+00  0.000000000000000E+00  0.000000000000000E+00  0.000000000000000E+00
  1.020739227617049E+02  0.000000000000000E+00  0.000000000000000E+00  0.000000000000000E+00  0.000000000000000E+00
  1.030775522651970E+02  0.000000000000000E+00  0.000000000000000E+00  0.000000000000000E+00  0.000000000000000E+00
  1.040808430862967E+02  0.000000000000000E+00  0.000000000000000E+00  0.000000000000000E+00  0.000000000000000E+00
  1.050838013890858E+02  0.000000000000000E+00  0.000000000000000E+00  0.000000000000000E+00  0.000000000000000E+00
  1.060864331793145E+02  0.000000000000000E+00  0.000000000000000E+00  0.000000000000000E+00  0.000000000000000E+00
  1.070887443098649E+02  0.000000000000000E+00  0.000000000000000E+00  0.000000000000000E+00  0.000000000000000E+00
  1.080907404859756E+02  0.000000000000000E+00  0.000000000000000E+00  0.000000000000000E+00  0.000000000000000E+00
  1.090924272702376E+02  0.000000000000000E+00  0.000000000000000E+00  0.000000000000000E+00  0.000000000000000E+00
  1.100938100873750E+02  0.000000000000000E+00  0.000000000000000E+00  0.000000000000000E+00  0.000000000000000E+00
  1.110948942288213E+02  0.000000000000000E+00  0.000000000000000E+00  0.000000000000000E+00  0.000000000000000E+00
  1.120956848571025E+02  0.000000000000000E+00  0.000000000000000E+00  0.000000000000000E+00  0.000000000000000E+00
  1.130961870100357E+02  0.000000000000000E+00  0.000000000000000E+00  0.000000000000000E+00  0.000000000000000E+00
  1.140964056047546E+02  0.000000000000000E+00  0.000000000000000E+00  0.000000000000000E+00  0.000000000000000E+00
  1.150963454415681E+02  0.000000000000000E+00  0.000000000000000E+00  0.000000000000000E+00  0.000000000000000E+00
  1.160960112076633E+02  0.000000000000000E+00  0.000000000000000E+00  0.000000000000000E+00  0.000000000000000E+00
  1.170954074806575E+02  0.000000000000000E+00  0.000000000000000E+00  0.000000000000000E+00  0.000000000000000E+00
  1.180945387320093E+02  0.000000000000000E+00  0.000000000000000E+00  0.000000000000000E+00  0.000000000000000E+00
  1.190934093302944E+02  0.000000000000000E+00  0.000000000000000E+00  0.000000000000000E+00  0.000000000000000E+00
  1.200920235443525E+02  0.000000000000000E+00  0.000000000000000E+00  0.000000000000000E+00  0.000000000000000E+00
  1.210903855463118E+02  0.000000000000000E+00  0.000000000000000E+00  0.000000000000000E+00  0.000000000000000E+00
  1.220884994144974E+02  0.000000000000000E+00  0.000000000000000E+00  0.000000000000000E+00  0.000000000000000E+00
  1.230863691362278E+02  0.000000000000000E+00  0.000000000000000E+00  0.000000000000000E+00  0.000000000000000E+00
  1.240839986105062E+02  0.000000000000000E+00  0.000000000000000E+00  0.000000000000000E+00  0.000000000000000E+00
  1.250813916506098E+02  0.000000000000000E+00  0.000000000000000E+00  0.000000000000000E+00  0.000000000000000E+00
  1.260785519865836E+02  0.000000000000000E+00  0.000000000000000E+00  0.000000000000000E+00  0.000000000000000E+00
  1.270754832676410E+02  0.000000000000000E+00  0.000000000000000E+00  0.000000000000000E+00  0.000000000000000E+00
  1.280721890644781E+02  0.000000000000000E+00  0.000000000000000E+00  0.000000000000000E+00  0.000000000000000E+00
  1.290686728715019E+02  0.000000000000000E+00  0.000000000000000E+00  0.000000000000000E+00  0.000000000000000E+00
  1.300649381089801E+02  0.000000000000000E+00  0.000000000000000E+00  0.000000000000000E+00  0.000000000000000E+00
  1.310609881251131E+02  0.000000000000000E+00  0.000000000000000E+00  0.000000000000000E+00  0.000000000000000E+00
  1.320568261980325E+02  0.000000000000000E+00  0.000000000000000E+00  0.000000000000000E+00  0.000000000000000E+00
  1.330524555377301E+02  0.000000000000000E+00  0.000000000000000E+00  0.000000000000000E+00  0.000000000000000E+00
  1.340478792879187E+02  0.000000000000000E+00  0.000000000000000E+00  0.000000000000000E+00  0.000000000000000E+00
  1.350431005278292E+02  0.000000000000000E+00  0.000000000000000E+00  0.000000000000000E+00  0.000000000000000E+00
  1.360381222739458E+02  0.000000000000000E+00  0.000000000000000E+00  0.000000000000000E+00  0.000000000000000E+00
  1.370329474816820E+02  0.000000000000000E+00  0.000000000000000E+00  0.000000000000000E+00  0.000000000000000E+00
  1.380275790469997E+02  0.000000000000000E+00  0.000000000000000E+00  0.000000000000000E+00  0.000000000000000E+00
  1.390220198079748E+02  0.000000000000000E+00  0.000000000000000E+00  0.000000000000000E+00  0.000000000000000E+00
  1.400162725463097E+02  0.000000000000000E+00  0.000000000000000E+00  0.000000000000000E+00  0.000000000000000E+00
  1.410103399887965E+02  0.000000000000000E+00  0.000000000000000E+00  0.000000000000000E+00  0.000000000000000E+00
  1.420042248087320E+02  0.000000000000000E+00  0.000000000000000E+00  0.000000000000000E+00  0.000000000000000E+00
  1.434947153412352E+02  0.000000000000000E+00  0.000000000000000E+00  0.000000000000000E+00  0.000000000000000E+00
  1.444881549616356E+02  0.000000000000000E+00  0.000000000000000E+00  0.000000000000000E+00  0.000000000000000E+00
  1.454814209141168E+02  0.000000000000000E+00  0.000000000000000E+00  0.000000000000000E+00  0.000000000000000E+00
  1.464745156475637E+02  0.000000000000000E+00  0.000000000000000E+00  0.000000000000000E+00  0.000000000000000E+00
  1.474674415643718E+02  0.000000000000000E+00  0.000000000000000E+00  0.000000000000000E+00  0.000000000000000E+00
  1.484602010215933E+02  0.000000000000000E+00  0.000000000000000E+00  0.000000000000000E+00  0.000000000000000E+00
  1.494527963320479E+02  0.000000000000000E+00  0.000000000000000E+00  0.000000000000000E+00  0.000000000000000E+00
  1.504452297653980E+02  0.000000000000000E+00  0.000000000000000E+00  0.000000000000000E+00  0.000000000000000E+00
  1.514375006439436E+02  0.000000000000000E+00  0.000000000000000E+00  0.000000000000000E+00  0.000000000000000E+00
  1.524295802514883E+02  0.000000000000000E+00  0.000000000000000E+00  0.000000000000000E+00  0.000000000000000E+00
  1.534214639132884E+02  0.000000000000000E+00  0.000000000000000E+00  0.000000000000000E+00  0.000000000000000E+00
  1.544131544121484E+02  0.000000000000000E+00  0.000000000000000E+00  0.000000000000000E+00  0.000000000000000E+00
  1.554046544772518E+02  0.000000000000000E+00  0.000000000000000E+00  0.000000000000000E+00  0.000000000000000E+00
  1.563959667855271E+02  0.000000000000000E+00  0.000000000000000E+00  0.000000000000000E+00  0.000000000000000E+00
  1.573870939629697E+02  0.000000000000000E+00  0.000000000000000E+00  0.000000000000000E+00  0.000000000000000E+00
  1.583780385859173E+02  0.000000000000000E+00  0.000000000000000E+00  0.000000000000000E+00  0.000000000000000E+00
  1.593688031822814E+02  0.000000000000000E+00  0.000000000000000E+00  0.000000000000000E+00  0.000000000000000E+00
  1.603593902327360E+02  0.000000000000000E+00  0.000000000000000E+00  0.000000000000000E+00  0.000000000000000E+00
  1.613498021718669E+02  0.000000000000000E+00  0.000000000000000E+00  0.000000000000000E+00  0.000000000000000E+00
  1.623400413892852E+02  0.000000000000000E+00  0.000000000000000E+00  0.000000000000000E+00  0.000000000000000E+00
  1.633301102307040E+02  0.000000000000000E+00  0.000000000000000E+00  0.000000000000000E+00  0.000000000000000E+00
  1.643200109989835E+02  0.000000000000000E+00  0.000000000000000E+00  0.000000000000000E+00  0.000000000000000E+00
  1.653097459551437E+02  0.000000000000000E+00  0.000000000000000E+00  0.000000000000000E+00  0.000000000000000E+00
  1.662993173193463E+02  0.000000000000000E+00  0.000000000000000E+00  0.000000000000000E+00  0.000000000000000E+00
  1.672887272718486E+02  0.000000000000000E+00  0.000000000000000E+00  0.000000000000000E+00  0.000000000000000E+00
  1.682779779539285E+02  0.000000000000000E+00  0.000000000000000E+00  0.000000000000000E+00  0.000000000000000E+00
  1.692670714687825E+02  0.000000000000000E+00  0.000000000000000E+00  0.000000000000000E+00  0.000000000000000E+00
  1.702560098823985E+02  0.000000000000000E+00  0.000000000000000E+00  0.000000000000000E+00  0.000000000000000E+00
  1.712447952244027E+02  0.000000000000000E+00  0.000000000000000E+00  0.000000000000000E+00  0.000000000000000E+00
  1.722334294888830E+02  0.000000000000000E+00  0.000000000000000E+00  0.000000000000000E+00  0.000000000000000E+00
  1.732219146351886E+02  0.000000000000000E+00  0.000000000000000E+00  0.000000000000000E+00  0.000000000000000E+00
  1.742102525887071E+02  0.000000000000000E+00  0.000000000000000E+00  0.000000000000000E+00  0.000000000000000E+00
  1.751984452416206E+02  0.000000000000000E+00  0.000000000000000E+00  0.000000000000000E+00  0.000000000000000E+00
  1.761864944536397E+02  0.000000000000000E+00  0.000000000000000E+00  0.000000000000000E+00  0.000000000000000E+00
  1.771744020527176E+02  0.000000000000000E+00  0.000000000000000E+00  0.000000000000000E+00  0.000000000000000E+00
  1.781621698357455E+02  0.000000000000000E+00  0.000000000000000E+00  0.000000000000000E+00  0.000000000000000E+00
  1.791497995692276E+02  0.000000000000000E+00  0.000000000000000E+00  0.000000000000000E+00  0.000000000000000E+00
  1.801372929899382E+02  0.000000000000000E+00  0.000000000000000E+00  0.000000000000000E+00  0.000000000000000E+00
  1.811246518055622E+02  0.000000000000000E+00  0.000000000000000E+00  0.000000000000000E+00  0.000000000000000E+00
  1.821118776953165E+02  0.000000000000000E+00  0.000000000000000E+00  0.000000000000000E+00  0.000000000000000E+00
  1.830989723105566E+02  0.000000000000000E+00  0.000000000000000E+00  0.000000000000000E+00  0.000000000000000E+00
  1.840859372753658E+02  0.000000000000000E+00  0.000000000000000E+00  0.000000000000000E+00  0.000000000000000E+00
  1.850727741871298E+02  0.000000000000000E+00  0.000000000000000E+00  0.000000000000000E+00  0.000000000000000E+00
  1.860594846170956E+02  0.000000000000000E+00  0.000000000000000E+00  0.000000000000000E+00  0.000000000000000E+00
  1.870460701109165E+02  0.000000000000000E+00  0.000000000000000E+00  0.000000000000000E+00  0.000000000000000E+00
  1.880325321891818E+02  0.000000000000000E+00  0.000000000000000E+00  0.000000000000000E+00  0.000000000000000E+00
  1.890188723479345E+02  0.000000000000000E+00  0.000000000000000E+00  0.000000000000000E+00  0.000000000000000E+00
  1.900050920591744E+02  0.000000000000000E+00  0.000000000000000E+00  0.000000000000000E+00  0.000000000000000E+00
  1.914841989491038E+02  0.000000000000000E+00  0.000000000000000E+00  0.000000000000000E+00  0.000000000000000E+00
  1.924701238281715E+02  0.000000000000000E+00  0.000000000000000E+00  0.000000000000000E+00  0.000000000000000E+00
  1.934559332293592E+02  0.000000000000000E+00  0.000000000000000E+00  0.000000000000000E+00  0.000000000000000E+00
  1.944416285223692E+02  0.000000000000000E+00  0.000000000000000E+00  0.000000000000000E+00  0.000000000000000E+00
  1.954272110554109E+02  0.000000000000000E+00  0.000000000000000E+00  0.000000000000000E+00  0.000000000000000E+00
  1.964126821556279E+02  0.000000000000000E+00  0.000000000000000E+00  0.000000000000000E+00  0.000000000000000E+00
  1.973980431295145E+02  0.000000000000000E+00  0.000000000000000E+00  0.000000000000000E+00  0.000000000000000E+00
  1.983832952633217E+02  0.000000000000000E+00  0.000000000000000E+00  0.000000000000000E+00  0.000000000000000E+00
  1.993684398234531E+02  0.000000000000000E+00  0.000000000000000E+00  0.000000000000000E+00  0.000000000000000E+00
  2.003534780568523E+02  0.000000000000000E+00  0.000000000000000E+00  0.000000000000000E+00  0.000000000000000E+00
  2.013384111913796E+02  0.000000000000000E+00  0.000000000000000E+00  0.000000000000000E+00  0.000000000000000E+00
  2.023232404361809E+02  0.000000000000000E+00  0.000000000000000E+00  0.000000000000000E+00  0.000000000000000E+00
  2.033079669820466E+02  0.000000000000000E+00  0.000000000000000E+00  0.000000000000000E+00  0.000000000000000E+00
  2.042925920017630E+02  0.000000000000000E+00  0.000000000000000E+00  0.000000000000000E+00  0.000000000000000E+00
  2.052771166504549E+02  0.000000000000000E+00  0.000000000000000E+00  0.000000000000000E+00  0.000000000000000E+00
  2.062615420659204E+02  0.000000000000000E+00  0.000000000000000E+00  0.000000000000000E+00  0.000000000000000E+00
  2.072458693689574E+02  0.000000000000000E+00  0.000000000000000E+00  0.000000000000000E+00  0.000000000000000E+00
  2.082300996636831E+02  0.000000000000000E+00  0.000000000000000E+00  0.000000000000000E+00  0.000000000000000E+00
  2.092142340378459E+02  0.000000000000000E+00  0.000000000000000E+00  0.000000000000000E+00  0.000000000000000E+00
  2.101982735631296E+02  0.000000000000000E+00  0.000000000000000E+00  0.000000000000000E+00  0.000000000000000E+00
  2.111822192954519E+02  0.000000000000000E+00  0.000000000000000E+00  0.000000000000000E+00  0.000000000000000E+00
  2.121660722752544E+02  0.000000000000000E+00  0.000000000000000E+00  0.000000000000000E+00  0.000000000000000E+00
  2.131498335277875E+02  0.000000000000000E+00  0.000000000000000E+00  0.000000000000000E+00  0.000000000000000E+00
  2.141335040633880E+02  0.000000000000000E+00  0.000000000000000E+00  0.000000000000000E+00  0.000000000000000E+00
  2.151170848777507E+02  0.000000000000000E+00  0.000000000000000E+00  0.000000000000000E+00  0.000000000000000E+00
  2.161005769521941E+02  0.000000000000000E+00  0.000000000000000E+00  0.000000000000000E+00  0.000000000000000E+00
  2.170839812539201E+02  0.000000000000000E+00  0.000000000000000E+00  0.000000000000000E+00  0.000000000000000E+00
  2.180672987362673E+02  0.000000000000000E+00  0.000000000000000E+00  0.000000000000000E+00  0.000000000000000E+00
  2.190505303389600E+02  0.000000000000000E+00  0.000000000000000E+00  0.000000000000000E+00  0.000000000000000E+00
  2.200336769883505E+02  0.000000000000000E+00  0.000000000000000E+00  0.000000000000000E+00  0.000000000000000E+00
  2.210167395976570E+02  0.000000000000000E+00  0.000000000000000E+00  0.000000000000000E+00  0.000000000000000E+00
  2.224911779024285E+02  0.000000000000000E+00  0.000000000000000E+00  0.000000000000000E+00  0.000000000000000E+00
  2.234740343227425E+02  0.000000000000000E+00  0.000000000000000E+00  0.000000000000000E+00  0.000000000000000E+00
  2.244568097991119E+02  0.000000000000000E+00  0.000000000000000E+00  0.000000000000000E+00  0.000000000000000E+00
  2.254395051884541E+02  0.000000000000000E+00  0.000000000000000E+00  0.000000000000000E+00  0.000000000000000E+00
  2.264221213357693E+02  0.000000000000000E+00  0.000000000000000E+00  0.000000000000000E+00  0.000000000000000E+00
  2.274046590743470E+02  0.000000000000000E+00  0.000000000000000E+00  0.000000000000000E+00  0.000000000000000E+00
  2.283871192259680E+02  0.000000000000000E+00  0.000000000000000E+00  0.000000000000000E+00  0.000000000000000E+00
  2.293695026011015E+02  0.000000000000000E+00  0.000000000000000E+00  0.000000000000000E+00  0.000000000000000E+00
  2.303518099990993E+02  0.000000000000000E+00  0.000000000000000E+00  0.000000000000000E+00  0.000000000000000E+00
  2.313340422083844E+02  0.000000000000000E+00  0.000000000000000E+00  0.000000000000000E+00  0.000000000000000E+00
  2.323162000066373E+02  0.000000000000000E+00  0.000000000000000E+00  0.000000000000000E+00  0.000000000000000E+00
  2.332982841609768E+02  0.000000000000000E+00  0.000000000000000E+00  0.000000000000000E+00  0.000000000000000E+00
  2.342802954281387E+02  0.000000000000000E+00  0.000000000000000E+00  0.000000000000000E+00  0.000000000000000E+00
  2.352622345546495E+02  0.000000000000000E+00  0.000000000000000E+00  0.000000000000000E+00  0.000000000000000E+00
  2.362441022769972E+02  0.000000000000000E+00  0.000000000000000E+00  0.000000000000000E+00  0.000000000000000E+00
  2.372258993217989E+02  0.000000000000000E+00  0.000000000000000E+00  0.000000000000000E+00  0.000000000000000E+00
  2.382076264059639E+02  0.000000000000000E+00  0.000000000000000E+00  0.000000000000000E+00  0.000000000000000E+00
  2.391892842368548E+02  0.000000000000000E+00  0.000000000000000E+00  0.000000000000000E+00  0.000000000000000E+00
  2.401708735124448E+02  0.000000000000000E+00  0.000000000000000E+00  0.000000000000000E+00  0.000000000000000E+00
  2.411523949214715E+02  0.000000000000000E+00  0.000000000000000E+00  0.000000000000000E+00  0.000000000000000E+00
  2.421338491435880E+02  0.000000000000000E+00  0.000000000000000E+00  0.000000000000000E+00  0.000000000000000E+00
  2.431152368495113E+02  0.000000000000000E+00  0.000000000000000E+00  0.000000000000000E+00  0.000000000000000E+00
  2.440965587011673E+02  0.000000000000000E+00  0.000000000000000E+00  0.000000000000000E+00  0.000000000000000E+00
  2.450778153518327E+02  0.000000000000000E+00  0.000000000000000E+00  0.000000000000000E+00  0.000000000000000E+00
  2.460590074462750E+02  0.000000000000000E+00  0.000000000000000E+00  0.000000000000000E+00  0.000000000000000E+00
  2.470401356208893E+02  0.000000000000000E+00  0.000000000000000E+00  0.000000000000000E+00  0.000000000000000E+00
  2.480212005038316E+02  0.000000000000000E+00  0.000000000000000E+00  0.000000000000000E+00  0.000000000000000E+00
  2.490022027151514E+02  0.000000000000000E+00  0.000000000000000E+00  0.000000000000000E+00  0.000000000000000E+00
  2.504735898595940E+02  0.000000000000000E+00  0.000000000000000E+00  0.000000000000000E+00  0.000000000000000E+00
  2.514544380525272E+02  0.000000000000000E+00  0.000000000000000E+00  0.000000000000000E+00  0.000000000000000E+00
  2.524352256820067E+02  0.000000000000000E+00  0.000000000000000E+00  0.000000000000000E+00  0.000000000000000E+00
  2.534159533331606E+02  0.000000000000000E+00  0.000000000000000E+00  0.000000000000000E+00  0.000000000000000E+00
  2.543966215836891E+02  0.000000000000000E+00  0.000000000000000E+00  0.000000000000000E+00  0.000000000000000E+00
  2.553772310039808E+02  0.000000000000000E+00  0.000000000000000E+00  0.000000000000000E+00  0.000000000000000E+00
  2.563577821572264E+02  0.000000000000000E+00  0.000000000000000E+00  0.000000000000000E+00  0.000000000000000E+00
  2.573382755995301E+02  0.000000000000000E+00  0.000000000000000E+00  0.000000000000000E+00  0.000000000000000E+00
  2.583187118800196E+02  0.000000000000000E+00  0.000000000000000E+00  0.000000000000000E+00  0.000000000000000E+00
  2.592990915409534E+02  0.000000000000000E+00  0.000000000000000E+00  0.000000000000000E+00  0.000000000000000E+00
  2.602794151178263E+02  0.000000000000000E+00  0.000000000000000E+00  0.000000000000000E+00  0.000000000000000E+00
  2.612596831394730E+02  0.000000000000000E+00  0.000000000000000E+00  0.000000000000000E+00  0.000000000000000E+00
  2.622398961281698E+02  0.000000000000000E+00  0.000000000000000E+00  0.000000000000000E+00  0.000000000000000E+00
  2.632200545997343E+02  0.000000000000000E+00  0.000000000000000E+00  0.000000000000000E+00  0.000000000000000E+00
  2.642001590636237E+02  0.000000000000000E+00  0.000000000000000E+00  0.000000000000000E+00  0.000000000000000E+00
  2.651802100230305E+02  0.000000000000000E+00  0.000000000000000E+00  0.000000000000000E+00  0.000000000000000E+00
  2.661602079749770E+02  0.000000000000000E+00  0.000000000000000E+00  0.000000000000000E+00  0.000000000000000E+00
  2.671401534104085E+02  0.000000000000000E+00  0.000000000000000E+00  0.000000000000000E+00  0.000000000000000E+00
  2.681200468142839E+02  0.000000000000000E+00  0.000000000000000E+00  0.000000000000000E+00  0.000000000000000E+00
  2.690998886656649E+02  0.000000000000000E+00  0.000000000000000E+00  0.000000000000000E+00  0.000000000000000E+00
  2.700796794378047E+02  0.000000000000000E+00  0.000000000000000E+00  0.000000000000000E+00  0.000000000000000E+00
  2.710594195982330E+02  0.000000000000000E+00  0.000000000000000E+00  0.000000000000000E+00  0.000000000000000E+00
  2.720391096088418E+02  0.000000000000000E+00  0.000000000000000E+00  0.000000000000000E+00  0.000000000000000E+00
  2.730187499259679E+02  0.000000000000000E+00  0.000000000000000E+00  0.000000000000000E+00  0.000000000000000E+00
  2.744881182111642E+02  0.000000000000000E+00  0.000000000000000E+00  0.000000000000000E+00  0.000000000000000E+00
  2.754676362553361E+02  0.000000000000000E+00  0.000000000000000E+00  0.000000000000000E+00  0.000000000000000E+00
  2.764471061606255E+02  0.000000000000000E+00  0.000000000000000E+00  0.000000000000000E+00  0.000000000000000E+00
  2.774265283593626E+02  0.000000000000000E+00  0.000000000000000E+00  0.000000000000000E+00  0.000000000000000E+00
  2.784059032787546E+02  0.000000000000000E+00  0.000000000000000E+00  0.000000000000000E+00  0.000000000000000E+00
  2.793852313409598E+02  0.000000000000000E+00  0.000000000000000E+00  0.000000000000000E+00  0.000000000000000E+00
  2.803645129631606E+02  0.000000000000000E+00  0.000000000000000E+00  0.000000000000000E+00  0.000000000000000E+00
  2.813437485576351E+02  0.000000000000000E+00  0.000000000000000E+00  0.000000000000000E+00  0.000000000000000E+00
  2.823229385318276E+02  0.000000000000000E+00  0.000000000000000E+00  0.000000000000000E+00  0.000000000000000E+00
  2.833020832884172E+02  0.000000000000000E+00  0.000000000000000E+00  0.000000000000000E+00  0.000000000000000E+00
  2.842811832253868E+02  0.000000000000000E+00  0.000000000000000E+00  0.000000000000000E+00  0.000000000000000E+00
  2.852602387360888E+02  0.000000000000000E+00  0.000000000000000E+00  0.000000000000000E+00  0.000000000000000E+00
  2.862392502093116E+02  0.000000000000000E+00  0.000000000000000E+00  0.000000000000000E+00  0.000000000000000E+00
  2.872182180293439E+02  0.000000000000000E+00  0.000000000000000E+00  0.000000000000000E+00  0.000000000000000E+00
  2.881971407918986E+02  0.000000000000000E+00  0.000000000000000E+00  0.000000000000000E+00  0.000000000000000E+00
  2.891760122936668E+02  0.000000000000000E+00  0.000000000000000E+00  0.000000000000000E+00  0.000000000000000E+00
  2.901548325661428E+02  0.000000000000000E+00  0.000000000000000E+00  0.000000000000000E+00  0.000000000000000E+00
  2.911336020582598E+02  0.000000000000000E+00  0.000000000000000E+00  0.000000000000000E+00  0.000000000000000E+00
  2.921123212137189E+02  0.000000000000000E+00  0.000000000000000E+00  0.000000000000000E+00  0.000000000000000E+00
  2.930909904710645E+02  0.000000000000000E+00  0.000000000000000E+00  0.000000000000000E+00  0.000000000000000E+00
  2.940696102637581E+02  0.000000000000000E+00  0.000000000000000E+00  0.000000000000000E+00  0.000000000000000E+00
  2.950481810202510E+02  0.000000000000000E+00  0.000000000000000E+00  0.000000000000000E+00  0.000000000000000E+00
  2.960267031640554E+02  0.000000000000000E+00  0.000000000000000E+00  0.000000000000000E+00  0.000000000000000E+00
  2.970051771138150E+02  0.000000000000000E+00  0.000000000000000E+00  0.000000000000000E+00  0.000000000000000E+00
  2.984727985786078E+02  0.000000000000000E+00  0.000000000000000E+00  0.000000000000000E+00  0.000000000000000E+00
  2.994511538434876E+02  0.000000000000000E+00  0.000000000000000E+00  0.000000000000000E+00  0.000000000000000E+00
  3.004294623422162E+02  0.000000000000000E+00  0.000000000000000E+00  0.000000000000000E+00  0.000000000000000E+00
  3.014077244723614E+02  0.000000000000000E+00  0.000000000000000E+00  0.000000000000000E+00  0.000000000000000E+00
  3.023859406269860E+02  0.000000000000000E+00  0.000000000000000E+00  0.000000000000000E+00  0.000000000000000E+00
  3.033641101735927E+02  0.000000000000000E+00  0.000000000000000E+00  0.000000000000000E+00  0.000000000000000E+00
  3.043422269448860E+02  0.000000000000000E+00  0.000000000000000E+00  0.000000000000000E+00  0.000000000000000E+00
  3.053202902241640E+02  0.000000000000000E+00  0.000000000000000E+00  0.000000000000000E+00  0.000000000000000E+00
  3.062983004655542E+02  0.000000000000000E+00  0.000000000000000E+00  0.000000000000000E+00  0.000000000000000E+00
  3.072762581180151E+02  0.000000000000000E+00  0.000000000000000E+00  0.000000000000000E+00  0.000000000000000E+00
  3.082541636254078E+02  0.000000000000000E+00  0.000000000000000E+00  0.000000000000000E+00  0.000000000000000E+00
  3.092320174265683E+02  0.000000000000000E+00  0.000000000000000E+00  0.000000000000000E+00  0.000000000000000E+00
  3.102098161354908E+02  0.000000000000000E+00  0.000000000000000E+00  0.000000000000000E+00  0.000000000000000E+00
  3.111875546414991E+02  0.000000000000000E+00  0.000000000000000E+00  0.000000000000000E+00  0.000000000000000E+00
  3.121652334526884E+02  0.000000000000000E+00  0.000000000000000E+00  0.000000000000000E+00  0.000000000000000E+00
  3.131428530713672E+02  0.000000000000000E+00  0.000000000000000E+00  0.000000000000000E+00  0.000000000000000E+00
  3.141204139941400E+02  0.000000000000000E+00  0.000000000000000E+00  0.000000000000000E+00  0.000000000000000E+00
  3.150979167119872E+02  0.000000000000000E+00  0.000000000000000E+00  0.000000000000000E+00  0.000000000000000E+00
  3.160753615418438E+02  0.000000000000000E+00  0.000000000000000E+00  0.000000000000000E+00  0.000000000000000E+00
  3.170527414210852E+02  0.000000000000000E+00  0.000000000000000E+00  0.000000000000000E+00  0.000000000000000E+00
  3.180300545530558E+02  0.000000000000000E+00  0.000000000000000E+00  0.000000000000000E+00  0.000000000000000E+00
  3.190073014954083E+02  0.000000000000000E+00  0.000000000000000E+00  0.000000000000000E+00  0.000000000000000E+00
  3.204730490077147E+02  0.000000000000000E+00  0.000000000000000E+00  0.000000000000000E+00  0.000000000000000E+00
  3.214501328744373E+02  0.000000000000000E+00  0.000000000000000E+00  0.000000000000000E+00  0.000000000000000E+00
  3.224271524540677E+02  0.000000000000000E+00  0.000000000000000E+00  0.000000000000000E+00  0.000000000000000E+00
  3.234041049961996E+02  0.000000000000000E+00  0.000000000000000E+00  0.000000000000000E+00  0.000000000000000E+00
  3.243809836400478E+02  0.000000000000000E+00  0.000000000000000E+00  0.000000000000000E+00  0.000000000000000E+00
  3.253577889971659E+02  0.000000000000000E+00  0.000000000000000E+00  0.000000000000000E+00  0.000000000000000E+00
  3.263345216721834E+02  0.000000000000000E+00  0.000000000000000E+00  0.000000000000000E+00  0.000000000000000E+00
  3.273111822629044E+02  0.000000000000000E+00  0.000000000000000E+00  0.000000000000000E+00  0.000000000000000E+00
  3.282877713604040E+02  0.000000000000000E+00  0.000000000000000E+00  0.000000000000000E+00  0.000000000000000E+00
  3.292642895491227E+02  0.000000000000000E+00  0.000000000000000E+00  0.000000000000000E+00  0.000000000000000E+00
  3.302407364507876E+02  0.000000000000000E+00  0.000000000000000E+00  0.000000000000000E+00  0.000000000000000E+00
  3.312171041631216E+02  0.000000000000000E+00  0.000000000000000E+00  0.000000000000000E+00  0.000000000000000E+00
  3.321933914644151E+02  0.000000000000000E+00  0.000000000000000E+00  0.000000000000000E+00  0.000000000000000E+00
  3.331695990103582E+02  0.000000000000000E+00  0.000000000000000E+00  0.000000000000000E+00  0.000000000000000E+00
  3.341457274492706E+02  0.000000000000000E+00  0.000000000000000E+00  0.000000000000000E+00  0.000000000000000E+00
  3.351217774222060E+02  0.000000000000000E+00  0.000000000000000E+00  0.000000000000000E+00  0.000000000000000E+00
  3.360977495630542E+02  0.000000000000000E+00  0.000000000000000E+00  0.000000000000000E+00  0.000000000000000E+00
  3.370736444986421E+02  0.000000000000000E+00  0.000000000000000E+00  0.000000000000000E+00  0.000000000000000E+00
  3.380494609298364E+02  0.000000000000000E+00  0.000000000000000E+00  0.000000000000000E+00  0.000000000000000E+00
  3.390251905783908E+02  0.000000000000000E+00  0.000000000000000E+00  0.000000000000000E+00  0.000000000000000E+00
  3.400008330902153E+02  0.000000000000000E+00  0.000000000000000E+00  0.000000000000000E+00  0.000000000000000E+00
  3.414641350052296E+02  0.000000000000000E+00  0.000000000000000E+00  0.000000000000000E+00  0.000000000000000E+00
  3.424395627197479E+02  0.000000000000000E+00  0.000000000000000E+00  0.000000000000000E+00  0.000000000000000E+00
  3.434149057128715E+02  0.000000000000000E+00  0.000000000000000E+00  0.000000000000000E+00  0.000000000000000E+00
  3.443901646575368E+02  0.000000000000000E+00  0.000000000000000E+00  0.000000000000000E+00  0.000000000000000E+00
  3.453653402192486E+02  0.000000000000000E+00  0.000000000000000E+00  0.000000000000000E+00  0.000000000000000E+00
  3.463404301466330E+02  0.000000000000000E+00  0.000000000000000E+00  0.000000000000000E+00  0.000000000000000E+00
  3.473154258209200E+02  0.000000000000000E+00  0.000000000000000E+00  0.000000000000000E+00  0.000000000000000E+00
  3.482903277923153E+02  0.000000000000000E+00  0.000000000000000E+00  0.000000000000000E+00  0.000000000000000E+00
  3.492651368005920E+02  0.000000000000000E+00  0.000000000000000E+00  0.000000000000000E+00  0.000000000000000E+00
  3.502398535773434E+02  0.000000000000000E+00  0.000000000000000E+00  0.000000000000000E+00  0.000000000000000E+00
  3.512144788460971E+02  0.000000000000000E+00  0.000000000000000E+00  0.000000000000000E+00  0.000000000000000E+00
  3.521890133224275E+02  0.000000000000000E+00  0.000000000000000E+00  0.000000000000000E+00  0.000000000000000E+00
  3.531634577140669E+02  0.000000000000000E+00  0.000000000000000E+00  0.000000000000000E+00  0.000000000000000E+00
  3.541378127210132E+02  0.000000000000000E+00  0.000000000000000E+00  0.000000000000000E+00  0.000000000000000E+00
  3.551120750737041E+02  0.000000000000000E+00  0.000000000000000E+00  0.000000000000000E+00  0.000000000000000E+00
  3.560862365946298E+02  0.000000000000000E+00  0.000000000000000E+00  0.000000000000000E+00  0.000000000000000E+00
  3.570602980675605E+02  0.000000000000000E+00  0.000000000000000E+00  0.000000000000000E+00  0.000000000000000E+00
  3.580342602676637E+02  0.000000000000000E+00  0.000000000000000E+00  0.000000000000000E+00  0.000000000000000E+00
  3.590081239616247E+02  0.000000000000000E+00  0.000000000000000E+00  0.000000000000000E+00  0.000000000000000E+00
  3.604687364601182E+02  0.000000000000000E+00  0.000000000000000E+00  0.000000000000000E+00  0.000000000000000E+00
  3.614423571883661E+02  0.000000000000000E+00  0.000000000000000E+00  0.000000000000000E+00  0.000000000000000E+00
  3.624158820287572E+02  0.000000000000000E+00  0.000000000000000E+00  0.000000000000000E+00  0.000000000000000E+00
  3.633893117112368E+02  0.000000000000000E+00  0.000000000000000E+00  0.000000000000000E+00  0.000000000000000E+00
  3.643626431084888E+02  0.000000000000000E+00  0.000000000000000E+00  0.000000000000000E+00  0.000000000000000E+00
  3.653358675753701E+02  0.000000000000000E+00  0.000000000000000E+00  0.000000000000000E+00  0.000000000000000E+00
  3.663089859263260E+02  0.000000000000000E+00  0.000000000000000E+00  0.000000000000000E+00  0.000000000000000E+00
  3.672819989669683E+02  0.000000000000000E+00  0.000000000000000E+00  0.000000000000000E+00  0.000000000000000E+00
  3.682549074941967E+02  0.000000000000000E+00  0.000000000000000E+00  0.000000000000000E+00  0.000000000000000E+00
  3.692277122963204E+02  0.000000000000000E+00  0.000000000000000E+00  0.000000000000000E+00  0.000000000000000E+00
  3.702004141531747E+02  0.000000000000000E+00  0.000000000000000E+00  0.000000000000000E+00  0.000000000000000E+00
  3.711730138362383E+02  0.000000000000000E+00  0.000000000000000E+00  0.000000000000000E+00  0.000000000000000E+00
  3.721455121087463E+02  0.000000000000000E+00  0.000000000000000E+00  0.000000000000000E+00  0.000000000000000E+00
  3.731179097258023E+02  0.000000000000000E+00  0.000000000000000E+00  0.000000000000000E+00  0.000000000000000E+00
  3.740902049528772E+02  0.000000000000000E+00  0.000000000000000E+00  0.000000000000000E+00  0.000000000000000E+00
  3.750623883971203E+02  0.000000000000000E+00  0.000000000000000E+00  0.000000000000000E+00  0.000000000000000E+00
  3.760344599844463E+02  0.000000000000000E+00  0.000000000000000E+00  0.000000000000000E+00  0.000000000000000E+00
  3.770064205457269E+02  0.000000000000000E+00  0.000000000000000E+00  0.000000000000000E+00  0.000000000000000E+00
  3.784641550095537E+02  0.000000000000000E+00  0.000000000000000E+00  0.000000000000000E+00  0.000000000000000E+00
  3.794358415828934E+02  0.000000000000000E+00  0.000000000000000E+00  0.000000000000000E+00  0.000000000000000E+00
  3.804074199692020E+02  0.000000000000000E+00  0.000000000000000E+00  0.000000000000000E+00  0.000000000000000E+00
  3.813788909603905E+02  0.000000000000000E+00  0.000000000000000E+00  0.000000000000000E+00  0.000000000000000E+00
  3.823502553400320E+02  0.000000000000000E+00  0.000000000000000E+00  0.000000000000000E+00  0.000000000000000E+00
  3.833215138834734E+02  0.000000000000000E+00  0.000000000000000E+00  0.000000000000000E+00  0.000000000000000E+00
  3.842926673579447E+02  0.000000000000000E+00  0.000000000000000E+00  0.000000000000000E+00  0.000000000000000E+00
  3.852637064360874E+02  0.000000000000000E+00  0.000000000000000E+00  0.000000000000000E+00  0.000000000000000E+00
  3.862346282859526E+02  0.000000000000000E+00  0.000000000000000E+00  0.000000000000000E+00  0.000000000000000E+00
  3.872054337583772E+02  0.000000000000000E+00  0.000000000000000E+00  0.000000000000000E+00  0.000000000000000E+00
  3.881761236952480E+02  0.000000000000000E+00  0.000000000000000E+00  0.000000000000000E+00  0.000000000000000E+00
  3.891466989296228E+02  0.000000000000000E+00  0.000000000000000E+00  0.000000000000000E+00  0.000000000000000E+00
  3.901171602858495E+02  0.000000000000000E+00  0.000000000000000E+00  0.000000000000000E+00  0.000000000000000E+00
  3.910875085796832E+02  0.000000000000000E+00  0.000000000000000E+00  0.000000000000000E+00  0.000000000000000E+00
  3.920577446184002E+02  0.000000000000000E+00  0.000000000000000E+00  0.000000000000000E+00  0.000000000000000E+00
  3.930278692009117E+02  0.000000000000000E+00  0.000000000000000E+00  0.000000000000000E+00  0.000000000000000E+00
  3.944828488216235E+02  0.000000000000000E+00  0.000000000000000E+00  0.000000000000000E+00  0.000000000000000E+00
  3.954526982049524E+02  0.000000000000000E+00  0.000000000000000E+00  0.000000000000000E+00  0.000000000000000E+00
  3.964224306530809E+02  0.000000000000000E+00  0.000000000000000E+00  0.000000000000000E+00  0.000000000000000E+00
  3.973920413401837E+02  0.000000000000000E+00  0.000000000000000E+00  0.000000000000000E+00  0.000000000000000E+00
  3.983615311272731E+02  0.000000000000000E+00  0.000000000000000E+00  0.000000000000000E+00  0.000000000000000E+00
  3.993309008664584E+02  0.000000000000000E+00  0.000000000000000E+00  0.000000000000000E+00  0.000000000000000E+00
  4.003001514010641E+02  0.000000000000000E+00  0.000000000000000E+00  0.000000000000000E+00  0.000000000000000E+00
  4.012692835657471E+02  0.000000000000000E+00  0.000000000000000E+00  0.000000000000000E+00  0.000000000000000E+00
  4.022382981866112E+02  0.000000000000000E+00  0.000000000000000E+00  0.000000000000000E+00  0.000000000000000E+00
  4.032071960813196E+02  0.000000000000000E+00  0.000000000000000E+00  0.000000000000000E+00  0.000000000000000E+00
  4.041759780592062E+02  0.000000000000000E+00  0.000000000000000E+00  0.000000000000000E+00  0.000000000000000E+00
  4.051446449213838E+02  0.000000000000000E+00  0.000000000000000E+00  0.000000000000000E+00  0.000000000000000E+00
  4.061131974608514E+02  0.000000000000000E+00  0.000000000000000E+00  0.000000000000000E+00  0.000000000000000E+00
  4.070816364625998E+02  0.000000000000000E+00  0.000000000000000E+00  0.000000000000000E+00  0.000000000000000E+00
  4.080499599855272E+02  0.000000000000000E+00  0.000000000000000E+00  0.000000000000000E+00  0.000000000000000E+00
  4.090181584146169E+02  0.000000000000000E+00  0.000000000000000E+00  0.000000000000000E+00  0.000000000000000E+00
  4.104702219729778E+02  0.000000000000000E+00  0.000000000000000E+00  0.000000000000000E+00  0.000000000000000E+00
  4.114381095354124E+02  0.000000000000000E+00  0.000000000000000E+00  0.000000000000000E+00  0.000000000000000E+00
  4.124058742362908E+02  0.000000000000000E+00  0.000000000000000E+00  0.000000000000000E+00  0.000000000000000E+00
  4.133735169114180E+02  0.000000000000000E+00  0.000000000000000E+00  0.000000000000000E+00  0.000000000000000E+00
  4.143410383882008E+02  0.000000000000000E+00  0.000000000000000E+00  0.000000000000000E+00  0.000000000000000E+00
  4.153084394857566E+02  0.000000000000000E+00  0.000000000000000E+00  0.000000000000000E+00  0.000000000000000E+00
  4.162757210150202E+02  0.000000000000000E+00  0.000000000000000E+00  0.000000000000000E+00  0.000000000000000E+00
  4.172428837788494E+02  0.000000000000000E+00  0.000000000000000E+00  0.000000000000000E+00  0.000000000000000E+00
  4.182099285721280E+02  0.000000000000000E+00  0.000000000000000E+00  0.000000000000000E+00  0.000000000000000E+00
  4.191768561818678E+02  0.000000000000000E+00  0.000000000000000E+00  0.000000000000000E+00  0.000000000000000E+00
  4.201436673873089E+02  0.000000000000000E+00  0.000000000000000E+00  0.000000000000000E+00  0.000000000000000E+00
  4.211103583764004E+02  0.000000000000000E+00  0.000000000000000E+00  0.000000000000000E+00  0.000000000000000E+00
  4.220769207345064E+02  0.000000000000000E+00  0.000000000000000E+00  0.000000000000000E+00  0.000000000000000E+00
  4.230433553193313E+02  0.000000000000000E+00  0.000000000000000E+00  0.000000000000000E+00  0.000000000000000E+00
  4.240096629800613E+02  0.000000000000000E+00  0.000000000000000E+00  0.000000000000000E+00  0.000000000000000E+00
  4.254588883254081E+02  0.000000000000000E+00  0.000000000000000E+00  0.000000000000000E+00  0.000000000000000E+00
  4.264248823361773E+02  0.000000000000000E+00  0.000000000000000E+00  0.000000000000000E+00  0.000000000000000E+00
  4.273907523294929E+02  0.000000000000000E+00  0.000000000000000E+00  0.000000000000000E+00  0.000000000000000E+00
  4.283564991175425E+02  0.000000000000000E+00  0.000000000000000E+00  0.000000000000000E+00  0.000000000000000E+00
  4.293221235045773E+02  0.000000000000000E+00  0.000000000000000E+00  0.000000000000000E+00  0.000000000000000E+00
  4.302876262870121E+02  0.000000000000000E+00  0.000000000000000E+00  0.000000000000000E+00  0.000000000000000E+00
  4.312530082535236E+02  0.000000000000000E+00  0.000000000000000E+00  0.000000000000000E+00  0.000000000000000E+00
  4.322182701851476E+02  0.000000000000000E+00  0.000000000000000E+00  0.000000000000000E+00  0.000000000000000E+00
  4.331834128553742E+02  0.000000000000000E+00  0.000000000000000E+00  0.000000000000000E+00  0.000000000000000E+00
  4.341484370302417E+02  0.000000000000000E+00  0.000000000000000E+00  0.000000000000000E+00  0.000000000000000E+00
  4.351133350509409E+02  0.000000000000000E+00  0.000000000000000E+00  0.000000000000000E+00  0.000000000000000E+00
  4.360781025265297E+02  0.000000000000000E+00  0.000000000000000E+00  0.000000000000000E+00  0.000000000000000E+00
  4.370427402982770E+02  0.000000000000000E+00  0.000000000000000E+00  0.000000000000000E+00  0.000000000000000E+00
  4.380072491992991E+02  0.000000000000000E+00  0.000000000000000E+00  0.000000000000000E+00  0.000000000000000E+00
  4.394537727208803E+02  0.000000000000000E+00  0.000000000000000E+00  0.000000000000000E+00  0.000000000000000E+00
  4.404179630373974E+02  0.000000000000000E+00  0.000000000000000E+00  0.000000000000000E+00  0.000000000000000E+00
  4.413820273363665E+02  0.000000000000000E+00  0.000000000000000E+00  0.000000000000000E+00  0.000000000000000E+00
  4.423459664154667E+02  0.000000000000000E+00  0.000000000000000E+00  0.000000000000000E+00  0.000000000000000E+00
  4.433097810647695E+02  0.000000000000000E+00  0.000000000000000E+00  0.000000000000000E+00  0.000000000000000E+00
  4.442734720668330E+02  0.000000000000000E+00  0.000000000000000E+00  0.000000000000000E+00  0.000000000000000E+00
  4.452370401967940E+02  0.000000000000000E+00  0.000000000000000E+00  0.000000000000000E+00  0.000000000000000E+00
  4.462004862224591E+02  0.000000000000000E+00  0.000000000000000E+00  0.000000000000000E+00  0.000000000000000E+00
  4.471638109043943E+02  0.000000000000000E+00  0.000000000000000E+00  0.000000000000000E+00  0.000000000000000E+00
  4.481270149960127E+02  0.000000000000000E+00  0.000000000000000E+00  0.000000000000000E+00  0.000000000000000E+00
  4.490900978710969E+02  0.000000000000000E+00  0.000000000000000E+00  0.000000000000000E+00  0.000000000000000E+00
  4.500530502596080E+02  0.000000000000000E+00  0.000000000000000E+00  0.000000000000000E+00  0.000000000000000E+00
  4.510158710076821E+02  0.000000000000000E+00  0.000000000000000E+00  0.000000000000000E+00  0.000000000000000E+00
  4.524598570909443E+02  0.000000000000000E+00  0.000000000000000E+00  0.000000000000000E+00  0.000000000000000E+00
  4.534223522992382E+02  0.000000000000000E+00  0.000000000000000E+00  0.000000000000000E+00  0.000000000000000E+00
  4.543847186960762E+02  0.000000000000000E+00  0.000000000000000E+00  0.000000000000000E+00  0.000000000000000E+00
  4.553469570727295E+02  0.000000000000000E+00  0.000000000000000E+00  0.000000000000000E+00  0.000000000000000E+00
  4.563090682130793E+02  0.000000000000000E+00  0.000000000000000E+00  0.000000000000000E+00  0.000000000000000E+00
  4.572710528937053E+02  0.000000000000000E+00  0.000000000000000E+00  0.000000000000000E+00  0.000000000000000E+00
  4.582329118839750E+02  0.000000000000000E+00  0.000000000000000E+00  0.000000000000000E+00  0.000000000000000E+00
  4.591946459461299E+02  0.000000000000000E+00  0.000000000000000E+00  0.000000000000000E+00  0.000000000000000E+00
  4.601562558353717E+02  0.000000000000000E+00  0.000000000000000E+00  0.000000000000000E+00  0.000000000000000E+00
  4.611177422999458E+02  0.000000000000000E+00  0.000000000000000E+00  0.000000000000000E+00  0.000000000000000E+00
  4.620791060812251E+02  0.000000000000000E+00  0.000000000000000E+00  0.000000000000000E+00  0.000000000000000E+00
  4.630403479137909E+02  0.000000000000000E+00  0.000000000000000E+00  0.000000000000000E+00  0.000000000000000E+00
  4.640014685255142E+02  0.000000000000000E+00  0.000000000000000E+00  0.000000000000000E+00  0.000000000000000E+00
  4.654429128620716E+02  0.000000000000000E+00  0.000000000000000E+00  0.000000000000000E+00  0.000000000000000E+00
  4.664037101179319E+02  0.000000000000000E+00  0.000000000000000E+00  0.000000000000000E+00  0.000000000000000E+00
  4.673643757911276E+02  0.000000000000000E+00  0.000000000000000E+00  0.000000000000000E+00  0.000000000000000E+00
  4.683249106667326E+02  0.000000000000000E+00  0.000000000000000E+00  0.000000000000000E+00  0.000000000000000E+00
  4.692853155226350E+02  0.000000000000000E+00  0.000000000000000E+00  0.000000000000000E+00  0.000000000000000E+00
  4.702455911296225E+02  0.000000000000000E+00  0.000000000000000E+00  0.000000000000000E+00  0.000000000000000E+00
  4.712057382514676E+02  0.000000000000000E+00  0.000000000000000E+00  0.000000000000000E+00  0.000000000000000E+00
  4.721657576450104E+02  0.000000000000000E+00  0.000000000000000E+00  0.000000000000000E+00  0.000000000000000E+00
  4.731256500602408E+02  0.000000000000000E+00  0.000000000000000E+00  0.000000000000000E+00  0.000000000000000E+00
  4.740854162403792E+02  0.000000000000000E+00  0.000000000000000E+00  0.000000000000000E+00  0.000000000000000E+00
  4.750450569219560E+02  0.000000000000000E+00  0.000000000000000E+00  0.000000000000000E+00  0.000000000000000E+00
  4.760045728348898E+02  0.000000000000000E+00  0.000000000000000E+00  0.000000000000000E+00  0.000000000000000E+00
  4.774436143437190E+02  0.000000000000000E+00  0.000000000000000E+00  0.000000000000000E+00  0.000000000000000E+00
  4.784028214857423E+02  0.000000000000000E+00  0.000000000000000E+00  0.000000000000000E+00  0.000000000000000E+00
  4.793619063628732E+02  0.000000000000000E+00  0.000000000000000E+00  0.000000000000000E+00  0.000000000000000E+00
  4.803208696762158E+02  0.000000000000000E+00  0.000000000000000E+00  0.000000000000000E+00  0.000000000000000E+00
  4.812797096548501E+02  0.000000000000000E+00  0.000000000000000E+00  0.000000000000000E+00  0.000000000000000E+00
  4.822384175508554E+02  0.000000000000000E+00  0.000000000000000E+00  0.000000000000000E+00  0.000000000000000E+00
  4.831969934358753E+02  0.000000000000000E+00  0.000000000000000E+00  0.000000000000000E+00  0.000000000000000E+00
  4.841554380683055E+02  0.000000000000000E+00  0.000000000000000E+00  0.000000000000000E+00  0.000000000000000E+00
  4.851137521997918E+02  0.000000000000000E+00  0.000000000000000E+00  0.000000000000000E+00  0.000000000000000E+00
  4.860719365753085E+02  0.000000000000000E+00  0.000000000000000E+00  0.000000000000000E+00  0.000000000000000E+00
  4.870299919332363E+02  0.000000000000000E+00  0.000000000000000E+00  0.000000000000000E+00  0.000000000000000E+00
  4.884668346613368E+02  0.000000000000000E+00  0.000000000000000E+00  0.000000000000000E+00  0.000000000000000E+00
  4.894245706631234E+02  0.000000000000000E+00  0.000000000000000E+00  0.000000000000000E+00  0.000000000000000E+00
  4.903821801808210E+02  0.000000000000000E+00  0.000000000000000E+00  0.000000000000000E+00  0.000000000000000E+00
  4.913396639240676E+02  0.000000000000000E+00  0.000000000000000E+00  0.000000000000000E+00  0.000000000000000E+00
  4.922970225963138E+02  0.000000000000000E+00  0.000000000000000E+00  0.000000000000000E+00  0.000000000000000E+00
  4.932542568948928E+02  0.000000000000000E+00  0.000000000000000E+00  0.000000000000000E+00  0.000000000000000E+00
  4.942113675110903E+02  0.000000000000000E+00  0.000000000000000E+00  0.000000000000000E+00  0.000000000000000E+00
  4.951683551302123E+02  0.000000000000000E+00  0.000000000000000E+00  0.000000000000000E+00  0.000000000000000E+00
  4.961252204316527E+02  0.000000000000000E+00  0.000000000000000E+00  0.000000000000000E+00  0.000000000000000E+00
  4.970819640889598E+02  0.000000000000000E+00  0.000000000000000E+00  0.000000000000000E+00  0.000000000000000E+00
  4.980385867699015E+02  0.000000000000000E+00  0.000000000000000E+00  0.000000000000000E+00  0.000000000000000E+00
  4.994732829455110E+02  0.000000000000000E+00  0.000000000000000E+00  0.000000000000000E+00  0.000000000000000E+00
  5.004295826550048E+02  0.000000000000000E+00  0.000000000000000E+00  0.000000000000000E+00  0.000000000000000E+00
  5.013857516843355E+02  0.000000000000000E+00  0.000000000000000E+00  0.000000000000000E+00  0.000000000000000E+00
  5.023417907515246E+02  0.000000000000000E+00  0.000000000000000E+00  0.000000000000000E+00  0.000000000000000E+00
  5.032977005684177E+02  0.000000000000000E+00  0.000000000000000E+00  0.000000000000000E+00  0.000000000000000E+00
  5.042534818407548E+02  0.000000000000000E+00  0.000000000000000E+00  0.000000000000000E+00  0.000000000000000E+00
  5.052091352682386E+02  0.000000000000000E+00  0.000000000000000E+00  0.000000000000000E+00  0.000000000000000E+00
  5.061646615446026E+02  0.000000000000000E+00  0.000000000000000E+00  0.000000000000000E+00  0.000000000000000E+00
  5.071200613576777E+02  0.000000000000000E+00  0.000000000000000E+00  0.000000000000000E+00  0.000000000000000E+00
  5.080753353894584E+02  0.000000000000000E+00  0.000000000000000E+00  0.000000000000000E+00  0.000000000000000E+00
  5.090304843161672E+02  0.000000000000000E+00  0.000000000000000E+00  0.000000000000000E+00  0.000000000000000E+00
  5.104629745994266E+02  0.000000000000000E+00  0.000000000000000E+00  0.000000000000000E+00  0.000000000000000E+00
  5.114178136846272E+02  0.000000000000000E+00  0.000000000000000E+00  0.000000000000000E+00  0.000000000000000E+00
  5.123725299869981E+02  0.000000000000000E+00  0.000000000000000E+00  0.000000000000000E+00  0.000000000000000E+00
  5.133271241575676E+02  0.000000000000000E+00  0.000000000000000E+00  0.000000000000000E+00  0.000000000000000E+00
  5.142815968419334E+02  0.000000000000000E+00  0.000000000000000E+00  0.000000000000000E+00  0.000000000000000E+00
  5.152359486803215E+02  0.000000000000000E+00  0.000000000000000E+00  0.000000000000000E+00  0.000000000000000E+00
  5.161901803076448E+02  0.000000000000000E+00  0.000000000000000E+00  0.000000000000000E+00  0.000000000000000E+00
  5.171442898854594E+02  0.000000000000000E+00  0.000000000000000E+00  0.000000000000000E+00  0.000000000000000E+00
  5.180982693270913E+02  0.000000000000000E+00  0.000000000000000E+00  0.000000000000000E+00  0.000000000000000E+00
  5.190521188753753E+02  0.000000000000000E+00  0.000000000000000E+00  0.000000000000000E+00  0.000000000000000E+00
  5.200058392149014E+02  0.000000000000000E+00  0.000000000000000E+00  0.000000000000000E+00  0.000000000000000E+00
  5.214361789412922E+02  0.000000000000000E+00  0.000000000000000E+00  0.000000000000000E+00  0.000000000000000E+00
  5.223895792167372E+02  0.000000000000000E+00  0.000000000000000E+00  0.000000000000000E+00  0.000000000000000E+00
  5.233428526349933E+02  0.000000000000000E+00  0.000000000000000E+00  0.000000000000000E+00  0.000000000000000E+00
  5.242959998554786E+02  0.000000000000000E+00  0.000000000000000E+00  0.000000000000000E+00  0.000000000000000E+00
  5.252490215321848E+02  0.000000000000000E+00  0.000000000000000E+00  0.000000000000000E+00  0.000000000000000E+00
  5.262019183137352E+02  0.000000000000000E+00  0.000000000000000E+00  0.000000000000000E+00  0.000000000000000E+00
  5.271546908434436E+02  0.000000000000000E+00  0.000000000000000E+00  0.000000000000000E+00  0.000000000000000E+00
  5.281073397593711E+02  0.000000000000000E+00  0.000000000000000E+00  0.000000000000000E+00  0.000000000000000E+00
  5.290598656943824E+02  0.000000000000000E+00  0.000000000000000E+00  0.000000000000000E+00  0.000000000000000E+00
  5.300122692762018E+02  0.000000000000000E+00  0.000000000000000E+00  0.000000000000000E+00  0.000000000000000E+00
  5.314406465973403E+02  0.000000000000000E+00  0.000000000000000E+00  0.000000000000000E+00  0.000000000000000E+00
  5.323927470092315E+02  0.000000000000000E+00  0.000000000000000E+00  0.000000000000000E+00  0.000000000000000E+00
  5.333447272252693E+02  0.000000000000000E+00  0.000000000000000E+00  0.000000000000000E+00  0.000000000000000E+00
  5.342965878507143E+02  0.000000000000000E+00  0.000000000000000E+00  0.000000000000000E+00  0.000000000000000E+00
  5.352483294859796E+02  0.000000000000000E+00  0.000000000000000E+00  0.000000000000000E+00  0.000000000000000E+00
  5.361999521431427E+02  0.000000000000000E+00  0.000000000000000E+00  0.000000000000000E+00  0.000000000000000E+00
  5.371514480860484E+02  0.000000000000000E+00  0.000000000000000E+00  0.000000000000000E+00  0.000000000000000E+00
  5.381028157632699E+02  0.000000000000000E+00  0.000000000000000E+00  0.000000000000000E+00  0.000000000000000E+00
  5.390540558212471E+02  0.000000000000000E+00  0.000000000000000E+00  0.000000000000000E+00  0.000000000000000E+00
  5.400051689012237E+02  0.000000000000000E+00  0.000000000000000E+00  0.000000000000000E+00  0.000000000000000E+00
  5.414316018275209E+02  0.000000000000000E+00  0.000000000000000E+00  0.000000000000000E+00  0.000000000000000E+00
  5.423824002343368E+02  0.000000000000000E+00  0.000000000000000E+00  0.000000000000000E+00  0.000000000000000E+00
  5.433330738673806E+02  0.000000000000000E+00  0.000000000000000E+00  0.000000000000000E+00  0.000000000000000E+00
  5.442836233451895E+02  0.000000000000000E+00  0.000000000000000E+00  0.000000000000000E+00  0.000000000000000E+00
  5.452340492814012E+02  0.000000000000000E+00  0.000000000000000E+00  0.000000000000000E+00  0.000000000000000E+00
  5.461843522848044E+02  0.000000000000000E+00  0.000000000000000E+00  0.000000000000000E+00  0.000000000000000E+00
  5.471345329593900E+02  0.000000000000000E+00  0.000000000000000E+00  0.000000000000000E+00  0.000000000000000E+00
  5.480845919044012E+02  0.000000000000000E+00  0.000000000000000E+00  0.000000000000000E+00  0.000000000000000E+00
  5.490345297143831E+02  0.000000000000000E+00  0.000000000000000E+00  0.000000000000000E+00  0.000000000000000E+00
  5.504592105903124E+02  0.000000000000000E+00  0.000000000000000E+00  0.000000000000000E+00  0.000000000000000E+00
  5.514088481334605E+02  0.000000000000000E+00  0.000000000000000E+00  0.000000000000000E+00  0.000000000000000E+00
  5.523583665861855E+02  0.000000000000000E+00  0.000000000000000E+00  0.000000000000000E+00  0.000000000000000E+00
  5.533077665224845E+02  0.000000000000000E+00  0.000000000000000E+00  0.000000000000000E+00  0.000000000000000E+00
  5.542570485119167E+02  0.000000000000000E+00  0.000000000000000E+00  0.000000000000000E+00  0.000000000000000E+00
  5.552062131196487E+02  0.000000000000000E+00  0.000000000000000E+00  0.000000000000000E+00  0.000000000000000E+00
  5.561552609065001E+02  0.000000000000000E+00  0.000000000000000E+00  0.000000000000000E+00  0.000000000000000E+00
  5.571041873202392E+02  0.000000000000000E+00  0.000000000000000E+00  0.000000000000000E+00  0.000000000000000E+00
  5.580529875000366E+02  0.000000000000000E+00  0.000000000000000E+00  0.000000000000000E+00  0.000000000000000E+00
  5.590016620535463E+02  0.000000000000000E+00  0.000000000000000E+00  0.000000000000000E+00  0.000000000000000E+00
  5.604244396522049E+02  0.000000000000000E+00  0.000000000000000E+00  0.000000000000000E+00  0.000000000000000E+00
  5.613728027677428E+02  0.000000000000000E+00  0.000000000000000E+00  0.000000000000000E+00  0.000000000000000E+00
  5.623210423470691E+02  0.000000000000000E+00  0.000000000000000E+00  0.000000000000000E+00  0.000000000000000E+00
  5.632691589770569E+02  0.000000000000000E+00  0.000000000000000E+00  0.000000000000000E+00  0.000000000000000E+00
  5.642171532400907E+02  0.000000000000000E+00  0.000000000000000E+00  0.000000000000000E+00  0.000000000000000E+00
  5.651650257141133E+02  0.000000000000000E+00  0.000000000000000E+00  0.000000000000000E+00  0.000000000000000E+00
  5.661127769726703E+02  0.000000000000000E+00  0.000000000000000E+00  0.000000000000000E+00  0.000000000000000E+00
  5.670604075849552E+02  0.000000000000000E+00  0.000000000000000E+00  0.000000000000000E+00  0.000000000000000E+00
  5.680079181158535E+02  0.000000000000000E+00  0.000000000000000E+00  0.000000000000000E+00  0.000000000000000E+00
  5.694289599848039E+02  0.000000000000000E+00  0.000000000000000E+00  0.000000000000000E+00  0.000000000000000E+00
  5.703761727557296E+02  0.000000000000000E+00  0.000000000000000E+00  0.000000000000000E+00  0.000000000000000E+00
  5.713232673890660E+02  0.000000000000000E+00  0.000000000000000E+00  0.000000000000000E+00  0.000000000000000E+00
  5.722702444308434E+02  0.000000000000000E+00  0.000000000000000E+00  0.000000000000000E+00  0.000000000000000E+00
  5.732171044230171E+02  0.000000000000000E+00  0.000000000000000E+00  0.000000000000000E+00  0.000000000000000E+00
  5.741638479035078E+02  0.000000000000000E+00  0.000000000000000E+00  0.000000000000000E+00  0.000000000000000E+00
  5.751104754062418E+02  0.000000000000000E+00  0.000000000000000E+00  0.000000000000000E+00  0.000000000000000E+00
  5.760569874611908E+02  0.000000000000000E+00  0.000000000000000E+00  0.000000000000000E+00  0.000000000000000E+00
  5.770033845944108E+02  0.000000000000000E+00  0.000000000000000E+00  0.000000000000000E+00  0.000000000000000E+00
  5.784227602381765E+02  0.000000000000000E+00  0.000000000000000E+00  0.000000000000000E+00  0.000000000000000E+00
  5.793688566664846E+02  0.000000000000000E+00  0.000000000000000E+00  0.000000000000000E+00  0.000000000000000E+00
  5.803148300805942E+02  0.000000000000000E+00  0.000000000000000E+00  0.000000000000000E+00  0.000000000000000E+00
  5.812606810432637E+02  0.000000000000000E+00  0.000000000000000E+00  0.000000000000000E+00  0.000000000000000E+00
  5.822064101130862E+02  0.000000000000000E+00  0.000000000000000E+00  0.000000000000000E+00  0.000000000000000E+00
  5.831520178445314E+02  0.000000000000000E+00  0.000000000000000E+00  0.000000000000000E+00  0.000000000000000E+00
  5.840975047879868E+02  0.000000000000000E+00  0.000000000000000E+00  0.000000000000000E+00  0.000000000000000E+00
  5.850428714897984E+02  0.000000000000000E+00  0.000000000000000E+00  0.000000000000000E+00  0.000000000000000E+00
  5.864606972747273E+02  0.000000000000000E+00  0.000000000000000E+00  0.000000000000000E+00  0.000000000000000E+00
  5.874057657365298E+02  0.000000000000000E+00  0.000000000000000E+00  0.000000000000000E+00  0.000000000000000E+00
  5.883507158376460E+02  0.000000000000000E+00  0.000000000000000E+00  0.000000000000000E+00  0.000000000000000E+00
  5.892955481067238E+02  0.000000000000000E+00  0.000000000000000E+00  0.000000000000000E+00  0.000000000000000E+00
  5.902402630685841E+02  0.000000000000000E+00  0.000000000000000E+00  0.000000000000000E+00  0.000000000000000E+00
  5.911848612442583E+02  0.000000000000000E+00  0.000000000000000E+00  0.000000000000000E+00  0.000000000000000E+00
  5.921293431510250E+02  0.000000000000000E+00  0.000000000000000E+00  0.000000000000000E+00  0.000000000000000E+00
  5.930737093024468E+02  0.000000000000000E+00  0.000000000000000E+00  0.000000000000000E+00  0.000000000000000E+00
  5.940179602084064E+02  0.000000000000000E+00  0.000000000000000E+00  0.000000000000000E+00  0.000000000000000E+00
  5.954341215885127E+02  0.000000000000000E+00  0.000000000000000E+00  0.000000000000000E+00  0.000000000000000E+00
  5.963780865877239E+02  0.000000000000000E+00  0.000000000000000E+00  0.000000000000000E+00  0.000000000000000E+00
  5.973219380975935E+02  0.000000000000000E+00  0.000000000000000E+00  0.000000000000000E+00  0.000000000000000E+00
  5.982656766118793E+02  0.000000000000000E+00  0.000000000000000E+00  0.000000000000000E+00  0.000000000000000E+00
  5.992093026208503E+02  0.000000000000000E+00  0.000000000000000E+00  0.000000000000000E+00  0.000000000000000E+00
  6.001528147962910E+02  0.000000000000000E+00  0.000000000000000E+00  0.000000000000000E+00  0.000000000000000E+00
  6.010962065633477E+02  0.000000000000000E+00  0.000000000000000E+00  0.000000000000000E+00  0.000000000000000E+00
  6.020394779055653E+02  0.000000000000000E+00  0.000000000000000E+00  0.000000000000000E+00  0.000000000000000E+00
  6.034541602714978E+02  0.000000000000000E+00  0.000000000000000E+00  0.000000000000000E+00  0.000000000000000E+00
  6.043971328438761E+02  0.000000000000000E+00  0.000000000000000E+00  0.000000000000000E+00  0.000000000000000E+00
  6.053399868155136E+02  0.000000000000000E+00  0.000000000000000E+00  0.000000000000000E+00  0.000000000000000E+00
  6.062827226993338E+02  0.000000000000000E+00  0.000000000000000E+00  0.000000000000000E+00  0.000000000000000E+00
  6.072253410046595E+02  0.000000000000000E+00  0.000000000000000E+00  0.000000000000000E+00  0.000000000000000E+00
  6.081678422372477E+02  0.000000000000000E+00  0.000000000000000E+00  0.000000000000000E+00  0.000000000000000E+00
  6.091102268993233E+02  0.000000000000000E+00  0.000000000000000E+00  0.000000000000000E+00  0.000000000000000E+00
  6.100524954896134E+02  0.000000000000000E+00  0.000000000000000E+00  0.000000000000000E+00  0.000000000000000E+00
  6.114656818228991E+02  0.000000000000000E+00  0.000000000000000E+00  0.000000000000000E+00  0.000000000000000E+00
  6.124076623930027E+02  0.000000000000000E+00  0.000000000000000E+00  0.000000000000000E+00  0.000000000000000E+00
  6.133495286097989E+02  0.000000000000000E+00  0.000000000000000E+00  0.000000000000000E+00  0.000000000000000E+00
  6.142912809566819E+02  0.000000000000000E+00  0.000000000000000E+00  0.000000000000000E+00  0.000000000000000E+00
  6.152329199137272E+02  0.000000000000000E+00  0.000000000000000E+00  0.000000000000000E+00  0.000000000000000E+00
  6.161744459577226E+02  0.000000000000000E+00  0.000000000000000E+00  0.000000000000000E+00  0.000000000000000E+00
  6.171158595621989E+02  0.000000000000000E+00  0.000000000000000E+00  0.000000000000000E+00  0.000000000000000E+00
  6.180571611974610E+02  0.000000000000000E+00  0.000000000000000E+00  0.000000000000000E+00  0.000000000000000E+00
  6.194689047290116E+02  0.000000000000000E+00  0.000000000000000E+00  0.000000000000000E+00  0.000000000000000E+00
  6.204099284779218E+02  0.000000000000000E+00  0.000000000000000E+00  0.000000000000000E+00  0.000000000000000E+00
  6.213508418787117E+02  0.000000000000000E+00  0.000000000000000E+00  0.000000000000000E+00  0.000000000000000E+00
  6.222916453875376E+02  0.000000000000000E+00  0.000000000000000E+00  0.000000000000000E+00  0.000000000000000E+00
  6.232323375429290E+02  0.000000000000000E+00  0.000000000000000E+00  0.000000000000000E+00  0.000000000000000E+00
  6.241729121564522E+02  0.000000000000000E+00  0.000000000000000E+00  0.000000000000000E+00  0.000000000000000E+00
  6.251133694143278E+02  0.000000000000000E+00  0.000000000000000E+00  0.000000000000000E+00  0.000000000000000E+00
  6.260537098052464E+02  0.000000000000000E+00  0.000000000000000E+00  0.000000000000000E+00  0.000000000000000E+00
  6.274640023269802E+02  0.000000000000000E+00  0.000000000000000E+00  0.000000000000000E+00  0.000000000000000E+00
  6.284040526669562E+02  0.000000000000000E+00  0.000000000000000E+00  0.000000000000000E+00  0.000000000000000E+00
  6.293439878246184E+02  0.000000000000000E+00  0.000000000000000E+00  0.000000000000000E+00  0.000000000000000E+00
  6.302838082740560E+02  0.000000000000000E+00  0.000000000000000E+00  0.000000000000000E+00  0.000000000000000E+00
  6.312235144861968E+02  0.000000000000000E+00  0.000000000000000E+00  0.000000000000000E+00  0.000000000000000E+00
  6.321631069288361E+02  0.000000000000000E+00  0.000000000000000E+00  0.000000000000000E+00  0.000000000000000E+00
  6.331025860666666E+02  0.000000000000000E+00  0.000000000000000E+00  0.000000000000000E+00  0.000000000000000E+00
  6.340419523613065E+02  0.000000000000000E+00  0.000000000000000E+00  0.000000000000000E+00  0.000000000000000E+00
  6.354507912245847E+02  0.000000000000000E+00  0.000000000000000E+00  0.000000000000000E+00  0.000000000000000E+00
  6.363898774109083E+02  0.000000000000000E+00  0.000000000000000E+00  0.000000000000000E+00  0.000000000000000E+00
  6.373288523459026E+02  2.108165821858091E+00  0.000000000000000E+00  0.000000000000000E+00  0.000000000000000E+00
  6.382677164776989E+02  2.108165821858091E+00  0.000000000000000E+00  0.000000000000000E+00  0.000000000000000E+00
  6.392064702515062E+02  2.108165821858091E+00  0.000000000000000E+00  0.000000000000000E+00  0.000000000000000E+00
  6.401451141096387E+02  2.108165821858091E+00  0.000000000000000E+00  0.000000000000000E+00  0.000000000000000E+00
  6.410836484915416E+02  2.108165821858091E+00  0.000000000000000E+00  0.000000000000000E+00  0.000000000000000E+00
  6.420220738338173E+02  2.108165821858091E+00  0.000000000000000E+00  0.000000000000000E+00  0.000000000000000E+00
  6.434295083460725E+02  2.108165821858091E+00  0.000000000000000E+00  0.000000000000000E+00  0.000000000000000E+00
  6.443676629809936E+02  2.108165821858091E+00  0.000000000000000E+00  0.000000000000000E+00  0.000000000000000E+00
  6.453057100823804E+02  2.108165821858091E+00  0.000000000000000E+00  0.000000000000000E+00  0.000000000000000E+00
  6.462436500743588E+02  2.108165821858091E+00  0.000000000000000E+00  0.000000000000000E+00  0.000000000000000E+00
  6.471814814687201E+02  2.108165821858091E+00  3.317873871930450E-13  1.352005784227823E-38  0.000000000000000E+00
  6.481191984595750E+02  2.108165821858091E+00  1.104520746242114E-12 -3.471550169028695E-38  0.000000000000000E+00
  6.490568013317085E+02  2.108165821858095E+00  3.509862173039610E-12  8.374164249178743E-37  0.000000000000000E+00
  6.504629926594705E+02  2.108165821858119E+00  1.827804387420191E-11 -2.915403534387878E-35  0.000000000000000E+00
  6.514003122143686E+02  2.108165821858194E+00  5.203250488017697E-11  3.574468033079782E-34  0.000000000000000E+00
  6.523375192266205E+02  2.108165821858444E+00  1.421301328382972E-10  3.432525929979235E-34  0.000000000000000E+00
  6.532746141400912E+02  2.108165821859243E+00  3.731435735840104E-10  6.896170389807860E-33  0.000000000000000E+00
  6.542115973958299E+02  2.108165821861675E+00  9.431189615795079E-10 -6.888024848832076E-34  0.000000000000000E+00
  6.551484694320959E+02  2.108165821868769E+00  2.298665925492274E-09  8.778567709002454E-32  0.000000000000000E+00
  6.560852306843835E+02  2.108165821888600E+00  5.410934671502316E-09 -6.444192316199279E-32  0.000000000000000E+00
  6.570218815854470E+02  2.108165821941833E+00  1.231709596190294E-08 -1.352703793821260E-30  0.000000000000000E+00
  6.584266519684704E+02  2.108165822212333E+00  3.981353685287665E-08 -6.730928776211963E-30  0.000000000000000E+00
  6.593630288670136E+02  2.108165822742511E+00  8.370208598524940E-08  1.673441401314346E-29  0.000000000000000E+00
  6.602992969077482E+02  2.108165823988213E+00  1.707370451608526E-07 -1.029441300277595E-28  0.000000000000000E+00
  6.612354565113993E+02  2.108165826812927E+00  3.382461584751694E-07 -6.348121695239374E-29  0.000000000000000E+00
  6.621715080960844E+02  2.108165833002268E+00  6.514880965479010E-07 -2.553019995822413E-28  0.000000000000000E+00
  6.631074520773360E+02  2.108165846124129E+00  1.221303715352370E-06 -1.028240505729135E-27  0.000000000000000E+00
  6.640432888681247E+02  2.108165873077581E+00  2.230845603084941E-06  2.977091737929126E-29  0.000000000000000E+00
  6.654468439693206E+02  2.108165970441820E+00  5.258504955479408E-06  9.867607279568977E-27  0.000000000000000E+00
  6.663824145740917E+02  2.108166113627639E+00  9.044701152568368E-06  8.296520351219341E-26  0.000000000000000E+00
  6.673178794139488E+02  2.108166379587162E+00  1.520986552308101E-05 -4.060474326415586E-29  0.000000000000000E+00
  6.682532388906117E+02  2.108166860560163E+00  2.502013598366070E-05 -2.177543896699330E-25  0.000000000000000E+00
  6.691884934033601E+02  2.108167707946683E+00  4.028155026628418E-05 -6.686495312286923E-25  0.000000000000000E+00
  6.701236433490552E+02  2.108169163373289E+00  6.350604913211417E-05  5.317733260940837E-26  0.000000000000000E+00
  6.710586891221604E+02  2.108171602210622E+00  9.810471635206958E-05  1.561456620684277E-24  0.000000000000000E+00
  6.724610579671637E+02  2.108178419152089E+00  1.815977272938456E-04  7.664300544712511E-25  0.000000000000000E+00
  6.733958319262753E+02  2.108186423269517E+00  2.674713472421969E-04  5.130968359964636E-24  0.000000000000000E+00
  6.743304953670139E+02  2.108198814564103E+00  3.870358400272662E-04  3.112276371045227E-24  0.000000000000000E+00
  6.752650487098840E+02  2.108217609416282E+00  5.506466710834213E-04  3.519507162324441E-23  0.000000000000000E+00
  6.761994923728491E+02  2.108245566327717E+00  7.708609902552194E-04  9.225585073052373E-23  0.000000000000000E+00
  6.771338267713541E+02  2.108286375219103E+00  1.062298172131026E-03  9.604870770088779E-23  0.000000000000000E+00
  6.780680523183476E+02  2.108344840722978E+00  1.441248932096406E-03 -5.307919554187449E-23  0.000000000000000E+00
  6.790021694243040E+02  2.108427066541474E+00  1.925593699753193E-03 -1.904867797151617E-22  0.000000000000000E+00
  6.804031426481763E+02  2.108611983918477E+00  2.892089932869233E-03 -1.244601950068852E-21  0.000000000000000E+00
  6.813369904313226E+02  2.108790403011355E+00  3.726303960426881E-03  4.901664163065565E-22  0.000000000000000E+00
  6.822707311909180E+02  2.109026580036082E+00  4.737203733093970E-03 -1.034201137599114E-21  0.000000000000000E+00
  6.832043653265674E+02  2.109334354680046E+00  5.946343513556950E-03  1.084591089280098E-22  0.000000000000000E+00
  6.841378932355179E+02  2.109729512006966E+00  7.375170572687681E-03 -4.049564046550700E-22  0.000000000000000E+00
  6.850713153126791E+02  2.110229757549780E+00  9.044676371914010E-03 -4.923132607083853E-21  0.000000000000000E+00
  6.860046319506433E+02  2.110854628466532E+00  1.097506136222791E-02  1.036850705660355E-20  0.000000000000000E+00
  6.874044100622430E+02  2.112072013511896E+00  1.439263828663051E-02  1.058890559287862E-20  0.000000000000000E+00
  6.883374648047798E+02  2.113101135025089E+00  1.701243321130490E-02 -1.148069862097845E-20  0.000000000000000E+00
  6.892704154642315E+02  2.114327552056110E+00  1.990026095237481E-02 -5.137275101472980E-22  0.000000000000000E+00
  6.902032624230072E+02  2.115769877325114E+00  2.305327941653196E-02  4.597366095170459E-21  0.000000000000000E+00
  6.911360060613065E+02  2.117445258645378E+00  2.646848608133740E-02  1.754924706663738E-20  0.000000000000000E+00
  6.920686467571375E+02  2.119369145863409E+00  3.014295074802631E-02  6.752070660702548E-20  0.000000000000000E+00
  6.930011848863361E+02  2.121555090993813E+00  3.407394271302243E-02 -4.600370123488503E-20  0.000000000000000E+00
  6.943998005845439E+02  2.125349905403997E+00  4.044603163821798E-02 -3.951880755376359E-20  0.000000000000000E+00
  6.953320839273548E+02  2.128236448080735E+00  4.500790865487763E-02 -9.048956505806483E-20  0.000000000000000E+00
  6.962642660021176E+02  2.131415496603786E+00  4.981841104079552E-02 -1.118928018030201E-19  0.000000000000000E+00
  6.971963471751186E+02  2.134890564144597E+00  5.487547608381080E-02  1.152527493986570E-19  0.000000000000000E+00
  6.981283238323681E+02  2.138641010077503E+00  5.996931779435594E-02  4.623293705355899E-20  0.000000000000000E+00
  6.990601931010093E+02  2.142630097063461E+00  6.503583775950050E-02  4.681520895663779E-20  0.000000000000000E+00
  7.004577965105599E+02  2.149003742589627E+00  7.270925578622513E-02 -3.294957790861075E-19  0.000000000000000E+00
  7.013893990244648E+02  2.153482448334080E+00  7.792179661518955E-02  1.773426921702993E-21  0.000000000000000E+00
  7.023208955173375E+02  2.158124966491704E+00  8.323651582069118E-02  1.825102733890442E-19  0.000000000000000E+00
  7.032522863749379E+02  2.162917245323881E+00  8.866863922466622E-02 -2.054222759139062E-19  0.000000000000000E+00
  7.041835719808485E+02  2.167847362776012E+00  9.422981706772057E-02  9.191766525347064E-19  0.000000000000000E+00
  7.051147527164931E+02  2.172905147292784E+00  9.992879068326320E-02  3.442048726849326E-19  0.000000000000000E+00
  7.060458289611554E+02  2.178081855197242E+00  1.057718351473436E-01  7.511260232929427E-19  0.000000000000000E+00
  7.074422482320209E+02  2.186053536456444E+00  1.148150975937970E-01  1.417110760258026E-18  0.000000000000000E+00
  7.083730648947085E+02  2.191251507717569E+00  1.204314569592693E-01  2.385757760982055E-19  0.000000000000000E+00
  7.093037783773094E+02  2.196131198176369E+00  1.260406479909587E-01 -6.077563706487909E-19  0.000000000000000E+00
  7.102343890496962E+02  2.200840168088437E+00  1.319877949952551E-01 -2.273526808546691E-19  0.000000000000000E+00
  7.111648972796983E+02  2.205450644440705E+00  1.382175108469799E-01 -7.831414754413447E-19  0.000000000000000E+00
  7.120953034331186E+02  2.210011475475690E+00  1.446795070916611E-01 -2.183954361549375E-19  0.000000000000000E+00
  7.130256078737509E+02  2.214557982343536E+00  1.513423438379014E-01 -5.548174173634524E-19  0.000000000000000E+00
  7.144208746141209E+02  2.221406158156351E+00  1.616707942650663E-01 -1.276744482450179E-18  0.000000000000000E+00
  7.153509263513445E+02  2.226016915882808E+00  1.687594743071823E-01 -7.801182545948351E-19  0.000000000000000E+00
  7.162808776334738E+02  2.230678740063905E+00  1.759979566155520E-01 -2.274945172016187E-18  0.000000000000000E+00
  7.172107288154649E+02  2.235400203846160E+00  1.833766381292836E-01 -2.270629813034618E-18  0.000000000000000E+00
  7.181404802503541E+02  2.240187006066567E+00  1.908863701508769E-01 -1.762802081022770E-18  0.000000000000000E+00
  7.190701322892739E+02  2.245202746623378E+00  1.987476185149125E-01  6.972045471599846E-19  0.000000000000000E+00
  7.204644247436710E+02  2.253669495377089E+00  2.110548031448832E-01 -1.111225568273862E-19  0.000000000000000E+00
  7.213938298165199E+02  2.259733916253721E+00  2.192938147826916E-01 -8.194964167162109E-19  0.000000000000000E+00
  7.223231367075957E+02  2.266060051753579E+00  2.275893184152474E-01 -1.114886818800227E-18  0.000000000000000E+00
  7.232523457596554E+02  2.272607882662916E+00  2.359567147654575E-01  1.096467006449134E-18  0.000000000000000E+00
  7.241814573136364E+02  2.279348255949345E+00  2.443995306803537E-01  2.966310020045288E-18  0.000000000000000E+00
  7.251104672382357E+02  2.286258818933901E+00  2.529142635763208E-01  2.512319052202059E-18  0.000000000000000E+00
  7.260393736644851E+02  2.293321719788100E+00  2.614937039265800E-01  2.627790124013107E-18  0.000000000000000E+00
  7.274325400440808E+02  2.304169854327261E+00  2.744641321442413E-01  8.961834288923908E-19  0.000000000000000E+00
  7.283611893205139E+02  2.311553031929564E+00  2.831640254562962E-01  2.128806274884665E-18  0.000000000000000E+00
  7.292897363703518E+02  2.319044249753495E+00  2.918943720652493E-01 -4.985798228939568E-19  0.000000000000000E+00
  7.302181815526216E+02  2.326638504438260E+00  3.006442565402247E-01 -5.726092089758637E-19  0.000000000000000E+00
  7.311465252244539E+02  2.334356909406075E+00  3.093952869379257E-01 -3.361341137362255E-18  0.000000000000000E+00
  7.320747677410986E+02  2.342209863629610E+00  3.181306455350726E-01 -3.092229281903039E-18  0.000000000000000E+00
  7.330029094559403E+02  2.350197324960442E+00  3.268392876991935E-01 -7.331740101266737E-19  0.000000000000000E+00
  7.343949337933005E+02  2.362418142514692E+00  3.398345465415757E-01 -3.178842852043780E-18  0.000000000000000E+00
  7.353228250375855E+02  2.370712471875470E+00  3.484430114574749E-01 -4.645063400968161E-19  0.000000000000000E+00
  7.362506167024396E+02  2.379112769212971E+00  3.570001848482147E-01 -2.495572466751671E-18  0.000000000000000E+00
  7.371783091330382E+02  2.387608457507949E+00  3.655001755437457E-01 -1.404927639699961E-18  0.000000000000000E+00
  7.381059026727721E+02  2.396188925738224E+00  3.739373347539455E-01 -3.893328298600165E-18  0.000000000000000E+00
  7.390333976632630E+02  2.404843746814404E+00  3.823062661131278E-01  8.036653857027202E-19  0.000000000000000E+00
  7.404244561121486E+02  2.417943351511223E+00  3.947206291744980E-01  2.561006719033964E-18  0.000000000000000E+00
  7.413517062126392E+02  2.426740789205143E+00  4.028971153839534E-01 -1.487820060768130E-18  0.000000000000000E+00
  7.422788589458287E+02  2.435581192272859E+00  4.109867503780992E-01  1.196348389595732E-18  0.000000000000000E+00
  7.432059146455480E+02  2.444459620757987E+00  4.189825936292879E-01 -5.821531354451643E-18  0.000000000000000E+00
  7.441328736439348E+02  2.453371773977119E+00  4.268783976467603E-01 -5.221880747750807E-18  0.000000000000000E+00
  7.450597362714467E+02  2.462313380322622E+00  4.346689309983024E-01 -4.427359876742035E-18  0.000000000000000E+00
  7.464498502361013E+02  2.475771147719931E+00  4.461483167516914E-01 -8.813810544811058E-18  0.000000000000000E+00
  7.473764733712717E+02  2.484766234725965E+00  4.536590004900928E-01 -7.164680559785190E-18  0.000000000000000E+00
  7.483030012791286E+02  2.493774042641228E+00  4.610531174871877E-01  1.804311428613425E-18  0.000000000000000E+00
  7.492294342827317E+02  2.502789388831741E+00  4.683289508819845E-01  2.647557298614381E-18  0.000000000000000E+00
  7.501557727035324E+02  2.511807040715540E+00  4.754852744050845E-01 -1.922131475320723E-18  0.000000000000000E+00
  7.510820168613857E+02  2.520821783371531E+00  4.825212829904498E-01  7.946573112230586E-18  0.000000000000000E+00
  7.520081670745631E+02  2.529828476356387E+00  4.894365377749694E-01  7.347336607375173E-18  0.000000000000000E+00
  7.533972115400682E+02  2.543312616611513E+00  4.995825299385757E-01  3.658793884067003E-18  0.000000000000000E+00
  7.543231169927506E+02  2.552278261465340E+00  5.061948584729641E-01  7.240511705425428E-18  0.000000000000000E+00
  7.552489234896725E+02  2.561220329317211E+00  5.126854941067727E-01  7.954493142551939E-18  0.000000000000000E+00
  7.561746313692403E+02  2.570135388435239E+00  5.190542210732012E-01  1.080935381866460E-20  0.000000000000000E+00
  7.571002409681819E+02  2.579020336034440E+00  5.253010075156475E-01  4.547742693174503E-18  0.000000000000000E+00
  7.580257526215598E+02  2.587872325317677E+00  5.314260592542080E-01  1.071955649477797E-17  0.000000000000000E+00
  7.594138371825812E+02  2.601082763362874E+00  5.403864787604422E-01  1.108301710035281E-17  0.000000000000000E+00
  7.603391054271374E+02  2.609841107198736E+00  5.462098120060481E-01  1.281395816613075E-17  0.000000000000000E+00
  7.612642768859214E+02  2.618557854349052E+00  5.519141722570318E-01  9.450976725063295E-18  0.000000000000000E+00
  7.621893518866613E+02  2.627230807763943E+00  5.575008827726872E-01  9.106961216678189E-18  0.000000000000000E+00
  7.631143307554895E+02  2.635857870057615E+00  5.629714630920477E-01  1.163715658458791E-17  0.000000000000000E+00
  7.640392138169559E+02  2.644437044664945E+00  5.683275962700228E-01  5.701934157502586E-18  0.000000000000000E+00
  7.654263594764416E+02  2.657211956442020E+00  5.761511278766508E-01  3.480569466970177E-18  0.000000000000000E+00
  7.663510044291291E+02  2.665663541474296E+00  5.812290453613139E-01 -3.892969324648456E-19  0.000000000000000E+00
  7.672755546980875E+02  2.674061364459186E+00  5.861988981682892E-01  1.118952645507993E-18  0.000000000000000E+00
  7.682000106008917E+02  2.682404121404722E+00  5.910625332789119E-01  8.648703712751179E-19  0.000000000000000E+00
  7.691243724535997E+02  2.690690668508823E+00  5.958218057371607E-01  9.265065253984420E-18  0.000000000000000E+00
  7.700486405707634E+02  2.698920008345330E+00  6.004785871490828E-01 -1.318185098887791E-17  0.000000000000000E+00
  7.714348676767706E+02  2.711154890200917E+00  6.072757442577462E-01 -2.914863598197350E-17  0.000000000000000E+00
  7.723589028214586E+02  2.719237666912912E+00  6.116846597777595E-01 -1.124684134031375E-17  0.000000000000000E+00
  7.732828453198390E+02  2.727260673562892E+00  6.159978572232235E-01 -1.385063525919440E-17  0.000000000000000E+00
  7.742066954798270E+02  2.735223385018300E+00  6.202173443547270E-01 -6.748461362952587E-18  0.000000000000000E+00
  7.751304536078933E+02  2.743125347765590E+00  6.243451573393256E-01  1.771753608370314E-18  0.000000000000000E+00
  7.760541200090751E+02  2.750966174047049E+00  6.283833512962212E-01  1.400210349161878E-18  0.000000000000000E+00
  7.774394482867091E+02  2.762612092176659E+00  6.342771098699684E-01  9.880166768766023E-19  0.000000000000000E+00
  7.783628866959058E+02  2.770298802694783E+00  6.381002422838501E-01  7.852982902004205E-19  0.000000000000000E+00
  7.792862344347125E+02  2.777923527864970E+00  6.418408955334942E-01  8.183642815198867E-18  0.000000000000000E+00
  7.802094918018465E+02  2.785486171267231E+00  6.455010498312483E-01  7.293348055337992E-18  0.000000000000000E+00
  7.811326590946493E+02  2.792986698845107E+00  6.490826493127801E-01  1.249207844993869E-17  0.000000000000000E+00
  7.820557366090967E+02  2.800425135357050E+00  6.525876014480065E-01  3.415727794411818E-18  0.000000000000000E+00
  7.834401768789864E+02  2.811466489874009E+00  6.577053740506513E-01 -7.185019950585295E-18  0.000000000000000E+00
  7.843630186933977E+02  2.818750052413997E+00  6.610267831628435E-01  9.773698062189823E-18  0.000000000000000E+00
  7.852857661839889E+02  2.825971962042622E+00  6.642779358396521E-01  1.433230370101968E-17  0.000000000000000E+00
  7.862084196650524E+02  2.833132447806294E+00  6.674605952431548E-01  3.410473525208022E-19  0.000000000000000E+00
  7.871309794494315E+02  2.840231769993378E+00  6.705764964851064E-01  5.998365651656674E-18  0.000000000000000E+00
  7.880534458485316E+02  2.847270216484433E+00  6.736273459262465E-01  2.358514967417052E-18  0.000000000000000E+00
  7.894369710274723E+02  2.857714435002958E+00  6.780853045581009E-01  1.421824250625947E-17  0.000000000000000E+00
  7.903592053164306E+02  2.864602111218074E+00  6.809807824056442E-01  1.101387308325372E-17  0.000000000000000E+00
  7.912813472988551E+02  2.871430105189821E+00  6.838169228157941E-01  1.207862937527914E-17  0.000000000000000E+00
  7.922033972798091E+02  2.878198805525035E+00  6.865952753330011E-01  2.380993517724860E-17  0.000000000000000E+00
  7.931253555629750E+02  2.884908619954194E+00  6.893173499142605E-01  2.167309466919797E-17  0.000000000000000E+00
  7.940472224506640E+02  2.891559974034794E+00  6.919846166837853E-01  2.371547608595261E-17  0.000000000000000E+00
  7.954298520736372E+02  2.901428362680349E+00  6.958858713176271E-01  1.531285411757753E-17  0.000000000000000E+00
  7.963514917863382E+02  2.907935530676062E+00  6.984222941126982E-01  2.236814662857449E-17  0.000000000000000E+00
  7.972730411509981E+02  2.914385844980904E+00  7.009087511795431E-01  2.653690620716529E-17  0.000000000000000E+00
  7.981945004638802E+02  2.920779790657667E+00  7.033465445916561E-01  7.240622328275489E-18  0.000000000000000E+00
  7.991158700199309E+02  2.927117861028004E+00  7.057369427458426E-01  1.054575161545949E-17  0.000000000000000E+00
  8.000371501127881E+02  2.933400556138116E+00  7.080811813336860E-01 -7.120333729088981E-18  0.000000000000000E+00
  8.014189031477260E+02  2.942721877206738E+00  7.115136142516576E-01 -6.724000898950822E-18  0.000000000000000E+00
  8.023399608587667E+02  2.948868355213053E+00  7.137476503794833E-01 -5.583559049995548E-18  0.000000000000000E+00
  8.032609301241811E+02  2.954961244927369E+00  7.159396011679945E-01 -2.387732295545648E-17  0.000000000000000E+00
  8.041818112318355E+02  2.961001064222900E+00  7.180905599279360E-01 -1.219226753939322E-17  0.000000000000000E+00
  8.051026044683388E+02  2.966988333175161E+00  7.202015889160098E-01 -3.168182918003795E-18  0.000000000000000E+00
  8.060233101190510E+02  2.972923573564133E+00  7.222737197441154E-01 -2.643687336041326E-18  0.000000000000000E+00
  8.074042049929363E+02  2.981730024790061E+00  7.253111647864902E-01 -1.320529632408401E-17  0.000000000000000E+00
  8.083246929195044E+02  2.987537483049052E+00  7.272903681113697E-01 -2.475684021033926E-17  0.000000000000000E+00
  8.092450942493331E+02  2.993294744736422E+00  7.292340524232819E-01 -2.498143548750619E-17  0.000000000000000E+00
  8.101654092622701E+02  2.999002332548224E+00  7.311431207246383E-01 -3.450560748302404E-17  0.000000000000000E+00
  8.110856382369620E+02  3.004660767785769E+00  7.330184500267650E-01 -4.748830497594961E-17  0.000000000000000E+00
  8.120057814508619E+02  3.010270569828086E+00  7.348608922475300E-01 -4.720229306437758E-17  0.000000000000000E+00
  8.133858360742420E+02  3.018595215833633E+00  7.375646962581516E-01 -4.857670495181839E-17  0.000000000000000E+00
  8.143057640283936E+02  3.024085678318757E+00  7.393284865741401E-01 -1.332250287851822E-17  0.000000000000000E+00
  8.152256021106267E+02  3.029529274574243E+00  7.410621758491215E-01 -1.499811699058189E-17  0.000000000000000E+00
  8.161453506150890E+02  3.034926511564896E+00  7.427665119464919E-01 -1.640463094002749E-17  0.000000000000000E+00
  8.170650098346604E+02  3.040277892633934E+00  7.444422211006536E-01  2.765534347679833E-19  0.000000000000000E+00
  8.184443318924259E+02  3.048220076121701E+00  7.469036460776337E-01 -1.062965679296682E-17  0.000000000000000E+00
  8.193637691728798E+02  3.053458994388882E+00  7.485108277859094E-01  1.782641584438371E-17  0.000000000000000E+00
  8.202831181836656E+02  3.058653787777172E+00  7.500917615265988E-01  2.792753212565098E-17  0.000000000000000E+00
  8.212023792120664E+02  3.063804941523962E+00  7.516470828501133E-01  1.094102907470036E-17  0.000000000000000E+00
  8.221215525441449E+02  3.068912936445065E+00  7.531774088176499E-01  1.305707409580864E-17  0.000000000000000E+00
  8.230406384647520E+02  3.073978248791246E+00  7.546833386308820E-01  7.191171620346057E-18  0.000000000000000E+00
  8.244191040693037E+02  3.081497217692108E+00  7.568977590090625E-01 -1.851687022886369E-17  0.000000000000000E+00
  8.253379726995738E+02  3.086457876092578E+00  7.583452081605295E-01 -3.502262076280096E-17  0.000000000000000E+00
  8.262567549059237E+02  3.091377481100193E+00  7.597702262286966E-01 -2.629754087995583E-17  0.000000000000000E+00
  8.271754509678510E+02  3.096256487063473E+00  7.611733390988082E-01 -2.625656259993153E-17  0.000000000000000E+00
  8.280940611636860E+02  3.101095343287847E+00  7.625550577164942E-01  3.240739846022143E-18  0.000000000000000E+00
  8.290125857705989E+02  3.105894494014002E+00  7.639158785164217E-01  2.768789452196672E-18  0.000000000000000E+00
  8.303902128052167E+02  3.113019731583615E+00  7.659189776674964E-01  9.742032214752113E-18  0.000000000000000E+00
  8.313085246449044E+02  3.117721528817410E+00  7.672296343153051E-01  4.592511328980066E-18  0.000000000000000E+00
  8.322267518567451E+02  3.122385135438012E+00  7.685210223223311E-01  2.039242880991563E-19  0.000000000000000E+00
  8.331448947127853E+02  3.127010972861163E+00  7.697935778881438E-01 -3.271333552109028E-18  0.000000000000000E+00
  8.340629534839539E+02  3.131599457438142E+00  7.710477249428709E-01 -2.806094064210643E-18  0.000000000000000E+00
  8.354398845714976E+02  3.138413046033325E+00  7.728953277995869E-01 -2.494340764577809E-18  0.000000000000000E+00
  8.363577343085298E+02  3.142909936838306E+00  7.741052313326319E-01 -2.143248034834477E-18  0.000000000000000E+00
  8.372755009002425E+02  3.147370892225776E+00  7.752981191608177E-01  1.065568635378295E-17  0.000000000000000E+00
  8.381931846126239E+02  3.151796305852939E+00  7.764743647742189E-01  1.617199929205164E-17  0.000000000000000E+00
  8.391107857105839E+02  3.156186566383940E+00  7.776343314240892E-01  1.728460788510032E-17  0.000000000000000E+00
  8.400283044579609E+02  3.160542057521735E+00  7.787783724381976E-01  1.823965299750226E-17  0.000000000000000E+00
  8.414044287462129E+02  3.167010928860152E+00  7.804653226860364E-01  2.103175126892172E-17  0.000000000000000E+00
  8.423217427644590E+02  3.171281143009182E+00  7.815710329747469E-01  2.171293578109234E-17  0.000000000000000E+00
  8.432389753472207E+02  3.175517892236551E+00  7.826619803610454E-01  1.874530182156194E-17  0.000000000000000E+00
  8.441561267536010E+02  3.179721538438576E+00  7.837384770811907E-01  1.973272430236472E-17  0.000000000000000E+00
  8.450731972416688E+02  3.183892438794135E+00  7.848008269837167E-01  1.705580270184717E-17  0.000000000000000E+00
  8.464486518139341E+02  3.190088160713480E+00  7.863684712797434E-01  1.067507483849897E-17  0.000000000000000E+00
  8.473655211285472E+02  3.194178728580739E+00  7.873967307475279E-01  5.982480210110946E-18  0.000000000000000E+00
  8.482823094800144E+02  3.198237760108893E+00  7.884118435241178E-01  5.181153839569704E-18  0.000000000000000E+00
  8.491990137303169E+02  3.202265577054864E+00  7.894140753733444E-01  7.959807918545721E-18  0.000000000000000E+00
  8.501156339576468E+02  3.206262511170049E+00  7.904036883790261E-01  1.012689605084239E-17  0.000000000000000E+00
  8.510321704328269E+02  3.210228890654370E+00  7.913809380044281E-01  8.784691073600125E-18  0.000000000000000E+00
  8.524068187000707E+02  3.216121877164033E+00  7.928241736900478E-01  4.755863341082441E-19  0.000000000000000E+00
  8.533231469726168E+02  3.220013277452822E+00  7.937715895581617E-01  6.399708637605364E-19  0.000000000000000E+00
  8.542393924323858E+02  3.223875237814651E+00  7.947074853056915E-01  3.961943944056153E-18  0.000000000000000E+00
  8.551555553453670E+02  3.227708067249381E+00  7.956320881022764E-01 -3.120523084550507E-18  0.000000000000000E+00
  8.560716359764945E+02  3.231512070642532E+00  7.965456193268161E-01 -2.714541275076373E-18  0.000000000000000E+00
  8.574456032216725E+02  3.237164683866578E+00  7.978956274406606E-01  8.294500465034299E-18  0.000000000000000E+00
  8.583614793003831E+02  3.240897929529677E+00  7.987824117875042E-01  1.561576178668802E-17  0.000000000000000E+00
  8.592772740162901E+02  3.244603384647687E+00  7.996588562007843E-01 -2.669701304372392E-17  0.000000000000000E+00
  8.601929876296585E+02  3.248281336271510E+00  8.005251580417846E-01  7.681646155457408E-20  0.000000000000000E+00
  8.611086203997328E+02  3.251932067636686E+00  8.013815097617282E-01 -2.170765989087692E-17  0.000000000000000E+00
  8.620241725847437E+02  3.255555858216307E+00  8.022280990467211E-01 -2.508915957265155E-17  0.000000000000000E+00
  8.633973503276688E+02  3.260941632343847E+00  8.034800776227223E-01 -1.699742402276102E-17  0.000000000000000E+00
  8.643127021731852E+02  3.264499269439030E+00  8.043030519238511E-01 -5.944578027314108E-17  0.000000000000000E+00
  8.652279743295528E+02  3.268030915035859E+00  8.051168851391912E-01 -4.849290925840120E-17  0.000000000000000E+00
  8.661431670505168E+02  3.271536832327548E+00  8.059217451702283E-01 -4.239677284471583E-17  0.000000000000000E+00
  8.670582805888424E+02  3.275017281033209E+00  8.067177958624989E-01 -3.708267776586907E-17  0.000000000000000E+00
  8.684308029794115E+02  3.280190760218137E+00  8.078957031319776E-01  9.118819535752528E-18  0.000000000000000E+00
  8.693457196606096E+02  3.283608651393988E+00  8.086704217129481E-01  2.004256363972081E-18  0.000000000000000E+00
  8.702605580362132E+02  3.287001956379963E+00  8.094368741038130E-01  1.755564291494925E-18  0.000000000000000E+00
  8.711753183546492E+02  3.290370919889808E+00  8.101952072733384E-01 -1.959988052497255E-17  0.000000000000000E+00
  8.720900008633960E+02  3.293715783438317E+00  8.109455647263898E-01 -1.718154162693608E-17  0.000000000000000E+00
  8.730046058089893E+02  3.297036785389133E+00  8.116880866014488E-01  1.457245523076104E-18  0.000000000000000E+00
  8.743763683334587E+02  3.301974061612976E+00  8.127874762287237E-01  1.197604030487577E-18  0.000000000000000E+00
  8.752907804436263E+02  3.305236432155302E+00  8.135110010166089E-01  4.423143793240161E-17  0.000000000000000E+00
  8.762051158461724E+02  3.308475751233492E+00  8.142271555367337E-01  8.191177531979099E-17  0.000000000000000E+00
  8.771193747834590E+02  3.311692243606845E+00  8.149360659035828E-01  7.059237844539049E-17  0.000000000000000E+00
  8.780335574969356E+02  3.314886131136218E+00  8.156378553475188E-01  7.940361011437549E-17  0.000000000000000E+00
  8.794046891734466E+02  3.319635056655008E+00  8.166774504637881E-01  6.545535279128380E-17  0.000000000000000E+00
  8.803186823777995E+02  3.322773384091673E+00  8.173619585083024E-01  1.497558554748941E-17  0.000000000000000E+00
  8.812326001963058E+02  3.325889861004518E+00  8.180397553358183E-01 -4.040787703982668E-18  0.000000000000000E+00
  8.821464428663738E+02  3.328984696749300E+00  8.187109521357968E-01 -3.686506173758213E-17  0.000000000000000E+00
  8.830602106245276E+02  3.332058098018596E+00  8.193756576169645E-01 -3.142223969608486E-17  0.000000000000000E+00
  8.844307223171544E+02  3.336628455976999E+00  8.203607764907552E-01 -4.249531866184761E-18  0.000000000000000E+00
  8.853443038245614E+02  3.339649158225558E+00  8.210097135899184E-01 -3.744720430153716E-18  0.000000000000000E+00
  8.862578092356292E+02  3.342649122456576E+00  8.216525199247607E-01 -2.492518077266175E-17  0.000000000000000E+00
  8.871712368335800E+02  3.345628537656173E+00  8.222892925684369E-01 -2.197864824886913E-17  0.000000000000000E+00
  8.880845868669929E+02  3.348587596891046E+00  8.229201277766985E-01 -3.484755066445523E-18  0.000000000000000E+00
  8.894544670250683E+02  3.352988434706556E+00  8.238554533540634E-01  1.856085288816227E-17  0.000000000000000E+00
  8.903676242285401E+02  3.355897432932451E+00  8.244718525788756E-01  3.319974251590651E-17  0.000000000000000E+00
  8.912807047301636E+02  3.358786732142140E+00  8.250826352334697E-01  3.058084717108541E-17  0.000000000000000E+00
  8.921937087743472E+02  3.361656514817534E+00  8.256878886231928E-01  2.701234031771702E-17  0.000000000000000E+00
  8.931066366045866E+02  3.364506961186704E+00  8.262876981997780E-01  2.386747213627662E-17  0.000000000000000E+00
  8.940194884634700E+02  3.367338249258771E+00  8.268821476072381E-01  1.131207630620330E-18  0.000000000000000E+00
  8.953886243339462E+02  3.371549643587629E+00  8.277639500431897E-01 -3.583986714270053E-17  0.000000000000000E+00
  8.963012873198562E+02  3.374333800456462E+00  8.283453535013456E-01 -6.840356234306989E-17  0.000000000000000E+00
  8.972138751763981E+02  3.377099405083352E+00  8.289216759306907E-01 -4.397893592981081E-17  0.000000000000000E+00
  8.981263881421399E+02  3.379846625917553E+00  8.294929933612069E-01 -3.892128050554961E-17  0.000000000000000E+00
  8.990388264547699E+02  3.382575629377944E+00  8.300593802350841E-01 -5.541859106852615E-17  0.000000000000000E+00
  9.004073444669211E+02  3.386635336130439E+00  8.308998747769362E-01 -1.192252418859090E-17  0.000000000000000E+00
  9.013195971809274E+02  3.389319511225467E+00  8.314542508193475E-01  2.994425794197055E-17  0.000000000000000E+00
  9.022317760668719E+02  3.391986035922224E+00  8.320039448114634E-01  3.193697981885869E-17  0.000000000000000E+00
  9.031438813585434E+02  3.394635067932255E+00  8.325490244324415E-01  2.711134757331294E-17  0.000000000000000E+00
  9.040559132888767E+02  3.397266763129429E+00  8.330895559308136E-01  2.728754209632938E-17  0.000000000000000E+00
  9.054238241393249E+02  3.401182135950661E+00  8.338919669056597E-01  8.131130165794825E-17  0.000000000000000E+00
  9.063356736798436E+02  3.403771159331022E+00  8.344214087403746E-01  7.748251446980948E-17  0.000000000000000E+00
  9.072474506676413E+02  3.406343377509703E+00  8.349465233590412E-01  3.732698571203383E-17  0.000000000000000E+00
  9.081591553318685E+02  3.408898938542047E+00  8.354673708219368E-01  3.845418903991974E-17  0.000000000000000E+00
  9.090707879008474E+02  3.411437988847178E+00  8.359840098617439E-01 -1.317092100427933E-18  0.000000000000000E+00
  9.104381020731524E+02  3.415215923055928E+00  8.367512028805374E-01  3.425847038110002E-17  0.000000000000000E+00
  9.113495553975214E+02  3.417714326719633E+00  8.372575692444099E-01  7.010553817342067E-17  0.000000000000000E+00
  9.122609374193074E+02  3.420196719765028E+00  8.377599225157683E-01  3.118168285046247E-17  0.000000000000000E+00
  9.131722483631580E+02  3.422663241696969E+00  8.382583156423438E-01  2.245641494269733E-17  0.000000000000000E+00
  9.140834884529161E+02  3.425114030579921E+00  8.387528003294961E-01  1.471734286969012E-17  0.000000000000000E+00
  9.154502162238165E+02  3.428761012997564E+00  8.394873091313725E-01 -3.564630905910047E-18  0.000000000000000E+00
  9.163612801524122E+02  3.431173064130830E+00  8.399722409369047E-01  1.181859501434207E-17  0.000000000000000E+00
  9.172722740040886E+02  3.433569854560511E+00  8.404534357487384E-01  1.051554652359415E-17  0.000000000000000E+00
  9.181831979991188E+02  3.435951516256249E+00  8.409309399144408E-01  9.358293365035371E-18  0.000000000000000E+00
  9.190940523569943E+02  3.438318179909829E+00  8.414047986519327E-01  2.412461830286326E-17  0.000000000000000E+00
  9.200048372964285E+02  3.440669974958985E+00  8.418750560756327E-01  4.043109612900477E-17  0.000000000000000E+00
  9.213708850225346E+02  3.444170069016606E+00  8.425737836090944E-01  5.096627190168233E-17  0.000000000000000E+00
  9.222814973676682E+02  3.446485250805092E+00  8.430352237665516E-01  3.057178681133859E-17  0.000000000000000E+00
  9.231920410537891E+02  3.448786007439281E+00  8.434932087450756E-01  4.291321959855046E-17  0.000000000000000E+00
  9.241025162961595E+02  3.451072462950543E+00  8.439477780705279E-01  5.706086361544236E-17  0.000000000000000E+00
  9.250129233092848E+02  3.453344740208092E+00  8.443989703445201E-01  5.086445488499977E-17  0.000000000000000E+00
  9.263784063665190E+02  3.456726837810016E+00  8.450695090552334E-01  5.755150302290878E-17  0.000000000000000E+00
  9.272886437400658E+02  3.458964199438155E+00  8.455124218691293E-01  3.662479957048067E-17  0.000000000000000E+00
  9.281988133818639E+02  3.461187803215196E+00  8.459520859149730E-01  2.758556745929034E-17  0.000000000000000E+00
  9.291089129646681E+02  3.463397760721866E+00  8.463885349759780E-01  5.955885541346307E-18  0.000000000000000E+00
  9.300189421120350E+02  3.465594187253347E+00  8.468218030432919E-01  2.079644057745888E-17  0.000000000000000E+00
  9.313838542562090E+02  3.468863709098296E+00  8.474658141507825E-01 -1.548057460955353E-17  0.000000000000000E+00
  9.322937082928122E+02  3.471026811565712E+00  8.478912754920213E-01 -2.924214948192802E-17  0.000000000000000E+00
  9.332034926741560E+02  3.473176782744857E+00  8.483136709385360E-01 -2.611413457108686E-17  0.000000000000000E+00
  9.341132076213688E+02  3.475313734239284E+00  8.487330321720924E-01 -8.785353666830523E-18  0.000000000000000E+00
  9.350228533547953E+02  3.477437776489030E+00  8.491493904169323E-01  1.062988983642552E-17  0.000000000000000E+00
  9.363871926591721E+02  3.480599873734564E+00  8.497683644668491E-01 -2.795430193634177E-17  0.000000000000000E+00
  9.372966663170340E+02  3.482692118346509E+00  8.501773492050753E-01  4.772034183788634E-18  0.000000000000000E+00
  9.382060715262015E+02  3.484771830985222E+00  8.505834372071398E-01 -2.544808477770404E-17  0.000000000000000E+00
  9.391154085035412E+02  3.486839116763560E+00  8.509866581153827E-01 -2.772999628834274E-17  0.000000000000000E+00
  9.400246774651569E+02  3.488894079590841E+00  8.513870413145190E-01 -4.417244074441901E-17  0.000000000000000E+00
  9.413884538489593E+02  3.491953642622216E+00  8.519823591308862E-01 -4.205967315523738E-17  0.000000000000000E+00
  9.422975537117502E+02  3.493978244725018E+00  8.523757751763328E-01 -5.198705072319769E-17  0.000000000000000E+00
  9.432065863092306E+02  3.495990878003215E+00  8.527664547192431E-01 -3.137550396849417E-17  0.000000000000000E+00
  9.441155518541191E+02  3.497991640890417E+00  8.531544262983898E-01 -2.808119736060222E-17  0.000000000000000E+00
  9.450244505583925E+02  3.499980630597340E+00  8.535397183161209E-01 -2.594024348099788E-17  0.000000000000000E+00
  9.463876737505306E+02  3.502942250086665E+00  8.541126939912839E-01 -8.464369273826728E-18  0.000000000000000E+00
  9.472964062758244E+02  3.504902224127703E+00  8.544914105705890E-01 -2.262904174701795E-17  0.000000000000000E+00
  9.482050726966274E+02  3.506850755624528E+00  8.548675460685063E-01 -4.952942820846779E-17  0.000000000000000E+00
  9.491136732216199E+02  3.508787936320760E+00  8.552411283791030E-01 -4.437055980411312E-17  0.000000000000000E+00
  9.500222080587595E+02  3.510713856763095E+00  8.556121852901738E-01 -3.975560852997768E-17  0.000000000000000E+00
  9.513848876028821E+02  3.513581819603617E+00  8.561640960484612E-01 -3.664173035140640E-17  0.000000000000000E+00
  9.522932591254910E+02  3.515479977793671E+00  8.565289603026791E-01 -4.778020984973986E-17  0.000000000000000E+00
  9.532015656824552E+02  3.517367183377344E+00  8.568913955171088E-01 -2.791874514152222E-17  0.000000000000000E+00
  9.541098074785218E+02  3.519243521661954E+00  8.572514289372445E-01 -3.914840631232932E-17  0.000000000000000E+00
  9.550179847177332E+02  3.521109076831294E+00  8.576090876642780E-01 -3.510769962063709E-17  0.000000000000000E+00
  9.563801299770655E+02  3.523887372678347E+00  8.581411821040156E-01 -5.723109931303230E-17  0.000000000000000E+00
  9.572881467122327E+02  3.525726331148968E+00  8.584930216179747E-01 -5.134397774719419E-17  0.000000000000000E+00
  9.581960995991946E+02  3.527554792557189E+00  8.588425799927143E-01 -6.491781719374409E-17  0.000000000000000E+00
  9.591039888388647E+02  3.529372836256427E+00  8.591898835371932E-01 -7.610202740725961E-17  0.000000000000000E+00
  9.600118146314703E+02  3.531180540580501E+00  8.595349583514694E-01 -6.858421369932427E-17  0.000000000000000E+00
  9.613734347934486E+02  3.533872879639327E+00  8.600484482525396E-01 -5.351585557674336E-17  0.000000000000000E+00
  9.622811028399097E+02  3.535655071728633E+00  8.603880639559056E-01 -4.777320705962059E-17  0.000000000000000E+00
  9.631887081347408E+02  3.537427190876108E+00  8.607255404733872E-01 -5.654777443886216E-17  0.000000000000000E+00
  9.640962508751181E+02  3.539189311079580E+00  8.610609028315511E-01 -5.078786585255642E-17  0.000000000000000E+00
  9.650037312575491E+02  3.540941505428856E+00  8.613941757930984E-01 -5.601564476651038E-17  0.000000000000000E+00
  9.663648353382671E+02  3.543551343678511E+00  8.618902211162751E-01 -6.634025904854109E-17  0.000000000000000E+00
  9.672721606811864E+02  3.545279037377164E+00  8.622183771282173E-01 -4.099689651254806E-17  0.000000000000000E+00
  9.681794243487070E+02  3.546997054164640E+00  8.625445282383379E-01 -3.684458993380020E-17  0.000000000000000E+00
  9.690866265343614E+02  3.548705463281067E+00  8.628686979454699E-01 -3.311745578238709E-17  0.000000000000000E+00
  9.704473149560889E+02  3.551250212056319E+00  8.633512880596500E-01 -6.345394730963613E-17  0.000000000000000E+00
  9.713543642795029E+02  3.552934899673753E+00  8.636706051440974E-01 -3.948564424033584E-17  0.000000000000000E+00
  9.722613527932903E+02  3.554610215723918E+00  8.639880207583239E-01 -1.795862972580867E-17  0.000000000000000E+00
  9.731682806880675E+02  3.556276225949762E+00  8.643035570745795E-01 -2.686486062277526E-18  0.000000000000000E+00
  9.740751481538114E+02  3.557932995359796E+00  8.646172359693128E-01 -2.086946340234426E-17  0.000000000000000E+00
  9.754353364619959E+02  3.560400963382576E+00  8.650843187758580E-01 -2.780201929576277E-19  0.000000000000000E+00
  9.763420536821291E+02  3.562034910473374E+00  8.653934478961335E-01  5.007169286374775E-18  0.000000000000000E+00
  9.772487111331471E+02  3.563659838696454E+00  8.657007938531031E-01  2.195224462490659E-17  0.000000000000000E+00
  9.781553079424257E+02  3.565275808038647E+00  8.660063768720727E-01  1.975793327371617E-17  0.000000000000000E+00
  9.790618425650513E+02  3.566882876676504E+00  8.663102166828194E-01  1.778523880155649E-17  0.000000000000000E+00
  9.804215283309026E+02  3.569276923333976E+00  8.667627515841080E-01  2.042399014869563E-17  0.000000000000000E+00
  9.813279083495645E+02  3.570862004206381E+00  8.670623203228046E-01  1.839060083462386E-17  0.000000000000000E+00
  9.822342268699435E+02  3.572438393910811E+00  8.673602146925878E-01  1.656171706601164E-17  0.000000000000000E+00
  9.831404840872100E+02  3.574006150913892E+00  8.676564537521319E-01  1.491655400790498E-17  0.000000000000000E+00
  9.840466801958700E+02  3.575565333078544E+00  8.679510562955619E-01  8.227969641691153E-18  0.000000000000000E+00
  9.854058602040778E+02  3.577888153619522E+00  8.683899321138852E-01  4.659019620416706E-17  0.000000000000000E+00
  9.863119043878527E+02  3.579426147964749E+00  8.686805238878417E-01  3.704633603055963E-17  0.000000000000000E+00
  9.872178881386033E+02  3.580955765377562E+00  8.689695428939564E-01  3.831327573024517E-17  0.000000000000000E+00
  9.881238116478822E+02  3.582477061122632E+00  8.692570067804558E-01  1.729665746417850E-17  0.000000000000000E+00
  9.890296751065939E+02  3.583990089912254E+00  8.695429329506008E-01 -2.533966156729616E-18  0.000000000000000E+00
  9.903883581158625E+02  3.586244250902491E+00  8.699689764635012E-01  3.311936637931968E-17  0.000000000000000E+00
  9.912940722791318E+02  3.587736848122807E+00  8.702511329044386E-01  1.268638825179090E-17  0.000000000000000E+00
  9.921997270549323E+02  3.589221365654818E+00  8.705318106588426E-01  2.949963219685885E-17  0.000000000000000E+00
  9.931053226312847E+02  3.590697855830491E+00  8.708110260676377E-01  2.660382712112451E-17  0.000000000000000E+00
  9.940108591955765E+02  3.592166370475413E+00  8.710887952439104E-01  1.884538672659031E-17  0.000000000000000E+00
  9.953690538027590E+02  3.594354300466430E+00  8.715027720164246E-01  1.439989525273752E-17  0.000000000000000E+00
  9.962744436525874E+02  3.595803099769726E+00  8.717769946354188E-01  1.042518929992134E-18  0.000000000000000E+00
  9.971797751412626E+02  3.597244101057869E+00  8.720498256620894E-01 -4.191171825969217E-18  0.000000000000000E+00
  9.980850484533556E+02  3.598677353974571E+00  8.723212802166235E-01  1.327208950127419E-17  0.000000000000000E+00
  9.994428497426309E+02  3.600812812608881E+00  8.727259137122729E-01 -5.694912210048910E-18  0.000000000000000E+00
  1.000000000000000E+03  3.601683978868241E+00  8.728922422801564E-01 -9.647249019480153E-18  0.000000000000000E+00
