time h_mean u_mean v_mean w_mean
  2.500000000000000E+00  0.000000000000000E+00  0.000000000000000E+00  0.000000000000000E+00  0.000000000000000E+00
  2.930100314244744E+00  0.000000000000000E+00  0.000000000000000E+00  0.000000000000000E+00  0.000000000000000E+00
  3.461281081585234E+00  0.000000000000000E+00  0.000000000000000E+00  0.000000000000000E+00  0.000000000000000E+00
  4.051171847267777E+00  0.000000000000000E+00  0.000000000000000E+00  0.000000000000000E+00  0.000000000000000E+00
  4.667215015460233E+00  0.000000000000000E+00  0.000000000000000E+00  0.000000000000000E+00  0.000000000000000E+00
  5.291324950027177E+00  0.000000000000000E+00  0.000000000000000E+00  0.000000000000000E+00  0.000000000000000E+00
  6.536331935622448E+00  0.000000000000000E+00  0.000000000000000E+00  0.000000000000000E+00  0.000000000000000E+00
  7.152896697723268E+00  0.000000000000000E+00  0.000000000000000E+00  0.000000000000000E+00  0.000000000000000E+00
  8.372319517182087E+00  0.000000000000000E+00  0.000000000000000E+00  0.000000000000000E+00  0.000000000000000E+00
  9.574521993403618E+00  0.000000000000000E+00  0.000000000000000E+00  0.000000000000000E+00  0.000000000000000E+00
  1.016975896990275E+01  0.000000000000000E+00  0.000000000000000E+00  0.000000000000000E+00  0.000000000000000E+00
  1.134969384069101E+01  0.000000000000000E+00  0.000000000000000E+00  0.000000000000000E+00  0.000000000000000E+00
  1.251699692266693E+01  0.000000000000000E+00  0.000000000000000E+00  0.000000000000000E+00  0.000000000000000E+00
  1.309638598429933E+01  0.000000000000000E+00  0.000000000000000E+00  0.000000000000000E+00  0.000000000000000E+00
  1.424746160482989E+01  0.000000000000000E+00  0.000000000000000E+00  0.000000000000000E+00  0.000000000000000E+00
  1.538921443425445E+01  0.000000000000000E+00  0.000000000000000E+00  0.000000000000000E+00  0.000000000000000E+00
  1.652262719320350E+01  0.000000000000000E+00  0.000000000000000E+00  0.000000000000000E+00  0.000000000000000E+00
  1.708647177095355E+01  0.000000000000000E+00  0.000000000000000E+00  0.000000000000000E+00  0.000000000000000E+00
  1.820889965781559E+01  0.000000000000000E+00  0.000000000000000E+00  0.000000000000000E+00  0.000000000000000E+00
  1.932485241479894E+01  0.000000000000000E+00  0.000000000000000E+00  0.000000000000000E+00  0.000000000000000E+00
  2.043490133768513E+01  0.000000000000000E+00  0.000000000000000E+00  0.000000000000000E+00  0.000000000000000E+00
  2.153954376178952E+01  0.000000000000000E+00  0.000000000000000E+00  0.000000000000000E+00  0.000000000000000E+00
  2.208997570068303E+01  0.000000000000000E+00  0.000000000000000E+00  0.000000000000000E+00  0.000000000000000E+00
  2.318730766775719E+01  0.000000000000000E+00  0.000000000000000E+00  0.000000000000000E+00  0.000000000000000E+00
  2.428022506362698E+01  0.000000000000000E+00  0.000000000000000E+00  0.000000000000000E+00  0.000000000000000E+00
  2.536904596227485E+01  0.000000000000000E+00  0.000000000000000E+00  0.000000000000000E+00  0.000000000000000E+00
  2.645405333051623E+01  0.000000000000000E+00  0.000000000000000E+00  0.000000000000000E+00  0.000000000000000E+00
  2.753550015664440E+01  0.000000000000000E+00  0.000000000000000E+00  0.000000000000000E+00  0.000000000000000E+00
  2.807496027701793E+01  0.000000000000000E+00  0.000000000000000E+00  0.000000000000000E+00  0.000000000000000E+00
  2.915148519879794E+01  0.000000000000000E+00  0.000000000000000E+00  0.000000000000000E+00  0.000000000000000E+00
  3.022497659311129E+01  0.000000000000000E+00  0.000000000000000E+00  0.000000000000000E+00  0.000000000000000E+00
  3.129561098549311E+01  0.000000000000000E+00  0.000000000000000E+00  0.000000000000000E+00  0.000000000000000E+00
  3.236354888274393E+01  0.000000000000000E+00  0.000000000000000E+00  0.000000000000000E+00  0.000000000000000E+00
  3.342893670259569E+01  0.000000000000000E+00  0.000000000000000E+00  0.000000000000000E+00  0.000000000000000E+00
  3.449190843687389E+01  0.000000000000000E+00  0.000000000000000E+00  0.000000000000000E+00  0.000000000000000E+00
  3.502252710164683E+01  0.000000000000000E+00  0.000000000000000E+00  0.000000000000000E+00  0.000000000000000E+00
  3.608210221459395E+01  0.000000000000000E+00  0.000000000000000E+00  0.000000000000000E+00  0.000000000000000E+00
  3.713955070435508E+01  0.000000000000000E+00  0.000000000000000E+00  0.000000000000000E+00  0.000000000000000E+00
  3.819497301120309E+01  0.000000000000000E+00  0.000000000000000E+00  0.000000000000000E+00  0.000000000000000E+00
  3.924846214401177E+01  0.000000000000000E+00  0.000000000000000E+00  0.000000000000000E+00  0.000000000000000E+00
  4.030010442071053E+01  0.000000000000000E+00  0.000000000000000E+00  0.000000000000000E+00  0.000000000000000E+00
  4.134998012159693E+01  0.000000000000000E+00  0.000000000000000E+00  0.000000000000000E+00  0.000000000000000E+00
  4.239816406588575E+01  0.000000000000000E+00  0.000000000000000E+00  0.000000000000000E+00  0.000000000000000E+00
  4.344472611989123E+01  0.000000000000000E+00  0.000000000000000E+00  0.000000000000000E+00  0.000000000000000E+00
  4.448973164491928E+01  0.000000000000000E+00  0.000000000000000E+00  0.000000000000000E+00  0.000000000000000E+00
  4.501167000098698E+01  0.000000000000000E+00  0.000000000000000E+00  0.000000000000000E+00  0.000000000000000E+00
  4.605445439341471E+01  0.000000000000000E+00  0.000000000000000E+00  0.000000000000000E+00  0.000000000000000E+00
  4.709582844145208E+01  0.000000000000000E+00  0.000000000000000E+00  0.000000000000000E+00  0.000000000000000E+00
  4.813584458259324E+01  0.000000000000000E+00  0.000000000000000E+00  0.000000000000000E+00  0.000000000000000E+00
  4.917455222344428E+01  0.000000000000000E+00  0.000000000000000E+00  0.000000000000000E+00  0.000000000000000E+00
  5.021199798049999E+01  0.000000000000000E+00  0.000000000000000E+00  0.000000000000000E+00  0.000000000000000E+00
  5.124822589695251E+01  0.000000000000000E+00  0.000000000000000E+00  0.000000000000000E+00  0.000000000000000E+00
  5.228327763804417E+01  0.000000000000000E+00  0.000000000000000E+00  0.000000000000000E+00  0.000000000000000E+00
  5.331719266739876E+01  0.000000000000000E+00  0.000000000000000E+00  0.000000000000000E+00  0.000000000000000E+00
  5.435000840664901E+01  0.000000000000000E+00  0.000000000000000E+00  0.000000000000000E+00  0.000000000000000E+00
  5.538176038043446E+01  0.000000000000000E+00  0.000000000000000E+00  0.000000000000000E+00  0.000000000000000E+00
  5.641248234851329E+01  0.000000000000000E+00  0.000000000000000E+00  0.000000000000000E+00  0.000000000000000E+00
  5.744220642640028E+01  0.000000000000000E+00  0.000000000000000E+00  0.000000000000000E+00  0.000000000000000E+00
  5.847096319567770E+01  0.000000000000000E+00  0.000000000000000E+00  0.000000000000000E+00  0.000000000000000E+00
  5.949878180495364E+01  0.000000000000000E+00  0.000000000000000E+00  0.000000000000000E+00  0.000000000000000E+00
  6.001234803962299E+01  0.000000000000000E+00  0.000000000000000E+00  0.000000000000000E+00  0.000000000000000E+00
  6.103881115361484E+01  0.000000000000000E+00  0.000000000000000E+00  0.000000000000000E+00  0.000000000000000E+00
  6.206440329819898E+01  0.000000000000000E+00  0.000000000000000E+00  0.000000000000000E+00  0.000000000000000E+00
  6.308914928665776E+01  0.000000000000000E+00  0.000000000000000E+00  0.000000000000000E+00  0.000000000000000E+00
  6.411307286023148E+01  0.000000000000000E+00  0.000000000000000E+00  0.000000000000000E+00  0.000000000000000E+00
  6.513619675183104E+01  0.000000000000000E+00  0.000000000000000E+00  0.000000000000000E+00  0.000000000000000E+00
  6.615854274497180E+01  0.000000000000000E+00  0.000000000000000E+00  0.000000000000000E+00  0.000000000000000E+00
  6.718013172834684E+01  0.000000000000000E+00  0.000000000000000E+00  0.000000000000000E+00  0.000000000000000E+00
  6.820098374640972E+01  0.000000000000000E+00  0.000000000000000E+00  0.000000000000000E+00  0.000000000000000E+00
  6.922111804630497E+01  0.000000000000000E+00  0.000000000000000E+00  0.000000000000000E+00  0.000000000000000E+00
  7.024055312146069E+01  0.000000000000000E+00  0.000000000000000E+00  0.000000000000000E+00  0.000000000000000E+00
  7.125930675213493E+01  0.000000000000000E+00  0.000000000000000E+00  0.000000000000000E+00  0.000000000000000E+00
  7.227739604318135E+01  0.000000000000000E+00  0.000000000000000E+00  0.000000000000000E+00  0.000000000000000E+00
  7.329483745927196E+01  0.000000000000000E+00  0.000000000000000E+00  0.000000000000000E+00  0.000000000000000E+00
  7.431164685778639E+01  0.000000000000000E+00  0.000000000000000E+00  0.000000000000000E+00  0.000000000000000E+00
  7.532783951955295E+01  0.000000000000000E+00  0.000000000000000E+00  0.000000000000000E+00  0.000000000000000E+00
  7.634343017760662E+01  0.000000000000000E+00  0.000000000000000E+00  0.000000000000000E+00  0.000000000000000E+00
  7.735843304411478E+01  0.000000000000000E+00  0.000000000000000E+00  0.000000000000000E+00  0.000000000000000E+00
  7.837286183560963E+01  0.000000000000000E+00  0.000000000000000E+00  0.000000000000000E+00  0.000000000000000E+00
  7.938672979665658E+01  0.000000000000000E+00  0.000000000000000E+00  0.000000000000000E+00  0.000000000000000E+00
  8.040004972207775E+01  0.000000000000000E+00  0.000000000000000E+00  0.000000000000000E+00  0.000000000000000E+00
  8.141283397783967E+01  0.000000000000000E+00  0.000000000000000E+00  0.000000000000000E+00  0.000000000000000E+00
  8.242509452070406E+01  0.000000000000000E+00  0.000000000000000E+00  0.000000000000000E+00  0.000000000000000E+00
  8.343684291673075E+01  0.000000000000000E+00  0.000000000000000E+00  0.000000000000000E+00  0.000000000000000E+00
  8.444809035871323E+01  0.000000000000000E+00  0.000000000000000E+00  0.000000000000000E+00  0.000000000000000E+00
  8.545884768262053E+01  0.000000000000000E+00  0.000000000000000E+00  0.000000000000000E+00  0.000000000000000E+00
  8.646912538311321E+01  0.000000000000000E+00  0.000000000000000E+00  0.000000000000000E+00  0.000000000000000E+00
  8.747893362819619E+01  0.000000000000000E+00  0.000000000000000E+00  0.000000000000000E+00  0.000000000000000E+00
  8.848828227306714E+01  0.000000000000000E+00  0.000000000000000E+00  0.000000000000000E+00  0.000000000000000E+00
  8.949718087321445E+01  0.000000000000000E+00  0.000000000000000E+00  0.000000000000000E+00  0.000000000000000E+00
  9.000146431371968E+01  0.000000000000000E+00  0.000000000000000E+00  0.000000000000000E+00  0.000000000000000E+00
  9.100970513805584E+01  0.000000000000000E+00  0.000000000000000E+00  0.000000000000000E+00  0.000000000000000E+00
  9.201751857491961E+01  0.000000000000000E+00  0.000000000000000E+00  0.000000000000000E+00  0.000000000000000E+00
  9.302491322425435E+01  0.000000000000000E+00  0.000000000000000E+00  0.000000000000000E+00  0.000000000000000E+00
  9.403189743719557E+01  0.000000000000000E+00  0.000000000000000E+00  0.000000000000000E+00  0.000000000000000E+00
  9.503847932583238E+01  0.000000000000000E+00  0.000000000000000E+00  0.000000000000000E+00  0.000000000000000E+00
  9.604466677247962E+01  0.000000000000000E+00  0.000000000000000E+00  0.000000000000000E+00  0.000000000000000E+00
  9.705046743849007E+01  0.000000000000000E+00  0.000000000000000E+00  0.000000000000000E+00  0.000000000000000E+00
  9.805588877263516E+01  0.000000000000000E+00  0.000000000000000E+00  0.000000000000000E+00  0.000000000000000E+00
  9.906093801907947E+01  0.000000000000000E+00  0.000000000000000E+00  0.000000000000000E+00  0.000000000000000E+00
  1.000656222249737E+02  0.000000000000000E+00  0.000000000000000E+00  0.000000000000000E+00  0.000000000000000E+00
  1.010699482476877E+02  0.000000000000000E+00  0.000000000000000E+00  0.000000000000000E+00  0.000000000000000E+00
  1.020739227617049E+02  0.000000000000000E+00  0.000000000000000E+00  0.000000000000000E+00  0.000000000000000E+00
  1.030775522651970E+02  0.000000000000000E+00  0.000000000000000E+00  0.000000000000000E+00  0.000000000000000E+00
  1.040808430862967E+02  0.000000000000000E+00  0.000000000000000E+00  0.000000000000000E+00  0.000000000000000E+00
  1.050838013890858E+02  0.000000000000000E+00  0.000000000000000E+00  0.000000000000000E+00  0.000000000000000E+00
  1.060864331793145E+02  0.000000000000000E+00  0.000000000000000E+00  0.000000000000000E+00  0.000000000000000E+00
  1.070887443098649E+02  0.000000000000000E+00  0.000000000000000E+00  0.000000000000000E+00  0.000000000000000E+00
  1.080907404859756E+02  0.000000000000000E+00  0.000000000000000E+00  0.000000000000000E+00  0.000000000000000E+00
  1.090924272702376E+02  0.000000000000000E+00  0.000000000000000E+00  0.000000000000000E+00  0.000000000000000E+00
  1.100938100873750E+02  0.000000000000000E+00  0.000000000000000E+00  0.000000000000000E+00  0.000000000000000E+00
  1.110948942288213E+02  0.000000000000000E+00  0.000000000000000E+00  0.000000000000000E+00  0.000000000000000E+00
  1.120956848571025E+02  0.000000000000000E+00  0.000000000000000E+00  0.000000000000000E+00  0.000000000000000E+00
  1.130961870100357E+02  0.000000000000000E+00  0.000000000000000E+00  0.000000000000000E+00  0.000000000000000E+00
  1.140964056047546E+02  0.000000000000000E+00  0.000000000000000E+00  0.000000000000000E+00  0.000000000000000E+00
  1.150963454415681E+02  0.000000000000000E+00  0.000000000000000E+00  0.000000000000000E+00  0.000000000000000E+00
  1.160960112076633E+02  0.000000000000000E+00  0.000000000000000E+00  0.000000000000000E+00  0.000000000000000E+00
  1.170954074806575E+02  0.000000000000000E+00  0.000000000000000E+00  0.000000000000000E+00  0.000000000000000E+00
  1.180945387320093E+02  0.000000000000000E+00  0.000000000000000E+00  0.000000000000000E+00  0.000000000000000E+00
  1.190934093302944E+02  0.000000000000000E+00  0.000000000000000E+00  0.000000000000000E+00  0.000000000000000E+00
  1.200920235443525E+02  0.000000000000000E+00  0.000000000000000E+00  0.000000000000000E+00  0.000000000000000E+00
  1.210903855463118E+02  0.000000000000000E+00  0.000000000000000E+00  0.000000000000000E+00  0.000000000000000E+00
  1.220884994144974E+02  0.000000000000000E+00  0.000000000000000E+00  0.000000000000000E+00  0.000000000000000E+00
  1.230863691362278E+02  0.000000000000000E+00  0.000000000000000E+00  0.000000000000000E+00  0.000000000000000E+00
  1.240839986105062E+02  0.000000000000000E+00  0.000000000000000E+00  0.000000000000000E+00  0.000000000000000E+00
  1.250813916506098E+02  0.000000000000000E+00  0.000000000000000E+00  0.000000000000000E+00  0.000000000000000E+00
  1.260785519865836E+02  0.000000000000000E+00  0.000000000000000E+00  0.000000000000000E+00  0.000000000000000E+00
  1.270754832676410E+02  0.000000000000000E+00  0.000000000000000E+00  0.000000000000000E+00  0.000000000000000E+00
  1.280721890644781E+02  0.000000000000000E+00  0.000000000000000E+00  0.000000000000000E+00  0.000000000000000E+00
  1.290686728715019E+02  0.000000000000000E+00  0.000000000000000E+00  0.000000000000000E+00  0.000000000000000E+00
  1.300649381089801E+02  0.000000000000000E+00  0.000000000000000E+00  0.000000000000000E+00  0.000000000000000E+00
  1.310609881251131E+02  0.000000000000000E+00  0.000000000000000E+00  0.000000000000000E+00  0.000000000000000E+00
  1.320568261980325E+02  0.000000000000000E+00  0.000000000000000E+00  0.000000000000000E+00  0.000000000000000E+00
  1.330524555377301E+02  0.000000000000000E+00  0.000000000000000E+00  0.000000000000000E+00  0.000000000000000E+00
  1.340478792879187E+02  0.000000000000000E+00  0.000000000000000E+00  0.000000000000000E+00  0.000000000000000E+00
  1.350431005278292E+02  0.000000000000000E+00  0.000000000000000E+00  0.000000000000000E+00  0.000000000000000E+00
  1.360381222739458E+02  0.000000000000000E+00  0.000000000000000E+00  0.000000000000000E+00  0.000000000000000E+00
  1.370329474816820E+02  0.000000000000000E+00  0.000000000000000E+00  0.000000000000000E+00  0.000000000000000E+00
  1.380275790469997E+02  0.000000000000000E+00  0.000000000000000E+00  0.000000000000000E+00  0.000000000000000E+00
  1.390220198079748E+02  0.000000000000000E+00  0.000000000000000E+00  0.000000000000000E+00  0.000000000000000E+00
  1.400162725463097E+02  0.000000000000000E+00  0.000000000000000E+00  0.000000000000000E+00  0.000000000000000E+00
  1.410103399887965E+02  0.000000000000000E+00  0.000000000000000E+00  0.000000000000000E+00  0.000000000000000E+00
  1.420042248087320E+02  0.000000000000000E+00  0.000000000000000E+00  0.000000000000000E+00  0.000000000000000E+00
  1.434947153412352E+02  0.000000000000000E+00  0.000000000000000E+00  0.000000000000000E+00  0.000000000000000E+00
  1.444881549616356E+02  0.000000000000000E+00  0.000000000000000E+00  0.000000000000000E+00  0.000000000000000E+00
  1.454814209141168E+02  0.000000000000000E+00  0.000000000000000E+00  0.000000000000000E+00  0.000000000000000E+00
  1.464745156475637E+02  0.000000000000000E+00  0.000000000000000E+00  0.000000000000000E+00  0.000000000000000E+00
  1.474674415643718E+02  0.000000000000000E+00  0.000000000000000E+00  0.000000000000000E+00  0.000000000000000E+00
  1.484602010215933E+02  0.000000000000000E+00  0.000000000000000E+00  0.000000000000000E+00  0.000000000000000E+00
  1.494527963320479E+02  0.000000000000000E+00  0.000000000000000E+00  0.000000000000000E+00  0.000000000000000E+00
  1.504452297653980E+02  0.000000000000000E+00  0.000000000000000E+00  0.000000000000000E+00  0.000000000000000E+00
  1.514375006439436E+02  0.000000000000000E+00  0.000000000000000E+00  0.000000000000000E+00  0.000000000000000E+00
  1.524295802514883E+02  0.000000000000000E+00  0.000000000000000E+00  0.000000000000000E+00  0.000000000000000E+00
  1.534214639132884E+02  0.000000000000000E+00  0.000000000000000E+00  0.000000000000000E+00  0.000000000000000E+00
  1.544131544121484E+02  0.000000000000000E+00  0.000000000000000E+00  0.000000000000000E+00  0.000000000000000E+00
  1.554046544772518E+02  0.000000000000000E+00  0.000000000000000E+00  0.000000000000000E+00  0.000000000000000E+00
  1.563959667855271E+02  0.000000000000000E+00  0.000000000000000E+00  0.000000000000000E+00  0.000000000000000E+00
  1.573870939629697E+02  0.000000000000000E+00  0.000000000000000E+00  0.000000000000000E+00  0.000000000000000E+00
  1.583780385859173E+02  0.000000000000000E+00  0.000000000000000E+00  0.000000000000000E+00  0.000000000000000E+00
  1.593688031822814E+02  0.000000000000000E+00  0.000000000000000E+00  0.000000000000000E+00  0.000000000000000E+00
  1.603593902327360E+02  0.000000000000000E+00  0.000000000000000E+00  0.000000000000000E+00  0.000000000000000E+00
  1.613498021718669E+02  0.000000000000000E+00  0.000000000000000E+00  0.000000000000000E+00  0.000000000000000E+00
  1.623400413892852E+02  0.000000000000000E+00  0.000000000000000E+00  0.000000000000000E+00  0.000000000000000E+00
  1.633301102307040E+02  0.000000000000000E+00  0.000000000000000E+00  0.000000000000000E+00  0.000000000000000E+00
  1.643200109989835E+02  0.000000000000000E+00  0.000000000000000E+00  0.000000000000000E+00  0.000000000000000E+00
  1.653097459551437E+02  0.000000000000000E+00  0.000000000000000E+00  0.000000000000000E+00  0.000000000000000E+00
  1.662993173193463E+02  0.000000000000000E+00  0.000000000000000E+00  0.000000000000000E+00  0.000000000000000E+00
  1.672887272718486E+02  0.000000000000000E+00  0.000000000000000E+00  0.000000000000000E+00  0.000000000000000E+00
  1.682779779539285E+02  0.000000000000000E+00  0.000000000000000E+00  0.000000000000000E+00  0.000000000000000E+00
  1.692670714687825E+02  0.000000000000000E+00  0.000000000000000E+00  0.000000000000000E+00  0.000000000000000E+00
  1.702560098823985E+02  0.000000000000000E+00  0.000000000000000E+00  0.000000000000000E+00  0.000000000000000E+00
  1.712447952244027E+02  0.000000000000000E+00  0.000000000000000E+00  0.000000000000000E+00  0.000000000000000E+00
  1.722334294888830E+02  0.000000000000000E+00  0.000000000000000E+00  0.000000000000000E+00  0.000000000000000E+00
  1.732219146351886E+02  0.000000000000000E+00  0.000000000000000E+00  0.000000000000000E+00  0.000000000000000E+00
  1.742102525887071E+02  0.000000000000000E+00  0.000000000000000E+00  0.000000000000000E+00  0.000000000000000E+00
  1.751984452416206E+02  0.000000000000000E+00  0.000000000000000E+00  0.000000000000000E+00  0.000000000000000E+00
  1.761864944536397E+02  0.000000000000000E+00  0.000000000000000E+00  0.000000000000000E+00  0.000000000000000E+00
  1.771744020527176E+02  0.000000000000000E+00  0.000000000000000E+00  0.000000000000000E+00  0.000000000000000E+00
  1.781621698357455E+02  0.000000000000000E+00  0.000000000000000E+00  0.000000000000000E+00  0.000000000000000E+00
  1.791497995692276E+02  0.000000000000000E+00  0.000000000000000E+00  0.000000000000000E+00  0.000000000000000E+00
  1.801372929899382E+02  0.000000000000000E+00  0.000000000000000E+00  0.000000000000000E+00  0.000000000000000E+00
  1.811246518055622E+02  0.000000000000000E+00  0.000000000000000E+00  0.000000000000000E+00  0.000000000000000E+00
  1.821118776953165E+02  0.000000000000000E+00  0.000000000000000E+00  0.000000000000000E+00  0.000000000000000E+00
  1.830989723105566E+02  0.000000000000000E+00  0.000000000000000E+00  0.000000000000000E+00  0.000000000000000E+00
  1.840859372753658E+02  0.000000000000000E+00  0.000000000000000E+00  0.000000000000000E+00  0.000000000000000E+00
  1.850727741871298E+02  0.000000000000000E+00  0.000000000000000E+00  0.000000000000000E+00  0.000000000000000E+00
  1.860594846170956E+02  0.000000000000000E+00  0.000000000000000E+00  0.000000000000000E+00  0.000000000000000E+00
  1.870460701109165E+02  0.000000000000000E+00  0.000000000000000E+00  0.000000000000000E+00  0.000000000000000E+00
  1.880325321891818E+02  0.000000000000000E+00  0.000000000000000E+00  0.000000000000000E+00  0.000000000000000E+00
  1.890188723479345E+02  0.000000000000000E+00  0.000000000000000E+00  0.000000000000000E+00  0.000000000000000E+00
  1.900050920591744E+02  0.000000000000000E+00  0.000000000000000E+00  0.000000000000000E+00  0.000000000000000E+00
  1.914841989491038E+02  0.000000000000000E+00  0.000000000000000E+00  0.000000000000000E+00  0.000000000000000E+00
  1.924701238281715E+02  0.000000000000000E+00  0.000000000000000E+00  0.000000000000000E+00  0.000000000000000E+00
  1.934559332293592E+02  0.000000000000000E+00  0.000000000000000E+00  0.000000000000000E+00  0.000000000000000E+00
  1.944416285223692E+02  0.000000000000000E+00  0.000000000000000E+00  0.000000000000000E+00  0.000000000000000E+00
  1.954272110554109E+02  0.000000000000000E+00  0.000000000000000E+00  0.000000000000000E+00  0.000000000000000E+00
  1.964126821556279E+02  0.000000000000000E+00  0.000000000000000E+00  0.000000000000000E+00  0.000000000000000E+00
  1.973980431295145E+02  0.000000000000000E+00  0.000000000000000E+00  0.000000000000000E+00  0.000000000000000E+00
  1.983832952633217E+02  0.000000000000000E+00  0.000000000000000E+00  0.000000000000000E+00  0.000000000000000E+00
  1.993684398234531E+02  0.000000000000000E+00  0.000000000000000E+00  0.000000000000000E+00  0.000000000000000E+00
  2.003534780568523E+02  0.000000000000000E+00  0.000000000000000E+00  0.000000000000000E+00  0.000000000000000E+00
  2.013384111913796E+02  0.000000000000000E+00  0.000000000000000E+00  0.000000000000000E+00  0.000000000000000E+00
  2.023232404361809E+02  0.000000000000000E+00  0.000000000000000E+00  0.000000000000000E+00  0.000000000000000E+00
  2.033079669820466E+02  0.000000000000000E+00  0.000000000000000E+00  0.000000000000000E+00  0.000000000000000E+00
  2.042925920017630E+02  0.000000000000000E+00  0.000000000000000E+00  0.000000000000000E+00  0.000000000000000E+00
  2.052771166504549E+02  0.000000000000000E+00  0.000000000000000E+00  0.000000000000000E+00  0.000000000000000E+00
  2.062615420659204E+02  0.000000000000000E+00  0.000000000000000E+00  0.000000000000000E+00  0.000000000000000E+00
  2.072458693689574E+02  0.000000000000000E+00  0.000000000000000E+00  0.000000000000000E+00  0.000000000000000E+00
  2.082300996636831E+02  0.000000000000000E+00  0.000000000000000E+00  0.000000000000000E+00  0.000000000000000E+00
  2.092142340378459E+02  0.000000000000000E+00  0.000000000000000E+00  0.000000000000000E+00  0.000000000000000E+00
  2.101982735631296E+02  0.000000000000000E+00  0.000000000000000E+00  0.000000000000000E+00  0.000000000000000E+00
  2.111822192954519E+02  0.000000000000000E+00  0.000000000000000E+00  0.000000000000000E+00  0.000000000000000E+00
  2.121660722752544E+02  0.000000000000000E+00  0.000000000000000E+00  0.000000000000000E+00  0.000000000000000E+00
  2.131498335277875E+02  0.000000000000000E+00  0.000000000000000E+00  0.000000000000000E+00  0.000000000000000E+00
  2.141335040633880E+02  0.000000000000000E+00  0.000000000000000E+00  0.000000000000000E+00  0.000000000000000E+00
  2.151170848777507E+02  0.000000000000000E+00  0.000000000000000E+00  0.000000000000000E+00  0.000000000000000E+00
  2.161005769521941E+02  0.000000000000000E+00  0.000000000000000E+00  0.000000000000000E+00  0.000000000000000E+00
  2.170839812539201E+02  0.000000000000000E+00  0.000000000000000E+00  0.000000000000000E+00  0.000000000000000E+00
  2.180672987362673E+02  0.000000000000000E+00  0.000000000000000E+00  0.000000000000000E+00  0.000000000000000E+00
  2.190505303389600E+02  0.000000000000000E+00  0.000000000000000E+00  0.000000000000000E+00  0.000000000000000E+00
  2.200336769883505E+02  0.000000000000000E+00  0.000000000000000E+00  0.000000000000000E+00  0.000000000000000E+00
  2.210167395976570E+02  0.000000000000000E+00  0.000000000000000E+00  0.000000000000000E+00  0.000000000000000E+00
  2.224911779024285E+02  0.000000000000000E+00  0.000000000000000E+00  0.000000000000000E+00  0.000000000000000E+00
  2.234740343227425E+02  0.000000000000000E+00  0.000000000000000E+00  0.000000000000000E+00  0.000000000000000E+00
  2.244568097991119E+02  0.000000000000000E+00  0.000000000000000E+00  0.000000000000000E+00  0.000000000000000E+00
  2.254395051884541E+02  0.000000000000000E+00  0.000000000000000E+00  0.000000000000000E+00  0.000000000000000E+00
  2.264221213357693E+02  0.000000000000000E+00  0.000000000000000E+00  0.000000000000000E+00  0.000000000000000E+00
  2.274046590743470E+02  0.000000000000000E+00  0.000000000000000E+00  0.000000000000000E+00  0.000000000000000E+00
  2.283871192259680E+02  0.000000000000000E+00  0.000000000000000E+00  0.000000000000000E+00  0.000000000000000E+00
  2.293695026011015E+02  0.000000000000000E+00  0.000000000000000E+00  0.000000000000000E+00  0.000000000000000E+00
  2.303518099990993E+02  0.000000000000000E+00  0.000000000000000E+00  0.000000000000000E+00  0.000000000000000E+00
  2.313340422083844E+02  0.000000000000000E+00  0.000000000000000E+00  0.000000000000000E+00  0.000000000000000E+00
  2.323162000066373E+02  0.000000000000000E+00  0.000000000000000E+00  0.000000000000000E+00  0.000000000000000E+00
  2.332982841609768E+02  0.000000000000000E+00  0.000000000000000E+00  0.000000000000000E+00  0.000000000000000E+00
  2.342802954281387E+02  0.000000000000000E+00  0.000000000000000E+00  0.000000000000000E+00  0.000000000000000E+00
  2.352622345546495E+02  0.000000000000000E+00  0.000000000000000E+00  0.000000000000000E+00  0.000000000000000E+00
  2.362441022769972E+02  0.000000000000000E+00  0.000000000000000E+00  0.000000000000000E+00  0.000000000000000E+00
  2.372258993217989E+02  0.000000000000000E+00  0.000000000000000E+00  0.000000000000000E+00  0.000000000000000E+00
  2.382076264059639E+02  0.000000000000000E+00  0.000000000000000E+00  0.000000000000000E+00  0.000000000000000E+00
  2.391892842368548E+02  0.000000000000000E+00  0.000000000000000E+00  0.000000000000000E+00  0.000000000000000E+00
  2.401708735124448E+02  0.000000000000000E+00  0.000000000000000E+00  0.000000000000000E+00  0.000000000000000E+00
  2.411523949214715E+02  0.000000000000000E+00  0.000000000000000E+00  0.000000000000000E+00  0.000000000000000E+00
  2.421338491435880E+02  0.000000000000000E+00  0.000000000000000E+00  0.000000000000000E+00  0.000000000000000E+00
  2.431152368495113E+02  0.000000000000000E+00  0.000000000000000E+00  0.000000000000000E+00  0.000000000000000E+00
  2.440965587011673E+02  0.000000000000000E+00  0.000000000000000E+00  0.000000000000000E+00  0.000000000000000E+00
  2.450778153518327E+02  0.000000000000000E+00  0.000000000000000E+00  0.000000000000000E+00  0.000000000000000E+00
  2.460590074462750E+02  0.000000000000000E+00  0.000000000000000E+00  0.000000000000000E+00  0.000000000000000E+00
  2.470401356208893E+02  0.000000000000000E+00  0.000000000000000E+00  0.000000000000000E+00  0.000000000000000E+00
  2.480212005038316E+02  0.000000000000000E+00  0.000000000000000E+00  0.000000000000000E+00  0.000000000000000E+00
  2.490022027151514E+02  0.000000000000000E+00  0.000000000000000E+00  0.000000000000000E+00  0.000000000000000E+00
  2.504735898595940E+02  0.000000000000000E+00  0.000000000000000E+00  0.000000000000000E+00  0.000000000000000E+00
  2.514544380525272E+02  0.000000000000000E+00  0.000000000000000E+00  0.000000000000000E+00  0.000000000000000E+00
  2.524352256820067E+02  0.000000000000000E+00  0.000000000000000E+00  0.000000000000000E+00  0.000000000000000E+00
  2.534159533331606E+02  0.000000000000000E+00  0.000000000000000E+00  0.000000000000000E+00  0.000000000000000E+00
  2.543966215836891E+02  0.000000000000000E+00  0.000000000000000E+00  0.000000000000000E+00  0.000000000000000E+00
  2.553772310039808E+02  0.000000000000000E+00  0.000000000000000E+00  0.000000000000000E+00  0.000000000000000E+00
  2.563577821572264E+02  0.000000000000000E+00  0.000000000000000E+00  0.000000000000000E+00  0.000000000000000E+00
  2.573382755995301E+02  0.000000000000000E+00  0.000000000000000E+00  0.000000000000000E+00  0.000000000000000E+00
  2.583187118800196E+02  0.000000000000000E+00  0.000000000000000E+00  0.000000000000000E+00  0.000000000000000E+00
  2.592990915409534E+02  0.000000000000000E+00  0.000000000000000E+00  0.000000000000000E+00  0.000000000000000E+00
  2.602794151178263E+02  0.000000000000000E+00  0.000000000000000E+00  0.000000000000000E+00  0.000000000000000E+00
  2.612596831394730E+02  0.000000000000000E+00  0.000000000000000E+00  0.000000000000000E+00  0.000000000000000E+00
  2.622398961281698E+02  0.000000000000000E+00  0.000000000000000E+00  0.000000000000000E+00  0.000000000000000E+00
  2.632200545997343E+02  0.000000000000000E+00  0.000000000000000E+00  0.000000000000000E+00  0.000000000000000E+00
  2.642001590636237E+02  0.000000000000000E+00  0.000000000000000E+00  0.000000000000000E+00  0.000000000000000E+00
  2.651802100230305E+02  0.000000000000000E+00  0.000000000000000E+00  0.000000000000000E+00  0.000000000000000E+00
  2.661602079749770E+02  0.000000000000000E+00  0.000000000000000E+00  0.000000000000000E+00  0.000000000000000E+00
  2.671401534104085E+02  0.000000000000000E+00  0.000000000000000E+00  0.000000000000000E+00  0.000000000000000E+00
  2.681200468142839E+02  0.000000000000000E+00  0.000000000000000E+00  0.000000000000000E+00  0.000000000000000E+00
  2.690998886656649E+02  0.000000000000000E+00  0.000000000000000E+00  0.000000000000000E+00  0.000000000000000E+00
  2.700796794378047E+02  0.000000000000000E+00  0.000000000000000E+00  0.000000000000000E+00  0.000000000000000E+00
  2.710594195982330E+02  0.000000000000000E+00  0.000000000000000E+00  0.000000000000000E+00  0.000000000000000E+00
  2.720391096088418E+02  0.000000000000000E+00  0.000000000000000E+00  0.000000000000000E+00  0.000000000000000E+00
  2.730187499259679E+02  0.000000000000000E+00  0.000000000000000E+00  0.000000000000000E+00  0.000000000000000E+00
  2.744881182111642E+02  0.000000000000000E+00  0.000000000000000E+00  0.000000000000000E+00  0.000000000000000E+00
  2.754676362553361E+02  0.000000000000000E+00  0.000000000000000E+00  0.000000000000000E+00  0.000000000000000E+00
  2.764471061606255E+02  0.000000000000000E+00  0.000000000000000E+00  0.000000000000000E+00  0.000000000000000E+00
  2.774265283593626E+02  0.000000000000000E+00  0.000000000000000E+00  0.000000000000000E+00  0.000000000000000E+00
  2.784059032787546E+02  0.000000000000000E+00  0.000000000000000E+00  0.000000000000000E+00  0.000000000000000E+00
  2.793852313409598E+02  0.000000000000000E+00  0.000000000000000E+00  0.000000000000000E+00  0.000000000000000E+00
  2.803645129631606E+02  0.000000000000000E+00  0.000000000000000E+00  0.000000000000000E+00  0.000000000000000E+00
  2.813437485576351E+02  0.000000000000000E+00  0.000000000000000E+00  0.000000000000000E+00  0.000000000000000E+00
  2.823229385318276E+02  0.000000000000000E+00  0.000000000000000E+00  0.000000000000000E+00  0.000000000000000E+00
  2.833020832884172E+02  0.000000000000000E+00  0.000000000000000E+00  0.000000000000000E+00  0.000000000000000E+00
  2.842811832253868E+02  0.000000000000000E+00  0.000000000000000E+00  0.000000000000000E+00  0.000000000000000E+00
  2.852602387360888E+02  0.000000000000000E+00  0.000000000000000E+00  0.000000000000000E+00  0.000000000000000E+00
  2.862392502093116E+02  0.000000000000000E+00  0.000000000000000E+00  0.000000000000000E+00  0.000000000000000E+00
  2.872182180293439E+02  0.000000000000000E+00  0.000000000000000E+00  0.000000000000000E+00  0.000000000000000E+00
  2.881971407918986E+02  0.000000000000000E+00  0.000000000000000E+00  0.000000000000000E+00  0.000000000000000E+00
  2.891760122936668E+02  0.000000000000000E+00  0.000000000000000E+00  0.000000000000000E+00  0.000000000000000E+00
  2.901548325661428E+02  0.000000000000000E+00  0.000000000000000E+00  0.000000000000000E+00  0.000000000000000E+00
  2.911336020582598E+02  0.000000000000000E+00  0.000000000000000E+00  0.000000000000000E+00  0.000000000000000E+00
  2.921123212137189E+02  0.000000000000000E+00  0.000000000000000E+00  0.000000000000000E+00  0.000000000000000E+00
  2.930909904710645E+02  0.000000000000000E+00  0.000000000000000E+00  0.000000000000000E+00  0.000000000000000E+00
  2.940696102637581E+02  0.000000000000000E+00  0.000000000000000E+00  0.000000000000000E+00  0.000000000000000E+00
  2.950481810202510E+02  0.000000000000000E+00  0.000000000000000E+00  0.000000000000000E+00  0.000000000000000E+00
  2.960267031640554E+02  0.000000000000000E+00  0.000000000000000E+00  0.000000000000000E+00  0.000000000000000E+00
  2.970051771138150E+02  0.000000000000000E+00  0.000000000000000E+00  0.000000000000000E+00  0.000000000000000E+00
  2.984727985786078E+02  0.000000000000000E+00  0.000000000000000E+00  0.000000000000000E+00  0.000000000000000E+00
  2.994511538434876E+02  0.000000000000000E+00  0.000000000000000E+00  0.000000000000000E+00  0.000000000000000E+00
  3.004294623422162E+02  0.000000000000000E+00  0.000000000000000E+00  0.000000000000000E+00  0.000000000000000E+00
  3.014077244723614E+02  0.000000000000000E+00  0.000000000000000E+00  0.000000000000000E+00  0.000000000000000E+00
  3.023859406269860E+02  0.000000000000000E+00  0.000000000000000E+00  0.000000000000000E+00  0.000000000000000E+00
  3.033641101735927E+02  0.000000000000000E+00  0.000000000000000E+00  0.000000000000000E+00  0.000000000000000E+00
  3.043422269448860E+02  0.000000000000000E+00  0.000000000000000E+00  0.000000000000000E+00  0.000000000000000E+00
  3.053202902241640E+02  0.000000000000000E+00  0.000000000000000E+00  0.000000000000000E+00  0.000000000000000E+00
  3.062983004655542E+02  0.000000000000000E+00  0.000000000000000E+00  0.000000000000000E+00  0.000000000000000E+00
  3.072762581180151E+02  0.000000000000000E+00  0.000000000000000E+00  0.000000000000000E+00  0.000000000000000E+00
  3.082541636254078E+02  0.000000000000000E+00  0.000000000000000E+00  0.000000000000000E+00  0.000000000000000E+00
  3.092320174265683E+02  0.000000000000000E+00  0.000000000000000E+00  0.000000000000000E+00  0.000000000000000E+00
  3.102098161354908E+02  0.000000000000000E+00  0.000000000000000E+00  0.000000000000000E+00  0.000000000000000E+00
  3.111875546414991E+02  0.000000000000000E+00  0.000000000000000E+00  0.000000000000000E+00  0.000000000000000E+00
  3.121652334526884E+02  0.000000000000000E+00  0.000000000000000E+00  0.000000000000000E+00  0.000000000000000E+00
  3.131428530713672E+02  0.000000000000000E+00  0.000000000000000E+00  0.000000000000000E+00  0.000000000000000E+00
  3.141204139941400E+02  0.000000000000000E+00  0.000000000000000E+00  0.000000000000000E+00  0.000000000000000E+00
  3.150979167119872E+02  0.000000000000000E+00  0.000000000000000E+00  0.000000000000000E+00  0.000000000000000E+00
  3.160753615418438E+02  0.000000000000000E+00  0.000000000000000E+00  0.000000000000000E+00  0.000000000000000E+00
  3.170527414210852E+02  0.000000000000000E+00  0.000000000000000E+00  0.000000000000000E+00  0.000000000000000E+00
  3.180300545530558E+02  0.000000000000000E+00  0.000000000000000E+00  0.000000000000000E+00  0.000000000000000E+00
  3.190073014954083E+02  0.000000000000000E+00  0.000000000000000E+00  0.000000000000000E+00  0.000000000000000E+00
  3.204730490077147E+02  0.000000000000000E+00  0.000000000000000E+00  0.000000000000000E+00  0.000000000000000E+00
  3.214501328744373E+02  0.000000000000000E+00  0.000000000000000E+00  0.000000000000000E+00  0.000000000000000E+00
  3.224271524540677E+02  0.000000000000000E+00  0.000000000000000E+00  0.000000000000000E+00  0.000000000000000E+00
  3.234041049961996E+02  0.000000000000000E+00  0.000000000000000E+00  0.000000000000000E+00  0.000000000000000E+00
  3.243809836400478E+02  0.000000000000000E+00  0.000000000000000E+00  0.000000000000000E+00  0.000000000000000E+00
  3.253577889971659E+02  0.000000000000000E+00  0.000000000000000E+00  0.000000000000000E+00  0.000000000000000E+00
  3.263345216721834E+02  0.000000000000000E+00  0.000000000000000E+00  0.000000000000000E+00  0.000000000000000E+00
  3.273111822629044E+02  0.000000000000000E+00  0.000000000000000E+00  0.000000000000000E+00  0.000000000000000E+00
  3.282877713604040E+02  0.000000000000000E+00  0.000000000000000E+00  0.000000000000000E+00  0.000000000000000E+00
  3.292642895491227E+02  0.000000000000000E+00  0.000000000000000E+00  0.000000000000000E+00  0.000000000000000E+00
  3.302407364507876E+02  0.000000000000000E+00  0.000000000000000E+00  0.000000000000000E+00  0.000000000000000E+00
  3.312171041631216E+02  0.000000000000000E+00  0.000000000000000E+00  0.000000000000000E+00  0.000000000000000E+00
  3.321933914644151E+02  0.000000000000000E+00  0.000000000000000E+00  0.000000000000000E+00  0.000000000000000E+00
  3.331695990103582E+02  0.000000000000000E+00  0.000000000000000E+00  0.000000000000000E+00  0.000000000000000E+00
  3.341457274492706E+02  0.000000000000000E+00  0.000000000000000E+00  0.000000000000000E+00  0.000000000000000E+00
  3.351217774222060E+02  0.000000000000000E+00  0.000000000000000E+00  0.000000000000000E+00  0.000000000000000E+00
  3.360977495630542E+02  0.000000000000000E+00  0.000000000000000E+00  0.000000000000000E+00  0.000000000000000E+00
  3.370736444986421E+02  0.000000000000000E+00  0.000000000000000E+00  0.000000000000000E+00  0.000000000000000E+00
  3.380494609298364E+02  0.000000000000000E+00  0.000000000000000E+00  0.000000000000000E+00  0.000000000000000E+00
  3.390251905783908E+02  0.000000000000000E+00  0.000000000000000E+00  0.000000000000000E+00  0.000000000000000E+00
  3.400008330902153E+02  0.000000000000000E+00  0.000000000000000E+00  0.000000000000000E+00  0.000000000000000E+00
  3.414641350052296E+02  0.000000000000000E+00  0.000000000000000E+00  0.000000000000000E+00  0.000000000000000E+00
  3.424395627197479E+02  0.000000000000000E+00  0.000000000000000E+00  0.000000000000000E+00  0.000000000000000E+00
  3.434149057128715E+02  0.000000000000000E+00  0.000000000000000E+00  0.000000000000000E+00  0.000000000000000E+00
  3.443901646575368E+02  0.000000000000000E+00  0.000000000000000E+00  0.000000000000000E+00  0.000000000000000E+00
  3.453653402192486E+02  0.000000000000000E+00  0.000000000000000E+00  0.000000000000000E+00  0.000000000000000E+00
  3.463404301466330E+02  0.000000000000000E+00  0.000000000000000E+00  0.000000000000000E+00  0.000000000000000E+00
  3.473154258209200E+02  0.000000000000000E+00  0.000000000000000E+00  0.000000000000000E+00  0.000000000000000E+00
  3.482903277923153E+02  0.000000000000000E+00  0.000000000000000E+00  0.000000000000000E+00  0.000000000000000E+00
  3.492651368005920E+02  0.000000000000000E+00  0.000000000000000E+00  0.000000000000000E+00  0.000000000000000E+00
  3.502398535773434E+02  0.000000000000000E+00  0.000000000000000E+00  0.000000000000000E+00  0.000000000000000E+00
  3.512144788460971E+02  0.000000000000000E+00  0.000000000000000E+00  0.000000000000000E+00  0.000000000000000E+00
  3.521890133224275E+02  0.000000000000000E+00  0.000000000000000E+00  0.000000000000000E+00  0.000000000000000E+00
  3.531634577140669E+02  0.000000000000000E+00  0.000000000000000E+00  0.000000000000000E+00  0.000000000000000E+00
  3.541378127210132E+02  0.000000000000000E+00  0.000000000000000E+00  0.000000000000000E+00  0.000000000000000E+00
  3.551120750737041E+02  0.000000000000000E+00  0.000000000000000E+00  0.000000000000000E+00  0.000000000000000E+00
  3.560862365946298E+02  0.000000000000000E+00  0.000000000000000E+00  0.000000000000000E+00  0.000000000000000E+00
  3.570602980675605E+02  0.000000000000000E+00  0.000000000000000E+00  0.000000000000000E+00  0.000000000000000E+00
  3.580342602676637E+02  0.000000000000000E+00  0.000000000000000E+00  0.000000000000000E+00  0.000000000000000E+00
  3.590081239616247E+02  0.000000000000000E+00  0.000000000000000E+00  0.000000000000000E+00  0.000000000000000E+00
  3.604687364601182E+02  0.000000000000000E+00  0.000000000000000E+00  0.000000000000000E+00  0.000000000000000E+00
  3.614423571883661E+02  0.000000000000000E+00  0.000000000000000E+00  0.000000000000000E+00  0.000000000000000E+00
  3.624158820287572E+02  0.000000000000000E+00  0.000000000000000E+00  0.000000000000000E+00  0.000000000000000E+00
  3.633893117112368E+02  0.000000000000000E+00  0.000000000000000E+00  0.000000000000000E+00  0.000000000000000E+00
  3.643626431084888E+02  0.000000000000000E+00  0.000000000000000E+00  0.000000000000000E+00  0.000000000000000E+00
  3.653358675753701E+02  0.000000000000000E+00  0.000000000000000E+00  0.000000000000000E+00  0.000000000000000E+00
  3.663089859263260E+02  0.000000000000000E+00  0.000000000000000E+00  0.000000000000000E+00  0.000000000000000E+00
  3.672819989669683E+02  0.000000000000000E+00  0.000000000000000E+00  0.000000000000000E+00  0.000000000000000E+00
  3.682549074941967E+02  0.000000000000000E+00  0.000000000000000E+00  0.000000000000000E+00  0.000000000000000E+00
  3.692277122963204E+02  0.000000000000000E+00  0.000000000000000E+00  0.000000000000000E+00  0.000000000000000E+00
  3.702004141531747E+02  0.000000000000000E+00  0.000000000000000E+00  0.000000000000000E+00  0.000000000000000E+00
  3.711730138362383E+02  0.000000000000000E+00  0.000000000000000E+00  0.000000000000000E+00  0.000000000000000E+00
  3.721455121087463E+02  0.000000000000000E+00  0.000000000000000E+00  0.000000000000000E+00  0.000000000000000E+00
  3.731179097258023E+02  0.000000000000000E+00  0.000000000000000E+00  0.000000000000000E+00  0.000000000000000E+00
  3.740902049528772E+02  0.000000000000000E+00  0.000000000000000E+00  0.000000000000000E+00  0.000000000000000E+00
  3.750623883971203E+02  0.000000000000000E+00  0.000000000000000E+00  0.000000000000000E+00  0.000000000000000E+00
  3.760344599844463E+02  0.000000000000000E+00  0.000000000000000E+00  0.000000000000000E+00  0.000000000000000E+00
  3.770064205457269E+02  0.000000000000000E+00  0.000000000000000E+00  0.000000000000000E+00  0.000000000000000E+00
  3.784641550095537E+02  0.000000000000000E+00  0.000000000000000E+00  0.000000000000000E+00  0.000000000000000E+00
  3.794358415828934E+02  0.000000000000000E+00  0.000000000000000E+00  0.000000000000000E+00  0.000000000000000E+00
  3.804074199692020E+02  0.000000000000000E+00  0.000000000000000E+00  0.000000000000000E+00  0.000000000000000E+00
  3.813788909603905E+02  0.000000000000000E+00  0.000000000000000E+00  0.000000000000000E+00  0.000000000000000E+00
  3.823502553400320E+02  0.000000000000000E+00  0.000000000000000E+00  0.000000000000000E+00  0.000000000000000E+00
  3.833215138834734E+02  0.000000000000000E+00  0.000000000000000E+00  0.000000000000000E+00  0.000000000000000E+00
  3.842926673579447E+02  0.000000000000000E+00  0.000000000000000E+00  0.000000000000000E+00  0.000000000000000E+00
  3.852637064360874E+02  0.000000000000000E+00  0.000000000000000E+00  0.000000000000000E+00  0.000000000000000E+00
  3.862346282859526E+02  0.000000000000000E+00  0.000000000000000E+00  0.000000000000000E+00  0.000000000000000E+00
  3.872054337583772E+02  0.000000000000000E+00  0.000000000000000E+00  0.000000000000000E+00  0.000000000000000E+00
  3.881761236952480E+02  0.000000000000000E+00  0.000000000000000E+00  0.000000000000000E+00  0.000000000000000E+00
  3.891466989296228E+02  0.000000000000000E+00  0.000000000000000E+00  0.000000000000000E+00  0.000000000000000E+00
  3.901171602858495E+02  0.000000000000000E+00  0.000000000000000E+00  0.000000000000000E+00  0.000000000000000E+00
  3.910875085796832E+02  0.000000000000000E+00  0.000000000000000E+00  0.000000000000000E+00  0.000000000000000E+00
  3.920577446184002E+02  0.000000000000000E+00  0.000000000000000E+00  0.000000000000000E+00  0.000000000000000E+00
  3.930278692009117E+02  0.000000000000000E+00  0.000000000000000E+00  0.000000000000000E+00  0.000000000000000E+00
  3.944828488216235E+02  0.000000000000000E+00  0.000000000000000E+00  0.000000000000000E+00  0.000000000000000E+00
  3.954526982049524E+02  0.000000000000000E+00  0.000000000000000E+00  0.000000000000000E+00  0.000000000000000E+00
  3.964224306530809E+02  0.000000000000000E+00  0.000000000000000E+00  0.000000000000000E+00  0.000000000000000E+00
  3.973920413401837E+02  0.000000000000000E+00  0.000000000000000E+00  0.000000000000000E+00  0.000000000000000E+00
  3.983615311272731E+02  0.000000000000000E+00  0.000000000000000E+00  0.000000000000000E+00  0.000000000000000E+00
  3.993309008664584E+02  0.000000000000000E+00  0.000000000000000E+00  0.000000000000000E+00  0.000000000000000E+00
  4.003001514010641E+02  0.000000000000000E+00  0.000000000000000E+00  0.000000000000000E+00  0.000000000000000E+00
  4.012692835657471E+02  0.000000000000000E+00  0.000000000000000E+00  0.000000000000000E+00  0.000000000000000E+00
  4.022382981866112E+02  0.000000000000000E+00  0.000000000000000E+00  0.000000000000000E+00  0.000000000000000E+00
  4.032071960813196E+02  0.000000000000000E+00  0.000000000000000E+00  0.000000000000000E+00  0.000000000000000E+00
  4.041759780592062E+02  0.000000000000000E+00  0.000000000000000E+00  0.000000000000000E+00  0.000000000000000E+00
  4.051446449213838E+02  0.000000000000000E+00  0.000000000000000E+00  0.000000000000000E+00  0.000000000000000E+00
  4.061131974608514E+02  0.000000000000000E+00  0.000000000000000E+00  0.000000000000000E+00  0.000000000000000E+00
  4.070816364625998E+02  0.000000000000000E+00  0.000000000000000E+00  0.000000000000000E+00  0.000000000000000E+00
  4.080499599855272E+02  0.000000000000000E+00  0.000000000000000E+00  0.000000000000000E+00  0.000000000000000E+00
  4.090181584146169E+02  0.000000000000000E+00  0.000000000000000E+00  0.000000000000000E+00  0.000000000000000E+00
  4.104702219729778E+02  0.000000000000000E+00  0.000000000000000E+00  0.000000000000000E+00  0.000000000000000E+00
  4.114381095354124E+02  0.000000000000000E+00  0.000000000000000E+00  0.000000000000000E+00  0.000000000000000E+00
  4.124058742362908E+02  0.000000000000000E+00  0.000000000000000E+00  0.000000000000000E+00  0.000000000000000E+00
  4.133735169114180E+02  0.000000000000000E+00  0.000000000000000E+00  0.000000000000000E+00  0.000000000000000E+00
  4.143410383882008E+02  0.000000000000000E+00  0.000000000000000E+00  0.000000000000000E+00  0.000000000000000E+00
  4.153084394857566E+02  0.000000000000000E+00  0.000000000000000E+00  0.000000000000000E+00  0.000000000000000E+00
  4.162757210150202E+02  0.000000000000000E+00  0.000000000000000E+00  0.000000000000000E+00  0.000000000000000E+00
  4.172428837788494E+02  0.000000000000000E+00  0.000000000000000E+00  0.000000000000000E+00  0.000000000000000E+00
  4.182099285721280E+02  0.000000000000000E+00  0.000000000000000E+00  0.000000000000000E+00  0.000000000000000E+00
  4.191768561818678E+02  0.000000000000000E+00  0.000000000000000E+00  0.000000000000000E+00  0.000000000000000E+00
  4.201436673873089E+02  0.000000000000000E+00  0.000000000000000E+00  0.000000000000000E+00  0.000000000000000E+00
  4.211103583764004E+02  0.000000000000000E+00  0.000000000000000E+00  0.000000000000000E+00  0.000000000000000E+00
  4.220769207345064E+02  0.000000000000000E+00  0.000000000000000E+00  0.000000000000000E+00  0.000000000000000E+00
  4.230433553193313E+02  0.000000000000000E+00  0.000000000000000E+00  0.000000000000000E+00  0.000000000000000E+00
  4.240096629800613E+02  0.000000000000000E+00  0.000000000000000E+00  0.000000000000000E+00  0.000000000000000E+00
  4.254588883254081E+02  3.108551000836360E+00  0.000000000000000E+00  0.000000000000000E+00  0.000000000000000E+00
  4.264248823361773E+02  3.108551000836360E+00  0.000000000000000E+00  0.000000000000000E+00  0.000000000000000E+00
  4.273907523294929E+02  3.108551000836360E+00  0.000000000000000E+00  0.000000000000000E+00  0.000000000000000E+00
  4.283564991175425E+02  3.108551000836360E+00  0.000000000000000E+00  0.000000000000000E+00  0.000000000000000E+00
  4.293221235045773E+02  3.108551000836360E+00  0.000000000000000E+00  0.000000000000000E+00  0.000000000000000E+00
  4.302876262870121E+02  3.108551000836360E+00  0.000000000000000E+00  0.000000000000000E+00  0.000000000000000E+00
  4.312530082535236E+02  3.108551000836360E+00  0.000000000000000E+00  0.000000000000000E+00  0.000000000000000E+00
  4.322182701851476E+02  3.108551000836360E+00  0.000000000000000E+00  0.000000000000000E+00  0.000000000000000E+00
  4.331834128553742E+02  3.108551000836360E+00  0.000000000000000E+00  0.000000000000000E+00  0.000000000000000E+00
  4.341484370302417E+02  3.108551000836360E+00  3.827029921087618E-13 -1.064411820311208E-38  0.000000000000000E+00
  4.351133350509409E+02  3.108551000836361E+00  1.335041911982094E-12 -2.287992336173081E-37  0.000000000000000E+00
  4.360781025265297E+02  3.108551000836365E+00  4.429803727754881E-12 -5.060145899165671E-37  0.000000000000000E+00
  4.370427402982770E+02  3.108551000836380E+00  1.400237948791888E-11  2.114668688258986E-37  0.000000000000000E+00
  4.380072491992991E+02  3.108551000836440E+00  4.221003233961116E-11 -1.595471399635720E-35  0.000000000000000E+00
  4.394537727208803E+02  3.108551000836905E+00  2.026270771493184E-10 -3.573891330400753E-34  0.000000000000000E+00
  4.404179630373974E+02  3.108551000838190E+00  5.455042414144208E-10  5.781125857254307E-33  0.000000000000000E+00
  4.413820273363665E+02  3.108551000842210E+00  1.407828611376751E-09  2.606158916097769E-32  0.000000000000000E+00
  4.423459664154667E+02  3.108551000854176E+00  3.490098553229018E-09 -3.836893778253784E-31  0.000000000000000E+00
  4.433097810647695E+02  3.108551000888185E+00  8.328766424181958E-09 -1.040258701433361E-31  0.000000000000000E+00
  4.442734720668330E+02  3.108551000980711E+00  1.917309462943201E-08 -3.512620110682754E-31  0.000000000000000E+00
  4.452370401967940E+02  3.108551001222241E+00  4.266021316619086E-08  8.946900585774410E-31  0.000000000000000E+00
  4.462004862224591E+02  3.108551001828120E+00  9.185115478272989E-08 -2.699658094372272E-29  0.000000000000000E+00
  4.471638109043943E+02  3.108551003289582E+00  1.914753812165048E-07 -8.920756055461720E-30  0.000000000000000E+00
  4.481270149960127E+02  3.108551006681287E+00  3.866641495814804E-07  3.597425694482048E-28  0.000000000000000E+00
  4.490900978710969E+02  3.108551014261144E+00  7.569921784132241E-07 -6.704751892874136E-28  0.000000000000000E+00
  4.500530502596080E+02  3.108551030594434E+00  1.438343280669245E-06  2.010144824238929E-27  0.000000000000000E+00
  4.510158710076821E+02  3.108551064584730E+00  2.655986499609193E-06 -9.506436709431223E-28  0.000000000000000E+00
  4.524598570909443E+02  3.108551188960898E+00  6.337243484896304E-06  8.843764896117216E-27  0.000000000000000E+00
  4.534223522992382E+02  3.108551373454578E+00  1.096595130330860E-05 -6.754879218901113E-26  0.000000000000000E+00
  4.543847186960762E+02  3.108551718164429E+00  1.853570290677528E-05 -1.424948838868745E-25  0.000000000000000E+00
  4.553469570727295E+02  3.108552345034287E+00  3.063974819225653E-05  1.412974790994922E-25  0.000000000000000E+00
  4.563090682130793E+02  3.108553454754067E+00  4.952637538037793E-05  4.228725695944848E-25  0.000000000000000E+00
  4.572710528937053E+02  3.108555366572506E+00  7.827504729314155E-05 -5.023877656420521E-24  0.000000000000000E+00
  4.582329118839750E+02  3.108558573029000E+00  1.210058137937350E-04 -4.201724121135370E-24  0.000000000000000E+00
  4.591946459461299E+02  3.108563813194889E+00  1.831145989016150E-04 -5.791720974206275E-27  0.000000000000000E+00
  4.601562558353717E+02  3.108572168387201E+00  2.715328530554347E-04 -1.542589122754798E-23  0.000000000000000E+00
  4.611177422999458E+02  3.108585184474992E+00  3.950064419646519E-04 -2.834330406419062E-23  0.000000000000000E+00
  4.620791060812251E+02  3.108605024779218E+00  5.643855061027287E-04  9.014728396376560E-25  0.000000000000000E+00
  4.630403479137909E+02  3.108634657058330E+00  7.929135064815750E-04 -7.927059121558580E-23  0.000000000000000E+00
  4.640014685255142E+02  3.108678077051619E+00  1.096500022205041E-03 -7.181680689127869E-23  0.000000000000000E+00
  4.654429128620716E+02  3.108781012890165E+00  1.733502509250004E-03  3.705367449379511E-22  0.000000000000000E+00
  4.664037101179319E+02  3.108885136415406E+00  2.304405376017392E-03 -4.022517670058551E-22  0.000000000000000E+00
  4.673643757911276E+02  3.109027802826211E+00  3.013000644982825E-03  2.396499400196329E-21  0.000000000000000E+00
  4.683249106667326E+02  3.109219539077684E+00  3.878645639050333E-03  1.973363097819815E-21  0.000000000000000E+00
  4.692853155226350E+02  3.109472659658850E+00  4.921836763657494E-03  1.014415015657593E-21  0.000000000000000E+00
  4.702455911296225E+02  3.109801390830401E+00  6.164110148724493E-03  5.281243030160027E-22  0.000000000000000E+00
  4.712057382514676E+02  3.110221968308047E+00  7.627881628871536E-03 -1.142369943489559E-22  0.000000000000000E+00
  4.721657576450104E+02  3.110752697749041E+00  9.336231534605268E-03 -5.006142013319534E-21  0.000000000000000E+00
  4.731256500602408E+02  3.111413966363961E+00  1.131263617990764E-02  8.783387889034403E-21  0.000000000000000E+00
  4.740854162403792E+02  3.112228193669728E+00  1.358065110644458E-02 -1.814454926714403E-20  0.000000000000000E+00
  4.750450569219560E+02  3.113219709918820E+00  1.616355436708782E-02 -2.868390317101910E-22  0.000000000000000E+00
  4.760045728348898E+02  3.114407836343494E+00  1.898351813623095E-02  2.869368819730765E-20  0.000000000000000E+00
  4.774436143437190E+02  3.116581656024779E+00  2.358821737467943E-02  3.557434851507552E-20  0.000000000000000E+00
  4.784028214857423E+02  3.118309944463734E+00  2.694977197574863E-02  3.908312130287655E-21  0.000000000000000E+00
  4.793619063628732E+02  3.120276836263700E+00  3.056539055765584E-02  5.658442029529937E-20  0.000000000000000E+00
  4.803208696762158E+02  3.122495761721554E+00  3.445072239976494E-02 -8.619878782790000E-20  0.000000000000000E+00
  4.812797096548501E+02  3.124980036173568E+00  3.862008863759692E-02 -7.620408515130173E-20  0.000000000000000E+00
  4.822384175508554E+02  3.127742521970890E+00  4.308627998075333E-02 -1.801692069771998E-19  0.000000000000000E+00
  4.831969934358753E+02  3.130795339787224E+00  4.786040518544123E-02 -8.411571929255345E-20  0.000000000000000E+00
  4.841554380683055E+02  3.134149518690343E+00  5.295171396247870E-02 -8.509226633453119E-20  0.000000000000000E+00
  4.851137521997918E+02  3.137814664363779E+00  5.836743930348567E-02  2.552552512892312E-19  0.000000000000000E+00
  4.860719365753085E+02  3.141709444115836E+00  6.374574094996700E-02 -3.263172518021874E-20  0.000000000000000E+00
  4.870299919332363E+02  3.145636363208237E+00  6.917814403345655E-02 -6.484338263088940E-20  0.000000000000000E+00
  4.884668346613368E+02  3.151727691710523E+00  7.817116914688194E-02  3.491045709135527E-19  0.000000000000000E+00
  4.894245706631234E+02  3.155964380815728E+00  8.463222419244383E-02  3.225276370573282E-20  0.000000000000000E+00
  4.903821801808210E+02  3.160363483139085E+00  9.143211909298336E-02  2.433520360240108E-19  0.000000000000000E+00
  4.913396639240676E+02  3.164937846098157E+00  9.855557683269467E-02  9.889959737146132E-19  0.000000000000000E+00
  4.922970225963138E+02  3.169696452000396E+00  1.059900700885893E-01  3.070244220403257E-19  0.000000000000000E+00
  4.932542568948928E+02  3.174645008655979E+00  1.137233096523271E-01 -8.227035704396698E-19  0.000000000000000E+00
  4.942113675110903E+02  3.179786339503770E+00  1.217423888349393E-01 -3.141934868577279E-19  0.000000000000000E+00
  4.951683551302123E+02  3.185120683036177E+00  1.300335116094794E-01  7.186089870380824E-20  0.000000000000000E+00
  4.961252204316527E+02  3.190645950253191E+00  1.385819517525634E-01 -1.230322419472162E-18  0.000000000000000E+00
  4.970819640889598E+02  3.196488848731639E+00  1.475470120556839E-01 -1.937364822254895E-18  0.000000000000000E+00
  4.980385867699015E+02  3.202798412799088E+00  1.567860789998020E-01 -7.281169969128116E-19  0.000000000000000E+00
  4.994732829455110E+02  3.212988258896208E+00  1.709322994087594E-01 -4.546161824655479E-19  0.000000000000000E+00
  5.004295826550048E+02  3.220217808913003E+00  1.805634959287548E-01 -2.285563377037735E-18  0.000000000000000E+00
  5.013857516843355E+02  3.227767940384063E+00  1.903489570911094E-01 -7.438410632307898E-19  0.000000000000000E+00
  5.023417907515246E+02  3.235617938515629E+00  2.002759472202300E-01 -1.271226926994848E-18  0.000000000000000E+00
  5.032977005684177E+02  3.243748826209165E+00  2.103286787780542E-01  3.403498637097092E-19  0.000000000000000E+00
  5.042534818407548E+02  3.252142649628923E+00  2.204899341275861E-01  1.376016453322314E-18  0.000000000000000E+00
  5.052091352682386E+02  3.260782052611236E+00  2.307419184858291E-01  3.297566195063946E-18  0.000000000000000E+00
  5.061646615446026E+02  3.269650016293860E+00  2.410667570196550E-01  1.140928809105677E-18  0.000000000000000E+00
  5.071200613576777E+02  3.278729702096386E+00  2.514468171035952E-01 -1.733558652903245E-18  0.000000000000000E+00
  5.080753353894584E+02  3.288005508203263E+00  2.618645680895110E-01 -2.112943405506070E-18  0.000000000000000E+00
  5.090304843161672E+02  3.297475630934533E+00  2.722958395249427E-01 -8.843548317239784E-19  0.000000000000000E+00
  5.104629745994266E+02  3.312042496281446E+00  2.879156555403121E-01 -1.864058455208565E-18  0.000000000000000E+00
  5.114178136846272E+02  3.321984694669633E+00  2.982839688290709E-01 -2.725015901308834E-18  0.000000000000000E+00
  5.123725299869981E+02  3.332100014945892E+00  3.085980711445931E-01  8.942085546839392E-20  0.000000000000000E+00
  5.133271241575676E+02  3.342376688986318E+00  3.188439280637043E-01 -1.717414829487204E-18  0.000000000000000E+00
  5.142815968419334E+02  3.352802013233626E+00  3.290086691787212E-01  3.177350580344957E-18  0.000000000000000E+00
  5.152359486803215E+02  3.363362738425400E+00  3.390804972015123E-01  1.066318930161099E-18  0.000000000000000E+00
  5.161901803076448E+02  3.374045344344315E+00  3.490486466270142E-01  4.329793238930895E-18  0.000000000000000E+00
  5.171442898854594E+02  3.384836209436229E+00  3.589033411681359E-01  3.930311800057192E-18  0.000000000000000E+00
  5.180982693270913E+02  3.395721710467305E+00  3.686357414360397E-01  3.278424667382985E-18  0.000000000000000E+00
  5.190521188753753E+02  3.406688493968403E+00  3.782380484442981E-01  3.955779153060877E-18  0.000000000000000E+00
  5.200058392149014E+02  3.417723757485608E+00  3.877030597392115E-01 -7.165572851694046E-18  0.000000000000000E+00
  5.214361789412922E+02  3.434381162432091E+00  4.016258823540253E-01  2.149866694229514E-18  0.000000000000000E+00
  5.223895792167372E+02  3.445541807308829E+00  4.107137078293587E-01 -2.998521825271346E-18  0.000000000000000E+00
  5.233428526349933E+02  3.456736711807076E+00  4.196387956418210E-01  7.593493691193818E-19  0.000000000000000E+00
  5.242959998554786E+02  3.467957503553256E+00  4.283959010429846E-01  6.551149147275742E-18  0.000000000000000E+00
  5.252490215321848E+02  3.479196104761009E+00  4.369807923335617E-01  1.089534899040351E-17  0.000000000000000E+00
  5.262019183137352E+02  3.490444689417275E+00  4.453901877630199E-01  9.301742322585964E-18  0.000000000000000E+00
  5.271546908434436E+02  3.501695670654622E+00  4.536216849460213E-01  6.855599853512042E-18  0.000000000000000E+00
  5.281073397593711E+02  3.512941703737722E+00  4.616736898599723E-01  7.864487181150074E-18  0.000000000000000E+00
  5.290598656943824E+02  3.524175696009762E+00  4.695453484508088E-01  1.059111232846854E-17  0.000000000000000E+00
  5.300122692762018E+02  3.535390818722907E+00  4.772364821762013E-01  1.624801787335941E-17  0.000000000000000E+00
  5.314406465973403E+02  3.552163871477510E+00  4.884357923978778E-01  1.491460878000968E-17  0.000000000000000E+00
  5.323927470092315E+02  3.563303911217448E+00  4.956784802950924E-01  7.689813251977032E-18  0.000000000000000E+00
  5.333447272252693E+02  3.574403874878018E+00  5.027437195298591E-01  4.391176339592161E-18  0.000000000000000E+00
  5.342965878507143E+02  3.585458794261006E+00  5.096328589324343E-01  4.943775626746115E-18  0.000000000000000E+00
  5.352483294859796E+02  3.596464190422915E+00  5.163474433157990E-01  1.196780759757130E-17  0.000000000000000E+00
  5.361999521431427E+02  3.607416020713888E+00  5.228892410266419E-01  1.651200629559372E-17  0.000000000000000E+00
  5.371514480860484E+02  3.618310548549931E+00  5.292602211053924E-01  1.745034967993856E-17  0.000000000000000E+00
  5.381028157632699E+02  3.629144458975889E+00  5.354626380462779E-01  5.609827988356055E-18  0.000000000000000E+00
  5.390540558212471E+02  3.639914771835259E+00  5.414990058306037E-01  4.722385243835739E-18  0.000000000000000E+00
  5.400051689012237E+02  3.650618781865997E+00  5.473720726001695E-01  6.843346636292257E-18  0.000000000000000E+00
  5.414316018275209E+02  3.666545159743287E+00  5.558820228299702E-01 -3.711405580514045E-20  0.000000000000000E+00
  5.423824002343368E+02  3.677073129385572E+00  5.613602308269402E-01  1.430745840036452E-18  0.000000000000000E+00
  5.433330738673806E+02  3.687527111459235E+00  5.666863194793008E-01 -1.647197968412269E-19  0.000000000000000E+00
  5.442836233451895E+02  3.697905353985176E+00  5.718638035117415E-01  1.855360043806636E-17  0.000000000000000E+00
  5.452340492814012E+02  3.708206303887985E+00  5.768962450121099E-01  7.049057804743053E-18  0.000000000000000E+00
  5.461843522848044E+02  3.718428612047722E+00  5.817872110634694E-01 -9.082741040014001E-19  0.000000000000000E+00
  5.471345329593900E+02  3.728571132164734E+00  5.865402485524227E-01  5.756300283201967E-18  0.000000000000000E+00
  5.480845919044012E+02  3.738632913658613E+00  5.911588715013634E-01  5.680192573657369E-18  0.000000000000000E+00
  5.490345297143831E+02  3.748613190036819E+00  5.956465562958480E-01 -5.849079293313720E-18  0.000000000000000E+00
  5.504592105903124E+02  3.763429519111972E+00  6.021400859093718E-01 -1.768766244768922E-17  0.000000000000000E+00
  5.514088481334605E+02  3.773203752321622E+00  6.063153893901809E-01 -2.194073581857158E-17  0.000000000000000E+00
  5.523583665861855E+02  3.782895026701315E+00  6.103716350235743E-01 -7.057913518817408E-19  0.000000000000000E+00
  5.533077665224845E+02  3.792503211368205E+00  6.143121433228693E-01 -1.008809557917005E-17  0.000000000000000E+00
  5.542570485119167E+02  3.802028273776354E+00  6.181402045753760E-01 -7.369840478208208E-18  0.000000000000000E+00
  5.552062131196487E+02  3.811470266508229E+00  6.218590782015360E-01 -1.450832613052245E-17  0.000000000000000E+00
  5.561552609065001E+02  3.820829317384177E+00  6.254719870338877E-01 -5.059817734134886E-18  0.000000000000000E+00
  5.571041873202392E+02  3.830105573541636E+00  6.289820898705388E-01 -1.273253019487666E-17  0.000000000000000E+00
  5.580529875000366E+02  3.839299246435759E+00  6.323924862418100E-01 -2.778500786580970E-17  0.000000000000000E+00
  5.590016620535463E+02  3.848410664836448E+00  6.357062243879508E-01 -2.589094942366804E-17  0.000000000000000E+00
  5.604244396522049E+02  3.861924432668675E+00  6.405020729709823E-01 -3.646904540656169E-17  0.000000000000000E+00
  5.613728027677428E+02  3.870832042817840E+00  6.435869801738245E-01 -2.356233718893585E-17  0.000000000000000E+00
  5.623210423470691E+02  3.879659004282963E+00  6.465852603769189E-01 -2.181484727686012E-17  0.000000000000000E+00
  5.632691589770569E+02  3.888405889823544E+00  6.494995905301966E-01 -2.263804534702572E-17  0.000000000000000E+00
  5.642171532400907E+02  3.897073313846407E+00  6.523325665492090E-01 -2.033753680153574E-17  0.000000000000000E+00
  5.651650257141133E+02  3.905661926862504E+00  6.550867069210504E-01 -1.657722602618717E-17  0.000000000000000E+00
  5.661127769726703E+02  3.914172409836064E+00  6.577644568197486E-01 -2.497151343143419E-17  0.000000000000000E+00
  5.670604075849552E+02  3.922605468662429E+00  6.603681922360626E-01 -4.132640311119134E-18  0.000000000000000E+00
  5.680079181158535E+02  3.930961829192479E+00  6.629002232697223E-01  9.456973624840367E-18  0.000000000000000E+00
  5.694289599848039E+02  3.943354186867220E+00  6.665687199007282E-01  2.885679921437967E-17  0.000000000000000E+00
  5.703761727557296E+02  3.951522074448102E+00  6.689311769709586E-01  4.493807898747790E-18  0.000000000000000E+00
  5.713232673890660E+02  3.959615911822450E+00  6.712295109563007E-01  2.628675497357237E-17  0.000000000000000E+00
  5.722702444308434E+02  3.967636477918924E+00  6.734657420739319E-01  1.348411924749601E-17  0.000000000000000E+00
  5.732171044230171E+02  3.975584559388456E+00  6.756418244750780E-01  1.540504246956076E-17  0.000000000000000E+00
  5.741638479035078E+02  3.983460949677644E+00  6.777596462840094E-01  1.416709269344106E-17  0.000000000000000E+00
  5.751104754062418E+02  3.991266448030906E+00  6.798210303355893E-01  1.312631276348975E-17  0.000000000000000E+00
  5.760569874611908E+02  3.999001858345459E+00  6.818277356089874E-01  1.105470075271746E-17  0.000000000000000E+00
  5.770033845944108E+02  4.006667987850891E+00  6.837814592810004E-01  1.049894320588076E-17  0.000000000000000E+00
  5.784227602381765E+02  4.018039004925846E+00  6.866162612928761E-01 -1.834612638306205E-17  0.000000000000000E+00
  5.793688566664846E+02  4.025535348554243E+00  6.884445464963124E-01 -1.842761503780010E-18  0.000000000000000E+00
  5.803148300805942E+02  4.032965164997313E+00  6.902253264762228E-01 -4.713343568146865E-18  0.000000000000000E+00
  5.812606810432637E+02  4.040329259528557E+00  6.919600556428480E-01  1.463439248524026E-17  0.000000000000000E+00
  5.822064101130862E+02  4.047628432495723E+00  6.936501411137299E-01  9.565982029010653E-18  0.000000000000000E+00
  5.831520178445314E+02  4.054863478426519E+00  6.952969442846247E-01 -4.456256614378206E-18  0.000000000000000E+00
  5.840975047879868E+02  4.062035185418513E+00  6.969017819982913E-01 -1.166052321549520E-17  0.000000000000000E+00
  5.850428714897984E+02  4.069144334762021E+00  6.984659274476838E-01 -2.238317292681040E-17  0.000000000000000E+00
  5.864606972747273E+02  4.079692454953219E+00  7.007385274417858E-01 -3.375815465526692E-18  0.000000000000000E+00
  5.874057657365298E+02  4.086648581967844E+00  7.022062331331373E-01  1.380223024442687E-18  0.000000000000000E+00
  5.883507158376460E+02  4.093544829848182E+00  7.036373706842363E-01 -1.790414745497220E-18  0.000000000000000E+00
  5.892955481067238E+02  4.100381947435537E+00  7.050330275275291E-01 -1.432761280478958E-17  0.000000000000000E+00
  5.902402630685841E+02  4.107160675961944E+00  7.063942529979985E-01 -1.844082148172441E-17  0.000000000000000E+00
  5.911848612442583E+02  4.113881748775604E+00  7.077220598886002E-01 -1.973897919914862E-17  0.000000000000000E+00
  5.921293431510250E+02  4.120545891005447E+00  7.090174261195473E-01 -9.808306433989014E-18  0.000000000000000E+00
  5.930737093024468E+02  4.127153819199497E+00  7.102812964258178E-01 -4.617169517382669E-18  0.000000000000000E+00
  5.940179602084064E+02  4.133706240979917E+00  7.115145839658612E-01  3.380023528268635E-18  0.000000000000000E+00
  5.954341215885127E+02  4.143432324316443E+00  7.133090963153619E-01 -1.542554467258103E-18  0.000000000000000E+00
  5.963780865877239E+02  4.149849014942788E+00  7.144697274134565E-01  2.169216297619475E-18  0.000000000000000E+00
  5.973219380975935E+02  4.156212602119473E+00  7.156027424465582E-01 -1.856284962433977E-18  0.000000000000000E+00
  5.982656766118793E+02  4.162523750950305E+00  7.167089278093637E-01  5.570857032149529E-18  0.000000000000000E+00
  5.992093026208503E+02  4.168783117060650E+00  7.177890441673735E-01  4.831701236358493E-18  0.000000000000000E+00
  6.001528147962910E+02  4.174991334794180E+00  7.188438252186115E-01  4.194524098432806E-18  0.000000000000000E+00
  6.010962065633477E+02  4.181148995481139E+00  7.198739749958265E-01 -7.002879789147386E-21  0.000000000000000E+00
  6.020394779055653E+02  4.187256725201585E+00  7.208801811786819E-01 -3.402774887408277E-18  0.000000000000000E+00
  6.034541602714978E+02  4.196326054446188E+00  7.223460457251709E-01 -3.213150480525370E-18  0.000000000000000E+00
  6.043971328438761E+02  4.202311652506150E+00  7.232952560656761E-01  7.838899504059783E-19  0.000000000000000E+00
  6.053399868155136E+02  4.208249452741120E+00  7.242227571951693E-01  3.441236378427648E-19  0.000000000000000E+00
  6.062827226993338E+02  4.214140044554658E+00  7.251291412379798E-01  9.170345889536594E-18  0.000000000000000E+00
  6.072253410046595E+02  4.219984008453759E+00  7.260149813731663E-01  1.154310659808385E-17  0.000000000000000E+00
  6.081678422372477E+02  4.225781916065538E+00  7.268808326525770E-01  3.288278356927778E-18  0.000000000000000E+00
  6.091102268993233E+02  4.231534330175053E+00  7.277272327453204E-01 -3.679046817570858E-18  0.000000000000000E+00
  6.100524954896134E+02  4.237241804790781E+00  7.285547026016316E-01  5.152021398567718E-18  0.000000000000000E+00
  6.114656818228991E+02  4.245719945720865E+00  7.297615132012979E-01  1.186137290443612E-18  0.000000000000000E+00
  6.124076623930027E+02  4.251317438717472E+00  7.305438320307077E-01  1.848165838137532E-17  0.000000000000000E+00
  6.133495286097989E+02  4.256871863722034E+00  7.313089202244285E-01 -2.509070671768357E-17  0.000000000000000E+00
  6.142912809566819E+02  4.262383736738670E+00  7.320572299860565E-01 -2.715932362725336E-17  0.000000000000000E+00
  6.152329199137272E+02  4.267853565735645E+00  7.327891994872762E-01 -1.401762217111141E-17  0.000000000000000E+00
  6.161744459577226E+02  4.273281850789317E+00  7.335052533170980E-01 -5.818555754175140E-17  0.000000000000000E+00
  6.171158595621989E+02  4.278669084214290E+00  7.342058029471946E-01 -7.446843078214110E-17  0.000000000000000E+00
  6.180571611974610E+02  4.284015750678567E+00  7.348912472113320E-01 -4.358766847270989E-17  0.000000000000000E+00
  6.194689047290116E+02  4.291960728991524E+00  7.358919337081623E-01 -3.843762779100049E-17  0.000000000000000E+00
  6.204099284779218E+02  4.297208049194655E+00  7.365412808862618E-01 -3.286658448449843E-17  0.000000000000000E+00
  6.213508418787117E+02  4.302416439967391E+00  7.371768260312754E-01 -2.903096362148693E-17  0.000000000000000E+00
  6.222916453875376E+02  4.307586352751833E+00  7.377989169475628E-01 -3.721956417666457E-18  0.000000000000000E+00
  6.232323375429290E+02  4.312718221443271E+00  7.384078900523789E-01 -2.256533040106802E-18  0.000000000000000E+00
  6.241729121564522E+02  4.317812447682297E+00  7.390040691004157E-01 -2.479182152426595E-17  0.000000000000000E+00
  6.251133694143278E+02  4.322869461470008E+00  7.395877725456885E-01 -3.849682727972160E-17  0.000000000000000E+00
  6.260537098052464E+02  4.327889687689088E+00  7.401593098191008E-01 -2.801528109587805E-17  0.000000000000000E+00
  6.274640023269802E+02  4.335351963385607E+00  7.409944590871785E-01 -2.406142417248781E-17  0.000000000000000E+00
  6.284040526669562E+02  4.340282036121126E+00  7.415368766354994E-01 -2.009349443669695E-17  0.000000000000000E+00
  6.293439878246184E+02  4.345176756732086E+00  7.420681423054778E-01 -1.783980630355338E-17  0.000000000000000E+00
  6.302838082740560E+02  4.350036521105801E+00  7.425885273513996E-01 -4.159799635722473E-17  0.000000000000000E+00
  6.312235144861968E+02  4.354861719012079E+00  7.430982952753272E-01 -4.145545747351034E-17  0.000000000000000E+00
  6.321631069288361E+02  4.359652734206854E+00  7.435977020971100E-01 -3.158534966257752E-18  0.000000000000000E+00
  6.331025860666666E+02  4.364409944530124E+00  7.440869966217170E-01  2.847567344226549E-18  0.000000000000000E+00
  6.340419523613065E+02  4.369133722000161E+00  7.445664206994318E-01  1.974143903784108E-17  0.000000000000000E+00
  6.354507912245847E+02  4.376157501319314E+00  7.452675623309789E-01  2.077296221212604E-17  0.000000000000000E+00
  6.363898774109083E+02  4.380799286868269E+00  7.457233249522791E-01  2.291710009447863E-17  0.000000000000000E+00
  6.373288523459026E+02  4.385408897125718E+00  7.461700122924132E-01  4.090277588601917E-17  0.000000000000000E+00
  6.382677164776989E+02  4.389986679073393E+00  7.466078377649882E-01  2.393461501539965E-17  0.000000000000000E+00
  6.392064702515062E+02  4.394532974397694E+00  7.470370090081908E-01  1.676543560935743E-17  0.000000000000000E+00
  6.401451141096387E+02  4.399048119590441E+00  7.474577280550013E-01 -2.211256091406043E-17  0.000000000000000E+00
  6.410836484915416E+02  4.403532446049110E+00  7.478701914962894E-01 -1.543136480907065E-17  0.000000000000000E+00
  6.420220738338173E+02  4.407986280175120E+00  7.482745906398708E-01 -1.379675627211108E-17  0.000000000000000E+00
  6.434295083460725E+02  4.414610560205436E+00  7.488664747073593E-01 -1.102697531592478E-17  0.000000000000000E+00
  6.443676629809936E+02  4.418989559568185E+00  7.492515168264964E-01 -3.096164789567060E-17  0.000000000000000E+00
  6.453057100823804E+02  4.423339170998967E+00  7.496291248878977E-01 -1.206906272976414E-17  0.000000000000000E+00
  6.462436500743588E+02  4.427659699539188E+00  7.499994683634396E-01 -1.081295502864420E-17  0.000000000000000E+00
  6.471814814687201E+02  4.431951436986630E+00  7.503627115509159E-01 -4.614751334277859E-17  0.000000000000000E+00
  6.481191984595750E+02  4.436214651336287E+00  7.507190128712373E-01 -6.220622790989626E-17  0.000000000000000E+00
  6.490568013317085E+02  4.440449634423409E+00  7.510685290613751E-01 -7.211726524098264E-17  0.000000000000000E+00
  6.504629926594705E+02  4.446749804970587E+00  7.515804143630549E-01 -1.008145172860725E-16  0.000000000000000E+00
  6.514003122143686E+02  4.450915462048517E+00  7.519136276341202E-01 -5.898501031979735E-17  0.000000000000000E+00
  6.523375192266205E+02  4.455053878619280E+00  7.522405736806967E-01 -3.767260683215901E-17  0.000000000000000E+00
  6.532746141400912E+02  4.459165328516745E+00  7.525613921141646E-01 -4.774975734232600E-17  0.000000000000000E+00
  6.542115973958299E+02  4.463250081607328E+00  7.528762190216983E-01 -5.897851929001452E-17  0.000000000000000E+00
  6.551484694320959E+02  4.467308403863976E+00  7.531851870649433E-01 -7.341219196166711E-17  0.000000000000000E+00
  6.560852306843835E+02  4.471340557438310E+00  7.534884255767199E-01 -7.120920996326133E-17  0.000000000000000E+00
  6.570218815854470E+02  4.475346800730584E+00  7.537860606564449E-01 -7.488008449871930E-17  0.000000000000000E+00
  6.584266519684704E+02  4.481308140091290E+00  7.542222749814445E-01 -4.016066055448000E-17  0.000000000000000E+00
  6.593630288670136E+02  4.485250714165042E+00  7.545064327950286E-01 -3.696817198592085E-17  0.000000000000000E+00
  6.602992969077482E+02  4.489168253771625E+00  7.547854044116632E-01 -3.409916335291525E-17  0.000000000000000E+00
  6.612354565113993E+02  4.493061001236058E+00  7.550593025257440E-01 -6.687440052622250E-18  0.000000000000000E+00
  6.621715080960844E+02  4.496929195479653E+00  7.553282370937697E-01  9.629865002445677E-18  0.000000000000000E+00
  6.631074520773360E+02  4.500773072078912E+00  7.555923154146487E-01 -1.909035943450068E-18  0.000000000000000E+00
  6.640432888681247E+02  4.504592863323845E+00  7.558516422059792E-01  1.385487986641094E-17  0.000000000000000E+00
  6.654468439693206E+02  4.510277890354827E+00  7.562319461874902E-01  4.600684975631185E-17  0.000000000000000E+00
  6.663824145740917E+02  4.514038463435386E+00  7.564798359982012E-01  3.948482364186975E-17  0.000000000000000E+00
  6.673178794139488E+02  4.517775739125078E+00  7.567233214775795E-01  3.494759806208005E-17  0.000000000000000E+00
  6.682532388906117E+02  4.521489935631048E+00  7.569624965768890E-01  1.544527486603695E-18  0.000000000000000E+00
  6.691884934033601E+02  4.525181268182824E+00  7.571974530285002E-01  3.556411850293338E-17  0.000000000000000E+00
  6.701236433490552E+02  4.528849949084941E+00  7.574282804056283E-01  4.636670933066028E-17  0.000000000000000E+00
  6.710586891221604E+02  4.532496187768105E+00  7.576550661810768E-01  3.640936621518425E-17  0.000000000000000E+00
  6.724610579671637E+02  4.537923897186423E+00  7.579878518689992E-01  2.455801598299772E-17  0.000000000000000E+00
  6.733958319262753E+02  4.541514878065323E+00  7.582048999548052E-01  4.065993897727260E-17  0.000000000000000E+00
  6.743304953670139E+02  4.545084099006922E+00  7.584181951789684E-01  9.949058906110726E-18  0.000000000000000E+00
  6.752650487098840E+02  4.548631757757476E+00  7.586278163624204E-01 -2.304878086455486E-17  0.000000000000000E+00
  6.761994923728491E+02  4.552158049435521E+00  7.588338405197723E-01 -2.115297474415254E-17  0.000000000000000E+00
  6.771338267713541E+02  4.555663166576337E+00  7.590363429081520E-01 -2.439816269465267E-17  0.000000000000000E+00
  6.780680523183476E+02  4.559147299175804E+00  7.592353970739302E-01 -3.927291870225274E-18  0.000000000000000E+00
  6.790021694243040E+02  4.562610634733671E+00  7.594310748974651E-01 -3.563980903426374E-18  0.000000000000000E+00
  6.804031426481763E+02  4.567767047745603E+00  7.597184142454001E-01  1.995922782680934E-17  0.000000000000000E+00
  6.813369904313226E+02  4.571179195012771E+00  7.599059551405224E-01  4.455784051683373E-17  0.000000000000000E+00
  6.822707311909180E+02  4.574571182439309E+00  7.600903587625146E-01  1.705087306725753E-17  0.000000000000000E+00
  6.832043653265674E+02  4.577943186808978E+00  7.602716900071758E-01  4.719421976206071E-17  0.000000000000000E+00
  6.841378932355179E+02  4.581295382634006E+00  7.604500123254947E-01  4.741496604060435E-17  0.000000000000000E+00
  6.850713153126791E+02  4.584627942193019E+00  7.606253877608553E-01  5.675720626113772E-17  0.000000000000000E+00
  6.860046319506433E+02  4.587941035568071E+00  7.607978769854327E-01  4.711600993534538E-17  0.000000000000000E+00
  6.874044100622430E+02  4.592874543282393E+00  7.610513286188860E-01  9.494060976511797E-18  0.000000000000000E+00
  6.883374648047798E+02  4.596139701216059E+00  7.612168590763491E-01  1.257610799013268E-18  0.000000000000000E+00
  6.892704154642315E+02  4.599385971470800E+00  7.613797053806981E-01  1.441706179617894E-17  0.000000000000000E+00
  6.902032624230072E+02  4.602613514681638E+00  7.615399224578437E-01  3.672967714317081E-17  0.000000000000000E+00
  6.911360060613065E+02  4.605822489477681E+00  7.616975640443345E-01  5.195561885635339E-17  0.000000000000000E+00
  6.920686467571375E+02  4.609013052514879E+00  7.618526827167262E-01  2.969271610040659E-17  0.000000000000000E+00
  6.930011848863361E+02  4.612185358508265E+00  7.620053299199211E-01  1.676419621944197E-17  0.000000000000000E+00
  6.943998005845439E+02  4.616909919289460E+00  7.622297765448309E-01  5.029018427561965E-17  0.000000000000000E+00
  6.953320839273548E+02  4.620037247098518E+00  7.623764629653669E-01  5.837301151539381E-17  0.000000000000000E+00
  6.962642660021176E+02  4.623146844533569E+00  7.625208494511823E-01  7.153303659397667E-17  0.000000000000000E+00
  6.971963471751186E+02  4.626238857958776E+00  7.626629826835621E-01  6.503268263210062E-17  0.000000000000000E+00
  6.981283238323681E+02  4.629313418858084E+00  7.628029077190787E-01  5.414063970611542E-17  0.000000000000000E+00
  6.990601931010093E+02  4.632370659692137E+00  7.629406688108687E-01  5.517897890713274E-17  0.000000000000000E+00
  7.004577965105599E+02  4.636924355151039E+00  7.631433487208635E-01  4.444505709869009E-17  0.000000000000000E+00
  7.013893990244648E+02  4.639938911701610E+00  7.632758897794899E-01  2.272605571403166E-17  0.000000000000000E+00
  7.023208955173375E+02  4.642936636479990E+00  7.634064163755395E-01  2.569660747292543E-17  0.000000000000000E+00
  7.032522863749379E+02  4.645917665272226E+00  7.635349692230524E-01  1.833166882920888E-17  0.000000000000000E+00
  7.041835719808485E+02  4.648882132255709E+00  7.636615881881329E-01  8.604129358558761E-18  0.000000000000000E+00
  7.051147527164931E+02  4.651830170024368E+00  7.637863123089074E-01 -9.314544599506352E-18  0.000000000000000E+00
  7.060458289611554E+02  4.654761909613419E+00  7.639091798148390E-01 -2.131471825303505E-17  0.000000000000000E+00
  7.074422482320209E+02  4.659129242779623E+00  7.640900816083505E-01 -3.574817980273041E-17  0.000000000000000E+00
  7.083730648947085E+02  4.662020800187991E+00  7.642084696917480E-01 -4.977912868052990E-17  0.000000000000000E+00
  7.093037783773094E+02  4.664896506112376E+00  7.643251288608774E-01 -6.281209151551512E-17  0.000000000000000E+00
  7.102343890496962E+02  4.667756484868423E+00  7.644400939307159E-01 -6.964421689295047E-17  0.000000000000000E+00
  7.111648972796983E+02  4.670600859341342E+00  7.645533990046613E-01 -4.170726387315365E-17  0.000000000000000E+00
  7.120953034331186E+02  4.673429751007763E+00  7.646650774908235E-01 -4.324856938736697E-17  0.000000000000000E+00
  7.130256078737509E+02  4.676243279957195E+00  7.647751621179251E-01 -9.850123269681957E-18  0.000000000000000E+00
  7.144208746141209E+02  4.680435027625982E+00  7.649373705368450E-01 -2.481155925781680E-17  0.000000000000000E+00
  7.153509263513445E+02  4.683210666260218E+00  7.650436093846860E-01 -2.776250082214334E-17  0.000000000000000E+00
  7.162808776334738E+02  4.685971351867285E+00  7.651483637937997E-01 -3.244777687418041E-17  0.000000000000000E+00
  7.172107288154649E+02  4.688717198549439E+00  7.652516636214143E-01 -2.974607294657703E-17  0.000000000000000E+00
  7.181404802503541E+02  4.691448319132918E+00  7.653535381254363E-01 -5.435801969466975E-17  0.000000000000000E+00
  7.190701322892739E+02  4.694164825187020E+00  7.654540159776833E-01 -6.253715056946543E-17  0.000000000000000E+00
  7.204644247436710E+02  4.698212423040864E+00  7.656021753460074E-01 -5.545988362314744E-17  0.000000000000000E+00
  7.213938298165199E+02  4.700892872806819E+00  7.656992832770196E-01 -5.585765269819939E-17  0.000000000000000E+00
  7.223231367075957E+02  4.703559088905224E+00  7.657950904749756E-01 -6.098143741839662E-17  0.000000000000000E+00
  7.232523457596554E+02  4.706211177476361E+00  7.658896231288781E-01 -3.863940476856839E-17  0.000000000000000E+00
  7.241814573136364E+02  4.708849243502589E+00  7.659829069085582E-01 -2.311195091574038E-17  0.000000000000000E+00
  7.251104672382357E+02  4.711473378214049E+00  7.660749664915515E-01 -4.651163326158848E-18  0.000000000000000E+00
  7.260393736644851E+02  4.714083678330026E+00  7.661658263318832E-01 -3.736353066054595E-17  0.000000000000000E+00
  7.274325400440808E+02  4.717973411418545E+00  7.662999194164939E-01 -3.149728313744140E-17  0.000000000000000E+00
  7.283611893205139E+02  4.720549568811405E+00  7.663878848020388E-01 -4.612182065498113E-17  0.000000000000000E+00
  7.292897363703518E+02  4.723112243769531E+00  7.664747331312302E-01 -2.593045624082729E-17  0.000000000000000E+00
  7.302181815526216E+02  4.725661534498154E+00  7.665604869909737E-01  1.041466724656721E-17  0.000000000000000E+00
  7.311465252244539E+02  4.728197538158609E+00  7.666451685250809E-01  4.238945154301419E-17  0.000000000000000E+00
  7.320747677410986E+02  4.730720350883272E+00  7.667287994437141E-01  9.886399882499402E-17  0.000000000000000E+00
  7.330029094559403E+02  4.733230067790254E+00  7.668114010325738E-01  1.236410774037022E-16  0.000000000000000E+00
  7.343949337933005E+02  4.736970294106397E+00  7.669334189646070E-01  5.881715443623514E-17  0.000000000000000E+00
  7.353228250375855E+02  4.739447681084328E+00  7.670135376485830E-01  7.041548296052726E-17  0.000000000000000E+00
  7.362506167024396E+02  4.741912297376742E+00  7.670926982873018E-01  1.462178571327811E-17  0.000000000000000E+00
  7.371783091330382E+02  4.744364233712596E+00  7.671709203639883E-01 -4.142717667129569E-18  0.000000000000000E+00
  7.381059026727721E+02  4.746803579882922E+00  7.672482229840035E-01 -2.468600216106908E-18  0.000000000000000E+00
  7.390333976632630E+02  4.749230424753940E+00  7.673246248826758E-01  3.013619166505685E-17  0.000000000000000E+00
  7.404244561121486E+02  4.752847444278018E+00  7.674375789717309E-01  4.216164376960767E-17  0.000000000000000E+00
  7.413517062126392E+02  4.755243418736983E+00  7.675118086742762E-01  6.420943687509370E-17  0.000000000000000E+00
  7.422788589458287E+02  4.757627195829446E+00  7.675852004238711E-01  9.272717122448619E-17  0.000000000000000E+00
  7.432059146455480E+02  4.759998860416205E+00  7.676577713826889E-01  8.411813571770107E-17  0.000000000000000E+00
  7.441328736439348E+02  4.762358496501435E+00  7.677295383826835E-01  1.096789853751434E-16  0.000000000000000E+00
  7.450597362714467E+02  4.764706187244424E+00  7.678005179322621E-01  1.092838787073804E-16  0.000000000000000E+00
  7.464498502361013E+02  4.768205505705140E+00  7.679055461206012E-01  3.174641259141345E-17  0.000000000000000E+00
  7.473764733712717E+02  4.770523691473484E+00  7.679746272034790E-01  5.343539027144286E-17  0.000000000000000E+00
  7.483030012791286E+02  4.772830216468536E+00  7.680429761600670E-01  1.601650313404180E-17  0.000000000000000E+00
  7.492294342827317E+02  4.775125160187687E+00  7.681106081212282E-01  2.389310545822548E-17  0.000000000000000E+00
  7.501557727035324E+02  4.777408601344590E+00  7.681775379282832E-01  7.050426978283370E-17  0.000000000000000E+00
  7.510820168613857E+02  4.779680617879674E+00  7.682437801387498E-01  9.006344322171586E-17  0.000000000000000E+00
  7.520081670745631E+02  4.781941286970502E+00  7.683093490319566E-01  9.056012110727544E-17  0.000000000000000E+00
  7.533972115400682E+02  4.785311168055182E+00  7.684064700478286E-01  3.857056538770157E-17  0.000000000000000E+00
  7.543231169927506E+02  4.787543774166555E+00  7.684704154840110E-01  1.070332611582302E-17  0.000000000000000E+00
  7.552489234896725E+02  4.789765282705163E+00  7.685337350295640E-01  1.992014918485429E-17  0.000000000000000E+00
  7.561746313692403E+02  4.791975767813961E+00  7.685964417977129E-01  9.361950391037457E-18  0.000000000000000E+00
  7.571002409681819E+02  4.794175302922680E+00  7.686585486507118E-01  7.386774685553355E-18  0.000000000000000E+00
  7.580257526215598E+02  4.796363960757203E+00  7.687200682048234E-01  2.898574616571629E-17  0.000000000000000E+00
  7.594138371825812E+02  4.799626710000524E+00  7.688112733563920E-01  4.279727745713628E-17  0.000000000000000E+00
  7.603391054271374E+02  4.801788488289046E+00  7.688713782885844E-01  3.056240031576416E-17  0.000000000000000E+00
  7.612642768859214E+02  4.803939638432884E+00  7.689309382106283E-01  1.254601729709679E-17  0.000000000000000E+00
  7.621893518866613E+02  4.806080230102550E+00  7.689899646902045E-01  1.663908204310442E-18  0.000000000000000E+00
  7.631143307554895E+02  4.808210332313607E+00  7.690484690742910E-01 -7.409197869841009E-18  0.000000000000000E+00
  7.640392138169559E+02  4.810330013435102E+00  7.691064624934199E-01 -6.849551869380998E-18  0.000000000000000E+00
  7.654263594764416E+02  4.813490143563125E+00  7.691925183894451E-01 -3.097027145603693E-17  0.000000000000000E+00
  7.663510044291291E+02  4.815584066907104E+00  7.692492817091423E-01 -4.545427444228435E-17  0.000000000000000E+00
  7.672755546980875E+02  4.817667803480548E+00  7.693055713754923E-01 -7.379536187134449E-17  0.000000000000000E+00
  7.682000106008917E+02  4.819741418844025E+00  7.693613975952043E-01 -1.005859338088675E-16  0.000000000000000E+00
  7.691243724535997E+02  4.821804977955644E+00  7.694167703803121E-01 -1.019337941848946E-16  0.000000000000000E+00
  7.700486405707634E+02  4.823858545178656E+00  7.694716995518548E-01 -5.165086625775479E-17  0.000000000000000E+00
  7.714348676767706E+02  4.826920300573001E+00  7.695532825569453E-01  4.010799485238447E-17  0.000000000000000E+00
  7.723589028214586E+02  4.828949165827250E+00  7.696071444404576E-01 -1.933618429529837E-17  0.000000000000000E+00
  7.732828453198390E+02  4.830968259886857E+00  7.696605956311914E-01 -5.000487626900361E-17  0.000000000000000E+00
  7.742066954798270E+02  4.832977644529221E+00  7.697136451341248E-01 -6.954021026929096E-17  0.000000000000000E+00
  7.751304536078933E+02  4.834977380976652E+00  7.697663017821015E-01 -3.041137879975475E-17  0.000000000000000E+00
  7.760541200090751E+02  4.836967529903247E+00  7.698185742390304E-01 -1.335354801723561E-17  0.000000000000000E+00
  7.774394482867091E+02  4.839934908085302E+00  7.698962811112369E-01  3.365488692434927E-17  0.000000000000000E+00
  7.783628866959058E+02  4.841901350122027E+00  7.699476299146089E-01  9.570969168583735E-18  0.000000000000000E+00
  7.792862344347125E+02  4.843858412776740E+00  7.699986235649118E-01 -2.493176315324186E-17  0.000000000000000E+00
  7.802094918018465E+02  4.845806154338762E+00  7.700492700037087E-01 -4.616496588149056E-17  0.000000000000000E+00
  7.811326590946493E+02  4.847744632585145E+00  7.700995770200841E-01 -6.741777028900277E-17  0.000000000000000E+00
  7.820557366090967E+02  4.849673904786870E+00  7.701495522534423E-01 -9.306059653081011E-17  0.000000000000000E+00
  7.834401768789864E+02  4.852550658576430E+00  7.702239088601427E-01 -1.760025495678263E-17  0.000000000000000E+00
  7.843630186933977E+02  4.854457137163291E+00  7.702730863596392E-01 -3.123367542629423E-17  0.000000000000000E+00
  7.852857661839889E+02  4.856354595051925E+00  7.703219573621420E-01 -6.057933232408791E-17  0.000000000000000E+00
  7.862084196650524E+02  4.858243087516291E+00  7.703705288772406E-01 -2.458465777847983E-17  0.000000000000000E+00
  7.871309794494315E+02  4.860122669353820E+00  7.704188077783699E-01  1.991751028022699E-18  0.000000000000000E+00
  7.880534458485316E+02  4.861993394891093E+00  7.704668008053503E-01  1.645746931404528E-17  0.000000000000000E+00
  7.894369710274723E+02  4.864782995329795E+00  7.705382687530231E-01  4.751464861032880E-17  0.000000000000000E+00
  7.903592053164306E+02  4.866631814755478E+00  7.705855757267043E-01  2.779464538254146E-17  0.000000000000000E+00
  7.912813472988551E+02  4.868471964395955E+00  7.706326193986707E-01  1.120858140893061E-18  0.000000000000000E+00
  7.922033972798091E+02  4.870303496526978E+00  7.706794059373581E-01 -1.374843303235071E-17  0.000000000000000E+00
  7.931253555629750E+02  4.872126462983195E+00  7.707259413905553E-01 -5.246927091506048E-17  0.000000000000000E+00
  7.940472224506640E+02  4.873940915163296E+00  7.707722316875992E-01 -3.248593423008611E-17  0.000000000000000E+00
  7.954298520736372E+02  4.876646740541241E+00  7.708412201501013E-01 -6.090624214065532E-17  0.000000000000000E+00
  7.963514917863382E+02  4.878440129084996E+00  7.708869227395251E-01 -8.050270857497355E-17  0.000000000000000E+00
  7.972730411509981E+02  4.880225179887558E+00  7.709324000232688E-01 -1.047991731741385E-16  0.000000000000000E+00
  7.981945004638802E+02  4.882001942447597E+00  7.709776574235780E-01 -3.614070198222736E-17  0.000000000000000E+00
  7.991158700199309E+02  4.883770465854856E+00  7.710227002555248E-01 -7.911392383774308E-17  0.000000000000000E+00
  8.000371501127881E+02  4.885530798794836E+00  7.710675337289239E-01 -4.350922215217630E-17  0.000000000000000E+00
  8.014189031477260E+02  4.888156046595853E+00  7.711344025342722E-01 -7.070428908295753E-17  0.000000000000000E+00
  8.023399608587667E+02  4.889896113755330E+00  7.711787347303716E-01 -6.568251110406638E-17  0.000000000000000E+00
  8.032609301241811E+02  4.891628157729421E+00  7.712228750002058E-01 -9.088793571515429E-17  0.000000000000000E+00
  8.041818112318355E+02  4.893352225440720E+00  7.712668281026853E-01 -3.914614880795080E-17  0.000000000000000E+00
  8.051026044683388E+02  4.895068363432160E+00  7.713105987013642E-01 -4.190128741511264E-17  0.000000000000000E+00
  8.060233101190510E+02  4.896776617871287E+00  7.713541913661310E-01 -9.162514135038608E-18  0.000000000000000E+00
  8.074042049929363E+02  4.899324317948443E+00  7.714192565077950E-01 -9.301985997518152E-18  0.000000000000000E+00
  8.083246929195044E+02  4.901013063064060E+00  7.714624237312202E-01 -8.646870919126310E-18  0.000000000000000E+00
  8.092450942493331E+02  4.902694083317726E+00  7.715054283013587E-01 -4.069235693456178E-17  0.000000000000000E+00
  8.101654092622701E+02  4.904367423238902E+00  7.715482743866586E-01 -3.891815509102628E-17  0.000000000000000E+00
  8.110856382369620E+02  4.906033127004058E+00  7.715909660706379E-01  2.414327034187721E-17  0.000000000000000E+00
  8.120057814508619E+02  4.907691238440561E+00  7.716335073533782E-01  1.399519706186453E-17  0.000000000000000E+00
  8.133858360742420E+02  4.910164265002706E+00  7.716970458239722E-01  2.785005120162231E-17  0.000000000000000E+00
  8.143057640283936E+02  4.911803581432032E+00  7.717392279638314E-01  5.543380305496489E-17  0.000000000000000E+00
  8.152256021106267E+02  4.913435447276782E+00  7.717812728103486E-01  2.942189072769904E-17  0.000000000000000E+00
  8.161453506150890E+02  4.915059904997877E+00  7.718231840128823E-01  5.791613862170388E-17  0.000000000000000E+00
  8.170650098346604E+02  4.916676996725404E+00  7.718649651444602E-01  1.138495218644034E-16  0.000000000000000E+00
  8.184443318924259E+02  4.919088914433829E+00  7.719274005906903E-01  1.841523102790023E-16  0.000000000000000E+00
  8.193637691728798E+02  4.920687773357608E+00  7.719688716884128E-01  1.952946929140228E-16  0.000000000000000E+00
  8.202831181836656E+02  4.922279411189005E+00  7.720102246394721E-01  1.676111595939778E-16  0.000000000000000E+00
  8.212023792120664E+02  4.923863868612917E+00  7.720514626901840E-01  1.266782736250242E-16  0.000000000000000E+00
  8.221215525441449E+02  4.925441186002487E+00  7.720925890178173E-01  1.189743628127029E-16  0.000000000000000E+00
  8.230406384647520E+02  4.927011403422421E+00  7.721336067318268E-01  5.742175424582807E-17  0.000000000000000E+00
  8.244191040693037E+02  4.929353504000593E+00  7.721949362906149E-01  8.187604029421087E-17  0.000000000000000E+00
  8.253379726995738E+02  4.930906144784799E+00  7.722356956402521E-01  2.302062769318562E-17  0.000000000000000E+00
  8.262567549059237E+02  4.932451823443729E+00  7.722763567425652E-01  5.062793106142970E-17  0.000000000000000E+00
  8.271754509678510E+02  4.933990578693977E+00  7.723169224164653E-01  1.798441807192567E-17  0.000000000000000E+00
  8.280940611636860E+02  4.935522448961160E+00  7.723573954194086E-01  4.693169358516906E-17  0.000000000000000E+00
  8.290125857705989E+02  4.937047472382949E+00  7.723977784484813E-01  5.983436975951117E-18  0.000000000000000E+00
  8.303902128052167E+02  4.939322252406178E+00  7.724581900452708E-01 -5.177832304932657E-17  0.000000000000000E+00
  8.313085246449044E+02  4.940830323704115E+00  7.724983595527933E-01 -1.073826966418386E-16  0.000000000000000E+00
  8.322267518567451E+02  4.942331679413873E+00  7.725384480660232E-01 -1.236720064199811E-16  0.000000000000000E+00
  8.331448947127853E+02  4.943826356413893E+00  7.725784580232719E-01 -1.007351942801219E-16  0.000000000000000E+00
  8.340629534839539E+02  4.945314391310665E+00  7.726183918080962E-01 -7.886842145982353E-17  0.000000000000000E+00
  8.354398845714976E+02  4.947534069127217E+00  7.726781547439221E-01 -4.741060233365106E-17  0.000000000000000E+00
  8.363577343085298E+02  4.949005657159629E+00  7.727179081750576E-01  2.064482436234071E-18  0.000000000000000E+00
  8.372755009002425E+02  4.950470729109780E+00  7.727575933587627E-01  2.227572639264422E-17  0.000000000000000E+00
  8.381931846126239E+02  4.951929320394310E+00  7.727972124438587E-01  2.178432919608466E-17  0.000000000000000E+00
  8.391107857105839E+02  4.953381466172777E+00  7.728367675294969E-01  2.855320312345554E-17  0.000000000000000E+00
  8.400283044579609E+02  4.954827201350242E+00  7.728762606660295E-01  5.646711090270428E-17  0.000000000000000E+00
  8.414044287462129E+02  4.956983859974984E+00  7.729353885836258E-01  8.688927681113290E-17  0.000000000000000E+00
  8.423217427644590E+02  4.958413719712400E+00  7.729747355051342E-01  1.098014410908256E-16  0.000000000000000E+00
  8.432389753472207E+02  4.959837289048934E+00  7.730140272817196E-01  1.403758242879856E-16  0.000000000000000E+00
  8.441561267536010E+02  4.961254601775546E+00  7.730532657545347E-01  1.380887542196767E-16  0.000000000000000E+00
  8.450731972416688E+02  4.962665691442337E+00  7.730924527204683E-01  1.288030482421830E-16  0.000000000000000E+00
  8.464486518139341E+02  4.964770730509922E+00  7.731511404178412E-01  1.219062613216597E-16  0.000000000000000E+00
  8.473655211285472E+02  4.966166407749650E+00  7.731902061944830E-01  1.208691737408620E-16  0.000000000000000E+00
  8.482823094800144E+02  4.967555976069003E+00  7.732292263721048E-01  1.423974164300601E-16  0.000000000000000E+00
  8.491990137303169E+02  4.968939462868402E+00  7.732682024012458E-01  7.465647806648515E-17  0.000000000000000E+00
  8.501156339576468E+02  4.970316900236734E+00  7.733071358437877E-01  8.473837887950114E-17  0.000000000000000E+00
  8.510321704328269E+02  4.971688320330003E+00  7.733460282309115E-01  7.808547359205906E-17  0.000000000000000E+00
  8.524068187000707E+02  4.973734237866662E+00  7.734042930862086E-01  9.204609045262566E-17  0.000000000000000E+00
  8.533231469726168E+02  4.975090753982006E+00  7.734430892791649E-01  9.405871789238538E-17  0.000000000000000E+00
  8.542393924323858E+02  4.976441363608751E+00  7.734818494729611E-01  5.930950753531707E-17  0.000000000000000E+00
  8.551555553453670E+02  4.977786097906278E+00  7.735205750286029E-01  5.635039405358399E-17  0.000000000000000E+00
  8.560716359764945E+02  4.979124987818309E+00  7.735592672711704E-01  5.260695239546027E-17  0.000000000000000E+00
  8.574456032216725E+02  4.981122431627782E+00  7.736172459849805E-01  7.587391017638279E-17  0.000000000000000E+00
  8.583614793003831E+02  4.982446844558087E+00  7.736558605122087E-01  7.182468166634995E-17  0.000000000000000E+00
  8.592772740162901E+02  4.983765519737076E+00  7.736944460905885E-01  3.869608050481547E-17  0.000000000000000E+00
  8.601929876296585E+02  4.985078487163099E+00  7.737330038914800E-01  1.965627771774293E-17  0.000000000000000E+00
  8.611086203997328E+02  4.986385776629842E+00  7.737715350537786E-01 -3.928148581481488E-17  0.000000000000000E+00
  8.620241725847437E+02  4.987687417728259E+00  7.738100406845063E-01 -3.571605627601801E-17  0.000000000000000E+00
  8.633973503276688E+02  4.989629352921701E+00  7.738677536036489E-01  5.089884732242423E-18  0.000000000000000E+00
  8.643127021731852E+02  4.990917001246337E+00  7.739062000447238E-01 -2.447548272587593E-17  0.000000000000000E+00
  8.652279743295528E+02  4.992199103201629E+00  7.739446245861069E-01 -2.189843137507890E-17  0.000000000000000E+00
  8.661431670505168E+02  4.993475687489369E+00  7.739830281984371E-01  7.763237899014958E-18  0.000000000000000E+00
  8.670582805888424E+02  4.994746782618763E+00  7.740214118235527E-01  3.641933447778136E-17  0.000000000000000E+00
  8.684308029794115E+02  4.996643195035706E+00  7.740789517760175E-01 -2.252113588211252E-17  0.000000000000000E+00
  8.693457196606096E+02  4.997900690749132E+00  7.741172893693653E-01  2.384800394628193E-20  0.000000000000000E+00
  8.702605580362132E+02  4.999152795595252E+00  7.741556100526553E-01 -2.907005042367053E-17  0.000000000000000E+00
  8.711753183546492E+02  5.000399537238285E+00  7.741939146445159E-01 -8.435536362045765E-17  0.000000000000000E+00
  8.720900008633960E+02  5.001640943159357E+00  7.742322039375679E-01 -5.074728643827956E-17  0.000000000000000E+00
  8.730046058089893E+02  5.002877040658162E+00  7.742704786988979E-01 -1.106295815800156E-17  0.000000000000000E+00
  8.743763683334587E+02  5.004721292890635E+00  7.743278652103697E-01 -3.991878940294798E-17  0.000000000000000E+00
  8.752907804436263E+02  5.005944237594012E+00  7.743661068351060E-01 -9.288765731623486E-18  0.000000000000000E+00
  8.762051158461724E+02  5.007161968018750E+00  7.744043364186252E-01  2.760085581172800E-17  0.000000000000000E+00
  8.771193747834590E+02  5.008374510668091E+00  7.744425546188580E-01 -2.186315123631666E-18  0.000000000000000E+00
  8.780335574969356E+02  5.009581891872624E+00  7.744807620707093E-01 -1.030691930811550E-17  0.000000000000000E+00
  8.794046891734466E+02  5.011383343147821E+00  7.745380544286106E-01  2.343256529119444E-17  0.000000000000000E+00
  8.803186823777995E+02  5.012577934817386E+00  7.745762376399458E-01  4.984157295820286E-17  0.000000000000000E+00
  8.812326001963058E+02  5.013767455861514E+00  7.746144121498618E-01  5.353425027039453E-17  0.000000000000000E+00
  8.821464428663738E+02  5.014951931852560E+00  7.746525784948617E-01  1.991730032303792E-17  0.000000000000000E+00
  8.830602106245276E+02  5.016131388198446E+00  7.746907371907039E-01  1.769192529852598E-17  0.000000000000000E+00
  8.844307223171544E+02  5.017891216061641E+00  7.747479619705311E-01  2.349454689707681E-18  0.000000000000000E+00
  8.853443038245614E+02  5.019058233388082E+00  7.747861036673199E-01  4.440890551376100E-17  0.000000000000000E+00
  8.862578092356292E+02  5.020220316174311E+00  7.748242392731924E-01  7.029008333497079E-17  0.000000000000000E+00
  8.871712368335800E+02  5.021377486670302E+00  7.748623691296377E-01  1.017634390253866E-16  0.000000000000000E+00
  8.880845868669929E+02  5.022529769487773E+00  7.749004936473417E-01  1.239198886155474E-16  0.000000000000000E+00
  8.894544670250683E+02  5.024249082770283E+00  7.749576712667549E-01  1.060599846976842E-16  0.000000000000000E+00
  8.903676242285401E+02  5.025389253044539E+00  7.749957841140168E-01  6.332648175669849E-17  0.000000000000000E+00
  8.912807047301636E+02  5.026524620558295E+00  7.750338929168616E-01  8.697795445560838E-17  0.000000000000000E+00
  8.921937087743472E+02  5.027655209229881E+00  7.750719980057187E-01  8.232424808021457E-17  0.000000000000000E+00
  8.931066366045866E+02  5.028781042827140E+00  7.751100996941632E-01  1.135622177378123E-16  0.000000000000000E+00
  8.940194884634700E+02  5.029902144968705E+00  7.751481982792562E-01  1.053706723806479E-16  0.000000000000000E+00
  8.953886243339462E+02  5.031574978003603E+00  7.752053409482020E-01  1.083548188526516E-16  0.000000000000000E+00
  8.963012873198562E+02  5.032684353869611E+00  7.752434329691982E-01  1.290538766724578E-16  0.000000000000000E+00
  8.972138751763981E+02  5.033789079788203E+00  7.752815228012953E-01  1.484202480309345E-16  0.000000000000000E+00
  8.981263881421399E+02  5.034889178721983E+00  7.753196106713007E-01  1.183305487710400E-16  0.000000000000000E+00
  8.990388264547699E+02  5.035984673491116E+00  7.753576967912743E-01  1.110490899117352E-16  0.000000000000000E+00
  9.004073444669211E+02  5.037619332407884E+00  7.754148231183342E-01  5.335892678596894E-17  0.000000000000000E+00
  9.013195971809274E+02  5.038703415679525E+00  7.754529056969324E-01 -6.009288995893025E-18  0.000000000000000E+00
  9.022317760668719E+02  5.039782973552391E+00  7.754909871558997E-01  2.279749704795392E-17  0.000000000000000E+00
  9.031438813585434E+02  5.040858028220166E+00  7.755290676446036E-01  5.696476288705438E-17  0.000000000000000E+00
  9.040559132888767E+02  5.041928601740455E+00  7.755671472992648E-01  2.495908591218251E-17  0.000000000000000E+00
  9.054238241393249E+02  5.043526107788521E+00  7.756242654837971E-01  1.086319003904528E-17  0.000000000000000E+00
  9.063356736798436E+02  5.044585574059190E+00  7.756623435655038E-01  2.334140295278825E-18  0.000000000000000E+00
  9.072474506676413E+02  5.045640635328430E+00  7.757004211903282E-01  2.961359371685175E-17  0.000000000000000E+00
  9.081591553318685E+02  5.046691313055157E+00  7.757384984386624E-01  4.706236437471072E-17  0.000000000000000E+00
  9.090707879008474E+02  5.047737628568207E+00  7.757765753792021E-01  6.339879149030509E-17  0.000000000000000E+00
  9.104381020731524E+02  5.049298969026675E+00  7.758336903350740E-01  9.876279167997824E-17  0.000000000000000E+00
  9.113495553975214E+02  5.050334471474963E+00  7.758717667321900E-01  1.279615446252362E-16  0.000000000000000E+00
  9.122609374193074E+02  5.051365685351159E+00  7.759098429734440E-01  6.431439862164118E-17  0.000000000000000E+00
  9.131722483631580E+02  5.052392631411569E+00  7.759479190779511E-01  7.613353239808589E-17  0.000000000000000E+00
  9.140834884529161E+02  5.053415330288056E+00  7.759859950544594E-01  7.134068725234993E-17  0.000000000000000E+00
  9.154502162238165E+02  5.054941459961559E+00  7.760431087734584E-01  8.811514542892522E-17  0.000000000000000E+00
  9.163612801524122E+02  5.055953630334888E+00  7.760811844022469E-01  8.257800980425382E-17  0.000000000000000E+00
  9.172722740040886E+02  5.056961624770032E+00  7.761192598552663E-01  4.924392008833889E-17  0.000000000000000E+00
  9.181831979991188E+02  5.057965463350966E+00  7.761573350973806E-01  4.526479743183572E-17  0.000000000000000E+00
  9.190940523569943E+02  5.058965166042542E+00  7.761954100842945E-01  2.906577151587960E-17  0.000000000000000E+00
  9.200048372964285E+02  5.059960752691418E+00  7.762334847627637E-01 -2.807031623697966E-17  0.000000000000000E+00
  9.213708850225346E+02  5.061446458210873E+00  7.762905960641906E-01 -1.070794991899203E-16  0.000000000000000E+00
  9.222814973676682E+02  5.062431840814810E+00  7.763286696817103E-01 -7.231993926852723E-17  0.000000000000000E+00
  9.231920410537891E+02  5.063413175921844E+00  7.763667427368788E-01 -9.584523132301649E-17  0.000000000000000E+00
  9.241025162961595E+02  5.064390482858064E+00  7.764048151386649E-01 -7.071840154694446E-17  0.000000000000000E+00
  9.250129233092848E+02  5.065363780836329E+00  7.764428867881742E-01 -3.116555746461657E-17  0.000000000000000E+00
  9.263784063665190E+02  5.066816252759400E+00  7.764999926167411E-01 -2.035041548033450E-18  0.000000000000000E+00
  9.272886437400658E+02  5.067779611663815E+00  7.765380619029666E-01 -2.988495717288781E-17  0.000000000000000E+00
  9.281988133818639E+02  5.068739027715612E+00  7.765761300207645E-01 -4.824703306882819E-17  0.000000000000000E+00
  9.291089129646681E+02  5.069694516969559E+00  7.766141967278890E-01 -3.751013296343705E-17  0.000000000000000E+00
  9.300189421120350E+02  5.070646097453049E+00  7.766522618605892E-01 -3.430235190350075E-17  0.000000000000000E+00
  9.313838542562090E+02  5.072066179792346E+00  7.767093562900762E-01  1.073181115828648E-17  0.000000000000000E+00
  9.322937082928122E+02  5.073008069290797E+00  7.767474168408831E-01 -1.010785957195417E-17  0.000000000000000E+00
  9.332034926741560E+02  5.073946114490877E+00  7.767854752835708E-01 -3.735958816850530E-17  0.000000000000000E+00
  9.341132076213688E+02  5.074880333574162E+00  7.768235314514040E-01  1.981468231417458E-17  0.000000000000000E+00
  9.350228533547953E+02  5.075810744617467E+00  7.768615851716125E-01  7.341623910482955E-17  0.000000000000000E+00
  9.363871926591721E+02  5.077199260394799E+00  7.769186607702653E-01  1.788072639283134E-17  0.000000000000000E+00
  9.372966663170340E+02  5.078120229743782E+00  7.769567075773399E-01 -1.873716231037898E-17  0.000000000000000E+00
  9.382060715262015E+02  5.079037453507920E+00  7.769947512867937E-01  1.021962557235913E-17  0.000000000000000E+00
  9.391154085035412E+02  5.079950949302236E+00  7.770327917005754E-01 -4.511486980373714E-17  0.000000000000000E+00
  9.400246774651569E+02  5.080860734641237E+00  7.770708286154072E-01 -5.535020121123267E-17  0.000000000000000E+00
  9.413884538489593E+02  5.082218493613677E+00  7.771278769699458E-01  3.490465042001841E-18  0.000000000000000E+00
  9.422975537117502E+02  5.083119078787488E+00  7.771659042149346E-01  5.788202495247723E-17  0.000000000000000E+00
  9.432065863092306E+02  5.084016014025995E+00  7.772039272101934E-01  8.117552964027080E-17  0.000000000000000E+00
  9.441155518541191E+02  5.084909316400601E+00  7.772419457304786E-01  9.621315980277807E-17  0.000000000000000E+00
  9.450244505583925E+02  5.085799002886261E+00  7.772799595459792E-01  9.115165086694816E-17  0.000000000000000E+00
  9.463876737505306E+02  5.087126789720286E+00  7.773369709340862E-01  1.017837007893597E-16  0.000000000000000E+00
  9.472964062758244E+02  5.088007510122560E+00  7.773749719531400E-01  1.034326170617639E-16  0.000000000000000E+00
  9.482050726966274E+02  5.088884673299081E+00  7.774129674285284E-01  1.170718512148146E-16  0.000000000000000E+00
  9.491136732216199E+02  5.089758295799660E+00  7.774509571110645E-01  1.101323132432599E-16  0.000000000000000E+00
  9.500222080587595E+02  5.090628394081588E+00  7.774889407474805E-01  1.380319086957176E-16  0.000000000000000E+00
  9.513848876028821E+02  5.091926969369027E+00  7.775459043017470E-01  1.263669475938103E-16  0.000000000000000E+00
  9.522932591254910E+02  5.092788328504096E+00  7.775838716886314E-01  1.186293190481942E-16  0.000000000000000E+00
  9.532015656824552E+02  5.093646220302500E+00  7.776218321117434E-01  1.656580902018229E-16  0.000000000000000E+00
  9.541098074785218E+02  5.094500660813813E+00  7.776597853001976E-01  2.870728844777163E-17  0.000000000000000E+00
  9.550179847177332E+02  5.095351665998904E+00  7.776977309793255E-01  5.364686454797620E-17  0.000000000000000E+00
  9.563801299770655E+02  5.096621767237852E+00  7.777546348079681E-01 -3.722515723976385E-18  0.000000000000000E+00
  9.572881467122327E+02  5.097464253360289E+00  7.777925604875603E-01  2.401450554425618E-17  0.000000000000000E+00
  9.581960995991946E+02  5.098303359330917E+00  7.778304776671293E-01  3.754498960081713E-18  0.000000000000000E+00
  9.591039888388647E+02  5.099139100719907E+00  7.778683860553307E-01 -4.326898222194886E-18  0.000000000000000E+00
  9.600118146314703E+02  5.099971493012461E+00  7.779062853571673E-01 -5.816143340978590E-17  0.000000000000000E+00
  9.613734347934486E+02  5.101213835562085E+00  7.779631166187249E-01 -5.269823662519542E-17  0.000000000000000E+00
  9.622811028399097E+02  5.102037922309780E+00  7.780009918901685E-01  4.544128017139658E-18  0.000000000000000E+00
  9.631887081347408E+02  5.102858713499796E+00  7.780388570141488E-01  3.169397510866676E-17  0.000000000000000E+00
  9.640962508751181E+02  5.103676224243225E+00  7.780767116793555E-01  6.417408121457198E-17  0.000000000000000E+00
  9.650037312575491E+02  5.104490469569823E+00  7.781145555708776E-01  6.111533181996318E-17  0.000000000000000E+00
  9.663648353382671E+02  5.105705747582335E+00  7.781713005097923E-01  1.095632646625817E-16  0.000000000000000E+00
  9.672721606811864E+02  5.106511894594067E+00  7.782091160658151E-01  4.901558102455897E-17  0.000000000000000E+00
  9.681794243487070E+02  5.107314828161832E+00  7.782469197177572E-01  1.952308670500968E-17  0.000000000000000E+00
  9.690866265343614E+02  5.108114562957248E+00  7.782847111346591E-01 -8.169480392034155E-18  0.000000000000000E+00
  9.704473149560889E+02  5.109308199354876E+00  7.783413745867147E-01 -8.247649952612220E-18  0.000000000000000E+00
  9.713543642795029E+02  5.110100000898150E+00  7.783791339451368E-01 -1.531472246223569E-17  0.000000000000000E+00
  9.722613527932903E+02  5.110888654410379E+00  7.784168798827785E-01 -2.975213766729444E-17  0.000000000000000E+00
  9.731682806880675E+02  5.111674174217416E+00  7.784546120532084E-01 -2.795404187045632E-17  0.000000000000000E+00
  9.740751481538114E+02  5.112456574569883E+00  7.784923301066978E-01 -3.382192668498194E-17  0.000000000000000E+00
  9.754353364619959E+02  5.113624357110842E+00  7.785488799447100E-01 -1.569583876954769E-17  0.000000000000000E+00
  9.763420536821291E+02  5.114399020684605E+00  7.785865611547940E-01 -2.229747064278847E-17  0.000000000000000E+00
  9.772487111331471E+02  5.115170614096437E+00  7.786242269990062E-01 -1.340784606048536E-17  0.000000000000000E+00
  9.781553079424257E+02  5.115939150367648E+00  7.786618770689603E-01 -2.014205011238135E-17  0.000000000000000E+00
  9.790618425650513E+02  5.116704641894525E+00  7.786995109253062E-01 -1.869284448795819E-17  0.000000000000000E+00
  9.804215283309026E+02  5.117847200482839E+00  7.787559305033153E-01 -1.703088107570089E-17  0.000000000000000E+00
  9.813279083495645E+02  5.118605140418564E+00  7.787935222095108E-01 -8.475317588569754E-18  0.000000000000000E+00
  9.822342268699435E+02  5.119360083638274E+00  7.788310964027851E-01 -7.965805980536239E-18  0.000000000000000E+00
  9.831404840872100E+02  5.120112043704644E+00  7.788686527067360E-01 -7.487172406788581E-18  0.000000000000000E+00
  9.840466801958700E+02  5.120861034110192E+00  7.789061907429664E-01 -2.231627697730702E-17  0.000000000000000E+00
  9.854058602040778E+02  5.121978980947853E+00  7.789624627131739E-01 -2.033770730951157E-17  0.000000000000000E+00
  9.863119043878527E+02  5.122720605774527E+00  7.789999534131760E-01 -1.136921941379343E-17  0.000000000000000E+00
  9.872178881386033E+02  5.123459307617773E+00  7.790374245080344E-01  4.569044445453011E-18  0.000000000000000E+00
  9.881238116478822E+02  5.124195099659530E+00  7.790748756127172E-01  4.295277511349895E-18  0.000000000000000E+00
  9.890296751065939E+02  5.124927995013788E+00  7.791123063412754E-01  4.038043365504551E-18  0.000000000000000E+00
  9.903883581158625E+02  5.126021935276743E+00  7.791684133829440E-01  3.681005992759399E-18  0.000000000000000E+00
  9.912940722791318E+02  5.126747645843335E+00  7.792057914785993E-01 -1.176802759169004E-17  0.000000000000000E+00
  9.921997270549323E+02  5.127470505091506E+00  7.792431478432220E-01 -1.106449386770718E-17  0.000000000000000E+00
  9.931053226312847E+02  5.128190525833876E+00  7.792804820894372E-01 -2.911409540727474E-18  0.000000000000000E+00
  9.940108591955765E+02  5.128907720817009E+00  7.793177938301611E-01  4.751483621637043E-18  0.000000000000000E+00
  9.953690538027590E+02  5.129978242714569E+00  7.793737183980259E-01  1.204941369279644E-17  0.000000000000000E+00
  9.962744436525874E+02  5.130688428635238E+00  7.794109721854469E-01  3.848888941286044E-18  0.000000000000000E+00
  9.971797751412626E+02  5.131395832894032E+00  7.794482021180692E-01  3.619405188502752E-18  0.000000000000000E+00
  9.980850484533556E+02  5.132100467944133E+00  7.794854078128356E-01 -4.072293797793744E-18  0.000000000000000E+00
  9.994428497426309E+02  5.133152255335946E+00  7.795411700747553E-01 -1.141705873140164E-17  0.000000000000000E+00
  1.000000000000000E+03  5.133582022280324E+00  7.795639952465605E-01 -9.171178541591854E-18  0.000000000000000E+00
