time h_mean u_mean v_mean w_mean
  2.500000000000000E+00  0.000000000000000E+00  0.000000000000000E+00  0.000000000000000E+00  0.000000000000000E+00
  2.930100314244744E+00  0.000000000000000E+00  0.000000000000000E+00  0.000000000000000E+00  0.000000000000000E+00
  3.461281081585234E+00  0.000000000000000E+00  0.000000000000000E+00  0.000000000000000E+00  0.000000000000000E+00
  4.051171847267777E+00  0.000000000000000E+00  0.000000000000000E+00  0.000000000000000E+00  0.000000000000000E+00
  4.667215015460233E+00  0.000000000000000E+00  0.000000000000000E+00  0.000000000000000E+00  0.000000000000000E+00
  5.291324950027177E+00  0.000000000000000E+00  0.000000000000000E+00  0.000000000000000E+00  0.000000000000000E+00
  6.536331935622448E+00  0.000000000000000E+00  0.000000000000000E+00  0.000000000000000E+00  0.000000000000000E+00
  7.152896697723268E+00  0.000000000000000E+00  0.000000000000000E+00  0.000000000000000E+00  0.000000000000000E+00
  8.372319517182087E+00  0.000000000000000E+00  0.000000000000000E+00  0.000000000000000E+00  0.000000000000000E+00
  9.574521993403618E+00  0.000000000000000E+00  0.000000000000000E+00  0.000000000000000E+00  0.000000000000000E+00
  1.016975896990275E+01  0.000000000000000E+00  0.000000000000000E+00  0.000000000000000E+00  0.000000000000000E+00
  1.134969384069101E+01  0.000000000000000E+00  0.000000000000000E+00  0.000000000000000E+00  0.000000000000000E+00
  1.251699692266693E+01  0.000000000000000E+00  0.000000000000000E+00  0.000000000000000E+00  0.000000000000000E+00
  1.309638598429933E+01  0.000000000000000E+00  0.000000000000000E+00  0.000000000000000E+00  0.000000000000000E+00
  1.424746160482989E+01  0.000000000000000E+00  0.000000000000000E+00  0.000000000000000E+00  0.000000000000000E+00
  1.538921443425445E+01  0.000000000000000E+00  0.000000000000000E+00  0.000000000000000E+00  0.000000000000000E+00
  1.652262719320350E+01  0.000000000000000E+00  0.000000000000000E+00  0.000000000000000E+00  0.000000000000000E+00
  1.708647177095355E+01  0.000000000000000E+00  0.000000000000000E+00  0.000000000000000E+00  0.000000000000000E+00
  1.820889965781559E+01  0.000000000000000E+00  0.000000000000000E+00  0.000000000000000E+00  0.000000000000000E+00
  1.932485241479894E+01  0.000000000000000E+00  0.000000000000000E+00  0.000000000000000E+00  0.000000000000000E+00
  2.043490133768513E+01  0.000000000000000E+00  0.000000000000000E+00  0.000000000000000E+00  0.000000000000000E+00
  2.153954376178952E+01  0.000000000000000E+00  0.000000000000000E+00  0.000000000000000E+00  0.000000000000000E+00
  2.208997570068303E+01  0.000000000000000E+00  0.000000000000000E+00  0.000000000000000E+00  0.000000000000000E+00
  2.318730766775719E+01  0.000000000000000E+00  0.000000000000000E+00  0.000000000000000E+00  0.000000000000000E+00
  2.428022506362698E+01  0.000000000000000E+00  0.000000000000000E+00  0.000000000000000E+00  0.000000000000000E+00
  2.536904596227485E+01  0.000000000000000E+00  0.000000000000000E+00  0.000000000000000E+00  0.000000000000000E+00
  2.645405333051623E+01  0.000000000000000E+00  0.000000000000000E+00  0.000000000000000E+00  0.000000000000000E+00
  2.753550015664440E+01  0.000000000000000E+00  0.000000000000000E+00  0.000000000000000E+00  0.000000000000000E+00
  2.807496027701793E+01  0.000000000000000E+00  0.000000000000000E+00  0.000000000000000E+00  0.000000000000000E+00
  2.915148519879794E+01  0.000000000000000E+00  0.000000000000000E+00  0.000000000000000E+00  0.000000000000000E+00
  3.022497659311129E+01  0.000000000000000E+00  0.000000000000000E+00  0.000000000000000E+00  0.000000000000000E+00
  3.129561098549311E+01  0.000000000000000E+00  0.000000000000000E+00  0.000000000000000E+00  0.000000000000000E+00
  3.236354888274393E+01  0.000000000000000E+00  0.000000000000000E+00  0.000000000000000E+00  0.000000000000000E+00
  3.342893670259569E+01  0.000000000000000E+00  0.000000000000000E+00  0.000000000000000E+00  0.000000000000000E+00
  3.449190843687389E+01  0.000000000000000E+00  0.000000000000000E+00  0.000000000000000E+00  0.000000000000000E+00
  3.502252710164683E+01  0.000000000000000E+00  0.000000000000000E+00  0.000000000000000E+00  0.000000000000000E+00
  3.608210221459395E+01  0.000000000000000E+00  0.000000000000000E+00  0.000000000000000E+00  0.000000000000000E+00
  3.713955070435508E+01  0.000000000000000E+00  0.000000000000000E+00  0.000000000000000E+00  0.000000000000000E+00
  3.819497301120309E+01  0.000000000000000E+00  0.000000000000000E+00  0.000000000000000E+00  0.000000000000000E+00
  3.924846214401177E+01  0.000000000000000E+00  0.000000000000000E+00  0.000000000000000E+00  0.000000000000000E+00
  4.030010442071053E+01  0.000000000000000E+00  0.000000000000000E+00  0.000000000000000E+00  0.000000000000000E+00
  4.134998012159693E+01  0.000000000000000E+00  0.000000000000000E+00  0.000000000000000E+00  0.000000000000000E+00
  4.239816406588575E+01  0.000000000000000E+00  0.000000000000000E+00  0.000000000000000E+00  0.000000000000000E+00
  4.344472611989123E+01  0.000000000000000E+00  0.000000000000000E+00  0.000000000000000E+00  0.000000000000000E+00
  4.448973164491928E+01  0.000000000000000E+00  0.000000000000000E+00  0.000000000000000E+00  0.000000000000000E+00
  4.501167000098698E+01  0.000000000000000E+00  0.000000000000000E+00  0.000000000000000E+00  0.000000000000000E+00
  4.605445439341471E+01  0.000000000000000E+00  0.000000000000000E+00  0.000000000000000E+00  0.000000000000000E+00
  4.709582844145208E+01  0.000000000000000E+00  0.000000000000000E+00  0.000000000000000E+00  0.000000000000000E+00
  4.813584458259324E+01  0.000000000000000E+00  0.000000000000000E+00  0.000000000000000E+00  0.000000000000000E+00
  4.917455222344428E+01  0.000000000000000E+00  0.000000000000000E+00  0.000000000000000E+00  0.000000000000000E+00
  5.021199798049999E+01  0.000000000000000E+00  0.000000000000000E+00  0.000000000000000E+00  0.000000000000000E+00
  5.124822589695251E+01  0.000000000000000E+00  0.000000000000000E+00  0.000000000000000E+00  0.000000000000000E+00
  5.228327763804417E+01  0.000000000000000E+00  0.000000000000000E+00  0.000000000000000E+00  0.000000000000000E+00
  5.331719266739876E+01  0.000000000000000E+00  0.000000000000000E+00  0.000000000000000E+00  0.000000000000000E+00
  5.435000840664901E+01  0.000000000000000E+00  0.000000000000000E+00  0.000000000000000E+00  0.000000000000000E+00
  5.538176038043446E+01  0.000000000000000E+00  0.000000000000000E+00  0.000000000000000E+00  0.000000000000000E+00
  5.641248234851329E+01  0.000000000000000E+00  0.000000000000000E+00  0.000000000000000E+00  0.000000000000000E+00
  5.744220642640028E+01  0.000000000000000E+00  0.000000000000000E+00  0.000000000000000E+00  0.000000000000000E+00
  5.847096319567770E+01  0.000000000000000E+00  0.000000000000000E+00  0.000000000000000E+00  0.000000000000000E+00
  5.949878180495364E+01  0.000000000000000E+00  0.000000000000000E+00  0.000000000000000E+00  0.000000000000000E+00
  6.001234803962299E+01  0.000000000000000E+00  0.000000000000000E+00  0.000000000000000E+00  0.000000000000000E+00
  6.103881115361484E+01  0.000000000000000E+00  0.000000000000000E+00  0.000000000000000E+00  0.000000000000000E+00
  6.206440329819898E+01  0.000000000000000E+00  0.000000000000000E+00  0.000000000000000E+00  0.000000000000000E+00
  6.308914928665776E+01  0.000000000000000E+00  0.000000000000000E+00  0.000000000000000E+00  0.000000000000000E+00
  6.411307286023148E+01  0.000000000000000E+00  0.000000000000000E+00  0.000000000000000E+00  0.000000000000000E+00
  6.513619675183104E+01  0.000000000000000E+00  0.000000000000000E+00  0.000000000000000E+00  0.000000000000000E+00
  6.615854274497180E+01  0.000000000000000E+00  0.000000000000000E+00  0.000000000000000E+00  0.000000000000000E+00
  6.718013172834684E+01  0.000000000000000E+00  0.000000000000000E+00  0.000000000000000E+00  0.000000000000000E+00
  6.820098374640972E+01  0.000000000000000E+00  0.000000000000000E+00  0.000000000000000E+00  0.000000000000000E+00
  6.922111804630497E+01  0.000000000000000E+00  0.000000000000000E+00  0.000000000000000E+00  0.000000000000000E+00
  7.024055312146069E+01  0.000000000000000E+00  0.000000000000000E+00  0.000000000000000E+00  0.000000000000000E+00
  7.125930675213493E+01  0.000000000000000E+00  0.000000000000000E+00  0.000000000000000E+00  0.000000000000000E+00
  7.227739604318135E+01  0.000000000000000E+00  0.000000000000000E+00  0.000000000000000E+00  0.000000000000000E+00
  7.329483745927196E+01  0.000000000000000E+00  0.000000000000000E+00  0.000000000000000E+00  0.000000000000000E+00
  7.431164685778639E+01  0.000000000000000E+00  0.000000000000000E+00  0.000000000000000E+00  0.000000000000000E+00
  7.532783951955295E+01  0.000000000000000E+00  0.000000000000000E+00  0.000000000000000E+00  0.000000000000000E+00
  7.634343017760662E+01  0.000000000000000E+00  0.000000000000000E+00  0.000000000000000E+00  0.000000000000000E+00
  7.735843304411478E+01  0.000000000000000E+00  0.000000000000000E+00  0.000000000000000E+00  0.000000000000000E+00
  7.837286183560963E+01  0.000000000000000E+00  0.000000000000000E+00  0.000000000000000E+00  0.000000000000000E+00
  7.938672979665658E+01  0.000000000000000E+00  0.000000000000000E+00  0.000000000000000E+00  0.000000000000000E+00
  8.040004972207775E+01  0.000000000000000E+00  0.000000000000000E+00  0.000000000000000E+00  0.000000000000000E+00
  8.141283397783967E+01  0.000000000000000E+00  0.000000000000000E+00  0.000000000000000E+00  0.000000000000000E+00
  8.242509452070406E+01  0.000000000000000E+00  0.000000000000000E+00  0.000000000000000E+00  0.000000000000000E+00
  8.343684291673075E+01  0.000000000000000E+00  0.000000000000000E+00  0.000000000000000E+00  0.000000000000000E+00
  8.444809035871323E+01  0.000000000000000E+00  0.000000000000000E+00  0.000000000000000E+00  0.000000000000000E+00
  8.545884768262053E+01  0.000000000000000E+00  0.000000000000000E+00  0.000000000000000E+00  0.000000000000000E+00
  8.646912538311321E+01  0.000000000000000E+00  0.000000000000000E+00  0.000000000000000E+00  0.000000000000000E+00
  8.747893362819619E+01  0.000000000000000E+00  0.000000000000000E+00  0.000000000000000E+00  0.000000000000000E+00
  8.848828227306714E+01  0.000000000000000E+00  0.000000000000000E+00  0.000000000000000E+00  0.000000000000000E+00
  8.949718087321445E+01  0.000000000000000E+00  0.000000000000000E+00  0.000000000000000E+00  0.000000000000000E+00
  9.000146431371968E+01  0.000000000000000E+00  0.000000000000000E+00  0.000000000000000E+00  0.000000000000000E+00
  9.100970513805584E+01  0.000000000000000E+00  0.000000000000000E+00  0.000000000000000E+00  0.000000000000000E+00
  9.201751857491961E+01  0.000000000000000E+00  0.000000000000000E+00  0.000000000000000E+00  0.000000000000000E+00
  9.302491322425435E+01  0.000000000000000E+00  0.000000000000000E+00  0.000000000000000E+00  0.000000000000000E+00
  9.403189743719557E+01  0.000000000000000E+00  0.000000000000000E+00  0.000000000000000E+00  0.000000000000000E+00
  9.503847932583238E+01  0.000000000000000E+00  0.000000000000000E+00  0.000000000000000E+00  0.000000000000000E+00
  9.604466677247962E+01  0.000000000000000E+00  0.000000000000000E+00  0.000000000000000E+00  0.000000000000000E+00
  9.705046743849007E+01  0.000000000000000E+00  0.000000000000000E+00  0.000000000000000E+00  0.000000000000000E+00
  9.805588877263516E+01  0.000000000000000E+00  0.000000000000000E+00  0.000000000000000E+00  0.000000000000000E+00
  9.906093801907947E+01  0.000000000000000E+00  0.000000000000000E+00  0.000000000000000E+00  0.000000000000000E+00
  1.000656222249737E+02  0.000000000000000E+00  0.000000000000000E+00  0.000000000000000E+00  0.000000000000000E+00
  1.010699482476877E+02  0.000000000000000E+00  0.000000000000000E+00  0.000000000000000E+00  0.000000000000000E+00
  1.020739227617049E+02  0.000000000000000E+00  0.000000000000000E+00  0.000000000000000E+00  0.000000000000000E+00
  1.030775522651970E+02  0.000000000000000E+00  0.000000000000000E+00  0.000000000000000E+00  0.000000000000000E+00
  1.040808430862967E+02  0.000000000000000E+00  0.000000000000000E+00  0.000000000000000E+00  0.000000000000000E+00
  1.050838013890858E+02  0.000000000000000E+00  0.000000000000000E+00  0.000000000000000E+00  0.000000000000000E+00
  1.060864331793145E+02  0.000000000000000E+00  0.000000000000000E+00  0.000000000000000E+00  0.000000000000000E+00
  1.070887443098649E+02  0.000000000000000E+00  0.000000000000000E+00  0.000000000000000E+00  0.000000000000000E+00
  1.080907404859756E+02  0.000000000000000E+00  0.000000000000000E+00  0.000000000000000E+00  0.000000000000000E+00
  1.090924272702376E+02  0.000000000000000E+00  0.000000000000000E+00  0.000000000000000E+00  0.000000000000000E+00
  1.100938100873750E+02  0.000000000000000E+00  0.000000000000000E+00  0.000000000000000E+00  0.000000000000000E+00
  1.110948942288213E+02  0.000000000000000E+00  0.000000000000000E+00  0.000000000000000E+00  0.000000000000000E+00
  1.120956848571025E+02  0.000000000000000E+00  0.000000000000000E+00  0.000000000000000E+00  0.000000000000000E+00
  1.130961870100357E+02  0.000000000000000E+00  0.000000000000000E+00  0.000000000000000E+00  0.000000000000000E+00
  1.140964056047546E+02  0.000000000000000E+00  0.000000000000000E+00  0.000000000000000E+00  0.000000000000000E+00
  1.150963454415681E+02  0.000000000000000E+00  0.000000000000000E+00  0.000000000000000E+00  0.000000000000000E+00
  1.160960112076633E+02  0.000000000000000E+00  0.000000000000000E+00  0.000000000000000E+00  0.000000000000000E+00
  1.170954074806575E+02  0.000000000000000E+00  0.000000000000000E+00  0.000000000000000E+00  0.000000000000000E+00
  1.180945387320093E+02  0.000000000000000E+00  0.000000000000000E+00  0.000000000000000E+00  0.000000000000000E+00
  1.190934093302944E+02  0.000000000000000E+00  0.000000000000000E+00  0.000000000000000E+00  0.000000000000000E+00
  1.200920235443525E+02  0.000000000000000E+00  0.000000000000000E+00  0.000000000000000E+00  0.000000000000000E+00
  1.210903855463118E+02  0.000000000000000E+00  0.000000000000000E+00  0.000000000000000E+00  0.000000000000000E+00
  1.220884994144974E+02  0.000000000000000E+00  0.000000000000000E+00  0.000000000000000E+00  0.000000000000000E+00
  1.230863691362278E+02  0.000000000000000E+00  0.000000000000000E+00  0.000000000000000E+00  0.000000000000000E+00
  1.240839986105062E+02  0.000000000000000E+00  0.000000000000000E+00  0.000000000000000E+00  0.000000000000000E+00
  1.250813916506098E+02  0.000000000000000E+00  0.000000000000000E+00  0.000000000000000E+00  0.000000000000000E+00
  1.260785519865836E+02  0.000000000000000E+00  0.000000000000000E+00  0.000000000000000E+00  0.000000000000000E+00
  1.270754832676410E+02  0.000000000000000E+00  0.000000000000000E+00  0.000000000000000E+00  0.000000000000000E+00
  1.280721890644781E+02  0.000000000000000E+00  0.000000000000000E+00  0.000000000000000E+00  0.000000000000000E+00
  1.290686728715019E+02  0.000000000000000E+00  0.000000000000000E+00  0.000000000000000E+00  0.000000000000000E+00
  1.300649381089801E+02  0.000000000000000E+00  0.000000000000000E+00  0.000000000000000E+00  0.000000000000000E+00
  1.310609881251131E+02  0.000000000000000E+00  0.000000000000000E+00  0.000000000000000E+00  0.000000000000000E+00
  1.320568261980325E+02  0.000000000000000E+00  0.000000000000000E+00  0.000000000000000E+00  0.000000000000000E+00
  1.330524555377301E+02  0.000000000000000E+00  0.000000000000000E+00  0.000000000000000E+00  0.000000000000000E+00
  1.340478792879187E+02  0.000000000000000E+00  0.000000000000000E+00  0.000000000000000E+00  0.000000000000000E+00
  1.350431005278292E+02  0.000000000000000E+00  0.000000000000000E+00  0.000000000000000E+00  0.000000000000000E+00
  1.360381222739458E+02  0.000000000000000E+00  0.000000000000000E+00  0.000000000000000E+00  0.000000000000000E+00
  1.370329474816820E+02  0.000000000000000E+00  0.000000000000000E+00  0.000000000000000E+00  0.000000000000000E+00
  1.380275790469997E+02  0.000000000000000E+00  0.000000000000000E+00  0.000000000000000E+00  0.000000000000000E+00
  1.390220198079748E+02  0.000000000000000E+00  0.000000000000000E+00  0.000000000000000E+00  0.000000000000000E+00
  1.400162725463097E+02  0.000000000000000E+00  0.000000000000000E+00  0.000000000000000E+00  0.000000000000000E+00
  1.410103399887965E+02  0.000000000000000E+00  0.000000000000000E+00  0.000000000000000E+00  0.000000000000000E+00
  1.420042248087320E+02  0.000000000000000E+00  0.000000000000000E+00  0.000000000000000E+00  0.000000000000000E+00
  1.434947153412352E+02  0.000000000000000E+00  0.000000000000000E+00  0.000000000000000E+00  0.000000000000000E+00
  1.444881549616356E+02  0.000000000000000E+00  0.000000000000000E+00  0.000000000000000E+00  0.000000000000000E+00
  1.454814209141168E+02  0.000000000000000E+00  0.000000000000000E+00  0.000000000000000E+00  0.000000000000000E+00
  1.464745156475637E+02  0.000000000000000E+00  0.000000000000000E+00  0.000000000000000E+00  0.000000000000000E+00
  1.474674415643718E+02  0.000000000000000E+00  0.000000000000000E+00  0.000000000000000E+00  0.000000000000000E+00
  1.484602010215933E+02  0.000000000000000E+00  0.000000000000000E+00  0.000000000000000E+00  0.000000000000000E+00
  1.494527963320479E+02  0.000000000000000E+00  0.000000000000000E+00  0.000000000000000E+00  0.000000000000000E+00
  1.504452297653980E+02  0.000000000000000E+00  0.000000000000000E+00  0.000000000000000E+00  0.000000000000000E+00
  1.514375006439436E+02  0.000000000000000E+00  0.000000000000000E+00  0.000000000000000E+00  0.000000000000000E+00
  1.524295802514883E+02  0.000000000000000E+00  0.000000000000000E+00  0.000000000000000E+00  0.000000000000000E+00
  1.534214639132884E+02  0.000000000000000E+00  0.000000000000000E+00  0.000000000000000E+00  0.000000000000000E+00
  1.544131544121484E+02  0.000000000000000E+00  0.000000000000000E+00  0.000000000000000E+00  0.000000000000000E+00
  1.554046544772518E+02  0.000000000000000E+00  0.000000000000000E+00  0.000000000000000E+00  0.000000000000000E+00
  1.563959667855271E+02  0.000000000000000E+00  0.000000000000000E+00  0.000000000000000E+00  0.000000000000000E+00
  1.573870939629697E+02  0.000000000000000E+00  0.000000000000000E+00  0.000000000000000E+00  0.000000000000000E+00
  1.583780385859173E+02  0.000000000000000E+00  0.000000000000000E+00  0.000000000000000E+00  0.000000000000000E+00
  1.593688031822814E+02  0.000000000000000E+00  0.000000000000000E+00  0.000000000000000E+00  0.000000000000000E+00
  1.603593902327360E+02  0.000000000000000E+00  0.000000000000000E+00  0.000000000000000E+00  0.000000000000000E+00
  1.613498021718669E+02  0.000000000000000E+00  0.000000000000000E+00  0.000000000000000E+00  0.000000000000000E+00
  1.623400413892852E+02  0.000000000000000E+00  0.000000000000000E+00  0.000000000000000E+00  0.000000000000000E+00
  1.633301102307040E+02  0.000000000000000E+00  0.000000000000000E+00  0.000000000000000E+00  0.000000000000000E+00
  1.643200109989835E+02  0.000000000000000E+00  0.000000000000000E+00  0.000000000000000E+00  0.000000000000000E+00
  1.653097459551437E+02  0.000000000000000E+00  0.000000000000000E+00  0.000000000000000E+00  0.000000000000000E+00
  1.662993173193463E+02  0.000000000000000E+00  0.000000000000000E+00  0.000000000000000E+00  0.000000000000000E+00
  1.672887272718486E+02  0.000000000000000E+00  0.000000000000000E+00  0.000000000000000E+00  0.000000000000000E+00
  1.682779779539285E+02  0.000000000000000E+00  0.000000000000000E+00  0.000000000000000E+00  0.000000000000000E+00
  1.692670714687825E+02  0.000000000000000E+00  0.000000000000000E+00  0.000000000000000E+00  0.000000000000000E+00
  1.702560098823985E+02  0.000000000000000E+00  0.000000000000000E+00  0.000000000000000E+00  0.000000000000000E+00
  1.712447952244027E+02  0.000000000000000E+00  0.000000000000000E+00  0.000000000000000E+00  0.000000000000000E+00
  1.722334294888830E+02  0.000000000000000E+00  0.000000000000000E+00  0.000000000000000E+00  0.000000000000000E+00
  1.732219146351886E+02  0.000000000000000E+00  0.000000000000000E+00  0.000000000000000E+00  0.000000000000000E+00
  1.742102525887071E+02  0.000000000000000E+00  0.000000000000000E+00  0.000000000000000E+00  0.000000000000000E+00
  1.751984452416206E+02  0.000000000000000E+00  0.000000000000000E+00  0.000000000000000E+00  0.000000000000000E+00
  1.761864944536397E+02  0.000000000000000E+00  0.000000000000000E+00  0.000000000000000E+00  0.000000000000000E+00
  1.771744020527176E+02  0.000000000000000E+00  0.000000000000000E+00  0.000000000000000E+00  0.000000000000000E+00
  1.781621698357455E+02  0.000000000000000E+00  0.000000000000000E+00  0.000000000000000E+00  0.000000000000000E+00
  1.791497995692276E+02  0.000000000000000E+00  0.000000000000000E+00  0.000000000000000E+00  0.000000000000000E+00
  1.801372929899382E+02  0.000000000000000E+00  0.000000000000000E+00  0.000000000000000E+00  0.000000000000000E+00
  1.811246518055622E+02  0.000000000000000E+00  0.000000000000000E+00  0.000000000000000E+00  0.000000000000000E+00
  1.821118776953165E+02  0.000000000000000E+00  0.000000000000000E+00  0.000000000000000E+00  0.000000000000000E+00
  1.830989723105566E+02  0.000000000000000E+00  0.000000000000000E+00  0.000000000000000E+00  0.000000000000000E+00
  1.840859372753658E+02  0.000000000000000E+00  0.000000000000000E+00  0.000000000000000E+00  0.000000000000000E+00
  1.850727741871298E+02  0.000000000000000E+00  0.000000000000000E+00  0.000000000000000E+00  0.000000000000000E+00
  1.860594846170956E+02  0.000000000000000E+00  0.000000000000000E+00  0.000000000000000E+00  0.000000000000000E+00
  1.870460701109165E+02  0.000000000000000E+00  0.000000000000000E+00  0.000000000000000E+00  0.000000000000000E+00
  1.880325321891818E+02  0.000000000000000E+00  0.000000000000000E+00  0.000000000000000E+00  0.000000000000000E+00
  1.890188723479345E+02  0.000000000000000E+00  0.000000000000000E+00  0.000000000000000E+00  0.000000000000000E+00
  1.900050920591744E+02  0.000000000000000E+00  0.000000000000000E+00  0.000000000000000E+00  0.000000000000000E+00
  1.914841989491038E+02  0.000000000000000E+00  0.000000000000000E+00  0.000000000000000E+00  0.000000000000000E+00
  1.924701238281715E+02  0.000000000000000E+00  0.000000000000000E+00  0.000000000000000E+00  0.000000000000000E+00
  1.934559332293592E+02  0.000000000000000E+00  0.000000000000000E+00  0.000000000000000E+00  0.000000000000000E+00
  1.944416285223692E+02  0.000000000000000E+00  0.000000000000000E+00  0.000000000000000E+00  0.000000000000000E+00
  1.954272110554109E+02  0.000000000000000E+00  0.000000000000000E+00  0.000000000000000E+00  0.000000000000000E+00
  1.964126821556279E+02  0.000000000000000E+00  0.000000000000000E+00  0.000000000000000E+00  0.000000000000000E+00
  1.973980431295145E+02  0.000000000000000E+00  0.000000000000000E+00  0.000000000000000E+00  0.000000000000000E+00
  1.983832952633217E+02  0.000000000000000E+00  0.000000000000000E+00  0.000000000000000E+00  0.000000000000000E+00
  1.993684398234531E+02  0.000000000000000E+00  0.000000000000000E+00  0.000000000000000E+00  0.000000000000000E+00
  2.003534780568523E+02  0.000000000000000E+00  0.000000000000000E+00  0.000000000000000E+00  0.000000000000000E+00
  2.013384111913796E+02  0.000000000000000E+00  0.000000000000000E+00  0.000000000000000E+00  0.000000000000000E+00
  2.023232404361809E+02  0.000000000000000E+00  0.000000000000000E+00  0.000000000000000E+00  0.000000000000000E+00
  2.033079669820466E+02  0.000000000000000E+00  0.000000000000000E+00  0.000000000000000E+00  0.000000000000000E+00
  2.042925920017630E+02  0.000000000000000E+00  0.000000000000000E+00  0.000000000000000E+00  0.000000000000000E+00
  2.052771166504549E+02  0.000000000000000E+00  0.000000000000000E+00  0.000000000000000E+00  0.000000000000000E+00
  2.062615420659204E+02  0.000000000000000E+00  0.000000000000000E+00  0.000000000000000E+00  0.000000000000000E+00
  2.072458693689574E+02  0.000000000000000E+00  0.000000000000000E+00  0.000000000000000E+00  0.000000000000000E+00
  2.082300996636831E+02  0.000000000000000E+00  0.000000000000000E+00  0.000000000000000E+00  0.000000000000000E+00
  2.092142340378459E+02  0.000000000000000E+00  0.000000000000000E+00  0.000000000000000E+00  0.000000000000000E+00
  2.101982735631296E+02  0.000000000000000E+00  0.000000000000000E+00  0.000000000000000E+00  0.000000000000000E+00
  2.111822192954519E+02  0.000000000000000E+00  0.000000000000000E+00  0.000000000000000E+00  0.000000000000000E+00
  2.121660722752544E+02  0.000000000000000E+00  0.000000000000000E+00  0.000000000000000E+00  0.000000000000000E+00
  2.131498335277875E+02  0.000000000000000E+00  0.000000000000000E+00  0.000000000000000E+00  0.000000000000000E+00
  2.141335040633880E+02  0.000000000000000E+00  0.000000000000000E+00  0.000000000000000E+00  0.000000000000000E+00
  2.151170848777507E+02  0.000000000000000E+00  0.000000000000000E+00  0.000000000000000E+00  0.000000000000000E+00
  2.161005769521941E+02  0.000000000000000E+00  0.000000000000000E+00  0.000000000000000E+00  0.000000000000000E+00
  2.170839812539201E+02  0.000000000000000E+00  0.000000000000000E+00  0.000000000000000E+00  0.000000000000000E+00
  2.180672987362673E+02  0.000000000000000E+00  0.000000000000000E+00  0.000000000000000E+00  0.000000000000000E+00
  2.190505303389600E+02  0.000000000000000E+00  0.000000000000000E+00  0.000000000000000E+00  0.000000000000000E+00
  2.200336769883505E+02  0.000000000000000E+00  0.000000000000000E+00  0.000000000000000E+00  0.000000000000000E+00
  2.210167395976570E+02  0.000000000000000E+00  0.000000000000000E+00  0.000000000000000E+00  0.000000000000000E+00
  2.224911779024285E+02  0.000000000000000E+00  0.000000000000000E+00  0.000000000000000E+00  0.000000000000000E+00
  2.234740343227425E+02  0.000000000000000E+00  0.000000000000000E+00  0.000000000000000E+00  0.000000000000000E+00
  2.244568097991119E+02  0.000000000000000E+00  0.000000000000000E+00  0.000000000000000E+00  0.000000000000000E+00
  2.254395051884541E+02  0.000000000000000E+00  0.000000000000000E+00  0.000000000000000E+00  0.000000000000000E+00
  2.264221213357693E+02  0.000000000000000E+00  0.000000000000000E+00  0.000000000000000E+00  0.000000000000000E+00
  2.274046590743470E+02  0.000000000000000E+00  0.000000000000000E+00  0.000000000000000E+00  0.000000000000000E+00
  2.283871192259680E+02  0.000000000000000E+00  0.000000000000000E+00  0.000000000000000E+00  0.000000000000000E+00
  2.293695026011015E+02  0.000000000000000E+00  0.000000000000000E+00  0.000000000000000E+00  0.000000000000000E+00
  2.303518099990993E+02  3.777316864806976E+00  0.000000000000000E+00  0.000000000000000E+00  0.000000000000000E+00
  2.313340422083844E+02  3.777316864806976E+00  0.000000000000000E+00  0.000000000000000E+00  0.000000000000000E+00
  2.323162000066373E+02  3.777316864806976E+00  0.000000000000000E+00  0.000000000000000E+00  0.000000000000000E+00
  2.332982841609768E+02  3.777316864806976E+00  0.000000000000000E+00  0.000000000000000E+00  0.000000000000000E+00
  2.342802954281387E+02  3.777316864806976E+00  0.000000000000000E+00  0.000000000000000E+00  0.000000000000000E+00
  2.352622345546495E+02  3.777316864806976E+00  0.000000000000000E+00  0.000000000000000E+00  0.000000000000000E+00
  2.362441022769972E+02  3.777316864806976E+00  0.000000000000000E+00  0.000000000000000E+00  0.000000000000000E+00
  2.372258993217989E+02  3.777316864806976E+00  0.000000000000000E+00  0.000000000000000E+00  0.000000000000000E+00
  2.382076264059639E+02  3.777316864806976E+00  0.000000000000000E+00  0.000000000000000E+00  0.000000000000000E+00
  2.391892842368548E+02  3.777316864806976E+00  7.850576073763188E-13  5.939031396958338E-38  0.000000000000000E+00
  2.401708735124448E+02  3.777316864806979E+00  3.360125119665412E-12  2.190995998917787E-37  0.000000000000000E+00
  2.411523949214715E+02  3.777316864806994E+00  1.338811935765722E-11  8.082222503602995E-36  0.000000000000000E+00
  2.421338491435880E+02  3.777316864807066E+00  4.986926150721247E-11 -5.326779086279318E-35  0.000000000000000E+00
  2.431152368495113E+02  3.777316864807391E+00  1.743157139538759E-10  2.420077203189731E-34  0.000000000000000E+00
  2.440965587011673E+02  3.777316864808755E+00  5.733013098407693E-10  4.140782836154687E-33  0.000000000000000E+00
  2.450778153518327E+02  3.777316864814077E+00  1.777692244795881E-09  8.105987795990393E-32  0.000000000000000E+00
  2.460590074462750E+02  3.777316864833469E+00  5.207840722592741E-09 -1.877977010442552E-32  0.000000000000000E+00
  2.470401356208893E+02  3.777316864899611E+00  1.444855426846565E-08  7.226168238196154E-32  0.000000000000000E+00
  2.480212005038316E+02  3.777316865111461E+00  3.806536959784028E-08 -3.970942912991045E-30  0.000000000000000E+00
  2.490022027151514E+02  3.777316865750843E+00  9.550538067327857E-08 -1.353626566660466E-29  0.000000000000000E+00
  2.504735898595940E+02  3.777316869456066E+00  3.485623918460057E-07 -2.681744229007942E-28  0.000000000000000E+00
  2.514544380525272E+02  3.777316877432498E+00  7.835068278547318E-07  3.255606347241512E-28  0.000000000000000E+00
  2.524352256820067E+02  3.777316897468377E+00  1.690720371172217E-06 -2.575114457677185E-27  0.000000000000000E+00
  2.534159533331606E+02  3.777316945418312E+00  3.506155891755928E-06  9.628853113611109E-27  0.000000000000000E+00
  2.543966215836891E+02  3.777317054920456E+00  6.996829275895636E-06 -2.853999450087926E-26  0.000000000000000E+00
  2.553772310039808E+02  3.777317294025412E+00  1.345903150355824E-05 -1.479948392159235E-25  0.000000000000000E+00
  2.563577821572264E+02  3.777317794415908E+00  2.500385154705894E-05  6.781737683846747E-26  0.000000000000000E+00
  2.573382755995301E+02  3.777318800591159E+00  4.495345449076205E-05 -5.497284139246010E-26  0.000000000000000E+00
  2.583187118800196E+02  3.777320749405171E+00  7.837139845114267E-05 -9.600275881370647E-26  0.000000000000000E+00
  2.592990915409534E+02  3.777324393531961E+00  1.327264798935255E-04  3.445553958147845E-24  0.000000000000000E+00
  2.602794151178263E+02  3.777330978074394E+00  2.184429170713931E-04 -7.803126108637983E-24  0.000000000000000E+00
  2.612596831394730E+02  3.777342476108516E+00  3.494524210916596E-04  5.517321068189894E-24  0.000000000000000E+00
  2.622398961281698E+02  3.777361896237425E+00  5.438261948789108E-04  1.178747216797509E-22  0.000000000000000E+00
  2.632200545997343E+02  3.777393670253806E+00  8.243642375370749E-04  5.341641736467916E-24  0.000000000000000E+00
  2.642001590636237E+02  3.777444125661753E+00  1.219119064770667E-03  1.564920848997984E-22  0.000000000000000E+00
  2.651802100230305E+02  3.777522042884792E+00  1.761806646376990E-03  2.289739141835059E-22  0.000000000000000E+00
  2.661602079749770E+02  3.777639289936557E+00  2.492052639546321E-03 -2.209044470337645E-22  0.000000000000000E+00
  2.671401534104085E+02  3.777811518140500E+00  3.455420045426587E-03 -6.055573685325567E-22  0.000000000000000E+00
  2.681200468142839E+02  3.778058747833041E+00  4.698890634445463E-03  1.254327543803117E-21  0.000000000000000E+00
  2.690998886656649E+02  3.778404742087572E+00  6.254600891390660E-03 -3.129792871613680E-21  0.000000000000000E+00
  2.700796794378047E+02  3.778876919811529E+00  8.158597206531048E-03  2.394356727325912E-21  0.000000000000000E+00
  2.710594195982330E+02  3.779506439167172E+00  1.044686735944672E-02 -5.263281155352701E-21  0.000000000000000E+00
  2.720391096088418E+02  3.780328113192033E+00  1.315507368584173E-02  9.529053814937840E-21  0.000000000000000E+00
  2.730187499259679E+02  3.781380199871565E+00  1.631823790946499E-02  9.668170947368342E-21  0.000000000000000E+00
  2.744881182111642E+02  3.783481520597400E+00  2.198981302127505E-02  2.584570696011604E-20  0.000000000000000E+00
  2.754676362553361E+02  3.785295965283298E+00  2.643506203042784E-02  1.016594271379630E-20  0.000000000000000E+00
  2.764471061606255E+02  3.787493256039865E+00  3.141414735575566E-02  3.538029738592450E-20  0.000000000000000E+00
  2.774265283593626E+02  3.790090497320230E+00  3.667657061851971E-02 -4.451491581512420E-20  0.000000000000000E+00
  2.784059032787546E+02  3.793094892312744E+00  4.224837331706632E-02  3.549912132163086E-20  0.000000000000000E+00
  2.793852313409598E+02  3.796517317147686E+00  4.817658925504284E-02  1.150202835583322E-19  0.000000000000000E+00
  2.803645129631606E+02  3.800369068392944E+00  5.449064293697519E-02  2.538466399871351E-20  0.000000000000000E+00
  2.813437485576351E+02  3.804660921019090E+00  6.121472143247921E-02  2.999647272342187E-19  0.000000000000000E+00
  2.823229385318276E+02  3.809402416470943E+00  6.836893517579495E-02 -1.028675627149124E-19  0.000000000000000E+00
  2.833020832884172E+02  3.814601216018477E+00  7.596914815005015E-02  1.310818283457621E-19  0.000000000000000E+00
  2.842811832253868E+02  3.820262501062098E+00  8.402673563609586E-02  1.693680071816903E-19  0.000000000000000E+00
  2.852602387360888E+02  3.826314073733465E+00  9.224686450624417E-02 -2.736889856366568E-20  0.000000000000000E+00
  2.862392502093116E+02  3.832356925659410E+00  1.002770147687102E-01 -3.489696733259615E-19  0.000000000000000E+00
  2.872182180293439E+02  3.838463347551521E+00  1.089497497106011E-01  1.459222757695099E-20  0.000000000000000E+00
  2.881971407918986E+02  3.844702415871440E+00  1.181939859597999E-01  3.643459890042788E-20  0.000000000000000E+00
  2.891760122936668E+02  3.851116388799153E+00  1.279397162643774E-01 -9.407949981725969E-19  0.000000000000000E+00
  2.901548325661428E+02  3.857733771382237E+00  1.381452098510407E-01  4.322757636119865E-19  0.000000000000000E+00
  2.911336020582598E+02  3.864573439016562E+00  1.487794626752218E-01  1.767220052616743E-18  0.000000000000000E+00
  2.921123212137189E+02  3.871646682566106E+00  1.598143460142698E-01  1.419477518154556E-18  0.000000000000000E+00
  2.930909904710645E+02  3.878958484025413E+00  1.712217865176497E-01 -1.127115983910941E-19  0.000000000000000E+00
  2.940696102637581E+02  3.886508449569734E+00  1.829728599527746E-01  2.178410904884874E-18  0.000000000000000E+00
  2.950481810202510E+02  3.894567878330002E+00  1.953293903070711E-01  3.793091847138137E-18  0.000000000000000E+00
  2.960267031640554E+02  3.903300554005524E+00  2.079745767031184E-01  1.946301392337008E-18  0.000000000000000E+00
  2.970051771138150E+02  3.912590841189945E+00  2.207893529163523E-01  1.596509981147691E-18  0.000000000000000E+00
  2.984727985786078E+02  3.927437639895191E+00  2.403341110229583E-01 -1.891552305497084E-18  0.000000000000000E+00
  2.994511538434876E+02  3.937876032864525E+00  2.535606415207310E-01 -4.703444432929559E-18  0.000000000000000E+00
  3.004294623422162E+02  3.948701809228524E+00  2.669170875070507E-01 -8.252739801644189E-19  0.000000000000000E+00
  3.014077244723614E+02  3.959880400123560E+00  2.803750926068962E-01  9.742963243619253E-19  0.000000000000000E+00
  3.023859406269860E+02  3.971379307545572E+00  2.939049020858714E-01  1.199171336277894E-19  0.000000000000000E+00
  3.033641101735927E+02  3.983167337121419E+00  3.074767152471586E-01  1.931267218852531E-18  0.000000000000000E+00
  3.043422269448860E+02  3.995215478341041E+00  3.210610752425880E-01 -2.006428861039982E-18  0.000000000000000E+00
  3.053202902241640E+02  4.007519144847280E+00  3.346183036294764E-01  3.859256422651563E-19  0.000000000000000E+00
  3.062983004655542E+02  4.020077031590430E+00  3.481072749115532E-01 -1.984164385819008E-18  0.000000000000000E+00
  3.072762581180151E+02  4.032876904851603E+00  3.614966166035775E-01 -3.003419846754386E-18  0.000000000000000E+00
  3.082541636254078E+02  4.045901141914494E+00  3.747603181344087E-01 -4.149646752416667E-18  0.000000000000000E+00
  3.092320174265683E+02  4.059129050213830E+00  3.878757200378828E-01 -1.132150628647543E-18  0.000000000000000E+00
  3.102098161354908E+02  4.072538193980921E+00  4.008227238356840E-01  3.376134558900837E-19  0.000000000000000E+00
  3.111875546414991E+02  4.086105305820450E+00  4.135835025990901E-01 -6.040506416275244E-19  0.000000000000000E+00
  3.121652334526884E+02  4.099806978690376E+00  4.261424381908515E-01  5.813313970995908E-18  0.000000000000000E+00
  3.131428530713672E+02  4.113619990498743E+00  4.384859799268507E-01  1.042881995554423E-17  0.000000000000000E+00
  3.141204139941400E+02  4.127521578287337E+00  4.506025703066776E-01  2.736546149870855E-18  0.000000000000000E+00
  3.150979167119872E+02  4.141490809413323E+00  4.624811875058541E-01  8.176488256313221E-18  0.000000000000000E+00
  3.160753615418438E+02  4.155510004107080E+00  4.741101368744126E-01  5.037763928269380E-18  0.000000000000000E+00
  3.170527414210852E+02  4.169563314910222E+00  4.854788822860842E-01  4.151485314603336E-18  0.000000000000000E+00
  3.180300545530558E+02  4.183636134395929E+00  4.965788272330617E-01 -3.086882576712131E-18  0.000000000000000E+00
  3.190073014954083E+02  4.197714689063347E+00  5.074033801066765E-01 -7.297154280521421E-18  0.000000000000000E+00
  3.204730490077147E+02  4.218814690400028E+00  5.231140412777116E-01  1.982181768873098E-18  0.000000000000000E+00
  3.214501328744373E+02  4.232851348046580E+00  5.332332995086084E-01  4.259332695699006E-18  0.000000000000000E+00
  3.224271524540677E+02  4.246850237522102E+00  5.430679645182290E-01  1.553354305902676E-17  0.000000000000000E+00
  3.234041049961996E+02  4.260800165579827E+00  5.526186988636759E-01  5.097815343851403E-18  0.000000000000000E+00
  3.243809836400478E+02  4.274690481294513E+00  5.618873192183695E-01 -3.713222461783547E-18  0.000000000000000E+00
  3.253577889971659E+02  4.288511379664063E+00  5.708765496795724E-01  2.261087146277467E-19  0.000000000000000E+00
  3.263345216721834E+02  4.302254002699316E+00  5.795895665464037E-01  6.214206584610653E-18  0.000000000000000E+00
  3.273111822629044E+02  4.315910480503995E+00  5.880299089167161E-01 -2.145514548435695E-19  0.000000000000000E+00
  3.282877713604040E+02  4.329473874672702E+00  5.962014991336514E-01  5.889629767117309E-19  0.000000000000000E+00
  3.292642895491227E+02  4.342938088497553E+00  6.041086689999139E-01 -4.595270122447929E-18  0.000000000000000E+00
  3.302407364507876E+02  4.356297758596560E+00  6.117561625962945E-01 -1.712076341907721E-17  0.000000000000000E+00
  3.312171041631216E+02  4.369548077443653E+00  6.191490844238434E-01 -2.113587161346822E-17  0.000000000000000E+00
  3.321933914644151E+02  4.382684909685515E+00  6.262929679133834E-01 -1.396806970648987E-17  0.000000000000000E+00
  3.331695990103582E+02  4.395704656717366E+00  6.331937089223313E-01 -1.790256666111882E-17  0.000000000000000E+00
  3.341457274492706E+02  4.408604172552383E+00  6.398575107366145E-01 -2.006815414065828E-17  0.000000000000000E+00
  3.351217774222060E+02  4.421380718848440E+00  6.462908288328413E-01 -6.201479315366440E-18  0.000000000000000E+00
  3.360977495630542E+02  4.434031948622763E+00  6.525002757898209E-01  2.607380655214934E-18  0.000000000000000E+00
  3.370736444986421E+02  4.446555905364489E+00  6.584925204576897E-01 -4.219880096728359E-18  0.000000000000000E+00
  3.380494609298364E+02  4.458950993364877E+00  6.642742052297301E-01 -8.160605031602047E-18  0.000000000000000E+00
  3.390251905783908E+02  4.471215900642951E+00  6.698518764582458E-01 -1.958114918454454E-17  0.000000000000000E+00
  3.400008330902153E+02  4.483349764960132E+00  6.752320359681587E-01 -1.600088379097872E-17  0.000000000000000E+00
  3.414641350052296E+02  4.501303772346278E+00  6.829459314752879E-01 -1.963448663600319E-17  0.000000000000000E+00
  3.424395627197479E+02  4.513108318322745E+00  6.878601214848175E-01 -2.413935755445288E-17  0.000000000000000E+00
  3.434149057128715E+02  4.524781134289437E+00  6.925987711028482E-01 -1.737123925859063E-17  0.000000000000000E+00
  3.443901646575368E+02  4.536322540890518E+00  6.971679199012041E-01 -9.624438620677199E-18  0.000000000000000E+00
  3.453653402192486E+02  4.547733032060314E+00  7.015735008476595E-01 -1.657497429137093E-17  0.000000000000000E+00
  3.463404301466330E+02  4.559013217563310E+00  7.058213219287511E-01 -1.279125527625442E-17  0.000000000000000E+00
  3.473154258209200E+02  4.570163768338327E+00  7.099170398594814E-01 -1.229354930507939E-17  0.000000000000000E+00
  3.482903277923153E+02  4.581185583441814E+00  7.138662033567748E-01 -1.184446103373082E-17  0.000000000000000E+00
  3.492651368005920E+02  4.592079674109483E+00  7.176742025307742E-01 -3.734881739796137E-17  0.000000000000000E+00
  3.502398535773434E+02  4.602847152288995E+00  7.213462574024251E-01 -1.401006649137300E-17  0.000000000000000E+00
  3.512144788460971E+02  4.613489221345975E+00  7.248874120198829E-01  1.646368332860249E-17  0.000000000000000E+00
  3.521890133224275E+02  4.624007166258935E+00  7.283025329835155E-01 -1.665778229832494E-18  0.000000000000000E+00
  3.531634577140669E+02  4.634402343282376E+00  7.315963115578076E-01  1.273599449976416E-17  0.000000000000000E+00
  3.541378127210132E+02  4.644676169247674E+00  7.347732684539596E-01  1.714122840418093E-17  0.000000000000000E+00
  3.551120750737041E+02  4.654830069578425E+00  7.378377491803123E-01  4.633422957104646E-17  0.000000000000000E+00
  3.560862365946298E+02  4.664865460463329E+00  7.407939301917797E-01  1.950765111904518E-17  0.000000000000000E+00
  3.570602980675605E+02  4.674783883087117E+00  7.436458645918252E-01 -2.328549189297041E-18  0.000000000000000E+00
  3.580342602676637E+02  4.684586900397969E+00  7.463974600991820E-01 -2.678769469878752E-17  0.000000000000000E+00
  3.590081239616247E+02  4.694276090891524E+00  7.490524819216131E-01  1.681527014155039E-19  0.000000000000000E+00
  3.604687364601182E+02  4.708599929885533E+00  7.528618296827662E-01 -8.813344544687574E-18  0.000000000000000E+00
  3.614423571883661E+02  4.718011520957163E+00  7.552909711594472E-01 -1.156169687435327E-17  0.000000000000000E+00
  3.624158820287572E+02  4.727314871921443E+00  7.576356210225027E-01 -5.130501642602414E-18  0.000000000000000E+00
  3.633893117112368E+02  4.736511584075727E+00  7.598989271094913E-01 -1.282789731039489E-17  0.000000000000000E+00
  3.643626431084888E+02  4.745603220293879E+00  7.620839002600014E-01 -7.916402957813537E-18  0.000000000000000E+00
  3.653358675753701E+02  4.754591289077582E+00  7.641934167736197E-01 -2.056908626293652E-17  0.000000000000000E+00
  3.663089859263260E+02  4.763477381041275E+00  7.662302546616828E-01 -3.211405559151781E-17  0.000000000000000E+00
  3.672819989669683E+02  4.772263076031154E+00  7.681970786956558E-01 -2.041258382887613E-17  0.000000000000000E+00
  3.682549074941967E+02  4.780949940586215E+00  7.700964459506650E-01 -6.981223646034376E-18  0.000000000000000E+00
  3.692277122963204E+02  4.789539525733026E+00  7.719308109191548E-01 -5.898279514577768E-18  0.000000000000000E+00
  3.702004141531747E+02  4.798033365206443E+00  7.737025300281890E-01  6.439746364361043E-18  0.000000000000000E+00
  3.711730138362383E+02  4.806432974111976E+00  7.754138655651750E-01  9.631396172188318E-18  0.000000000000000E+00
  3.721455121087463E+02  4.814739847984044E+00  7.770669891284493E-01  8.752955844194909E-18  0.000000000000000E+00
  3.731179097258023E+02  4.822955462157390E+00  7.786639847683599E-01  7.154387061225223E-18  0.000000000000000E+00
  3.740902049528772E+02  4.831081250671635E+00  7.802068482805761E-01  2.855207577143780E-18  0.000000000000000E+00
  3.750623883971203E+02  4.839118564453013E+00  7.816974832394578E-01 -1.058539549413163E-18  0.000000000000000E+00
  3.760344599844463E+02  4.847068812888133E+00  7.831377296025704E-01  2.293927082607988E-18  0.000000000000000E+00
  3.770064205457269E+02  4.854933391515790E+00  7.845293534529283E-01  1.960291149626897E-18  0.000000000000000E+00
  3.784641550095537E+02  4.866572627487272E+00  7.865293091229084E-01  3.698819433761885E-18  0.000000000000000E+00
  3.794358415828934E+02  4.874228992993162E+00  7.878066395380480E-01 -1.664089674840304E-18  0.000000000000000E+00
  3.804074199692020E+02  4.881804399098406E+00  7.890409842832415E-01 -1.684111954153881E-18  0.000000000000000E+00
  3.813788909603905E+02  4.889300140826954E+00  7.902338117619082E-01 -1.194808996875531E-18  0.000000000000000E+00
  3.823502553400320E+02  4.896717490357118E+00  7.913865326169992E-01 -7.788636013746845E-19  0.000000000000000E+00
  3.833215138834734E+02  4.904057697053246E+00  7.925005022743294E-01  4.061646749455597E-18  0.000000000000000E+00
  3.842926673579447E+02  4.911321987605017E+00  7.935770232558482E-01 -4.101209581644475E-20  0.000000000000000E+00
  3.852637064360874E+02  4.918511491759000E+00  7.946173368831255E-01 -2.155907619710057E-18  0.000000000000000E+00
  3.862346282859526E+02  4.925627367625467E+00  7.956226435067281E-01 -8.416847863616075E-18  0.000000000000000E+00
  3.872054337583772E+02  4.932670779168288E+00  7.965941006426386E-01  1.708999028738248E-17  0.000000000000000E+00
  3.881761236952480E+02  4.939642868704428E+00  7.975328208144529E-01  1.479912963179392E-17  0.000000000000000E+00
  3.891466989296228E+02  4.946544757210557E+00  7.984398734498132E-01  3.050827393025680E-17  0.000000000000000E+00
  3.901171602858495E+02  4.953377544608264E+00  7.993162867729415E-01  2.505491909174653E-18  0.000000000000000E+00
  3.910875085796832E+02  4.960142310031453E+00  8.001630496715685E-01  6.949859915786561E-18  0.000000000000000E+00
  3.920577446184002E+02  4.966840112086460E+00  8.009811135079627E-01  2.821065234733829E-17  0.000000000000000E+00
  3.930278692009117E+02  4.973471989117929E+00  8.017713938447548E-01  2.960248610941965E-17  0.000000000000000E+00
  3.944828488216235E+02  4.983298417534108E+00  8.029066393381720E-01  4.424848489074029E-17  0.000000000000000E+00
  3.954526982049524E+02  4.989769894419399E+00  8.036312458750806E-01  6.187768426890636E-17  0.000000000000000E+00
  3.964224306530809E+02  4.996178871102955E+00  8.043310079314258E-01  3.696103440534540E-17  0.000000000000000E+00
  3.973920413401837E+02  5.002526263638877E+00  8.050066950995155E-01  1.068592275219257E-17  0.000000000000000E+00
  3.983615311272731E+02  5.008813007839363E+00  8.056590530442574E-01  9.343945469527762E-18  0.000000000000000E+00
  3.993309008664584E+02  5.015040021386388E+00  8.062888002719626E-01  1.429587618780073E-17  0.000000000000000E+00
  4.003001514010641E+02  5.021208204210398E+00  8.068966292161137E-01  1.252120173881045E-17  0.000000000000000E+00
  4.012692835657471E+02  5.027318438856547E+00  8.074832073006232E-01  3.329921613118823E-17  0.000000000000000E+00
  4.022382981866112E+02  5.033371590835748E+00  8.080491779824064E-01  3.058878309763638E-17  0.000000000000000E+00
  4.032071960813196E+02  5.039368508961283E+00  8.085951617687615E-01  5.802033734573862E-18  0.000000000000000E+00
  4.041759780592062E+02  5.045310025674251E+00  8.091217572013243E-01  6.158179968994728E-18  0.000000000000000E+00
  4.051446449213838E+02  5.051196957362398E+00  8.096295417975098E-01  2.287168779721167E-17  0.000000000000000E+00
  4.061131974608514E+02  5.057030104676794E+00  8.101190729420334E-01  1.566852193794231E-17  0.000000000000000E+00
  4.070816364625998E+02  5.062810252849756E+00  8.105908887244219E-01  3.110375222306516E-17  0.000000000000000E+00
  4.080499599855272E+02  5.068538155972805E+00  8.110455074142880E-01  5.474624444013812E-18  0.000000000000000E+00
  4.090181584146169E+02  5.074214509078811E+00  8.114834261422944E-01  2.666923558570728E-17  0.000000000000000E+00
  4.104702219729778E+02  5.082633996778830E+00  8.121100485447712E-01  7.145551253848179E-17  0.000000000000000E+00
  4.114381095354124E+02  5.088184685939122E+00  8.125083044860378E-01  1.050977236434025E-16  0.000000000000000E+00
  4.124058742362908E+02  5.093686361809043E+00  8.128914885048508E-01 -6.676105387685434E-17  0.000000000000000E+00
  4.133735169114180E+02  5.099139719663383E+00  8.132600310955400E-01 -5.904872849792735E-17  0.000000000000000E+00
  4.143410383882008E+02  5.104545441642328E+00  8.136143483896551E-01 -1.507410650370472E-17  0.000000000000000E+00
  4.153084394857566E+02  5.109904197037046E+00  8.139548427226404E-01 -4.583762784370285E-17  0.000000000000000E+00
  4.162757210150202E+02  5.115216642566137E+00  8.142819031814561E-01 -2.945097949865748E-17  0.000000000000000E+00
  4.172428837788494E+02  5.120483422644636E+00  8.145959061303204E-01 -4.270887113822426E-17  0.000000000000000E+00
  4.182099285721280E+02  5.125705169647425E+00  8.148972157119325E-01 -3.363787418021163E-17  0.000000000000000E+00
  4.191768561818678E+02  5.130882504168614E+00  8.151861843224816E-01 -1.339078932628114E-17  0.000000000000000E+00
  4.201436673873089E+02  5.136016035277942E+00  8.154631530601638E-01 -4.380487917031173E-17  0.000000000000000E+00
  4.211103583764004E+02  5.141106336688394E+00  8.157284507866153E-01 -1.812100161648739E-17  0.000000000000000E+00
  4.220769207345064E+02  5.146153947934207E+00  8.159823948254763E-01 -4.018997739615366E-18  0.000000000000000E+00
  4.230433553193313E+02  5.151159447290683E+00  8.162252953838467E-01 -1.029230567742165E-17  0.000000000000000E+00
  4.240096629800613E+02  5.156123402433831E+00  8.164574528997417E-01  1.054537960618943E-17  0.000000000000000E+00
  4.254588883254081E+02  5.163492656096124E+00  8.167861800940404E-01  1.524026447946912E-17  0.000000000000000E+00
  4.264248823361773E+02  5.168355166852246E+00  8.169927334812931E-01  4.480600798285492E-17  0.000000000000000E+00
  4.273907523294929E+02  5.173178040153871E+00  8.171895234479170E-01  5.073383217893658E-17  0.000000000000000E+00
  4.283564991175425E+02  5.177961798815910E+00  8.173768106997528E-01  4.007567150400912E-17  0.000000000000000E+00
  4.293221235045773E+02  5.182706956274306E+00  8.175548479866165E-01  3.578417096192779E-17  0.000000000000000E+00
  4.302876262870121E+02  5.187414016788075E+00  8.177238803938779E-01  4.695950864998466E-17  0.000000000000000E+00
  4.312530082535236E+02  5.192083475636978E+00  8.178841456206196E-01  4.197306313326950E-17  0.000000000000000E+00
  4.322182701851476E+02  5.196715819315359E+00  8.180358742441692E-01  7.110704831750677E-17  0.000000000000000E+00
  4.331834128553742E+02  5.201311525722513E+00  8.181792899713868E-01  6.256904439368246E-17  0.000000000000000E+00
  4.341484370302417E+02  5.205871064349561E+00  8.183146098776368E-01  4.718033037385045E-17  0.000000000000000E+00
  4.351133350509409E+02  5.210394857073917E+00  8.184420432872348E-01  8.089515043443357E-17  0.000000000000000E+00
  4.360781025265297E+02  5.214883334137855E+00  8.185617941608058E-01  7.783650383962416E-17  0.000000000000000E+00
  4.370427402982770E+02  5.219336942761377E+00  8.186740614001943E-01  9.483243800919931E-17  0.000000000000000E+00
  4.380072491992991E+02  5.223756122410821E+00  8.187790381036381E-01  9.037213725546727E-17  0.000000000000000E+00
  4.394537727208803E+02  5.230321280260279E+00  8.189232420634071E-01  6.310411373153501E-17  0.000000000000000E+00
  4.404179630373974E+02  5.234656260748300E+00  8.190108009305697E-01  7.087945243205511E-17  0.000000000000000E+00
  4.413820273363665E+02  5.238958291699745E+00  8.190917022266291E-01  9.603407152961696E-17  0.000000000000000E+00
  4.423459664154667E+02  5.243227779686887E+00  8.191661153090468E-01  7.215085957647117E-17  0.000000000000000E+00
  4.433097810647695E+02  5.247465124390840E+00  8.192342047461668E-01  3.266381471461076E-17  0.000000000000000E+00
  4.442734720668330E+02  5.251670718746011E+00  8.192961304783883E-01  1.559181966580751E-17  0.000000000000000E+00
  4.452370401967940E+02  5.255844949081520E+00  8.193520479720329E-01  1.471685180130879E-17  0.000000000000000E+00
  4.462004862224591E+02  5.259988195259703E+00  8.194021083662686E-01  1.324615828446802E-17  0.000000000000000E+00
  4.471638109043943E+02  5.264100830811662E+00  8.194464586136343E-01  2.259191735385772E-17  0.000000000000000E+00
  4.481270149960127E+02  5.268183223069823E+00  8.194852416148218E-01  2.035061101011063E-17  0.000000000000000E+00
  4.490900978710969E+02  5.272235727532211E+00  8.195185962575292E-01 -6.984893215151926E-19  0.000000000000000E+00
  4.500530502596080E+02  5.276258657900168E+00  8.195466571617518E-01 -2.708654307264574E-17  0.000000000000000E+00
  4.510158710076821E+02  5.280252356872486E+00  8.195695559830091E-01 -3.729119565036070E-17  0.000000000000000E+00
  4.524598570909443E+02  5.286188850333534E+00  8.195945048368578E-01 -5.504350642125402E-17  0.000000000000000E+00
  4.534223522992382E+02  5.290110969364580E+00  8.196050518516934E-01 -4.968799435639231E-17  0.000000000000000E+00
  4.543847186960762E+02  5.294005041297019E+00  8.196108706188822E-01 -5.762642333449045E-17  0.000000000000000E+00
  4.553469570727295E+02  5.297871392268502E+00  8.196120776995069E-01 -3.958997626689671E-17  0.000000000000000E+00
  4.563090682130793E+02  5.301710343180358E+00  8.196087865610191E-01 -5.445235070575187E-17  0.000000000000000E+00
  4.572710528937053E+02  5.305522209802942E+00  8.196011076748144E-01 -7.520049771064320E-17  0.000000000000000E+00
  4.582329118839750E+02  5.309307302878667E+00  8.195891486097144E-01 -6.889589940163794E-17  0.000000000000000E+00
  4.591946459461299E+02  5.313065928222797E+00  8.195730141215732E-01 -6.232734928304774E-17  0.000000000000000E+00
  4.601562558353717E+02  5.316798386822020E+00  8.195528062393270E-01 -6.898713600023781E-17  0.000000000000000E+00
  4.611177422999458E+02  5.320504974930754E+00  8.195286243478160E-01 -8.530113204212566E-17  0.000000000000000E+00
  4.620791060812251E+02  5.324185984165203E+00  8.195005652676890E-01 -8.163793897268437E-17  0.000000000000000E+00
  4.630403479137909E+02  5.327841701595108E+00  8.194687233326633E-01 -9.731969090723908E-17  0.000000000000000E+00
  4.640014685255142E+02  5.331472409833229E+00  8.194331904643249E-01 -1.056528497537956E-16  0.000000000000000E+00
  4.654429128620716E+02  5.336872146862602E+00  8.193731661263056E-01 -8.492230789298281E-17  0.000000000000000E+00
  4.664037101179319E+02  5.340441453400071E+00  8.193287933618011E-01 -8.222387723288975E-17  0.000000000000000E+00
  4.673643757911276E+02  5.343986659803916E+00  8.192810339537839E-01 -7.894521260962411E-17  0.000000000000000E+00
  4.683249106667326E+02  5.347508030911508E+00  8.192299700096040E-01 -5.868929766758957E-17  0.000000000000000E+00
  4.692853155226350E+02  5.351005827526810E+00  8.191756815774471E-01 -6.337995107822914E-17  0.000000000000000E+00
  4.702455911296225E+02  5.354480306497875E+00  8.191182467080078E-01 -2.719334651945593E-17  0.000000000000000E+00
  4.712057382514676E+02  5.357931720792644E+00  8.190577415136270E-01 -2.002556420348007E-17  0.000000000000000E+00
  4.721657576450104E+02  5.361360319573128E+00  8.189942402250643E-01 -1.039528349023721E-18  0.000000000000000E+00
  4.731256500602408E+02  5.364766348267928E+00  8.189278152461125E-01 -6.070487216285431E-18  0.000000000000000E+00
  4.740854162403792E+02  5.368150048643140E+00  8.188585372062336E-01 -1.749251550607179E-17  0.000000000000000E+00
  4.750450569219560E+02  5.371511658871637E+00  8.187864750114040E-01 -5.931653800063862E-18  0.000000000000000E+00
  4.760045728348898E+02  5.374851413600735E+00  8.187116958933074E-01 -1.535273160666901E-17  0.000000000000000E+00
  4.774436143437190E+02  5.379820571426310E+00  8.185945760626607E-01  1.922955986519778E-17  0.000000000000000E+00
  4.784028214857423E+02  5.383106691444375E+00  8.185132882133994E-01 -1.796521488896705E-17  0.000000000000000E+00
  4.793619063628732E+02  5.386371750404837E+00  8.184295062413192E-01  5.483318742548966E-19  0.000000000000000E+00
  4.803208696762158E+02  5.389615967885641E+00  8.183432904122574E-01  6.957949744973000E-17  0.000000000000000E+00
  4.812797096548501E+02  5.392839552007056E+00  8.182546997118579E-01  4.576648185479446E-17  0.000000000000000E+00
  4.822384175508554E+02  5.396042684717814E+00  8.181637922308429E-01  4.171017217601890E-17  0.000000000000000E+00
  4.831969934358753E+02  5.399225574935039E+00  8.180706242502015E-01  1.043096885645425E-17  0.000000000000000E+00
  4.841554380683055E+02  5.402388430883796E+00  8.179752506808943E-01 -2.553768312241439E-17  0.000000000000000E+00
  4.851137521997918E+02  5.405531457809664E+00  8.178777251400504E-01  2.014366083818946E-17  0.000000000000000E+00
  4.860719365753085E+02  5.408654858032808E+00  8.177780999873653E-01  8.667359111179985E-17  0.000000000000000E+00
  4.870299919332363E+02  5.411758831000893E+00  8.176764263601312E-01  2.553533907375590E-17  0.000000000000000E+00
  4.884668346613368E+02  5.416378793712292E+00  8.175201839752216E-01  4.409489608147917E-17  0.000000000000000E+00
  4.894245706631234E+02  5.419435052739169E+00  8.174136051668788E-01 -1.100467072620861E-17  0.000000000000000E+00
  4.903821801808210E+02  5.422472560693411E+00  8.173051477154959E-01 -7.778776289904576E-17  0.000000000000000E+00
  4.913396639240676E+02  5.425491504720184E+00  8.171948576595334E-01 -1.312794517825700E-16  0.000000000000000E+00
  4.922970225963138E+02  5.428492069362775E+00  8.170827799875052E-01 -4.304564979020895E-17  0.000000000000000E+00
  4.932542568948928E+02  5.431474436608344E+00  8.169689586661039E-01 -8.950885045801947E-17  0.000000000000000E+00
  4.942113675110903E+02  5.434438785932698E+00  8.168534366673964E-01 -8.183798270733705E-17  0.000000000000000E+00
  4.951683551302123E+02  5.437385294344128E+00  8.167362559951085E-01 -4.788847404277080E-17  0.000000000000000E+00
  4.961252204316527E+02  5.440314136426333E+00  8.166174577100354E-01 -1.108315667030505E-16  0.000000000000000E+00
  4.970819640889598E+02  5.443225484380479E+00  8.164970819546055E-01 -6.795014891846684E-17  0.000000000000000E+00
  4.980385867699015E+02  5.446119508066369E+00  8.163751679766575E-01 -8.785839640328650E-17  0.000000000000000E+00
  4.994732829455110E+02  5.450428389189051E+00  8.161894978167553E-01 -2.701324993303371E-18  0.000000000000000E+00
  5.004295826550048E+02  5.453279760838461E+00  8.160639068043815E-01 -2.875907487939245E-17  0.000000000000000E+00
  5.013857516843355E+02  5.456114350151620E+00  8.159369096419086E-01 -4.531395836705622E-17  0.000000000000000E+00
  5.023417907515246E+02  5.458932317759700E+00  8.158085419105775E-01 -7.394981186244123E-17  0.000000000000000E+00
  5.032977005684177E+02  5.461733822145642E+00  8.156788384056212E-01 -6.776175401041850E-17  0.000000000000000E+00
  5.042534818407548E+02  5.464519019680516E+00  8.155478331571577E-01 -6.863093437780831E-17  0.000000000000000E+00
  5.052091352682386E+02  5.467288064659114E+00  8.154155594503337E-01 -8.938594186775260E-17  0.000000000000000E+00
  5.061646615446026E+02  5.470041109334808E+00  8.152820498447448E-01 -9.156988956941119E-17  0.000000000000000E+00
  5.071200613576777E+02  5.472778303953692E+00  8.151473361931768E-01 -8.258680715968035E-17  0.000000000000000E+00
  5.080753353894584E+02  5.475499796788046E+00  8.150114496596874E-01 -8.424564773585537E-17  0.000000000000000E+00
  5.090304843161672E+02  5.478205734169112E+00  8.148744207370731E-01 -7.798836460152392E-17  0.000000000000000E+00
  5.104629745994266E+02  5.482235789175474E+00  8.146668004701692E-01 -3.924991206913010E-17  0.000000000000000E+00
  5.114178136846272E+02  5.484903465672712E+00  8.145270447263970E-01 -3.025782123973995E-17  0.000000000000000E+00
  5.123725299869981E+02  5.487556084048578E+00  8.143862482709203E-01 -8.614310760731499E-17  0.000000000000000E+00
  5.133271241575676E+02  5.490193782288198E+00  8.142444387771040E-01 -7.775234960436014E-17  0.000000000000000E+00
  5.142815968419334E+02  5.492816696604653E+00  8.141016433335652E-01 -7.142025037755067E-17  0.000000000000000E+00
  5.152359486803215E+02  5.495424961467730E+00  8.139578884584272E-01 -9.874390177421072E-17  0.000000000000000E+00
  5.161901803076448E+02  5.498018709632099E+00  8.138132001131698E-01 -7.420067399540168E-17  0.000000000000000E+00
  5.171442898854594E+02  5.500598065501674E+00  8.136676040227784E-01 -5.168606163079359E-17  0.000000000000000E+00
  5.180982693270913E+02  5.503163135200342E+00  8.135211261976849E-01 -4.856249849255432E-17  0.000000000000000E+00
  5.190521188753753E+02  5.505714045979254E+00  8.133737911360366E-01 -5.367922711926331E-17  0.000000000000000E+00
  5.200058392149014E+02  5.508250924681622E+00  8.132256227669072E-01 -6.618179747475890E-17  0.000000000000000E+00
  5.214361789412922E+02  5.512030206137816E+00  8.130018588750281E-01  2.964062429619391E-17  0.000000000000000E+00
  5.223895792167372E+02  5.514532549171247E+00  8.128517086658269E-01 -2.990258024319375E-17  0.000000000000000E+00
  5.233428526349933E+02  5.517021291670021E+00  8.127008050327335E-01  2.957487990344994E-17  0.000000000000000E+00
  5.242959998554786E+02  5.519496553488549E+00  8.125491697447137E-01  2.852417807854178E-17  0.000000000000000E+00
  5.252490215321848E+02  5.521958452994935E+00  8.123968241228871E-01  1.890118117751990E-17  0.000000000000000E+00
  5.262019183137352E+02  5.524407107094243E+00  8.122437890513502E-01  4.996535047334729E-17  0.000000000000000E+00
  5.271546908434436E+02  5.526842631251320E+00  8.120900849876477E-01  4.601531008039405E-17  0.000000000000000E+00
  5.281073397593711E+02  5.529265139513174E+00  8.119357319729194E-01  9.908051762224708E-17  0.000000000000000E+00
  5.290598656943824E+02  5.531674744530925E+00  8.117807496417420E-01  1.237030270293214E-16  0.000000000000000E+00
  5.300122692762018E+02  5.534071557581333E+00  8.116251572316798E-01  1.232355757707938E-16  0.000000000000000E+00
  5.314406465973403E+02  5.537643032310978E+00  8.113906658488667E-01  1.318691709461452E-16  0.000000000000000E+00
  5.323927470092315E+02  5.540008343449159E+00  8.112336298834804E-01  1.228274442414658E-16  0.000000000000000E+00
  5.333447272252693E+02  5.542361241566987E+00  8.110760481756647E-01  1.126177090477021E-16  0.000000000000000E+00
  5.342965878507143E+02  5.544701832012343E+00  8.109179382873518E-01  1.126864215047057E-16  0.000000000000000E+00
  5.352483294859796E+02  5.547030218870158E+00  8.107593174312457E-01  7.180133641687795E-17  0.000000000000000E+00
  5.361999521431427E+02  5.549346503562899E+00  8.106002025608980E-01  3.539411261371731E-17  0.000000000000000E+00
  5.371514480860484E+02  5.551650767587750E+00  8.104406114019964E-01  1.853855379249431E-18  0.000000000000000E+00
  5.381028157632699E+02  5.553943106535567E+00  8.102805605231269E-01 -5.500822611096480E-18  0.000000000000000E+00
  5.390540558212471E+02  5.556223620180003E+00  8.101200658617562E-01 -1.982169185657450E-17  0.000000000000000E+00
  5.400051689012237E+02  5.558492407112468E+00  8.099591430364581E-01 -1.706654427360057E-17  0.000000000000000E+00
  5.414316018275209E+02  5.561873812733205E+00  8.097169893932252E-01 -3.109063650292267E-17  0.000000000000000E+00
  5.423824002343368E+02  5.564113706623058E+00  8.095550624667577E-01 -1.962226563579083E-17  0.000000000000000E+00
  5.433330738673806E+02  5.566342209812571E+00  8.093927596408533E-01  2.237663773611944E-17  0.000000000000000E+00
  5.442836233451895E+02  5.568559415786795E+00  8.092300951920564E-01  1.195187970693868E-17  0.000000000000000E+00
  5.452340492814012E+02  5.570765416941640E+00  8.090670831177117E-01  1.104254932931680E-17  0.000000000000000E+00
  5.461843522848044E+02  5.572960304599837E+00  8.089037371423697E-01  4.316586886181753E-17  0.000000000000000E+00
  5.471345329593900E+02  5.575144169026585E+00  8.087400707239812E-01  4.761149426926526E-17  0.000000000000000E+00
  5.480845919044012E+02  5.577317099444922E+00  8.085760970598926E-01  6.536071960497570E-17  0.000000000000000E+00
  5.490345297143831E+02  5.579479184050845E+00  8.084118290926582E-01  5.175854769932807E-17  0.000000000000000E+00
  5.504592105903124E+02  5.582702165502794E+00  8.081649030234331E-01  1.545124683006312E-17  0.000000000000000E+00
  5.514088481334605E+02  5.584837514828344E+00  8.079999543003391E-01  5.648282476825312E-18  0.000000000000000E+00
  5.523583665861855E+02  5.586962319151351E+00  8.078347546464539E-01 -2.616784411488064E-17  0.000000000000000E+00
  5.533077665224845E+02  5.589076662226010E+00  8.076693159252227E-01 -6.334317120859881E-17  0.000000000000000E+00
  5.542570485119167E+02  5.591180626857917E+00  8.075036497743953E-01 -3.741449488354962E-17  0.000000000000000E+00
  5.552062131196487E+02  5.593274294917542E+00  8.073377676108643E-01  4.671876937941246E-18  0.000000000000000E+00
  5.561552609065001E+02  5.595357747353452E+00  8.071716806353784E-01  3.406917899552563E-18  0.000000000000000E+00
  5.571041873202392E+02  5.597431053056521E+00  8.070054006106249E-01  1.206888905325539E-17  0.000000000000000E+00
  5.580529875000366E+02  5.599494279571592E+00  8.068389391665305E-01  1.001333203813142E-17  0.000000000000000E+00
  5.590016620535463E+02  5.601547505609854E+00  8.066723069142644E-01  5.480837829972672E-17  0.000000000000000E+00
  5.604244396522049E+02  5.604608763791870E+00  8.064220609809256E-01  2.554124170046852E-17  0.000000000000000E+00
  5.613728027677428E+02  5.606637327256196E+00  8.062550468034517E-01 -6.231241142802142E-18  0.000000000000000E+00
  5.623210423470691E+02  5.608656158884910E+00  8.060878973798364E-01  2.408373917572603E-17  0.000000000000000E+00
  5.632691589770569E+02  5.610665333525888E+00  8.059206224393115E-01  2.231414203847884E-17  0.000000000000000E+00
  5.642171532400907E+02  5.612664925201079E+00  8.057532315273898E-01  4.497922742137014E-17  0.000000000000000E+00
  5.651650257141133E+02  5.614655007117928E+00  8.055857340099574E-01  1.192670313552603E-17  0.000000000000000E+00
  5.661127769726703E+02  5.616635651680585E+00  8.054181390772269E-01  6.502835479769284E-17  0.000000000000000E+00
  5.670604075849552E+02  5.618606930500942E+00  8.052504557475568E-01  3.638698871042980E-17  0.000000000000000E+00
  5.680079181158535E+02  5.620568914409476E+00  8.050826928711492E-01  5.760643479044183E-17  0.000000000000000E+00
  5.694289599848039E+02  5.623494615360081E+00  8.048309183620875E-01  5.252178414505885E-17  0.000000000000000E+00
  5.703761727557296E+02  5.625433666840076E+00  8.046629942670186E-01  8.707040924320043E-17  0.000000000000000E+00
  5.713232673890660E+02  5.627363665313601E+00  8.044950203275080E-01  5.754370149105114E-17  0.000000000000000E+00
  5.722702444308434E+02  5.629284678224169E+00  8.043270046799238E-01 -6.776297057901437E-18  0.000000000000000E+00
  5.732171044230171E+02  5.631196772290370E+00  8.041589553109469E-01 -3.578117642990444E-17  0.000000000000000E+00
  5.741638479035078E+02  5.633100013515604E+00  8.039908800606254E-01 -6.266682811302502E-17  0.000000000000000E+00
  5.751104754062418E+02  5.634994467197657E+00  8.038227866253532E-01 -4.732957199091511E-18  0.000000000000000E+00
  5.760569874611908E+02  5.636880197938110E+00  8.036546825607664E-01  1.085851387792043E-17  0.000000000000000E+00
  5.770033845944108E+02  5.638757269651610E+00  8.034865752845655E-01 -2.039054264704951E-17  0.000000000000000E+00
  5.784227602381765E+02  5.641556768439037E+00  8.032344251342131E-01  4.607415563006499E-18  0.000000000000000E+00
  5.793688566664846E+02  5.643412437122006E+00  8.030663438667403E-01 -2.502194973967144E-17  0.000000000000000E+00
  5.803148300805942E+02  5.645259646155559E+00  8.028982858968443E-01 -8.286646921768028E-17  0.000000000000000E+00
  5.812606810432637E+02  5.647098456831779E+00  8.027302580701370E-01 -6.126444896720322E-17  0.000000000000000E+00
  5.822064101130862E+02  5.648928929797801E+00  8.025622671047490E-01 -5.799150153639307E-17  0.000000000000000E+00
  5.831520178445314E+02  5.650751125064290E+00  8.023943195942576E-01 -9.023337421399850E-18  0.000000000000000E+00
  5.840975047879868E+02  5.652565102013790E+00  8.022264220104850E-01 -3.861466100696452E-17  0.000000000000000E+00
  5.850428714897984E+02  5.654370919408930E+00  8.020585807061832E-01 -3.481186758695237E-17  0.000000000000000E+00
  5.864606972747273E+02  5.657064473376757E+00  8.018069378843139E-01 -3.225996480851869E-17  0.000000000000000E+00
  5.874057657365298E+02  5.658850144976898E+00  8.016392643135801E-01  2.919176576893057E-17  0.000000000000000E+00
  5.883507158376460E+02  5.660627857925564E+00  8.014716683556375E-01  8.625959459242228E-17  0.000000000000000E+00
  5.892955481067238E+02  5.662397668293917E+00  8.013041558580004E-01  5.120046099236235E-17  0.000000000000000E+00
  5.902402630685841E+02  5.664159631576083E+00  8.011367325622027E-01  4.655348668964786E-17  0.000000000000000E+00
  5.911848612442583E+02  5.665913802696554E+00  8.009694041059342E-01  6.366950601911089E-17  0.000000000000000E+00
  5.921293431510250E+02  5.667660236017468E+00  8.008021760251073E-01  7.957546685612851E-17  0.000000000000000E+00
  5.930737093024468E+02  5.669398985345790E+00  8.006350537558709E-01  5.079546933739594E-17  0.000000000000000E+00
  5.940179602084064E+02  5.671130103940367E+00  8.004680426365656E-01  7.612165358396270E-17  0.000000000000000E+00
  5.954341215885127E+02  5.673712589380115E+00  8.002177458057880E-01  5.237773887037364E-17  0.000000000000000E+00
  5.963780865877239E+02  5.675424860613239E+00  8.000510352917194E-01  8.606674608003296E-17  0.000000000000000E+00
  5.973219380975935E+02  5.677129683301607E+00  7.998844538685641E-01  1.088738158890543E-16  0.000000000000000E+00
  5.982656766118793E+02  5.678827108322069E+00  7.997180064573730E-01  1.003024257638390E-16  0.000000000000000E+00
  5.992093026208503E+02  5.680517186040302E+00  7.995516978912662E-01  1.100770125670981E-16  0.000000000000000E+00
  6.001528147962910E+02  5.682199963083471E+00  7.993855331999542E-01  7.378418616841033E-17  0.000000000000000E+00
  6.010962065633477E+02  5.683875476332189E+00  7.992195181553369E-01  7.403559606773238E-17  0.000000000000000E+00
  6.020394779055653E+02  5.685543773976971E+00  7.990536574345617E-01  1.272541913323487E-16  0.000000000000000E+00
  6.034541602714978E+02  5.688032797533298E+00  7.988051655480186E-01  1.370754284237918E-16  0.000000000000000E+00
  6.043971328438761E+02  5.689683268067481E+00  7.986397101756550E-01  1.562574919753235E-16  0.000000000000000E+00
  6.053399868155136E+02  5.691326691255679E+00  7.984744245432353E-01  1.537180771762672E-16  0.000000000000000E+00
  6.062827226993338E+02  5.692963114102634E+00  7.983093128748567E-01  1.218162304175726E-16  0.000000000000000E+00
  6.072253410046595E+02  5.694592583148738E+00  7.981443793175675E-01  1.124883093977124E-16  0.000000000000000E+00
  6.081678422372477E+02  5.696215144475761E+00  7.979796279429772E-01  1.333003092245964E-16  0.000000000000000E+00
  6.091102268993233E+02  5.697830843712474E+00  7.978150627488061E-01  9.577036492218146E-17  0.000000000000000E+00
  6.100524954896134E+02  5.699439726040207E+00  7.976506876603754E-01  9.738335463447242E-17  0.000000000000000E+00
  6.114656818228991E+02  5.701840365575273E+00  7.974044898883398E-01  1.350637577085873E-16  0.000000000000000E+00
  6.124076623930027E+02  5.703432400411623E+00  7.972406067752483E-01  1.175233367630502E-16  0.000000000000000E+00
  6.133495286097989E+02  5.705017773028219E+00  7.970769269566839E-01  1.098582932443460E-16  0.000000000000000E+00
  6.142912809566819E+02  5.706596526659385E+00  7.969134540492721E-01  1.189057667276026E-16  0.000000000000000E+00
  6.152329199137272E+02  5.708168704121091E+00  7.967501916045842E-01  9.673521309158821E-17  0.000000000000000E+00
  6.161744459577226E+02  5.709734347815999E+00  7.965871431103418E-01  1.101323519566011E-16  0.000000000000000E+00
  6.171158595621989E+02  5.711293499738423E+00  7.964243119915926E-01  1.602148263154353E-16  0.000000000000000E+00
  6.180571611974610E+02  5.712846201479227E+00  7.962617016118488E-01  1.577982856564687E-16  0.000000000000000E+00
  6.194689047290116E+02  5.715163250000113E+00  7.960182071371281E-01  1.360699843508162E-16  0.000000000000000E+00
  6.204099284779218E+02  5.716700005642656E+00  7.958561629264173E-01  1.641590866423772E-16  0.000000000000000E+00
  6.213508418787117E+02  5.718230453563528E+00  7.956943507582435E-01  1.522045301198072E-16  0.000000000000000E+00
  6.222916453875376E+02  5.719754633596825E+00  7.955327737325912E-01  1.222307736013285E-16  0.000000000000000E+00
  6.232323375429290E+02  5.721272582112536E+00  7.953714351868829E-01  1.511848742695778E-16  0.000000000000000E+00
  6.241729121564522E+02  5.722784327571441E+00  7.952103391344102E-01  1.130370109384246E-16  0.000000000000000E+00
  6.251133694143278E+02  5.724289908433605E+00  7.950494885649639E-01  7.649277154084634E-17  0.000000000000000E+00
  6.260537098052464E+02  5.725789363285662E+00  7.948888863660724E-01  6.340231328077884E-17  0.000000000000000E+00
  6.274640023269802E+02  5.728027142808320E+00  7.946484549451770E-01  4.985878788280734E-17  0.000000000000000E+00
  6.284040526669562E+02  5.729511449073388E+00  7.944884859509403E-01  4.752034175458839E-17  0.000000000000000E+00
  6.293439878246184E+02  5.730989761543032E+00  7.943287750122541E-01  1.012513000079514E-16  0.000000000000000E+00
  6.302838082740560E+02  5.732462117199263E+00  7.941693247805718E-01  1.028206481296117E-16  0.000000000000000E+00
  6.312235144861968E+02  5.733928552678921E+00  7.940101378578567E-01  9.604014147604330E-17  0.000000000000000E+00
  6.321631069288361E+02  5.735389104277710E+00  7.938512167975617E-01  9.795632446960224E-17  0.000000000000000E+00
  6.331025860666666E+02  5.736843807954156E+00  7.936925641055675E-01  1.276168007507176E-16  0.000000000000000E+00
  6.340419523613065E+02  5.738292699333540E+00  7.935341822410839E-01  8.247930664553247E-17  0.000000000000000E+00
  6.354507912245847E+02  5.740455215466206E+00  7.932971225129636E-01  6.719826989995393E-17  0.000000000000000E+00
  6.363898774109083E+02  5.741889729811167E+00  7.931394281778081E-01  6.279788807718080E-17  0.000000000000000E+00
  6.373288523459026E+02  5.743318553978354E+00  7.929820129221778E-01  9.466849563186595E-17  0.000000000000000E+00
  6.382677164776989E+02  5.744741722140382E+00  7.928248790056257E-01  8.754327190696621E-17  0.000000000000000E+00
  6.392064702515062E+02  5.746159268157186E+00  7.926680286454775E-01  8.183216107139857E-17  0.000000000000000E+00
  6.401451141096387E+02  5.747571225579605E+00  7.925114640175642E-01  8.441746950781369E-17  0.000000000000000E+00
  6.410836484915416E+02  5.748977627652909E+00  7.923551872569292E-01  5.029855812587173E-17  0.000000000000000E+00
  6.420220738338173E+02  5.750378507320287E+00  7.921992004585169E-01  4.702937804479509E-17  0.000000000000000E+00
  6.434295083460725E+02  5.752469543639327E+00  7.919657684258945E-01  6.110057744788524E-17  0.000000000000000E+00
  6.443676629809936E+02  5.753856759466751E+00  7.918105154412949E-01  9.763051930797141E-19  0.000000000000000E+00
  6.453057100823804E+02  5.755238565859653E+00  7.916555594449978E-01  9.131207650562586E-19  0.000000000000000E+00
  6.462436500743588E+02  5.756614994443691E+00  7.915009023595780E-01 -1.516899226068032E-17  0.000000000000000E+00
  6.471814814687201E+02  5.757986073771584E+00  7.913465463536168E-01  1.429166759385966E-17  0.000000000000000E+00
  6.481191984595750E+02  5.759351825878941E+00  7.911924942033526E-01 -1.508927698183704E-17  0.000000000000000E+00
  6.490568013317085E+02  5.760712281492894E+00  7.910387477520939E-01 -3.010455058027480E-17  0.000000000000000E+00
  6.504629926594705E+02  5.762743101074729E+00  7.908087051465689E-01 -2.544188585005451E-17  0.000000000000000E+00
  6.514003122143686E+02  5.764090449178592E+00  7.906557306550174E-01 -1.596026959667670E-17  0.000000000000000E+00
  6.523375192266205E+02  5.765432607054370E+00  7.905030679385276E-01 -1.493662759221019E-17  0.000000000000000E+00
  6.532746141400912E+02  5.766769604458360E+00  7.903507186543463E-01 -5.015707423970017E-17  0.000000000000000E+00
  6.542115973958299E+02  5.768101470883379E+00  7.901986844260149E-01 -5.503900039018386E-17  0.000000000000000E+00
  6.551484694320959E+02  5.769428235561708E+00  7.900469668440258E-01 -4.343622224120923E-17  0.000000000000000E+00
  6.560852306843835E+02  5.770749927467993E+00  7.898955674664436E-01 -7.611288483945358E-17  0.000000000000000E+00
  6.570218815854470E+02  5.772066575322097E+00  7.897444878195080E-01 -7.933306360643103E-17  0.000000000000000E+00
  6.584266519684704E+02  5.774032151710791E+00  7.895184711059353E-01 -1.633083384802679E-17  0.000000000000000E+00
  6.593630288670136E+02  5.775336313437310E+00  7.893681972591574E-01 -3.453758412601581E-17  0.000000000000000E+00
  6.602992969077482E+02  5.776635529665299E+00  7.892182482423065E-01 -1.311228901780704E-17  0.000000000000000E+00
  6.612354565113993E+02  5.777929828002573E+00  7.890686254451938E-01  1.498524378113197E-17  0.000000000000000E+00
  6.621715080960844E+02  5.779219235817263E+00  7.889193302287109E-01  2.182068276442106E-17  0.000000000000000E+00
  6.631074520773360E+02  5.780503780240449E+00  7.887703639252990E-01  2.069525934408886E-17  0.000000000000000E+00
  6.640432888681247E+02  5.781783488168747E+00  7.886217278394111E-01  1.938699526398818E-17  0.000000000000000E+00
  6.654468439693206E+02  5.783694039899571E+00  7.883993956542453E-01  1.758052280497309E-17  0.000000000000000E+00
  6.663824145740917E+02  5.784961772747753E+00  7.882515906394421E-01  1.621835465961803E-17  0.000000000000000E+00
  6.673178794139488E+02  5.786224761429550E+00  7.881041201936362E-01  2.320657454561752E-17  0.000000000000000E+00
  6.682532388906117E+02  5.787483031817767E+00  7.879569855006583E-01  2.174692639288358E-17  0.000000000000000E+00
  6.691884934033601E+02  5.788736609564441E+00  7.878101877186516E-01  1.238236983220096E-17  0.000000000000000E+00
  6.701236433490552E+02  5.789985520103243E+00  7.876637279804574E-01  1.160526256172951E-17  0.000000000000000E+00
  6.710586891221604E+02  5.791229788651834E+00  7.875176073939916E-01  2.890610913099125E-18  0.000000000000000E+00
  6.724610579671637E+02  5.793087535309483E+00  7.872990655418483E-01  1.060224573067435E-17  0.000000000000000E+00
  6.733958319262753E+02  5.794320290588059E+00  7.871537993745266E-01  9.939408067409619E-18  0.000000000000000E+00
  6.743304953670139E+02  5.795548480475301E+00  7.870088771435243E-01  1.728642098163488E-17  0.000000000000000E+00
  6.752650487098840E+02  5.796772129401001E+00  7.868642998472162E-01  8.495433670322080E-18  0.000000000000000E+00
  6.761994923728491E+02  5.797991261589242E+00  7.867200684595523E-01  9.256858990716826E-21  0.000000000000000E+00
  6.771338267713541E+02  5.799205901060614E+00  7.865761839305664E-01  1.566262434276023E-17  0.000000000000000E+00
  6.780680523183476E+02  5.800416071634403E+00  7.864326471868482E-01  6.742767913795656E-18  0.000000000000000E+00
  6.790021694243040E+02  5.801621796930744E+00  7.862894591319952E-01  1.426450454014290E-17  0.000000000000000E+00
  6.804031426481763E+02  5.803422101164776E+00  7.860753327625262E-01  2.089056504811013E-17  0.000000000000000E+00
  6.813369904313226E+02  5.804616815317875E+00  7.859330202359871E-01  1.959640917382404E-17  0.000000000000000E+00
  6.822707311909180E+02  5.805807165326279E+00  7.857910593858242E-01  1.070819220776596E-17  0.000000000000000E+00
  6.832043653265674E+02  5.806993173939973E+00  7.856494510171703E-01  2.129570502958556E-18  0.000000000000000E+00
  6.841378932355179E+02  5.808174863721199E+00  7.855081959142847E-01  1.752490261810741E-18  0.000000000000000E+00
  6.850713153126791E+02  5.809352257046454E+00  7.853672948408861E-01  1.644380056488785E-18  0.000000000000000E+00
  6.860046319506433E+02  5.810525376108447E+00  7.852267485404749E-01  1.710030197784979E-17  0.000000000000000E+00
  6.874044100622430E+02  5.812277088557346E+00  7.850165958666966E-01  3.085185960619994E-17  0.000000000000000E+00
  6.883374648047798E+02  5.813439617865678E+00  7.848769396216576E-01  2.895551230134039E-17  0.000000000000000E+00
  6.892704154642315E+02  5.814597949165778E+00  7.847376405970297E-01  2.742087245120422E-17  0.000000000000000E+00
  6.902032624230072E+02  5.815752103847038E+00  7.845986994490324E-01  3.361679861213094E-17  0.000000000000000E+00
  6.911360060613065E+02  5.816902103125466E+00  7.844601168152568E-01  3.942970480859764E-17  0.000000000000000E+00
  6.920686467571375E+02  5.818047968045502E+00  7.843218933149304E-01  3.701599022320815E-17  0.000000000000000E+00
  6.930011848863361E+02  5.819189719481820E+00  7.841840295491703E-01  1.926840805709843E-17  0.000000000000000E+00
  6.943998005845439E+02  5.820894679104669E+00  7.839779096738909E-01  4.038027485817334E-17  0.000000000000000E+00
  6.953320839273548E+02  5.822026237060215E+00  7.838409477578185E-01  3.791706707672484E-17  0.000000000000000E+00
  6.962642660021176E+02  5.823153753281883E+00  7.837043475411479E-01  2.776096981141522E-17  0.000000000000000E+00
  6.971963471751186E+02  5.824277247902035E+00  7.835681095464975E-01  4.151203168307742E-17  0.000000000000000E+00
  6.981283238323681E+02  5.825396736118311E+00  7.834322348074696E-01  4.658339543484425E-17  0.000000000000000E+00
  6.990601931010093E+02  5.826512233924632E+00  7.832967242447685E-01  3.616157734987517E-17  0.000000000000000E+00
  7.004577965105599E+02  5.828178041853167E+00  7.830941422572657E-01  4.809711346366266E-17  0.000000000000000E+00
  7.013893990244648E+02  5.829283649852950E+00  7.829595441587538E-01  4.518205031667423E-17  0.000000000000000E+00
  7.023208955173375E+02  5.830385336008475E+00  7.828253118101816E-01  4.268418947472677E-17  0.000000000000000E+00
  7.032522863749379E+02  5.831483119562709E+00  7.826914456232171E-01  3.229345280816189E-17  0.000000000000000E+00
  7.041835719808485E+02  5.832577019607222E+00  7.825579459932616E-01  3.790886451519750E-17  0.000000000000000E+00
  7.051147527164931E+02  5.833667055083760E+00  7.824248132997449E-01  4.341946854486111E-17  0.000000000000000E+00
  7.060458289611554E+02  5.834753244785782E+00  7.822920479063988E-01  3.324258155793476E-17  0.000000000000000E+00
  7.074422482320209E+02  5.836375359261508E+00  7.820935892619513E-01  3.051321626432847E-17  0.000000000000000E+00
  7.083730648947085E+02  5.837452015789265E+00  7.819617436097066E-01  1.334738445067622E-17  0.000000000000000E+00
  7.093037783773094E+02  5.838524891173795E+00  7.818302664107899E-01  2.032303991875080E-17  0.000000000000000E+00
  7.102343890496962E+02  5.839594003559949E+00  7.816991579613934E-01  1.910256154324461E-17  0.000000000000000E+00
  7.111648972796983E+02  5.840659370952482E+00  7.815684185433220E-01  1.795646451990063E-17  0.000000000000000E+00
  7.120953034331186E+02  5.841721011217490E+00  7.814380484242012E-01  2.441021207822903E-17  0.000000000000000E+00
  7.130256078737509E+02  5.842778942083823E+00  7.813080478576769E-01  3.047425079073861E-17  0.000000000000000E+00
  7.144208746141209E+02  5.844358921708722E+00  7.811137404399766E-01  5.353408048844083E-17  0.000000000000000E+00
  7.153509263513445E+02  5.845407655754039E+00  7.809846647746230E-01  4.258768114440725E-17  0.000000000000000E+00
  7.162808776334738E+02  5.846452741390952E+00  7.808559594422606E-01  3.253456454423583E-17  0.000000000000000E+00
  7.172107288154649E+02  5.847494195747812E+00  7.807276246359244E-01  3.810136133616861E-17  0.000000000000000E+00
  7.181404802503541E+02  5.848532035823237E+00  7.805996605356571E-01  4.333414071920936E-17  0.000000000000000E+00
  7.190701322892739E+02  5.849566278487424E+00  7.804720673086755E-01  3.302467341344747E-17  0.000000000000000E+00
  7.204644247436710E+02  5.851110933928648E+00  7.802813731902615E-01  2.285516572310643E-17  0.000000000000000E+00
  7.213938298165199E+02  5.852136256040733E+00  7.801547077953118E-01  2.898628183161912E-17  0.000000000000000E+00
  7.223231367075957E+02  5.853158038794541E+00  7.800284137601553E-01  2.726639959616697E-17  0.000000000000000E+00
  7.232523457596554E+02  5.854176298498229E+00  7.799024911962046E-01  2.565002692356429E-17  0.000000000000000E+00
  7.241814573136364E+02  5.855191051338490E+00  7.797769402028761E-01  3.160714755213220E-17  0.000000000000000E+00
  7.251104672382357E+02  5.856202308519655E+00  7.796517614180496E-01  3.743825246774610E-17  0.000000000000000E+00
  7.260393736644851E+02  5.857210083646246E+00  7.795269551904203E-01  2.752782730965712E-17  0.000000000000000E+00
  7.274325400440808E+02  5.858715252308113E+00  7.793404445247479E-01  3.281624508280518E-17  0.000000000000000E+00
  7.283611893205139E+02  5.859714391753766E+00  7.792165699318900E-01  3.833865398490971E-17  0.000000000000000E+00
  7.292897363703518E+02  5.860710104401961E+00  7.790930680575630E-01  4.376099650153110E-17  0.000000000000000E+00
  7.302181815526216E+02  5.861702405779489E+00  7.789699389208433E-01  4.118417706533108E-17  0.000000000000000E+00
  7.311465252244539E+02  5.862691311299286E+00  7.788471825292018E-01  3.853421468841532E-17  0.000000000000000E+00
  7.320747677410986E+02  5.863676836261581E+00  7.787247988787037E-01  4.393821582753855E-17  0.000000000000000E+00
  7.330029094559403E+02  5.864658995855012E+00  7.786027879541970E-01  6.795825297193566E-17  0.000000000000000E+00
  7.343949337933005E+02  5.866125958132113E+00  7.784204703684032E-01  6.949930801472322E-17  0.000000000000000E+00
  7.353228250375855E+02  5.867099770031455E+00  7.782993911205611E-01  6.542658201148786E-17  0.000000000000000E+00
  7.362506167024396E+02  5.868070268859437E+00  7.781786844598442E-01  6.159583902636648E-17  0.000000000000000E+00
  7.371783091330382E+02  5.869037469316188E+00  7.780583503227133E-01  5.776754654755285E-17  0.000000000000000E+00
  7.381059026727721E+02  5.870001385996227E+00  7.779383886352965E-01  5.439106098912775E-17  0.000000000000000E+00
  7.390333976632630E+02  5.870962033389512E+00  7.778187993135292E-01  5.099032327132366E-17  0.000000000000000E+00
  7.404244561121486E+02  5.872396906009053E+00  7.776401133078578E-01  3.177222796109433E-17  0.000000000000000E+00
  7.413517062126392E+02  5.873349442902173E+00  7.775214544667393E-01  2.251676720346214E-17  0.000000000000000E+00
  7.422788589458287E+02  5.874298760414840E+00  7.774031676186745E-01  2.098244989490308E-17  0.000000000000000E+00
  7.432059146455480E+02  5.875244872579151E+00  7.772852526353300E-01  1.998470150818866E-17  0.000000000000000E+00
  7.441328736439348E+02  5.876187793328192E+00  7.771677093788683E-01  3.383107781152598E-17  0.000000000000000E+00
  7.450597362714467E+02  5.877127536497029E+00  7.770505377020586E-01  3.925517390819698E-17  0.000000000000000E+00
  7.464498502361013E+02  5.878531223312959E+00  7.768754765538093E-01  5.087770339777760E-17  0.000000000000000E+00
  7.473764733712717E+02  5.879463082425030E+00  7.767592331213492E-01  4.032748731608011E-17  0.000000000000000E+00
  7.483030012791286E+02  5.880391811621453E+00  7.766433606808397E-01  4.558951430053902E-17  0.000000000000000E+00
  7.492294342827317E+02  5.881317424307936E+00  7.765278590441146E-01  4.295154270698136E-17  0.000000000000000E+00
  7.501557727035324E+02  5.882239933797326E+00  7.764127280141918E-01  4.024753041693643E-17  0.000000000000000E+00
  7.510820168613857E+02  5.883159353310523E+00  7.762979673853679E-01  5.287342103665506E-17  0.000000000000000E+00
  7.520081670745631E+02  5.884075695977375E+00  7.761835769433194E-01  5.740327211957463E-17  0.000000000000000E+00
  7.533972115400682E+02  5.885444464077757E+00  7.760126854993541E-01  5.294355094428046E-17  0.000000000000000E+00
  7.543231169927506E+02  5.886353160437306E+00  7.758992208025263E-01  3.908416016012890E-17  0.000000000000000E+00
  7.552489234896725E+02  5.887258819297531E+00  7.757861261645765E-01  2.948548627757106E-17  0.000000000000000E+00
  7.561746313692403E+02  5.888161453473401E+00  7.756734013293570E-01  2.044423684051683E-17  0.000000000000000E+00
  7.571002409681819E+02  5.889061075692632E+00  7.755610460319691E-01  3.762425488082541E-17  0.000000000000000E+00
  7.580257526215598E+02  5.889957698596522E+00  7.754490599989311E-01  3.546390819974641E-17  0.000000000000000E+00
  7.594138371825812E+02  5.891297036678568E+00  7.752817727010700E-01  3.245668967060300E-17  0.000000000000000E+00
  7.603391054271374E+02  5.892186216040298E+00  7.751707085774339E-01  3.814391062230493E-17  0.000000000000000E+00
  7.612642768859214E+02  5.893072439662819E+00  7.750600126954775E-01  2.841644995732437E-17  0.000000000000000E+00
  7.621893518866613E+02  5.893955719808855E+00  7.749496847448534E-01  3.433023574099333E-17  0.000000000000000E+00
  7.631143307554895E+02  5.894836068659234E+00  7.748397244073728E-01  2.483174100714938E-17  0.000000000000000E+00
  7.640392138169559E+02  5.895713498313669E+00  7.747301313571161E-01  2.362969006193710E-17  0.000000000000000E+00
  7.654263594764416E+02  5.897024195573574E+00  7.745664297135997E-01  1.432552229485322E-17  0.000000000000000E+00
  7.663510044291291E+02  5.897894379649177E+00  7.744577534057507E-01  1.350877820391499E-17  0.000000000000000E+00
  7.672755546980875E+02  5.898761686250339E+00  7.743494431850702E-01  1.273919530998996E-17  0.000000000000000E+00
  7.682000106008917E+02  5.899626127121344E+00  7.742414986921412E-01  2.682988252897063E-17  0.000000000000000E+00
  7.691243724535997E+02  5.900487713929579E+00  7.741339195603676E-01  1.800681870510431E-17  0.000000000000000E+00
  7.700486405707634E+02  5.901346458266249E+00  7.740267054160599E-01  1.676865400065892E-17  0.000000000000000E+00
  7.714348676767706E+02  5.902629270307365E+00  7.738665677164368E-01  2.264940198134291E-17  0.000000000000000E+00
  7.723589028214586E+02  5.903480958683356E+00  7.737602643601430E-01  6.580020281068857E-18  0.000000000000000E+00
  7.732828453198390E+02  5.904329844567624E+00  7.736543246287864E-01 -1.288662508382745E-18  0.000000000000000E+00
  7.742066954798270E+02  5.905175939217523E+00  7.735487481178023E-01 -1.941217247706814E-17  0.000000000000000E+00
  7.751304536078933E+02  5.906019253818145E+00  7.734435344159828E-01 -1.831341164538415E-17  0.000000000000000E+00
  7.760541200090751E+02  5.906859799483013E+00  7.733386831055532E-01 -2.476264881152860E-17  0.000000000000000E+00
  7.774394482867091E+02  5.908115450362328E+00  7.731820846939182E-01 -4.139308739006598E-17  0.000000000000000E+00
  7.783628866959058E+02  5.908949121845929E+00  7.730781374917590E-01 -3.905627475341099E-17  0.000000000000000E+00
  7.792862344347125E+02  5.909780062737256E+00  7.729745511681099E-01 -2.938024913218023E-17  0.000000000000000E+00
  7.802094918018465E+02  5.910608283836082E+00  7.728713252765376E-01 -3.519335124605646E-17  0.000000000000000E+00
  7.811326590946493E+02  5.911433795874263E+00  7.727684593644305E-01 -4.067676096732031E-17  0.000000000000000E+00
  7.820557366090967E+02  5.912256609516373E+00  7.726659529730692E-01 -4.905233546592505E-17  0.000000000000000E+00
  7.834401768789864E+02  5.913485786284202E+00  7.725128673140628E-01 -4.517831363202123E-17  0.000000000000000E+00
  7.843630186933977E+02  5.914301889100377E+00  7.724112589522042E-01 -4.285066125184053E-17  0.000000000000000E+00
  7.852857661839889E+02  5.915115325489045E+00  7.723100090226814E-01 -5.513494980770421E-17  0.000000000000000E+00
  7.862084196650524E+02  5.915926105887374E+00  7.722091170358200E-01 -4.459481859771581E-17  0.000000000000000E+00
  7.871309794494315E+02  5.916734240667926E+00  7.721085824957531E-01 -3.486121564901234E-17  0.000000000000000E+00
  7.880534458485316E+02  5.917539740139256E+00  7.720084049005383E-01 -1.430808449161850E-17  0.000000000000000E+00
  7.894369710274723E+02  5.918743070535544E+00  7.718588066666608E-01 -1.312376714925771E-17  0.000000000000000E+00
  7.903592053164306E+02  5.919542026419132E+00  7.717595191986849E-01 -4.958250707876854E-18  0.000000000000000E+00
  7.912813472988551E+02  5.920338382578029E+00  7.716605868724521E-01 -4.890043975741440E-18  0.000000000000000E+00
  7.922033972798091E+02  5.921132149040119E+00  7.715620091599584E-01 -1.183324646233922E-17  0.000000000000000E+00
  7.931253555629750E+02  5.921923335772505E+00  7.714637855276614E-01 -1.838609887452586E-17  0.000000000000000E+00
  7.940472224506640E+02  5.922711952682081E+00  7.713659154365650E-01  1.184862500250835E-18  0.000000000000000E+00
  7.954298520736372E+02  5.923890081153335E+00  7.712197719974133E-01  1.529622486152373E-17  0.000000000000000E+00
  7.963514917863382E+02  5.924672316458437E+00  7.711227833661359E-01  2.504087753043228E-17  0.000000000000000E+00
  7.972730411509981E+02  5.925452016148723E+00  7.710261463477568E-01  3.496540526394305E-17  0.000000000000000E+00
  7.981945004638802E+02  5.926229189866982E+00  7.709298603796892E-01  2.582528709408701E-17  0.000000000000000E+00
  7.991158700199309E+02  5.927003847198802E+00  7.708339248943006E-01  1.719726504058817E-17  0.000000000000000E+00
  8.000371501127881E+02  5.927775997673096E+00  7.707383393189807E-01  1.624259988747060E-17  0.000000000000000E+00
  8.014189031477260E+02  5.928929543733110E+00  7.705956157727195E-01  2.928771466149822E-17  0.000000000000000E+00
  8.023399608587667E+02  5.929695468385356E+00  7.705009024353144E-01  3.484761399689599E-17  0.000000000000000E+00
  8.032609301241811E+02  5.930458919092460E+00  7.704065369655636E-01  1.835191690355896E-17  0.000000000000000E+00
  8.041818112318355E+02  5.931219905134684E+00  7.703125187692389E-01  9.953610478386979E-18  0.000000000000000E+00
  8.051026044683388E+02  5.931978435738433E+00  7.702188472474750E-01  9.608519541645109E-18  0.000000000000000E+00
  8.060233101190510E+02  5.932734520076733E+00  7.701255217968269E-01  9.077477813814015E-18  0.000000000000000E+00
  8.074042049929363E+02  5.933864079772431E+00  7.699861811730467E-01  8.740095649041021E-18  0.000000000000000E+00
  8.083246929195044E+02  5.934614088233219E+00  7.698937182305774E-01  2.279031474326081E-17  0.000000000000000E+00
  8.092450942493331E+02  5.935361682120824E+00  7.698015992119206E-01  2.889911653414506E-17  0.000000000000000E+00
  8.101654092622701E+02  5.936106870374051E+00  7.697098234937175E-01  3.446487142680450E-17  0.000000000000000E+00
  8.110856382369620E+02  5.936849661880952E+00  7.696183904483346E-01  3.992628983412165E-17  0.000000000000000E+00
  8.120057814508619E+02  5.937590065479281E+00  7.695272994439147E-01  3.752542391099989E-17  0.000000000000000E+00
  8.133858360742420E+02  5.938696212758254E+00  7.693913028716524E-01  4.162157440818571E-17  0.000000000000000E+00
  8.143057640283936E+02  5.939430683277867E+00  7.693010643642577E-01  3.933490901136446E-17  0.000000000000000E+00
  8.152256021106267E+02  5.940162792407347E+00  7.692111661108446E-01  3.717528834592275E-17  0.000000000000000E+00
  8.161453506150890E+02  5.940892548818792E+00  7.691216074579905E-01  3.513557156527434E-17  0.000000000000000E+00
  8.170650098346604E+02  5.941619961135878E+00  7.690323877479299E-01  3.300648492984458E-17  0.000000000000000E+00
  8.184443318924259E+02  5.942706703180871E+00  7.688991922512874E-01  3.726735869608294E-17  0.000000000000000E+00
  8.193637691728798E+02  5.943428292676756E+00  7.688108169928475E-01  2.789543033069971E-17  0.000000000000000E+00
  8.202831181836656E+02  5.944147567886040E+00  7.687227783421798E-01  1.588063958129575E-17  0.000000000000000E+00
  8.212023792120664E+02  5.944864537219814E+00  7.686350756231091E-01  1.501239891436263E-17  0.000000000000000E+00
  8.221215525441449E+02  5.945579209043084E+00  7.685477081555949E-01  1.419215168894502E-17  0.000000000000000E+00
  8.230406384647520E+02  5.946291591675179E+00  7.684606752558035E-01 -4.379463212962804E-18  0.000000000000000E+00
  8.244191040693037E+02  5.947355891477119E+00  7.683307517155679E-01 -1.094511948138341E-17  0.000000000000000E+00
  8.253379726995738E+02  5.948062587232298E+00  7.682445522190491E-01 -1.746023470938728E-17  0.000000000000000E+00
  8.262567549059237E+02  5.948767022560133E+00  7.681586848679577E-01 -9.399873033996794E-18  0.000000000000000E+00
  8.271754509678510E+02  5.949469205579406E+00  7.680731489622251E-01 -2.330104680803026E-17  0.000000000000000E+00
  8.280940611636860E+02  5.950169144365402E+00  7.679879437983436E-01 -3.644049990669138E-17  0.000000000000000E+00
  8.290125857705989E+02  5.950866846950313E+00  7.679030686694269E-01 -3.495845982668660E-17  0.000000000000000E+00
  8.303902128052167E+02  5.951909225415999E+00  7.677763732371315E-01 -4.654156245392437E-17  0.000000000000000E+00
  8.313085246449044E+02  5.952601372359549E+00  7.676923200813245E-01 -4.401451525346460E-17  0.000000000000000E+00
  8.322267518567451E+02  5.953291310880664E+00  7.676085944605647E-01 -4.871775306687255E-17  0.000000000000000E+00
  8.331448947127853E+02  5.953979048822198E+00  7.675251956534337E-01 -5.316474660174827E-17  0.000000000000000E+00
  8.340629534839539E+02  5.954664593985942E+00  7.674421229354259E-01 -4.319707208679974E-17  0.000000000000000E+00
  8.354398845714976E+02  5.955688817239524E+00  7.673181236832036E-01 -5.676066327260445E-17  0.000000000000000E+00
  8.363577343085298E+02  5.956368914325351E+00  7.672358629984835E-01 -4.641106050249666E-17  0.000000000000000E+00
  8.372755009002425E+02  5.957046845621392E+00  7.671539258435204E-01 -4.390105695021145E-17  0.000000000000000E+00
  8.381931846126239E+02  5.957722618749014E+00  7.670723114805202E-01 -3.445367793617313E-17  0.000000000000000E+00
  8.391107857105839E+02  5.958396241290447E+00  7.669910191688675E-01 -2.552062832192056E-17  0.000000000000000E+00
  8.400283044579609E+02  5.959067720789102E+00  7.669100481651675E-01 -2.434039672729891E-17  0.000000000000000E+00
  8.414044287462129E+02  5.960070938238514E+00  7.667891924791387E-01 -2.258955908200394E-17  0.000000000000000E+00
  8.423217427644590E+02  5.960737092881029E+00  7.667090214751436E-01 -2.843485148271055E-17  0.000000000000000E+00
  8.432389753472207E+02  5.961401130581923E+00  7.666291691559881E-01 -1.258527724006214E-17  0.000000000000000E+00
  8.441561267536010E+02  5.962063058714069E+00  7.665496347663266E-01 -4.653123253926185E-18  0.000000000000000E+00
  8.450731972416688E+02  5.962722884613330E+00  7.664704175482765E-01 -4.402739395236389E-18  0.000000000000000E+00
  8.464486518139341E+02  5.963708697732518E+00  7.663521847539758E-01  2.034701735581808E-17  0.000000000000000E+00
  8.473655211285472E+02  5.964363299903889E+00  7.662737571329523E-01  1.925374025780829E-17  0.000000000000000E+00
  8.482823094800144E+02  5.965015824562379E+00  7.661956440853113E-01  2.546220901677728E-17  0.000000000000000E+00
  8.491990137303169E+02  5.965666276482719E+00  7.661178451077056E-01  6.485449848181031E-18  0.000000000000000E+00
  8.501156339576468E+02  5.966314662707942E+00  7.660403594414297E-01  6.137582554894215E-18  0.000000000000000E+00
  8.510321704328269E+02  5.966960990383818E+00  7.659631863100369E-01  5.808564290606949E-18  0.000000000000000E+00
  8.524068187000707E+02  5.967926637662528E+00  7.658480109112903E-01  5.348136749182640E-18  0.000000000000000E+00
  8.533231469726168E+02  5.968567849997777E+00  7.657716157040475E-01  5.061849591310834E-18  0.000000000000000E+00
  8.542393924323858E+02  5.969207028518926E+00  7.656955302950499E-01  1.201605880346607E-17  0.000000000000000E+00
  8.551555553453670E+02  5.969844180215830E+00  7.656197538972285E-01  2.894344076985863E-17  0.000000000000000E+00
  8.560716359764945E+02  5.970479312044489E+00  7.655442857213290E-01  2.720248011058533E-17  0.000000000000000E+00
  8.574456032216725E+02  5.971428237668214E+00  7.654316596418685E-01  3.625941039313228E-17  0.000000000000000E+00
  8.583614793003831E+02  5.972058350039109E+00  7.653569585539651E-01  3.413066156327444E-17  0.000000000000000E+00
  8.592772740162901E+02  5.972686466625178E+00  7.652825629092055E-01  3.231033837680757E-17  0.000000000000000E+00
  8.601929876296585E+02  5.973312594233502E+00  7.652084719091909E-01  2.357347152199220E-17  0.000000000000000E+00
  8.611086203997328E+02  5.973936739638825E+00  7.651346847536314E-01  2.212432256930918E-17  0.000000000000000E+00
  8.620241725847437E+02  5.974558909583806E+00  7.650612006403952E-01  6.733606397702329E-18  0.000000000000000E+00
  8.633973503276688E+02  5.975488475184465E+00  7.649515409158238E-01 -9.956829332696735E-19  0.000000000000000E+00
  8.643127021731852E+02  5.976105735769561E+00  7.648788108873924E-01 -7.500633982199285E-19  0.000000000000000E+00
  8.652279743295528E+02  5.976721044244758E+00  7.648063810799741E-01 -7.102029985530116E-19  0.000000000000000E+00
  8.661431670505168E+02  5.977334407211560E+00  7.647342506837064E-01  6.326662942084924E-18  0.000000000000000E+00
  8.670582805888424E+02  5.977945831240810E+00  7.646624188871277E-01 -8.194954041180398E-18  0.000000000000000E+00
  8.684308029794115E+02  5.978859346075662E+00  7.645552292877821E-01 -7.738416384669943E-18  0.000000000000000E+00
  8.693457196606096E+02  5.979465951309384E+00  7.644841404301613E-01  1.062862874090942E-17  0.000000000000000E+00
  8.702605580362132E+02  5.980070640365498E+00  7.644133473201143E-01  9.873896007722204E-18  0.000000000000000E+00
  8.711753183546492E+02  5.980673419679843E+00  7.643428491394859E-01  2.351513694645776E-17  0.000000000000000E+00
  8.720900008633960E+02  5.981274295658928E+00  7.642726450687412E-01  2.944583046894253E-17  0.000000000000000E+00
  8.730046058089893E+02  5.981873274680143E+00  7.642027342870030E-01  2.090637530830953E-17  0.000000000000000E+00
  8.743763683334587E+02  5.982768200295498E+00  7.640984162324141E-01  5.123120045902807E-18  0.000000000000000E+00
  8.752907804436263E+02  5.983362464634189E+00  7.640292350733865E-01  4.852464772559345E-18  0.000000000000000E+00
  8.762051158461724E+02  5.983954854109968E+00  7.639603443202656E-01  1.157006609958995E-17  0.000000000000000E+00
  8.771193747834590E+02  5.984545374972063E+00  7.638917431465924E-01  2.509294673773987E-17  0.000000000000000E+00
  8.780335574969356E+02  5.985134033441833E+00  7.638234307247672E-01  1.283990837641197E-17  0.000000000000000E+00
  8.794046891734466E+02  5.986013542702105E+00  7.637215016886577E-01  4.872186220877428E-18  0.000000000000000E+00
  8.803186823777995E+02  5.986597572228574E+00  7.636539075185318E-01 -2.348226822272914E-18  0.000000000000000E+00
  8.812326001963058E+02  5.987179760921127E+00  7.635865991951731E-01  1.188810889064403E-17  0.000000000000000E+00
  8.821464428663738E+02  5.987760114878372E+00  7.635195758862783E-01  1.126249982645439E-17  0.000000000000000E+00
  8.830602106245276E+02  5.988338640172217E+00  7.634528367585925E-01  2.853621176761129E-17  0.000000000000000E+00
  8.844307223171544E+02  5.989203012586257E+00  7.633532590818339E-01  9.304652254647264E-18  0.000000000000000E+00
  8.853443038245614E+02  5.989776992612828E+00  7.632872267557382E-01  8.626949162823383E-18  0.000000000000000E+00
  8.862578092356292E+02  5.990349163765265E+00  7.632214758206006E-01  8.173996974647947E-18  0.000000000000000E+00
  8.871712368335800E+02  5.990919530793064E+00  7.631560055678629E-01  7.977570810712915E-19  0.000000000000000E+00
  8.880845868669929E+02  5.991488099658019E+00  7.630908151572038E-01  7.701015891761909E-18  0.000000000000000E+00
  8.894544670250683E+02  5.992337594378287E+00  7.629935524046501E-01  1.423355781246789E-17  0.000000000000000E+00
  8.903676242285401E+02  5.992901693750643E+00  7.629290579168557E-01  6.360205993341024E-18  0.000000000000000E+00
  8.912807047301636E+02  5.993464015625123E+00  7.628648403230984E-01 -1.872385538183057E-17  0.000000000000000E+00
  8.921937087743472E+02  5.994024565849271E+00  7.628008987793203E-01 -1.080861923235059E-17  0.000000000000000E+00
  8.931066366045866E+02  5.994583350245772E+00  7.627372324407677E-01  7.089797082683786E-18  0.000000000000000E+00
  8.940194884634700E+02  5.995140374612623E+00  7.626738404620393E-01 -2.119497372721879E-19  0.000000000000000E+00
  8.953886243339462E+02  5.995972623730182E+00  7.625792650678178E-01 -7.123454350250640E-18  0.000000000000000E+00
  8.963012873198562E+02  5.996525273228824E+00  7.625165552861418E-01 -1.386434098471656E-17  0.000000000000000E+00
  8.972138751763981E+02  5.997076182799066E+00  7.624541169008829E-01 -1.332766524819856E-17  0.000000000000000E+00
  8.981263881421399E+02  5.997625358130082E+00  7.623919490642359E-01 -1.263241800548761E-17  0.000000000000000E+00
  8.990388264547699E+02  5.998172804887338E+00  7.623300509279668E-01 -1.781167052242640E-18  0.000000000000000E+00
  9.004073444669211E+02  5.998990746282791E+00  7.622377075553092E-01  5.640534791647589E-18  0.000000000000000E+00
  9.013195971809274E+02  5.999533896238124E+00  7.621764799564901E-01 -1.931882028176747E-17  0.000000000000000E+00
  9.022317760668719E+02  6.000075337264705E+00  7.621155190863906E-01 -1.121490692220444E-17  0.000000000000000E+00
  9.031438813585434E+02  6.000615074923471E+00  7.620548240952981E-01 -3.721274148610498E-18  0.000000000000000E+00
  9.040559132888767E+02  6.001153114752601E+00  7.619943941332629E-01 -1.062167554244320E-17  0.000000000000000E+00
  9.054238241393249E+02  6.001957003124877E+00  7.619042442599359E-01 -1.652872357677515E-17  0.000000000000000E+00
  9.063356736798436E+02  6.002490822461448E+00  7.618444731507595E-01 -8.767206409613029E-18  0.000000000000000E+00
  9.072474506676413E+02  6.003022963175003E+00  7.617849640944251E-01 -8.312041094591643E-18  0.000000000000000E+00
  9.081591553318685E+02  6.003553430703242E+00  7.617257162403155E-01 -2.186378318363826E-17  0.000000000000000E+00
  9.090707879008474E+02  6.004082230461969E+00  7.616667287377500E-01 -2.762668187937970E-17  0.000000000000000E+00
  9.104381020731524E+02  6.004872314825827E+00  7.615787337821048E-01 -3.947928224736484E-17  0.000000000000000E+00
  9.113495553975214E+02  6.005396968712606E+00  7.615203934365165E-01 -3.035732068227898E-17  0.000000000000000E+00
  9.122609374193074E+02  6.005919973614968E+00  7.614623104650091E-01 -3.585979116042631E-17  0.000000000000000E+00
  9.131722483631580E+02  6.006441334852063E+00  7.614044840169740E-01 -4.089164412953544E-17  0.000000000000000E+00
  9.140834884529161E+02  6.006961057721977E+00  7.613469132418967E-01 -3.877605700158029E-17  0.000000000000000E+00
  9.154502162238165E+02  6.007737581626484E+00  7.612610346058821E-01 -3.562847798861288E-17  0.000000000000000E+00
  9.163612801524122E+02  6.008253231620597E+00  7.612040992930623E-01 -1.612475290727426E-17  0.000000000000000E+00
  9.172722740040886E+02  6.008767261626978E+00  7.611474166775355E-01 -8.228915985950726E-18  0.000000000000000E+00
  9.181831979991188E+02  6.009279676850670E+00  7.610909859095455E-01 -7.804051320601527E-18  0.000000000000000E+00
  9.190940523569943E+02  6.009790482476421E+00  7.610348061395805E-01 -1.427655604898403E-17  0.000000000000000E+00
  9.200048372964285E+02  6.010299683668828E+00  7.609788765183942E-01 -6.483394830228926E-18  0.000000000000000E+00
  9.213708850225346E+02  6.011060488393236E+00  7.608954492585813E-01 -6.167005378827924E-18  0.000000000000000E+00
  9.222814973676682E+02  6.011565700966337E+00  7.608401412958853E-01 -6.032298860695485E-18  0.000000000000000E+00
  9.231920410537891E+02  6.012069327025397E+00  7.607850805120899E-01  1.145010630473850E-18  0.000000000000000E+00
  9.241025162961595E+02  6.012571371645969E+00  7.607302660594708E-01  1.086064077389959E-18  0.000000000000000E+00
  9.250129233092848E+02  6.013071839884174E+00  7.606756970907096E-01  2.550674397447947E-17  0.000000000000000E+00
  9.263784063665190E+02  6.013819597537349E+00  7.605943020673589E-01  4.071454317968645E-17  0.000000000000000E+00
  9.272886437400658E+02  6.014316146813830E+00  7.605403431041118E-01  3.880406108965910E-17  0.000000000000000E+00
  9.281988133818639E+02  6.014811137118776E+00  7.604866266761200E-01  4.366656966864741E-17  0.000000000000000E+00
  9.291089129646681E+02  6.015304572048473E+00  7.604331520758685E-01  2.383284576818113E-17  0.000000000000000E+00
  9.300189421120350E+02  6.015796456251324E+00  7.603799184896290E-01  5.478134143098021E-18  0.000000000000000E+00
  9.313838542562090E+02  6.016531385781577E+00  7.603005181610216E-01  1.876602933043965E-17  0.000000000000000E+00
  9.322937082928122E+02  6.017019414814250E+00  7.602478834095608E-01  1.780371469599238E-17  0.000000000000000E+00
  9.332034926741560E+02  6.017505910388689E+00  7.601954867132248E-01  1.689113998285956E-17  0.000000000000000E+00
  9.341132076213688E+02  6.017990877397077E+00  7.601433272278176E-01  2.305119295314880E-17  0.000000000000000E+00
  9.350228533547953E+02  6.018474320713285E+00  7.600914041097384E-01  3.897634261471276E-17  0.000000000000000E+00
  9.363871926591721E+02  6.019196639381565E+00  7.600139607775328E-01  3.602238078480855E-17  0.000000000000000E+00
  9.372966663170340E+02  6.019676294671298E+00  7.599626248912112E-01  5.127372914925251E-17  0.000000000000000E+00
  9.382060715262015E+02  6.020154443184768E+00  7.599115224247535E-01  4.181583812958368E-17  0.000000000000000E+00
  9.391154085035412E+02  6.020631089714814E+00  7.598606525376165E-01  4.669309650253699E-17  0.000000000000000E+00
  9.400246774651569E+02  6.021106239036576E+00  7.598100143900159E-01  4.430732330546925E-17  0.000000000000000E+00
  9.413884538489593E+02  6.021816166156040E+00  7.597344898451495E-01  4.095699447439670E-17  0.000000000000000E+00
  9.422975537117502E+02  6.022287593233156E+00  7.596844273775352E-01  1.451876222248032E-17  0.000000000000000E+00
  9.432065863092306E+02  6.022757539677157E+00  7.596345937165483E-01  2.060397108742315E-17  0.000000000000000E+00
  9.441155518541191E+02  6.023226010184868E+00  7.595849880261301E-01  5.724822657530848E-18  0.000000000000000E+00
  9.450244505583925E+02  6.023693009436001E+00  7.595356094711153E-01  5.432980488652582E-18  0.000000000000000E+00
  9.463876737505306E+02  6.024390759901653E+00  7.594619656928142E-01 -1.796674490336040E-18  0.000000000000000E+00
  9.472964062758244E+02  6.024854101373703E+00  7.594131513285357E-01 -8.523173257881071E-18  0.000000000000000E+00
  9.482050726966274E+02  6.025315987834880E+00  7.593645611839533E-01  8.951312746032469E-18  0.000000000000000E+00
  9.491136732216199E+02  6.025776423889144E+00  7.593161944282041E-01 -8.988758330348902E-18  0.000000000000000E+00
  9.500222080587595E+02  6.026235414123892E+00  7.592680502314396E-01  5.273179428066596E-18  0.000000000000000E+00
  9.513848876028821E+02  6.026921198558890E+00  7.591962494216506E-01 -1.933944671497186E-18  0.000000000000000E+00
  9.522932591254910E+02  6.027376594206949E+00  7.591486579986079E-01  4.972755214517234E-18  0.000000000000000E+00
  9.532015656824552E+02  6.027830559962394E+00  7.591012862383675E-01 -9.072054207860755E-18  0.000000000000000E+00
  9.541098074785218E+02  6.028283100339298E+00  7.590541333158964E-01 -8.611439003425755E-18  0.000000000000000E+00
  9.550179847177332E+02  6.028734219835700E+00  7.590071984072868E-01 -8.174383763699711E-18  0.000000000000000E+00
  9.563801299770655E+02  6.029408244729600E+00  7.589372030208781E-01 -7.595996496534979E-19  0.000000000000000E+00
  9.572881467122327E+02  6.029855831599248E+00  7.588908095498627E-01 -7.698418348707267E-18  0.000000000000000E+00
  9.581960995991946E+02  6.030302013206557E+00  7.588446312181439E-01  1.013058934508993E-17  0.000000000000000E+00
  9.591039888388647E+02  6.030746793978530E+00  7.587986672070969E-01  2.643603829765604E-18  0.000000000000000E+00
  9.600118146314703E+02  6.031190178326621E+00  7.587529166993195E-01 -1.447527660133261E-17  0.000000000000000E+00
  9.613734347934486E+02  6.031852646166033E+00  7.586846894712731E-01 -1.339021573257525E-17  0.000000000000000E+00
  9.622811028399097E+02  6.032292558653342E+00  7.586394691537174E-01 -1.271274101782510E-17  0.000000000000000E+00
  9.631887081347408E+02  6.032731090035730E+00  7.585944594884039E-01 -2.582370575606074E-17  0.000000000000000E+00
  9.640962508751181E+02  6.033168244655783E+00  7.585496596636438E-01 -3.148213755252863E-17  0.000000000000000E+00
  9.650037312575491E+02  6.033604026841010E+00  7.585050688690664E-01 -3.685335392783795E-17  0.000000000000000E+00
  9.663648353382671E+02  6.034255136233110E+00  7.584385728393804E-01 -4.105617351742458E-17  0.000000000000000E+00
  9.672721606811864E+02  6.034687506165954E+00  7.583945010836515E-01 -4.576409673815934E-17  0.000000000000000E+00
  9.681794243487070E+02  6.035118518692734E+00  7.583506355323867E-01 -4.345439117986488E-17  0.000000000000000E+00
  9.690866265343614E+02  6.035548178074141E+00  7.583069753813274E-01 -4.803963827753325E-17  0.000000000000000E+00
  9.704473149560889E+02  6.036190139282934E+00  7.582418685242562E-01 -3.784915534693038E-17  0.000000000000000E+00
  9.713543642795029E+02  6.036616434345580E+00  7.581987183643041E-01 -3.594141344933273E-17  0.000000000000000E+00
  9.722613527932903E+02  6.037041391060544E+00  7.581557708007761E-01 -2.735856319560592E-17  0.000000000000000E+00
  9.731682806880675E+02  6.037465013623285E+00  7.581130250358309E-01 -9.054747768566161E-18  0.000000000000000E+00
  9.740751481538114E+02  6.037887306214972E+00  7.580704802730927E-01 -2.231262174081738E-17  0.000000000000000E+00
  9.754353364619959E+02  6.038518260518134E+00  7.580070382696966E-01 -1.388329033742162E-17  0.000000000000000E+00
  9.763420536821291E+02  6.038937246381732E+00  7.579649925380764E-01 -2.012573018584923E-17  0.000000000000000E+00
  9.772487111331471E+02  6.039354916796947E+00  7.579231450330881E-01 -2.205635216062245E-18  0.000000000000000E+00
  9.781553079424257E+02  6.039771275395253E+00  7.578814950100261E-01  1.160434635928970E-17  0.000000000000000E+00
  9.790618425650513E+02  6.040186325492929E+00  7.578400417537066E-01  1.102126331849066E-17  0.000000000000000E+00
  9.804215283309026E+02  6.040806456181343E+00  7.577782290839324E-01  7.775315728054005E-18  0.000000000000000E+00
  9.813279083495645E+02  6.041218252965828E+00  7.577372643010536E-01 -4.113603883552737E-17  0.000000000000000E+00
  9.822342268699435E+02  6.041628755564043E+00  7.576964935341474E-01 -3.907169287854297E-17  0.000000000000000E+00
  9.831404840872100E+02  6.042037968034794E+00  7.576559160007177E-01  1.138613840886808E-17  0.000000000000000E+00
  9.840466801958700E+02  6.042445894423237E+00  7.576155309198311E-01  1.081515259365368E-17  0.000000000000000E+00
  9.854058602040778E+02  6.043055381416922E+00  7.575553124426201E-01  8.818440775644733E-18  0.000000000000000E+00
  9.863119043878527E+02  6.043460110208139E+00  7.575154050869155E-01  8.376611249087299E-18  0.000000000000000E+00
  9.872178881386033E+02  6.043863566968536E+00  7.574756874630318E-01  6.733936078611891E-18  0.000000000000000E+00
  9.881238116478822E+02  6.044265755682662E+00  7.574361587972699E-01 -3.069858338305685E-17  0.000000000000000E+00
  9.890296751065939E+02  6.044666680321781E+00  7.573968183175743E-01 -2.794039923435208E-17  0.000000000000000E+00
  9.903883581158625E+02  6.045265705794461E+00  7.573381587621235E-01  6.731131020508739E-17  0.000000000000000E+00
  9.912940722791318E+02  6.045663487533782E+00  7.572992853807772E-01  6.272534304642018E-17  0.000000000000000E+00
  9.921997270549323E+02  6.046060018993873E+00  7.572605974964545E-01  1.067544786300246E-16  0.000000000000000E+00
  9.931053226312847E+02  6.046455304087032E+00  7.572220943446604E-01  5.426552044227722E-17  0.000000000000000E+00
  9.940108591955765E+02  6.046849346712639E+00  7.571837751626088E-01  5.155470842245103E-17  0.000000000000000E+00
  9.953690538027590E+02  6.047438089522636E+00  7.571266396684355E-01 -4.773143138787971E-17  0.000000000000000E+00
  9.962744436525874E+02  6.047829042954877E+00  7.570887770848490E-01 -4.534906612377636E-17  0.000000000000000E+00
  9.971797751412626E+02  6.048218767466505E+00  7.570510958148405E-01  4.198931759551889E-17  0.000000000000000E+00
  9.980850484533556E+02  6.048607266899507E+00  7.570135951034219E-01  8.820709595462549E-17  0.000000000000000E+00
  9.994428497426309E+02  6.049187727399997E+00  7.569576809364271E-01  8.169340907289066E-17  0.000000000000000E+00
  1.000000000000000E+03  6.049425106844360E+00  7.569345915295915E-01  6.777937778354505E-17  0.000000000000000E+00
